# Blender 4.2.2 LTS
# www.blender.org
mtllib bread.mtl
o Burger_Bread
v 0.315520 2.768835 0.287226
v 0.359570 2.780317 -0.011481
v 0.366675 2.619740 0.203553
v 0.422910 2.631454 0.044389
v 0.375776 2.623580 0.044687
v 0.407673 2.727906 -0.020362
v 0.293760 2.620246 -0.030661
v 0.277185 2.622527 -0.066977
v 0.198596 2.695934 -0.100788
v 0.322934 2.822217 0.088719
v 0.278881 2.805114 -0.017086
v 0.426837 2.626264 0.177845
v 0.392435 2.621380 0.217518
v 0.163251 2.793378 0.236712
v 0.442135 2.732775 0.016433
v 0.436887 2.740238 0.014480
v 0.416864 2.745303 0.006870
v 0.417832 2.741937 0.003749
v 0.359360 2.773957 -0.017072
v 0.348597 2.781825 -0.017368
v 0.350922 2.776190 -0.021720
v 0.085827 2.686202 -0.029605
v 0.083838 2.687374 -0.025680
v 0.417390 2.620362 0.191630
v 0.407355 2.623148 0.121189
v 0.410980 2.621454 0.119003
v 0.374759 2.618051 0.214378
v 0.368337 2.616433 0.224656
v 0.372298 2.618622 0.207724
v 0.369596 2.619573 0.203159
v 0.370427 2.619325 0.210587
v 0.452791 2.650460 0.177485
v 0.435656 2.674244 0.213103
v 0.436890 2.666502 0.208982
v 0.424158 2.633759 0.041327
v 0.418527 2.628793 0.034213
v 0.419961 2.632353 0.033958
v 0.364697 2.621465 0.044377
v 0.374433 2.624479 0.038117
v 0.366216 2.622182 0.039273
v 0.373515 2.624734 0.013483
v 0.409621 2.724980 -0.021310
v 0.409622 2.729721 -0.017953
v 0.413619 2.726273 -0.017887
v 0.297202 2.620769 -0.028940
v 0.293285 2.620274 -0.035338
v 0.298632 2.620749 -0.034533
v 0.149617 2.620758 0.146933
v 0.218861 2.623604 -0.041072
v 0.180824 2.620427 -0.015864
v 0.184171 2.619913 -0.023018
v 0.198511 2.622677 -0.032492
v 0.260165 2.619059 0.273070
v 0.276864 2.624385 -0.040950
v 0.292743 2.623580 -0.045137
v 0.269482 2.621885 -0.046430
v 0.272342 2.618667 -0.067633
v 0.289133 2.627456 -0.069209
v 0.286479 2.624867 -0.066109
v 0.281908 2.625786 -0.069020
v 0.282932 2.622464 -0.062582
v 0.206398 2.700064 -0.102212
v 0.322543 2.768871 -0.046198
v 0.289714 2.839410 0.136936
v 0.329060 2.822976 0.098469
v 0.287586 2.800941 -0.024175
v 0.264885 2.805711 -0.015281
v 0.197369 2.827604 0.065464
v 0.427857 2.627750 0.180792
v 0.429780 2.629517 0.182929
v 0.418875 2.618908 0.182276
v 0.420666 2.617958 0.176741
v 0.427800 2.618592 0.164781
v 0.421693 2.616333 0.162045
v 0.433206 2.627964 0.167307
v 0.435428 2.631924 0.169151
v 0.438705 2.634446 0.171164
v 0.441985 2.636984 0.172754
v 0.431831 2.631901 0.184896
v 0.439005 2.636990 0.191424
v 0.441133 2.641273 0.194351
v 0.408927 2.654906 0.234768
v 0.409253 2.662443 0.234955
v 0.394568 2.689057 0.256425
v 0.394494 2.702524 0.258491
v 0.373414 2.700596 0.275556
v 0.375417 2.712376 0.280896
v 0.374283 2.724803 0.283259
v 0.351137 2.722426 0.298893
v 0.348584 2.733503 0.298795
v 0.342477 2.732939 0.302594
v 0.346748 2.738628 0.297832
v 0.340751 2.737882 0.301513
v 0.327731 2.736693 0.308012
v 0.321574 2.753734 0.298750
v 0.310388 2.753964 0.301753
v 0.304878 2.754562 0.302611
v 0.287112 2.779034 0.283584
v 0.290842 2.785900 0.274946
v 0.268625 2.790961 0.271217
v 0.264858 2.783555 0.280643
v 0.257316 2.792818 0.269113
v 0.253274 2.785217 0.278548
v 0.218360 2.788800 0.268936
v 0.223663 2.796335 0.259432
v 0.226311 2.799830 0.254364
v 0.210888 2.801413 0.248013
v 0.208002 2.797808 0.252865
v 0.202088 2.790071 0.262201
v 0.203157 2.798414 0.250480
v 0.197070 2.790729 0.259895
v 0.176506 2.800257 0.234811
v 0.172977 2.793172 0.243775
v 0.169882 2.793341 0.241210
v 0.166943 2.793593 0.238973
v 0.161783 2.798404 0.226188
v 0.167412 2.799433 0.229204
v 0.167698 2.801916 0.224214
v 0.161729 2.800630 0.221034
v 0.172199 2.799856 0.232013
v 0.172931 2.802883 0.227310
v 0.177737 2.803470 0.230170
v 0.183205 2.815054 0.210436
v 0.177315 2.814221 0.207439
v 0.237981 2.833179 0.183555
v 0.243895 2.833007 0.185997
v 0.255566 2.838329 0.156772
v 0.260882 2.838137 0.160115
v 0.263842 2.838399 0.155733
v 0.258871 2.839178 0.152239
v 0.262135 2.839487 0.147744
v 0.266724 2.838926 0.151457
v 0.271746 2.839512 0.143179
v 0.273906 2.839150 0.139301
v 0.270848 2.838772 0.135076
v 0.268153 2.839827 0.138980
v 0.289296 2.840661 0.122987
v 0.283178 2.839337 0.127320
v 0.288014 2.840859 0.118741
v 0.282342 2.840059 0.123180
v 0.191512 2.825488 0.189101
v 0.185385 2.824728 0.185946
v 0.178946 2.824106 0.182657
v 0.164874 2.812082 0.200896
v 0.171156 2.813259 0.204227
v 0.282384 2.758857 0.303166
v 0.306770 2.736498 0.314131
v 0.313793 2.736345 0.312690
v 0.314672 2.731634 0.314895
v 0.329165 2.731916 0.309583
v 0.331750 2.721925 0.311875
v 0.345037 2.722191 0.303203
v 0.346430 2.711196 0.303104
v 0.353043 2.711135 0.298687
v 0.373492 2.688756 0.272987
v 0.388791 2.662210 0.253576
v 0.387368 2.655750 0.253406
v 0.408521 2.640746 0.232985
v 0.406914 2.631072 0.229819
v 0.405153 2.618041 0.189430
v 0.408238 2.617234 0.184902
v 0.389724 2.613424 0.178761
v 0.394084 2.614248 0.173070
v 0.397980 2.614924 0.168071
v 0.401202 2.615627 0.163228
v 0.389884 2.615007 0.170543
v 0.393442 2.616073 0.165354
v 0.396202 2.616345 0.160236
v 0.389350 2.616958 0.163333
v 0.391828 2.617936 0.158193
v 0.395507 2.621686 0.149183
v 0.400105 2.618354 0.150291
v 0.388250 2.619734 0.156865
v 0.391506 2.623880 0.147841
v 0.387627 2.622903 0.144716
v 0.383349 2.621339 0.141220
v 0.390902 2.623753 0.121674
v 0.381735 2.622653 0.113847
v 0.371560 2.621737 0.107294
v 0.384591 2.620834 0.090324
v 0.390787 2.620529 0.084976
v 0.366057 2.620591 0.072852
v 0.371226 2.620505 0.066478
v 0.355788 2.620154 0.063356
v 0.328071 2.617522 0.029334
v 0.338845 2.618634 0.012424
v 0.341995 2.619489 0.007394
v 0.323309 2.618253 0.006654
v 0.326904 2.618776 0.001273
v 0.333146 2.621124 -0.008777
v 0.322116 2.618402 -0.001036
v 0.328399 2.620848 -0.011539
v 0.331191 2.620356 -0.016453
v 0.335964 2.621530 -0.013394
v 0.350226 2.621838 -0.004444
v 0.347348 2.622582 -0.000628
v 0.368061 2.622864 0.033314
v 0.375480 2.623926 0.032143
v 0.391891 2.619595 0.026344
v 0.387397 2.621413 0.008918
v 0.384526 2.621855 0.003673
v 0.395894 2.624662 -0.005171
v 0.398668 2.626020 -0.000000
v 0.399819 2.631260 -0.001415
v 0.397907 2.629382 -0.006737
v 0.409413 2.625838 0.018417
v 0.394728 2.619749 0.031222
v 0.399313 2.619995 0.036238
v 0.405856 2.619568 0.042015
v 0.389372 2.623683 0.049046
v 0.397213 2.620942 0.080195
v 0.404842 2.621191 0.092384
v 0.398678 2.620978 0.095384
v 0.392835 2.621199 0.098933
v 0.400891 2.622611 0.109850
v 0.394861 2.623919 0.126044
v 0.398673 2.624865 0.129537
v 0.402832 2.623932 0.133366
v 0.405950 2.616729 0.153083
v 0.414949 2.615892 0.174122
v 0.411596 2.616423 0.180021
v 0.417944 2.619652 0.187117
v 0.430195 2.620087 0.140778
v 0.439115 2.623928 0.141960
v 0.446706 2.634510 0.141282
v 0.449544 2.644616 0.176120
v 0.466035 2.682969 0.174513
v 0.462185 2.686021 0.182884
v 0.470439 2.696662 0.170176
v 0.466522 2.699445 0.178921
v 0.455896 2.705137 0.194746
v 0.450690 2.707367 0.202295
v 0.458654 2.717603 0.191390
v 0.452490 2.719484 0.199071
v 0.447615 2.720825 0.207277
v 0.453465 2.731663 0.196005
v 0.448395 2.732956 0.204878
v 0.411162 2.748648 0.243395
v 0.398983 2.768106 0.236348
v 0.378785 2.765292 0.257755
v 0.341008 2.779323 0.265105
v 0.332088 2.785761 0.260817
v 0.327113 2.788537 0.258818
v 0.312887 2.781368 0.274654
v 0.293291 2.789062 0.270716
v 0.270881 2.794289 0.266322
v 0.259630 2.796277 0.264133
v 0.205995 2.802019 0.245625
v 0.226780 2.826666 0.205192
v 0.232518 2.826107 0.207348
v 0.278814 2.836926 0.168443
v 0.281280 2.837065 0.164449
v 0.283475 2.837458 0.160636
v 0.286848 2.839526 0.153380
v 0.288282 2.839016 0.149762
v 0.232344 2.836809 0.129430
v 0.227549 2.836329 0.134091
v 0.197165 2.831840 0.162104
v 0.202871 2.833397 0.165959
v 0.172434 2.823181 0.179060
v 0.129832 2.788610 0.207345
v 0.130602 2.785984 0.214286
v 0.134307 2.780779 0.227629
v 0.139807 2.776641 0.239661
v 0.143035 2.775156 0.245276
v 0.146734 2.773648 0.250252
v 0.150585 2.772335 0.254919
v 0.180959 2.769033 0.278144
v 0.187252 2.768732 0.281036
v 0.206341 2.768151 0.289054
v 0.245039 2.764862 0.299756
v 0.257880 2.763141 0.301489
v 0.307358 2.731910 0.316651
v 0.308291 2.722417 0.321041
v 0.316171 2.721880 0.318001
v 0.333118 2.711474 0.312380
v 0.346481 2.700190 0.301553
v 0.353306 2.699671 0.297452
v 0.352218 2.688265 0.296569
v 0.367372 2.665336 0.273994
v 0.384011 2.644255 0.252241
v 0.405438 2.627535 0.228304
v 0.400526 2.623605 0.224233
v 0.379582 2.631662 0.247128
v 0.381370 2.634979 0.250521
v 0.362573 2.647186 0.272761
v 0.365556 2.659011 0.274011
v 0.345931 2.688876 0.301677
v 0.331722 2.690913 0.311129
v 0.333190 2.701074 0.311758
v 0.316064 2.702235 0.319176
v 0.316993 2.712126 0.320103
v 0.308353 2.712492 0.323037
v 0.279360 2.737004 0.319720
v 0.279974 2.741592 0.316776
v 0.166524 2.747285 0.290048
v 0.169216 2.751635 0.287694
v 0.173819 2.746799 0.293754
v 0.176293 2.751190 0.291391
v 0.195370 2.745800 0.303730
v 0.197353 2.750347 0.301027
v 0.238087 2.742326 0.316955
v 0.239471 2.746958 0.313749
v 0.252207 2.740689 0.318626
v 0.253241 2.745218 0.315235
v 0.277936 2.727142 0.324296
v 0.276048 2.715689 0.325380
v 0.307033 2.702889 0.321294
v 0.307009 2.693336 0.322952
v 0.314907 2.692629 0.318449
v 0.339112 2.666487 0.298888
v 0.345292 2.665604 0.293894
v 0.336327 2.661080 0.297363
v 0.342316 2.659951 0.292479
v 0.359373 2.637435 0.268356
v 0.358740 2.631899 0.266158
v 0.377835 2.622783 0.237409
v 0.362570 2.616261 0.220073
v 0.357833 2.617146 0.215933
v 0.353800 2.617090 0.212339
v 0.345964 2.617381 0.206074
v 0.354392 2.618560 0.162680
v 0.328952 2.621604 0.151201
v 0.330839 2.621839 0.145310
v 0.332570 2.621687 0.139270
v 0.334365 2.621873 0.133215
v 0.319988 2.623184 0.133491
v 0.321820 2.623298 0.127632
v 0.325918 2.622088 0.115892
v 0.294903 2.621722 0.080308
v 0.304584 2.621763 0.064790
v 0.284467 2.624061 0.059390
v 0.288428 2.623544 0.054066
v 0.292430 2.622863 0.048678
v 0.277716 2.624287 0.056849
v 0.282197 2.624426 0.051768
v 0.286573 2.624551 0.046601
v 0.272738 2.621856 0.001684
v 0.277064 2.621133 -0.001876
v 0.271863 2.621265 -0.007630
v 0.285551 2.619238 -0.017953
v 0.290278 2.619885 -0.013300
v 0.280609 2.619094 -0.023755
v 0.285698 2.618699 -0.026503
v 0.290073 2.619303 -0.021376
v 0.276458 2.620634 -0.029599
v 0.281845 2.619529 -0.032608
v 0.299493 2.623835 -0.044146
v 0.305437 2.623443 -0.043158
v 0.303486 2.620776 -0.032932
v 0.301389 2.620669 -0.027099
v 0.294377 2.619394 -0.017563
v 0.305480 2.619143 0.021738
v 0.301230 2.620797 0.027142
v 0.297513 2.622789 0.032110
v 0.306646 2.620131 0.029254
v 0.302971 2.621691 0.034273
v 0.311742 2.621488 0.054626
v 0.308223 2.621852 0.059659
v 0.337041 2.621641 0.092038
v 0.338093 2.621354 0.120747
v 0.358746 2.620165 0.144144
v 0.357540 2.619568 0.150363
v 0.356062 2.618873 0.156448
v 0.368102 2.617338 0.161135
v 0.366092 2.617268 0.167548
v 0.376395 2.617446 0.210119
v 0.385615 2.614441 0.176259
v 0.382419 2.616015 0.174552
v 0.386208 2.616294 0.168696
v 0.380027 2.617526 0.173162
v 0.383193 2.617507 0.167252
v 0.385977 2.618256 0.161802
v 0.380412 2.618052 0.165929
v 0.382810 2.618482 0.160244
v 0.384712 2.619719 0.154839
v 0.379603 2.617778 0.158632
v 0.381435 2.618733 0.152856
v 0.372383 2.619825 0.136048
v 0.361330 2.621249 0.078836
v 0.348081 2.620919 0.074965
v 0.351820 2.620779 0.069344
v 0.321190 2.618497 0.039826
v 0.324551 2.617923 0.034746
v 0.310764 2.618850 0.023872
v 0.318395 2.618006 0.004485
v 0.335776 2.620198 -0.026132
v 0.341080 2.620776 -0.022568
v 0.355847 2.619726 -0.014577
v 0.376793 2.624437 0.010704
v 0.377862 2.623714 0.014976
v 0.373849 2.624468 0.016791
v 0.399088 2.633499 -0.007727
v 0.402048 2.639702 -0.008439
v 0.405905 2.639497 -0.010256
v 0.406926 2.635996 -0.005532
v 0.402930 2.635106 -0.002581
v 0.415853 2.643801 -0.017083
v 0.419507 2.641533 -0.010269
v 0.423178 2.647153 -0.012263
v 0.432941 2.647925 0.007478
v 0.428708 2.641911 0.010528
v 0.437378 2.647962 0.013532
v 0.443115 2.677257 0.005114
v 0.447378 2.678017 0.012451
v 0.451413 2.678869 0.019720
v 0.452354 2.692204 0.018580
v 0.465244 2.697588 0.047320
v 0.462957 2.713047 0.044414
v 0.466285 2.713847 0.059379
v 0.458087 2.726372 0.041964
v 0.463279 2.729443 0.055914
v 0.466616 2.728990 0.072424
v 0.452860 2.744768 0.053760
v 0.459062 2.743915 0.069609
v 0.461332 2.743245 0.078172
v 0.453864 2.751235 0.068839
v 0.456661 2.750242 0.077250
v 0.459647 2.749680 0.085918
v 0.463688 2.742644 0.087001
v 0.445544 2.769253 0.120673
v 0.413822 2.790704 0.153195
v 0.412346 2.790349 0.160467
v 0.400644 2.798255 0.154481
v 0.399295 2.797732 0.161439
v 0.395527 2.797136 0.175146
v 0.392643 2.801411 0.161849
v 0.388872 2.800700 0.175023
v 0.386398 2.800262 0.181389
v 0.393107 2.796732 0.181736
v 0.383688 2.800054 0.187623
v 0.355443 2.812490 0.184340
v 0.310902 2.821182 0.211121
v 0.298731 2.826443 0.207917
v 0.284373 2.819543 0.226128
v 0.237809 2.813847 0.234290
v 0.221812 2.814937 0.228008
v 0.216472 2.815324 0.225795
v 0.249784 2.825262 0.213944
v 0.261779 2.832496 0.193745
v 0.326726 2.831677 0.134282
v 0.326352 2.830977 0.111796
v 0.324729 2.829274 0.105431
v 0.272270 2.839302 0.094110
v 0.267931 2.840585 0.097492
v 0.250331 2.841031 0.112643
v 0.246092 2.840195 0.116418
v 0.246622 2.840492 0.108463
v 0.242424 2.839821 0.112091
v 0.233274 2.836814 0.120152
v 0.237030 2.838708 0.124747
v 0.228210 2.835666 0.125031
v 0.229465 2.836209 0.115227
v 0.224258 2.834163 0.120090
v 0.218697 2.832620 0.125465
v 0.223136 2.834051 0.130045
v 0.185456 2.831003 0.154384
v 0.191656 2.830703 0.158302
v 0.131684 2.801388 0.181140
v 0.127775 2.757444 0.252182
v 0.132430 2.755657 0.258004
v 0.123313 2.753052 0.252797
v 0.128380 2.751179 0.258732
v 0.162140 2.738049 0.293780
v 0.169499 2.737703 0.297932
v 0.191783 2.736342 0.308451
v 0.235820 2.732422 0.322134
v 0.250333 2.730439 0.323538
v 0.273811 2.704152 0.326906
v 0.310464 2.672153 0.318081
v 0.325040 2.670146 0.308126
v 0.323736 2.664967 0.308651
v 0.333118 2.649884 0.297760
v 0.339100 2.648503 0.291988
v 0.334899 2.640867 0.288723
v 0.356312 2.621967 0.258988
v 0.349491 2.617318 0.247967
v 0.344991 2.616041 0.242504
v 0.340359 2.616056 0.237931
v 0.335625 2.615911 0.199014
v 0.316282 2.622619 0.145069
v 0.318133 2.622736 0.139287
v 0.285957 2.623705 0.100444
v 0.272898 2.625213 0.073856
v 0.264861 2.625487 0.070675
v 0.268177 2.621536 0.005605
v 0.263121 2.620725 0.000154
v 0.267432 2.620980 -0.003918
v 0.257665 2.620800 -0.005273
v 0.261769 2.621341 -0.009469
v 0.266235 2.621241 -0.013344
v 0.256155 2.622054 -0.014721
v 0.260865 2.621626 -0.018563
v 0.270395 2.625804 -0.036192
v 0.263120 2.621540 -0.042541
v 0.257299 2.619094 -0.046718
v 0.263945 2.618711 -0.049576
v 0.251427 2.619974 -0.052165
v 0.257994 2.618613 -0.054554
v 0.253898 2.616487 -0.060099
v 0.250439 2.618031 -0.073984
v 0.270254 2.625533 -0.084235
v 0.271760 2.621987 -0.078261
v 0.274848 2.627189 -0.084573
v 0.275894 2.624214 -0.079083
v 0.279673 2.629303 -0.083976
v 0.280395 2.625917 -0.079681
v 0.290435 2.631552 -0.083380
v 0.290632 2.628718 -0.078922
v 0.301817 2.632403 -0.075588
v 0.300602 2.627943 -0.067717
v 0.298724 2.624040 -0.063939
v 0.306184 2.628181 -0.065066
v 0.304801 2.623670 -0.061725
v 0.303191 2.621508 -0.057814
v 0.296357 2.621917 -0.059544
v 0.311762 2.628234 -0.062554
v 0.310900 2.624110 -0.059320
v 0.309568 2.622008 -0.055715
v 0.342258 2.622964 -0.041585
v 0.347021 2.623696 -0.038676
v 0.363101 2.626202 -0.030134
v 0.418873 2.648240 -0.019553
v 0.437932 2.677051 -0.000469
v 0.437988 2.689680 -0.001091
v 0.444372 2.690290 0.004242
v 0.448257 2.691084 0.011581
v 0.447264 2.702080 0.012334
v 0.450467 2.704534 0.018897
v 0.447858 2.743980 0.039695
v 0.441581 2.753131 0.039041
v 0.446681 2.752653 0.053346
v 0.430006 2.776296 0.069666
v 0.433890 2.775064 0.077756
v 0.437531 2.773712 0.086113
v 0.415744 2.792842 0.124011
v 0.394027 2.801817 0.155079
v 0.360431 2.812721 0.173295
v 0.357963 2.812481 0.178777
v 0.324615 2.832080 0.161279
v 0.325892 2.832041 0.155563
v 0.337267 2.823893 0.156006
v 0.339321 2.824995 0.134492
v 0.338588 2.825778 0.113290
v 0.335026 2.823698 0.107046
v 0.268889 2.838454 0.090502
v 0.265381 2.839058 0.086838
v 0.260736 2.838515 0.089910
v 0.264341 2.839390 0.093766
v 0.243098 2.840488 0.104076
v 0.239593 2.841157 0.099285
v 0.235078 2.841308 0.102372
v 0.238891 2.839694 0.107450
v 0.225669 2.836664 0.109906
v 0.220078 2.834553 0.115033
v 0.214280 2.832582 0.120454
v 0.141237 2.814198 0.157022
v 0.108289 2.774339 0.200679
v 0.103326 2.770406 0.199541
v 0.104880 2.767230 0.207765
v 0.109697 2.771391 0.208725
v 0.109721 2.761467 0.223737
v 0.114222 2.765735 0.224211
v 0.115635 2.757042 0.239086
v 0.120165 2.761363 0.239167
v 0.119145 2.755011 0.246142
v 0.123651 2.759504 0.246017
v 0.110842 2.745566 0.246307
v 0.115726 2.743391 0.253142
v 0.121062 2.741709 0.259937
v 0.114659 2.732395 0.261606
v 0.158633 2.728234 0.296959
v 0.166064 2.727841 0.301355
v 0.188646 2.726288 0.312055
v 0.233682 2.721720 0.325603
v 0.248495 2.719608 0.327204
v 0.246111 2.708315 0.329655
v 0.272346 2.692665 0.329763
v 0.302502 2.672566 0.321470
v 0.300577 2.667380 0.319825
v 0.308397 2.667040 0.317044
v 0.304271 2.656957 0.313347
v 0.318700 2.655618 0.306431
v 0.315089 2.647929 0.301643
v 0.327800 2.642930 0.293370
v 0.326157 2.639308 0.291516
v 0.332776 2.637956 0.286126
v 0.330628 2.628722 0.282641
v 0.336067 2.617534 0.234241
v 0.328208 2.617658 0.228555
v 0.319185 2.616103 0.221542
v 0.312667 2.619461 0.184528
v 0.280573 2.623685 0.116345
v 0.282308 2.623955 0.110925
v 0.264028 2.624327 0.092456
v 0.246089 2.622979 0.029509
v 0.250641 2.622098 0.024155
v 0.255097 2.621683 0.019155
v 0.245554 2.621656 0.019292
v 0.249912 2.621374 0.014040
v 0.244596 2.620631 0.009554
v 0.252144 2.621746 -0.010322
v 0.242746 2.626649 -0.017750
v 0.247907 2.628430 -0.023013
v 0.252781 2.626315 -0.026889
v 0.244503 2.622474 -0.033456
v 0.238546 2.620938 -0.037944
v 0.231947 2.619158 -0.042767
v 0.247810 2.616391 -0.057727
v 0.244434 2.616877 -0.072759
v 0.243400 2.620214 -0.079437
v 0.249207 2.621147 -0.081254
v 0.246444 2.634392 -0.091451
v 0.267370 2.641099 -0.094176
v 0.273082 2.642140 -0.093063
v 0.278109 2.643392 -0.090900
v 0.288306 2.643728 -0.089005
v 0.300809 2.643852 -0.087090
v 0.302737 2.634240 -0.081057
v 0.308521 2.635773 -0.078276
v 0.307496 2.634314 -0.073224
v 0.314330 2.636965 -0.076100
v 0.313570 2.634272 -0.071291
v 0.345739 2.630732 -0.049485
v 0.344649 2.626126 -0.046414
v 0.350481 2.631372 -0.045934
v 0.349326 2.627028 -0.043080
v 0.367504 2.631990 -0.036899
v 0.365649 2.628587 -0.034184
v 0.371656 2.636449 -0.042954
v 0.374457 2.638539 -0.046883
v 0.380511 2.645689 -0.054131
v 0.418431 2.673534 -0.024932
v 0.425161 2.674235 -0.019938
v 0.424772 2.685549 -0.021235
v 0.438745 2.698714 -0.000963
v 0.443714 2.699895 0.005314
v 0.442539 2.711431 0.005677
v 0.445524 2.714171 0.012146
v 0.448150 2.716769 0.018522
v 0.439727 2.728254 0.010616
v 0.436876 2.724263 0.004733
v 0.433661 2.730151 0.002376
v 0.436113 2.734739 0.008347
v 0.423027 2.736646 0.001715
v 0.423584 2.740489 0.006377
v 0.422669 2.744906 0.009844
v 0.412854 2.779453 0.038848
v 0.390385 2.802022 0.060804
v 0.398475 2.800251 0.075705
v 0.403140 2.799172 0.083572
v 0.386046 2.807863 0.079807
v 0.390717 2.806582 0.087396
v 0.395031 2.804840 0.095298
v 0.379824 2.811057 0.082295
v 0.384510 2.809848 0.089757
v 0.388735 2.807964 0.097489
v 0.368307 2.814916 0.132280
v 0.336232 2.823977 0.161278
v 0.333495 2.825179 0.171645
v 0.331535 2.824828 0.176317
v 0.322523 2.832191 0.170134
v 0.320785 2.832373 0.175161
v 0.317635 2.830933 0.178590
v 0.329517 2.825055 0.181230
v 0.364470 2.813308 0.162020
v 0.365858 2.813620 0.156163
v 0.396234 2.803238 0.127365
v 0.402783 2.800056 0.126208
v 0.407152 2.797413 0.091758
v 0.421816 2.778751 0.053931
v 0.298035 2.830351 0.069582
v 0.261309 2.838565 0.082621
v 0.256923 2.837741 0.085682
v 0.157243 2.824345 0.131269
v 0.116828 2.799777 0.140222
v 0.102456 2.783185 0.166078
v 0.108282 2.786944 0.168440
v 0.093604 2.762048 0.197349
v 0.095493 2.758800 0.206217
v 0.100655 2.752971 0.223251
v 0.107031 2.747843 0.238858
v 0.099258 2.737643 0.238476
v 0.103963 2.735234 0.245871
v 0.108769 2.733784 0.253883
v 0.103505 2.723437 0.255055
v 0.110055 2.722393 0.263254
v 0.155967 2.717853 0.299392
v 0.163595 2.717304 0.303522
v 0.186129 2.715607 0.314210
v 0.231153 2.710892 0.328753
v 0.243520 2.696846 0.331497
v 0.270020 2.671366 0.327250
v 0.269344 2.666399 0.325081
v 0.297228 2.656983 0.315772
v 0.294570 2.648483 0.308695
v 0.301461 2.648457 0.307201
v 0.300994 2.643924 0.304973
v 0.313575 2.643412 0.299466
v 0.312424 2.631743 0.296240
v 0.324691 2.629950 0.287660
v 0.320410 2.622123 0.278437
v 0.326443 2.620704 0.274092
v 0.324713 2.618165 0.268784
v 0.322961 2.617293 0.263393
v 0.320865 2.617022 0.258373
v 0.301078 2.620010 0.177912
v 0.277002 2.624152 0.127198
v 0.278730 2.623394 0.121765
v 0.259712 2.626440 0.108250
v 0.260972 2.625655 0.102924
v 0.254233 2.626641 0.100091
v 0.256865 2.625437 0.089426
v 0.233502 2.626096 0.048245
v 0.241141 2.622317 0.025066
v 0.235916 2.621178 0.021207
v 0.240386 2.620550 0.015328
v 0.230533 2.620854 0.017530
v 0.234935 2.620035 0.011496
v 0.239345 2.620770 0.005709
v 0.228455 2.619978 -0.001252
v 0.233764 2.624415 -0.024925
v 0.238934 2.624448 -0.029684
v 0.228725 2.621299 -0.029523
v 0.233164 2.623170 -0.034629
v 0.226900 2.623371 -0.040161
v 0.210304 2.618208 -0.014316
v 0.214274 2.617864 -0.052260
v 0.218181 2.618635 -0.056093
v 0.221720 2.621628 -0.045154
v 0.221970 2.617779 -0.059272
v 0.225331 2.622213 -0.046155
v 0.226600 2.617295 -0.062941
v 0.229228 2.618363 -0.047973
v 0.226275 2.616011 -0.069726
v 0.240867 2.631455 -0.089963
v 0.239909 2.639883 -0.093453
v 0.245315 2.643415 -0.095029
v 0.266634 2.649384 -0.096820
v 0.272163 2.650316 -0.095535
v 0.277261 2.651362 -0.093653
v 0.287515 2.651374 -0.092052
v 0.299639 2.650313 -0.089626
v 0.305737 2.651284 -0.087588
v 0.307210 2.645007 -0.085588
v 0.312557 2.651994 -0.086909
v 0.313597 2.646105 -0.083898
v 0.349441 2.636890 -0.057052
v 0.354543 2.637051 -0.053131
v 0.382669 2.651104 -0.056849
v 0.418230 2.684546 -0.026768
v 0.417906 2.694020 -0.026594
v 0.424490 2.694496 -0.021284
v 0.438853 2.709275 -0.000929
v 0.434028 2.720595 -0.000880
v 0.431087 2.726162 -0.003144
v 0.421265 2.733570 -0.003671
v 0.416402 2.736726 -0.005042
v 0.417689 2.739366 -0.000330
v 0.384901 2.765599 -0.002820
v 0.386526 2.767177 0.002885
v 0.389387 2.769495 0.007790
v 0.383541 2.802721 0.045679
v 0.371164 2.808107 0.051934
v 0.377537 2.808377 0.065679
v 0.371402 2.811308 0.068397
v 0.359182 2.818390 0.100153
v 0.363968 2.817596 0.107150
v 0.353929 2.818985 0.093519
v 0.345630 2.820053 0.081868
v 0.340137 2.820719 0.071508
v 0.301319 2.826504 0.055394
v 0.305855 2.826085 0.059672
v 0.293568 2.830839 0.065739
v 0.288295 2.831246 0.062196
v 0.282606 2.829858 0.059703
v 0.221692 2.833573 0.066278
v 0.215734 2.833809 0.069994
v 0.204513 2.832634 0.080166
v 0.197713 2.832843 0.086374
v 0.192037 2.831950 0.092730
v 0.133084 2.810804 0.114163
v 0.125967 2.806553 0.109903
v 0.110801 2.795100 0.136768
v 0.098019 2.785722 0.130347
v 0.091883 2.774332 0.161625
v 0.084570 2.753203 0.195631
v 0.086843 2.749821 0.204898
v 0.092555 2.743241 0.222559
v 0.093217 2.726768 0.238269
v 0.097786 2.724870 0.246723
v 0.093602 2.713664 0.247774
v 0.100030 2.712672 0.256621
v 0.107130 2.711987 0.265038
v 0.153510 2.707197 0.301324
v 0.161220 2.706481 0.305458
v 0.183935 2.704552 0.315843
v 0.228694 2.699358 0.330251
v 0.238968 2.673068 0.328056
v 0.268167 2.656412 0.320097
v 0.294085 2.643700 0.306407
v 0.293398 2.632820 0.303336
v 0.300185 2.632693 0.301817
v 0.309966 2.622908 0.286973
v 0.307871 2.619926 0.281384
v 0.318305 2.619551 0.273010
v 0.316553 2.617163 0.267633
v 0.314828 2.616769 0.262195
v 0.308917 2.618254 0.253515
v 0.313802 2.618154 0.249848
v 0.300186 2.617583 0.245274
v 0.304343 2.616645 0.241430
v 0.297649 2.618369 0.205855
v 0.287101 2.619541 0.198897
v 0.256793 2.627194 0.118728
v 0.258303 2.627257 0.113499
v 0.250086 2.626667 0.116099
v 0.251582 2.626739 0.110789
v 0.252886 2.627032 0.105467
v 0.228177 2.624872 0.043883
v 0.222842 2.623494 0.039844
v 0.217428 2.622662 0.036071
v 0.219005 2.619696 0.010493
v 0.223578 2.619881 0.004521
v 0.211305 2.618288 -0.003406
v 0.216640 2.619985 -0.009292
v 0.204492 2.618029 -0.008083
v 0.206189 2.618536 0.003021
v 0.199089 2.618738 -0.000878
v 0.176256 2.620354 -0.007242
v 0.161008 2.618983 -0.008545
v 0.163736 2.618821 -0.013896
v 0.166384 2.618680 -0.018930
v 0.171563 2.619224 -0.027627
v 0.154453 2.622091 -0.020799
v 0.158839 2.621667 -0.029077
v 0.161506 2.621717 -0.032148
v 0.154053 2.621220 -0.031197
v 0.156915 2.620458 -0.034940
v 0.157735 2.632882 -0.067378
v 0.167613 2.634900 -0.073789
v 0.151150 2.644226 -0.073040
v 0.161222 2.645582 -0.078177
v 0.173131 2.649067 -0.081788
v 0.155192 2.658624 -0.078534
v 0.164351 2.658998 -0.082018
v 0.160565 2.677453 -0.082821
v 0.162422 2.687444 -0.083956
v 0.164306 2.694469 -0.084259
v 0.178359 2.690704 -0.090255
v 0.174624 2.683399 -0.088810
v 0.185180 2.673841 -0.091878
v 0.191299 2.683153 -0.097454
v 0.192732 2.660613 -0.093770
v 0.199191 2.666662 -0.097286
v 0.205998 2.672517 -0.099464
v 0.211476 2.655130 -0.095096
v 0.206005 2.652577 -0.090643
v 0.212546 2.676940 -0.101140
v 0.217501 2.657697 -0.097878
v 0.351739 2.639835 -0.061690
v 0.357434 2.638832 -0.057976
v 0.356214 2.646111 -0.071221
v 0.362739 2.646175 -0.067086
v 0.356928 2.651616 -0.074093
v 0.363531 2.652432 -0.069420
v 0.383756 2.673251 -0.058388
v 0.418372 2.702465 -0.026375
v 0.424087 2.703228 -0.020837
v 0.421794 2.713211 -0.019937
v 0.419499 2.718051 -0.018881
v 0.380211 2.754944 -0.018013
v 0.381587 2.759333 -0.013260
v 0.383155 2.762818 -0.008115
v 0.360089 2.762920 -0.027521
v 0.359751 2.768613 -0.022302
v 0.378785 2.740766 -0.032411
v 0.414843 2.716969 -0.023869
v 0.416576 2.711967 -0.024847
v 0.378540 2.729821 -0.039457
v 0.378778 2.735529 -0.036482
v 0.360571 2.745572 -0.042354
v 0.353412 2.764440 -0.031036
v 0.352305 2.770371 -0.026159
v 0.339791 2.794760 -0.009782
v 0.347656 2.794659 -0.004220
v 0.354750 2.795676 0.001705
v 0.329792 2.804371 -0.000998
v 0.337568 2.804697 0.004386
v 0.344008 2.804627 0.010559
v 0.349792 2.805238 0.016981
v 0.332103 2.806035 0.009975
v 0.338746 2.806025 0.015606
v 0.344726 2.807606 0.021734
v 0.325377 2.818927 0.039972
v 0.319986 2.818645 0.034355
v 0.314011 2.818721 0.029229
v 0.290166 2.827534 0.048294
v 0.296159 2.827403 0.051491
v 0.257224 2.826337 0.045326
v 0.253815 2.829567 0.057780
v 0.247296 2.830408 0.059084
v 0.219000 2.829697 0.055498
v 0.211835 2.828981 0.057258
v 0.111909 2.796131 0.102263
v 0.086251 2.773886 0.125237
v 0.082379 2.764295 0.158243
v 0.071798 2.754336 0.156848
v 0.076717 2.743418 0.194211
v 0.079105 2.740050 0.203710
v 0.084729 2.733179 0.222231
v 0.078266 2.722247 0.222272
v 0.088453 2.715195 0.238676
v 0.224388 2.675430 0.326258
v 0.223296 2.669634 0.324954
v 0.238136 2.667150 0.327013
v 0.237013 2.656603 0.322161
v 0.266865 2.646720 0.314488
v 0.266456 2.641643 0.311827
v 0.292510 2.623267 0.296064
v 0.299030 2.623022 0.294129
v 0.292052 2.619929 0.291229
v 0.297720 2.620197 0.288539
v 0.295745 2.618494 0.282606
v 0.305681 2.617986 0.275528
v 0.303490 2.616969 0.269991
v 0.298329 2.616183 0.260846
v 0.290957 2.616988 0.252808
v 0.279668 2.616019 0.230007
v 0.283182 2.616646 0.225505
v 0.265786 2.623156 0.158436
v 0.214045 2.625743 0.083533
v 0.217963 2.626584 0.072316
v 0.212893 2.625433 0.068699
v 0.207578 2.623925 0.064988
v 0.205966 2.621080 0.028902
v 0.193386 2.620112 0.022132
v 0.186750 2.619278 0.019269
v 0.166412 2.619434 0.012591
v 0.152920 2.619425 0.008264
v 0.149952 2.622405 -0.011123
v 0.152586 2.622024 -0.016043
v 0.144853 2.622060 -0.012801
v 0.147584 2.621078 -0.017348
v 0.149533 2.621299 -0.022107
v 0.135621 2.624698 -0.047998
v 0.140494 2.626160 -0.053190
v 0.145990 2.657489 -0.074597
v 0.150877 2.676918 -0.079710
v 0.150410 2.686147 -0.080756
v 0.150852 2.693736 -0.080655
v 0.151464 2.699433 -0.079973
v 0.165287 2.700207 -0.085199
v 0.180110 2.697938 -0.094379
v 0.182033 2.717286 -0.089323
v 0.196171 2.719202 -0.093525
v 0.201623 2.721464 -0.094355
v 0.224071 2.705229 -0.104635
v 0.230452 2.682762 -0.103355
v 0.230314 2.706147 -0.104354
v 0.236418 2.683996 -0.102418
v 0.241432 2.665225 -0.098403
v 0.264764 2.670128 -0.095251
v 0.269854 2.671724 -0.095562
v 0.275098 2.674220 -0.095934
v 0.285685 2.677898 -0.095461
v 0.297326 2.678952 -0.092231
v 0.303816 2.678931 -0.091538
v 0.310637 2.678859 -0.090145
v 0.356192 2.672996 -0.075898
v 0.363251 2.672946 -0.071723
v 0.382965 2.683946 -0.057378
v 0.382802 2.695051 -0.055770
v 0.380671 2.715236 -0.048499
v 0.380223 2.720481 -0.046228
v 0.360812 2.734184 -0.050323
v 0.360809 2.740036 -0.046732
v 0.354917 2.735567 -0.053823
v 0.354879 2.741278 -0.050076
v 0.354647 2.746795 -0.045584
v 0.324745 2.806040 0.004519
v 0.307227 2.818413 0.024890
v 0.248822 2.827318 0.046638
v 0.256736 2.818525 0.017437
v 0.266615 2.818142 0.016357
v 0.220124 2.820452 0.027248
v 0.211954 2.820204 0.029634
v 0.185302 2.815662 0.031398
v 0.183032 2.820719 0.049339
v 0.171758 2.816020 0.047181
v 0.167905 2.818015 0.054731
v 0.179532 2.821498 0.057943
v 0.163026 2.817998 0.062493
v 0.173226 2.822461 0.066115
v 0.157933 2.816510 0.070158
v 0.166797 2.820613 0.073999
v 0.097350 2.784191 0.096417
v 0.074200 2.761669 0.122065
v 0.063953 2.741835 0.156619
v 0.069450 2.732846 0.193958
v 0.072135 2.729740 0.203396
v 0.085069 2.691111 0.242584
v 0.092351 2.690673 0.251187
v 0.099049 2.690580 0.259673
v 0.106202 2.690256 0.267482
v 0.151358 2.684456 0.299529
v 0.158793 2.683718 0.303534
v 0.181992 2.681685 0.311898
v 0.222080 2.659001 0.320087
v 0.236822 2.647913 0.315076
v 0.236490 2.643075 0.313153
v 0.265710 2.632863 0.305458
v 0.264469 2.622919 0.300762
v 0.290625 2.618531 0.285420
v 0.288559 2.617860 0.279816
v 0.293443 2.617847 0.276915
v 0.283263 2.617614 0.270572
v 0.288066 2.616978 0.267590
v 0.277082 2.618140 0.262885
v 0.281503 2.617186 0.259713
v 0.272419 2.615868 0.238478
v 0.269582 2.617283 0.223038
v 0.273170 2.617804 0.218464
v 0.255308 2.623240 0.179458
v 0.246753 2.624815 0.150145
v 0.240502 2.626272 0.147567
v 0.210919 2.626210 0.099364
v 0.211866 2.625786 0.094156
v 0.212906 2.625529 0.088930
v 0.205417 2.625643 0.090867
v 0.206541 2.626265 0.085500
v 0.208094 2.626392 0.080099
v 0.200409 2.626065 0.082004
v 0.202187 2.625615 0.076578
v 0.196495 2.624222 0.073138
v 0.202171 2.622569 0.061229
v 0.191039 2.621588 0.054009
v 0.141646 2.620740 0.004408
v 0.136821 2.622057 0.002913
v 0.125408 2.622479 -0.029578
v 0.128262 2.622746 -0.035724
v 0.129867 2.633222 -0.054690
v 0.134759 2.635831 -0.059739
v 0.129288 2.647619 -0.060132
v 0.141834 2.674129 -0.074389
v 0.139828 2.682044 -0.074654
v 0.139113 2.688866 -0.073158
v 0.137470 2.694551 -0.073480
v 0.150645 2.716038 -0.078636
v 0.166194 2.718704 -0.084445
v 0.169838 2.739013 -0.073144
v 0.184365 2.739443 -0.073516
v 0.185212 2.749981 -0.067174
v 0.198642 2.748989 -0.066304
v 0.196900 2.738203 -0.075008
v 0.204190 2.749811 -0.068229
v 0.202614 2.739804 -0.077223
v 0.220938 2.746519 -0.083282
v 0.220050 2.726596 -0.095892
v 0.226397 2.727760 -0.096333
v 0.260498 2.692089 -0.098481
v 0.265729 2.694433 -0.097664
v 0.271335 2.695673 -0.098038
v 0.283689 2.696241 -0.097337
v 0.296233 2.694685 -0.092253
v 0.302973 2.692642 -0.090496
v 0.310194 2.690957 -0.089198
v 0.357366 2.683420 -0.077715
v 0.364495 2.683063 -0.073536
v 0.363876 2.694938 -0.070849
v 0.382101 2.705496 -0.052826
v 0.362387 2.718195 -0.060804
v 0.361910 2.723700 -0.057597
v 0.355975 2.719194 -0.064432
v 0.355670 2.724794 -0.061161
v 0.315174 2.758864 -0.058686
v 0.308220 2.763936 -0.057780
v 0.312822 2.779659 -0.040524
v 0.318030 2.773798 -0.043241
v 0.301181 2.791159 -0.034252
v 0.287041 2.778613 -0.051755
v 0.284316 2.772646 -0.058321
v 0.300982 2.768582 -0.055551
v 0.298934 2.763843 -0.061447
v 0.297315 2.758148 -0.067039
v 0.306285 2.758948 -0.062639
v 0.304990 2.753469 -0.067462
v 0.313595 2.753941 -0.062740
v 0.312718 2.748847 -0.067125
v 0.311767 2.737008 -0.074815
v 0.303780 2.741121 -0.076389
v 0.311438 2.730500 -0.078265
v 0.356393 2.707486 -0.070033
v 0.357063 2.695356 -0.075042
v 0.362759 2.706705 -0.065893
v 0.312046 2.717436 -0.085377
v 0.304252 2.720671 -0.087781
v 0.303502 2.734376 -0.080138
v 0.295676 2.738487 -0.081916
v 0.295718 2.745169 -0.077100
v 0.280654 2.751707 -0.078125
v 0.282423 2.765820 -0.064936
v 0.268956 2.772282 -0.064184
v 0.270900 2.779783 -0.056330
v 0.273426 2.786588 -0.047946
v 0.263816 2.781085 -0.053616
v 0.265989 2.787880 -0.044860
v 0.258039 2.789474 -0.042621
v 0.224769 2.805703 -0.007220
v 0.175403 2.811865 0.030376
v 0.156163 2.804058 0.025821
v 0.150609 2.806895 0.041670
v 0.147536 2.806329 0.048888
v 0.143686 2.805635 0.055851
v 0.139414 2.804758 0.062631
v 0.082719 2.770964 0.091981
v 0.063061 2.748710 0.120976
v 0.063621 2.704615 0.205050
v 0.073309 2.697317 0.223052
v 0.072438 2.692333 0.224249
v 0.084725 2.686548 0.244311
v 0.092397 2.686055 0.252465
v 0.099508 2.685514 0.260230
v 0.106833 2.684916 0.267396
v 0.151568 2.678876 0.297231
v 0.158858 2.678150 0.301176
v 0.181227 2.675767 0.311093
v 0.222010 2.649733 0.313308
v 0.221823 2.644794 0.311355
v 0.235991 2.633785 0.309380
v 0.263927 2.619592 0.297201
v 0.263873 2.617196 0.293278
v 0.263659 2.615238 0.289111
v 0.261175 2.616163 0.249623
v 0.264855 2.616427 0.246084
v 0.255372 2.615846 0.239532
v 0.262646 2.616848 0.231631
v 0.238440 2.624184 0.171032
v 0.204454 2.625271 0.096185
v 0.198090 2.624956 0.093059
v 0.199125 2.625191 0.087542
v 0.191811 2.624113 0.089783
v 0.192958 2.624457 0.084125
v 0.194229 2.625747 0.078607
v 0.182851 2.623348 0.071925
v 0.185153 2.622563 0.066053
v 0.179300 2.620417 0.047395
v 0.173199 2.619815 0.044533
v 0.154169 2.619469 0.037892
v 0.141233 2.619278 0.033778
v 0.129206 2.620578 0.029291
v 0.122423 2.621972 -0.023437
v 0.113554 2.626927 -0.029414
v 0.116887 2.628477 -0.035718
v 0.120124 2.629840 -0.042146
v 0.114937 2.639035 -0.045576
v 0.125000 2.644278 -0.056001
v 0.119777 2.655792 -0.056213
v 0.123810 2.660118 -0.060532
v 0.121033 2.665826 -0.060240
v 0.135786 2.708991 -0.072000
v 0.137440 2.724968 -0.065105
v 0.154747 2.733148 -0.068806
v 0.155730 2.740969 -0.063327
v 0.170561 2.747798 -0.066552
v 0.167559 2.762406 -0.052755
v 0.180511 2.765468 -0.050578
v 0.194435 2.770237 -0.051656
v 0.201262 2.771520 -0.052543
v 0.219892 2.774474 -0.055594
v 0.221386 2.756662 -0.075023
v 0.227719 2.757602 -0.075284
v 0.227394 2.747823 -0.083847
v 0.250526 2.728768 -0.095712
v 0.251314 2.709853 -0.102325
v 0.258660 2.712859 -0.102486
v 0.266803 2.714691 -0.101679
v 0.282375 2.714071 -0.099962
v 0.297470 2.709636 -0.095994
v 0.304733 2.706698 -0.092957
v 0.312003 2.703889 -0.090865
v 0.296641 2.724298 -0.090411
v 0.281158 2.729712 -0.094528
v 0.280470 2.744478 -0.084307
v 0.266179 2.747808 -0.086045
v 0.266807 2.756426 -0.079352
v 0.260033 2.757312 -0.078468
v 0.262044 2.773639 -0.062125
v 0.254984 2.774826 -0.060502
v 0.256299 2.782413 -0.051591
v 0.225735 2.790518 -0.035915
v 0.216068 2.805566 -0.005694
v 0.190721 2.801328 -0.004429
v 0.182452 2.798441 -0.005261
v 0.139599 2.793024 0.020140
v 0.132985 2.793755 0.035044
v 0.128883 2.794073 0.041794
v 0.124885 2.793529 0.048593
v 0.120747 2.793044 0.055269
v 0.103574 2.779964 0.049782
v 0.069366 2.756594 0.089192
v 0.050886 2.714242 0.160815
v 0.060426 2.706625 0.196759
v 0.059650 2.699094 0.197970
v 0.062973 2.697966 0.206055
v 0.060915 2.685726 0.210648
v 0.071373 2.683892 0.225604
v 0.086773 2.678797 0.243863
v 0.094799 2.677250 0.251516
v 0.102122 2.675745 0.258666
v 0.109226 2.674493 0.265099
v 0.151955 2.667738 0.291545
v 0.159552 2.667701 0.294290
v 0.180169 2.664222 0.306065
v 0.221054 2.634706 0.308272
v 0.222453 2.627716 0.300514
v 0.235744 2.627020 0.302083
v 0.235880 2.623055 0.298658
v 0.236571 2.619411 0.294216
v 0.262735 2.616161 0.280245
v 0.251716 2.615328 0.243377
v 0.239190 2.621671 0.204161
v 0.242550 2.623116 0.199562
v 0.232695 2.625722 0.168472
v 0.205429 2.626890 0.130723
v 0.179523 2.623416 0.083479
v 0.181014 2.623506 0.077715
v 0.168994 2.622002 0.071751
v 0.170968 2.621748 0.065714
v 0.173331 2.621375 0.059716
v 0.164910 2.621369 0.063017
v 0.167346 2.621146 0.056953
v 0.148496 2.619961 0.050252
v 0.135217 2.620544 0.046090
v 0.122594 2.620579 0.041812
v 0.116352 2.620628 0.039464
v 0.123701 2.621541 0.026864
v 0.113921 2.621702 -0.005847
v 0.103985 2.624275 -0.010317
v 0.107152 2.635089 -0.032171
v 0.110665 2.637000 -0.038942
v 0.107401 2.646676 -0.038647
v 0.111911 2.649404 -0.045042
v 0.109254 2.653988 -0.044838
v 0.117250 2.661276 -0.055744
v 0.114933 2.666667 -0.054546
v 0.118966 2.671505 -0.058783
v 0.112127 2.671753 -0.053796
v 0.116635 2.676894 -0.057537
v 0.105836 2.682162 -0.051631
v 0.111004 2.688486 -0.055208
v 0.138233 2.732040 -0.060481
v 0.137835 2.744163 -0.050184
v 0.156105 2.754335 -0.050799
v 0.155060 2.759717 -0.043707
v 0.164398 2.768490 -0.044535
v 0.159717 2.771495 -0.035434
v 0.173789 2.775524 -0.032060
v 0.176946 2.771067 -0.041223
v 0.189673 2.783567 -0.031885
v 0.192264 2.776861 -0.041220
v 0.196882 2.786455 -0.032327
v 0.199123 2.779004 -0.041993
v 0.218356 2.790030 -0.034713
v 0.219045 2.782760 -0.045363
v 0.226120 2.783295 -0.046172
v 0.226590 2.775399 -0.056368
v 0.253363 2.757974 -0.077524
v 0.252843 2.748858 -0.085453
v 0.259321 2.748432 -0.085840
v 0.257358 2.729738 -0.096664
v 0.265258 2.730499 -0.096437
v 0.166218 2.791119 -0.008479
v 0.150951 2.782575 -0.011625
v 0.124287 2.779943 0.015443
v 0.115708 2.780863 0.029054
v 0.111615 2.780588 0.035920
v 0.107460 2.780378 0.042779
v 0.091962 2.766375 0.038617
v 0.088235 2.766285 0.045706
v 0.048990 2.725023 0.088244
v 0.043852 2.712661 0.123703
v 0.047442 2.719570 0.122905
v 0.048863 2.707134 0.162164
v 0.057196 2.685129 0.202603
v 0.061881 2.671299 0.205289
v 0.066664 2.671994 0.212148
v 0.070811 2.665085 0.212109
v 0.079674 2.667579 0.226840
v 0.076932 2.674623 0.225216
v 0.092536 2.663838 0.241741
v 0.090371 2.669765 0.242438
v 0.098982 2.661393 0.248888
v 0.097754 2.667407 0.249685
v 0.106096 2.659579 0.254872
v 0.104951 2.665491 0.255991
v 0.113387 2.658245 0.259794
v 0.111732 2.663610 0.261886
v 0.153247 2.649922 0.284567
v 0.152725 2.656045 0.286366
v 0.160378 2.650332 0.286961
v 0.159711 2.656088 0.289282
v 0.179951 2.648770 0.297531
v 0.179686 2.653545 0.300648
v 0.223472 2.623763 0.296717
v 0.224698 2.620058 0.292493
v 0.226130 2.616650 0.287937
v 0.237789 2.616663 0.289599
v 0.240781 2.614070 0.280222
v 0.243714 2.615695 0.271637
v 0.229560 2.613300 0.277751
v 0.185031 2.631712 0.287297
v 0.181975 2.640440 0.292433
v 0.162644 2.639540 0.283349
v 0.156192 2.639254 0.279717
v 0.117834 2.648310 0.254392
v 0.110675 2.649170 0.250215
v 0.103914 2.650301 0.244924
v 0.097955 2.652064 0.238810
v 0.086169 2.653372 0.226966
v 0.076544 2.652842 0.212523
v 0.071491 2.653535 0.203762
v 0.065911 2.664775 0.204851
v 0.046496 2.693329 0.163959
v 0.045754 2.679961 0.165344
v 0.040667 2.697903 0.124980
v 0.041159 2.683106 0.126632
v 0.045064 2.716888 0.088302
v 0.041092 2.700337 0.088774
v 0.065057 2.736372 0.042604
v 0.095739 2.765744 0.031599
v 0.099790 2.765491 0.024798
v 0.108859 2.765511 0.011807
v 0.138863 2.773486 -0.013542
v 0.151877 2.764056 -0.036327
v 0.124236 2.761884 -0.015856
v 0.079401 2.738500 0.022944
v 0.074306 2.738333 0.028920
v 0.069249 2.737759 0.035442
v 0.069811 2.729279 0.028917
v 0.065734 2.728585 0.035590
v 0.061191 2.727503 0.042354
v 0.056800 2.708732 0.043028
v 0.039322 2.684592 0.089949
v 0.041133 2.675843 0.127688
v 0.047339 2.673598 0.166044
v 0.074411 2.642659 0.202603
v 0.080320 2.641944 0.210366
v 0.076174 2.636947 0.201862
v 0.082037 2.636059 0.209546
v 0.092644 2.636049 0.222685
v 0.091141 2.642009 0.223424
v 0.102788 2.635690 0.235395
v 0.102067 2.641599 0.235488
v 0.109528 2.635542 0.240287
v 0.107943 2.640789 0.241409
v 0.116114 2.634930 0.245181
v 0.114481 2.639987 0.246427
v 0.122468 2.634090 0.249698
v 0.121313 2.639304 0.250790
v 0.162067 2.627211 0.273028
v 0.160050 2.631231 0.275174
v 0.168608 2.627742 0.276245
v 0.166432 2.631662 0.279016
v 0.186884 2.627582 0.283849
v 0.188708 2.623350 0.280222
v 0.190532 2.619121 0.276456
v 0.233792 2.613731 0.268246
v 0.238847 2.614649 0.259580
v 0.248250 2.615489 0.263503
v 0.195627 2.614717 0.266816
v 0.170521 2.623788 0.273310
v 0.172382 2.620528 0.269728
v 0.165930 2.621185 0.267171
v 0.164016 2.624100 0.270197
v 0.126140 2.623818 0.245097
v 0.123871 2.628629 0.248082
v 0.117950 2.629812 0.243112
v 0.120233 2.625160 0.240258
v 0.114457 2.625845 0.235716
v 0.111999 2.630964 0.237986
v 0.105765 2.630845 0.233318
v 0.109607 2.626517 0.230586
v 0.095302 2.630227 0.221870
v 0.099316 2.625035 0.220388
v 0.084221 2.630087 0.208826
v 0.086932 2.624796 0.207612
v 0.080498 2.625703 0.199992
v 0.077370 2.630806 0.201639
v 0.050421 2.650490 0.168734
v 0.051528 2.662585 0.167305
v 0.047879 2.649209 0.131890
v 0.045237 2.662298 0.129901
v 0.042405 2.662844 0.093057
v 0.038966 2.677104 0.090731
v 0.053330 2.690515 0.042937
v 0.052730 2.681723 0.042901
v 0.056087 2.691517 0.036046
v 0.060648 2.709752 0.036572
v 0.064278 2.710226 0.030315
v 0.066994 2.710418 0.023986
v 0.074074 2.729405 0.022679
v 0.086316 2.737835 0.009754
v 0.081403 2.728215 0.010762
v 0.096833 2.730864 -0.014431
v 0.090443 2.721489 -0.012470
v 0.134463 2.753714 -0.037859
v 0.136623 2.749225 -0.044282
v 0.102572 2.719459 -0.034882
v 0.101564 2.722886 -0.030217
v 0.093453 2.713021 -0.027527
v 0.081594 2.703101 -0.008128
v 0.073024 2.709574 0.012180
v 0.063094 2.692027 0.023921
v 0.059543 2.692034 0.029826
v 0.062418 2.683307 0.023673
v 0.059080 2.683215 0.029762
v 0.055416 2.682607 0.035983
v 0.056271 2.666213 0.036584
v 0.053585 2.665196 0.043417
v 0.047281 2.649838 0.095537
v 0.050073 2.643712 0.096679
v 0.051690 2.636031 0.132359
v 0.049226 2.642710 0.132171
v 0.054912 2.636490 0.167867
v 0.052328 2.643584 0.168374
v 0.059808 2.630039 0.166970
v 0.089548 2.619605 0.195242
v 0.095189 2.617992 0.202246
v 0.107695 2.617790 0.214351
v 0.118244 2.618443 0.223916
v 0.123124 2.618381 0.228794
v 0.128293 2.618969 0.233057
v 0.133528 2.618665 0.237379
v 0.171085 2.616400 0.258075
v 0.177239 2.615716 0.260166
v 0.201511 2.614417 0.256660
v 0.207760 2.616262 0.246680
v 0.225018 2.618968 0.222668
v 0.232179 2.620248 0.213415
v 0.223342 2.622255 0.195881
v 0.226705 2.622571 0.190992
v 0.218128 2.622821 0.193238
v 0.221388 2.622971 0.188312
v 0.199664 2.627155 0.127763
v 0.193955 2.627156 0.124827
v 0.188114 2.626395 0.121893
v 0.167359 2.622181 0.077642
v 0.161189 2.621817 0.075064
v 0.162858 2.621675 0.069078
v 0.144129 2.619964 0.062337
v 0.146149 2.620181 0.056287
v 0.130788 2.620193 0.058254
v 0.132854 2.620121 0.052128
v 0.117438 2.620934 0.054211
v 0.119792 2.620702 0.048117
v 0.110575 2.619858 0.052188
v 0.113027 2.620073 0.045918
v 0.103222 2.621602 0.018183
v 0.096301 2.629893 -0.013272
v 0.102799 2.644196 -0.032411
v 0.101633 2.648981 -0.031121
v 0.105112 2.651187 -0.038146
v 0.100162 2.653340 -0.029841
v 0.103278 2.655580 -0.037223
v 0.106262 2.658397 -0.044600
v 0.100448 2.659352 -0.036437
v 0.103378 2.662500 -0.043684
v 0.098504 2.670599 -0.040299
v 0.101267 2.692385 -0.046048
v 0.107419 2.700227 -0.049485
v 0.099162 2.697005 -0.042955
v 0.106044 2.705708 -0.046398
v 0.103624 2.715382 -0.039215
v 0.096010 2.705482 -0.035698
v 0.094677 2.709414 -0.031666
v 0.081645 2.691651 -0.021487
v 0.079253 2.683558 -0.007130
v 0.079662 2.675249 -0.008113
v 0.069465 2.681851 0.012923
v 0.069348 2.690654 0.012686
v 0.063524 2.667644 0.024071
v 0.059389 2.667161 0.030067
v 0.066326 2.654106 0.031821
v 0.062816 2.652230 0.037989
v 0.059566 2.650917 0.044510
v 0.051762 2.637083 0.097457
v 0.055128 2.631314 0.098227
v 0.054965 2.629746 0.133178
v 0.071811 2.619484 0.164931
v 0.100083 2.616447 0.189571
v 0.105166 2.616199 0.195649
v 0.116463 2.615357 0.206403
v 0.127454 2.614953 0.215764
v 0.132506 2.615246 0.220159
v 0.137494 2.615207 0.224301
v 0.142636 2.614627 0.228410
v 0.177696 2.614636 0.247337
v 0.183701 2.614009 0.249676
v 0.190683 2.615784 0.239528
v 0.221476 2.618291 0.227338
v 0.185036 2.616168 0.236982
v 0.151962 2.615003 0.218737
v 0.146727 2.615651 0.215168
v 0.141604 2.615713 0.211434
v 0.136475 2.614974 0.207397
v 0.125835 2.615541 0.198812
v 0.115110 2.617405 0.189350
v 0.110257 2.617440 0.184050
v 0.094390 2.618814 0.159789
v 0.084925 2.616381 0.162404
v 0.078195 2.618145 0.132252
v 0.065035 2.620311 0.134269
v 0.073490 2.619603 0.100039
v 0.062308 2.621468 0.099206
v 0.063538 2.638515 0.045003
v 0.064035 2.632384 0.046062
v 0.062757 2.644504 0.044888
v 0.065847 2.645669 0.037412
v 0.066770 2.639354 0.037030
v 0.068628 2.640562 0.029598
v 0.068507 2.633704 0.029697
v 0.066881 2.632725 0.037518
v 0.069042 2.647866 0.030894
v 0.071166 2.648861 0.024627
v 0.070653 2.641432 0.023196
v 0.069457 2.655355 0.025357
v 0.074356 2.653755 0.012169
v 0.069904 2.666612 0.012241
v 0.082678 2.663588 -0.009320
v 0.088980 2.671515 -0.021921
v 0.087494 2.675499 -0.020386
v 0.088984 2.675095 -0.025644
v 0.090737 2.672406 -0.028244
v 0.093137 2.676402 -0.035990
v 0.090453 2.678900 -0.033425
v 0.095578 2.666616 -0.033055
v 0.092817 2.664452 -0.025746
v 0.097913 2.657267 -0.028684
v 0.088690 2.649221 -0.011328
v 0.086817 2.653920 -0.010533
v 0.077032 2.647885 0.012507
v 0.076606 2.641649 0.011140
v 0.077725 2.635262 0.010164
v 0.070957 2.634624 0.022573
v 0.077965 2.624749 0.024084
v 0.075139 2.624016 0.031196
v 0.072408 2.623702 0.039714
v 0.070099 2.623741 0.048825
v 0.083622 2.621552 0.100469
v 0.087490 2.622026 0.131070
v 0.131340 2.617716 0.173081
v 0.135838 2.617281 0.177047
v 0.144996 2.616676 0.184295
v 0.154519 2.616922 0.190860
v 0.159354 2.617150 0.194026
v 0.164231 2.616790 0.197120
v 0.169166 2.617358 0.200198
v 0.200476 2.617138 0.217050
v 0.205681 2.617627 0.219769
v 0.204307 2.618551 0.212290
v 0.209277 2.619663 0.215098
v 0.216529 2.621494 0.205540
v 0.211350 2.621143 0.202815
v 0.200356 2.623972 0.151530
v 0.195334 2.623588 0.148619
v 0.190514 2.623619 0.145712
v 0.176303 2.624585 0.116241
v 0.142290 2.620108 0.068436
v 0.129116 2.620193 0.064375
v 0.115793 2.620183 0.060425
v 0.108937 2.620050 0.058394
v 0.089364 2.623771 0.045549
v 0.093638 2.622140 0.038780
v 0.096907 2.622077 0.031780
v 0.088007 2.620573 0.027814
v 0.093533 2.620368 0.015012
v 0.084327 2.625057 0.011737
v 0.091144 2.639313 -0.013339
v 0.090064 2.644319 -0.012289
v 0.084847 2.620689 0.034753
v 0.081688 2.620828 0.042580
v 0.079616 2.620771 0.051203
v 0.086597 2.623724 0.053407
v 0.114661 2.617663 0.154087
v 0.121624 2.618630 0.152052
v 0.137085 2.618494 0.170144
v 0.141231 2.618003 0.173849
v 0.149992 2.617337 0.180553
v 0.158978 2.618217 0.186669
v 0.163584 2.617386 0.189587
v 0.168405 2.617435 0.192577
v 0.173316 2.617486 0.195550
v 0.187953 2.620492 0.176644
v 0.191117 2.621205 0.171731
v 0.186592 2.621016 0.168826
v 0.185807 2.622787 0.142729
v 0.176166 2.622663 0.137113
v 0.164028 2.622135 0.111610
v 0.157603 2.621755 0.109726
v 0.104907 2.618990 0.101362
v 0.106096 2.618987 0.129458
v 0.112991 2.619276 0.128869
v 0.135251 2.620706 0.148758
v 0.148469 2.619278 0.164412
v 0.152027 2.619591 0.167326
v 0.159393 2.619142 0.172345
v 0.167566 2.618436 0.177614
v 0.171929 2.618317 0.180439
v 0.176244 2.619144 0.183380
v 0.180925 2.618847 0.186291
v 0.183452 2.620175 0.173747
v 0.179187 2.620323 0.170904
v 0.182222 2.621271 0.165950
v 0.175002 2.620746 0.168121
v 0.178121 2.621475 0.163146
v 0.165996 2.622442 0.132858
v 0.160560 2.622016 0.131157
v 0.137745 2.620954 0.105503
v 0.111204 2.619400 0.102038
v 0.126930 2.621413 0.128066
v 0.162422 2.621344 0.150994
v 0.159446 2.620939 0.156395
v 0.164814 2.621561 0.153151
v 0.161779 2.621053 0.158513
v 0.170715 2.622322 0.157953
v 0.167733 2.620999 0.162996
v 0.140958 2.622174 0.128077
v 0.124326 2.619063 0.103432
v 0.235715 2.663217 -0.099691
v 0.365008 2.810877 0.055447
v 0.360605 2.797012 0.008482
v 0.222983 2.629541 -0.085477
v 0.217247 2.626604 -0.081596
v 0.199787 2.648770 -0.088153
v 0.180056 2.638964 -0.078812
v 0.205697 2.622116 -0.073668
v 0.207169 2.618174 -0.068102
v 0.211331 2.624042 -0.077862
v 0.212622 2.618938 -0.072534
v 0.218377 2.621129 -0.076420
v 0.220948 2.615811 -0.065720
v 0.216131 2.616242 -0.061695
v 0.223985 2.623871 -0.080092
v 0.211646 2.617112 -0.057698
v 0.191198 2.617252 -0.055505
v 0.188452 2.618873 -0.061289
v 0.179091 2.618303 -0.054368
v 0.170099 2.618501 -0.048502
v 0.172400 2.618338 -0.042592
v 0.181774 2.617079 -0.048161
v 0.185179 2.618769 -0.037491
v 0.195704 2.618516 -0.044577
v 0.196942 2.619683 -0.039794
v 0.185896 2.621109 -0.033558
v 0.173473 2.619993 -0.031965
v 0.296135 2.815218 0.229469
v 0.335449 2.810059 0.216598
v 0.390487 2.796711 0.188315
v 0.402652 2.788974 0.189260
v 0.405723 2.789305 0.182210
v 0.408237 2.789490 0.175020
v 0.443642 2.768440 0.153593
v 0.464458 2.745945 0.122945
v 0.470103 2.727963 0.089854
v 0.468571 2.728682 0.080963
v 0.471725 2.713117 0.084190
v 0.470280 2.713613 0.075584
v 0.469649 2.698431 0.062260
v 0.464339 2.682174 0.050524
v 0.444769 2.651351 0.026318
v 0.440520 2.649842 0.020277
v 0.439914 2.645827 0.029632
v 0.436218 2.643876 0.023600
v 0.432461 2.642797 0.017268
v 0.423066 2.634548 0.022764
v 0.419308 2.634152 0.015291
v 0.415393 2.632155 0.016890
v 0.412503 2.629189 0.017798
v 0.418979 2.633288 0.024577
v 0.416180 2.630559 0.025589
v 0.414038 2.626428 0.025597
v 0.423043 2.633272 0.031851
v 0.426757 2.635573 0.038316
v 0.427076 2.635948 0.029626
v 0.430741 2.638068 0.035545
v 0.456437 2.653811 0.056346
v 0.452583 2.648577 0.057052
v 0.469031 2.682817 0.065435
v 0.471705 2.682760 0.081374
v 0.472821 2.682322 0.089708
v 0.473060 2.698048 0.078458
v 0.474545 2.697505 0.087078
v 0.475422 2.696681 0.095880
v 0.473093 2.712420 0.093034
v 0.473396 2.724257 0.125638
v 0.467628 2.738904 0.123785
v 0.461407 2.745117 0.156867
v 0.441748 2.768486 0.161636
v 0.436504 2.768880 0.177775
v 0.432976 2.769014 0.185993
v 0.360576 2.798807 0.222186
v 0.366469 2.795796 0.223803
v 0.320029 2.805146 0.235545
v 0.282358 2.806115 0.247674
v 0.270943 2.809152 0.244783
v 0.305369 2.798370 0.253040
v 0.343396 2.794195 0.241912
v 0.377381 2.789051 0.227490
v 0.428662 2.768877 0.194075
v 0.452300 2.747670 0.182353
v 0.459232 2.745802 0.165243
v 0.462449 2.739448 0.166468
v 0.464995 2.738691 0.158016
v 0.469276 2.724753 0.160958
v 0.474704 2.708633 0.129118
v 0.475840 2.693070 0.133608
v 0.474946 2.681557 0.098398
v 0.463785 2.655307 0.086899
v 0.458724 2.654000 0.072459
v 0.454962 2.648881 0.074025
v 0.442182 2.643492 0.060313
v 0.437832 2.642406 0.062415
v 0.427581 2.621661 0.067768
v 0.416961 2.621750 0.070449
v 0.421612 2.619391 0.086069
v 0.411410 2.622247 0.105636
v 0.405650 2.622017 0.107352
v 0.414200 2.622253 0.111778
v 0.408823 2.622596 0.113351
v 0.404472 2.623088 0.115485
v 0.415957 2.620667 0.117693
v 0.447802 2.637475 0.141658
v 0.450096 2.639717 0.142161
v 0.453794 2.641001 0.142681
v 0.460088 2.647656 0.144669
v 0.462880 2.652550 0.145425
v 0.473795 2.678331 0.138503
v 0.470918 2.710595 0.164939
v 0.467955 2.712687 0.173971
v 0.466340 2.725956 0.169558
v 0.458396 2.729961 0.187194
v 0.455332 2.741956 0.183828
v 0.450685 2.743141 0.192681
v 0.445729 2.744076 0.201515
v 0.448071 2.748684 0.191085
v 0.443145 2.749255 0.199704
v 0.358581 2.784829 0.247684
v 0.348846 2.791482 0.243971
v 0.466695 2.656323 0.103643
v 0.465327 2.656083 0.095059
v 0.462439 2.652175 0.104957
v 0.460785 2.651798 0.096665
v 0.459050 2.650894 0.089027
v 0.450976 2.644531 0.092103
v 0.447385 2.642965 0.076365
v 0.443620 2.641043 0.078042
v 0.440626 2.638409 0.079266
v 0.435337 2.639352 0.063844
v 0.435197 2.634197 0.064218
v 0.432102 2.622663 0.083667
v 0.439365 2.634588 0.079697
v 0.441995 2.635257 0.096153
v 0.443893 2.636361 0.103710
v 0.444023 2.639052 0.094870
v 0.445924 2.639777 0.101895
v 0.447000 2.641720 0.109608
v 0.446057 2.637571 0.110959
v 0.447658 2.641480 0.093380
v 0.448953 2.642859 0.100707
v 0.449875 2.644754 0.108165
v 0.452506 2.645689 0.099473
v 0.453881 2.646710 0.107184
v 0.440872 2.623128 0.113426
v 0.438160 2.623256 0.105842
v 0.435703 2.623788 0.098247
v 0.426867 2.619904 0.100817
v 0.429987 2.619357 0.108289
v 0.431914 2.619596 0.116081
v 0.413191 2.620476 0.138725
v 0.407659 2.621306 0.136686
v 0.349217 2.623182 0.096474
v 0.361349 2.619216 0.131038
v 0.370959 2.618369 0.148939
v 0.369756 2.617879 0.155003
v 0.377252 2.617485 0.164520
v 0.374355 2.617265 0.170723
v 0.377551 2.618020 0.172042
v 0.305891 2.772872 0.286025
v 0.309985 2.779017 0.278528
v 0.314105 2.776918 0.279417
v 0.317184 2.778980 0.275681
v 0.324810 2.773585 0.279037
v 0.413332 2.743114 0.244742
v 0.415603 2.730835 0.245875
v 0.445247 2.708837 0.209697
v 0.441372 2.697589 0.210646
v 0.447712 2.695717 0.205140
v 0.452952 2.692585 0.198316
v 0.441065 2.652513 0.201155
v 0.412986 2.692190 0.238892
v 0.414048 2.704249 0.242237
v 0.395937 2.714805 0.262961
v 0.395183 2.727788 0.265054
v 0.371216 2.736541 0.283040
v 0.369268 2.742063 0.282306
v 0.338187 2.756296 0.290836
v 0.332748 2.755191 0.293896
v 0.309729 2.771139 0.286431
v 0.321233 2.772217 0.282192
v 0.358714 2.760819 0.275646
v 0.390462 2.745638 0.264335
v 0.392624 2.739979 0.265273
v 0.415024 2.717688 0.244684
v 0.399362 2.633852 -0.004574
vn 0.0546 -0.9976 -0.0416
vn -0.0056 -0.9998 0.0195
vn 0.1492 -0.9875 0.0508
vn 0.0603 -0.9981 -0.0107
vn 0.4064 -0.9013 0.1497
vn 0.7802 -0.4192 0.4642
vn 0.8066 -0.5477 0.2222
vn 0.3218 -0.9175 0.2337
vn -0.1017 0.8222 0.5600
vn -0.1034 0.8448 0.5250
vn -0.1478 0.8407 0.5209
vn -0.1648 0.8292 0.5342
vn 0.0928 -0.9954 -0.0247
vn 0.0038 -0.9988 -0.0481
vn 0.1018 -0.9940 -0.0401
vn 0.5438 -0.6281 0.5566
vn 0.6615 -0.7124 0.2344
vn 0.7553 -0.5023 0.4209
vn 0.6437 -0.4184 0.6408
vn -0.5353 0.8404 -0.0844
vn -0.6336 0.7712 0.0618
vn -0.6139 0.7846 0.0869
vn -0.4947 0.8661 -0.0712
vn 0.3800 -0.8417 -0.3835
vn 0.3251 -0.8719 -0.3661
vn 0.3517 -0.8883 -0.2955
vn 0.4306 -0.8806 -0.1980
vn 0.3200 -0.8380 -0.4419
vn 0.4796 -0.8744 -0.0734
vn -0.0189 0.9995 -0.0247
vn 0.1092 0.9940 0.0091
vn 0.0264 0.9931 0.1139
vn -0.0807 0.9831 0.1645
vn -0.0618 0.7046 0.7069
vn 0.0077 0.6483 0.7613
vn 0.0350 0.7637 0.6446
vn -0.0083 0.7758 0.6310
vn 0.1313 -0.9905 -0.0409
vn 0.1591 -0.9853 -0.0627
vn 0.1225 -0.9902 -0.0666
vn 0.1324 -0.9905 -0.0384
vn 0.4967 0.5916 -0.6350
vn 0.5057 0.5961 -0.6236
vn 0.4680 0.6172 -0.6325
vn 0.4544 0.6204 -0.6392
vn 0.2723 -0.9620 -0.0208
vn -0.0901 -0.9951 0.0410
vn -0.0234 -0.9995 -0.0222
vn 0.2710 -0.9601 0.0692
vn 0.4721 0.1761 0.8637
vn 0.5596 0.0714 0.8257
vn 0.4809 0.2969 0.8250
vn 0.3696 0.3664 0.8539
vn -0.2635 -0.9461 -0.1883
vn -0.2571 -0.9660 0.0270
vn -0.2512 -0.9660 -0.0621
vn -0.1856 -0.9490 -0.2548
vn 0.5558 -0.1188 0.8228
vn 0.6157 -0.2132 0.7586
vn 0.7067 -0.1599 0.6892
vn 0.7156 -0.2973 0.6321
vn -0.9279 0.3655 0.0736
vn -0.9245 0.2846 0.2537
vn -0.9149 0.3239 0.2410
vn -0.9079 0.4141 0.0649
vn -0.4041 -0.8950 -0.1886
vn -0.3106 -0.9503 -0.0189
vn -0.3529 -0.9313 -0.0903
vn 0.0504 -0.9940 -0.0968
vn -0.2748 -0.9603 0.0489
vn -0.0364 -0.9909 -0.1293
vn 0.8328 -0.0011 0.5536
vn 0.8321 0.1729 0.5270
vn 0.7223 0.0333 0.6908
vn 0.7044 -0.1122 0.7008
vn 0.3099 0.8094 0.4988
vn 0.2141 0.7912 0.5728
vn 0.2954 0.7333 0.6123
vn 0.3525 0.7718 0.5292
vn 0.3213 -0.9190 0.2285
vn 0.2997 -0.9225 0.2432
vn 0.7120 -0.6905 0.1277
vn 0.6572 -0.7365 0.1603
vn 0.6351 -0.2211 0.7401
vn 0.6492 -0.2525 0.7175
vn 0.5881 -0.1879 0.7867
vn 0.9971 -0.0497 0.0575
vn 0.9946 0.0172 -0.1027
vn 0.9695 0.2232 -0.1007
vn 0.9884 0.1439 -0.0490
vn 0.7803 -0.3800 -0.4967
vn 0.8302 -0.4651 -0.3074
vn 0.6736 -0.7143 -0.1898
vn 0.6984 -0.6892 -0.1930
vn 0.6717 0.3314 0.6626
vn 0.7829 0.4538 0.4255
vn 0.7471 0.5317 0.3990
vn 0.6197 0.4479 0.6445
vn 0.0468 -0.9988 0.0169
vn -0.0024 -0.9996 -0.0295
vn 0.1504 -0.9878 -0.0412
vn 0.0789 -0.9946 -0.0679
vn 0.0370 -0.9943 -0.1001
vn 0.2089 -0.9735 -0.0929
vn -0.0017 -1.0000 0.0069
vn -0.1472 0.7957 0.5875
vn -0.1942 0.6907 0.6966
vn -0.2743 0.9047 -0.3260
vn -0.2690 0.9281 -0.2576
vn -0.1819 0.9587 -0.2188
vn -0.1652 0.9783 -0.1250
vn -0.1249 0.9399 -0.3178
vn 0.0867 0.9956 -0.0351
vn 0.0668 0.9978 0.0044
vn 0.4669 0.4735 -0.7468
vn 0.5098 0.4854 -0.7102
vn 0.5341 0.4679 -0.7042
vn 0.4817 0.4544 -0.7493
vn -0.0083 0.9999 0.0077
vn -0.0599 0.9738 0.2193
vn 0.0012 0.9915 0.1305
vn -0.1683 -0.9854 -0.0265
vn 0.2134 -0.9031 0.3728
vn 0.1633 -0.9353 -0.3141
vn 0.0241 -0.9726 -0.2312
vn 0.0392 -0.9905 -0.1321
vn 0.0922 -0.9818 -0.1663
vn 0.0553 -0.9924 -0.1100
vn 0.2271 -0.9594 0.1676
vn 0.2172 -0.9759 0.0211
vn -0.0311 -0.9956 -0.0884
vn -0.0382 -0.9992 -0.0118
vn -0.0318 -0.9886 -0.1472
vn -0.1011 -0.9927 -0.0655
vn -0.0378 -0.9971 0.0657
vn -0.1304 -0.9914 0.0121
vn -0.1354 -0.9901 0.0372
vn 0.1190 -0.9855 0.1213
vn 0.2213 -0.9735 -0.0568
vn 0.0553 -0.9982 -0.0221
vn -0.0367 -0.9990 -0.0248
vn 0.7291 -0.1869 0.6584
vn 0.7581 -0.1696 0.6297
vn 0.6347 -0.1487 0.7584
vn 0.6165 -0.1514 0.7727
vn -0.4287 0.3635 -0.8271
vn -0.3196 0.4395 -0.8395
vn -0.3831 -0.1754 -0.9069
vn -0.3534 -0.0184 -0.9353
vn 0.6466 -0.1446 0.7490
vn 0.7484 -0.2092 0.6295
vn -0.2369 0.9224 0.3050
vn -0.1617 0.9833 0.0834
vn -0.2140 0.9751 0.0588
vn -0.2446 0.9279 0.2813
vn 0.9282 -0.3569 0.1055
vn 0.5722 -0.8165 0.0771
vn 0.1691 -0.8572 -0.4864
vn 0.1233 -0.8335 -0.5386
vn 0.0254 0.7893 0.6134
vn 0.1131 0.7311 0.6728
vn 0.1607 0.7389 0.6543
vn 0.2142 0.6766 0.7045
vn 0.1918 0.6887 0.6992
vn 0.1811 0.6179 0.7652
vn 0.1973 0.6235 0.7566
vn -0.3409 0.7815 0.5226
vn -0.5214 0.6649 0.5348
vn -0.4937 0.6589 0.5676
vn -0.3444 0.7789 0.5240
vn 0.6256 0.5634 -0.5397
vn 0.4913 0.6664 -0.5609
vn -0.0051 0.9904 0.1384
vn -0.0292 0.9934 0.1111
vn -0.2025 0.9587 -0.1997
vn 0.1946 -0.9463 0.2580
vn -0.0307 -0.9896 -0.1403
vn -0.0634 -0.9862 -0.1530
vn 0.2144 -0.9466 0.2407
vn -0.1792 0.7909 0.5851
vn -0.0838 -0.9865 -0.1409
vn -0.0916 -0.9599 -0.2651
vn -0.0099 -0.9996 0.0271
vn -0.0748 -0.9938 -0.0820
vn 0.0040 -0.9949 -0.1012
vn -0.0160 -0.9977 0.0655
vn 0.1119 0.6348 0.7646
vn 0.5831 -0.0816 0.8083
vn 0.2770 -0.1177 0.9536
vn 0.3734 -0.0688 0.9251
vn 0.5260 -0.1227 0.8416
vn 0.0025 0.8147 0.5798
vn 0.0341 0.8336 0.5513
vn -0.0974 0.8652 0.4919
vn 0.6282 0.2800 0.7259
vn 0.6870 -0.0118 0.7266
vn 0.3500 -0.6932 -0.6300
vn 0.8857 -0.3533 -0.3012
vn 0.8334 -0.4097 -0.3709
vn 0.3012 -0.7781 -0.5512
vn 0.0005 -0.9998 -0.0203
vn -0.0499 -0.9987 -0.0035
vn -0.0152 -0.9990 0.0428
vn -0.0073 -0.9972 0.0749
vn -0.0462 -0.9950 -0.0882
vn -0.0194 -0.9991 0.0372
vn -0.0656 -0.9978 -0.0129
vn -0.0436 -0.9963 0.0738
vn 0.1651 0.6815 0.7129
vn 0.2318 0.6108 0.7571
vn 0.5997 -0.7922 0.1128
vn 0.6691 -0.7050 0.2350
vn 0.5541 -0.8277 0.0890
vn 0.5955 -0.7954 0.1127
vn 0.7743 -0.5817 0.2490
vn 0.8302 -0.4808 0.2821
vn 0.6258 0.0695 0.7769
vn 0.8277 -0.5609 -0.0184
vn 0.4382 0.6151 0.6555
vn 0.3067 0.5912 0.7460
vn 0.4448 0.3721 0.8147
vn 0.5547 0.3134 0.7708
vn 0.8389 0.1083 0.5335
vn 0.8110 -0.0194 0.5847
vn 0.8773 -0.0463 0.4777
vn 0.9268 0.1517 0.3435
vn 0.6324 -0.1659 0.7567
vn -0.0973 -0.9871 0.1275
vn 0.0907 -0.9954 -0.0321
vn 0.0145 -0.9956 -0.0929
vn 0.6896 -0.0174 0.7240
vn 0.6937 -0.3556 0.6264
vn -0.1695 -0.9751 0.1430
vn -0.0486 0.9932 0.1059
vn 0.0010 0.9978 0.0661
vn -0.0195 -0.9990 0.0411
vn -0.0891 -0.9937 0.0672
vn -0.0194 -0.9998 0.0018
vn -0.3276 0.6713 0.6649
vn -0.3067 0.6744 0.6716
vn -0.2076 0.7962 0.5683
vn 0.4346 0.3955 0.8092
vn 0.3363 0.4295 0.8381
vn 0.3457 0.0423 0.9374
vn 0.3219 0.2846 0.9030
vn 0.2941 0.3290 0.8974
vn 0.2721 -0.0058 0.9622
vn 0.5936 -0.4200 0.6865
vn 0.5510 -0.4301 0.7152
vn 0.3004 -0.7062 0.6411
vn 0.4327 -0.5117 0.7422
vn -0.2756 0.5505 0.7880
vn -0.3551 0.5570 0.7508
vn -0.3978 0.4754 0.7847
vn -0.2964 0.4626 0.8356
vn -0.3700 0.8430 0.3905
vn -0.3284 0.8680 0.3725
vn -0.2782 0.9234 0.2644
vn -0.4323 0.7962 0.4234
vn -0.3793 0.8083 0.4503
vn -0.3827 0.8351 0.3951
vn 0.3605 -0.9044 0.2281
vn 0.1114 -0.9511 0.2879
vn -0.0306 -0.9610 0.2747
vn 0.1654 -0.9582 0.2332
vn 0.4919 0.2655 0.8292
vn 0.1160 -0.9736 -0.1963
vn -0.0121 0.9910 0.1330
vn -0.2572 0.9652 -0.0472
vn 0.6562 -0.1934 0.7294
vn 0.6809 -0.2146 0.7003
vn -0.3114 0.9171 0.2490
vn -0.4777 0.8564 0.1958
vn -0.5282 0.8024 0.2777
vn 0.6490 -0.2198 0.7284
vn 0.6710 -0.1918 0.7162
vn -0.0051 0.8015 0.5980
vn 0.4759 -0.8197 0.3188
vn 0.4221 -0.7689 0.4802
vn 0.1095 -0.9809 0.1610
vn 0.1964 -0.9798 0.0366
vn 0.7348 -0.6066 -0.3035
vn 0.7835 -0.4643 -0.4129
vn 0.6451 -0.6756 -0.3569
vn 0.5887 -0.6944 -0.4138
vn -0.0943 0.9953 0.0220
vn -0.1608 0.9858 0.0483
vn 0.1511 0.9875 -0.0444
vn -0.5723 0.7220 0.3889
vn -0.5328 0.7141 0.4542
vn -0.3811 0.7779 0.4997
vn -0.3868 0.8422 0.3756
vn 0.2053 0.5016 0.8404
vn 0.2086 0.4688 0.8583
vn -0.2371 0.9715 -0.0028
vn 0.0282 0.9882 0.1508
vn -0.3483 0.8428 0.4104
vn -0.3475 0.8230 0.4494
vn -0.1775 0.8253 0.5361
vn 0.0663 -0.9978 0.0004
vn -0.0474 -0.9989 0.0044
vn 0.0749 0.9788 -0.1906
vn -0.3422 0.7737 0.5333
vn -0.3385 0.8127 0.4744
vn -0.1635 0.9769 0.1378
vn -0.2133 0.9640 -0.1586
vn -0.1135 0.9926 -0.0442
vn 0.6745 0.7227 -0.1508
vn 0.6635 0.7481 0.0080
vn 0.8714 0.4878 0.0526
vn 0.8105 0.5531 -0.1930
vn -0.0381 -0.9991 -0.0180
vn -0.1174 -0.9931 -0.0008
vn -0.0241 -0.9979 0.0607
vn -0.0672 -0.9975 0.0235
vn -0.4278 0.3453 0.8353
vn -0.4262 0.4636 0.7768
vn -0.4507 0.3703 0.8122
vn -0.3597 0.8222 0.4412
vn -0.3293 0.8310 0.4483
vn -0.0138 0.9922 0.1236
vn -0.0105 0.9889 0.1480
vn -0.0339 -0.9985 -0.0424
vn -0.1768 -0.9784 0.1072
vn -0.0685 -0.9960 -0.0581
vn 0.7812 -0.0738 0.6199
vn 0.7954 -0.0111 0.6059
vn 0.8224 0.0327 0.5680
vn -0.5865 0.7244 0.3623
vn 0.0048 -0.9951 0.0985
vn 0.1176 -0.9923 0.0377
vn -0.2022 -0.9479 0.2460
vn -0.1130 -0.9922 -0.0535
vn -0.0746 0.5894 0.8044
vn -0.2702 0.5914 0.7598
vn -0.1669 -0.9857 -0.0224
vn 0.0192 -0.9965 0.0810
vn 0.1168 -0.9582 0.2611
vn 0.0986 -0.9932 0.0613
vn -0.5283 0.6875 0.4981
vn -0.1552 0.9785 0.1357
vn 0.0516 0.9736 -0.2224
vn -0.0671 -0.9931 -0.0962
vn -0.1857 -0.9562 -0.2264
vn -0.2675 -0.9371 -0.2244
vn 0.0110 0.9949 0.1003
vn -0.1486 0.8772 0.4566
vn -0.1563 0.8375 0.5236
vn -0.1370 0.8751 0.4641
vn 0.3774 -0.6821 0.6263
vn 0.5163 -0.0732 0.8532
vn 0.5293 -0.0020 0.8484
vn 0.5545 0.0153 0.8321
vn -0.1382 -0.9843 0.1098
vn -0.3694 -0.8185 -0.4401
vn 0.0156 -0.9472 -0.3203
vn -0.1176 -0.9639 0.2389
vn 0.0237 -0.9952 -0.0949
vn -0.0323 -0.9995 0.0072
vn -0.2455 -0.9667 0.0727
vn 0.4140 0.8764 -0.2460
vn 0.4355 0.8954 0.0925
vn 0.0863 -0.9956 -0.0358
vn 0.0379 -0.9908 0.1296
vn 0.4706 0.8683 0.1568
vn 0.4522 0.8670 0.2091
vn 0.4826 0.8495 0.2131
vn 0.4930 0.8552 0.1598
vn 0.5714 0.0518 0.8190
vn -0.2518 -0.9472 0.1984
vn 0.1851 0.7583 0.6250
vn 0.0299 0.8143 0.5797
vn -0.1223 -0.9925 0.0066
vn -0.0939 -0.9942 -0.0534
vn -0.0829 -0.9902 -0.1127
vn -0.1027 -0.9942 -0.0318
vn -0.0610 -0.9291 -0.3648
vn -0.2617 -0.8986 -0.3520
vn 0.7807 -0.1725 0.6007
vn 0.8346 -0.1607 0.5268
vn -0.3069 -0.9499 -0.0589
vn -0.0173 -0.9958 -0.0897
vn -0.0469 -0.9920 0.1176
vn 0.0831 -0.9965 0.0063
vn 0.5810 0.2663 0.7691
vn 0.2402 0.4559 0.8570
vn 0.2389 0.4178 0.8766
vn 0.1687 -0.9014 -0.3987
vn 0.6236 -0.7133 -0.3198
vn 0.5497 -0.8247 -0.1329
vn 0.5155 -0.8513 -0.0975
vn 0.2053 0.8008 0.5626
vn 0.2360 0.8377 0.4926
vn 0.2252 0.7600 0.6096
vn 0.0662 0.2642 0.9622
vn 0.1551 0.0412 0.9870
vn -0.0509 -0.9970 0.0588
vn 0.0564 -0.9917 0.1158
vn 0.4389 -0.5466 0.7132
vn 0.6041 -0.2424 0.7591
vn 0.8749 -0.2181 0.4325
vn 0.9339 -0.0090 0.3574
vn 0.0350 -0.9564 -0.2899
vn 0.0422 -0.9437 -0.3281
vn 0.0710 -0.9831 0.1688
vn 0.0420 -0.9699 0.2400
vn 0.1552 -0.9754 -0.1567
vn 0.1488 -0.9751 -0.1647
vn 0.0582 -0.9913 0.1181
vn 0.0787 -0.9919 -0.0995
vn 0.1087 -0.9877 0.1127
vn -0.0462 -0.9913 0.1230
vn 0.3726 -0.9187 -0.1310
vn 0.0162 -0.9954 -0.0948
vn 0.2542 -0.9324 -0.2570
vn 0.3273 -0.6241 -0.7094
vn 0.2659 -0.6885 -0.6748
vn 0.3358 -0.9235 -0.1856
vn 0.7381 -0.5807 -0.3436
vn -0.0308 -0.9971 0.0699
vn -0.1316 -0.9670 -0.2180
vn -0.2554 -0.8812 -0.3977
vn -0.0391 -0.9972 0.0641
vn 0.0022 -0.9978 0.0658
vn 0.0594 -0.9921 0.1104
vn 0.2615 0.8423 0.4712
vn -0.1413 -0.9634 -0.2277
vn -0.1251 -0.9700 -0.2084
vn -0.1626 -0.9638 -0.2111
vn -0.2073 -0.9419 -0.2644
vn 0.2848 -0.9386 -0.1946
vn 0.4122 -0.8987 -0.1497
vn -0.0425 -0.9747 0.2193
vn 0.2794 -0.9600 -0.0179
vn 0.8469 -0.5315 0.0180
vn 0.9870 -0.1348 0.0872
vn 0.0128 0.9962 0.0866
vn -0.0461 -0.9928 -0.1109
vn -0.0188 -0.9958 -0.0894
vn -0.1799 0.9807 0.0761
vn -0.2791 0.9602 0.0061
vn 0.0665 -0.9918 -0.1092
vn 0.3501 0.8643 0.3612
vn 0.2737 0.8859 0.3744
vn 0.2559 0.8341 0.4886
vn 0.8795 0.2195 0.4222
vn 0.8607 0.1953 0.4702
vn 0.4479 0.7869 0.4246
vn 0.4752 0.6259 0.6184
vn 0.5040 0.6906 0.5186
vn -0.0139 -0.9935 -0.1127
vn -0.0678 -0.9902 -0.1221
vn 0.0927 -0.9827 0.1602
vn -0.0448 -0.9927 0.1123
vn 0.0256 0.9955 0.0914
vn 0.2292 -0.7941 0.5629
vn 0.3100 -0.8392 0.4468
vn 0.4388 -0.4902 0.7531
vn 0.2511 -0.4396 0.8624
vn -0.0173 -0.9999 0.0013
vn -0.0143 -0.9980 0.0616
vn 0.2046 0.8889 0.4098
vn 0.1355 0.8500 0.5090
vn 0.2008 0.8305 0.5196
vn 0.2760 0.8619 0.4254
vn -0.0850 -0.9931 0.0809
vn -0.0539 -0.9943 -0.0916
vn -0.0533 -0.9964 -0.0664
vn -0.0542 -0.9922 -0.1123
vn -0.2778 0.8835 0.3772
vn -0.1078 0.9136 0.3921
vn 0.6321 -0.7634 -0.1328
vn 0.9451 -0.2331 -0.2291
vn 0.1937 0.7371 0.6474
vn 0.7949 -0.6067 0.0122
vn 0.3739 0.8572 0.3541
vn 0.8748 0.0216 -0.4840
vn 0.8866 0.0277 -0.4616
vn 0.8944 0.0306 -0.4462
vn 0.8751 0.0409 -0.4823
vn -0.0964 -0.9943 -0.0455
vn 0.1156 0.8307 0.5447
vn -0.1093 -0.9927 -0.0506
vn 0.0018 -0.9924 0.1231
vn -0.3355 0.6032 0.7236
vn 0.2540 0.7491 0.6119
vn 0.0860 -0.9962 -0.0133
vn -0.0072 -0.9996 -0.0264
vn 0.5923 -0.3378 0.7315
vn 0.5511 -0.3420 0.7611
vn 0.5933 -0.4056 0.6953
vn 0.5756 -0.2660 0.7732
vn 0.4354 0.0240 0.8999
vn 0.3286 -0.0439 0.9434
vn -0.0058 -0.9999 -0.0123
vn 0.1261 -0.9805 0.1509
vn 0.2547 -0.9614 0.1040
vn 0.5703 0.0504 0.8199
vn -0.0901 0.9192 0.3833
vn 0.4651 0.7979 -0.3835
vn 0.5760 -0.1457 0.8043
vn 0.5356 -0.3871 0.7505
vn -0.0587 0.9735 0.2210
vn 0.6148 0.6918 0.3786
vn 0.5143 0.8278 0.2241
vn -0.5951 0.6598 0.4588
vn -0.5691 0.6383 0.5184
vn 0.9307 -0.1774 -0.3200
vn 0.3368 -0.9360 -0.1028
vn -0.3538 0.9353 0.0036
vn -0.1774 0.9755 0.1297
vn 0.2876 -0.4937 0.8207
vn 0.5064 -0.4240 0.7509
vn 0.6088 -0.2386 0.7566
vn 0.4866 -0.1926 0.8522
vn -0.6165 0.6827 0.3922
vn -0.6069 0.6682 0.4303
vn 0.0228 -0.9955 0.0915
vn 0.0761 -0.9970 -0.0099
vn 0.0863 -0.9962 0.0111
vn 0.2293 -0.9727 -0.0348
vn 0.1178 -0.9885 0.0952
vn -0.0906 0.5291 0.8437
vn 0.6504 0.7436 0.1550
vn 0.5228 0.8349 0.1720
vn 0.5240 0.8293 0.1943
vn 0.6457 0.7248 0.2401
vn -0.0297 0.9947 0.0987
vn -0.6292 0.6784 0.3794
vn -0.6120 0.6997 0.3685
vn -0.6075 0.7649 0.2140
vn -0.6282 0.7501 0.2068
vn -0.2628 -0.9618 -0.0764
vn -0.4679 0.6692 0.5773
vn -0.0990 -0.9951 -0.0036
vn -0.1538 -0.9867 -0.0532
vn 0.8256 0.1436 -0.5457
vn 0.7949 0.2843 -0.5360
vn 0.8311 0.0744 -0.5511
vn 0.8087 0.1191 -0.5761
vn -0.1780 -0.9758 -0.1266
vn -0.5130 0.6043 0.6097
vn -0.3625 0.6145 0.7007
vn -0.0200 -0.9981 -0.0578
vn 0.0009 -0.9990 -0.0448
vn -0.1095 -0.9888 0.1019
vn -0.0753 -0.9971 0.0144
vn -0.0327 -0.9994 0.0134
vn 0.0042 -1.0000 -0.0006
vn -0.1141 -0.9932 -0.0224
vn -0.0542 -0.9961 -0.0693
vn -0.0215 -0.9995 -0.0214
vn -0.5320 0.6128 0.5843
vn 0.1357 -0.8126 -0.5669
vn 0.4713 -0.2569 0.8437
vn -0.0167 0.5710 0.8207
vn -0.1695 -0.9824 0.0784
vn -0.0548 -0.9985 0.0084
vn -0.0666 0.9215 0.3827
vn -0.0863 -0.9961 0.0199
vn -0.1427 -0.9875 0.0665
vn 0.0601 0.2054 0.9768
vn -0.0061 -0.9799 -0.1994
vn 0.0280 -0.9854 -0.1681
vn 0.2271 -0.9477 -0.2242
vn 0.1244 -0.9695 -0.2113
vn 0.2721 -0.7688 -0.5788
vn 0.4340 -0.7286 -0.5299
vn 0.0062 -0.9966 0.0826
vn -0.1831 -0.9645 0.1905
vn -0.0217 0.5327 0.8460
vn -0.0320 0.3865 0.9217
vn 0.0883 0.4889 0.8678
vn -0.5492 0.5622 0.6183
vn -0.3807 0.5600 0.7359
vn 0.1107 0.5515 0.8268
vn -0.0437 -0.9969 0.0655
vn 0.0208 -0.9989 0.0412
vn -0.0544 -0.9957 -0.0755
vn 0.4402 -0.2947 0.8481
vn -0.0127 -0.9997 0.0192
vn -0.1234 -0.9912 0.0487
vn -0.1257 -0.9799 0.1550
vn 0.0830 -0.9965 0.0001
vn -0.0209 -0.9993 0.0321
vn 0.0422 -0.9941 0.1001
vn 0.0016 -0.9966 0.0826
vn 0.6584 0.7455 0.1037
vn 0.5577 0.8285 0.0502
vn 0.5406 0.8306 0.1336
vn -0.1401 -0.9848 -0.1024
vn 0.8641 -0.1179 -0.4893
vn 0.8685 -0.1272 -0.4791
vn 0.0424 -0.9956 -0.0841
vn 0.8008 -0.0407 -0.5975
vn 0.5208 -0.7448 -0.4172
vn 0.7125 -0.5261 -0.4644
vn 0.6999 -0.6227 -0.3498
vn 0.6373 -0.7164 -0.2838
vn -0.5991 0.5235 0.6058
vn 0.5243 0.8480 -0.0778
vn 0.4585 0.6008 -0.6548
vn 0.4934 0.4764 -0.7278
vn 0.8124 0.3258 -0.4837
vn 0.8295 0.3596 -0.4273
vn 0.9382 0.1434 -0.3151
vn 0.4883 0.8602 0.1470
vn 0.1944 -0.9042 0.3804
vn 0.6225 0.6065 -0.4946
vn 0.4585 0.6060 -0.6500
vn 0.4712 0.6253 -0.6220
vn 0.9347 0.3250 -0.1439
vn 0.9064 0.3875 -0.1681
vn 0.8602 0.4565 -0.2272
vn 0.8806 0.4254 -0.2087
vn -0.2537 -0.9549 -0.1543
vn 0.1832 -0.9167 -0.3552
vn 0.4556 -0.5814 -0.6741
vn 0.5186 -0.6320 -0.5758
vn 0.2638 -0.8880 -0.3767
vn 0.2751 -0.9359 -0.2202
vn 0.4622 -0.7301 -0.5034
vn -0.0666 -0.8837 -0.4633
vn 0.0173 -0.9430 -0.3323
vn 0.9582 0.1048 -0.2662
vn 0.8725 0.4083 -0.2686
vn 0.1492 -0.8966 0.4169
vn 0.4085 -0.5846 0.7010
vn 0.2798 -0.9532 -0.1147
vn -0.0410 -0.9944 -0.0974
vn 0.4923 -0.6422 -0.5875
vn 0.4545 -0.7077 -0.5410
vn -0.0859 -0.9940 -0.0685
vn 0.0225 -0.9911 0.1310
vn 0.0241 -0.9831 -0.1812
vn -0.0619 -0.9950 -0.0787
vn -0.1194 0.3024 0.9457
vn -0.1007 0.4285 0.8979
vn -0.3416 0.3365 0.8776
vn -0.0185 0.2774 0.9606
vn 0.4513 0.8714 0.1924
vn 0.5128 0.8583 0.0175
vn 0.4013 0.9033 0.1519
vn 0.4375 0.8992 -0.0041
vn 0.0604 -0.9864 0.1528
vn 0.1040 -0.9921 0.0706
vn 0.0651 -0.9922 0.1067
vn 0.0698 -0.9909 0.1147
vn 0.2819 -0.9262 -0.2504
vn 0.1808 -0.9296 -0.3212
vn 0.2702 -0.9050 -0.3287
vn 0.9330 -0.0102 -0.3596
vn -0.6816 0.4707 0.5603
vn -0.7100 0.3855 0.5893
vn -0.6817 0.3624 0.6356
vn -0.6404 0.4618 0.6137
vn 0.7228 -0.6416 -0.2568
vn 0.7249 -0.6298 -0.2793
vn 0.7081 -0.6269 -0.3249
vn 0.8028 -0.0511 -0.5940
vn 0.7988 -0.1250 -0.5884
vn -0.6995 0.5630 0.4402
vn -0.6820 0.5816 0.4435
vn -0.6741 0.6278 0.3892
vn -0.7143 0.5801 0.3916
vn 0.5097 0.8603 -0.0108
vn -0.6244 0.5040 0.5968
vn -0.2481 -0.9371 -0.2456
vn -0.2057 -0.9626 -0.1764
vn -0.1261 -0.9617 -0.2435
vn 0.0355 -0.9987 -0.0355
vn 0.1281 -0.9858 -0.1090
vn 0.1759 -0.9833 -0.0469
vn 0.8297 0.4468 0.3345
vn 0.8753 0.4190 0.2414
vn 0.8337 0.5123 0.2060
vn 0.8017 0.5004 0.3270
vn 0.3154 0.9411 0.1219
vn 0.3477 0.9180 0.1906
vn 0.4113 0.8503 0.3282
vn 0.3027 0.8794 0.3674
vn 0.2078 -0.6986 0.6846
vn 0.4637 0.8582 0.2204
vn 0.5097 0.8281 0.2333
vn 0.4765 0.8512 0.2199
vn 0.4723 0.8808 -0.0344
vn 0.4782 0.8767 0.0520
vn -0.0426 -0.9987 -0.0274
vn 0.0014 -0.9948 -0.1019
vn 0.6788 0.7055 -0.2036
vn 0.7657 0.6057 -0.2165
vn -0.4245 0.2772 0.8620
vn -0.3918 0.2273 0.8915
vn 0.2197 -0.1676 -0.9611
vn 0.1223 -0.1498 -0.9811
vn 0.1579 -0.1102 -0.9813
vn 0.1735 -0.0377 -0.9841
vn 0.4032 -0.9024 -0.1519
vn 0.2034 -0.4421 0.8736
vn 0.2862 -0.4878 0.8247
vn 0.3641 -0.3904 0.8456
vn 0.2111 -0.4501 0.8677
vn 0.3650 0.9142 0.1760
vn 0.4238 0.8838 0.1982
vn 0.9311 -0.1788 -0.3179
vn 0.3860 0.9197 0.0712
vn 0.3810 0.8501 -0.3635
vn 0.7454 0.6391 -0.1898
vn 0.6836 0.6911 -0.2346
vn 0.1007 -0.9129 0.3956
vn -0.2123 -0.9759 0.0506
vn 0.8207 -0.5502 -0.1541
vn 0.2567 -0.8142 -0.5208
vn -0.6879 0.7008 0.1889
vn -0.7394 0.5943 0.3164
vn -0.6851 0.6386 0.3505
vn -0.7234 0.6714 0.1612
vn 0.1734 0.9761 -0.1307
vn 0.2037 0.9537 -0.2214
vn 0.4099 0.8109 -0.4177
vn 0.3712 0.8883 -0.2705
vn 0.4425 0.8916 -0.0961
vn 0.4257 0.8770 0.2228
vn 0.8231 0.4790 -0.3050
vn 0.8060 0.5033 -0.3115
vn 0.7775 0.5596 -0.2869
vn 0.0798 -0.9828 -0.1663
vn 0.0439 -0.9653 -0.2575
vn -0.1106 -0.9644 -0.2404
vn 0.0462 -0.9977 -0.0499
vn 0.8960 0.4024 -0.1879
vn 0.8480 -0.5218 -0.0926
vn -0.2410 -0.9104 0.3364
vn 0.0211 -0.9807 0.1945
vn 0.0287 -0.9800 0.1969
vn -0.0492 -0.9255 0.3755
vn 0.4402 0.8699 0.2224
vn 0.3575 0.9155 0.1843
vn -0.1136 -0.2614 0.9585
vn 0.1036 -0.4428 0.8906
vn 0.0799 -0.4000 0.9130
vn -0.1188 -0.1961 0.9733
vn 0.4304 0.8966 0.1041
vn 0.0288 -0.9992 0.0269
vn 0.0039 -0.9952 -0.0981
vn 0.9333 -0.3054 -0.1887
vn 0.6068 -0.7626 -0.2240
vn 0.5715 -0.8035 -0.1665
vn 0.9292 -0.3387 -0.1481
vn -0.1794 0.9719 0.1526
vn -0.1627 0.9690 0.1859
vn -0.2221 0.9657 0.1344
vn -0.1299 0.9749 0.1806
vn -0.2042 -0.9728 -0.1090
vn 0.1566 -0.9844 0.0799
vn 0.7353 0.5990 -0.3172
vn 0.6583 0.4895 -0.5720
vn 0.3114 0.6495 -0.6936
vn 0.4398 0.5098 -0.7393
vn 0.6412 0.6799 -0.3558
vn 0.3328 -0.9395 0.0812
vn 0.1820 -0.9831 0.0220
vn 0.0578 0.2027 0.9775
vn 0.3014 -0.3652 0.8808
vn -0.0976 0.9951 0.0150
vn -0.3019 0.9528 -0.0330
vn -0.2284 0.9692 0.0925
vn 0.1071 -0.9658 0.2360
vn -0.6678 0.7390 0.0887
vn 0.5059 -0.3294 -0.7972
vn 0.6115 -0.4204 -0.6703
vn -0.0063 -0.9843 0.1764
vn -0.6327 0.6702 0.3879
vn -0.6193 0.6549 0.4331
vn 0.7513 -0.1305 -0.6470
vn -0.6233 0.6286 0.4652
vn -0.5698 0.5668 0.5950
vn 0.2766 -0.6447 -0.7126
vn 0.4760 -0.6529 -0.5892
vn 0.0052 0.1616 0.9868
vn -0.7887 0.5865 0.1844
vn -0.8226 0.5363 0.1888
vn -0.7999 0.4873 0.3501
vn -0.7625 0.5561 0.3306
vn 0.6277 -0.4802 -0.6128
vn 0.1917 0.9632 -0.1883
vn 0.1040 0.9681 -0.2279
vn 0.0511 0.9935 -0.1016
vn 0.0774 0.9822 -0.1712
vn 0.4332 0.9011 -0.0174
vn 0.4498 0.8922 0.0401
vn 0.0106 -0.9827 0.1848
vn 0.2279 -0.9168 -0.3280
vn 0.2731 -0.8775 -0.3943
vn 0.4615 -0.3617 0.8101
vn 0.3858 -0.4385 0.8117
vn 0.2417 -0.6027 0.7605
vn 0.1261 -0.9367 0.3268
vn 0.1202 -0.9747 0.1883
vn 0.4778 0.8655 -0.1507
vn 0.6445 0.6968 -0.3148
vn 0.4465 0.8821 -0.1499
vn -0.9255 -0.3302 0.1854
vn -0.7277 -0.4650 0.5042
vn -0.7724 -0.3698 0.5164
vn -0.9762 -0.1123 0.1856
vn 0.4283 0.8873 0.1713
vn -0.0343 -0.9993 -0.0131
vn -0.2626 0.9589 -0.1076
vn -0.1991 -0.9777 -0.0670
vn -0.1861 -0.9823 -0.0202
vn -0.0903 -0.9954 -0.0311
vn -0.0568 -0.9984 0.0052
vn 0.0428 -0.9915 -0.1226
vn 0.0341 -0.9994 0.0037
vn -0.0219 -0.9979 -0.0611
vn -0.1846 -0.9633 -0.1948
vn 0.6904 -0.0873 -0.7181
vn 0.1997 -0.6255 -0.7542
vn 0.3076 -0.6031 -0.7359
vn 0.5100 0.8523 -0.1160
vn 0.1766 -0.7215 -0.6695
vn 0.2963 -0.6701 -0.6805
vn -0.1084 -0.9934 -0.0374
vn 0.1460 0.9892 -0.0104
vn 0.2359 0.9712 -0.0329
vn 0.2273 -0.7914 -0.5674
vn 0.0863 -0.9772 -0.1942
vn -0.3024 -0.9186 0.2545
vn 0.1569 0.9772 -0.1427
vn 0.1911 0.9739 -0.1227
vn -0.6689 0.5536 0.4961
vn -0.6595 0.5058 0.5561
vn -0.6021 0.6002 0.5265
vn 0.4077 -0.5805 0.7048
vn 0.4721 0.8704 0.1394
vn 0.3686 -0.7237 -0.5835
vn 0.1164 -0.9230 -0.3669
vn 0.5593 0.6602 -0.5014
vn 0.5309 0.7117 -0.4600
vn 0.5470 0.6677 -0.5050
vn -0.1061 0.2328 0.9667
vn -0.0469 0.0608 0.9970
vn -0.7482 0.3954 0.5327
vn -0.6965 0.4609 0.5499
vn 0.4886 0.6727 -0.5556
vn 0.5165 0.5961 -0.6147
vn 0.3606 -0.3027 -0.8823
vn 0.3277 -0.3064 -0.8937
vn 0.0146 -0.9996 -0.0252
vn 0.0435 -0.9981 0.0426
vn 0.4223 0.8921 -0.1607
vn 0.3527 0.9208 -0.1664
vn -0.0046 0.9755 -0.2202
vn -0.0342 0.9928 -0.1145
vn 0.0011 0.9986 0.0529
vn -0.0374 -0.9981 -0.0486
vn 0.6559 0.0347 -0.7540
vn 0.5563 -0.0948 -0.8255
vn -0.1426 -0.9794 0.1432
vn 0.0018 -0.9792 0.2027
vn -0.9603 0.1286 0.2477
vn -0.9041 0.1167 0.4112
vn -0.9046 0.1994 0.3767
vn 0.4557 0.8855 -0.0902
vn 0.6981 0.0956 -0.7096
vn 0.7019 0.0178 -0.7120
vn 0.0535 -0.8116 -0.5817
vn 0.0277 -0.4265 -0.9040
vn 0.0962 -0.3528 -0.9307
vn -0.0793 0.9838 -0.1611
vn 0.0583 0.9983 -0.0009
vn 0.0898 -0.3858 -0.9182
vn -0.1209 0.9704 0.2093
vn 0.2264 -0.8047 -0.5488
vn 0.2159 -0.4579 -0.8624
vn 0.4493 -0.5752 -0.6835
vn 0.2065 -0.9145 -0.3479
vn -0.1945 -0.2899 -0.9371
vn -0.3853 -0.1255 -0.9142
vn -0.2605 0.0365 -0.9648
vn -0.1780 -0.2199 -0.9591
vn -0.0340 -0.9994 -0.0000
vn 0.0735 -0.9965 -0.0391
vn -0.4578 0.2802 0.8437
vn -0.1500 0.0344 0.9881
vn -0.3907 0.1519 0.9079
vn 0.1473 -0.9614 0.2324
vn 0.1381 -0.9330 0.3323
vn 0.7795 0.3427 -0.5243
vn 0.7203 -0.0222 -0.6933
vn 0.3433 0.6755 -0.6525
vn 0.3336 0.6644 -0.6688
vn -0.1655 -0.9834 0.0744
vn -0.1327 -0.9892 0.0626
vn 0.3222 0.9364 0.1391
vn 0.1355 -0.9415 0.3087
vn 0.5856 -0.0874 -0.8059
vn -0.0850 -0.4900 -0.8676
vn -0.0007 -0.8524 -0.5229
vn 0.0258 -0.9986 -0.0460
vn -0.0023 -0.9883 -0.1525
vn -0.1104 -0.9932 -0.0357
vn -0.0736 -0.9967 -0.0332
vn 0.0225 -0.9952 0.0955
vn 0.4087 0.8849 -0.2233
vn -0.0468 -0.9981 -0.0407
vn 0.0365 -0.9993 -0.0065
vn -0.0812 -0.9950 0.0577
vn 0.0809 0.9967 0.0026
vn 0.4319 0.7648 -0.4781
vn 0.4410 0.6875 -0.5769
vn 0.3733 0.6539 -0.6581
vn 0.6762 0.4396 -0.5912
vn 0.6795 0.4182 -0.6029
vn 0.1736 -0.4980 0.8496
vn 0.3918 0.7268 -0.5641
vn 0.4171 0.7385 -0.5298
vn 0.0446 -0.9922 0.1161
vn -0.2490 -0.0023 -0.9685
vn -0.4021 -0.0174 -0.9154
vn -0.2465 -0.0924 -0.9647
vn -0.6935 0.4534 0.5599
vn 0.2417 -0.3905 -0.8883
vn -0.9036 0.2246 0.3647
vn -0.4409 0.2014 0.8747
vn -0.0074 -0.9699 0.2435
vn -0.2121 -0.9177 0.3358
vn 0.0453 -0.9883 -0.1455
vn 0.0232 -0.9928 0.1171
vn 0.1174 -0.9827 0.1434
vn 0.0346 -0.9846 0.1714
vn 0.1312 -0.9775 0.1650
vn 0.2776 -0.3953 -0.8756
vn 0.3410 -0.7904 -0.5089
vn 0.8216 0.2315 -0.5210
vn 0.8021 0.2968 -0.5182
vn 0.3229 0.9429 0.0822
vn -0.7736 0.3549 0.5250
vn -0.7493 0.4550 0.4812
vn 0.5213 0.5855 -0.6209
vn 0.5069 0.5614 -0.6541
vn -0.0392 -0.9991 -0.0178
vn -0.2531 0.5380 -0.8040
vn 0.0209 0.5479 -0.8363
vn -0.2187 0.4973 -0.8395
vn -0.4482 -0.3044 0.8405
vn -0.3569 -0.2499 0.9001
vn 0.1783 -0.8787 0.4428
vn 0.8253 0.2286 -0.5163
vn 0.2690 -0.5524 0.7889
vn -0.7611 0.3212 0.5635
vn -0.8232 0.3044 0.4793
vn 0.5882 0.6310 -0.5059
vn -0.1213 -0.9874 -0.1016
vn -0.0047 -0.9995 -0.0297
vn -0.1317 -0.9841 -0.1193
vn 0.3754 0.9156 -0.1439
vn 0.4126 0.9090 -0.0587
vn 0.2180 0.9759 -0.0024
vn 0.2668 0.9238 -0.2744
vn 0.1079 -0.9925 0.0572
vn -0.0204 -0.9996 -0.0210
vn 0.0900 -0.9956 -0.0260
vn 0.0289 -0.9949 0.0969
vn 0.1189 0.9928 0.0173
vn 0.5255 0.5179 -0.6750
vn 0.5155 0.5094 -0.6891
vn 0.5213 0.4461 -0.7275
vn 0.2437 -0.3201 0.9155
vn -0.7861 0.6168 0.0402
vn 0.6093 0.3317 -0.7203
vn 0.5056 0.3629 -0.7828
vn 0.0777 -0.9871 0.1399
vn 0.0445 -0.9870 0.1546
vn 0.2353 -0.9695 0.0686
vn 0.1320 -0.9769 0.1683
vn -0.1219 -0.9914 -0.0469
vn 0.5912 0.0429 -0.8054
vn 0.1562 0.9215 -0.3557
vn 0.0210 0.9217 -0.3873
vn 0.0766 0.9771 -0.1984
vn -0.0089 0.9713 -0.2376
vn -0.2268 0.9419 -0.2479
vn -0.2254 0.9567 -0.1842
vn 0.1612 -0.4642 0.8710
vn 0.2268 -0.5957 0.7705
vn -0.3289 -0.1306 -0.9353
vn -0.4069 -0.1175 -0.9059
vn -0.3080 -0.1295 -0.9425
vn -0.0606 0.9743 -0.2168
vn -0.7544 0.6556 0.0330
vn -0.6976 0.7155 -0.0364
vn -0.7596 0.6499 -0.0236
vn -0.3075 -0.0277 -0.9511
vn -0.4009 -0.0413 -0.9152
vn -0.3637 0.0688 -0.9290
vn 0.2843 -0.0783 -0.9555
vn 0.6321 0.1181 -0.7658
vn 0.6229 0.1518 -0.7674
vn -0.1322 -0.9911 -0.0180
vn -0.0604 -0.9982 -0.0011
vn -0.0700 -0.9975 -0.0088
vn 0.2097 0.9359 -0.2831
vn 0.2378 0.9274 -0.2889
vn 0.3383 0.9263 -0.1661
vn 0.3162 0.9297 -0.1891
vn 0.3090 0.9336 -0.1814
vn -0.2324 -0.3576 -0.9045
vn -0.4259 -0.1102 -0.8980
vn 0.0472 -0.2326 -0.9714
vn 0.1211 -0.1062 -0.9869
vn 0.0397 -0.9891 0.1417
vn 0.0296 -0.9872 0.1566
vn -0.1955 -0.9018 -0.3854
vn -0.2114 -0.8213 -0.5298
vn 0.7739 0.3115 -0.5514
vn -0.0172 0.9437 -0.3303
vn -0.0065 0.9405 -0.3396
vn 0.0322 -0.9982 0.0502
vn 0.0037 -0.9966 0.0829
vn 0.0205 -0.9931 0.1154
vn -0.6979 0.7141 0.0540
vn -0.5773 0.8121 -0.0849
vn -0.6235 0.7801 -0.0516
vn -0.0007 -0.9989 -0.0466
vn 0.0783 -0.9890 -0.1258
vn 0.0664 -0.9966 -0.0478
vn 0.0901 -0.9931 -0.0751
vn -0.6533 -0.4900 0.5772
vn -0.6682 -0.4226 0.6123
vn -0.7192 -0.0507 0.6930
vn -0.7361 0.0667 0.6736
vn 0.0587 -0.9944 0.0883
vn 0.2209 -0.9221 0.3178
vn 0.1347 -0.9287 0.3455
vn -0.7881 0.2888 0.5436
vn 0.0411 -0.9987 0.0288
vn -0.2141 -0.3305 -0.9192
vn -0.1479 -0.6880 -0.7105
vn -0.1565 -0.5834 -0.7970
vn -0.0765 -0.3448 -0.9356
vn 0.6818 0.3702 -0.6309
vn 0.2932 -0.0437 -0.9550
vn 0.0529 -0.2405 -0.9692
vn 0.0191 -0.1805 -0.9834
vn -0.1569 -0.9202 -0.3587
vn -0.1205 -0.9645 -0.2350
vn -0.3145 -0.5835 -0.7487
vn -0.1729 -0.4653 -0.8681
vn -0.0031 0.9872 -0.1596
vn -0.0635 0.9150 -0.3985
vn 0.0289 0.9597 -0.2795
vn 0.0416 0.9756 -0.2158
vn 0.2165 -0.2105 -0.9533
vn 0.1474 -0.2874 -0.9464
vn 0.2217 0.9190 -0.3259
vn -0.7035 0.2426 0.6680
vn -0.4716 0.1954 0.8599
vn -0.3292 -0.9015 -0.2810
vn -0.2730 -0.8749 -0.4000
vn -0.4973 -0.7519 -0.4329
vn -0.4397 -0.5772 -0.6882
vn 0.2629 0.6764 -0.6881
vn 0.3385 0.6262 -0.7023
vn 0.2838 0.7030 -0.6521
vn -0.1609 -0.1944 0.9676
vn -0.7416 0.2660 0.6159
vn 0.5304 0.4454 -0.7213
vn 0.5170 0.5044 -0.6916
vn 0.3920 0.7262 -0.5647
vn 0.1975 0.9255 -0.3231
vn 0.2117 0.9333 -0.2900
vn -0.1557 -0.4940 0.8554
vn -0.2306 0.9205 -0.3154
vn 0.4948 -0.2970 -0.8166
vn 0.0336 -0.9978 0.0572
vn 0.0242 -0.9969 0.0749
vn -0.1159 0.9013 -0.4174
vn -0.0436 0.9438 -0.3276
vn -0.1028 0.9088 -0.4043
vn 0.0723 0.8766 -0.4758
vn 0.5343 -0.1154 -0.8374
vn -0.0350 0.9224 -0.3846
vn 0.2258 -0.3656 0.9030
vn 0.1625 -0.4433 0.8815
vn -0.4199 0.8993 -0.1224
vn -0.3720 0.9188 -0.1319
vn -0.0098 -0.8881 0.4596
vn 0.1517 -0.9754 0.1600
vn 0.1818 -0.9052 0.3840
vn 0.0068 -0.7752 0.6317
vn 0.1616 0.0017 -0.9869
vn 0.4660 -0.1422 -0.8733
vn 0.0967 -0.9648 0.2444
vn 0.0619 -0.9972 0.0417
vn -0.4623 0.8677 -0.1824
vn 0.0168 -0.9990 0.0414
vn 0.1684 -0.9796 0.1095
vn 0.0231 -0.9814 -0.1908
vn 0.1195 -0.9727 0.1989
vn 0.0720 -0.9930 0.0936
vn -0.0230 -0.9982 -0.0556
vn 0.0676 -0.9811 0.1812
vn -0.7475 0.2227 0.6258
vn -0.7897 0.2266 0.5701
vn -0.4879 -0.1333 -0.8626
vn -0.5619 0.2553 -0.7868
vn -0.5283 -0.1499 -0.8357
vn 0.1168 -0.9928 0.0260
vn -0.0486 -0.9964 -0.0700
vn -0.0465 -0.9956 -0.0816
vn 0.5670 0.4873 -0.6641
vn 0.0062 -0.9999 -0.0114
vn 0.0685 -0.9974 0.0243
vn 0.0454 -0.9980 0.0441
vn 0.0641 -0.9977 -0.0226
vn 0.6259 0.0747 -0.7763
vn 0.5185 0.4187 -0.7456
vn 0.8992 0.4325 0.0654
vn 0.9865 0.1424 -0.0812
vn 0.9596 0.2558 -0.1172
vn -0.2895 -0.6321 -0.7188
vn -0.3450 -0.4498 -0.8238
vn -0.3246 -0.3748 -0.8684
vn -0.0371 -0.9993 0.0041
vn 0.0028 -0.9958 -0.0919
vn 0.0057 -0.9966 -0.0816
vn -0.1388 -0.5596 0.8170
vn -0.0910 -0.3988 0.9125
vn 0.1596 -0.5157 0.8417
vn 0.3792 0.1227 -0.9171
vn 0.3656 0.1514 -0.9184
vn 0.1704 -0.1611 -0.9721
vn 0.2160 -0.2131 -0.9529
vn 0.1835 -0.7508 0.6346
vn -0.6994 -0.0511 0.7129
vn -0.5050 -0.2751 0.8181
vn -0.1441 -0.3626 -0.9207
vn -0.1991 -0.6289 -0.7516
vn -0.2940 -0.3964 -0.8697
vn -0.2930 0.9392 -0.1790
vn -0.2436 0.9394 -0.2412
vn 0.0543 -0.9985 0.0022
vn 0.0555 -0.9983 0.0168
vn -0.0025 -0.9995 0.0300
vn 0.0711 0.1677 -0.9833
vn 0.1593 -0.1010 -0.9821
vn 0.0876 -0.1003 -0.9911
vn -0.0368 0.1563 -0.9870
vn -0.0277 0.8083 -0.5881
vn -0.0444 0.9152 -0.4007
vn 0.0103 0.9055 -0.4241
vn -0.0389 0.8086 -0.5870
vn -0.2093 -0.2977 0.9314
vn -0.1609 0.4293 -0.8887
vn -0.2199 0.1117 -0.9691
vn -0.2977 0.4680 -0.8321
vn -0.0678 -0.9884 -0.1358
vn 0.0600 -0.9759 -0.2098
vn 0.0686 -0.9865 -0.1490
vn 0.2817 0.6533 -0.7028
vn 0.3229 0.6242 -0.7114
vn 0.1661 -0.9861 0.0079
vn -0.5405 -0.1232 -0.8323
vn -0.6121 0.0587 -0.7886
vn -0.1621 -0.1770 -0.9708
vn 0.1880 -0.2689 -0.9446
vn 0.6196 0.3718 -0.6913
vn -0.1543 -0.9845 -0.0834
vn 0.1274 -0.9780 0.1650
vn -0.2454 -0.8014 -0.5455
vn 0.0093 -0.9994 0.0332
vn -0.2984 0.6533 -0.6958
vn -0.4582 0.6462 -0.6103
vn -0.3104 0.4833 -0.8186
vn -0.1528 -0.4200 -0.8946
vn -0.2678 -0.4153 -0.8694
vn -0.7645 0.5089 0.3955
vn 0.0537 -0.5157 0.8551
vn 0.0056 -0.6117 0.7911
vn -0.4300 -0.1566 -0.8892
vn -0.4736 -0.0969 -0.8754
vn -0.4601 -0.0846 -0.8838
vn -0.2351 0.8696 -0.4343
vn -0.6087 -0.2131 -0.7642
vn -0.6194 -0.1496 -0.7707
vn -0.5444 -0.0151 -0.8387
vn 0.2063 -0.3253 -0.9228
vn 0.1991 -0.3562 -0.9129
vn -0.6662 -0.1517 0.7302
vn -0.4714 -0.3690 0.8010
vn -0.0133 0.8058 -0.5920
vn -0.7649 0.1212 0.6326
vn -0.7518 0.0197 0.6591
vn -0.1474 -0.9891 0.0054
vn -0.0248 -0.9997 0.0052
vn -0.0722 -0.9340 -0.3499
vn -0.4141 -0.5272 -0.7420
vn -0.6297 -0.2544 -0.7340
vn 0.4991 0.5585 -0.6626
vn 0.4680 0.6093 -0.6402
vn -0.0881 -0.9934 0.0731
vn 0.0383 -0.9992 -0.0140
vn -0.0078 -0.9933 0.1150
vn 0.1446 0.9485 -0.2818
vn -0.6769 -0.4434 0.5875
vn -0.7658 0.1782 0.6179
vn -0.7173 0.3143 0.6218
vn -0.8151 -0.2033 0.5425
vn 0.2574 0.9184 -0.3006
vn -0.0811 0.4122 -0.9075
vn 0.5256 0.4638 -0.7132
vn 0.4753 0.5051 -0.7204
vn 0.4093 0.4234 -0.8082
vn 0.3757 0.5272 -0.7622
vn 0.4821 0.3912 -0.7839
vn 0.5320 0.3937 -0.7496
vn 0.5481 0.2776 -0.7890
vn 0.4618 0.2902 -0.8382
vn 0.4668 0.6098 -0.6405
vn 0.1070 0.9816 -0.1583
vn 0.1077 0.9829 -0.1494
vn -0.3765 -0.2309 0.8972
vn 0.0930 0.9702 -0.2237
vn -0.1870 -0.9690 -0.1612
vn 0.1865 -0.9678 0.1692
vn -0.3259 -0.9263 -0.1892
vn -0.3604 -0.9041 -0.2297
vn -0.9605 -0.1357 0.2428
vn -0.8348 -0.2866 0.4702
vn -0.0299 -0.9994 -0.0160
vn 0.2913 0.6210 -0.7276
vn 0.2794 0.6005 -0.7492
vn 0.0653 -0.9968 0.0460
vn -0.1312 -0.9900 0.0514
vn 0.1548 -0.9868 0.0485
vn 0.2892 0.6326 -0.7185
vn -0.9951 0.0799 0.0589
vn -0.9973 -0.0168 0.0711
vn 0.3307 0.6739 -0.6606
vn 0.3341 0.5691 -0.7513
vn -0.7266 -0.2652 -0.6338
vn -0.6479 -0.1751 -0.7413
vn 0.1728 -0.9782 0.1155
vn 0.0230 -0.9933 -0.1129
vn -0.0847 -0.9882 -0.1275
vn 0.0254 -0.9959 -0.0871
vn 0.0784 -0.9807 0.1791
vn 0.1714 -0.9257 0.3370
vn -0.1001 -0.8729 0.4776
vn -0.2616 -0.7987 0.5418
vn -0.0862 -0.9813 0.1719
vn -0.0076 -0.9940 0.1095
vn -0.5152 0.8239 -0.2359
vn -0.5691 0.7839 -0.2480
vn 0.0102 0.0872 -0.9961
vn 0.0708 0.0784 -0.9944
vn 0.0068 -0.2415 -0.9704
vn 0.1300 -0.2283 -0.9649
vn -0.3063 -0.4975 0.8116
vn -0.3508 -0.4366 0.8284
vn -0.3859 -0.3339 0.8600
vn -0.3928 -0.3343 0.8567
vn -0.2658 -0.4570 0.8488
vn -0.2094 -0.4873 0.8478
vn 0.5917 0.0306 -0.8056
vn -0.1564 0.0863 -0.9839
vn 0.2572 -0.1806 -0.9493
vn -0.0225 -0.4850 0.8742
vn 0.1338 -0.1051 -0.9854
vn 0.4343 0.0438 -0.8997
vn -0.0903 0.4221 -0.9020
vn -0.1795 0.3841 -0.9057
vn 0.3518 0.5474 -0.7594
vn 0.5048 0.5137 -0.6938
vn 0.5002 0.5296 -0.6851
vn -0.2704 0.6030 -0.7505
vn -0.2638 0.7035 -0.6600
vn -0.1848 0.7853 -0.5909
vn -0.0042 0.5657 -0.8246
vn -0.2308 0.6086 -0.7591
vn 0.5263 0.3943 -0.7534
vn 0.1889 0.1099 -0.9758
vn 0.2140 -0.2301 -0.9493
vn -0.5927 -0.0304 -0.8049
vn -0.1576 -0.7528 0.6391
vn -0.1189 -0.7496 0.6512
vn -0.2211 -0.4700 0.8545
vn -0.1828 0.7795 -0.5991
vn -0.1987 0.7316 -0.6522
vn -0.2642 0.6698 -0.6940
vn -0.2708 0.7487 -0.6051
vn -0.3618 -0.4421 0.8208
vn -0.6595 -0.3180 0.6811
vn 0.1526 -0.0016 -0.9883
vn -0.7928 0.4522 0.4085
vn 0.4647 0.4251 -0.7767
vn 0.3952 0.4151 -0.8194
vn 0.4311 0.4475 -0.7835
vn 0.0923 -0.9953 0.0282
vn -0.1327 -0.7204 0.6807
vn 0.0004 -0.9982 -0.0595
vn -0.0614 -0.9966 -0.0552
vn -0.0261 -0.9949 -0.0975
vn 0.3189 0.1744 -0.9316
vn -0.5034 0.6473 -0.5724
vn -0.2699 0.8676 -0.4176
vn -0.2412 0.8203 -0.5186
vn -0.5188 0.6174 -0.5913
vn -0.1780 -0.3554 0.9176
vn -0.2811 0.9099 -0.3050
vn -0.3318 0.8961 -0.2947
vn 0.0809 -0.9735 0.2138
vn 0.0605 -0.9824 0.1768
vn -0.8948 0.4443 -0.0434
vn -0.9304 0.3657 -0.0266
vn -0.3405 0.8924 -0.2960
vn -0.3845 0.8999 -0.2058
vn -0.8998 0.2160 0.3791
vn -0.8820 0.0357 0.4699
vn -0.9101 0.2001 0.3629
vn -0.2205 -0.9503 -0.2199
vn -0.3660 -0.8585 -0.3592
vn -0.2988 -0.9368 -0.1820
vn -0.2229 0.6725 -0.7057
vn -0.4405 0.5694 -0.6941
vn 0.4439 0.4041 -0.7998
vn -0.4309 -0.4262 0.7954
vn -0.0421 -0.9923 -0.1166
vn -0.4041 0.8899 -0.2114
vn -0.3896 0.8729 -0.2936
vn -0.1234 0.6928 -0.7105
vn -0.0288 0.6815 -0.7312
vn -0.0284 0.5883 -0.8082
vn -0.1379 0.6212 -0.7714
vn -0.0976 -0.9952 -0.0076
vn -0.0590 -0.9969 -0.0523
vn -0.0263 -0.9924 -0.1203
vn -0.8504 -0.5036 -0.1525
vn -0.8021 -0.5967 0.0237
vn -0.9073 -0.4205 0.0082
vn -0.8981 -0.4047 -0.1721
vn -0.9542 -0.0264 0.2979
vn -0.7615 -0.2956 0.5768
vn 0.9575 0.1277 0.2588
vn 0.0553 -0.9975 -0.0430
vn 0.0164 -0.9988 -0.0463
vn 0.0951 -0.9954 -0.0124
vn -0.5546 0.7664 -0.3241
vn -0.4858 0.8277 -0.2809
vn -0.4875 0.8263 -0.2822
vn -0.5581 0.7560 -0.3419
vn -0.7233 -0.3597 -0.5894
vn -0.6151 -0.1404 -0.7758
vn -0.6255 -0.2069 -0.7523
vn -0.7024 -0.3662 -0.6104
vn 0.1230 -0.9870 -0.1035
vn -0.3965 0.5400 -0.7425
vn 0.0774 -0.9908 -0.1110
vn -0.0052 -0.9883 -0.1522
vn 0.1904 -0.9684 -0.1610
vn 0.2953 0.4695 -0.8321
vn 0.0017 0.4336 -0.9011
vn -0.6360 -0.0724 -0.7683
vn -0.7043 -0.2402 0.6680
vn -0.6804 -0.2997 0.6687
vn 0.0379 0.7059 -0.7073
vn -0.0100 0.7455 -0.6665
vn 0.0399 -0.9828 -0.1801
vn 0.0151 -0.9964 -0.0835
vn 0.4390 0.4258 -0.7912
vn 0.3644 0.5342 -0.7628
vn 0.4164 0.4717 -0.7772
vn -0.1711 0.5784 -0.7976
vn 0.0309 -0.9945 0.1005
vn -0.1497 0.8236 -0.5470
vn -0.2512 0.8555 -0.4529
vn -0.7930 -0.2023 -0.5747
vn -0.7572 -0.2484 -0.6041
vn -0.7478 -0.3609 -0.5573
vn -0.7106 -0.4348 -0.5532
vn 0.0441 -0.9928 -0.1118
vn -0.6146 -0.3155 -0.7230
vn -0.6922 -0.3056 -0.6538
vn -0.5567 -0.5176 0.6497
vn -0.5734 -0.4488 0.6855
vn -0.4082 -0.5495 0.7290
vn -0.4502 -0.5352 0.7148
vn 0.3089 0.5480 -0.7774
vn 0.3382 0.5657 -0.7521
vn 0.3684 0.4830 -0.7944
vn -0.2794 0.7598 -0.5871
vn -0.3205 0.7373 -0.5947
vn 0.1489 -0.9888 -0.0129
vn 0.0836 -0.9955 0.0442
vn 0.0351 -0.9974 0.0627
vn 0.2228 -0.9746 -0.0248
vn 0.3423 0.5864 -0.7342
vn 0.3379 0.6049 -0.7210
vn -0.7450 -0.3366 0.5759
vn -0.6279 -0.3954 0.6703
vn -0.6879 -0.2412 0.6846
vn -0.7453 -0.3209 0.5844
vn 0.3226 0.5969 -0.7346
vn -0.5590 0.7780 -0.2869
vn -0.5066 0.8257 -0.2483
vn -0.4282 -0.8171 -0.3861
vn -0.4247 0.8805 -0.2106
vn -0.5314 -0.6366 0.5590
vn -0.6211 -0.5326 0.5750
vn -0.5131 -0.6477 0.5632
vn -0.5064 -0.6860 0.5225
vn -0.6573 0.6813 -0.3223
vn -0.0716 -0.9953 -0.0645
vn -0.0514 -0.9980 0.0378
vn -0.0310 -0.9708 0.2379
vn -0.0590 0.7736 -0.6310
vn -0.1612 0.8250 -0.5417
vn -0.7258 -0.3664 0.5822
vn -0.7703 -0.2314 0.5942
vn -0.6736 -0.4832 0.5593
vn -0.6520 -0.5048 0.5657
vn -0.7283 -0.2978 0.6172
vn -0.4217 0.5869 -0.6912
vn -0.4890 0.6123 -0.6213
vn 0.0598 -0.9982 0.0011
vn -0.1173 -0.9910 -0.0649
vn -0.4444 0.8685 -0.2197
vn -0.9474 -0.3027 0.1042
vn -0.9899 -0.1363 0.0398
vn 0.0293 -0.9948 0.0974
vn -0.6663 0.2016 -0.7179
vn -0.6796 0.2702 -0.6820
vn -0.4886 0.5340 -0.6900
vn -0.5187 0.4658 -0.7169
vn -0.1331 -0.7191 0.6821
vn -0.2861 -0.6864 0.6686
vn -0.2918 -0.7143 0.6361
vn -0.1299 -0.7822 0.6093
vn 0.0506 -0.9976 0.0471
vn 0.0504 -0.9966 0.0649
vn 0.1810 -0.9818 0.0572
vn 0.1742 -0.9839 -0.0397
vn -0.3880 -0.4866 0.7827
vn -0.4315 -0.4039 0.8066
vn -0.3164 -0.6669 0.6746
vn -0.2979 -0.6297 0.7175
vn -0.3697 -0.5594 0.7419
vn -0.3528 -0.5239 0.7753
vn 0.0969 -0.9914 0.0874
vn -0.0121 -0.9058 0.4234
vn -0.0751 -0.8173 0.5714
vn -0.2941 -0.7267 0.6208
vn 0.0330 -0.9951 0.0935
vn -0.6981 0.3935 -0.5981
vn -0.4420 0.6061 -0.6613
vn -0.7537 -0.3500 0.5563
vn -0.4528 0.6710 -0.5872
vn -0.7111 0.4609 -0.5309
vn -0.7912 0.4201 -0.4445
vn -0.5001 0.7499 -0.4329
vn -0.4902 0.8157 -0.3072
vn -0.3198 0.7805 -0.5372
vn -0.5224 0.6587 -0.5414
vn -0.5519 0.7397 -0.3850
vn 0.0427 -0.9852 -0.1658
vn 0.0574 -0.9851 -0.1622
vn 0.0476 -0.9910 -0.1249
vn 0.0078 -0.9824 -0.1868
vn -0.6522 -0.4198 0.6312
vn -0.3308 0.7978 -0.5040
vn -0.8042 -0.2702 -0.5294
vn -0.8528 0.0379 -0.5209
vn -0.8801 0.0334 -0.4736
vn -0.9135 -0.2039 -0.3521
vn 0.0518 -0.9982 0.0294
vn 0.0583 -0.9982 0.0131
vn 0.0824 -0.9963 0.0257
vn 0.0905 -0.9958 0.0104
vn -0.6352 -0.3104 0.7072
vn -0.6262 -0.5427 0.5598
vn -0.0304 -0.9974 -0.0646
vn -0.1848 -0.9618 0.2022
vn -0.1582 -0.9592 0.2345
vn -0.2735 -0.8161 0.5091
vn 0.0426 -0.9991 0.0011
vn 0.1465 -0.9854 -0.0864
vn 0.1193 -0.9818 -0.1476
vn -0.0630 -0.9978 -0.0182
vn -0.6102 -0.6556 -0.4448
vn -0.1112 -0.9914 -0.0683
vn -0.5527 -0.7746 -0.3075
vn -0.9957 -0.0011 -0.0924
vn -0.9813 0.1916 -0.0157
vn -0.8484 0.1798 -0.4979
vn -0.9357 0.0858 -0.3423
vn 0.0681 0.5906 -0.8041
vn -0.4644 -0.8832 0.0656
vn -0.5583 -0.8230 -0.1045
vn 0.1209 -0.9851 -0.1227
vn 0.0791 -0.9958 -0.0452
vn 0.1256 -0.9889 -0.0794
vn -0.6541 0.6257 -0.4249
vn -0.6554 0.6543 -0.3772
vn -0.2324 0.8211 -0.5213
vn -0.3037 0.7509 -0.5865
vn -0.2221 0.7045 -0.6740
vn -0.8244 0.4122 -0.3878
vn 0.0862 0.6482 -0.7566
vn -0.2930 0.7905 -0.5379
vn -0.8448 -0.2384 -0.4790
vn -0.5435 -0.7881 -0.2889
vn -0.8906 -0.2366 -0.3883
vn -0.1412 0.7396 -0.6581
vn -0.3660 -0.3639 0.8565
vn -0.9604 -0.2783 0.0109
vn -0.9163 -0.3718 -0.1489
vn -0.3468 -0.5715 0.7437
vn -0.8486 -0.4763 0.2303
vn -0.7081 -0.4117 0.5736
vn -0.7396 -0.2616 0.6201
vn -0.9188 -0.3029 0.2532
vn -0.0350 0.7425 -0.6690
vn -0.0530 0.7350 -0.6759
vn -0.0207 0.6675 -0.7443
vn -0.0301 0.7769 -0.6290
vn -0.1452 0.7909 -0.5945
vn -0.8067 -0.3447 0.4800
vn -0.7300 -0.3684 0.5757
vn -0.5696 -0.1695 -0.8042
vn -0.6637 -0.0463 -0.7465
vn -0.5537 -0.8144 -0.1734
vn -0.5428 -0.8018 -0.2498
vn -0.0320 -0.9995 0.0055
vn 0.0176 -0.9997 0.0189
vn -0.2890 -0.8262 0.4836
vn -0.4432 -0.7435 0.5008
vn -0.3334 -0.9106 0.2441
vn 0.0452 -0.9975 0.0543
vn 0.0452 -0.9973 0.0585
vn -0.0483 -0.9983 -0.0330
vn -0.3030 -0.9409 0.1511
vn -0.2809 -0.9441 0.1725
vn 0.1408 -0.9828 -0.1194
vn -0.0048 -0.9998 -0.0196
vn 0.0120 -0.9914 -0.1303
vn 0.0652 -0.9979 0.0006
vn -0.5738 -0.5060 0.6440
vn -0.4259 -0.4000 0.8115
vn -0.7940 0.4013 -0.4567
vn -0.8415 0.3844 -0.3797
vn -0.0293 -0.9959 -0.0851
vn -0.9930 -0.0787 -0.0885
vn -0.9916 -0.1065 0.0727
vn -0.8455 -0.0819 -0.5277
vn -0.8401 -0.1440 -0.5229
vn -0.8424 -0.1779 -0.5086
vn -0.9493 0.0099 -0.3142
vn 0.0982 -0.9889 -0.1117
vn -0.9506 -0.2931 -0.1022
vn -0.8981 -0.4251 -0.1124
vn -0.0956 -0.9949 0.0310
vn -0.0946 -0.9954 0.0156
vn -0.2650 -0.9154 0.3029
vn -0.7509 0.4008 -0.5249
vn -0.7870 0.4060 -0.4646
vn -0.8557 0.2159 -0.4704
vn -0.8988 0.1180 -0.4221
vn -0.7759 -0.4195 0.4712
vn -0.7608 -0.3774 0.5279
vn 0.0193 -0.9986 0.0499
vn -0.7891 -0.2261 -0.5712
vn -0.7372 -0.3252 -0.5923
vn -0.9290 -0.1717 -0.3278
vn -0.8003 -0.4388 -0.4086
vn 0.1601 -0.9795 -0.1221
vn -0.0148 0.5883 -0.8085
vn -0.4298 -0.8975 0.0993
vn -0.7964 -0.2392 -0.5554
vn -0.8136 -0.2823 -0.5082
vn -0.8591 -0.3417 -0.3811
vn -0.5511 -0.3772 0.7443
vn -0.3457 -0.6450 0.6815
vn -0.9025 -0.2853 -0.3225
vn -0.8778 0.0635 -0.4748
vn -0.9117 0.2367 -0.3358
vn -0.9580 0.0268 -0.2857
vn -0.6554 0.6191 -0.4326
vn -0.7756 0.3812 -0.5030
vn -0.7663 -0.6112 0.1979
vn -0.6295 -0.6245 0.4624
vn 0.0326 -0.9963 -0.0789
vn 0.0574 -0.9883 -0.1411
vn -0.6942 -0.3927 0.6032
vn -0.6187 -0.4188 0.6647
vn -0.8242 0.2847 -0.4895
vn -0.8014 0.3154 -0.5083
vn -0.8655 0.2412 -0.4391
vn -0.8466 0.3014 -0.4387
vn -0.6235 0.6671 -0.4077
vn 0.7736 0.5164 0.3674
vn 0.6279 0.7185 0.2991
vn 0.0558 -0.9979 -0.0315
vn 0.0187 -0.9969 -0.0763
vn 0.1269 -0.9900 -0.0616
vn -0.5444 -0.5662 0.6189
vn -0.5772 -0.3733 0.7263
vn -0.1015 -0.9894 0.1035
vn 0.0740 -0.9754 -0.2078
vn -0.8211 0.3747 -0.4307
vn -0.8614 0.0389 -0.5064
vn -0.8286 0.2888 -0.4796
vn -0.8715 -0.2140 -0.4412
vn -0.7655 -0.4105 -0.4955
vn -0.9300 0.0580 -0.3630
vn -0.8869 0.0193 -0.4615
vn -0.8605 -0.3177 -0.3982
vn -0.8062 -0.3925 -0.4427
vn 0.0577 -0.9978 0.0327
vn 0.0790 -0.9890 -0.1247
vn 0.1377 -0.9873 -0.0797
vn -0.8968 -0.1068 -0.4293
vn -0.9313 -0.0819 -0.3549
vn -0.8587 -0.3407 -0.3829
vn 0.1280 -0.9679 0.2163
vn -0.8411 -0.0351 -0.5398
vn -0.0588 -0.9936 0.0967
vn -0.2455 -0.9213 0.3014
vn 0.5898 0.4204 0.6894
vn -0.7276 0.3259 -0.6037
vn -0.8637 -0.1039 -0.4932
vn -0.9265 -0.1124 -0.3591
vn -0.7608 0.3800 -0.5260
vn -0.4357 0.6416 -0.6313
vn -0.7398 -0.2888 0.6077
vn -0.0846 -0.9948 -0.0561
vn 0.0653 -0.9978 0.0127
vn -0.7054 0.4421 -0.5540
vn -0.6917 0.2005 -0.6938
vn -0.8255 -0.2594 -0.5012
vn -0.9070 0.0209 -0.4206
vn -0.8734 0.0391 -0.4854
vn 0.0632 -0.9978 0.0223
vn 0.0488 -0.9982 0.0336
vn -0.7865 -0.3709 -0.4937
vn 0.1124 -0.9933 -0.0260
vn 0.0324 -0.9947 -0.0980
vn 0.0607 -0.9981 0.0044
vn -0.5770 -0.4288 0.6951
vn -0.5792 -0.4106 0.7042
vn -0.5225 -0.5179 0.6773
vn -0.2950 -0.7612 0.5775
vn -0.0808 -0.9925 0.0917
vn -0.2407 -0.9230 0.3001
vn -0.7696 0.3437 -0.5382
vn -0.8581 0.2560 -0.4451
vn 0.0392 -0.9987 -0.0331
vn -0.0319 -0.9993 0.0204
vn 0.0234 -0.9865 -0.1619
vn -0.2479 -0.9215 0.2990
vn 0.1038 -0.9787 -0.1773
vn -0.8661 0.0905 -0.4916
vn 0.0318 -0.9994 -0.0170
vn 0.3030 -0.9502 -0.0732
vn -0.0759 -0.9965 -0.0358
vn 0.0057 -0.9966 -0.0820
vn -0.8945 -0.2505 -0.3702
vn -0.6937 -0.4169 0.5873
vn 0.0894 -0.9960 0.0024
vn 0.0718 -0.9974 -0.0025
vn 0.6581 -0.7334 -0.1704
vn 0.6393 -0.7481 -0.1778
vn 0.2818 -0.9531 -0.1101
vn 0.5556 -0.8314 -0.0082
vn 0.0811 -0.9882 -0.1302
vn 0.0444 -0.9923 -0.1155
vn 0.0053 -0.9970 -0.0767
vn 0.0895 -0.9910 -0.0994
vn -0.4954 -0.7184 0.4884
vn -0.5101 -0.6917 0.5112
vn 0.0703 -0.9975 0.0040
vn 0.0014 -0.9980 -0.0628
vn -0.6015 -0.6158 0.5090
vn -0.5823 -0.5359 0.6113
vn -0.5392 -0.5865 0.6044
vn 0.1256 -0.9921 -0.0019
vn 0.0731 -0.9970 -0.0237
vn -0.8691 0.1122 -0.4818
vn -0.8390 0.3451 -0.4206
vn -0.8711 -0.2794 -0.4039
vn -0.8360 -0.2473 -0.4899
vn 0.9763 0.1539 -0.1519
vn 0.9843 0.0361 -0.1729
vn 0.9656 0.0315 -0.2580
vn 0.0642 -0.9956 0.0680
vn 0.5041 -0.8632 0.0290
vn 0.6323 -0.7744 0.0231
vn 0.0320 -0.9983 -0.0490
vn 0.1387 -0.9885 -0.0603
vn -0.9041 -0.3116 -0.2923
vn -0.5624 -0.8119 -0.1566
vn -0.8382 -0.2501 -0.4847
vn -0.8322 -0.1751 -0.5262
vn -0.0798 -0.9962 -0.0341
vn 0.2014 -0.9791 -0.0292
vn -0.0021 -0.9996 -0.0266
vn 0.0646 -0.9977 -0.0214
vn 0.0493 -0.9973 -0.0536
vn 0.0621 -0.9979 -0.0184
vn -0.0563 -0.9980 -0.0294
vn -0.9232 -0.1385 -0.3584
vn 0.0172 -0.9997 -0.0192
vn 0.0029 -0.9993 -0.0381
vn -0.6722 0.1273 -0.7294
vn -0.8009 -0.2674 -0.5358
vn -0.7916 -0.2758 -0.5452
vn -0.8022 -0.3572 -0.4784
vn -0.7794 -0.4286 -0.4571
vn 0.0817 -0.9810 0.1760
vn -0.2632 -0.7325 -0.6278
vn 0.0204 -0.9939 -0.1087
vn -0.8482 -0.2882 -0.4445
vn 0.0781 -0.9929 -0.0896
vn 0.1007 -0.9933 -0.0564
vn -0.8886 -0.3458 -0.3013
vn 0.0836 -0.9962 -0.0241
vn 0.1606 -0.9801 -0.1167
vn 0.1863 -0.9741 -0.1280
vn 0.1147 -0.9906 -0.0750
vn -0.8648 -0.3385 -0.3708
vn 0.1022 -0.9942 -0.0350
vn 0.0834 -0.9912 0.1032
vn 0.0797 -0.9913 -0.1052
vn -0.8843 -0.1929 -0.4252
vn -0.9454 -0.0500 -0.3221
vn -0.9548 0.0285 -0.2959
vn -0.9265 -0.2321 -0.2962
vn -0.9244 -0.2546 -0.2840
vn -0.9096 -0.1149 -0.3992
vn 0.6259 -0.7774 -0.0631
vn 0.2784 0.6065 0.7447
vn 0.2405 0.7122 0.6595
vn 0.9338 0.2687 0.2360
vn 0.0464 -0.9981 0.0396
vn -0.1524 -0.7371 -0.6584
vn 0.1499 -0.9812 0.1217
vn 0.0973 -0.9827 0.1576
vn 0.1027 -0.9908 -0.0878
vn 0.1012 -0.9941 -0.0403
vn 0.0878 -0.9946 -0.0561
vn 0.0078 -0.9962 -0.0863
vn 0.4794 -0.8531 -0.2060
vn -0.0129 -0.9981 -0.0601
vn 0.0399 -0.9970 -0.0664
vn 0.0433 -0.9877 -0.1505
vn 0.0352 -0.9876 -0.1527
vn 0.9228 0.2488 0.2943
vn -0.1390 -0.9774 0.1594
vn 0.7079 -0.7000 -0.0944
vn 0.8001 -0.5772 -0.1633
vn 0.0624 -0.9902 -0.1252
vn 0.0968 -0.9916 -0.0857
vn 0.5127 -0.8561 -0.0654
vn 0.0765 -0.9955 -0.0568
vn 0.8699 -0.4150 -0.2667
vn -0.2231 -0.6657 -0.7121
vn 0.1287 -0.9898 -0.0612
vn -0.1072 -0.9880 0.1110
vn 0.0917 -0.9312 0.3527
vn 0.0961 -0.9950 -0.0281
vn 0.0493 -0.9881 -0.1455
vn 0.0816 -0.9904 -0.1117
vn 0.7798 -0.6180 -0.0994
vn 0.9686 -0.1733 -0.1782
vn 0.9638 -0.2261 -0.1412
vn 0.9899 0.0233 -0.1397
vn 0.9591 -0.2157 -0.1831
vn 0.9700 0.2037 -0.1323
vn 0.1209 -0.9905 -0.0654
vn -0.1728 -0.9838 -0.0470
vn 0.5050 -0.8531 -0.1313
vn 0.5314 -0.8469 0.0183
vn 0.2630 0.7391 0.6202
vn 0.9498 -0.2022 -0.2389
vn 0.8362 0.5231 0.1645
vn 0.4457 -0.8860 -0.1276
vn 0.6358 -0.7334 -0.2407
vn 0.5203 -0.8487 -0.0951
vn 0.6466 -0.7377 -0.1945
vn 0.4653 -0.8752 -0.1324
vn 0.7185 -0.6468 -0.2560
vn 0.4534 -0.8882 -0.0739
vn 0.8901 0.4164 0.1852
vn 0.7775 -0.6175 -0.1189
vn 0.2230 0.7256 0.6510
vn 0.4083 -0.9035 -0.1304
vn 0.4800 -0.8487 -0.2220
vn 0.6206 -0.7826 -0.0484
vn 0.7818 -0.6154 -0.1004
vn 0.7946 -0.5424 -0.2729
vn 0.9317 -0.2851 -0.2251
vn 0.7035 -0.1253 0.6996
vn 0.8025 0.4572 0.3835
vn 0.5933 -0.8050 -0.0043
vn 0.6550 -0.7554 -0.0186
vn 0.6194 -0.7816 -0.0740
vn 0.7535 -0.6534 -0.0725
vn -0.1110 -0.9938 0.0066
vn 0.8606 -0.3812 -0.3378
vn 0.6183 -0.7858 -0.0170
vn 0.7899 -0.6107 -0.0564
vn 0.6439 -0.7644 0.0327
vn 0.1232 -0.9923 0.0129
vn 0.7529 -0.1527 0.6402
vt 0.359399 0.109839
vt 0.348669 0.120761
vt 0.322310 0.104133
vt 0.332392 0.090015
vt 0.070008 0.352115
vt 0.060378 0.357690
vt 0.055474 0.342911
vt 0.063922 0.335788
vt 0.601131 0.832772
vt 0.607960 0.830860
vt 0.607365 0.850236
vt 0.600417 0.852408
vt 0.271719 0.111417
vt 0.287988 0.109844
vt 0.274604 0.118597
vt 0.022101 0.283159
vt 0.029858 0.346278
vt 0.024002 0.347091
vt 0.018337 0.284292
vt 0.714527 0.158432
vt 0.683846 0.130966
vt 0.692119 0.124865
vt 0.723171 0.151457
vt 0.412211 0.408144
vt 0.408926 0.413255
vt 0.397642 0.406097
vt 0.400247 0.399196
vt 0.415200 0.403049
vt 0.405741 0.394174
vt 0.745089 0.511058
vt 0.746598 0.527656
vt 0.734780 0.525856
vt 0.734780 0.510121
vt 0.556050 0.795439
vt 0.557472 0.779290
vt 0.591251 0.778117
vt 0.590302 0.792738
vt 0.310504 0.401766
vt 0.304317 0.404024
vt 0.300018 0.389573
vt 0.305834 0.386888
vt 0.132112 0.786335
vt 0.133803 0.796174
vt 0.122287 0.799001
vt 0.118206 0.790648
vt 0.233855 0.396485
vt 0.269892 0.360411
vt 0.272677 0.367879
vt 0.237999 0.403142
vt 0.529558 0.676239
vt 0.537464 0.660524
vt 0.549223 0.667120
vt 0.541096 0.682673
vt 0.116385 0.355621
vt 0.125071 0.369317
vt 0.125137 0.373945
vt 0.110621 0.356703
vt 0.516493 0.643413
vt 0.503405 0.641065
vt 0.519927 0.616233
vt 0.532484 0.620079
vt 0.558997 0.179114
vt 0.547790 0.134618
vt 0.555956 0.133627
vt 0.568220 0.177454
vt 0.094423 0.301645
vt 0.075008 0.267917
vt 0.096961 0.300964
vt 0.076687 0.264949
vt 0.069001 0.266502
vt 0.067362 0.262681
vt 0.605900 0.539017
vt 0.621004 0.542075
vt 0.592158 0.579763
vt 0.577353 0.576246
vt 0.641312 0.680228
vt 0.622851 0.698117
vt 0.616621 0.685103
vt 0.635317 0.666177
vt 0.055340 0.325449
vt 0.059573 0.329972
vt 0.051385 0.341910
vt 0.047320 0.342470
vt 0.697196 0.544503
vt 0.697196 0.510498
vt 0.707934 0.510121
vt 0.706882 0.543764
vt 0.369428 0.690723
vt 0.348599 0.730220
vt 0.333907 0.723944
vt 0.355173 0.686506
vt 0.184603 0.447370
vt 0.198481 0.450714
vt 0.196437 0.453229
vt 0.185830 0.451609
vt 0.605968 0.586521
vt 0.634231 0.549008
vt 0.640062 0.553868
vt 0.612156 0.590981
vt 0.348267 0.373774
vt 0.356570 0.373660
vt 0.354176 0.384863
vt 0.349846 0.386815
vt 0.221239 0.401383
vt 0.230309 0.390805
vt 0.228204 0.405641
vt 0.587091 0.836447
vt 0.551728 0.843666
vt 0.796845 0.246533
vt 0.794005 0.223313
vt 0.807852 0.200795
vt 0.824094 0.209441
vt 0.824659 0.245712
vt 0.101469 0.561304
vt 0.101431 0.565764
vt 0.083221 0.575518
vt 0.082824 0.570770
vt 0.209274 0.832312
vt 0.210906 0.828830
vt 0.217052 0.831237
vt 0.212692 0.835289
vt 0.697196 0.526196
vt 0.696269 0.543158
vt 0.690398 0.536442
vt 0.374844 0.378615
vt 0.386332 0.375478
vt 0.391886 0.400979
vt 0.379431 0.410808
vt 0.367638 0.396416
vt 0.358999 0.388170
vt 0.354185 0.392600
vt 0.071303 0.332023
vt 0.077854 0.348032
vt 0.125238 0.285932
vt 0.104892 0.238815
vt 0.134189 0.230153
vt 0.153626 0.272434
vt 0.219007 0.367039
vt 0.258841 0.333672
vt 0.267250 0.353404
vt 0.417272 0.324881
vt 0.399847 0.324131
vt 0.399684 0.294095
vt 0.424110 0.298958
vt 0.539500 0.534355
vt 0.546383 0.538223
vt 0.515932 0.565655
vt 0.507252 0.563616
vt 0.713556 0.415598
vt 0.731157 0.420855
vt 0.714957 0.428334
vt 0.700640 0.423024
vt 0.010738 0.285927
vt 0.013576 0.344705
vt 0.765686 0.053333
vt 0.788962 0.077769
vt 0.783719 0.083235
vt 0.760546 0.057699
vt 0.073278 0.392779
vt 0.081842 0.382290
vt 0.392001 0.413389
vt 0.391857 0.407741
vt 0.604626 0.776256
vt 0.591974 0.749634
vt 0.604410 0.747619
vt 0.588978 0.719623
vt 0.589908 0.724840
vt 0.562100 0.719611
vt 0.563497 0.712778
vt 0.587981 0.901164
vt 0.556781 0.923923
vt 0.554280 0.918801
vt 0.587751 0.897456
vt 0.218237 0.811321
vt 0.225586 0.812221
vt 0.814690 0.054949
vt 0.842157 0.084418
vt 0.822252 0.113773
vt 0.065348 0.317577
vt 0.088011 0.313123
vt 0.089749 0.320906
vt 0.067885 0.324358
vt 0.586017 0.856762
vt 0.091816 0.327949
vt 0.097727 0.340751
vt 0.207166 0.410495
vt 0.167304 0.418357
vt 0.172545 0.392091
vt 0.204699 0.378911
vt 0.559676 0.748202
vt 0.506135 0.667751
vt 0.499136 0.688613
vt 0.488031 0.686927
vt 0.494255 0.666259
vt 0.610638 0.789086
vt 0.636557 0.780180
vt 0.635531 0.822124
vt 0.587783 0.609909
vt 0.574693 0.602874
vt 0.302598 0.461266
vt 0.251176 0.467565
vt 0.252526 0.464543
vt 0.302530 0.456439
vt 0.254175 0.319008
vt 0.256432 0.326498
vt 0.215916 0.358759
vt 0.213181 0.350849
vt 0.172758 0.382216
vt 0.202296 0.369063
vt 0.172008 0.372299
vt 0.199747 0.360093
vt 0.587860 0.711844
vt 0.567953 0.699266
vt 0.050415 0.361486
vt 0.055608 0.359367
vt 0.045622 0.363951
vt 0.043109 0.343454
vt 0.034234 0.370362
vt 0.028520 0.373891
vt 0.557528 0.626618
vt 0.544551 0.621298
vt 0.560852 0.597826
vt 0.071082 0.394314
vt 0.596889 0.657355
vt 0.579254 0.680245
vt 0.558966 0.663946
vt 0.576114 0.638302
vt 0.611910 0.525122
vt 0.595419 0.524317
vt 0.598440 0.510121
vt 0.616021 0.512830
vt 0.548048 0.595738
vt 0.533426 0.591356
vt 0.289996 0.356614
vt 0.297641 0.381804
vt 0.280710 0.391659
vt 0.549711 0.570642
vt 0.562578 0.573155
vt 0.287365 0.348862
vt 0.689840 0.541285
vt 0.680368 0.523987
vt 0.683828 0.519511
vt 0.221774 0.428600
vt 0.233373 0.411229
vt 0.228567 0.429833
vt 0.548948 0.875010
vt 0.549470 0.867207
vt 0.586082 0.863120
vt 0.554769 0.670843
vt 0.546736 0.686005
vt 0.510419 0.690661
vt 0.522171 0.694879
vt 0.519100 0.704492
vt 0.506952 0.701141
vt 0.018077 0.210951
vt 0.013566 0.211313
vt 0.010549 0.173367
vt 0.015601 0.172672
vt 0.516869 0.849240
vt 0.515075 0.875956
vt 0.501636 0.878106
vt 0.503035 0.850368
vt 0.733122 0.040504
vt 0.738445 0.035997
vt 0.755287 0.062192
vt 0.709369 0.025246
vt 0.714806 0.020673
vt 0.727544 0.045235
vt 0.051160 0.321527
vt 0.030948 0.280783
vt 0.044038 0.278054
vt 0.062955 0.311332
vt 0.553290 0.660034
vt 0.282954 0.398827
vt 0.847076 0.089398
vt 0.828209 0.118962
vt 0.501901 0.589746
vt 0.490718 0.616024
vt 0.749794 0.067166
vt 0.721009 0.098371
vt 0.694909 0.074403
vt 0.494103 0.589382
vt 0.482879 0.616174
vt 0.603990 0.790608
vt 0.035034 0.249052
vt 0.030205 0.211685
vt 0.047359 0.212900
vt 0.056386 0.248704
vt 0.246688 0.458930
vt 0.245373 0.462576
vt 0.218465 0.458373
vt 0.221286 0.454093
vt 0.047674 0.601038
vt 0.046179 0.596850
vt 0.077322 0.574792
vt 0.078691 0.580036
vt 0.671509 0.040082
vt 0.666577 0.025707
vt 0.700120 0.008898
vt 0.706068 0.019838
vt 0.537474 0.711109
vt 0.540089 0.702608
vt 0.835273 0.123681
vt 0.851493 0.094525
vt 0.711037 0.015571
vt 0.702910 0.005922
vt 0.704649 0.003175
vt 0.714810 0.011807
vt 0.600507 0.858542
vt 0.190917 0.335337
vt 0.164846 0.346943
vt 0.082659 0.593791
vt 0.056923 0.620120
vt 0.706502 0.000000
vt 0.718145 0.008088
vt 0.778988 0.088480
vt 0.817594 0.119658
vt 0.813780 0.125887
vt 0.254410 0.691749
vt 0.281293 0.657148
vt 0.316288 0.670431
vt 0.291682 0.708559
vt 0.357152 0.345858
vt 0.357482 0.366869
vt 0.348280 0.366840
vt 0.347580 0.346499
vt 0.487893 0.878961
vt 0.501320 0.887255
vt 0.487704 0.888220
vt 0.719350 0.016351
vt 0.723264 0.012467
vt 0.845725 0.080206
vt 0.819059 0.051780
vt 0.600286 0.891882
vt 0.587537 0.893574
vt 0.340161 0.367670
vt 0.338334 0.346673
vt 0.085997 0.304317
vt 0.590448 0.537924
vt 0.593379 0.531098
vt 0.609114 0.532945
vt 0.675025 0.047531
vt 0.333873 0.309713
vt 0.337452 0.332591
vt 0.290310 0.338873
vt 0.283710 0.317668
vt 0.528275 0.795936
vt 0.523772 0.848398
vt 0.064054 0.212131
vt 0.056313 0.212753
vt 0.045037 0.173596
vt 0.051787 0.176044
vt 0.664501 0.012439
vt 0.664491 0.006057
vt 0.085177 0.598903
vt 0.060208 0.625116
vt 0.374467 0.369225
vt 0.364931 0.375206
vt 0.365559 0.368129
vt 0.849802 0.085228
vt 0.075569 0.559426
vt 0.082329 0.556616
vt 0.082566 0.561373
vt 0.076207 0.564598
vt 0.697196 0.510121
vt 0.633775 0.848690
vt 0.607440 0.856428
vt 0.634160 0.842033
vt 0.021322 0.245359
vt 0.694840 0.548054
vt 0.513321 0.651708
vt 0.525328 0.655282
vt 0.517802 0.671185
vt 0.122747 0.355095
vt 0.107299 0.335589
vt 0.110717 0.333569
vt 0.287529 0.416547
vt 0.293922 0.429255
vt 0.254873 0.441769
vt 0.252822 0.429718
vt 0.124018 0.616882
vt 0.088504 0.594485
vt 0.096386 0.579863
vt 0.134514 0.591700
vt 0.285690 0.411043
vt 0.306564 0.410430
vt 0.229470 0.586712
vt 0.232766 0.572134
vt 0.241455 0.574861
vt 0.237985 0.590095
vt 0.529081 0.647402
vt 0.284662 0.341886
vt 0.610466 0.745813
vt 0.611072 0.774759
vt 0.166873 0.291886
vt 0.139312 0.305215
vt 0.134426 0.298964
vt 0.162427 0.285336
vt 0.105870 0.322201
vt 0.102633 0.323948
vt 0.578690 0.523703
vt 0.580113 0.510897
vt 0.248200 0.427092
vt 0.247913 0.440109
vt 0.064146 0.268051
vt 0.061031 0.263303
vt 0.570109 0.634135
vt 0.531411 0.708833
vt 0.534101 0.699950
vt 0.301326 0.450187
vt 0.254138 0.460123
vt 0.068150 0.396653
vt 0.064520 0.400011
vt 0.625240 0.705098
vt 0.631881 0.734774
vt 0.606316 0.719486
vt 0.513620 0.742646
vt 0.499458 0.741188
vt 0.155229 0.389471
vt 0.156891 0.381317
vt 0.469493 0.590008
vt 0.481198 0.558494
vt 0.491572 0.559581
vt 0.480303 0.589760
vt 0.010366 0.397514
vt 0.006533 0.408844
vt -0.000000 0.399005
vt 0.004051 0.388111
vt 0.431515 0.371979
vt 0.427935 0.378829
vt 0.412641 0.370502
vt 0.414810 0.362952
vt 0.319395 0.420068
vt 0.311927 0.422282
vt 0.313372 0.408138
vt 0.137319 0.324195
vt 0.150860 0.351365
vt 0.136317 0.353888
vt 0.123876 0.330617
vt 0.065026 0.246988
vt 0.380140 0.435471
vt 0.375413 0.426040
vt 0.382086 0.422933
vt 0.387196 0.431582
vt 0.210835 0.452794
vt 0.213550 0.428897
vt 0.104946 0.359957
vt 0.104073 0.338030
vt 0.139986 0.378484
vt 0.140828 0.372253
vt 0.157641 0.373141
vt 0.015606 0.245218
vt 0.643500 0.687765
vt 0.093215 0.311471
vt 0.095242 0.319201
vt 0.098060 0.325918
vt 0.099838 0.317280
vt 0.110384 0.320545
vt 0.116871 0.332211
vt 0.129195 0.354102
vt 0.090789 0.373925
vt 0.051249 0.409416
vt 0.040936 0.432179
vt 0.103370 0.549850
vt 0.103293 0.554092
vt 0.349120 0.395815
vt 0.345079 0.389185
vt 0.844569 0.138219
vt 0.831675 0.130058
vt 0.846883 0.132706
vt 0.249102 0.422141
vt 0.661946 0.669098
vt 0.669068 0.703321
vt 0.651140 0.719786
vt 0.627647 0.529568
vt 0.624595 0.535805
vt 0.654011 0.645439
vt 0.615375 0.635086
vt 0.633371 0.612240
vt 0.072122 0.246164
vt 0.078515 0.245293
vt 0.103504 0.297598
vt 0.099656 0.299707
vt 0.103105 0.545228
vt 0.081883 0.551578
vt 0.037617 0.130947
vt 0.036600 0.146743
vt 0.022823 0.144056
vt 0.026006 0.128550
vt 0.150338 0.317831
vt 0.203412 0.430211
vt 0.679610 0.753326
vt 0.660026 0.767887
vt 0.657491 0.752149
vt 0.676183 0.736795
vt 0.132656 0.371193
vt 0.121711 0.306080
vt 0.117214 0.299501
vt 0.129899 0.292543
vt 0.743482 0.031808
vt 0.768638 0.011594
vt 0.793162 0.031821
vt 0.108239 0.406495
vt 0.101781 0.417260
vt 0.601185 0.722114
vt 0.055715 0.406085
vt 0.606177 0.891581
vt 0.659730 0.660942
vt 0.287786 0.823277
vt 0.279400 0.815943
vt 0.283693 0.807656
vt 0.294055 0.815390
vt 0.157829 0.278951
vt 0.635565 0.765294
vt 0.281965 0.309460
vt 0.332157 0.301713
vt 0.521821 0.874459
vt 0.604539 0.713482
vt 0.303371 0.378927
vt 0.341455 0.374730
vt 0.476250 0.642195
vt 0.001690 0.176755
vt 0.003597 0.213452
vt 0.469373 0.644011
vt 0.455408 0.644212
vt 0.468852 0.615996
vt 0.484578 0.696568
vt 0.496195 0.699684
vt 0.095114 0.205669
vt 0.090105 0.243137
vt 0.081297 0.208835
vt 0.541352 0.653357
vt 0.797131 0.029142
vt 0.120731 0.624702
vt 0.500117 0.648708
vt 0.473353 0.649799
vt 0.008786 0.248855
vt 0.832173 0.041757
vt 0.858125 0.069729
vt 0.300884 0.574332
vt 0.260478 0.564872
vt 0.255403 0.519614
vt 0.294295 0.524576
vt 0.634442 0.019411
vt 0.633991 0.011664
vt 0.155702 0.443641
vt 0.162212 0.430291
vt 0.751010 0.124920
vt 0.774897 0.093391
vt 0.451460 0.670739
vt 0.452841 0.651714
vt 0.466860 0.651468
vt 0.462918 0.667601
vt 0.642359 0.052960
vt 0.637158 0.036129
vt 0.342650 0.308923
vt 0.346633 0.332049
vt 0.087389 0.110754
vt 0.101866 0.095762
vt 0.106459 0.106397
vt 0.521270 0.796010
vt 0.297772 0.611926
vt 0.254731 0.597012
vt 0.258476 0.580956
vt 0.300338 0.593257
vt 0.811285 0.132141
vt 0.638532 0.064659
vt 0.645899 0.061656
vt 0.665719 0.095930
vt 0.658087 0.100385
vt 0.070186 0.211521
vt 0.552172 0.913568
vt 0.273132 0.305366
vt 0.275553 0.313139
vt 0.260293 0.825401
vt 0.265260 0.817296
vt 0.274383 0.824536
vt 0.267702 0.831557
vt 0.365918 0.345171
vt 0.526072 0.930038
vt 0.521530 0.883283
vt 0.172505 0.272267
vt 0.168337 0.265904
vt 0.213422 0.244302
vt 0.217650 0.250031
vt 0.112539 0.292499
vt 0.225265 0.262157
vt 0.180823 0.285146
vt 0.176566 0.278739
vt 0.221414 0.256146
vt 0.634128 0.004779
vt 0.665058 0.000428
vt 0.381190 0.417096
vt 0.658443 0.833350
vt 0.658105 0.840543
vt 0.469480 0.667717
vt 0.530066 0.778664
vt 0.246311 0.297648
vt 0.267227 0.283431
vt 0.809746 0.020651
vt 0.239033 0.238825
vt 0.243338 0.244096
vt 0.484913 0.740111
vt 0.356587 0.406529
vt 0.361706 0.401934
vt 0.328559 0.439174
vt 0.366150 0.419986
vt 0.367907 0.424680
vt 0.330353 0.446120
vt 0.337798 0.340029
vt 0.293083 0.345728
vt 0.523218 0.778342
vt 0.508945 0.777135
vt 0.527176 0.744261
vt 0.519364 0.933466
vt 0.514766 0.885058
vt 0.628910 0.889341
vt 0.533785 0.745096
vt 0.189547 0.297980
vt 0.204539 0.327201
vt 0.176321 0.305152
vt 0.463270 0.685686
vt 0.232769 0.273837
vt 0.256111 0.260122
vt 0.295771 0.353517
vt 0.389810 0.200835
vt 0.405236 0.232361
vt 0.384141 0.245780
vt 0.369522 0.213214
vt 0.295729 0.621056
vt 0.238794 0.636211
vt 0.252384 0.605009
vt 0.278064 0.320954
vt 0.303234 0.821763
vt 0.296704 0.829799
vt 0.252426 0.424549
vt 0.281320 0.831375
vt 0.235999 0.490697
vt 0.233280 0.497239
vt 0.206984 0.490702
vt 0.209235 0.482686
vt 0.505705 0.939217
vt 0.212393 0.668131
vt 0.167962 0.834696
vt 0.169759 0.842231
vt 0.272678 0.800689
vt 0.286038 0.770423
vt 0.301148 0.776037
vt 0.235551 0.597633
vt 0.387331 0.366394
vt 0.767584 0.522093
vt 0.767584 0.512614
vt 0.773141 0.510121
vt 0.773281 0.519277
vt 0.219767 0.804741
vt 0.165988 0.810742
vt 0.166372 0.803111
vt 0.312463 0.727286
vt 0.306408 0.736299
vt 0.287527 0.729837
vt 0.294139 0.721046
vt 0.091020 0.302800
vt 0.327726 0.470697
vt 0.330050 0.484915
vt 0.304905 0.490854
vt 0.304845 0.477485
vt 0.859578 0.104629
vt 0.322059 0.441455
vt 0.244393 0.493392
vt 0.242513 0.473748
vt 0.246559 0.477550
vt 0.310715 0.759452
vt 0.295210 0.753861
vt 0.037796 0.171657
vt 0.023745 0.170914
vt 0.115008 0.318828
vt 0.126487 0.312174
vt 0.323824 0.452580
vt 0.323446 0.448028
vt 0.280384 0.301219
vt 0.086590 0.176206
vt 0.117212 0.169373
vt 0.124984 0.198926
vt 0.492851 0.794394
vt 0.507163 0.795382
vt 0.489096 0.850795
vt 0.494501 0.775737
vt 0.145084 0.561415
vt 0.147285 0.551327
vt 0.163039 0.555040
vt 0.161490 0.567508
vt 0.344591 0.261647
vt 0.331534 0.227414
vt 0.346875 0.222622
vt 0.360335 0.256343
vt 0.399795 0.422887
vt 0.303836 0.471177
vt 0.247538 0.472589
vt 0.315633 0.782079
vt 0.596928 0.012040
vt 0.583221 0.014548
vt 0.585774 0.004741
vt 0.598743 0.002959
vt 0.179126 0.487528
vt 0.188534 0.488010
vt 0.181188 0.508409
vt 0.170988 0.506566
vt 0.197944 0.489975
vt 0.200775 0.509735
vt 0.191586 0.510121
vt 0.599553 0.047139
vt 0.614705 0.042468
vt 0.619932 0.061130
vt 0.605108 0.066317
vt 0.143573 0.567899
vt 0.612721 0.001355
vt 0.611378 0.009190
vt 0.097200 0.309906
vt 0.100346 0.308608
vt 0.103296 0.315744
vt 0.103440 0.307245
vt 0.107008 0.314124
vt 0.111126 0.312253
vt 0.339620 0.604456
vt 0.339697 0.625924
vt 0.331644 0.623202
vt 0.332076 0.602405
vt 0.195289 0.576254
vt 0.197351 0.563667
vt 0.147947 0.545464
vt 0.147715 0.542140
vt 0.010509 0.163663
vt 0.000000 0.166996
vt 0.243384 0.559972
vt 0.259713 0.572829
vt 0.242649 0.567533
vt 0.197685 0.658465
vt 0.222831 0.628049
vt 0.138897 0.195061
vt 0.148746 0.224881
vt 0.680368 0.800446
vt 0.660374 0.811977
vt 0.246156 0.699755
vt 0.284441 0.717443
vt 0.474173 0.878469
vt 0.475201 0.850314
vt 0.132858 0.940928
vt 0.119856 0.941544
vt 0.097669 0.929686
vt 0.109104 0.926898
vt 0.214198 0.468042
vt 0.442567 0.696864
vt 0.445718 0.688411
vt 0.457152 0.686564
vt 0.453976 0.696049
vt 0.198182 0.551014
vt 0.164027 0.544058
vt 0.163910 0.511091
vt 0.196896 0.514434
vt 0.327303 0.787385
vt 0.150902 0.596852
vt 0.139629 0.619712
vt 0.277189 0.725817
vt 0.237890 0.707506
vt 0.391774 0.342184
vt 0.378123 0.345652
vt 0.130891 0.494812
vt 0.140983 0.474998
vt 0.492335 0.943896
vt 0.242888 0.467449
vt 0.626686 0.117472
vt 0.608601 0.076369
vt 0.623536 0.070730
vt 0.642567 0.109389
vt 0.084049 0.674811
vt 0.078546 0.660462
vt 0.134892 0.627386
vt 0.125883 0.636562
vt 0.116198 0.647033
vt 0.234451 0.557982
vt 0.230559 0.517798
vt 0.238864 0.518464
vt 0.263055 0.761482
vt 0.273736 0.746097
vt 0.262265 0.741238
vt 0.373368 0.300923
vt 0.376506 0.329165
vt 0.364285 0.330558
vt 0.358516 0.305646
vt 0.300907 0.711931
vt 0.147504 0.510121
vt 0.100939 0.420361
vt 0.410976 0.337101
vt 0.405592 0.362842
vt 0.396417 0.363674
vt 0.400939 0.339839
vt 0.233829 0.565066
vt 0.197860 0.557461
vt 0.431096 0.771297
vt 0.440890 0.733354
vt 0.445956 0.734075
vt 0.437744 0.772172
vt 0.160000 0.573499
vt 0.351068 0.307388
vt 0.355770 0.331364
vt 0.110732 0.420718
vt 0.117440 0.410085
vt 0.126323 0.414030
vt 0.119749 0.424697
vt 0.842123 0.149736
vt 0.827769 0.142798
vt 0.829211 0.136377
vt 0.842673 0.144016
vt 0.123064 0.379374
vt 0.113422 0.395115
vt 0.250480 0.756141
vt 0.243733 0.790178
vt 0.225198 0.790889
vt 0.176244 0.774906
vt 0.205342 0.737642
vt 0.390688 0.325978
vt 0.389646 0.296429
vt 0.470153 0.738075
vt 0.459895 0.695346
vt 0.852398 0.136733
vt 0.849867 0.142129
vt 0.824855 0.124856
vt 0.821512 0.131519
vt 0.394479 0.371995
vt 0.666499 0.142631
vt 0.329520 0.489246
vt 0.304049 0.496521
vt 0.330007 0.293472
vt 0.634876 0.055825
vt 0.629725 0.038431
vt 0.282625 0.843494
vt 0.273385 0.836855
vt 0.289868 0.837830
vt 0.626826 0.021260
vt 0.528919 0.936435
vt 0.522224 0.940392
vt 0.368939 0.429203
vt 0.330895 0.450857
vt 0.479829 0.774887
vt 0.609355 0.123192
vt 0.591956 0.128273
vt 0.578573 0.086321
vt 0.593828 0.081921
vt 0.243016 0.499387
vt 0.072289 0.663888
vt 0.065495 0.666932
vt 0.050631 0.632462
vt 0.056007 0.629188
vt 0.190734 0.653481
vt 0.215118 0.624143
vt 0.403604 0.370445
vt 0.325796 0.463659
vt 0.333314 0.462033
vt 0.014797 0.145775
vt 0.014750 0.162622
vt 0.010026 0.146687
vt 0.433307 0.302514
vt 0.433351 0.327992
vt 0.194824 0.683167
vt 0.221190 0.722470
vt 0.179098 0.697621
vt 0.517028 0.141870
vt 0.514883 0.097440
vt 0.516717 0.094813
vt 0.521204 0.140545
vt 0.163709 0.549853
vt 0.276008 0.278619
vt 0.799057 0.166780
vt 0.430580 0.216370
vt 0.438885 0.236920
vt 0.429598 0.244131
vt 0.419170 0.223345
vt 0.058220 0.178042
vt 0.347328 0.339359
vt 0.356634 0.338660
vt 0.365494 0.337866
vt 0.284834 0.872111
vt 0.263719 0.865096
vt 0.302573 0.851038
vt 0.403223 0.427052
vt 0.412383 0.416958
vt 0.203589 0.675666
vt 0.420782 0.407414
vt 0.417196 0.412389
vt 0.377193 0.338635
vt 0.157519 0.640960
vt 0.165779 0.634269
vt 0.374790 0.420842
vt 0.372961 0.415629
vt 0.418222 0.338528
vt 0.070359 0.681918
vt 0.077572 0.678748
vt 0.611546 0.025213
vt 0.610858 0.016878
vt 0.626193 0.013326
vt 0.431239 0.655778
vt 0.440936 0.656910
vt 0.438549 0.673211
vt 0.426054 0.670929
vt 0.227241 0.594114
vt 0.391133 0.437311
vt 0.373897 0.439529
vt 0.218193 0.793247
vt 0.169887 0.788344
vt 0.172953 0.781325
vt 0.478394 0.793849
vt 0.102656 0.517840
vt 0.022798 0.161756
vt 0.465128 0.774252
vt 0.581767 0.024338
vt 0.596200 0.021393
vt 0.167761 0.795595
vt 0.135491 0.805097
vt 0.626315 0.005815
vt 0.415219 0.424948
vt 0.421378 0.421684
vt 0.371395 0.291775
vt 0.356415 0.296741
vt 0.179969 0.672736
vt 0.165121 0.687016
vt 0.052724 0.624498
vt 0.048221 0.628833
vt 0.037383 0.609945
vt 0.042683 0.605521
vt 0.235131 0.233234
vt 0.276666 0.879014
vt 0.223820 0.914198
vt 0.208307 0.903166
vt 0.255693 0.870211
vt 0.410654 0.331520
vt 0.400874 0.332834
vt 0.533537 0.137452
vt 0.525032 0.093394
vt 0.540303 0.093906
vt 0.188752 0.665660
vt 0.241654 0.849124
vt 0.248032 0.854735
vt 0.434712 0.384363
vt 0.441855 0.393627
vt 0.426951 0.417004
vt 0.000114 0.148328
vt 0.868731 0.159282
vt 0.871841 0.154205
vt 0.043280 0.633494
vt 0.031428 0.614427
vt 0.028650 0.610393
vt 0.035696 0.606181
vt 0.848010 0.147576
vt 0.405892 0.432952
vt 0.819600 0.137666
vt 0.377017 0.444821
vt 0.381827 0.452907
vt 0.338771 0.482170
vt 0.335067 0.468679
vt 0.719944 0.452991
vt 0.726963 0.447769
vt 0.745130 0.446895
vt 0.731503 0.453199
vt 0.394727 0.273137
vt 0.416816 0.257564
vt 0.478754 0.946177
vt 0.473997 0.888007
vt 0.508597 0.946433
vt 0.463793 0.793043
vt 0.461181 0.849339
vt 0.433928 0.334880
vt 0.419813 0.330239
vt 0.269104 0.808922
vt 0.254689 0.859911
vt 0.083690 0.820219
vt 0.076034 0.813196
vt 0.247812 0.249300
vt 0.263822 0.256230
vt 0.193561 0.582702
vt 0.391497 0.334569
vt 0.246794 0.865820
vt 0.445499 0.386469
vt 0.437504 0.377283
vt 0.442691 0.274649
vt 0.440182 0.269205
vt 0.449937 0.259279
vt 0.450935 0.264211
vt 0.071125 0.178641
vt 0.165171 0.713093
vt 0.300404 0.221445
vt 0.308037 0.234263
vt 0.255069 0.245608
vt 0.149144 0.647310
vt 0.130624 0.754730
vt 0.227559 0.804700
vt 0.227540 0.797388
vt 0.244037 0.800049
vt 0.242233 0.809011
vt 0.431004 0.731704
vt 0.114430 0.768570
vt 0.123006 0.762287
vt 0.340667 0.300775
vt 0.701305 0.431489
vt 0.710020 0.438135
vt 0.690910 0.433746
vt 0.596196 0.029662
vt 0.394949 0.443013
vt 0.547689 0.092664
vt 0.460245 0.877778
vt 0.434534 0.340686
vt 0.417950 0.334539
vt 0.442069 0.352529
vt 0.434869 0.347763
vt 0.328527 0.265952
vt 0.338091 0.292265
vt 0.320052 0.267728
vt 0.388463 0.448049
vt 0.383734 0.440860
vt 0.253041 0.801741
vt 0.254779 0.792982
vt 0.183566 0.608604
vt 0.581753 0.034051
vt 0.584258 0.051477
vt 0.137383 0.814203
vt 0.143157 0.840707
vt 0.191914 0.208695
vt 0.748294 0.399929
vt 0.761559 0.399496
vt 0.745301 0.426419
vt 0.434108 0.873407
vt 0.435867 0.844414
vt 0.037500 0.163001
vt 0.250487 0.810212
vt 0.003462 0.129834
vt 0.014381 0.129794
vt 0.569325 0.055611
vt 0.567671 0.037886
vt 0.219998 0.798763
vt 0.213084 0.198187
vt 0.179299 0.182233
vt 0.199281 0.173637
vt 0.173176 0.667393
vt 0.181862 0.660417
vt 0.124856 0.668953
vt 0.097684 0.703041
vt 0.421756 0.268697
vt 0.397977 0.283692
vt 0.071109 0.171222
vt 0.085584 0.169552
vt 0.135267 0.658560
vt 0.221967 0.843389
vt 0.177185 0.861898
vt 0.172198 0.848799
vt 0.432995 0.688424
vt 0.443362 0.672771
vt 0.437474 0.689255
vt 0.607129 0.168702
vt 0.226653 0.847580
vt 0.180256 0.867503
vt 0.336754 0.263867
vt 0.345982 0.290204
vt 0.450120 0.245004
vt 0.455598 0.256425
vt 0.445022 0.248727
vt 0.239830 0.860087
vt 0.074292 0.717821
vt 0.033271 0.722552
vt 0.032561 0.684696
vt 0.063266 0.684656
vt 0.814203 0.181003
vt 0.806621 0.173814
vt 0.033069 0.091511
vt 0.017933 0.122237
vt 0.006231 0.121394
vt 0.023340 0.090917
vt 0.669060 0.435512
vt 0.681039 0.430684
vt 0.678436 0.439105
vt 0.713980 0.517909
vt 0.707934 0.516186
vt 0.709282 0.510121
vt 0.715346 0.511941
vt 0.627571 0.162262
vt 0.651492 0.194688
vt 0.628393 0.203780
vt 0.708981 0.429279
vt 0.688717 0.428706
vt 0.695485 0.425884
vt 0.415679 0.428572
vt 0.406708 0.436775
vt 0.193142 0.887504
vt 0.200442 0.895747
vt 0.395964 0.445748
vt 0.441833 0.243182
vt 0.435778 0.257317
vt 0.432815 0.250884
vt 0.110991 0.746034
vt 0.118891 0.739281
vt 0.147025 0.695364
vt 0.158704 0.681582
vt 0.152968 0.701585
vt 0.708146 0.451227
vt 0.712123 0.444664
vt 0.442940 0.397942
vt 0.427116 0.420732
vt 0.441630 0.336799
vt 0.440738 0.329701
vt 0.453597 0.334171
vt 0.453631 0.342965
vt 0.247834 0.818197
vt 0.033040 0.668667
vt 0.045256 0.636917
vt 0.060096 0.669812
vt 0.381884 0.185850
vt 0.361375 0.198247
vt 0.353526 0.288076
vt 0.647597 0.153535
vt 0.695522 0.171992
vt 0.674283 0.183958
vt 0.117335 0.100609
vt 0.113002 0.088756
vt 0.147277 0.068367
vt 0.151681 0.082629
vt 0.426700 0.950397
vt 0.424503 0.940821
vt 0.434272 0.947097
vt 0.435670 0.956122
vt 0.348606 0.298859
vt 0.044530 0.148447
vt 0.045137 0.164679
vt 0.568322 0.027240
vt 0.369042 0.282723
vt 0.677720 0.441893
vt 0.450920 0.360874
vt 0.454826 0.365822
vt 0.446586 0.390707
vt 0.240104 0.817113
vt 0.109721 0.942094
vt 0.104908 0.944170
vt 0.087530 0.931493
vt 0.090375 0.931081
vt 0.421548 0.425074
vt 0.117479 0.943784
vt 0.112746 0.946299
vt 0.460377 0.311620
vt 0.460718 0.297278
vt 0.481854 0.306786
vt 0.476231 0.323427
vt -0.000000 0.666957
vt 0.004810 0.653128
vt 0.027092 0.665962
vt 0.024793 0.681675
vt 0.138713 0.938843
vt 0.145482 0.940455
vt 0.139734 0.942020
vt 0.389248 0.450025
vt 0.383405 0.455984
vt 0.082339 0.713663
vt 0.465189 0.946291
vt 0.460235 0.887470
vt 0.478099 0.236626
vt 0.483863 0.253778
vt 0.487672 0.236200
vt 0.491465 0.256168
vt 0.065970 0.834802
vt 0.047861 0.823123
vt 0.060158 0.798207
vt 0.436531 0.790635
vt 0.570626 0.016641
vt 0.481077 0.954701
vt 0.467010 0.955371
vt 0.147716 0.856145
vt 0.145245 0.848783
vt 0.104524 0.773712
vt 0.092686 0.757244
vt 0.102121 0.752039
vt 0.420533 0.769396
vt 0.827977 0.192244
vt 0.846852 0.153271
vt 0.834084 0.196492
vt 0.339079 0.486650
vt 0.385910 0.276527
vt 0.376291 0.249857
vt 0.825988 0.293105
vt 0.832744 0.248082
vt 0.834202 0.294454
vt 0.045520 0.779781
vt 0.199401 0.925019
vt 0.183439 0.915615
vt 0.024469 0.719958
vt 0.429986 0.696665
vt 0.418483 0.694072
vt 0.421083 0.685867
vt 0.762412 0.201052
vt 0.772589 0.194546
vt 0.065958 0.097517
vt 0.053644 0.128894
vt 0.046543 0.125958
vt 0.061312 0.095095
vt 0.144772 0.938496
vt 0.122341 0.926238
vt 0.174964 0.919353
vt 0.191725 0.929864
vt 0.444312 0.233453
vt 0.435050 0.213470
vt 0.738323 0.215171
vt 0.307784 0.218868
vt 0.315586 0.232148
vt 0.130820 0.166066
vt 0.052419 0.150565
vt 0.059679 0.152683
vt 0.059015 0.169338
vt 0.052406 0.166696
vt 0.543689 0.063722
vt 0.543243 0.041862
vt 0.866160 0.258708
vt 0.831511 0.210943
vt 0.858295 0.220927
vt 0.719890 0.437105
vt 0.692628 0.410860
vt 0.682341 0.417650
vt 0.388459 0.286323
vt 0.453245 0.294458
vt 0.453404 0.309086
vt 0.227821 0.837810
vt 0.434733 0.697553
vt 0.267874 0.173195
vt 0.295376 0.202337
vt 0.287309 0.206033
vt 0.260948 0.176086
vt 0.234343 0.854998
vt 0.186454 0.878106
vt 0.324604 0.673971
vt 0.341196 0.681119
vt 0.318590 0.718072
vt 0.483568 0.291973
vt 0.489794 0.293553
vt 0.486949 0.307345
vt 0.112832 0.148842
vt 0.115656 0.162353
vt 0.085248 0.154835
vt 0.421660 0.730321
vt 0.413269 0.767039
vt 0.408363 0.765935
vt 0.416744 0.729257
vt 0.085592 0.913251
vt 0.095772 0.912472
vt 0.105341 0.917708
vt 0.096883 0.917656
vt 0.029423 0.121098
vt 0.040399 0.123443
vt 0.439006 0.940302
vt 0.434160 0.882769
vt 0.460822 0.378466
vt 0.456288 0.356606
vt 0.463419 0.369962
vt 0.715346 0.552021
vt 0.709731 0.551871
vt 0.782059 0.203040
vt 0.789128 0.212880
vt 0.242700 0.228989
vt 0.246687 0.234636
vt 0.250748 0.240175
vt 0.022649 0.916491
vt 0.044935 0.927945
vt 0.039910 0.928984
vt 0.017456 0.916590
vt 0.017906 0.803275
vt 0.025556 0.764485
vt 0.037937 0.768494
vt 0.025257 0.807620
vt 0.430043 0.790121
vt 0.788519 0.429116
vt 0.776513 0.446958
vt 0.755895 0.446757
vt 0.767518 0.430006
vt 0.129213 0.158951
vt 0.167819 0.147159
vt 0.169292 0.154341
vt 0.064678 0.843817
vt 0.046508 0.833511
vt 0.426378 0.277366
vt 0.644541 0.405778
vt 0.648704 0.399172
vt 0.741483 0.453322
vt 0.728672 0.455947
vt 0.720405 0.453814
vt 0.099902 0.945470
vt 0.084156 0.931470
vt 0.232869 0.842060
vt 0.461534 0.284333
vt 0.457385 0.261850
vt 0.484803 0.262836
vt 0.291770 0.210953
vt 0.771978 0.401098
vt 0.778993 0.402906
vt 0.760570 0.430082
vt 0.467458 0.351847
vt 0.473806 0.353096
vt 0.470377 0.363551
vt 0.464005 0.360639
vt 0.590381 0.071581
vt 0.663259 0.439383
vt 0.408920 0.727520
vt 0.398949 0.725952
vt 0.410080 0.692285
vt 0.658875 0.431645
vt 0.669203 0.425730
vt 0.728714 0.439417
vt 0.465481 0.373205
vt 0.799723 0.294354
vt 0.637550 0.414936
vt 0.639841 0.412710
vt 0.674194 0.423356
vt 0.064800 0.935012
vt 0.085491 0.944414
vt 0.083805 0.944082
vt 0.060387 0.936917
vt 0.433113 0.937813
vt 0.428721 0.880782
vt 0.031523 0.812663
vt 0.469564 0.963751
vt 0.441454 0.957714
vt 0.440158 0.949309
vt 0.085227 0.134276
vt 0.073554 0.133701
vt 0.079656 0.106594
vt 0.626465 0.422007
vt 0.631710 0.418593
vt 0.651779 0.434197
vt 0.135333 0.842855
vt 0.128524 0.816404
vt 0.073158 0.140348
vt 0.072473 0.155003
vt 0.060005 0.138106
vt 0.114819 0.732056
vt 0.428918 0.960851
vt 0.436986 0.965824
vt 0.447562 0.983202
vt 0.437010 0.981715
vt 0.090290 0.708762
vt 0.007466 0.894621
vt 0.002696 0.894052
vt 0.139676 0.858501
vt 0.144565 0.872947
vt 0.089210 0.875686
vt 0.085289 0.860437
vt 0.153354 0.892876
vt 0.161698 0.889520
vt 0.168756 0.901956
vt 0.160237 0.905528
vt 0.125596 0.807445
vt 0.089491 0.749583
vt 0.098815 0.744440
vt 0.429148 0.843449
vt 0.546837 0.031318
vt 0.107570 0.739024
vt 0.219578 0.194873
vt 0.447042 0.239339
vt 0.470808 0.221195
vt 0.474362 0.229002
vt 0.511061 0.144031
vt 0.510619 0.102435
vt 0.296123 0.216019
vt 0.046505 0.844550
vt 0.064605 0.853104
vt 0.762802 0.453029
vt 0.110818 0.135926
vt 0.085403 0.140634
vt 0.110180 0.129624
vt 0.074849 0.840824
vt 0.491852 0.265448
vt 0.543369 0.182949
vt 0.530839 0.186162
vt 0.089930 0.826883
vt 0.084398 0.845599
vt 0.607675 0.404859
vt 0.623936 0.415024
vt 0.618515 0.417108
vt 0.603504 0.403723
vt 0.323530 0.229783
vt 0.195478 0.143729
vt 0.205362 0.170798
vt 0.189193 0.146392
vt 0.052647 0.135865
vt 0.044923 0.133421
vt 0.098629 0.066747
vt 0.134582 0.043702
vt 0.141688 0.054895
vt 0.107096 0.077129
vt 0.714088 0.229083
vt 0.689482 0.241151
vt 0.044698 0.913914
vt 0.051228 0.912932
vt 0.070650 0.920498
vt 0.066579 0.920135
vt 0.403063 0.836685
vt 0.407240 0.838452
vt 0.408261 0.863806
vt 0.402774 0.861209
vt 0.753929 0.515200
vt 0.763066 0.510121
vt 0.763066 0.526708
vt 0.754266 0.531861
vt 0.176511 0.911891
vt 0.040192 0.914606
vt 0.063075 0.921774
vt 0.399018 0.763652
vt 0.113765 0.918115
vt 0.167751 0.915446
vt 0.721626 0.534459
vt 0.721389 0.551690
vt 0.715346 0.558545
vt 0.715948 0.538759
vt 0.419358 0.788306
vt 0.084541 0.852745
vt 0.137348 0.851045
vt 0.152744 0.870392
vt 0.754470 0.388875
vt 0.760228 0.367298
vt 0.773601 0.362953
vt 0.769395 0.388117
vt 0.802530 0.406895
vt 0.538373 0.064086
vt 0.538596 0.041416
vt 0.155583 0.877186
vt 0.066736 0.913255
vt 0.081885 0.920868
vt 0.678898 0.419187
vt 0.085338 0.056362
vt 0.074444 0.067201
vt 0.064886 0.063472
vt 0.076453 0.050806
vt 0.820656 0.348652
vt 0.817322 0.363824
vt 0.797548 0.362136
vt 0.798977 0.346931
vt 0.418284 0.876889
vt 0.422809 0.931616
vt 0.115387 0.926919
vt 0.575628 0.075947
vt 0.147284 0.879846
vt 0.098406 0.898742
vt 0.091910 0.883234
vt 0.060755 0.131277
vt 0.056334 0.093672
vt 0.079024 0.068966
vt 0.187048 0.139289
vt 0.171090 0.072427
vt 0.167032 0.057373
vt 0.105418 0.912662
vt 0.871841 0.302121
vt 0.743128 0.347771
vt 0.756060 0.343679
vt 0.760239 0.355436
vt 0.744370 0.358007
vt 0.406385 0.784295
vt 0.411348 0.785606
vt 0.785211 0.249598
vt 0.780721 0.228130
vt 0.323634 0.213107
vt 0.315718 0.216006
vt 0.584061 0.217083
vt 0.573719 0.220082
vt 0.776861 0.218551
vt 0.770338 0.209477
vt 0.546444 0.083254
vt 0.526519 0.083332
vt 0.539975 0.084427
vt 0.470769 0.194305
vt 0.481235 0.219147
vt 0.460180 0.199204
vt 0.809135 0.393372
vt 0.786268 0.388491
vt 0.087828 0.898588
vt 0.417529 0.841151
vt 0.126144 0.145552
vt 0.529922 0.065492
vt 0.755958 0.239030
vt 0.762971 0.258790
vt 0.815581 0.393036
vt 0.839121 0.394308
vt 0.833226 0.407076
vt 0.809478 0.406789
vt 0.403200 0.192113
vt 0.415768 0.184941
vt 0.164516 0.132889
vt 0.507510 0.237858
vt 0.496087 0.196441
vt 0.498741 0.195370
vt 0.509635 0.236916
vt 0.499467 0.146640
vt 0.504340 0.107520
vt 0.367280 0.645376
vt 0.379249 0.647629
vt 0.299652 0.207580
vt 0.303771 0.213081
vt 0.311641 0.210151
vt 0.395770 0.782059
vt 0.701040 0.257178
vt 0.725961 0.244497
vt 0.731228 0.252512
vt 0.706833 0.265122
vt 0.795219 0.428917
vt 0.616103 0.397287
vt 0.633556 0.405881
vt 0.631386 0.409105
vt 0.615084 0.398979
vt 0.245675 0.153961
vt 0.728814 0.397547
vt 0.182981 0.125062
vt 0.161273 0.118521
vt 0.179703 0.110213
vt 0.057053 0.898029
vt 0.041035 0.897782
vt 0.642399 0.409059
vt 0.417058 0.943694
vt 0.414679 0.934165
vt 0.029930 0.838361
vt 0.030088 0.825568
vt 0.159595 0.111327
vt 0.123322 0.125641
vt 0.077031 0.898476
vt 0.070065 0.880746
vt 0.080998 0.882104
vt 0.721625 0.510121
vt 0.734780 0.513001
vt 0.734780 0.528787
vt 0.723703 0.523502
vt 0.339237 0.207827
vt 0.780140 0.386749
vt 0.859891 0.341034
vt 0.830408 0.334230
vt 0.790239 0.296787
vt 0.597590 0.387833
vt 0.605515 0.394217
vt 0.600304 0.397822
vt 0.593668 0.390541
vt 0.124183 0.132236
vt 0.629116 0.411477
vt 0.613612 0.400709
vt 0.399677 0.913067
vt 0.391853 0.906056
vt 0.385356 0.855798
vt 0.391564 0.862919
vt 0.029127 0.896229
vt 0.067624 0.871555
vt 0.074763 0.857203
vt 0.078224 0.874082
vt 0.800540 0.332803
vt 0.791627 0.333653
vt 0.310967 0.151775
vt 0.341143 0.182012
vt 0.326290 0.188933
vt 0.296766 0.160099
vt 0.050745 0.878091
vt 0.048692 0.867092
vt 0.390000 0.940585
vt 0.387842 0.927790
vt 0.394357 0.930573
vt 0.396073 0.944308
vt 0.074329 0.848852
vt 0.695249 0.249223
vt 0.720044 0.236723
vt 0.488939 0.226880
vt 0.491498 0.236695
vt 0.484326 0.227694
vt 0.047437 0.093821
vt 0.750717 0.230715
vt 0.233309 0.003070
vt 0.252098 0.002376
vt 0.252433 0.005832
vt 0.234666 0.007605
vt 0.665583 0.251645
vt 0.421749 0.182059
vt 0.444903 0.170084
vt 0.070800 0.100107
vt 0.753929 0.511017
vt 0.753929 0.524798
vt 0.747160 0.524118
vt 0.746598 0.510121
vt 0.823153 0.333330
vt 0.414410 0.949104
vt 0.420442 0.966351
vt 0.406151 0.953890
vt 0.403764 0.938830
vt 0.420251 0.953620
vt 0.734723 0.388156
vt 0.742768 0.368372
vt 0.408541 0.168824
vt 0.395299 0.177063
vt 0.744757 0.222789
vt 0.515933 0.189376
vt 0.506644 0.191474
vt 0.362142 0.216732
vt 0.653829 0.388333
vt 0.656365 0.382760
vt 0.710962 0.388767
vt 0.705609 0.396857
vt 0.089631 0.059244
vt 0.127159 0.036766
vt 0.130805 0.040177
vt 0.094098 0.062726
vt 0.330712 0.194942
vt 0.334994 0.201224
vt 0.319492 0.207065
vt 0.315568 0.201123
vt 0.443006 0.966940
vt 0.419579 0.867598
vt 0.428659 0.871601
vt 0.147648 0.025993
vt 0.123743 0.033441
vt 0.145190 0.022853
vt 0.396137 0.831701
vt 0.096322 0.085739
vt 0.088579 0.076199
vt 0.084067 0.072144
vt 0.150466 0.029012
vt 0.354306 0.201634
vt 0.660354 0.370839
vt 0.717911 0.372140
vt 0.428288 0.972001
vt 0.719494 0.354134
vt 0.662312 0.357487
vt 0.660383 0.335948
vt 0.711116 0.325336
vt 0.740683 0.270339
vt 0.750910 0.311611
vt 0.733135 0.317727
vt 0.717490 0.281366
vt 0.259356 0.113820
vt 0.249257 0.116373
vt 0.246344 0.101273
vt 0.257078 0.098124
vt 0.412370 0.925164
vt 0.770674 0.304051
vt 0.566702 0.313686
vt 0.579065 0.308691
vt 0.587105 0.321763
vt 0.574821 0.327940
vt 0.274830 0.170266
vt 0.282145 0.167001
vt 0.311090 0.195446
vt 0.303099 0.198866
vt 0.392979 0.923012
vt 0.401244 0.930854
vt 0.173409 0.053865
vt 0.161047 0.043490
vt 0.167274 0.039661
vt 0.153700 0.032691
vt 0.321558 0.036472
vt 0.316355 0.047984
vt 0.282050 0.042881
vt 0.284471 0.028790
vt 0.477203 0.191120
vt 0.455402 0.163321
vt 0.463572 0.158727
vt 0.540925 0.229791
vt 0.556112 0.225557
vt 0.590068 0.276751
vt 0.571657 0.283465
vt 0.034469 0.876371
vt 0.361601 0.041659
vt 0.396827 0.067478
vt 0.388579 0.076633
vt 0.354759 0.054834
vt 0.307562 0.204296
vt 0.485657 0.217693
vt 0.675755 0.268404
vt 0.670961 0.259941
vt 0.772523 0.349919
vt 0.790906 0.347102
vt 0.790200 0.361865
vt 0.034239 0.897532
vt -0.000000 0.869308
vt 0.021795 0.873516
vt 0.620796 0.267092
vt 0.032074 0.864054
vt 0.770895 0.337498
vt 0.466285 0.156708
vt 0.456439 0.142894
vt 0.459503 0.140359
vt 0.824222 0.364091
vt 0.407134 0.872337
vt 0.502263 0.193363
vt 0.513966 0.235597
vt 0.386374 0.848094
vt 0.392521 0.855089
vt 0.399945 0.988123
vt 0.387358 0.958037
vt 0.393937 0.961465
vt 0.407068 0.993530
vt 0.019533 0.859532
vt 0.017075 0.831152
vt 0.023613 0.834475
vt 0.025662 0.861756
vt 0.854952 0.354386
vt 0.827570 0.349080
vt 0.017094 0.817067
vt 0.023960 0.820971
vt 0.747443 0.538143
vt 0.753554 0.538284
vt 0.408130 0.965823
vt 0.397666 0.957796
vt 0.635164 0.403325
vt 0.637793 0.397366
vt 0.445830 0.124977
vt 0.451917 0.134395
vt 0.442635 0.139604
vt 0.437362 0.130468
vt 0.160599 0.028952
vt 0.209702 0.010544
vt 0.213564 0.022113
vt 0.849928 0.367833
vt 0.345675 0.188181
vt 0.350129 0.194760
vt 0.275041 0.028562
vt 0.275309 0.014565
vt 0.285555 0.015394
vt 0.185095 0.099819
vt 0.177492 0.069349
vt 0.219384 0.053036
vt 0.223884 0.084406
vt 0.407557 0.921491
vt 0.400977 0.869780
vt 0.646073 0.358144
vt 0.646281 0.337222
vt 0.415301 0.164944
vt 0.534068 0.231512
vt 0.524383 0.187459
vt 0.580745 0.364260
vt 0.600236 0.384653
vt 0.577769 0.367234
vt 0.563716 0.286641
vt 0.252244 0.151539
vt 0.524396 0.233578
vt 0.517003 0.234945
vt 0.224457 0.035272
vt 0.216990 0.036580
vt 0.221399 0.020812
vt 0.634497 0.282371
vt 0.627700 0.274994
vt 0.596158 0.283954
vt 0.576895 0.291250
vt 0.420521 0.976735
vt 0.427118 0.983988
vt 0.357242 0.191211
vt 0.618345 0.388204
vt 0.616765 0.394884
vt 0.550369 0.291812
vt 0.543271 0.295238
vt 0.442914 1.000000
vt 0.427482 0.989770
vt 0.441637 0.995438
vt 0.389097 0.825342
vt 0.410744 0.972440
vt 0.399644 0.965423
vt 0.178541 0.102592
vt 0.117965 0.028930
vt 0.027844 0.874963
vt 0.719665 0.510121
vt 0.715346 0.513469
vt 0.327548 0.023189
vt 0.589661 0.354264
vt 0.585490 0.358924
vt 0.567908 0.332341
vt 0.386664 0.903005
vt 0.382221 0.852124
vt 0.607112 0.363109
vt 0.602880 0.344756
vt 0.621726 0.338940
vt 0.615910 0.359025
vt 0.681046 0.276458
vt 0.640828 0.289235
vt 0.048508 0.935948
vt 0.028717 0.927783
vt 0.330585 0.013389
vt 0.285414 0.004923
vt 0.284310 0.002129
vt 0.331009 0.009934
vt 0.243953 0.086037
vt 0.256645 0.082376
vt 0.410858 0.940286
vt 0.408697 0.930901
vt 0.574339 0.370219
vt 0.616817 0.278231
vt 0.622895 0.285796
vt 0.601538 0.291120
vt 0.609975 0.270716
vt 0.692753 0.291601
vt 0.331619 0.591673
vt 0.300906 0.583687
vt 0.230615 0.082146
vt 0.226376 0.051228
vt 0.258518 0.149415
vt 0.400024 0.922140
vt 0.392174 0.914682
vt 0.311867 0.117302
vt 0.296666 0.095091
vt 0.650116 0.304966
vt 0.421445 0.982795
vt 0.594502 0.318947
vt 0.613856 0.312693
vt 0.555540 0.299525
vt 0.549100 0.302444
vt 0.555833 0.341106
vt 0.545798 0.326766
vt 0.551101 0.323630
vt 0.559963 0.337736
vt 0.491852 0.152398
vt 0.495420 0.149414
vt 0.604000 0.373179
vt 0.603260 0.378989
vt 0.377715 0.178919
vt 0.240086 0.126598
vt 0.233952 0.128511
vt 0.565212 0.333872
vt 0.557418 0.319264
vt 0.561187 0.316180
vt 0.434825 0.287715
vt 0.596506 0.348849
vt 0.232034 0.033982
vt 0.229444 0.019278
vt 0.593958 0.614387
vt 0.644288 0.370492
vt 0.617305 0.370489
vt 0.615425 0.365460
vt 0.645284 0.364328
vt 0.719436 0.363325
vt 0.391777 0.953839
vt 0.391364 0.169937
vt 0.404476 0.161228
vt 0.661635 0.364249
vt 0.641975 0.382042
vt 0.560943 0.306862
vt 0.568799 0.294504
vt 0.574313 0.301577
vt 0.367589 0.035204
vt 0.366635 0.035837
vt 0.373448 0.172155
vt 0.352803 0.184555
vt 0.555533 0.309014
vt 0.265084 0.147218
vt 0.236993 0.080210
vt 0.233652 0.049494
vt 0.399515 0.064352
vt 0.384481 0.935510
vt 0.384039 0.922686
vt 0.387900 0.919432
vt 0.387376 0.911109
vt 0.381475 0.899592
vt 0.380376 0.848849
vt 0.240017 0.032744
vt 0.237642 0.018682
vt 0.153654 0.019905
vt 0.155663 0.022372
vt 0.206792 0.007394
vt 0.158059 0.025573
vt 0.628533 0.293030
vt 0.605894 0.298517
vt 0.241504 0.047774
vt 0.256827 0.030177
vt 0.257256 0.044957
vt 0.254697 0.016394
vt 0.273456 0.043121
vt 0.586951 0.305282
vt 0.336925 0.083091
vt 0.347796 0.065446
vt 0.380138 0.086194
vt 0.364755 0.104445
vt 0.605494 0.366285
vt 0.385899 0.949287
vt 0.348217 0.178268
vt 0.368875 0.165622
vt 0.181402 0.478861
vt 0.144934 0.469421
vt 0.151126 0.455793
vt 0.185096 0.463508
vt 0.304108 0.079288
vt 0.275585 0.079084
vt 0.277201 0.071211
vt 0.307541 0.070958
vt 0.218156 0.009322
vt 0.226463 0.007802
vt 0.317566 0.147237
vt 0.270288 0.072079
vt 0.273755 0.004529
vt 0.215439 0.006220
vt 0.382893 0.907296
vt 0.224268 0.005135
vt 0.384329 0.915033
vt 0.222244 0.002280
vt 0.231772 -0.000000
vt 0.294759 0.132915
vt 0.289038 0.136699
vt 0.381163 0.944332
vt 0.380376 0.929020
vt 0.383138 0.952652
vt 0.414245 0.998062
vt 0.582147 0.298365
vt 0.637379 0.307396
vt 0.540561 0.296888
vt 0.527830 0.525024
vt 0.616303 0.377422
vt 0.322214 0.742178
vt 0.337210 0.748375
vt 0.326141 0.765624
vt 0.436261 0.153513
vt 0.096528 0.430041
vt 0.099175 0.425013
vt 0.193164 0.136738
vt 0.231779 0.121462
vt 0.442758 0.114570
vt 0.438744 0.115572
vt 0.602255 0.381651
vt 0.583400 0.361444
vt 0.447047 0.148039
vt 0.422395 0.127155
vt 0.402707 0.142802
vt 0.430607 0.121645
vt 0.277505 0.142759
vt 0.400252 0.154247
vt 0.386955 0.163151
vt 0.536159 0.298824
vt 0.407545 0.149222
vt 0.411710 0.156559
vt 0.640810 0.387282
vt 0.617290 0.381250
vt 0.607164 0.392137
vt 0.608994 0.389571
vt 0.609462 0.387437
vt 0.439204 0.304869
vt 0.531120 0.299691
vt 0.447425 0.398279
vt 0.458623 0.338350
vt 0.256906 0.074584
vt 0.610342 0.381056
vt 0.243617 0.078208
vt 0.272561 0.094405
vt 0.609581 0.369492
vt 0.228189 0.106801
vt 0.189473 0.122354
vt 0.186391 0.107555
vt 0.225293 0.091991
vt 0.609595 0.373476
vt 0.270724 0.119145
vt 0.336292 0.132034
vt 0.261571 0.120972
vt 0.546396 0.305301
vt 0.541985 0.307942
vt 0.546759 0.316350
vt 0.540835 0.318657
vt 0.536348 0.309691
vt 0.552922 0.312195
vt 0.090545 0.441246
vt 0.575066 0.686371
vt 0.595520 0.706187
vt 0.454763 0.132146
vt 0.448777 0.124123
vt 0.353805 0.641353
vt 0.442154 0.344349
vt 0.452422 0.351997
vt 0.427916 0.136005
vt 0.431889 0.144914
vt 0.240512 0.103016
vt 0.234272 0.104883
vt 0.231724 0.089813
vt 0.238106 0.087733
vt 0.216201 0.462591
vt 0.382291 0.156714
vt 0.395742 0.147553
vt 0.480562 0.322203
vt 0.245924 0.124927
vt 0.251516 0.123433
vt 0.552586 0.342488
vt 0.354335 0.630812
vt 0.352564 0.608071
vt 0.363593 0.610647
vt 0.367357 0.633838
vt 0.454250 0.281691
vt 0.126812 0.458141
vt 0.123792 0.464287
vt 0.269196 0.079819
vt 0.267075 0.095451
vt 0.143323 0.422041
vt 0.149768 0.409519
vt 0.154150 0.445497
vt 0.457890 0.347443
vt 0.131624 0.402733
vt 0.137378 0.385244
vt 0.439942 0.289547
vt 0.267955 0.111914
vt 0.243702 0.117899
vt 0.237933 0.119529
vt 0.087267 0.447379
vt 0.077467 0.466187
vt 0.348243 0.753871
vt 0.343040 0.739353
vt 0.353525 0.745060
vt 0.327968 0.733138
vt 0.122381 0.399495
vt 0.129458 0.382917
vt 0.152642 0.449791
vt 0.186199 0.456920
vt 0.377824 0.635892
vt 0.599458 0.702402
vt 0.360131 0.736166
vt 0.338204 0.771113
vt 0.330156 0.633105
vt 0.204162 0.465653
vt 0.199734 0.481014
vt 0.194178 0.464264
vt 0.190555 0.479726
vt 0.112952 0.487411
vt 0.205827 0.460077
vt 0.207841 0.455925
vt 0.195904 0.458016
vt 0.338563 0.635996
vt 0.105804 0.457788
vt 0.095734 0.477130
vt 0.599737 0.716422
vt 0.132132 0.447628
vt 0.133925 0.442276
vt 0.108742 0.450489
vt 0.330786 0.581239
vt 0.322643 0.529550
vt 0.096581 0.452907
vt 0.087080 0.471379
vt 0.135845 0.437800
vt 0.137687 0.435232
vt 0.380376 0.693634
vt 0.577955 0.530840
vt 0.338716 0.593442
vt 0.351013 0.596769
vt 0.766994 0.510427
vt 0.767584 0.530441
vt 0.763066 0.530441
vt 0.764631 0.510121
vt 0.105284 0.434649
vt 0.113873 0.438804
vt 0.099835 0.446238
vt 0.118179 0.428649
vt 0.131725 0.376783
vt 0.247828 0.465397
vt 0.337698 0.582557
vt 0.349655 0.585619
vt 0.038981 0.442064
vt 0.116122 0.433872
vt 0.109803 0.424992
vt 0.107667 0.429595
vt 0.107281 0.305295
vt 0.575942 0.538942
vt 0.775960 0.517468
vt 0.773370 0.517334
vt 0.773281 0.513390
vt 0.775960 0.510121
s 1
usemtl Burger_bread_material
f 1620/1/1 1629/2/2 1621/3/3 1603/4/4
f 73/5/5 75/6/6 12/7/7 72/8/8
f 105/9/9 106/10/10 107/11/11 108/12/12
f 1623/13/13 48/14/14 1622/15/15
f 282/16/16 80/17/17 81/18/18 159/19/19
f 783/20/20 784/21/21 676/22/22 782/23/23
f 505/24/24 507/25/25 60/26/26 8/27/27
f 503/28/28 505/24/24 8/27/27 57/29/29
f 254/30/30 133/31/31 132/32/32 253/33/33
f 271/34/34 272/35/35 101/36/36 103/37/37
f 192/38/38 190/39/39 189/40/40 191/41/41
f 2/42/42 19/43/43 21/44/44 20/45/45
f 40/46/46 384/47/47 185/48/48 197/49/49
f 151/50/50 152/51/51 91/52/52 150/53/53
f 218/54/54 25/55/55 26/56/56 1781/57/57
f 278/58/58 279/59/59 155/60/60 86/61/61
f 1282/62/62 1284/63/63 1202/64/64 1283/65/65
f 369/66/66 30/67/67 371/68/68
f 3/69/69 30/67/67 29/70/70 31/71/71
f 235/72/72 237/73/73 1795/74/74 1814/75/75
f 1749/76/76 242/77/77 241/78/78 1748/79/79
f 222/80/80 71/81/81 69/82/82 70/83/83
f 1803/84/84 87/85/85 86/86/61 85/87/86
f 1717/88/87 1694/89/88 1695/90/89 1716/91/90
f 4/92/91 36/93/92 37/94/93 35/95/94
f 1794/96/95 1745/97/96 1747/98/97 238/99/98
f 345/100/99 344/101/100 7/102/101 45/103/102
f 5/104/103 38/105/104 40/46/46 39/106/105
f 103/37/37 104/107/106 270/108/107 271/34/34
f 988/109/108 989/110/109 68/111/110 904/112/111 987/113/112
f 254/114/30 255/115/113 134/116/114 133/117/31
f 6/118/115 43/119/116 44/120/117 42/121/118
f 64/122/119 137/123/120 138/124/121
f 54/125/122 56/126/123 61/127/124 516/128/125 55/129/126
f 7/102/101 46/130/127 47/131/128 45/103/102
f 220/132/129 74/133/130 73/5/5 72/8/8
f 322/134/131 480/135/132 592/136/133 323/137/134
f 38/105/104 184/138/135 358/139/136 383/140/137
f 49/141/138 724/142/139 727/143/140 52/144/141
f 34/145/142 33/146/143 83/147/144 82/148/145
f 1049/149/146 1050/150/147 953/151/148 952/152/149
f 158/153/150 159/19/19 81/18/18 1800/154/151
f 69/82/82 71/81/81 72/8/8 12/7/7
f 141/155/152 259/156/153 258/157/154 142/158/155
f 225/159/156 75/6/6 73/5/5 224/160/157
f 60/26/26 58/161/158 59/162/159
f 100/163/160 101/36/36 98/164/161 99/165/162
f 1809/166/163 1789/167/164 97/168/165 96/169/166
f 115/170/167 265/171/168 266/172/169 114/173/170
f 8/27/27 60/26/26 59/162/159 61/127/124
f 44/120/117 43/119/116 758/174/171 757/175/172
f 259/156/153 125/176/173 127/177/174 257/178/175
f 161/179/176 163/180/177 164/181/178 221/182/179
f 104/107/106 105/9/9 108/12/12 109/183/180
f 165/184/181 219/185/182 74/133/130 220/132/129
f 210/186/183 1725/187/184 211/188/185 183/189/186
f 146/190/187 97/168/165 1789/167/164 98/164/161
f 290/191/188 291/192/189 310/193/190 289/194/191
f 106/10/10 247/195/192 1706/196/193 436/197/194
f 1795/74/74 1794/96/95 1813/198/195 1804/199/196
f 628/200/197 393/201/198 205/202/199 629/203/200
f 331/204/201 359/205/202 382/206/203 381/207/204
f 181/208/205 182/209/206 183/189/186 211/188/185
f 180/210/207 380/211/208 182/209/206 181/208/205
f 1/212/209 1809/166/163 96/169/166 95/213/210
f 77/214/211 70/83/83 69/82/82 76/215/212
f 78/216/213 79/217/214 70/83/83 77/214/211
f 226/218/215 80/17/17 79/217/214 78/216/213
f 226/218/215 32/219/216 81/18/18 80/17/17
f 88/220/217 87/221/85 1803/222/84 1804/199/196
f 1733/223/218 76/215/212 75/6/6 225/159/156
f 1811/224/219 1807/225/220 92/226/221 1806/227/222
f 233/228/223 231/229/224 230/230/225 1740/231/226
f 85/232/86 86/61/61 155/60/60 84/233/227
f 385/234/228 188/235/229 186/236/230 185/48/48
f 1801/237/231 1802/238/232 85/232/86 84/233/227
f 384/47/47 356/239/233 385/234/228 185/48/48
f 138/124/121 140/240/234 135/241/235 134/242/114
f 207/243/236 39/106/105 198/244/237 199/245/238
f 268/246/239 269/247/240 109/183/180 111/248/241
f 150/53/53 91/52/52 93/249/242 94/250/243
f 292/251/244 275/252/245 274/253/246 293/254/247
f 316/255/248 315/256/249 475/257/250 587/258/251
f 300/259/252 298/260/253 465/261/254 466/262/255
f 145/263/256 124/264/257 142/158/155 143/265/258
f 119/266/259 118/267/260 145/263/256 144/268/261
f 272/35/35 146/190/187 98/164/161 101/36/36
f 24/269/262 283/270/263 13/271/264 160/272/265
f 221/182/179 164/181/178 165/184/181 220/132/129
f 90/273/266 92/226/221 93/249/242 91/52/52
f 187/274/267 186/236/230 188/235/229 189/40/40
f 130/275/268 256/276/269 257/178/175 127/177/174
f 156/277/270 84/233/227 155/60/60 280/278/271
f 260/279/272 557/280/273 459/281/274 144/268/261
f 157/282/275 156/277/270 280/278/271 287/283/276
f 102/284/277 105/9/9 104/107/106 103/37/37
f 40/46/46 38/105/104 383/140/137 384/47/47
f 317/285/278 476/286/279 477/287/280 28/288/281
f 203/289/282 204/290/283 1679/291/284 206/292/285
f 446/293/286 447/294/287 136/295/288 135/296/235
f 102/284/277 103/37/37 101/36/36 100/163/160
f 262/297/289 263/298/290 14/299/291 116/300/292
f 97/168/165 147/301/293 148/302/294 96/169/166
f 451/303/295 256/276/269 130/275/268 131/304/296
f 117/305/297 115/306/167 114/307/170 120/308/298
f 110/309/299 111/248/241 109/183/180 108/12/12
f 1782/310/300 380/211/208 180/210/207 179/311/301
f 157/282/275 82/148/145 83/147/144 156/277/270
f 446/293/286 135/296/235 140/312/234 445/313/302
f 120/308/298 114/307/170 113/314/303 112/315/304
f 458/316/305 258/157/154 456/317/306 455/318/307
f 535/319/308 421/320/309 1664/321/310 419/322/311
f 117/305/297 116/300/292 14/299/291 115/306/167
f 491/323/312 343/324/313 341/325/314 340/326/315
f 573/327/316 465/261/254 464/328/317 572/329/318
f 117/305/297 118/267/260 119/266/259 116/300/292
f 117/305/297 120/308/298 121/330/319 118/267/260
f 121/330/319 120/308/298 112/315/304 122/331/320
f 128/332/321 127/177/174 125/176/173 126/333/322
f 111/248/241 110/309/299 112/334/304 113/335/303
f 341/325/314 342/336/323 339/337/324 340/326/315
f 160/272/265 162/338/325 163/180/177 161/179/176
f 1796/339/326 232/340/327 234/341/328 235/72/72
f 261/342/329 262/297/289 116/300/292 119/266/259
f 598/343/330 486/344/331 355/345/332 337/346/333
f 303/347/334 271/34/34 270/108/107 301/348/335
f 479/349/336 478/350/337 704/351/338 705/352/339
f 121/330/319 124/264/257 145/263/256 118/267/260
f 264/353/340 265/354/168 115/306/167 14/299/291
f 139/355/341 444/356/342 445/313/302 140/312/234
f 258/157/154 259/156/153 257/178/175 456/317/306
f 494/357/343 54/125/122 347/358/344 346/359/345
f 128/332/321 129/360/346 130/275/268 127/177/174
f 130/361/268 129/362/346 132/363/32 131/364/296
f 64/122/119 138/124/121 134/242/114 255/365/113
f 438/366/347 248/367/348 107/11/11 437/368/349
f 133/117/31 134/116/114 135/296/235 136/295/288
f 317/285/278 284/369/350 316/255/248 476/286/279
f 138/124/121 137/123/120 139/370/341 140/240/234
f 277/371/351 153/372/352 276/373/353 290/191/188
f 222/80/80 70/83/83 79/217/214 24/269/262
f 217/374/354 218/54/54 171/375/355 174/376/356
f 195/377/357 389/378/358 201/379/359 390/380/360
f 442/381/361 137/382/120 64/383/119 441/384/362
f 119/266/259 144/268/261 459/281/274 261/342/329
f 195/377/357 196/385/363 190/39/39 194/386/364
f 427/387/365 428/388/366 426/389/367 425/390/368
f 278/58/58 154/391/369 153/372/352 277/371/351
f 357/392/370 356/239/233 384/47/47 383/140/137
f 99/165/162 245/393/371 246/394/372 100/163/160
f 326/395/373 362/396/374 363/397/375 325/398/376
f 173/399/377 174/376/356 171/375/355 170/400/378
f 230/230/225 231/229/224 1799/401/379 228/402/380
f 391/403/381 200/404/382 199/245/238 198/244/237
f 367/405/383 13/271/264 27/406/384
f 1806/227/222 92/226/221 90/273/266 1805/407/385
f 273/408/386 274/253/246 275/252/245 149/409/387
f 522/410/388 202/411/389 201/379/359 389/378/358
f 149/409/387 150/53/53 94/250/243 148/302/294
f 1734/412/390 1735/413/391 78/216/213 77/214/211
f 243/414/392 1707/415/393 245/393/371 244/416/394
f 28/288/281 27/406/384 13/271/264 283/270/263 317/285/278
f 458/316/305 143/265/258 142/158/155 258/157/154
f 306/417/395 307/418/396 293/254/247 274/253/246
f 211/188/185 212/419/397 213/420/398 181/208/205
f 285/421/399 159/422/19 158/423/150 281/424/400
f 227/425/401 229/426/402 230/427/225 228/428/380
f 610/429/403 501/430/404 500/431/405 609/432/406
f 387/433/407 388/434/408 194/386/364 193/435/409
f 379/436/410 178/437/411 177/438/412 176/439/413
f 478/350/337 318/440/414 28/288/281 477/287/280
f 24/269/262 79/217/214 80/17/17 282/16/16 283/270/263
f 621/441/415 513/442/416 511/443/417 510/444/418
f 1682/445/419 36/93/92 208/446/420 207/243/236
f 1781/57/57 1780/447/421 219/185/182 172/448/422
f 1728/449/423 215/450/424 214/451/425 213/420/398
f 316/255/248 284/369/350 285/452/399 315/256/249
f 106/10/10 436/197/194 437/368/349 107/11/11
f 160/272/265 13/271/264 367/405/383 162/338/325
f 1749/76/76 1708/453/426 243/414/392 242/77/77
f 164/181/178 163/180/177 166/454/427 167/455/428
f 164/181/178 167/455/428 168/456/429 165/184/181
f 170/400/378 171/375/355 172/448/422 168/456/429
f 168/456/429 167/455/428 169/457/430 170/400/378
f 376/458/431 175/459/432 174/376/356 173/399/377
f 216/460/433 217/374/354 174/376/356 175/459/432
f 74/133/130 219/185/182 1780/447/421 223/461/434
f 200/404/382 201/379/359 202/411/389 203/289/282
f 1682/445/419 207/243/236 199/245/238 206/292/285
f 227/425/401 32/219/216 1737/462/435 1738/463/436
f 129/362/346 252/464/437 253/465/33 132/363/32
f 350/466/438 193/435/409 192/38/38 351/467/439
f 449/468/440 450/469/441 451/303/295 447/470/287
f 392/471/442 391/403/381 198/244/237 197/49/49
f 1708/453/426 1702/472/443 1658/473/444 1704/474/445
f 1742/475/446 236/476/447 234/341/328 233/228/223
f 1709/477/448 1748/79/79 240/478/449 239/479/450
f 479/349/336 319/480/451 318/440/414 478/350/337
f 319/480/451 320/481/452 1787/482/453 1788/483/454 3/69/69
f 251/484/455 252/464/437 129/362/346 128/485/321
f 269/247/240 270/108/107 104/107/106 109/183/180
f 921/486/456 804/487/457 700/488/458 803/489/459
f 179/311/301 178/437/411 379/436/410 1783/490/460
f 192/38/38 193/435/409 194/386/364 190/39/39
f 209/491/461 210/186/183 5/104/103 208/446/420
f 434/492/462 435/493/463 1657/494/464 433/495/465
f 1731/496/466 216/460/433 177/438/412 215/450/424
f 200/404/382 203/289/282 206/292/285 199/245/238
f 1785/497/467 365/498/468 364/499/469 363/397/375
f 197/49/49 198/244/237 39/106/105 40/46/46
f 72/8/8 71/81/81 221/182/179 220/132/129
f 71/81/81 222/80/80 161/179/176 221/182/179
f 141/155/152 123/500/470 438/501/347 249/502/471
f 208/446/420 36/93/92 4/92/91 209/491/461
f 1781/57/57 172/448/422 171/375/355 218/54/54
f 203/289/282 202/411/389 205/202/199 204/290/283
f 224/160/157 1774/503/472 1768/504/473 225/159/156
f 148/302/294 94/250/243 95/213/210 96/169/166
f 1790/505/474 99/165/162 98/164/161 1789/167/164
f 1735/413/391 1736/506/475 226/218/215 78/216/213
f 122/507/320 112/334/304 110/309/299 248/367/348
f 1703/508/476 1749/76/76 1748/79/79 1709/477/448
f 527/509/477 528/510/478 529/511/479 407/512/480
f 323/137/134 324/513/481 364/499/469 322/134/131
f 180/210/207 181/208/205 213/420/398 214/451/425
f 233/228/223 234/341/328 232/340/327 231/229/224
f 245/393/371 1707/415/393 1705/514/482 246/394/372
f 81/18/18 32/219/216 227/425/401 228/428/380 1800/154/151
f 336/515/483 597/516/484 598/343/330 337/346/333
f 298/260/253 300/259/252 301/348/335 299/517/485
f 243/414/392 244/416/394 1792/518/486 242/77/77
f 24/269/262 160/272/265 161/179/176 222/80/80
f 210/186/183 183/189/186 184/138/135 38/105/104 5/104/103
f 223/461/434 224/160/157 73/5/5 74/133/130
f 1736/506/475 1737/462/435 32/219/216 226/218/215
f 386/519/487 342/336/323 352/520/488 191/41/41
f 280/278/271 155/60/60 279/59/59 312/521/489
f 474/522/490 475/257/250 315/256/249 286/523/491
f 287/283/276 314/524/492 474/525/490 286/526/491
f 276/373/353 292/251/244 291/192/189 290/191/188
f 309/527/493 310/193/190 291/192/189 308/528/494
f 591/529/495 480/135/132 321/530/496 590/531/497
f 292/251/244 276/373/353 151/50/50 275/252/245
f 276/373/353 153/372/352 152/51/51 151/50/50
f 1790/505/474 244/416/394 245/393/371 99/165/162
f 88/220/217 89/532/498 154/391/369 87/221/85
f 247/195/192 106/10/10 105/9/9 102/284/277
f 126/333/322 125/176/173 249/502/471 250/533/499
f 137/382/120 442/381/361 443/534/500 139/355/341
f 288/535/501 311/536/502 312/521/489 279/59/59
f 286/523/491 315/256/249 285/452/399 281/537/400
f 128/332/321 126/333/322 440/538/503 251/539/455
f 1710/540/504 1660/541/505 1709/542/448 239/543/450
f 565/544/506 567/545/507 265/354/168 264/353/340
f 285/452/399 284/369/350 282/16/16 159/19/19
f 4/92/91 1760/546/508 1724/547/509 209/491/461
f 1707/415/393 243/414/392 1708/453/426 1704/474/445
f 675/548/510 557/280/273 260/279/272 457/549/511
f 583/550/512 473/551/513 313/552/514 472/553/515
f 288/535/501 279/59/59 278/58/58 277/371/351
f 247/195/192 102/284/277 100/163/160 246/394/372
f 561/554/516 563/555/517 263/298/290 262/297/289
f 600/556/518 487/557/519 486/344/331 598/343/330
f 53/558/520 1310/559/521 1370/560/522
f 317/285/278 283/270/263 282/16/16 284/369/350
f 248/367/348 110/309/299 108/12/12 107/11/11
f 302/561/523 303/347/334 301/348/335 300/259/252
f 287/283/276 280/278/271 312/521/489 314/524/492
f 1699/562/524 423/563/525 1662/564/526 1700/565/527
f 457/549/511 458/316/305 455/318/307 556/566/528
f 559/567/529 558/568/530 678/569/531 677/570/532
f 590/531/497 321/530/496 320/481/452 589/571/533
f 266/172/169 267/572/534 113/335/303 114/173/170
f 264/353/340 14/299/291 263/298/290
f 359/205/202 331/204/201 332/573/535 333/574/536
f 754/575/537 638/576/538 637/577/539 636/578/540
f 343/324/313 491/323/312 493/579/541 346/359/345
f 267/572/534 461/580/542 297/581/543 268/246/239
f 482/582/544 481/583/545 708/584/546 709/585/547
f 268/246/239 111/248/241 113/335/303 267/572/534
f 364/499/469 365/498/468 366/586/548 322/134/131
f 594/587/549 328/588/550 327/589/551 593/590/552
f 567/545/507 460/591/553 266/592/169 265/354/168
f 149/409/387 275/252/245 151/50/50 150/53/53
f 325/398/376 363/397/375 364/499/469 324/513/481
f 59/162/159 58/161/158 511/443/417 512/593/554
f 437/368/349 250/594/499 249/595/471 438/366/347
f 289/194/191 471/596/555 311/536/502 288/535/501
f 272/35/35 271/34/34 303/347/334 305/597/556
f 331/204/201 330/598/557 484/599/558 332/573/535
f 439/600/559 440/538/503 126/333/322 250/533/499
f 709/585/547 816/601/560 710/602/561 593/590/552
f 469/603/562 308/528/494 293/254/247 307/418/396
f 382/206/203 359/205/202 358/139/136 184/138/135
f 349/604/563 350/466/438 47/131/128 348/605/564
f 214/451/425 178/437/411 179/311/301 180/210/207
f 325/398/376 327/589/551 328/588/550 326/395/373
f 520/606/565 519/607/566 518/608/567 625/609/568
f 486/344/331 338/610/569 354/611/570 355/345/332
f 304/612/571 468/613/572 306/417/395 294/614/573
f 1658/473/444 433/495/465 1657/494/464 1704/474/445
f 461/580/542 463/615/574 296/616/575 297/581/543
f 318/440/414 319/480/451 3/69/69 31/71/71
f 438/366/347 123/617/470 122/507/320 248/367/348
f 482/582/544 327/589/551 325/398/376 324/513/481
f 273/408/386 149/409/387 148/302/294 147/301/293
f 294/614/573 273/408/386 147/301/293 295/618/576
f 349/604/563 519/607/566 520/606/565 387/433/407
f 329/619/577 360/620/578 1782/310/300 361/621/579
f 289/194/191 310/193/190 470/622/580 471/596/555
f 306/417/395 274/253/246 273/408/386 294/614/573
f 308/528/494 291/192/189 292/251/244 293/254/247
f 484/599/558 330/598/557 483/623/581 595/624/582
f 320/481/452 321/530/496 366/586/548 1787/482/453
f 338/610/569 339/337/324 353/625/583 354/611/570
f 301/348/335 270/108/107 269/247/240 299/517/485
f 1149/626/584 939/627/585 938/628/586 1148/629/587
f 1663/630/588 421/320/309 536/631/589 422/632/590
f 46/130/127 347/358/344 54/125/122 55/129/126
f 355/345/332 357/392/370 334/633/591 337/346/333
f 318/440/414 31/71/71 27/406/384 28/288/281
f 383/140/137 358/139/136 334/633/591 357/392/370
f 459/281/274 557/280/273 676/22/22 678/569/531
f 527/509/477 407/512/480 406/634/592 405/635/593
f 289/194/191 288/535/501 277/371/351 290/191/188
f 205/202/199 202/411/389 522/410/388 629/203/200
f 392/471/442 186/236/230 187/274/267 41/636/594
f 637/577/539 528/510/478 527/509/477 526/637/595
f 302/561/523 304/612/571 305/597/556 303/347/334
f 297/581/543 299/517/485 269/247/240 268/246/239
f 295/618/576 146/190/187 272/35/35 305/597/556
f 329/619/577 328/588/550 594/587/549 483/623/581
f 304/612/571 294/614/573 295/618/576 305/597/556
f 399/638/596 400/639/597 401/640/598 402/641/599
f 182/209/206 382/206/203 184/138/135 183/189/186
f 349/604/563 387/433/407 193/435/409 350/466/438
f 463/615/574 570/642/600 464/328/317 296/616/575
f 421/320/309 535/319/308 670/643/601 536/631/589
f 297/581/543 296/616/575 298/260/253 299/517/485
f 877/644/602 43/119/116 6/118/115 881/645/603
f 640/646/604 411/647/605 409/648/606 529/511/479
f 422/632/590 424/649/607 425/390/368 423/563/525
f 178/437/411 214/451/425 215/450/424 177/438/412
f 675/548/510 782/23/23 676/22/22 557/280/273
f 313/552/514 311/536/502 471/596/555 472/553/515
f 494/357/343 495/650/608 56/126/123 54/125/122
f 312/651/489 311/652/502 313/653/514 314/654/492
f 759/655/609 758/174/171 872/656/610 873/657/611
f 298/260/253 296/616/575 464/328/317 465/261/254
f 1666/658/612 413/659/613 415/660/614 416/661/615
f 367/405/383 29/70/70 368/662/616 162/338/325
f 862/663/617 864/664/618 632/665/619 631/666/620
f 447/470/287 451/303/295 131/304/296 136/667/288
f 589/571/533 320/481/452 319/480/451 479/349/336
f 387/433/407 520/606/565 521/668/621 388/434/408
f 398/669/622 399/638/596 396/670/623 395/671/624
f 179/311/301 1783/490/460 361/621/579 1782/310/300
f 410/672/625 409/648/606 411/647/605 412/673/626
f 703/674/627 477/287/280 476/286/279 588/675/628
f 334/633/591 358/139/136 359/205/202 333/574/536
f 379/436/410 176/439/413 378/676/629 1784/677/630
f 339/337/324 342/336/323 386/519/487 353/625/583
f 195/377/357 390/380/360 41/636/594 196/385/363
f 626/678/631 628/200/197 629/203/200 627/679/632
f 333/574/536 332/573/535 335/680/633 336/515/483
f 333/574/536 336/515/483 337/346/333 334/633/591
f 812/681/634 930/682/635 813/683/636 591/529/495
f 575/684/637 467/685/638 466/262/255 574/686/639
f 576/687/640 307/418/396 306/417/395 468/613/572
f 540/688/641 662/689/642 660/690/643 659/691/644
f 217/374/354 25/55/55 218/54/54
f 822/692/645 1036/693/646 1037/694/647 936/695/648
f 97/168/165 146/190/187 295/618/576 147/301/293
f 509/696/649 58/161/158 60/26/26 507/25/25
f 343/324/313 344/101/100 345/100/99 341/325/314
f 343/324/313 346/359/345 347/358/344 344/101/100
f 329/619/577 483/623/581 330/598/557 360/620/578
f 393/201/198 628/200/197 630/697/650 394/698/651
f 45/103/102 351/467/439 352/520/488 345/100/99
f 350/466/438 351/467/439 45/103/102 47/131/128
f 1783/490/460 362/396/374 326/395/373 361/621/579
f 408/699/652 407/512/480 529/511/479 409/648/606
f 352/520/488 342/336/323 341/325/314 345/100/99
f 629/203/200 522/410/388 521/668/621 627/679/632
f 685/700/653 686/701/654 687/702/655 571/703/656
f 355/345/332 354/611/570 356/239/233 357/392/370
f 1671/704/657 1672/705/658 405/706/593 406/707/592
f 326/395/373 328/588/550 329/619/577 361/621/579
f 176/439/413 175/459/432 376/458/431 378/676/629
f 403/708/659 401/640/598 524/709/660 404/710/661
f 380/211/208 381/207/204 382/206/203 182/209/206
f 789/711/662 681/712/663 680/713/664 788/714/665
f 47/131/128 46/130/127 55/129/126 348/605/564
f 321/530/496 480/135/132 322/134/131 366/586/548
f 64/383/119 255/115/113 541/715/666 441/384/362
f 685/700/653 571/703/656 570/716/600 569/717/667
f 367/405/383 27/406/384 31/71/71 29/70/70
f 1672/705/658 403/708/659 404/710/661 405/706/593
f 216/460/433 175/459/432 176/439/413 177/438/412
f 368/662/616 166/454/427 163/180/177 162/338/325
f 368/662/616 369/66/66 370/718/668 166/454/427
f 370/718/668 169/457/430 167/455/428 166/454/427
f 370/718/668 369/66/66 371/68/68 372/719/669
f 370/718/668 372/719/669 373/720/670 169/457/430
f 373/720/670 173/399/377 170/400/378 169/457/430
f 373/720/670 372/719/669 374/721/671 375/722/672
f 373/720/670 375/722/672 376/458/431 173/399/377
f 376/458/431 375/722/672 377/723/673 378/676/629
f 1743/724/674 1713/725/675 1712/726/676 1711/727/677
f 427/387/365 666/728/678 538/729/679 428/388/366
f 663/730/680 252/464/437 251/484/455 664/731/681
f 585/732/682 475/257/250 474/522/490 473/733/513
f 1659/734/683 1660/541/505 1661/735/684 430/736/685
f 670/643/601 654/737/686 669/738/687 536/631/589
f 813/683/636 814/739/688 707/740/689 592/136/133
f 434/492/462 440/741/503 439/742/559 435/493/463
f 304/612/571 302/561/523 467/685/638 468/613/572
f 385/234/228 353/625/583 386/519/487 188/235/229
f 534/743/690 535/319/308 419/322/311 418/744/691
f 689/745/692 690/746/693 574/686/639 573/327/316
f 195/377/357 194/386/364 388/434/408 389/378/358
f 386/519/487 191/41/41 189/40/40 188/235/229
f 522/410/388 389/378/358 388/434/408 521/668/621
f 743/747/694 742/748/695 966/749/696 967/750/697
f 399/638/596 402/641/599 1677/751/698 396/670/623
f 695/752/699 582/753/700 581/754/701 580/755/702
f 432/756/703 665/757/704 433/758/465 1658/759/444
f 632/665/619 398/669/622 395/671/624 631/666/620
f 408/699/652 1670/760/705 406/634/592 407/512/480
f 543/761/706 544/762/707 442/381/361 441/384/362
f 264/353/340 263/298/290 563/555/517 565/544/506
f 534/743/690 418/744/691 417/763/708 533/764/709
f 606/765/710 495/650/608 494/357/343 605/766/711
f 201/379/359 200/404/382 391/403/381 390/380/360
f 1670/767/705 1687/768/712 1671/704/657 406/707/592
f 390/380/360 391/403/381 392/471/442 41/636/594
f 197/49/49 185/48/48 186/236/230 392/471/442
f 571/769/656 572/329/318 464/328/317 570/642/600
f 395/671/624 394/698/651 630/697/650 631/666/620
f 395/671/624 396/670/623 397/770/713 394/698/651
f 30/67/67 3/69/69 1788/483/454 371/68/68
f 907/771/714 787/772/715 679/773/716 786/774/717
f 540/688/641 254/114/30 253/465/33 662/689/642
f 773/775/718 672/776/719 443/534/500 545/777/720 65/778/721 10/779/722
f 431/780/723 1702/781/443 1703/782/476 1659/734/683
f 411/647/605 530/783/724 414/784/725 412/673/626
f 532/785/726 417/763/708 415/660/614 414/784/725
f 414/784/725 415/660/614 413/659/613 412/673/626
f 721/786/727 603/787/728 602/788/729 720/789/730
f 415/660/614 417/763/708 418/744/691 416/661/615
f 418/744/691 419/322/311 420/790/731 416/661/615
f 443/534/500 672/776/719 444/356/342 139/355/341
f 664/731/681 434/791/462 433/758/465 665/757/704
f 225/159/156 1768/504/473 1767/792/732 1733/223/218
f 608/793/733 498/794/734 496/795/735 607/796/736
f 431/780/723 429/797/737 539/798/738 432/756/703
f 916/799/739 694/800/740 693/801/741 799/802/742
f 428/388/366 429/797/737 430/736/685 426/389/367
f 659/691/644 542/803/743 541/715/666 540/688/641
f 1699/562/524 1663/630/588 422/632/590 423/563/525
f 601/804/744 489/805/745 487/557/519 600/556/518
f 663/730/680 662/689/642 253/465/33 252/464/437
f 1764/806/746 1775/807/747 1776/808/748 1763/809/749
f 552/810/750 554/811/751 453/812/752 553/813/753
f 223/461/434 1780/447/421 1732/814/754 1779/815/755
f 531/816/756 16/817/757 647/818/758 762/819/759 648/820/760
f 587/258/251 588/675/628 476/286/279 316/255/248
f 722/821/761 603/787/728 721/786/727 826/822/762
f 578/823/763 309/527/493 308/528/494 469/603/562
f 558/568/530 561/554/516 262/297/289 261/342/329
f 503/28/28 57/29/29 500/431/405 501/430/404
f 704/351/338 478/350/337 477/287/280 703/674/627
f 468/613/572 467/685/638 575/684/637 576/687/640
f 579/824/764 470/622/580 310/193/190 309/527/493
f 447/470/287 446/825/286 448/826/765 449/468/440
f 302/561/523 300/259/252 466/262/255 467/685/638
f 451/303/295 450/469/441 452/827/766 256/276/269
f 452/827/766 450/469/441 453/812/752 454/828/767
f 452/827/766 454/828/767 455/318/307 456/317/306
f 452/827/766 456/317/306 257/178/175 256/276/269
f 510/444/418 511/443/417 58/161/158 509/696/649
f 61/127/124 56/126/123 497/829/768 8/27/27
f 786/774/717 677/570/532 784/21/21 785/830/769
f 558/568/530 261/342/329 459/281/274 678/569/531
f 866/831/770 750/832/771 632/665/619 864/664/618
f 335/680/633 596/833/772 597/516/484 336/515/483
f 192/38/38 191/41/41 352/520/488 351/467/439
f 314/524/492 313/552/514 473/551/513 474/525/490
f 560/834/773 562/835/774 563/555/517 561/554/516
f 524/836/660 525/837/775 526/637/595 404/838/661
f 564/839/776 565/544/506 563/555/517 562/835/774
f 461/580/542 460/840/553 462/841/777 463/615/574
f 517/842/778 624/843/779 625/609/568 518/608/567
f 577/844/780 469/603/562 307/418/396 576/687/640
f 481/583/545 482/582/544 324/513/481 323/137/134
f 605/766/711 494/357/343 346/359/345 493/579/541
f 908/845/781 999/846/782 1000/847/783 909/848/784
f 581/754/701 472/553/515 471/596/555 470/622/580
f 404/838/661 526/637/595 527/509/477 405/635/593
f 523/849/785 398/669/622 632/665/619 750/832/771
f 774/850/786 775/851/787 547/852/788 546/853/789
f 669/738/687 654/737/686 657/854/790 668/855/791
f 497/829/768 499/856/792 57/29/29 8/27/27
f 749/857/793 626/678/631 624/843/779 748/858/794
f 699/859/795 586/860/796 585/732/682 584/861/797
f 709/585/547 593/590/552 327/589/551 482/582/544
f 1662/564/526 423/563/525 425/390/368 426/389/367
f 49/141/138 52/144/141 1654/862/798 728/863/799
f 650/864/800 533/764/709 671/865/801 649/866/802
f 784/21/21 677/570/532 678/569/531 676/22/22
f 1346/867/803 1323/868/804 1286/869/805 1325/870/806
f 661/871/807 665/757/704 432/756/703 539/798/738
f 500/431/405 57/29/29 499/856/792
f 607/796/736 496/795/735 495/650/608 606/765/710
f 335/680/633 332/573/535 484/599/558 485/872/808
f 660/690/643 538/729/679 666/728/678 659/691/644
f 675/548/510 457/549/511 556/566/528 781/873/809
f 671/865/801 533/764/709 417/763/708 532/785/726
f 1038/874/810 941/875/811 831/876/812 940/877/813
f 706/878/814 589/571/533 479/349/336 705/352/339
f 486/344/331 487/557/519 488/879/815 338/610/569
f 488/879/815 340/326/315 339/337/324 338/610/569
f 488/879/815 487/557/519 489/805/745 490/880/816
f 488/879/815 490/880/816 491/323/312 340/326/315
f 491/323/312 490/880/816 492/881/817 493/579/541
f 400/882/597 634/883/818 524/836/660 401/884/598
f 495/650/608 496/795/735 497/829/768 56/126/123
f 787/772/715 907/771/714 908/845/781 909/848/784
f 497/829/768 496/795/735 498/794/734 499/856/792
f 582/753/700 583/550/512 472/553/515 581/754/701
f 508/885/819 509/696/649 507/25/25 506/886/820
f 535/319/308 534/743/690 651/887/821 670/643/601
f 503/28/28 502/888/822 504/889/823 505/24/24
f 505/24/24 504/889/823 506/886/820 507/25/25
f 602/788/729 603/787/728 604/890/824 492/881/817
f 767/891/825 545/777/720 544/762/707 768/892/826
f 511/443/417 513/442/416 514/893/827 512/593/554
f 514/893/827 515/894/828 516/128/125 512/593/554
f 514/893/827 513/442/416 517/842/778 518/608/567
f 514/893/827 518/608/567 519/607/566 515/894/828
f 734/895/829 609/432/406 498/794/734 608/793/733
f 540/688/641 541/715/666 255/115/113 254/114/30
f 899/896/830 775/851/787 774/850/786 772/897/831
f 682/898/832 568/899/833 566/900/834 564/839/776
f 523/849/785 400/639/597 399/638/596 398/669/622
f 701/901/835 586/902/796 699/903/795 700/904/458
f 669/738/687 668/855/791 537/905/836 424/649/607
f 619/906/837 510/444/418 509/696/649 508/885/819
f 623/907/838 517/842/778 513/442/416 621/441/415
f 17/908/839 760/909/840 761/910/841
f 690/746/693 691/911/842 575/684/637 574/686/639
f 525/837/775 636/578/540 637/577/539 526/637/595
f 531/816/756 532/785/726 414/784/725 530/783/724
f 434/791/462 664/731/681 251/484/455 440/912/503
f 17/908/839 761/910/841 762/819/759 647/818/758
f 701/913/835 588/675/628 587/258/251 586/860/796
f 577/844/780 692/914/843 578/823/763 469/603/562
f 791/915/844 686/701/654 685/700/653 684/916/845
f 874/917/846 873/657/611 876/918/847 19/43/43
f 568/899/833 569/717/667 462/919/777 566/900/834
f 616/920/848 506/886/820 504/889/823 615/921/849
f 824/922/850 721/786/727 720/789/730 719/923/851
f 724/142/139 722/821/761 826/822/762 727/143/140
f 631/666/620 630/697/650 749/857/793 862/663/617
f 537/905/836 427/387/365 425/390/368 424/649/607
f 652/924/852 650/864/800 649/866/802 765/925/853
f 549/926/854 548/927/855 550/928/856 448/929/765
f 815/930/857 816/601/560 709/585/547 708/584/546
f 523/931/785 750/932/771 867/933/858 633/934/859
f 724/142/139 49/141/138 726/935/860 725/936/861
f 1284/63/63 1324/937/862 1285/938/863 1204/939/864
f 670/643/601 651/887/821 653/940/865 654/737/686
f 545/777/720 443/534/500 442/381/361 544/762/707
f 869/941/866 754/575/537 636/578/540 753/942/867
f 502/888/822 612/943/868 613/944/869 614/945/870
f 473/733/513 583/946/512 584/861/797 585/732/682
f 546/853/789 547/852/788 548/927/855 549/926/854
f 546/853/789 549/926/854 445/313/302 444/356/342
f 549/947/854 448/826/765 446/825/286 445/948/302
f 548/927/855 674/949/871 551/950/872 550/928/856
f 550/928/856 551/950/872 552/951/750 553/952/753
f 550/953/856 553/813/753 449/468/440 448/826/765
f 453/812/752 450/469/441 449/468/440 553/813/753
f 508/885/819 506/886/820 616/920/848 617/954/873
f 554/811/751 555/955/874 454/828/767 453/812/752
f 693/801/741 579/824/764 309/527/493 578/823/763
f 555/955/874 556/566/528 455/318/307 454/828/767
f 622/956/875 747/957/876 863/958/877 861/959/878
f 855/960/879 853/961/880 9/962/881 856/963/882
f 829/964/883 938/628/586 939/627/585 830/965/884
f 687/966/655 688/967/885 572/329/318 571/769/656
f 558/568/530 559/567/529 560/834/773 561/554/516
f 266/172/169 460/840/553 461/580/542 267/572/534
f 564/839/776 562/835/774 681/712/663 682/898/832
f 565/544/506 564/839/776 566/900/834 567/545/507
f 567/545/507 566/900/834 462/919/777 460/591/553
f 570/642/600 463/615/574 462/841/777 569/968/667
f 615/921/849 504/889/823 502/888/822 614/945/870
f 623/907/838 748/858/794 624/843/779 517/842/778
f 798/969/886 691/911/842 690/746/693 797/970/887
f 729/971/888 730/972/889 49/141/138 728/863/799
f 637/577/539 638/576/538 639/973/890 528/510/478
f 635/974/891 525/837/775 524/836/660 634/883/818
f 786/774/717 679/773/716 559/567/529 677/570/532
f 1079/975/892 1078/976/893 20/45/45 21/44/44
f 648/820/760 671/865/801 532/785/726 531/816/756
f 523/931/785 633/934/859 634/883/818 400/882/597
f 579/824/764 580/755/702 581/754/701 470/622/580
f 711/977/894 595/624/582 483/623/581 594/587/549
f 713/978/895 485/872/808 484/599/558 595/624/582
f 537/905/836 667/979/896 666/728/678 427/387/365
f 723/980/897 606/765/710 605/766/711 604/890/824
f 751/981/898 635/974/891 634/883/818 633/934/859
f 585/732/682 586/860/796 587/258/251 475/257/250
f 736/982/899 613/944/869 612/943/868 611/983/900
f 720/789/730 602/788/729 489/805/745 601/804/744
f 1656/984/901 834/985/902 836/986/903 837/987/904
f 812/681/634 591/529/495 590/531/497 810/988/905
f 671/865/801 648/820/760 763/989/906 649/866/802
f 932/990/907 933/991/908 713/978/895 712/992/909
f 767/891/825 769/993/910 65/778/721 545/777/720
f 1632/994/911 763/989/906 648/820/760 762/819/759
f 645/995/912 646/996/913 644/997/914 643/998/915
f 580/755/702 694/800/740 800/999/916 695/752/699
f 502/888/822 503/28/28 501/430/404 612/943/868
f 761/910/841 760/909/840 2/42/42 886/1000/917 887/1001/918
f 598/343/330 597/516/484 599/1002/919 600/556/518
f 848/1003/920 851/1004/921 847/1005/922
f 682/898/832 683/1006/923 684/916/845 568/899/833
f 528/510/478 639/973/890 640/646/604 529/511/479
f 602/788/729 492/881/817 490/880/816 489/805/745
f 618/1007/924 619/906/837 508/885/819 617/954/873
f 492/881/817 604/890/824 605/766/711 493/579/541
f 999/846/782 1202/64/64 1203/1008/925 1000/847/783
f 690/746/693 689/745/692 796/1009/926 797/970/887
f 731/1010/927 732/1011/928 730/972/889 729/971/888
f 534/743/690 533/764/709 650/864/800 651/887/821
f 735/1012/929 611/983/900 610/429/403 733/1013/930
f 609/432/406 500/431/405 499/856/792 498/794/734
f 609/432/406 734/895/829 733/1013/930 610/429/403
f 820/1014/931 715/1015/932 596/833/772 714/1016/933
f 610/429/403 611/983/900 612/943/868 501/430/404
f 536/631/589 669/738/687 424/649/607 422/632/590
f 660/690/643 661/871/807 539/798/738 538/729/679
f 745/1017/934 620/1018/935 619/906/837 618/1007/924
f 641/1019/936 15/1020/937 640/646/604 639/973/890
f 619/906/837 620/1018/935 621/441/415 510/444/418
f 621/441/415 620/1018/935 622/956/875 623/907/838
f 668/855/791 657/854/790 768/892/826 658/1021/938
f 790/1022/939 683/1006/923 789/711/662 911/1023/940
f 875/1024/941 872/656/610 877/644/602 882/1025/942
f 625/609/568 624/843/779 626/678/631 627/679/632
f 625/609/568 627/679/632 521/668/621 520/606/565
f 707/740/689 931/1026/943 708/584/546 481/583/545
f 640/646/604 15/1020/937 530/783/724 411/647/605
f 646/996/913 647/818/758 16/817/757 644/997/914
f 652/924/852 653/940/865 651/887/821 650/864/800
f 428/388/366 538/729/679 539/798/738 429/797/737
f 1050/150/147 1051/1027/944 1052/1028/945 955/1029/946
f 797/970/887 796/1009/926 1007/1030/947 1008/1031/948
f 543/761/706 658/1021/938 768/892/826 544/762/707
f 701/913/835 702/1032/949 703/674/627 588/675/628
f 641/1019/936 639/973/890 638/576/538 642/1033/950
f 582/1034/700 697/1035/951 584/861/797 583/946/512
f 911/1023/940 912/1036/952 913/1037/953 790/1022/939
f 641/1019/936 642/1033/950 643/998/915 644/997/914
f 641/1019/936 644/997/914 16/817/757 15/1020/937
f 658/1021/938 667/979/896 537/905/836 668/855/791
f 660/690/643 662/689/642 663/730/680 661/871/807
f 647/818/758 646/996/913 18/1038/954 17/908/839
f 666/728/678 667/979/896 542/803/743 659/691/644
f 774/850/786 546/853/789 444/356/342 672/776/719
f 931/1026/943 1025/1039/955 815/930/857 708/584/546
f 804/487/457 702/1032/949 701/913/835 700/488/458
f 1024/1040/956 1138/1041/957 1025/1039/955 931/1026/943
f 653/940/865 652/924/852 655/1042/958 656/1043/959
f 653/940/865 656/1043/959 657/854/790 654/737/686
f 664/731/681 665/757/704 661/871/807 663/730/680
f 771/1044/960 895/1045/961 773/775/718 10/779/722
f 829/964/883 830/965/884 50/1046/962 827/1047/963
f 798/969/886 692/914/843 577/844/780 691/911/842
f 809/1048/964 811/1049/965 812/681/634 810/988/905
f 667/979/896 658/1021/938 543/761/706 542/803/743
f 770/1050/966 65/778/721 769/993/910
f 878/1051/967 975/1052/968 880/1053/969 42/121/118
f 698/1054/970 699/903/795 584/1055/797 697/1056/951
f 1117/1057/971 1283/65/65 1202/64/64 999/846/782
f 878/1051/967 879/1058/972 974/1059/973 975/1052/968
f 821/1060/974 716/1061/975 715/1015/932 820/1014/931
f 771/1044/960 10/779/722 65/778/721 770/1050/966
f 579/824/764 693/801/741 694/800/740 580/755/702
f 574/686/639 466/262/255 465/261/254 573/327/316
f 945/1062/976 838/1063/977 836/986/903 835/1064/978
f 751/981/898 752/1065/979 753/942/867 635/974/891
f 712/992/909 713/978/895 595/624/582 711/977/894
f 982/1066/980 985/1067/981 900/1068/982 898/1069/983
f 779/1070/984 780/1071/985 555/955/874 554/811/751
f 918/1072/986 696/1073/987 695/1074/699 800/1075/916
f 695/1074/699 696/1073/987 697/1035/951 582/1034/700
f 626/678/631 749/857/793 630/697/650 628/200/197
f 622/956/875 861/959/878 748/858/794 623/907/838
f 845/1076/988 949/1077/989 847/1005/922 846/1078/990
f 673/1079/991 674/1080/871 548/1081/855 547/1082/788
f 1117/1057/971 998/1083/992 1116/1084/993 1201/1085/994
f 849/1086/995 848/1003/920 950/1087/996 951/1088/997
f 594/587/549 593/590/552 710/602/561 711/977/894
f 596/833/772 335/680/633 485/872/808 714/1016/933
f 741/1089/998 742/1090/695 617/954/873 616/920/848
f 592/136/133 707/740/689 481/583/545 323/137/134
f 706/878/814 810/988/905 590/531/497 589/571/533
f 680/713/664 679/773/716 787/772/715 788/714/665
f 680/713/664 560/834/773 559/567/529 679/773/716
f 681/712/663 562/835/774 560/834/773 680/713/664
f 973/1091/999 752/1065/979 751/981/898 972/1092/1000
f 743/1093/694 618/1007/924 617/954/873 742/1090/695
f 569/717/667 568/899/833 684/916/845 685/700/653
f 689/745/692 573/327/316 572/329/318 688/967/885
f 691/911/842 577/844/780 576/687/640 575/684/637
f 942/1094/1001 835/1064/978 833/1095/1002 832/1096/1003
f 1632/994/911 887/1001/918 890/1097/1004 891/1098/1005
f 1631/1099/1006 766/1100/1007 765/925/853 764/1101/1008
f 933/991/908 714/1016/933 485/872/808 713/978/895
f 853/961/880 855/960/879 854/1102/1009 852/1103/1010
f 851/1004/921 852/1103/1010 846/1078/990 847/1005/922
f 759/655/609 873/657/611 874/917/846 18/1038/954
f 87/221/85 154/391/369 278/58/58 86/61/61
f 738/1104/1011 739/1105/1012 614/945/870 613/944/869
f 1643/1106/1013 1645/1107/1014 1638/1108/1015 1640/1109/1016
f 754/575/537 755/1110/1017 642/1033/950 638/576/538
f 901/1111/1018 673/1112/991 776/1113/1019
f 591/529/495 813/683/636 592/136/133 480/135/132
f 1233/1114/1020 1149/626/584 1148/629/587 1232/1115/1021
f 718/1116/1022 716/1061/975 821/1060/974 822/692/645
f 907/771/714 786/774/717 785/830/769 906/1117/1023
f 905/1118/1024 997/1119/1025 906/1117/1023 785/830/769
f 761/910/841 887/1001/918 1632/994/911 762/819/759
f 656/1043/959 655/1042/958 769/993/910 767/891/825
f 733/1013/930 734/895/829 732/1011/928 731/1010/927
f 1369/1120/1026 1368/1121/1027 1437/1122/1028 1438/1123/1029
f 1209/1124/1030 1210/1125/1031 1123/1126/1032 1122/1127/1033
f 516/128/125 61/127/124 59/162/159 512/593/554
f 1284/63/63 1204/939/864 1203/1008/925 1202/64/64
f 715/1015/932 599/1002/919 597/516/484 596/833/772
f 715/1015/932 716/1061/975 717/1128/1034 599/1002/919
f 717/1128/1034 601/804/744 600/556/518 599/1002/919
f 717/1128/1034 716/1061/975 718/1116/1022 719/923/851
f 717/1128/1034 719/923/851 720/789/730 601/804/744
f 805/1129/1035 806/1130/1036 702/1032/949 804/487/457
f 722/821/761 723/980/897 604/890/824 603/787/728
f 913/1037/953 792/1131/1037 791/915/844 790/1022/939
f 723/980/897 722/821/761 724/142/139 725/936/861
f 723/980/897 725/936/861 607/796/736 606/765/710
f 725/936/861 726/935/860 608/793/733 607/796/736
f 814/739/688 1024/1040/956 931/1026/943 707/740/689
f 822/692/645 936/695/648 823/1132/1038 718/1116/1022
f 852/1103/1010 854/1102/1009 844/1133/1039 846/1078/990
f 611/983/900 735/1012/929 1644/1134/1040 736/982/899
f 1644/1134/1040 1633/1135/1041 737/1136/1042 736/982/899
f 753/942/867 636/578/540 525/837/775 635/974/891
f 734/895/829 608/793/733 726/935/860 732/1011/928
f 43/119/116 877/644/602 872/656/610 758/174/171
f 747/957/876 622/956/875 620/1018/935 745/1017/934
f 775/851/787 776/1113/1019 673/1112/991 547/852/788
f 736/982/899 737/1136/1042 738/1104/1011 613/944/869
f 768/892/826 657/854/790 656/1043/959 767/891/825
f 756/1137/1043 757/175/172 645/995/912 643/998/915
f 741/1138/998 740/1139/1044 964/1140/1045 965/1141/1046
f 739/1105/1012 740/1142/1044 615/921/849 614/945/870
f 740/1139/1044 741/1138/998 616/1143/848 615/1144/849
f 1647/1145/1047 1648/1146/1048 841/1147/1049 1636/1148/1050
f 903/1149/1051 777/1150/1052 902/1151/1053 983/1152/1054
f 743/747/694 744/1153/1055 745/1154/934 618/1155/924
f 745/1017/934 744/1156/1055 746/1157/1056 747/957/876
f 898/1069/983 899/896/830 897/1158/1057 982/1066/980
f 687/966/655 794/1159/1058 795/1160/1059 688/967/885
f 945/1062/976 1041/1161/1060 946/1162/1061 838/1063/977
f 1155/1163/1062 1042/1164/1063 946/1162/1061 1041/1161/1060
f 867/933/858 972/1092/1000 751/981/898 633/934/859
f 1083/1165/1064 1081/1166/1065 1080/1167/1066 1078/976/893
f 798/969/886 914/1168/1067 799/802/742 692/914/843
f 791/915/844 792/1131/1037 793/1169/1068 686/701/654
f 687/966/655 686/1170/654 793/1171/1068 794/1159/1058
f 684/916/845 683/1006/923 790/1022/939 791/915/844
f 763/989/906 764/1101/1008 765/925/853 649/866/802
f 905/1118/1024 785/830/769 784/21/21 783/20/20
f 976/1172/1069 977/1173/1070 881/645/603 880/1053/969
f 885/1174/1071 888/1175/1072 889/1176/1073 886/1000/917
f 766/1100/1007 655/1042/958 652/924/852 765/925/853
f 755/1110/1017 756/1137/1043 643/998/915 642/1033/950
f 757/175/172 758/174/171 759/655/609 645/995/912
f 759/655/609 18/1038/954 646/996/913 645/995/912
f 917/1177/1074 800/999/916 694/800/740 916/799/739
f 779/1070/984 554/811/751 552/810/750 778/1178/1075
f 772/897/831 774/850/786 672/776/719 773/775/718
f 551/1179/872 777/1180/1052 778/1178/1075 552/810/750
f 746/1157/1056 865/1181/1076 863/958/877 747/957/876
f 1795/74/74 1804/199/196 1803/222/84 1814/75/75
f 766/1100/1007 770/1050/966 769/993/910 655/1042/958
f 829/964/883 828/1182/1077 937/1183/1078 938/628/586
f 1192/1184/1079 987/113/112 986/1185/1080 1109/1186/1081
f 885/1174/1071 1080/1167/1066 66/1187/1082 888/1175/1072
f 867/933/858 750/932/771 866/1188/770 971/1189/1083
f 984/1190/1084 983/1152/1054 900/1068/982 985/1067/981
f 874/917/846 19/43/43 2/42/42 760/909/840
f 801/1191/1085 802/1192/1086 803/1193/459 698/1054/970
f 995/1194/1087 783/20/20 782/23/23 996/1195/1088
f 997/1119/1025 1116/1084/993 998/1083/992 906/1117/1023
f 1132/1196/1089 1014/1197/1090 922/1198/1091 1131/1199/1092
f 746/1200/1056 969/1201/1093 970/1202/1094 865/1203/1076
f 833/1095/1002 835/1064/978 836/986/903 834/985/902
f 998/1083/992 1117/1057/971 999/846/782 908/845/781
f 907/771/714 906/1117/1023 998/1083/992 908/845/781
f 943/1204/1095 941/875/811 1038/874/810 1039/1205/1096
f 783/20/20 995/1194/1087 1115/1206/1097 905/1118/1024
f 1032/1207/1098 934/1208/1099 933/991/908 932/990/907
f 1023/1209/1100 814/739/688 813/683/636 930/682/635
f 789/711/662 683/1006/923 682/898/832 681/712/663
f 925/1210/1101 926/1211/1102 808/1212/1103 807/1213/1104
f 1119/1214/1105 1002/1215/1106 913/1037/953 912/1036/952
f 718/1116/1022 823/1132/1038 824/922/850 719/923/851
f 984/1216/1084 986/1185/1080 903/1217/1051 983/1218/1054
f 849/1086/995 850/1219/1107 851/1004/921 848/1003/920
f 925/1210/1101 807/1213/1104 806/1130/1036 805/1129/1035
f 1161/1220/1108 1049/149/146 952/152/149 1048/1221/1109
f 689/745/692 688/967/885 795/1160/1059 796/1009/926
f 824/922/850 825/1222/1110 826/822/762 721/786/727
f 1651/1223/1111 1648/1146/1048 1647/1145/1047 1646/1224/1112
f 900/1068/982 901/1111/1018 776/1113/1019 898/1069/983
f 871/1225/1113 44/120/117 757/175/172 756/1137/1043
f 808/1212/1103 809/1048/964 810/988/905 706/878/814
f 801/1191/1085 698/1054/970 697/1056/951 696/1226/987
f 850/1219/1107 853/961/880 852/1103/1010 851/1004/921
f 1445/1227/1114 1139/1228/1115 1027/1229/1116 1225/1230/1117
f 868/1231/1118 1071/1232/1119 974/1059/973 879/1058/972
f 828/1182/1077 825/1222/1110 824/922/850 823/1132/1038
f 806/1130/1036 807/1213/1104 705/352/339 704/351/338
f 806/1130/1036 704/351/338 703/674/627 702/1032/949
f 1697/1233/1120 1696/1234/1121 1665/1235/1122 420/790/731
f 807/1213/1104 808/1212/1103 706/878/814 705/352/339
f 841/1147/1049 840/1236/1123 842/1237/1124 843/1238/1125
f 949/1077/989 950/1087/996 848/1003/920 847/1005/922
f 1021/1239/1126 929/1240/1127 811/1049/965 928/1241/1128
f 918/1242/986 1010/1243/1129 1011/1244/1130 919/1245/1131
f 1179/1246/1132 1180/1247/1133 1066/1248/1134 1065/1249/1135
f 803/489/459 802/1250/1086 920/1251/1136 921/486/456
f 1005/1252/1137 1006/1253/1138 795/1160/1059 794/1159/1058
f 860/1254/1139 1633/1135/1041 1634/1255/1140 857/1256/1141
f 901/1257/1018 902/1258/1053 674/1080/871 673/1079/991
f 811/1049/965 929/1240/1127 930/682/635 812/681/634
f 994/1259/1142 780/1071/985 779/1070/984 68/111/110 992/1260/1143
f 816/601/560 815/930/857 817/1261/1144 818/1262/1145
f 816/601/560 818/1262/1145 819/1263/1146 710/602/561
f 819/1263/1146 712/992/909 711/977/894 710/602/561
f 960/1264/1147 961/1265/1148 959/1266/1149 958/1267/1150
f 1078/976/893 1080/1167/1066 885/1174/1071 20/45/45
f 1108/1268/1151 67/1269/1152 11/1270/1153 1107/1271/1154
f 915/1272/1155 916/799/739 799/802/742 914/1168/1067
f 698/1054/970 803/1193/459 700/904/458 699/903/795
f 898/1069/983 776/1113/1019 775/851/787 899/896/830
f 1059/1273/1156 958/1274/1150 62/1275/1157 957/1276/1158
f 1023/1209/1100 1022/1277/1159 1222/1278/1160 1223/1279/1161
f 1081/1166/1065 1083/1165/1064 1084/1280/1162 1082/1281/1163
f 830/965/884 831/876/812 832/1096/1003 50/1046/962
f 50/1046/962 832/1096/1003 833/1095/1002 51/1282/1164
f 826/822/762 825/1222/1110 827/1047/963 727/143/140
f 827/1047/963 825/1222/1110 828/1182/1077 829/964/883
f 1249/1283/1165 1251/1284/1166 1161/1220/1108 1048/1221/1109
f 1071/1232/1119 868/1231/1118 752/1065/979 973/1091/999
f 859/1285/1167 860/1286/1139 857/1287/1141 856/963/882
f 740/1139/1044 739/1288/1012 963/1289/1168 964/1140/1045
f 779/1070/984 778/1178/1075 904/112/111 68/111/110
f 869/941/866 870/1290/1169 755/1110/1017 754/575/537
f 840/1236/1123 1649/1291/1170 839/1292/1171 947/1293/1172
f 1648/1146/1048 1649/1291/1170 840/1236/1123 841/1147/1049
f 870/1290/1169 871/1225/1113 756/1137/1043 755/1110/1017
f 836/986/903 838/1063/977 839/1292/1171 837/987/904
f 1027/1229/1116 1028/1294/1173 818/1262/1145 817/1261/1144
f 1055/1295/1174 1057/1296/1175 957/1276/1158 956/1297/1176
f 987/113/112 904/112/111 903/1217/1051 986/1185/1080
f 1635/1298/1177 854/1299/1009 855/1300/879 858/1301/1178
f 910/1302/1179 788/714/665 787/772/715 909/848/784
f 845/1076/988 846/1078/990 844/1133/1039 843/1303/1125
f 802/1192/1086 1012/1304/1180 1013/1305/1181 920/1306/1136
f 868/1231/1118 869/941/866 753/942/867 752/1065/979
f 845/1076/988 948/1307/1182 1045/1308/1183 949/1077/989
f 954/1309/1184 9/962/881 853/961/880 850/1219/1107
f 861/959/878 863/958/877 864/664/618 862/663/617
f 856/1310/882 857/1256/1141 858/1301/1178 855/1300/879
f 952/152/149 953/151/148 849/1086/995 951/1088/997
f 1192/1184/1079 1193/1311/1185 988/109/108 987/113/112
f 1159/1312/1186 1160/1313/1187 1046/1314/1188 1045/1308/1183
f 962/1315/1189 738/1316/1011 737/1317/1042 1630/1318/1190
f 741/1138/998 965/1141/1046 966/749/696 742/748/695
f 1124/1319/1191 1125/1320/1192 1006/1253/1138 1005/1252/1137
f 1105/1321/1193 66/1187/1082 1080/1167/1066 1081/1166/1065
f 879/1058/972 870/1290/1169 869/941/866 868/1231/1118
f 861/959/878 862/663/617 749/857/793 748/858/794
f 792/1322/1037 1003/1323/1194 1004/1324/1195 793/1171/1068
f 864/664/618 863/958/877 865/1181/1076 866/831/770
f 53/558/520 1019/1325/1196 1017/1326/1197 1220/1327/1198
f 886/1000/917 889/1176/1073 890/1097/1004 887/1001/918
f 1043/1328/1199 1044/1329/1200 948/1307/1182 842/1330/1124
f 873/657/611 872/656/610 875/1024/941 876/918/847
f 881/645/603 977/1173/1070 882/1025/942 877/644/602
f 956/1297/1176 9/962/881 954/1309/1184 955/1029/946
f 878/1051/967 42/121/118 44/120/117 871/1225/1113
f 902/1151/1053 777/1150/1052 551/950/872 674/949/871
f 830/965/884 939/627/585 940/877/813 831/876/812
f 996/1195/1088 782/23/23 675/548/510 781/873/809
f 980/1331/1201 883/1332/1202 875/1024/941 882/1025/942
f 917/1177/1074 1010/1243/1129 918/1242/986 800/999/916
f 1018/1333/1203 927/1334/1204 926/1211/1102 1016/1335/1205
f 1631/1099/1006 894/1336/1206 895/1045/961 771/1044/960
f 878/1051/967 871/1225/1113 870/1290/1169 879/1058/972
f 914/1168/1067 798/969/886 797/970/887 1008/1031/948
f 1208/1337/1207 1121/1338/1208 1120/1339/1209 1207/1340/1210
f 899/896/830 772/897/831 896/1341/1211 897/1158/1057
f 1223/1279/1161 1024/1040/956 814/739/688 1023/1209/1100
f 1060/1342/1212 960/1264/1147 958/1267/1150 1059/1343/1156
f 978/1344/1213 1075/1345/1214 1090/1346/1215 1089/1347/1216
f 1093/1348/1217 1095/1349/1218 1070/1350/1219 1094/1351/1220
f 883/1332/1202 884/1352/1221 876/918/847 875/1024/941
f 884/1352/1221 21/44/44 19/43/43 876/918/847
f 981/1353/1222 982/1066/980 897/1158/1057 892/1354/1223
f 983/1152/1054 902/1151/1053 901/1111/1018 900/1068/982
f 915/1272/1155 914/1168/1067 1008/1031/948 1127/1355/1224
f 1002/1215/1106 1003/1356/1194 792/1131/1037 913/1037/953
f 894/1336/1206 893/1357/1225 896/1341/1211 895/1045/961
f 890/1097/1004 889/1176/1073 892/1354/1223 893/1357/1225
f 890/1097/1004 893/1357/1225 894/1336/1206 891/1098/1005
f 1026/1358/1226 1225/1230/1117 1027/1229/1116 817/1261/1144
f 904/112/111 778/1178/1075 777/1180/1052 903/1217/1051
f 944/1359/1227 943/1204/1095 1152/1360/1228 1040/1361/1229
f 948/1307/1182 845/1076/988 843/1303/1125 842/1330/1124
f 1346/867/803 1391/1362/1230 1322/1363/1231 1323/868/804
f 994/1259/1142 996/1195/1088 781/873/809 780/1071/985
f 1029/1364/1232 932/990/907 712/992/909 819/1263/1146
f 1006/1253/1138 1007/1030/947 796/1009/926 795/1160/1059
f 1012/1304/1180 802/1192/1086 801/1191/1085 919/1245/1131
f 1102/1365/1233 1082/1281/1163 1084/1280/1162 1085/1366/1234
f 926/1211/1102 927/1334/1204 809/1048/964 808/1212/1103
f 959/1367/1149 859/1285/1167 62/1275/1157 958/1274/1150
f 815/930/857 1025/1039/955 1026/1358/1226 817/1261/1144
f 828/1182/1077 823/1132/1038 936/695/648 937/1183/1078
f 1135/1368/1235 1020/1369/1236 1019/1325/1196 1134/1370/1237
f 910/1302/1179 911/1023/940 789/711/662 788/714/665
f 809/1048/964 927/1334/1204 928/1241/1128 811/1049/965
f 1083/1165/1064 1078/976/893 1079/975/892 1077/1371/1238
f 1043/1372/1199 842/1237/1124 840/1236/1123 947/1293/1172
f 1326/1373/1239 1327/1374/1240 1325/870/806 1324/937/862
f 63/1375/1241 884/1352/1221 883/1332/1202
f 63/1375/1241 1076/1376/1242 1077/1371/1238 1079/975/892
f 919/1245/1131 801/1191/1085 696/1226/987 918/1242/986
f 1156/1377/1243 1157/1378/1244 1042/1379/1063 1155/1380/1062
f 822/692/645 821/1060/974 935/1381/1245 1036/693/646
f 1444/1382/1246 1224/1383/1247 1138/1041/957 1442/1384/1248
f 924/1385/1249 925/1210/1101 805/1129/1035 923/1386/1250
f 956/1297/1176 955/1029/946 1052/1028/945 1055/1295/1174
f 1307/1387/1251 1367/1388/1252 1371/1389/1253 1311/1390/1254
f 935/1381/1245 821/1060/974 820/1014/931 934/1208/1099
f 921/486/456 920/1251/1136 922/1198/1091 923/1386/1250
f 1199/1391/1255 1200/1392/1256 1116/1084/993 997/1119/1025
f 1176/1393/1257 1177/1394/1258 1063/1395/1259 1062/1396/1260
f 1303/1397/1261 1304/1398/1262 1302/1399/1263 1301/1400/1264
f 1045/1308/1183 1046/1314/1188 950/1087/996 949/1077/989
f 1028/1294/1173 1029/1364/1232 819/1263/1146 818/1262/1145
f 1010/1401/1129 917/1402/1074 1009/1403/1265 1128/1404/1266
f 1017/1326/1197 1019/1325/1196 1020/1369/1236 1018/1333/1203
f 1070/1350/1219 973/1091/999 972/1092/1000 1069/1405/1267
f 1175/1406/1268 1061/1407/1269 961/1265/1148 960/1264/1147
f 981/1353/1222 11/1270/1153 985/1067/981 982/1066/980
f 1011/1244/1130 1130/1408/1270 1012/1304/1180 919/1245/1131
f 1067/1409/1271 1068/1410/1272 970/1202/1094 969/1201/1093
f 1271/1411/1273 1176/1412/1257 1175/1413/1268 1174/1414/1274
f 917/1177/1074 916/799/739 915/1272/1155 1009/1415/1265
f 978/1344/1213 1089/1347/1216 1088/1416/1275 979/1417/1276
f 976/1172/1069 880/1053/969 975/1052/968 1073/1418/1277
f 934/1208/1099 820/1014/931 714/1016/933 933/991/908
f 1165/1419/1278 1166/1420/1279 1167/1421/1280 1053/1422/1281
f 981/1353/1222 888/1175/1072 66/1187/1082 11/1270/1153
f 867/933/858 971/1189/1083 1069/1405/1267 972/1092/1000
f 1208/1337/1207 1209/1124/1030 1122/1127/1033 1121/1338/1208
f 1059/1273/1156 957/1276/1158 1057/1296/1175 1058/1423/1282
f 1120/1424/1209 1121/1425/1208 1002/1215/1106 1119/1214/1105
f 1072/1426/1283 974/1059/973 1071/1232/1119 1095/1349/1218
f 1073/1418/1277 975/1052/968 974/1059/973 1072/1426/1283
f 947/1293/1172 839/1292/1171 838/1063/977 946/1162/1061
f 941/875/811 942/1094/1001 832/1096/1003 831/876/812
f 942/1094/1001 941/875/811 943/1204/1095 944/1359/1227
f 942/1094/1001 944/1359/1227 945/1062/976 835/1064/978
f 1177/1394/1258 1178/1427/1284 1064/1428/1285 1063/1395/1259
f 1046/1314/1188 1047/1429/1286 951/1088/997 950/1087/996
f 961/1265/1148 1061/1407/1269 963/1289/1168 962/1315/1189
f 1062/1396/1260 1063/1395/1259 965/1141/1046 964/1140/1045
f 962/1315/1189 1630/1318/1190 959/1266/1149 961/1265/1148
f 1216/1430/1287 1217/1431/1288 1130/1432/1270 1215/1433/1289
f 954/1309/1184 850/1219/1107 849/1086/995 953/151/148
f 1050/150/147 955/1029/946 954/1309/1184 953/151/148
f 1165/1419/1278 1053/1422/1281 1052/1028/945 1051/1027/944
f 1265/1434/1290 1170/1435/1291 1169/1436/1292 1263/1437/1293
f 1079/975/892 21/44/44 884/1352/1221 63/1375/1241
f 67/1269/1152 984/1190/1084 985/1067/981 11/1270/1153
f 1061/1407/1269 1062/1396/1260 964/1140/1045 963/1289/1168
f 1212/1438/1294 1125/1320/1192 1124/1319/1191 1211/1439/1295
f 1065/1249/1135 1066/1248/1134 968/1440/1296 967/750/697
f 744/1153/1055 743/747/694 967/750/697 968/1440/1296
f 1066/1248/1134 1067/1409/1271 969/1201/1093 968/1440/1296
f 969/1201/1093 746/1200/1056 744/1153/1055 968/1440/1296
f 1001/1441/1297 910/1302/1179 909/848/784 1000/847/783
f 1004/1324/1195 1005/1252/1137 794/1159/1058 793/1171/1068
f 1074/1442/1298 1093/1348/1217 1096/1443/1299 1092/1444/1300
f 1210/1125/1031 1211/1439/1295 1124/1319/1191 1123/1126/1032
f 896/1341/1211 893/1357/1225 892/1354/1223 897/1158/1057
f 1074/1442/1298 1092/1444/1300 1090/1346/1215 1075/1345/1214
f 1015/1445/1301 1017/1326/1197 1018/1333/1203 1016/1335/1205
f 1076/1376/1242 63/1375/1241 883/1332/1202 980/1331/1201
f 1013/1446/1181 1217/1431/1288 1218/1447/1302 1131/1199/1092
f 1026/1358/1226 1025/1039/955 1138/1041/957 1224/1383/1247
f 977/1173/1070 976/1172/1069 978/1344/1213 979/1417/1276
f 977/1173/1070 979/1417/1276 980/1331/1201 882/1025/942
f 1222/1278/1160 1441/1448/1303 1442/1384/1248 1223/1279/1161
f 1064/1428/1285 1065/1249/1135 967/750/697 966/749/696
f 1500/1449/1304 1438/1123/1029 1437/1122/1028 1499/1450/1305
f 981/1353/1222 892/1354/1223 889/1176/1073 888/1175/1072
f 1071/1232/1119 973/1091/999 1070/1350/1219 1095/1349/1218
f 1068/1410/1272 1067/1409/1271 1181/1451/1306 1094/1351/1220
f 986/1185/1080 984/1216/1084 67/1452/1152 1109/1186/1081
f 1022/1277/1159 1023/1209/1100 930/682/635 929/1240/1127
f 1335/1453/1307 1257/1454/1308 1256/1455/1309 1255/1456/1310
f 1129/1457/1311 1011/1244/1130 1010/1243/1129 1128/1458/1266
f 1016/1335/1205 926/1211/1102 925/1210/1101 924/1385/1249
f 1110/1459/1312 990/1460/1313 989/110/109 988/109/108
f 1035/1461/1314 1036/693/646 935/1381/1245 1034/1462/1315
f 1281/1463/1316 1328/1464/1317 1282/62/62 1283/65/65
f 989/110/109 990/1460/1313 991/1465/1318 992/1260/1143
f 992/1260/1143 991/1465/1318 993/1466/1319 994/1259/1142
f 1021/1239/1126 928/1241/1128 1020/1369/1236 1135/1368/1235
f 994/1259/1142 993/1466/1319 995/1194/1087 996/1195/1088
f 805/1129/1035 804/487/457 921/486/456 923/1386/1250
f 997/1119/1025 905/1118/1024 1115/1206/1097 1199/1391/1255
f 1119/1214/1105 912/1036/952 1001/1441/1297 1118/1467/1320
f 1285/938/863 1206/1468/1321 1205/1469/1322 1204/939/864
f 1239/1470/1323 1153/1471/1324 1152/1360/1228 1238/1472/1325
f 928/1241/1128 927/1334/1204 1018/1333/1203 1020/1369/1236
f 1048/1221/1109 952/152/149 951/1088/997 1047/1429/1286
f 1001/1441/1297 912/1036/952 911/1023/940 910/1302/1179
f 1171/1473/1326 1058/1423/1282 1057/1296/1175 1056/1474/1327
f 922/1198/1091 920/1251/1136 1013/1446/1181 1131/1199/1092
f 1180/1247/1133 1097/1475/1328 1096/1443/1299 1181/1451/1306
f 915/1272/1155 1127/1355/1224 1214/1476/1329 1009/1415/1265
f 1137/1477/1330 1022/1277/1159 929/1240/1127 1021/1239/1126
f 1120/1424/1209 1205/1469/1322 1206/1468/1321 1207/1478/1210
f 1112/1479/1331 990/1460/1313 1110/1459/1312 1111/1480/1332
f 1014/1197/1090 1015/1445/1301 1016/1335/1205 924/1385/1249
f 1014/1197/1090 924/1385/1249 923/1386/1250 922/1198/1091
f 1157/1378/1244 1044/1329/1200 1043/1328/1199 1042/1379/1063
f 935/1381/1245 934/1208/1099 1032/1207/1098 1034/1462/1315
f 1172/1481/1333 1268/1482/1334 1269/1483/1335 1173/1484/1336
f 1038/874/810 940/877/813 1150/1485/1337 1151/1486/1338
f 1137/1477/1330 1440/1487/1339 1222/1278/1160 1022/1277/1159
f 1488/1488/1340 1489/1489/1341 1423/1490/1342 1487/1491/1343
f 979/1417/1276 1088/1416/1275 1076/1376/1242 980/1331/1201
f 1390/1492/1344 1347/1493/1345 1322/1363/1231 1391/1362/1230
f 944/1359/1227 1040/1361/1229 1041/1161/1060 945/1062/976
f 1717/88/87 1716/91/90 1739/1494/1346 229/1495/402
f 1075/1345/1214 978/1344/1213 976/1172/1069 1073/1418/1277
f 1029/1364/1232 1028/1294/1173 1030/1496/1347 1031/1497/1348
f 1029/1364/1232 1031/1497/1348 1032/1207/1098 932/990/907
f 1032/1207/1098 1031/1497/1348 1033/1498/1349 1034/1462/1315
f 1130/1408/1270 1011/1244/1130 1129/1457/1311 1215/1499/1289
f 1180/1247/1133 1181/1451/1306 1067/1409/1271 1066/1248/1134
f 1159/1312/1186 1045/1308/1183 948/1307/1182 1044/1329/1200
f 946/1162/1061 1042/1164/1063 1043/1372/1199 947/1293/1172
f 1277/1500/1350 1197/1501/1351 1196/1502/1352 1276/1503/1353
f 1173/1484/1336 1060/1504/1212 1059/1273/1156 1058/1423/1282
f 1466/1505/1354 1246/1506/1355 1245/1507/1356 1244/1508/1357
f 1026/1358/1226 1224/1383/1247 1565/1509/1358 1225/1230/1117
f 1051/1027/944 1050/150/147 1049/149/146 1163/1510/1359
f 1563/1511/1360 1440/1487/1339 1439/1512/1361 1562/1513/1362
f 1183/1514/1363 1178/1427/1284 1177/1394/1258 1272/1515/1364
f 1247/1516/1365 1249/1283/1165 1048/1221/1109 1047/1429/1286
f 1181/1451/1306 1096/1443/1299 1093/1348/1217 1094/1351/1220
f 1094/1351/1220 1070/1350/1219 1069/1405/1267 1068/1410/1272
f 11/1270/1153 66/1187/1082 1105/1321/1193 1107/1271/1154
f 1294/1517/1366 1296/1518/1367 1210/1125/1031 1209/1124/1030
f 1103/1519/1368 1104/1520/1369 1082/1281/1163 1102/1365/1233
f 1369/1120/1026 1438/1123/1029 1501/1521/1370 1221/1522/1371
f 971/1189/1083 970/1202/1094 1068/1410/1272 1069/1405/1267
f 1175/1406/1268 1176/1393/1257 1062/1396/1260 1061/1407/1269
f 1182/1523/1372 1099/1524/1373 1098/1525/1374 1097/1475/1328
f 1053/1526/1281 1054/1527/1375 1055/1528/1174 1052/1529/945
f 1036/693/646 1035/1461/1314 1146/1530/1376 1037/694/647
f 1055/1295/1174 1054/1531/1375 1056/1474/1327 1057/1296/1175
f 1108/1532/1151 1191/1533/1377 1109/1186/1081 67/1452/1152
f 1093/1348/1217 1074/1442/1298 1072/1426/1283 1095/1349/1218
f 1179/1246/1132 1182/1523/1372 1097/1475/1328 1180/1247/1133
f 1193/1311/1185 1194/1534/1378 1110/1459/1312 988/109/108
f 1063/1395/1259 1064/1428/1285 966/749/696 965/1141/1046
f 1461/1535/1379 1242/1536/1380 1241/1537/1381 1240/1538/1382
f 1065/1249/1135 1064/1428/1285 1178/1427/1284 1179/1246/1132
f 1442/1384/1248 1138/1041/957 1024/1040/956 1223/1279/1161
f 1221/1522/1371 1501/1521/1370 1439/1512/1361 1136/1539/1383
f 1244/1508/1357 1245/1507/1356 1158/1540/1384 1243/1541/1385
f 1238/1472/1325 1152/1360/1228 943/1204/1095 1039/1205/1096
f 1316/1542/1386 1360/1543/1387 1362/1544/1388 1315/1545/1389
f 1174/1546/1274 1175/1406/1268 960/1264/1147 1060/1342/1212
f 1073/1418/1277 1072/1426/1283 1074/1442/1298 1075/1345/1214
f 1009/1415/1265 1214/1476/1329 1304/1398/1262 1128/1458/1266
f 1100/1547/1390 1085/1366/1234 1087/1548/1391 1091/1549/1392
f 1193/1311/1185 1262/1550/1393 1260/1551/1394 1194/1534/1378
f 1599/1552/1395 1448/1553/1396 1226/1554/1397 1568/1555/1398
f 1184/1556/1399 1101/1557/1400 1100/1547/1390 1099/1524/1373
f 1085/1366/1234 1100/1547/1390 1101/1557/1400 1102/1365/1233
f 1351/1558/1401 1353/1559/1402 1354/1560/1403 1352/1561/1404
f 1084/1280/1162 1083/1165/1064 1077/1371/1238 1086/1562/1405
f 1084/1280/1162 1086/1562/1405 1087/1548/1391 1085/1366/1234
f 1090/1346/1215 1091/1549/1392 1087/1548/1391 1089/1347/1216
f 1087/1548/1391 1086/1562/1405 1088/1416/1275 1089/1347/1216
f 1097/1475/1328 1098/1525/1374 1092/1444/1300 1096/1443/1299
f 1278/1563/1406 1200/1392/1256 1199/1391/1255 1198/1564/1407
f 1241/1565/1381 1156/1566/1243 1155/1163/1062 1154/1567/1408
f 1013/1446/1181 1012/1568/1180 1130/1432/1270 1217/1431/1288
f 1113/1569/1409 991/1465/1318 990/1460/1313 1112/1479/1331
f 1382/1570/1410 1384/1571/1411 1385/1572/1412 1383/1573/1413
f 1632/994/911 891/1098/1005 764/1101/1008 763/989/906
f 1201/1085/994 1116/1084/993 1200/1392/1256 1280/1574/1414
f 1237/1575/1415 1459/1576/1416 1238/1472/1325 1039/1205/1096
f 1221/1522/1371 1136/1539/1383 1135/1368/1235 1134/1370/1237
f 1098/1525/1374 1099/1524/1373 1100/1547/1390 1091/1549/1392
f 1098/1525/1374 1091/1549/1392 1090/1346/1215 1092/1444/1300
f 1081/1166/1065 1082/1281/1163 1104/1520/1369 1105/1321/1193
f 1133/1577/1417 1015/1445/1301 1014/1197/1090 1132/1196/1089
f 1105/1578/1193 1104/1579/1369 1106/1580/1418 1107/1581/1154
f 1170/1435/1291 1171/1473/1326 1056/1474/1327 1169/1436/1292
f 1264/1582/1419 1192/1184/1079 1109/1186/1081 1191/1533/1377
f 1291/1583/1420 1289/1584/1421 1320/1585/1422 1319/1586/1423
f 1292/1587/1424 1294/1517/1366 1209/1124/1030 1208/1337/1207
f 1165/1419/1278 1164/1588/1425 1254/1589/1426 1166/1420/1279
f 1203/1008/925 1118/1467/1320 1001/1441/1297 1000/847/783
f 1235/1590/1427 1151/1486/1338 1150/1485/1337 1234/1591/1428
f 1281/1463/1316 1283/65/65 1117/1057/971 1201/1085/994
f 993/1466/1319 991/1465/1318 1113/1569/1409 1114/1592/1429
f 1264/1582/1419 1262/1550/1393 1193/1311/1185 1192/1184/1079
f 995/1194/1087 993/1466/1319 1114/1592/1429 1115/1206/1097
f 1391/1362/1230 1393/1593/1430 1392/1594/1431 1390/1492/1344
f 1147/1595/1432 937/1183/1078 936/695/648 1037/694/647
f 1205/1469/1322 1120/1424/1209 1119/1214/1105 1118/1467/1320
f 1471/1596/1433 1473/1597/1434 1252/1598/1435 1162/1599/1436
f 1148/629/587 938/628/586 937/1183/1078 1147/1595/1432
f 1305/1600/1437 1365/1601/1438 1366/1602/1439 1306/1603/1440
f 1152/1360/1228 1153/1471/1324 1154/1567/1408 1040/1361/1229
f 1227/1604/1441 1145/1605/1442 1144/1606/1443 1143/1607/1444
f 1144/1606/1443 1145/1605/1442 1146/1530/1376 1035/1461/1314
f 1121/1338/1208 1122/1127/1033 1003/1323/1194 1002/1608/1106
f 1212/1438/1294 1213/1609/1445 1126/1610/1446 1125/1320/1192
f 1122/1127/1033 1123/1126/1032 1004/1324/1195 1003/1323/1194
f 1127/1355/1224 1008/1031/948 1007/1030/947 1126/1610/1446
f 1123/1126/1032 1124/1319/1191 1005/1252/1137 1004/1324/1195
f 1363/1611/1447 1365/1601/1438 1312/1612/1448 1364/1613/1449
f 1129/1457/1311 1303/1397/1261 1313/1614/1450 1215/1499/1289
f 1125/1320/1192 1126/1610/1446 1007/1030/947 1006/1253/1138
f 1310/559/521 53/558/520 1220/1327/1198 1309/1615/1451
f 1308/1616/1452 1133/1577/1417 1132/1196/1089 1219/1617/1453
f 1363/1611/1447 1372/1618/1454 1366/1602/1439 1365/1601/1438
f 1147/1595/1432 1037/694/647 1146/1530/1376 1230/1619/1455
f 1157/1378/1244 1158/1540/1384 1159/1312/1186 1044/1329/1200
f 1473/1597/1434 1474/1620/1456 1253/1621/1457 1252/1598/1435
f 53/558/520 1370/560/522 1134/1370/1237 1019/1325/1196
f 1292/1587/1424 1208/1337/1207 1207/1340/1210 1290/1622/1458
f 1407/1623/1459 1410/1624/1460 1405/1625/1461 1336/1626/1462
f 1135/1368/1235 1136/1539/1383 1137/1477/1330 1021/1239/1126
f 1195/1627/1463 1274/1628/1464 1334/1629/1465 1275/1630/1466
f 1627/1631/1467 1615/1632/1468 1608/1633/1469 1607/1634/1470
f 1296/1518/1367 1298/1635/1471 1211/1439/1295 1210/1125/1031
f 1273/1636/1472 1274/1628/1464 1195/1627/1463 1111/1480/1332
f 1114/1592/1429 1113/1569/1409 1197/1501/1351 1198/1564/1407
f 1482/1637/1473 1416/1638/1474 1480/1639/1475 1529/1640/1476
f 1305/1600/1437 1218/1447/1302 1217/1431/1288 1216/1430/1287
f 1040/1361/1229 1154/1567/1408 1155/1163/1062 1041/1161/1060
f 1446/1641/1477 1447/1642/1478 1142/1643/1479 1140/1644/1480
f 1354/1560/1403 1356/1645/1481 1318/1646/1482 1319/1586/1423
f 1498/1647/1483 1499/1450/1305 1436/1648/1484 1435/1649/1485
f 1367/1388/1252 1366/1602/1439 1372/1618/1454 1373/1650/1486
f 1511/1651/1487 1510/1652/1488 1509/1653/1489 1491/1654/1490
f 1460/1655/1491 1239/1470/1323 1577/1656/1492 1578/1657/1493
f 1344/1658/1494 1329/1659/1495 1343/1660/1496 1396/1661/1497
f 891/1098/1005 894/1336/1206 1631/1099/1006 764/1101/1008
f 1131/1199/1092 1218/1447/1302 1219/1617/1453 1132/1196/1089
f 1272/1515/1364 1185/1662/1498 1184/1556/1399 1183/1514/1363
f 1513/1663/1499 1515/1664/1500 1514/1665/1501 1512/1666/1502
f 1139/1228/1115 1030/1496/1347 1028/1294/1173 1027/1229/1116
f 1162/1599/1436 1163/1510/1359 1049/149/146 1161/1220/1108
f 1139/1228/1115 1140/1644/1480 1141/1667/1503 1030/1496/1347
f 1141/1667/1503 1033/1498/1349 1031/1497/1348 1030/1496/1347
f 1141/1667/1503 1140/1644/1480 1142/1643/1479 1143/1607/1444
f 1141/1667/1503 1143/1607/1444 1144/1606/1443 1033/1498/1349
f 1144/1606/1443 1035/1461/1314 1034/1462/1315 1033/1498/1349
f 1142/1643/1479 1226/1554/1397 1227/1604/1441 1143/1607/1444
f 1195/1627/1463 1196/1502/1352 1112/1479/1331 1111/1480/1332
f 1239/1470/1323 1460/1655/1491 1240/1668/1382 1153/1471/1324
f 1331/1669/1504 1279/1670/1505 1278/1563/1406 1277/1500/1350
f 1237/1575/1415 1039/1205/1096 1038/874/810 1151/1486/1338
f 1150/1485/1337 940/877/813 939/627/585 1149/626/584
f 1471/1596/1433 1162/1599/1436 1161/1220/1108 1251/1284/1166
f 1252/1598/1435 1164/1588/1425 1163/1510/1359 1162/1599/1436
f 1259/1671/1506 1261/1672/1507 1168/1673/1508 1167/1421/1280
f 1271/1674/1273 1272/1515/1364 1177/1394/1258 1176/1393/1257
f 1174/1546/1274 1060/1342/1212 1173/1675/1336 1269/1676/1335
f 1247/1516/1365 1047/1429/1286 1046/1314/1188 1160/1313/1187
f 1280/1574/1414 1330/1677/1509 1281/1463/1316 1201/1085/994
f 437/368/349 436/197/194 439/742/559 250/594/499
f 1165/1419/1278 1051/1027/944 1163/1510/1359 1164/1588/1425
f 1184/1556/1399 1185/1662/1498 1186/1678/1510 1101/1557/1400
f 1257/1454/1308 1258/1679/1511 1259/1671/1506 1256/1455/1309
f 1015/1445/1301 1133/1577/1417 1220/1327/1198 1017/1326/1197
f 1054/1531/1375 1053/1422/1281 1167/1421/1280 1168/1673/1508
f 1544/1680/1512 1578/1657/1493 1546/1681/1513 1545/1682/1514
f 1056/1474/1327 1054/1531/1375 1168/1673/1508 1169/1436/1292
f 1267/1683/1515 1172/1481/1333 1171/1473/1326 1170/1435/1291
f 1171/1473/1326 1172/1481/1333 1173/1484/1336 1058/1423/1282
f 1199/1391/1255 1115/1206/1097 1114/1592/1429 1198/1564/1407
f 1113/1569/1409 1112/1479/1331 1196/1502/1352 1197/1501/1351
f 1183/1514/1363 1182/1523/1372 1179/1246/1132 1178/1427/1284
f 1298/1635/1471 1300/1684/1516 1212/1438/1294 1211/1439/1295
f 1487/1491/1343 1423/1490/1342 1424/1685/1517 1422/1686/1518
f 1362/1544/1388 1364/1687/1449 1314/1688/1519 1315/1545/1389
f 1425/1689/1520 1389/1690/1521 1349/1691/1522 1426/1692/1523
f 1268/1693/1334 1189/1694/1524 1188/1695/1525 1187/1696/1526
f 1183/1514/1363 1184/1556/1399 1099/1524/1373 1182/1523/1372
f 1190/1697/1527 1266/1698/1528 1191/1533/1377 1108/1532/1151
f 1187/1696/1526 1188/1695/1525 1103/1519/1368 1186/1678/1510
f 1253/1621/1457 1254/1589/1426 1164/1588/1425 1252/1598/1435
f 1188/1695/1525 1189/1694/1524 1190/1699/1527 1106/1700/1418
f 1188/1701/1525 1106/1580/1418 1104/1579/1369 1103/1702/1368
f 1190/1699/1527 1108/1268/1151 1107/1271/1154 1106/1700/1418
f 1260/1551/1394 1258/1679/1511 1273/1636/1472 1194/1534/1378
f 1273/1636/1472 1258/1679/1511 1257/1454/1308 1274/1628/1464
f 1256/1455/1309 1259/1671/1506 1167/1421/1280 1166/1420/1279
f 1352/1561/1404 1320/1585/1422 1321/1703/1529 1348/1704/1530
f 1307/1387/1251 1306/1603/1440 1366/1602/1439 1367/1388/1252
f 1248/1705/1531 1250/1706/1532 1251/1284/1166 1249/1283/1165
f 1278/1563/1406 1198/1564/1407 1197/1501/1351 1277/1500/1350
f 1548/1707/1533 1547/1708/1534 1581/1709/1535 1582/1710/1536
f 1435/1649/1485 1374/1711/1537 1376/1712/1538 1434/1713/1539
f 1329/1659/1495 1344/1658/1494 1327/1374/1240 1326/1373/1239
f 1577/1656/1492 1239/1470/1323 1238/1472/1325 1459/1576/1416
f 1172/1481/1333 1267/1683/1515 1189/1714/1524 1268/1482/1334
f 1203/1008/925 1204/939/864 1205/1469/1322 1118/1467/1320
f 1127/1355/1224 1126/1610/1446 1213/1609/1445 1214/1476/1329
f 1227/1604/1441 1228/1715/1540 1229/1716/1541 1145/1605/1442
f 1291/1583/1420 1292/1587/1424 1290/1622/1458 1289/1584/1421
f 1300/1684/1516 1302/1399/1263 1213/1609/1445 1212/1438/1294
f 1407/1623/1459 1336/1626/1462 1334/1629/1465 1335/1453/1307
f 1491/1654/1490 1492/1717/1542 1429/1718/1543 1428/1719/1544
f 1559/1720/1545 1502/1721/1546 1503/1722/1547 1558/1723/1548
f 1297/1724/1549 1299/1725/1550 1300/1684/1516 1298/1635/1471
f 1232/1115/1021 1148/629/587 1147/1595/1432 1230/1619/1455
f 1128/1458/1266 1304/1398/1262 1303/1397/1261 1129/1457/1311
f 1405/1625/1461 1410/1624/1460 1411/1726/1551 1406/1727/1552
f 1260/1551/1394 1261/1672/1507 1259/1671/1506 1258/1679/1511
f 1236/1728/1553 1237/1575/1415 1151/1486/1338 1235/1590/1427
f 1395/1729/1554 1345/1730/1555 1327/1374/1240 1344/1658/1494
f 1308/1616/1452 1309/1615/1451 1220/1327/1198 1133/1577/1417
f 1368/1121/1027 1369/1120/1026 1370/560/522 1310/559/521
f 1241/1537/1381 1242/1536/1380 1243/1541/1385 1156/1377/1243
f 1580/1731/1556 1462/1732/1557 1461/1535/1379 1579/1733/1558
f 1395/1729/1554 1344/1658/1494 1396/1661/1497 1397/1734/1559
f 1440/1487/1339 1137/1477/1330 1136/1539/1383 1439/1512/1361
f 1371/1389/1253 1367/1388/1252 1373/1650/1486 1436/1648/1484
f 1345/1730/1555 1346/867/803 1325/870/806 1327/1374/1240
f 1345/1730/1555 1393/1593/1430 1391/1362/1230 1346/867/803
f 1448/1553/1396 1228/1715/1540 1227/1604/1441 1226/1554/1397
f 1311/1390/1254 1368/1121/1027 1310/559/521 1309/1615/1451
f 1566/1735/1560 1445/1227/1114 1225/1230/1117 1565/1509/1358
f 1156/1377/1243 1243/1541/1385 1158/1540/1384 1157/1378/1244
f 1394/1736/1561 1421/1737/1562 1392/1594/1431 1393/1593/1430
f 1365/1601/1438 1305/1600/1437 1216/1430/1287 1312/1612/1448
f 1496/1738/1563 1497/1739/1564 1434/1713/1539 1433/1740/1565
f 1392/1594/1431 1421/1737/1562 1422/1686/1518 1424/1685/1517
f 1338/1741/1566 1339/1742/1567 1279/1670/1505 1331/1669/1504
f 1343/1660/1496 1399/1743/1568 1398/1744/1569 1396/1661/1497
f 1145/1605/1442 1229/1716/1541 1230/1619/1455 1146/1530/1376
f 1288/1745/1570 1289/1584/1421 1290/1622/1458 1287/1746/1571
f 1230/1619/1455 1229/1716/1541 1231/1747/1572 1232/1115/1021
f 1234/1591/1428 1150/1485/1337 1149/626/584 1233/1114/1020
f 1469/1748/1573 1250/1706/1532 1248/1705/1531 1468/1749/1574
f 1306/1603/1440 1219/1617/1453 1218/1447/1302 1305/1600/1437
f 1103/1519/1368 1102/1365/1233 1101/1557/1400 1186/1678/1510
f 1421/1737/1562 1394/1736/1561 1420/1750/1575 1486/1751/1576
f 1285/1752/863 1286/1753/805 1287/1746/1571 1206/1754/1321
f 1279/1670/1505 1280/1574/1414 1200/1392/1256 1278/1563/1406
f 1312/1755/1448 1313/1614/1450 1314/1688/1519 1364/1687/1449
f 1240/1668/1382 1241/1565/1381 1154/1567/1408 1153/1471/1324
f 1255/1456/1310 1256/1455/1309 1166/1420/1279 1254/1589/1426
f 1264/1582/1419 1265/1434/1290 1263/1437/1293 1262/1550/1393
f 1245/1507/1356 1160/1313/1187 1159/1312/1186 1158/1540/1384
f 1304/1398/1262 1214/1476/1329 1213/1609/1445 1302/1399/1263
f 1245/1507/1356 1246/1506/1355 1247/1516/1365 1160/1313/1187
f 1247/1516/1365 1246/1506/1355 1248/1705/1531 1249/1283/1165
f 1321/1703/1529 1322/1756/1231 1347/1757/1345 1348/1704/1530
f 1500/1449/1304 1560/1758/1577 1501/1521/1370 1438/1123/1029
f 1190/1697/1527 1189/1714/1524 1267/1683/1515 1266/1698/1528
f 1276/1503/1353 1196/1502/1352 1195/1627/1463 1275/1630/1466
f 1312/1612/1448 1216/1430/1287 1215/1433/1289 1313/1759/1450
f 1270/1760/1578 1185/1662/1498 1272/1515/1364 1271/1674/1273
f 1261/1672/1507 1260/1551/1394 1262/1550/1393 1263/1437/1293
f 1261/1672/1507 1263/1437/1293 1169/1436/1292 1168/1673/1508
f 1324/937/862 1284/63/63 1282/62/62 1326/1373/1239
f 1265/1434/1290 1264/1582/1419 1191/1533/1377 1266/1698/1528
f 1265/1434/1290 1266/1698/1528 1267/1683/1515 1170/1435/1291
f 1270/1761/1578 1271/1411/1273 1174/1414/1274 1269/1762/1335
f 1301/1400/1264 1299/1725/1550 1315/1545/1389 1314/1688/1519
f 1339/1742/1567 1330/1677/1509 1280/1574/1414 1279/1670/1505
f 1270/1760/1578 1269/1676/1335 1268/1693/1334 1187/1696/1526
f 1270/1760/1578 1187/1696/1526 1186/1678/1510 1185/1662/1498
f 1511/1651/1487 1491/1654/1490 1428/1719/1544 1490/1763/1579
f 1110/1459/1312 1194/1534/1378 1273/1636/1472 1111/1480/1332
f 1447/1642/1478 1568/1555/1398 1226/1554/1397 1142/1643/1479
f 1530/1764/1580 1541/1765/1581 1528/1766/1582 1529/1640/1476
f 1307/1387/1251 1308/1616/1452 1219/1617/1453 1306/1603/1440
f 1359/1767/1583 1361/1768/1584 1362/1544/1388 1360/1543/1387
f 1371/1389/1253 1436/1648/1484 1499/1450/1305 1437/1122/1028
f 1532/1769/1585 1478/1770/1586 1412/1771/1587 1477/1772/1588
f 1332/1773/1589 1337/1774/1590 1338/1741/1566 1331/1669/1504
f 1397/1734/1559 1420/1750/1575 1394/1736/1561 1395/1729/1554
f 1324/937/862 1325/870/806 1286/869/805 1285/938/863
f 959/1266/1149 1630/1318/1190 860/1775/1139 859/1776/1167
f 1427/1777/1591 1388/1778/1592 1389/1779/1521 1425/1780/1520
f 1328/1464/1317 1329/1659/1495 1326/1373/1239 1282/62/62
f 1287/1746/1571 1290/1622/1458 1207/1340/1210 1206/1754/1321
f 1303/1397/1261 1301/1400/1264 1314/1688/1519 1313/1614/1450
f 1607/1634/1470 1608/1633/1469 1590/1781/1593 1589/1782/1594
f 1292/1587/1424 1291/1583/1420 1293/1783/1595 1294/1517/1366
f 1294/1517/1366 1293/1783/1595 1295/1784/1596 1296/1518/1367
f 1296/1518/1367 1295/1784/1596 1297/1724/1549 1298/1635/1471
f 1300/1684/1516 1299/1725/1550 1301/1400/1264 1302/1399/1263
f 1240/1538/1382 1460/1785/1491 1579/1733/1558 1461/1535/1379
f 1341/1786/1597 1340/1787/1598 1400/1788/1599 1399/1743/1568
f 1328/1464/1317 1342/1789/1600 1343/1660/1496 1329/1659/1495
f 1307/1387/1251 1311/1390/1254 1309/1615/1451 1308/1616/1452
f 1276/1503/1353 1275/1630/1466 1333/1790/1601 1332/1773/1589
f 1275/1630/1466 1334/1629/1465 1336/1626/1462 1333/1790/1601
f 1746/1791/1602 1711/727/677 1700/565/527 1701/1792/1603
f 1297/1724/1549 1316/1542/1386 1315/1545/1389 1299/1725/1550
f 1557/1793/1604 1558/1723/1548 1503/1722/1547 1504/1794/1605
f 1567/1795/1606 1446/1641/1477 1445/1227/1114 1566/1735/1560
f 1428/1719/1544 1388/1778/1592 1427/1777/1591 1490/1763/1579
f 1297/1724/1549 1295/1784/1596 1317/1796/1607 1316/1542/1386
f 1295/1784/1596 1293/1783/1595 1318/1646/1482 1317/1796/1607
f 1358/1797/1608 1360/1543/1387 1316/1542/1386 1317/1796/1607
f 1318/1646/1482 1293/1783/1595 1291/1583/1420 1319/1586/1423
f 1621/3/3 1628/1798/1609 48/14/14 1604/1799/1610
f 1337/1774/1590 1332/1773/1589 1333/1790/1601 1403/1800/1611
f 1321/1703/1529 1320/1585/1422 1289/1584/1421 1288/1745/1570
f 1321/1703/1529 1288/1745/1570 1323/1801/804 1322/1756/1231
f 1356/1645/1481 1358/1797/1608 1317/1796/1607 1318/1646/1482
f 1481/1802/1612 1413/1803/1613 1412/1771/1587 1478/1770/1586
f 1352/1561/1404 1354/1560/1403 1319/1586/1423 1320/1585/1422
f 1486/1751/1576 1420/1750/1575 1419/1804/1614 1485/1805/1615
f 1277/1500/1350 1276/1503/1353 1332/1773/1589 1331/1669/1504
f 1544/1806/1512 1545/1807/1514 1526/1808/1616 1543/1809/1617
f 1405/1625/1461 1403/1800/1611 1333/1790/1601 1336/1626/1462
f 1323/1801/804 1288/1745/1570 1287/1746/1571 1286/1753/805
f 1425/1810/1520 1426/1811/1523 1424/1685/1517 1423/1490/1342
f 1538/1812/1618 1539/1813/1619 1541/1765/1581 1530/1764/1580
f 1257/1454/1308 1335/1453/1307 1334/1629/1465 1274/1628/1464
f 1394/1736/1561 1393/1593/1430 1345/1730/1555 1395/1729/1554
f 1399/1743/1568 1343/1660/1496 1342/1789/1600 1341/1786/1597
f 1328/1464/1317 1281/1463/1316 1330/1677/1509 1342/1789/1600
f 1231/1747/1572 1452/1814/1620 1233/1114/1020 1232/1115/1021
f 1369/1120/1026 1221/1522/1371 1134/1370/1237 1370/560/522
f 1596/1815/1621 1566/1735/1560 1565/1509/1358 1595/1816/1622
f 1542/1817/1623 1525/1818/1624 1527/1819/1625 1528/1766/1582
f 1654/862/798 52/144/141 51/1282/1164 1655/1820/1626
f 1497/1739/1564 1498/1647/1483 1435/1649/1485 1434/1713/1539
f 1478/1770/1586 1479/1821/1627 1480/1639/1475 1481/1802/1612
f 1495/1822/1628 1496/1738/1563 1433/1740/1565 1432/1823/1629
f 1806/227/222 1805/407/385 1813/198/195 1812/1824/1630
f 1475/1825/1631 22/1826/1632 23/1827/1633 1476/1828/1634
f 1335/1453/1307 1255/1456/1310 1408/1829/1635 1407/1623/1459
f 1351/1558/1401 1352/1561/1404 1348/1704/1530 1350/1830/1636
f 1454/1831/1637 1456/1832/1638 1235/1590/1427 1234/1591/1428
f 1474/1620/1456 1409/1833/1639 1408/1829/1635 1253/1621/1457
f 1473/1597/1434 1472/1834/1640 1475/1825/1631 1474/1620/1456
f 1339/1742/1567 1338/1741/1566 1340/1787/1598 1341/1786/1597
f 1339/1742/1567 1341/1786/1597 1342/1789/1600 1330/1677/1509
f 1371/1389/1253 1437/1122/1028 1368/1121/1027 1311/1390/1254
f 1483/1835/1641 1419/1804/1614 1418/1836/1642 1417/1837/1643
f 1427/1777/1591 1425/1780/1520 1423/1838/1342 1489/1839/1341
f 1451/1840/1644 1452/1814/1620 1231/1747/1572 1450/1841/1645
f 83/147/144 1801/237/231 84/233/227 156/277/270
f 1483/1835/1641 1484/1842/1646 1485/1805/1615 1419/1804/1614
f 1435/1649/1485 1436/1648/1484 1373/1650/1486 1374/1711/1537
f 1447/1642/1478 1446/1641/1477 1567/1795/1606 1597/1843/1647
f 1497/1739/1564 1503/1722/1547 1502/1721/1546 1498/1647/1483
f 1556/1844/1648 1557/1793/1604 1504/1794/1605 1505/1845/1649
f 1489/1839/1341 1488/1846/1340 1515/1664/1500 1513/1663/1499
f 1348/1704/1530 1347/1757/1345 1349/1691/1522 1350/1830/1636
f 1351/1558/1401 1384/1847/1411 1382/1848/1410 1353/1559/1402
f 1354/1560/1403 1353/1559/1402 1355/1849/1650 1356/1645/1481
f 1356/1645/1481 1355/1849/1650 1357/1850/1651 1358/1797/1608
f 1358/1797/1608 1357/1850/1651 1359/1767/1583 1360/1543/1387
f 1377/1851/1652 1375/1852/1653 1361/1768/1584 1359/1767/1583
f 1494/1853/1654 1495/1822/1628 1432/1823/1629 1431/1854/1655
f 1362/1855/1388 1361/1856/1584 1363/1611/1447 1364/1613/1449
f 1377/1857/1652 1376/1712/1538 1374/1711/1537 1375/1858/1653
f 1222/1278/1160 1440/1487/1339 1563/1511/1360 1441/1448/1303
f 1400/1788/1599 1340/1787/1598 1402/1859/1656 1401/1860/1657
f 1506/1861/1658 1494/1853/1654 1493/1862/1659 1507/1863/1660
f 1427/1777/1591 1489/1839/1341 1513/1663/1499 1490/1763/1579
f 1492/1717/1542 1493/1862/1659 1430/1864/1661 1429/1718/1543
f 1255/1456/1310 1254/1589/1426 1253/1621/1457 1408/1829/1635
f 1509/1653/1489 1508/1865/1662 1492/1717/1542 1491/1654/1490
f 1416/1638/1474 1414/1866/1663 1481/1802/1612 1480/1639/1475
f 1602/1867/1664 1551/1868/1665 1550/1869/1666 1601/1870/1667
f 1409/1833/1639 1410/1624/1460 1407/1623/1459 1408/1829/1635
f 1538/1812/1618 1530/1764/1580 1479/1821/1627 1531/1871/1668
f 1351/1558/1401 1350/1830/1636 1386/1872/1669 1384/1847/1411
f 1476/1828/1634 23/1827/1633 1477/1772/1588 1411/1726/1551
f 1449/1873/1670 1569/1874/1671 1451/1840/1644 1450/1841/1645
f 1673/1875/1672 1688/1876/1673 1722/1877/1674 1686/1878/1675
f 1248/1705/1531 1246/1506/1355 1466/1505/1354 1468/1749/1574
f 1373/1650/1486 1372/1618/1454 1375/1858/1653 1374/1711/1537
f 1586/1879/1676 1587/1880/1677 1552/1881/1678 1585/1882/1679
f 1375/1858/1653 1372/1618/1454 1363/1611/1447 1361/1856/1584
f 1432/1823/1629 1433/1740/1565 1379/1883/1680 1380/1884/1681
f 1599/1552/1395 1600/1885/1682 1449/1873/1670 1448/1553/1396
f 1552/1881/1678 1553/1886/1683 1508/1865/1662 1509/1653/1489
f 1433/1740/1565 1434/1713/1539 1376/1712/1538 1379/1883/1680
f 1429/1718/1543 1430/1864/1661 1385/1572/1412 1387/1887/1684
f 1377/1857/1652 1378/1888/1685 1379/1883/1680 1376/1712/1538
f 1377/1851/1652 1359/1767/1583 1357/1850/1651 1378/1889/1685
f 1431/1854/1655 1432/1823/1629 1380/1884/1681 1383/1573/1413
f 1428/1719/1544 1429/1718/1543 1387/1887/1684 1388/1778/1592
f 1379/1883/1680 1378/1888/1685 1381/1890/1686 1380/1884/1681
f 1381/1890/1686 1382/1570/1410 1383/1573/1413 1380/1884/1681
f 1381/1891/1686 1378/1889/1685 1357/1850/1651 1355/1849/1650
f 1381/1890/1686 1355/1892/1650 1353/1893/1402 1382/1570/1410
f 1618/1894/1687 1600/1885/1682 1599/1552/1395 1617/1895/1688
f 1430/1864/1661 1431/1854/1655 1383/1573/1413 1385/1572/1412
f 1386/1872/1669 1387/1896/1684 1385/1897/1412 1384/1847/1411
f 1444/1382/1246 1595/1816/1622 1565/1509/1358 1224/1383/1247
f 1387/1896/1684 1386/1872/1669 1389/1690/1521 1388/1898/1592
f 1347/1757/1345 1390/1899/1344 1426/1692/1523 1349/1691/1522
f 1389/1690/1521 1386/1872/1669 1350/1830/1636 1349/1691/1522
f 122/331/320 123/500/470 124/264/257 121/330/319
f 1415/1900/1689 1398/1744/1569 1399/1743/1568 1400/1788/1599
f 1400/1788/1599 1401/1860/1657 1414/1866/1663 1415/1900/1689
f 1543/1809/1617 1526/1808/1616 1525/1818/1624 1542/1817/1623
f 1404/1901/1690 1413/1803/1613 1401/1860/1657 1402/1859/1656
f 1406/1727/1552 1412/1771/1587 1413/1803/1613 1404/1901/1690
f 1337/1774/1590 1403/1800/1611 1404/1901/1690 1402/1859/1656
f 1402/1859/1656 1340/1787/1598 1338/1741/1566 1337/1774/1590
f 1414/1866/1663 1401/1860/1657 1413/1803/1613 1481/1802/1612
f 1405/1625/1461 1406/1727/1552 1404/1901/1690 1403/1800/1611
f 1518/1902/1691 1422/1686/1518 1421/1737/1562 1486/1751/1576
f 1418/1836/1642 1419/1804/1614 1420/1750/1575 1397/1734/1559
f 1800/1903/151 228/402/380 1799/401/379 34/145/142
f 1501/1521/1370 1560/1758/1577 1562/1513/1362 1439/1512/1361
f 1536/1904/1692 22/1826/1632 1475/1825/1631 1472/1834/1640
f 1415/1900/1689 1414/1866/1663 1416/1638/1474 1417/1837/1643
f 1415/1900/1689 1417/1837/1643 1418/1836/1642 1398/1744/1569
f 410/672/625 1668/1905/1693 1692/1906/1694 1669/1907/1695
f 1418/1836/1642 1397/1734/1559 1396/1661/1497 1398/1744/1569
f 1575/1908/1696 1459/1576/1416 1237/1575/1415 1236/1728/1553
f 1773/1909/1697 1735/413/391 1734/412/390 1771/1910/1698
f 1443/1911/1699 1594/1912/1700 1595/1816/1622 1444/1382/1246
f 1392/1594/1431 1424/1685/1517 1426/1811/1523 1390/1492/1344
f 1488/1846/1340 1517/1913/1701 1549/1914/1702 1515/1664/1500
f 1704/474/445 1657/494/464 1705/514/482 1707/415/393
f 1551/1868/1665 1602/1867/1664 1585/1882/1679 1510/1652/1488
f 1539/1813/1619 1464/1915/1703 1540/1916/1704 1541/1765/1581
f 1494/1853/1654 1431/1854/1655 1430/1864/1661 1493/1862/1659
f 1490/1763/1579 1513/1663/1499 1512/1666/1502 1511/1651/1487
f 1581/1709/1535 1547/1708/1534 1546/1681/1513 1576/1917/1705
f 833/1095/1002 834/985/902 1655/1820/1626 51/1282/1164
f 1452/1814/1620 1454/1831/1637 1234/1591/1428 1233/1114/1020
f 1584/1918/1706 1572/1919/1707 1601/1870/1667 1550/1869/1666
f 1620/1/1 1603/4/4 1602/1867/1664 1601/1870/1667
f 1697/1233/1120 420/790/731 419/322/311 1664/321/310
f 1442/1384/1248 1441/1448/1303 1443/1911/1699 1444/1382/1246
f 1445/1227/1114 1446/1641/1477 1140/1644/1480 1139/1228/1115
f 1583/1920/1708 1584/1918/1706 1550/1869/1666 1514/1665/1501
f 1577/1656/1492 1576/1917/1705 1546/1681/1513 1578/1657/1493
f 207/243/236 208/446/420 5/104/103 39/106/105
f 1617/1895/1688 1599/1552/1395 1568/1555/1398 1598/1921/1709
f 1455/1922/1710 1456/1832/1638 1454/1831/1637 1453/1923/1711
f 1451/1840/1644 1453/1923/1711 1454/1831/1637 1452/1814/1620
f 1706/196/193 247/195/192 246/394/372 1705/514/482
f 1417/1837/1643 1416/1638/1474 1482/1637/1473 1483/1835/1641
f 1448/1553/1396 1449/1873/1670 1450/1841/1645 1228/1715/1540
f 1450/1841/1645 1231/1747/1572 1229/1716/1541 1228/1715/1540
f 1585/1882/1679 1552/1881/1678 1509/1653/1489 1510/1652/1488
f 1516/1924/1712 1487/1491/1343 1422/1686/1518 1518/1902/1691
f 1456/1832/1638 1455/1922/1710 1457/1925/1713 1458/1926/1714
f 1456/1832/1638 1458/1926/1714 1236/1728/1553 1235/1590/1427
f 1251/1284/1166 1250/1706/1532 1470/1927/1715 1471/1596/1433
f 1470/1927/1715 1250/1706/1532 1469/1748/1573 1535/1928/1716
f 1461/1535/1379 1462/1732/1557 1463/1929/1717 1242/1536/1380
f 1463/1929/1717 1244/1508/1357 1243/1541/1385 1242/1536/1380
f 1463/1929/1717 1462/1732/1557 1464/1915/1703 1465/1930/1718
f 1463/1929/1717 1465/1930/1718 1466/1505/1354 1244/1508/1357
f 1466/1505/1354 1465/1930/1718 1467/1931/1719 1468/1749/1574
f 1536/1904/1692 1472/1834/1640 1470/1927/1715 1535/1928/1716
f 1527/1819/1625 1484/1842/1646 1483/1835/1641 1482/1637/1473
f 1645/1107/1014 728/863/799 1654/862/798 1653/1932/1720
f 1598/1921/1709 1568/1555/1398 1447/1642/1478 1597/1843/1647
f 1471/1596/1433 1470/1927/1715 1472/1834/1640 1473/1597/1434
f 1517/1933/1701 1488/1488/1340 1487/1491/1343 1516/1924/1712
f 1474/1620/1456 1475/1825/1631 1476/1828/1634 1409/1833/1639
f 1532/1769/1585 1531/1871/1668 1479/1821/1627 1478/1770/1586
f 737/1136/1042 1633/1135/1041 860/1254/1139 1630/1934/1190
f 1476/1828/1634 1411/1726/1551 1410/1624/1460 1409/1833/1639
f 1406/1727/1552 1411/1726/1551 1477/1772/1588 1412/1771/1587
f 1637/1935/1721 1647/1145/1047 1636/1148/1050 1635/1298/1177
f 1528/1766/1582 1527/1819/1625 1482/1637/1473 1529/1640/1476
f 1638/1108/1015 1645/1107/1014 1653/1932/1720 1646/1224/1112
f 360/620/578 330/598/557 331/204/201 381/207/204
f 1553/1886/1683 1554/1936/1722 1507/1863/1660 1508/1865/1662
f 1539/1813/1619 1538/1812/1618 1537/1937/1723 1467/1931/1719
f 1515/1664/1500 1549/1914/1702 1583/1920/1708 1514/1665/1501
f 1514/1665/1501 1550/1869/1666 1551/1868/1665 1512/1666/1502
f 1510/1652/1488 1511/1651/1487 1512/1666/1502 1551/1868/1665
f 457/549/511 260/279/272 143/265/258 458/316/305
f 1554/1936/1722 1555/1938/1724 1506/1861/1658 1507/1863/1660
f 1505/1845/1649 1495/1822/1628 1494/1853/1654 1506/1861/1658
f 1706/196/193 435/493/463 439/742/559 436/197/194
f 1493/1862/1659 1492/1717/1542 1508/1865/1662 1507/1863/1660
f 1503/1722/1547 1497/1739/1564 1496/1738/1563 1504/1794/1605
f 1623/13/13 1605/1939/1725 1604/1799/1610 48/14/14
f 1477/1772/1588 23/1827/1633 1533/1940/1726 1532/1769/1585
f 766/1100/1007 1631/1099/1006 771/1044/960 770/1050/966
f 1502/1721/1546 1500/1449/1304 1499/1450/1305 1498/1647/1483
f 1611/1941/1727 1564/1942/1728 1561/1943/1729 1593/1944/1730
f 1469/1748/1573 1537/1937/1723 1534/1945/1731 1535/1928/1716
f 1559/1720/1545 1560/1758/1577 1500/1449/1304 1502/1721/1546
f 1731/496/466 25/55/55 217/374/354 216/460/433
f 1555/1938/1724 1556/1844/1648 1505/1845/1649 1506/1861/1658
f 1618/1894/1687 1617/1895/1688 1624/1946/1732 1622/15/15
f 1443/1911/1699 1564/1942/1728 1611/1941/1727 1594/1912/1700
f 1619/1947/1733 1569/1874/1671 1449/1873/1670 1600/1885/1682
f 1505/1845/1649 1504/1794/1605 1496/1738/1563 1495/1822/1628
f 1624/1946/1732 1617/1895/1688 1598/1921/1709 1626/1948/1734
f 1701/1792/1603 1700/565/527 1662/564/526 1661/735/684
f 1637/1935/1721 1638/1108/1015 1646/1224/1112 1647/1145/1047
f 1549/1914/1702 1548/1707/1533 1582/1710/1536 1583/1920/1708
f 1593/1944/1730 1561/1943/1729 1559/1720/1545 1558/1723/1548
f 1541/1765/1581 1540/1916/1704 1542/1817/1623 1528/1766/1582
f 1518/1902/1691 1519/1949/1735 1520/1950/1736 1516/1924/1712
f 1518/1902/1691 1486/1751/1576 1485/1805/1615 1519/1949/1735
f 1520/1950/1736 1521/1951/1737 1522/1952/1738 1523/1953/1739
f 1520/1950/1736 1523/1953/1739 1517/1933/1701 1516/1924/1712
f 1520/1950/1736 1519/1949/1735 1524/1954/1740 1521/1951/1737
f 1524/1954/1740 1525/1818/1624 1526/1808/1616 1521/1951/1737
f 1524/1954/1740 1519/1949/1735 1485/1805/1615 1484/1842/1646
f 1524/1954/1740 1484/1842/1646 1527/1819/1625 1525/1818/1624
f 1736/506/475 1735/413/391 1773/1909/1697 1752/1955/1741
f 1479/1821/1627 1530/1764/1580 1529/1640/1476 1480/1639/1475
f 1808/1956/1742 1810/1957/1743 1/212/209 95/213/210
f 1545/1682/1514 1546/1681/1513 1547/1708/1534 1522/1958/1738
f 1548/1707/1533 1523/1959/1739 1522/1958/1738 1547/1708/1534
f 1532/1769/1585 1533/1940/1726 1534/1945/1731 1531/1871/1668
f 1534/1945/1731 1537/1937/1723 1538/1812/1618 1531/1871/1668
f 1549/1914/1702 1517/1913/1701 1523/1959/1739 1548/1707/1533
f 1534/1945/1731 1533/1940/1726 1536/1904/1692 1535/1928/1716
f 1464/1915/1703 1462/1732/1557 1580/1731/1556 1540/1916/1704
f 1739/1494/1346 1716/91/90 1696/1234/1121 1715/1960/1744
f 1537/1937/1723 1469/1748/1573 1468/1749/1574 1467/1931/1719
f 1710/540/504 1701/1792/1603 1661/735/684 1660/541/505
f 1621/3/3 1629/2/2 1619/1947/1733 1628/1798/1609
f 1580/1731/1556 1543/1809/1617 1542/1817/1623 1540/1916/1704
f 1576/1917/1705 1577/1656/1492 1459/1576/1416 1575/1908/1696
f 735/1012/929 1642/1961/1745 1641/1962/1746 1644/1134/1040
f 1545/1807/1514 1522/1952/1738 1521/1951/1737 1526/1808/1616
f 1572/1919/1707 1584/1918/1706 1573/1963/1747 1457/1925/1713
f 1458/1926/1714 1574/1964/1748 1575/1908/1696 1236/1728/1553
f 1621/3/3 1604/1799/1610 1586/1879/1676 1603/4/4
f 1609/1965/1749 1610/1966/1750 1592/1967/1751 1591/1968/1752
f 1443/1911/1699 1441/1448/1303 1563/1511/1360 1564/1942/1728
f 1603/4/4 1586/1879/1676 1585/1882/1679 1602/1867/1664
f 1560/1758/1577 1559/1720/1545 1561/1943/1729 1562/1513/1362
f 1563/1511/1360 1562/1513/1362 1561/1943/1729 1564/1942/1728
f 1678/1969/1753 397/770/713 396/670/623 1677/751/698
f 542/803/743 543/761/706 441/384/362 541/715/666
f 1570/1970/1754 1571/1971/1755 1455/1922/1710 1453/1923/1711
f 1581/1709/1535 1576/1917/1705 1575/1908/1696 1574/1964/1748
f 1635/1298/1177 1636/1148/1050 844/1972/1039 854/1299/1009
f 1614/1973/1756 1567/1795/1606 1566/1735/1560 1596/1815/1621
f 1590/1781/1593 1555/1938/1724 1554/1936/1722 1589/1782/1594
f 1616/1974/1757 1597/1843/1647 1567/1795/1606 1614/1973/1756
f 1569/1874/1671 1570/1970/1754 1453/1923/1711 1451/1840/1644
f 1544/1806/1512 1579/1733/1558 1460/1785/1491 1578/1975/1493
f 1584/1918/1706 1583/1920/1708 1582/1710/1536 1573/1963/1747
f 1457/1925/1713 1573/1963/1747 1574/1964/1748 1458/1926/1714
f 1608/1633/1469 1609/1965/1749 1591/1968/1752 1590/1781/1593
f 1571/1971/1755 1572/1919/1707 1457/1925/1713 1455/1922/1710
f 1741/1976/1758 1742/1977/446 233/1978/223 1740/1979/226
f 1543/1809/1617 1580/1731/1556 1579/1733/1558 1544/1806/1512
f 1665/1235/1122 1696/1234/1121 1716/91/90 1695/90/89
f 204/290/283 397/770/713 1678/1969/1753 1679/291/284
f 837/987/904 1650/1980/1759 1656/984/901
f 51/1282/1164 52/144/141 727/143/140 827/1047/963 50/1046/962
f 1721/1981/1760 1688/1876/1673 1687/768/712 1720/1982/1761
f 843/1238/1125 844/1972/1039 1636/1148/1050 841/1147/1049
f 431/780/723 432/756/703 1658/759/444 1702/781/443
f 1588/1983/1762 1589/1782/1594 1554/1936/1722 1553/1886/1683
f 1605/1939/1725 1606/1984/1763 1588/1983/1762 1587/1880/1677
f 1620/1/1 1601/1870/1667 1572/1919/1707 1571/1971/1755
f 1606/1984/1763 1607/1634/1470 1589/1782/1594 1588/1983/1762
f 1628/1798/1609 1619/1947/1733 1600/1885/1682 1618/1894/1687
f 1587/1880/1677 1588/1983/1762 1553/1886/1683 1552/1881/1678
f 1761/1985/1764 1726/1986/1765 1725/187/184 1724/547/509
f 1610/1966/1750 1611/1941/1727 1593/1944/1730 1592/1967/1751
f 1590/1781/1593 1591/1968/1752 1556/1844/1648 1555/1938/1724
f 1591/1968/1752 1592/1967/1751 1557/1793/1604 1556/1844/1648
f 1592/1967/1751 1593/1944/1730 1558/1723/1548 1557/1793/1604
f 1626/1948/1734 1598/1921/1709 1597/1843/1647 1616/1974/1757
f 4/92/91 35/95/94 1759/1987/1766 1760/546/508
f 1604/1799/1610 1605/1939/1725 1587/1880/1677 1586/1879/1676
f 1706/196/193 1705/514/482 1657/494/464 435/493/463
f 152/51/51 153/372/352 154/391/369 89/532/498
f 1639/1988/1767 858/1301/1178 857/1256/1141 1634/1255/1140
f 515/894/828 348/605/564 55/129/126 516/128/125
f 1726/1986/1765 1777/1989/1768 1727/1990/1769 212/419/397
f 1652/1991/1770 1651/1223/1111 1646/1224/1112 1653/1932/1720
f 1813/198/195 1805/407/385 88/220/217 1804/199/196
f 1623/13/13 1625/1992/1771 1606/1984/1763 1605/1939/1725
f 1725/187/184 1726/1986/1765 212/419/397 211/188/185
f 1615/1632/1468 1613/1993/1772 1609/1965/1749 1608/1633/1469
f 1625/1992/1771 1627/1631/1467 1607/1634/1470 1606/1984/1763
f 1610/1966/1750 1612/1994/1773 1594/1912/1700 1611/1941/1727
f 209/491/461 1724/547/509 1725/187/184 210/186/183
f 1612/1994/1773 1596/1815/1621 1595/1816/1622 1594/1912/1700
f 1612/1994/1773 1613/1993/1772 1614/1973/1756 1596/1815/1621
f 1614/1973/1756 1613/1993/1772 1615/1632/1468 1616/1974/1757
f 1616/1974/1757 1615/1632/1468 1627/1631/1467 1626/1948/1734
f 286/526/491 281/424/400 157/282/275 287/283/276
f 1811/224/219 1806/227/222 1812/1824/1630 240/478/449
f 1582/1710/1536 1581/1709/1535 1574/1964/1748 1573/1963/1747
f 1629/2/2 1620/1/1 1571/1971/1755 1570/1970/1754
f 1712/726/676 1699/562/524 1700/565/527 1711/727/677
f 1637/1935/1721 1635/1298/1177 858/1301/1178 1639/1988/1767
f 1624/1946/1732 1626/1948/1734 1627/1631/1467 1625/1992/1771
f 1738/463/436 1737/462/435 1750/1995/1774 1718/1996/1775
f 1618/1894/1687 1622/15/15 48/14/14 1628/1798/1609
f 1623/13/13 1622/15/15 1624/1946/1732 1625/1992/1771
f 1612/1994/1773 1610/1966/1750 1609/1965/1749 1613/1993/1772
f 1782/310/300 360/620/578 381/207/204 380/211/208
f 1812/1824/1630 238/99/98 239/479/450 240/478/449
f 1629/2/2 1570/1970/1754 1569/1874/1671 1619/1947/1733
f 1703/508/476 1702/472/443 1708/453/426 1749/76/76
f 1690/1997/1776 1692/1906/1694 1693/1998/1777 1691/1999/1778
f 1695/90/89 1667/2000/1779 1666/658/612 1665/1235/1122
f 1539/1813/1619 1467/1931/1719 1465/1930/1718 1464/1915/1703
f 1088/1416/1275 1086/1562/1405 1077/1371/1238 1076/1376/1242
f 963/1289/1168 739/1288/1012 738/1316/1011 962/1315/1189
f 865/1203/1076 970/1202/1094 971/1189/1083 866/1188/770
f 1648/1146/1048 1651/1223/1111 1650/1980/1759 1649/1291/1170
f 158/423/150 1800/1903/151 34/145/142 82/148/145
f 1736/506/475 1752/1955/1741 1750/1995/1774 1737/462/435
f 1778/2001/1780 1779/815/755 1732/814/754 1729/2002/1781
f 1723/2003/1782 1684/2004/1783 1686/1878/1675 1722/1877/1674
f 837/987/904 839/1292/1171 1649/1291/1170 1650/1980/1759
f 1655/1820/1626 834/985/902 1656/984/901 1652/1991/1770
f 1654/862/798 1655/1820/1626 1652/1991/1770 1653/1932/1720
f 349/604/563 348/605/564 515/894/828 519/607/566
f 1637/1935/1721 1639/1988/1767 1640/1109/1016 1638/1108/1015
f 1641/1962/1746 1642/1961/1745 1643/1106/1013 1640/1109/1016
f 1640/1109/1016 1639/1988/1767 1634/1255/1140 1641/1962/1746
f 1651/1223/1111 1652/1991/1770 1656/984/901 1650/1980/1759
f 1644/1134/1040 1641/1962/1746 1634/1255/1140 1633/1135/1041
f 1779/815/755 1774/503/472 224/160/157 223/461/434
f 1643/1106/1013 729/971/888 728/863/799 1645/1107/1014
f 1643/1106/1013 1642/1961/1745 731/1010/927 729/971/888
f 1666/658/612 1667/2000/1779 1668/1905/1693 413/659/613
f 1667/2000/1779 1695/90/89 1694/89/88 1693/1998/1777
f 260/279/272 144/268/261 145/263/256 143/265/258
f 229/1495/402 1739/1494/1346 1740/1979/226 230/2005/225
f 1792/518/486 1793/2006/1784 241/78/78 242/77/77
f 1668/1905/1693 1667/2000/1779 1693/1998/1777 1692/1906/1694
f 1718/2007/1775 1691/1999/1778 1693/1998/1777 1694/89/88
f 1689/2008/1785 1670/760/705 408/699/652 1669/1907/1695
f 1813/198/195 1794/96/95 238/99/98 1812/1824/1630
f 1642/1961/1745 735/1012/929 733/1013/930 731/1010/927
f 1777/1989/1768 1778/2001/1780 1729/2002/1781 1727/1990/1769
f 421/320/309 1663/630/588 1698/2009/1786 1664/321/310
f 426/389/367 430/736/685 1661/735/684 1662/564/526
f 1659/734/683 430/736/685 429/797/737 431/780/723
f 1676/2010/1787 1677/751/698 402/641/599 1675/2011/1788
f 416/661/615 420/790/731 1665/1235/1122 1666/658/612
f 1668/1905/1693 410/672/625 412/673/626 413/659/613
f 1685/2012/1789 1676/2010/1787 1675/2011/1788 1674/2013/1790
f 408/699/652 409/648/606 410/672/625 1669/1907/1695
f 1720/1982/1761 1687/768/712 1670/767/705 1689/2014/1785
f 1672/705/658 1671/704/657 1673/1875/1672 1674/2013/1790
f 1672/705/658 1674/2013/1790 1675/2011/1788 403/708/659
f 1674/2013/1790 1673/1875/1672 1686/1878/1675 1685/2012/1789
f 1675/2011/1788 402/641/599 401/640/598 403/708/659
f 1741/1976/1758 1740/1979/226 1739/1494/1346 1715/1960/1744
f 1679/291/284 1678/1969/1753 1680/2015/1791 1681/2016/1792
f 1679/291/284 1681/2016/1792 1682/445/419 206/292/285
f 1682/445/419 1681/2016/1792 37/94/93 36/93/92
f 1681/2016/1792 1680/2015/1791 1683/2017/1793 37/94/93
f 1683/2017/1793 1684/2004/1783 35/95/94 37/94/93
f 1683/2017/1793 1680/2015/1791 1676/2010/1787 1685/2012/1789
f 1683/2017/1793 1685/2012/1789 1686/1878/1675 1684/2004/1783
f 1669/1907/1695 1692/1906/1694 1690/1997/1776 1689/2008/1785
f 1741/1976/1758 1715/1960/1744 1714/2018/1794 1713/725/675
f 1719/2019/1795 1720/1982/1761 1689/2014/1785 1690/2020/1776
f 874/917/846 760/909/840 17/908/839 18/1038/954
f 1809/166/163 1791/2021/1796 1790/505/474 1789/167/164
f 1722/1877/1674 1688/1876/1673 1721/1981/1760 1756/2022/1797
f 1757/2023/1798 1723/2003/1782 1722/1877/1674 1756/2022/1797
f 1754/2024/1799 1721/1981/1760 1720/1982/1761 1719/2019/1795
f 213/420/398 212/419/397 1727/1990/1769 1728/449/423
f 1733/223/218 1767/792/732 1771/1910/1698 1734/412/390
f 1781/57/57 26/56/56 1732/814/754 1780/447/421
f 1659/734/683 1703/782/476 1709/542/448 1660/541/505
f 1671/704/657 1687/768/712 1688/1876/1673 1673/1875/1672
f 1747/2025/97 1710/540/504 239/543/450 238/2026/98
f 1746/1791/1602 1701/1792/1603 1710/540/504 1747/2025/97
f 1774/503/472 1775/807/747 1764/806/746 1768/504/473
f 1750/1995/1774 1751/2027/1800 1691/2028/1778 1718/1996/1775
f 1811/224/219 241/78/78 1793/2006/1784 1807/225/220
f 1758/2029/1801 1759/1987/1766 1723/2003/1782 1757/2023/1798
f 1777/1989/1768 1726/1986/1765 1761/1985/1764 1776/808/748
f 1762/2030/1802 1763/809/749 1776/808/748 1761/1985/1764
f 1696/1234/1121 1697/1233/1120 1714/2018/1794 1715/1960/1744
f 158/423/150 82/148/145 157/282/275 281/424/400
f 1717/88/87 1738/2031/436 1718/2007/1775 1694/89/88
f 1712/726/676 1713/725/675 1714/2018/1794 1698/2009/1786
f 1712/726/676 1698/2009/1786 1663/630/588 1699/562/524
f 94/250/243 93/249/242 1808/1956/1742 95/213/210
f 187/274/267 189/40/40 190/39/39 196/385/363
f 231/229/224 232/340/327 1798/2032/1803 1799/401/379
f 1713/725/675 1743/724/674 1742/1977/446 1741/1976/1758
f 1751/2027/1800 1719/2019/1795 1690/2020/1776 1691/2028/1778
f 1742/1977/446 1743/724/674 1744/2033/1804 236/2034/447
f 693/801/741 578/823/763 692/914/843 799/802/742
f 1778/2001/1780 1777/1989/1768 1776/808/748 1775/807/747
f 1762/2035/1802 1760/2036/508 1759/2037/1766 1758/2038/1801
f 1772/2039/1805 1755/2040/1806 1754/2024/1799 1753/2041/1807
f 1762/2030/1802 1758/2029/1801 1765/2042/1808 1763/809/749
f 1728/449/423 1727/1990/1769 1729/2002/1781 1730/2043/1809
f 1728/449/423 1730/2043/1809 1731/496/466 215/450/424
f 1731/496/466 1730/2043/1809 26/56/56 25/55/55
f 1730/2043/1809 1729/2002/1781 1732/814/754 26/56/56
f 1811/224/219 240/478/449 1748/79/79 241/78/78
f 394/698/651 397/770/713 1815/2044/1810 393/201/198
f 236/2034/447 1744/2033/1804 1745/2045/96 237/2046/73
f 1717/2047/87 229/426/402 227/425/401 1738/463/436
f 956/1297/1176 957/1276/1158 62/1275/1157 9/962/881
f 236/476/447 237/73/73 235/72/72 234/341/328
f 378/676/629 377/723/673 1785/497/467 1784/677/630
f 1769/2048/1811 1757/2023/1798 1756/2022/1797 1755/2040/1806
f 1745/2045/96 1744/2033/1804 1746/1791/1602 1747/2025/97
f 235/72/72 1814/75/75 1802/238/232 1796/339/326
f 1746/1791/1602 1744/2033/1804 1743/724/674 1711/727/677
f 35/95/94 1684/2004/1783 1723/2003/1782 1759/1987/1766
f 1810/1957/1743 1793/2006/1784 1792/518/486 1791/2021/1796
f 1794/96/95 1795/74/74 237/73/73 1745/97/96
f 1751/2027/1800 1750/1995/1774 1752/1955/1741 1753/2041/1807
f 1751/2027/1800 1753/2041/1807 1754/2024/1799 1719/2019/1795
f 1721/1981/1760 1754/2024/1799 1755/2040/1806 1756/2022/1797
f 1724/547/509 1760/546/508 1762/2030/1802 1761/1985/1764
f 363/397/375 362/396/374 1784/677/630 1785/497/467
f 379/436/410 1784/677/630 362/396/374 1783/490/460
f 1808/1956/1742 1807/225/220 1793/2006/1784 1810/1957/1743
f 1803/222/84 85/232/86 1802/238/232 1814/75/75
f 1765/2042/1808 1758/2029/1801 1757/2023/1798 1769/2048/1811
f 555/955/874 780/1071/985 781/873/809 556/566/528
f 1763/809/749 1765/2042/1808 1766/2049/1812 1764/806/746
f 1766/2049/1812 1767/792/732 1768/504/473 1764/806/746
f 1766/2049/1812 1765/2042/1808 1769/2048/1811 1770/2050/1813
f 1766/2049/1812 1770/2050/1813 1771/1910/1698 1767/792/732
f 1771/1910/1698 1770/2050/1813 1772/2039/1805 1773/1909/1697
f 1753/2041/1807 1752/1955/1741 1773/1909/1697 1772/2039/1805
f 1772/2039/1805 1770/2050/1813 1769/2048/1811 1755/2040/1806
f 1778/2001/1780 1775/807/747 1774/503/472 1779/815/755
f 989/110/109 992/1260/1143 68/111/110
f 772/897/831 773/775/718 895/1045/961 896/1341/1211
f 377/723/673 1786/2051/1814 365/498/468 1785/497/467
f 1697/1233/1120 1664/321/310 1698/2009/1786 1714/2018/1794
f 1680/2015/1791 1678/1969/1753 1677/751/698 1676/2010/1787
f 385/234/228 356/239/233 354/611/570 353/625/583
f 219/185/182 165/184/181 168/456/429 172/448/422
f 859/1285/1167 856/963/882 9/962/881 62/1275/1157
f 1787/482/453 366/586/548 365/498/468 1786/2051/1814
f 1787/482/453 1786/2051/1814 374/721/671 1788/483/454
f 1788/483/454 374/721/671 372/719/669 371/68/68
f 1786/2051/1814 377/723/673 375/722/672 374/721/671
f 1796/339/326 1797/2052/1815 1798/2032/1803 232/340/327
f 133/117/31 136/295/288 131/364/296 132/363/32
f 1790/505/474 1791/2021/1796 1792/518/486 244/416/394
f 1810/1957/1743 1791/2021/1796 1809/166/163 1/212/209
f 1797/2052/1815 33/146/143 1798/2032/1803
f 1733/223/218 1734/412/390 77/214/211 76/215/212
f 83/147/144 33/146/143 1797/2052/1815 1801/237/231
f 1798/2032/1803 33/146/143 34/145/142 1799/401/379
f 1808/1956/1742 93/249/242 92/226/221 1807/225/220
f 885/1174/1071 886/1000/917 2/42/42 20/45/45
f 75/6/6 76/215/212 69/82/82 12/7/7
f 1805/407/385 90/273/266 89/532/498 88/220/217
f 368/662/616 29/70/70 30/67/67 369/66/66
f 530/783/724 15/1020/937 16/817/757 531/816/756
f 347/358/344 46/130/127 7/102/101 344/101/100
f 1536/1904/1692 1533/1940/1726 23/1827/1633 22/1826/1632
f 1797/2052/1815 1796/339/326 1802/238/232 1801/237/231
f 259/156/153 141/155/152 249/502/471 125/176/173
f 152/51/51 89/532/498 90/273/266 91/52/52
f 730/972/889 732/1011/928 726/935/860 49/141/138
f 41/636/594 187/274/267 196/385/363
f 1815/2044/1810 397/770/713 204/290/283
f 205/2053/199 393/2054/198 1815/2055/1810 204/2056/283
f 880/1053/969 881/645/603 6/118/115 42/121/118
f 141/155/152 142/158/155 124/264/257 123/500/470
