# Blender 4.2.2 LTS
# www.blender.org
mtllib Anta.mtl
o Bake
v 0.025077 1.145788 2.346311
v 0.025077 1.726321 1.961562
v 0.029243 1.709405 1.949620
v 0.029243 1.136000 2.334373
v 0.025324 1.722998 2.344613
v 0.028216 1.717644 2.340387
v 0.028142 1.720168 1.957143
v 0.029250 1.707229 2.330369
v 0.025077 1.726321 0.438438
v 0.025077 1.145788 0.053689
v 0.029243 1.136000 0.065627
v 0.029243 1.709405 0.450380
v 0.025324 1.722998 0.055387
v 0.028216 1.717644 0.059613
v 0.028142 1.142633 0.056448
v 0.029250 1.707229 0.069631
v 0.028142 1.720168 0.442858
v 0.025077 -1.145788 2.346311
v 0.029243 -1.136000 2.334373
v 0.029243 -1.709405 1.949620
v 0.025077 -1.726321 1.961562
v 0.028216 -1.717644 2.340387
v 0.029250 -1.707229 2.330369
v 0.028142 -1.720168 1.957142
v 0.025324 -1.722998 2.344613
v 0.025077 -1.145788 0.053689
v 0.025077 -1.726321 0.438438
v 0.029243 -1.709405 0.450380
v 0.029243 -1.136000 0.065627
v 0.025324 -1.722998 0.055387
v 0.028216 -1.717644 0.059613
v 0.028142 -1.720168 0.442858
v 0.029250 -1.707229 0.069631
v 0.028142 -1.142633 0.056448
v 0.017438 -1.111999 2.297700
v 0.017438 -1.675362 1.929899
v 0.029223 -1.687708 1.935035
v 0.029223 -1.118486 2.307309
v 0.017439 -1.672360 2.296537
v 0.029224 -1.683667 2.305371
v 0.017438 1.111999 2.297701
v 0.029223 1.118487 2.307309
v 0.029223 1.687708 1.935035
v 0.017438 1.675362 1.929899
v 0.027984 1.113009 2.298867
v 0.029224 1.683667 2.305371
v 0.017439 1.672360 2.296537
v 0.017438 1.675362 0.470101
v 0.029223 1.687708 0.464965
v 0.029223 1.118486 0.092691
v 0.017438 1.111999 0.102299
v 0.029224 1.683667 0.094629
v 0.017439 1.672360 0.103463
v 0.017438 -1.111999 0.102299
v 0.029223 -1.118486 0.092691
v 0.029223 -1.687708 0.464965
v 0.017438 -1.675362 0.470101
v 0.029224 -1.683667 0.094629
v 0.017439 -1.672360 0.103463
v -0.017437 -1.111999 2.297700
v -0.029222 -1.118486 2.307309
v -0.029222 -1.687708 1.935035
v -0.017437 -1.675361 1.929899
v -0.029223 -1.683667 2.305371
v -0.027983 -1.678168 1.930717
v -0.017438 -1.672360 2.296537
v -0.017437 1.111999 2.297700
v -0.017437 1.675362 1.929899
v -0.029222 1.687708 1.935035
v -0.029222 1.118487 2.307309
v -0.017438 1.672360 2.296537
v -0.027983 1.678168 1.930717
v -0.029223 1.683667 2.305371
v -0.027983 1.113009 2.298867
v -0.017437 1.675362 0.470101
v -0.017437 1.111999 0.102300
v -0.029222 1.118487 0.092691
v -0.029222 1.687708 0.464965
v -0.017438 1.672360 0.103463
v -0.029223 1.683667 0.094629
v -0.017437 -1.111999 0.102300
v -0.017437 -1.675361 0.470101
v -0.029222 -1.687708 0.464965
v -0.029222 -1.118486 0.092691
v -0.017438 -1.672360 0.103463
v -0.029223 -1.683667 0.094629
v -0.025076 -1.145788 2.346311
v -0.025076 -1.726321 1.961562
v -0.029242 -1.709405 1.949620
v -0.029242 -1.136000 2.334373
v -0.025323 -1.722998 2.344613
v -0.028215 -1.717644 2.340387
v -0.028141 -1.720168 1.957143
v -0.029249 -1.707229 2.330369
v -0.025076 1.145788 2.346311
v -0.029242 1.136000 2.334373
v -0.029242 1.709405 1.949620
v -0.025076 1.726321 1.961562
v -0.028215 1.717644 2.340387
v -0.029249 1.707229 2.330369
v -0.028141 1.720168 1.957142
v -0.025323 1.722998 2.344613
v -0.025076 1.726321 0.438438
v -0.029242 1.709405 0.450380
v -0.029242 1.136000 0.065627
v -0.025076 1.145788 0.053689
v -0.028141 1.720168 0.442858
v -0.028215 1.717644 0.059613
v -0.029249 1.707229 0.069631
v -0.025323 1.722998 0.055387
v -0.025076 -1.145788 0.053689
v -0.029242 -1.136000 0.065627
v -0.029242 -1.709405 0.450380
v -0.025076 -1.726321 0.438438
v -0.028215 -1.717644 0.059613
v -0.029249 -1.707229 0.069631
v -0.028141 -1.720168 0.442858
v -0.025323 -1.722998 0.055387
v 0.019036 1.149929 0.050956
v 0.019036 1.732960 0.436139
v 0.010382 1.732960 0.436139
v 0.010382 1.149929 0.050956
v 0.019276 1.729465 0.052366
v 0.010141 1.729465 0.052365
v 0.004167 1.146196 0.053379
v 0.004167 1.726951 0.437644
v -0.004166 1.726951 0.437644
v -0.004166 1.146196 0.053379
v 0.003926 1.723577 0.054740
v 0.000001 1.721757 0.055473
v 0.000001 1.724826 0.438044
v -0.003925 1.723577 0.054740
v -0.019034 1.149929 0.050956
v -0.010380 1.149929 0.050956
v -0.010380 1.732960 0.436139
v -0.019034 1.732960 0.436139
v -0.010140 1.729465 0.052365
v -0.019275 1.729465 0.052365
v -0.019034 -1.149929 0.050956
v -0.019034 -1.732960 0.436139
v -0.010380 -1.732960 0.436139
v -0.010380 -1.149929 0.050956
v -0.019275 -1.729465 0.052365
v -0.014707 -1.731612 0.051499
v -0.010140 -1.729465 0.052366
v -0.004166 -1.146196 0.053379
v -0.004166 -1.726951 0.437644
v 0.004167 -1.726951 0.437644
v 0.004167 -1.146196 0.053379
v -0.003925 -1.723577 0.054740
v 0.003926 -1.723577 0.054740
v 0.019035 -1.149929 0.050956
v 0.010381 -1.149929 0.050956
v 0.010381 -1.732960 0.436139
v 0.019035 -1.732960 0.436139
v 0.010141 -1.729465 0.052365
v 0.019276 -1.729465 0.052365
v 0.019036 -1.149929 2.349044
v 0.019036 -1.732960 1.963861
v 0.010382 -1.732960 1.963861
v 0.010382 -1.149929 2.349044
v 0.019276 -1.729465 2.347635
v 0.014709 -1.735168 1.964294
v 0.010141 -1.729465 2.347635
v 0.014709 -1.151002 2.349934
v 0.004167 -1.146196 2.346621
v 0.004167 -1.726951 1.962356
v -0.004166 -1.726951 1.962356
v -0.004166 -1.146197 2.346621
v 0.003926 -1.723577 2.345260
v -0.003925 -1.723577 2.345260
v -0.019034 -1.149929 2.349044
v -0.010380 -1.149929 2.349044
v -0.010380 -1.732960 1.963861
v -0.019034 -1.732960 1.963861
v -0.014707 -1.151002 2.349934
v -0.014707 -1.731613 2.348501
v -0.010140 -1.729465 2.347635
v -0.019275 -1.729465 2.347635
v -0.019034 1.149929 2.349044
v -0.019034 1.732960 1.963861
v -0.010380 1.732960 1.963861
v -0.010380 1.149929 2.349044
v -0.019275 1.729465 2.347635
v -0.014707 1.731612 2.348501
v -0.010140 1.729465 2.347635
v -0.004166 1.146196 2.346621
v -0.004166 1.726951 1.962356
v 0.004167 1.726951 1.962356
v 0.004167 1.146196 2.346621
v -0.003925 1.723577 2.345261
v 0.003926 1.723577 2.345261
v 0.019035 1.149929 2.349044
v 0.010381 1.149929 2.349044
v 0.010381 1.732960 1.963861
v 0.019035 1.732961 1.963861
v 0.014708 1.151002 2.349934
v 0.010141 1.729465 2.347635
v 0.019276 1.729465 2.347635
v 0.027651 1.143332 2.344259
v 0.026176 1.144858 2.345611
v 0.025150 1.477663 2.346046
v 0.025231 1.648816 2.345675
v 0.025297 1.712757 2.345197
v 0.026385 1.721528 2.343639
v 0.027178 1.720207 2.342608
v 0.027767 1.718943 2.341524
v 0.028208 1.707641 2.341524
v 0.025297 1.724128 2.337990
v 0.025231 1.725061 2.295668
v 0.025150 1.725794 2.182055
v 0.026176 1.724711 1.960607
v 0.027015 1.723203 1.959526
v 0.027651 1.721716 1.958359
v 0.028164 1.719795 2.176749
v 0.028188 1.719259 2.290320
v 0.028208 1.718547 2.333114
v 0.028535 1.718441 1.955870
v 0.028846 1.716272 1.954351
v 0.029080 1.713360 1.952346
v 0.029245 1.709086 2.167254
v 0.029248 1.708627 2.280030
v 0.029249 1.708012 2.322788
v 0.029093 1.711339 2.334579
v 0.028871 1.714194 2.337341
v 0.028580 1.716170 2.339122
v 0.029249 1.697417 2.331810
v 0.029248 1.634333 2.332941
v 0.029245 1.464890 2.333786
v 0.029080 1.138882 2.338657
v 0.028846 1.140722 2.341252
v 0.028535 1.141860 2.342703
v 0.027651 1.721716 0.441642
v 0.027015 1.723203 0.440474
v 0.026176 1.724711 0.439394
v 0.025150 1.725794 0.217945
v 0.025232 1.725061 0.104332
v 0.025297 1.724128 0.062011
v 0.026385 1.721528 0.056361
v 0.027178 1.720207 0.057392
v 0.027767 1.718943 0.058476
v 0.028208 1.718547 0.066886
v 0.028188 1.719259 0.109680
v 0.028164 1.719795 0.223251
v 0.025297 1.712757 0.054803
v 0.025232 1.648816 0.054325
v 0.025150 1.477663 0.053954
v 0.027015 1.144057 0.055064
v 0.028164 1.473513 0.056913
v 0.028188 1.644057 0.057582
v 0.028208 1.707641 0.058476
v 0.028846 1.140722 0.058748
v 0.029080 1.138882 0.061343
v 0.029245 1.464890 0.066214
v 0.029248 1.634333 0.067060
v 0.029249 1.697417 0.068190
v 0.029093 1.711339 0.065422
v 0.028871 1.714194 0.062659
v 0.028580 1.716170 0.060878
v 0.029249 1.708012 0.077212
v 0.029248 1.708627 0.119970
v 0.029245 1.709086 0.232746
v 0.029080 1.713360 0.447654
v 0.028846 1.716272 0.445650
v 0.028535 1.718441 0.444130
v 0.025297 -1.712757 2.345197
v 0.025231 -1.648816 2.345675
v 0.025150 -1.477663 2.346046
v 0.026176 -1.144858 2.345611
v 0.027651 -1.143332 2.344259
v 0.028208 -1.707641 2.341524
v 0.027767 -1.718943 2.341524
v 0.027178 -1.720207 2.342609
v 0.026385 -1.721528 2.343639
v 0.028535 -1.141860 2.342703
v 0.028846 -1.140722 2.341252
v 0.029080 -1.138882 2.338657
v 0.029245 -1.464890 2.333786
v 0.029248 -1.634333 2.332941
v 0.029249 -1.697417 2.331810
v 0.029093 -1.711339 2.334579
v 0.028871 -1.714194 2.337341
v 0.028580 -1.716170 2.339122
v 0.029249 -1.708012 2.322788
v 0.029248 -1.708627 2.280030
v 0.029245 -1.709086 2.167254
v 0.029080 -1.713360 1.952346
v 0.028846 -1.716272 1.954351
v 0.028535 -1.718441 1.955870
v 0.028164 -1.719795 2.176749
v 0.028188 -1.719259 2.290320
v 0.028208 -1.718547 2.333114
v 0.027651 -1.721716 1.958359
v 0.027015 -1.723203 1.959526
v 0.026176 -1.724711 1.960607
v 0.025150 -1.725794 2.182055
v 0.025231 -1.725061 2.295668
v 0.025297 -1.724128 2.337990
v 0.026176 -1.144858 0.054389
v 0.025150 -1.477663 0.053954
v 0.025231 -1.648816 0.054325
v 0.025297 -1.712757 0.054803
v 0.026385 -1.721529 0.056361
v 0.027178 -1.720207 0.057392
v 0.027767 -1.718943 0.058476
v 0.028208 -1.707641 0.058476
v 0.028164 -1.473513 0.056913
v 0.025297 -1.724127 0.062010
v 0.025231 -1.725062 0.104332
v 0.025150 -1.725794 0.217945
v 0.026176 -1.724711 0.439394
v 0.027015 -1.723203 0.440474
v 0.027651 -1.721716 0.441642
v 0.028164 -1.719795 0.223251
v 0.028188 -1.719259 0.109680
v 0.028208 -1.718547 0.066886
v 0.028535 -1.718441 0.444130
v 0.028846 -1.716272 0.445650
v 0.029080 -1.713360 0.447654
v 0.029245 -1.709086 0.232746
v 0.029248 -1.708627 0.119970
v 0.029249 -1.708012 0.077212
v 0.029093 -1.711339 0.065422
v 0.028871 -1.714194 0.062659
v 0.028580 -1.716170 0.060878
v 0.029249 -1.697417 0.068190
v 0.029248 -1.634333 0.067059
v 0.029245 -1.464890 0.066214
v 0.029080 -1.138882 0.061343
v 0.028846 -1.140722 0.058748
v 0.027317 -1.112682 2.298450
v 0.025821 -1.112399 2.298121
v 0.022770 -1.112169 2.297873
v 0.017438 -1.434129 2.297528
v 0.017438 -1.600293 2.297280
v 0.017439 -1.662401 2.296952
v 0.022771 -1.672686 2.296719
v 0.025822 -1.673155 2.296972
v 0.027319 -1.673780 2.297298
v 0.027986 -1.602024 2.298435
v 0.027985 -1.435537 2.298688
v 0.017439 -1.673430 2.290342
v 0.017438 -1.674277 2.249925
v 0.017438 -1.674916 2.141153
v 0.022770 -1.675773 1.930043
v 0.025821 -1.676365 1.930235
v 0.027317 -1.677158 1.930464
v 0.028429 -1.679461 1.931035
v 0.029041 -1.683936 1.932898
v 0.029224 -1.687112 2.147954
v 0.029224 -1.686256 2.257773
v 0.029224 -1.685115 2.298807
v 0.029042 -1.679776 2.301583
v 0.028781 -1.677220 2.299377
v 0.028431 -1.675614 2.298249
v 0.029224 -1.673202 2.306062
v 0.029224 -1.610272 2.306609
v 0.029224 -1.442744 2.307021
v 0.029041 -1.115813 2.303144
v 0.028779 -1.114247 2.300713
v 0.028429 -1.113432 2.299469
v 0.017439 1.662401 2.296952
v 0.017438 1.600294 2.297280
v 0.017438 1.434129 2.297528
v 0.022770 1.112169 2.297873
v 0.025821 1.112400 2.298121
v 0.027985 1.435538 2.298688
v 0.027986 1.664394 2.298105
v 0.027319 1.673780 2.297298
v 0.025822 1.673155 2.296972
v 0.022771 1.672686 2.296719
v 0.028779 1.114248 2.300713
v 0.029041 1.115813 2.303144
v 0.029224 1.442744 2.307021
v 0.029224 1.610272 2.306609
v 0.029224 1.673202 2.306062
v 0.029042 1.679776 2.301583
v 0.028781 1.677220 2.299377
v 0.028431 1.675614 2.298249
v 0.029224 1.685115 2.298807
v 0.029224 1.686256 2.257773
v 0.029224 1.687112 2.147954
v 0.029041 1.683936 1.932898
v 0.028429 1.679461 1.931035
v 0.027317 1.677158 1.930464
v 0.025821 1.676365 1.930235
v 0.022770 1.675773 1.930043
v 0.017438 1.674916 2.141153
v 0.017438 1.674278 2.249925
v 0.017439 1.673430 2.290342
v 0.017439 1.673431 0.109658
v 0.017438 1.674278 0.150075
v 0.017438 1.674916 0.258847
v 0.022770 1.675773 0.469957
v 0.025821 1.676365 0.469765
v 0.027317 1.677158 0.469537
v 0.027319 1.673780 0.102702
v 0.025822 1.673155 0.103028
v 0.022771 1.672686 0.103281
v 0.028429 1.679461 0.468965
v 0.029041 1.683936 0.467102
v 0.029224 1.687112 0.252046
v 0.029224 1.686256 0.142227
v 0.029224 1.685115 0.101193
v 0.029042 1.679776 0.098417
v 0.028781 1.677220 0.100623
v 0.028431 1.675614 0.101751
v 0.029224 1.673202 0.093938
v 0.029224 1.610272 0.093391
v 0.029224 1.442744 0.092979
v 0.029041 1.115813 0.096856
v 0.028779 1.114248 0.099287
v 0.028429 1.113432 0.100531
v 0.027317 1.112682 0.101550
v 0.025821 1.112400 0.101879
v 0.022770 1.112169 0.102127
v 0.017438 1.434129 0.102472
v 0.017438 1.600294 0.102720
v 0.017439 1.662401 0.103048
v 0.017439 -1.662401 0.103048
v 0.017438 -1.600294 0.102720
v 0.017438 -1.434129 0.102472
v 0.022770 -1.112169 0.102127
v 0.025821 -1.112399 0.101879
v 0.027317 -1.112682 0.101550
v 0.027986 -1.664394 0.101895
v 0.027319 -1.673780 0.102702
v 0.025822 -1.673155 0.103028
v 0.022771 -1.672686 0.103281
v 0.028429 -1.113432 0.100530
v 0.028779 -1.114247 0.099287
v 0.029041 -1.115813 0.096856
v 0.029224 -1.442744 0.092979
v 0.029224 -1.610272 0.093391
v 0.029224 -1.673202 0.093938
v 0.029042 -1.679776 0.098417
v 0.028781 -1.677220 0.100623
v 0.028431 -1.675614 0.101751
v 0.029224 -1.685115 0.101193
v 0.029224 -1.686256 0.142227
v 0.029224 -1.687112 0.252046
v 0.029041 -1.683936 0.467102
v 0.028429 -1.679461 0.468965
v 0.027317 -1.677158 0.469537
v 0.025821 -1.676365 0.469765
v 0.022770 -1.675773 0.469957
v 0.017438 -1.674916 0.258847
v 0.017438 -1.674277 0.150075
v 0.017439 -1.673430 0.109658
v -0.017438 -1.662401 2.296952
v -0.017437 -1.600293 2.297280
v -0.017437 -1.434129 2.297528
v -0.022769 -1.112169 2.297873
v -0.025820 -1.112399 2.298121
v -0.027316 -1.112682 2.298450
v -0.027318 -1.673780 2.297298
v -0.025821 -1.673155 2.296972
v -0.022770 -1.672686 2.296719
v -0.028428 -1.113432 2.299469
v -0.028778 -1.114247 2.300713
v -0.029040 -1.115813 2.303144
v -0.029222 -1.442744 2.307021
v -0.029223 -1.610272 2.306609
v -0.029223 -1.673202 2.306062
v -0.029041 -1.679776 2.301583
v -0.028780 -1.677220 2.299377
v -0.028430 -1.675614 2.298249
v -0.029223 -1.685115 2.298807
v -0.029223 -1.686256 2.257773
v -0.029222 -1.687112 2.147954
v -0.029040 -1.683936 1.932898
v -0.028778 -1.681285 1.931664
v -0.027984 -1.677624 2.142195
v -0.025820 -1.676365 1.930235
v -0.022769 -1.675773 1.930043
v -0.017437 -1.674916 2.141153
v -0.017437 -1.674278 2.249925
v -0.017438 -1.673430 2.290342
v -0.025820 1.112400 2.298121
v -0.022769 1.112169 2.297873
v -0.017437 1.434129 2.297528
v -0.017437 1.600294 2.297280
v -0.017438 1.662401 2.296952
v -0.022770 1.672686 2.296719
v -0.025821 1.673155 2.296972
v -0.027318 1.673780 2.297298
v -0.017438 1.673431 2.290342
v -0.017437 1.674278 2.249925
v -0.017437 1.674916 2.141153
v -0.022769 1.675773 1.930043
v -0.025820 1.676365 1.930235
v -0.027985 1.676852 2.251068
v -0.027985 1.675839 2.291510
v -0.028778 1.681285 1.931664
v -0.029040 1.683936 1.932898
v -0.029222 1.687112 2.147954
v -0.029223 1.686256 2.257773
v -0.029223 1.685115 2.298807
v -0.029041 1.679776 2.301584
v -0.028780 1.677220 2.299377
v -0.028430 1.675614 2.298249
v -0.029223 1.673202 2.306062
v -0.029223 1.610272 2.306609
v -0.029222 1.442744 2.307021
v -0.029040 1.115813 2.303144
v -0.028778 1.114248 2.300713
v -0.027316 1.677158 0.469537
v -0.025820 1.676365 0.469765
v -0.022769 1.675773 0.469957
v -0.017437 1.674916 0.258847
v -0.017437 1.674278 0.150076
v -0.017438 1.673430 0.109658
v -0.022770 1.672686 0.103281
v -0.025821 1.673155 0.103028
v -0.027318 1.673780 0.102702
v -0.017438 1.662401 0.103048
v -0.017437 1.600294 0.102720
v -0.017437 1.434129 0.102472
v -0.022769 1.112169 0.102127
v -0.025820 1.112400 0.101879
v -0.027316 1.112682 0.101550
v -0.028428 1.113432 0.100531
v -0.028778 1.114248 0.099287
v -0.029040 1.115813 0.096856
v -0.029222 1.442744 0.092979
v -0.029223 1.610272 0.093391
v -0.029223 1.673202 0.093938
v -0.029041 1.679776 0.098417
v -0.028780 1.677220 0.100623
v -0.028430 1.675614 0.101751
v -0.029223 1.685115 0.101193
v -0.029223 1.686256 0.142227
v -0.029222 1.687112 0.252046
v -0.029040 1.683936 0.467102
v -0.028778 1.681285 0.468337
v -0.027316 -1.112682 0.101550
v -0.025820 -1.112399 0.101879
v -0.022769 -1.112169 0.102127
v -0.017437 -1.434129 0.102472
v -0.017437 -1.600293 0.102720
v -0.017438 -1.662401 0.103048
v -0.022770 -1.672686 0.103281
v -0.025821 -1.673155 0.103028
v -0.027318 -1.673780 0.102702
v -0.017438 -1.673430 0.109658
v -0.017437 -1.674277 0.150075
v -0.017437 -1.674916 0.258847
v -0.022769 -1.675773 0.469957
v -0.025820 -1.676365 0.469765
v -0.027316 -1.677158 0.469537
v -0.028778 -1.681285 0.468337
v -0.029040 -1.683936 0.467102
v -0.029222 -1.687112 0.252046
v -0.029223 -1.686256 0.142227
v -0.029223 -1.685115 0.101193
v -0.029041 -1.679776 0.098417
v -0.028780 -1.677220 0.100623
v -0.028430 -1.675614 0.101751
v -0.029223 -1.673202 0.093938
v -0.029223 -1.610272 0.093391
v -0.029222 -1.442744 0.092979
v -0.029040 -1.115813 0.096856
v -0.028778 -1.114247 0.099287
v -0.028428 -1.113432 0.100531
v -0.027650 -1.143332 2.344259
v -0.026175 -1.144858 2.345611
v -0.025149 -1.477663 2.346046
v -0.025230 -1.648816 2.345675
v -0.025296 -1.712757 2.345197
v -0.026384 -1.721528 2.343639
v -0.027177 -1.720207 2.342608
v -0.027766 -1.718943 2.341524
v -0.028207 -1.707641 2.341524
v -0.028187 -1.644057 2.342418
v -0.025296 -1.724128 2.337990
v -0.025230 -1.725061 2.295668
v -0.025149 -1.725794 2.182055
v -0.026175 -1.724711 1.960607
v -0.027014 -1.723203 1.959526
v -0.027650 -1.721716 1.958359
v -0.028163 -1.719795 2.176749
v -0.028187 -1.719259 2.290320
v -0.028207 -1.718547 2.333114
v -0.028534 -1.718441 1.955870
v -0.028845 -1.716272 1.954351
v -0.029079 -1.713360 1.952346
v -0.029244 -1.709086 2.167254
v -0.029246 -1.708627 2.280030
v -0.029248 -1.708012 2.322788
v -0.029092 -1.711339 2.334579
v -0.028870 -1.714194 2.337341
v -0.028579 -1.716170 2.339122
v -0.029248 -1.697417 2.331810
v -0.029246 -1.634333 2.332941
v -0.029244 -1.464890 2.333786
v -0.029079 -1.138882 2.338657
v -0.028845 -1.140722 2.341252
v -0.028534 -1.141860 2.342703
v -0.025296 1.712757 2.345197
v -0.025230 1.648816 2.345675
v -0.025149 1.477663 2.346046
v -0.026175 1.144858 2.345611
v -0.027650 1.143332 2.344259
v -0.028207 1.707641 2.341524
v -0.027766 1.718943 2.341524
v -0.027177 1.720207 2.342609
v -0.026384 1.721528 2.343639
v -0.028534 1.141860 2.342703
v -0.028845 1.140722 2.341252
v -0.029079 1.138882 2.338657
v -0.029244 1.464890 2.333786
v -0.029246 1.634333 2.332941
v -0.029248 1.697417 2.331810
v -0.029092 1.711339 2.334579
v -0.028870 1.714194 2.337341
v -0.028579 1.716170 2.339122
v -0.029248 1.708012 2.322788
v -0.029246 1.708627 2.280030
v -0.029244 1.709086 2.167254
v -0.029079 1.713360 1.952346
v -0.028845 1.716272 1.954351
v -0.028534 1.718441 1.955870
v -0.028163 1.719795 2.176749
v -0.028187 1.719259 2.290320
v -0.028207 1.718547 2.333114
v -0.027650 1.721716 1.958359
v -0.027014 1.723203 1.959526
v -0.026175 1.724711 1.960607
v -0.025149 1.725794 2.182055
v -0.025230 1.725062 2.295668
v -0.025296 1.724128 2.337990
v -0.025296 1.724128 0.062011
v -0.025230 1.725061 0.104332
v -0.025149 1.725794 0.217945
v -0.026175 1.724711 0.439394
v -0.027014 1.723203 0.440474
v -0.027650 1.721716 0.441641
v -0.028163 1.719795 0.223251
v -0.028187 1.719259 0.109680
v -0.028207 1.718547 0.066886
v -0.027766 1.718943 0.058476
v -0.027177 1.720207 0.057392
v -0.026384 1.721528 0.056361
v -0.028534 1.718441 0.444130
v -0.028845 1.716272 0.445650
v -0.029079 1.713360 0.447654
v -0.029244 1.709086 0.232746
v -0.029246 1.708627 0.119970
v -0.029248 1.708012 0.077212
v -0.029092 1.711339 0.065422
v -0.028870 1.714194 0.062659
v -0.028579 1.716170 0.060878
v -0.029248 1.697417 0.068190
v -0.029246 1.634333 0.067059
v -0.029244 1.464890 0.066214
v -0.029079 1.138882 0.061343
v -0.028845 1.140722 0.058748
v -0.028534 1.141860 0.057297
v -0.028207 1.707642 0.058476
v -0.027650 1.143332 0.055741
v -0.026175 1.144858 0.054389
v -0.025149 1.477663 0.053954
v -0.025230 1.648816 0.054325
v -0.025296 1.712757 0.054803
v -0.025296 -1.712757 0.054803
v -0.025230 -1.648816 0.054325
v -0.025149 -1.477663 0.053954
v -0.027014 -1.144057 0.055064
v -0.028207 -1.707641 0.058476
v -0.027766 -1.718943 0.058476
v -0.027177 -1.720207 0.057392
v -0.026384 -1.721528 0.056361
v -0.028534 -1.141859 0.057297
v -0.028845 -1.140722 0.058748
v -0.029079 -1.138882 0.061343
v -0.029244 -1.464890 0.066214
v -0.029246 -1.634333 0.067059
v -0.029248 -1.697417 0.068190
v -0.029092 -1.711339 0.065422
v -0.028870 -1.714194 0.062659
v -0.028579 -1.716170 0.060878
v -0.029248 -1.708012 0.077212
v -0.029246 -1.708627 0.119970
v -0.029244 -1.709086 0.232746
v -0.029079 -1.713360 0.447654
v -0.028845 -1.716272 0.445650
v -0.028534 -1.718441 0.444130
v -0.028163 -1.719795 0.223251
v -0.028187 -1.719259 0.109680
v -0.028207 -1.718547 0.066886
v -0.027650 -1.721716 0.441642
v -0.027014 -1.723203 0.440474
v -0.026175 -1.724711 0.439394
v -0.025149 -1.725794 0.217945
v -0.025230 -1.725061 0.104332
v -0.025296 -1.724128 0.062011
v 0.015640 1.150971 0.050112
v 0.017744 1.150504 0.050537
v 0.019107 1.483041 0.051179
v 0.019186 1.654874 0.051489
v 0.019250 1.719118 0.051885
v 0.017940 1.730488 0.051953
v 0.015712 1.731506 0.051542
v 0.019250 1.730657 0.058883
v 0.019186 1.731639 0.101204
v 0.019107 1.732408 0.215049
v 0.017744 1.734001 0.435907
v 0.015640 1.735054 0.435719
v 0.013777 1.735055 0.435719
v 0.011673 1.734001 0.435907
v 0.010310 1.732409 0.215049
v 0.010231 1.731639 0.101204
v 0.010167 1.730657 0.058883
v 0.011477 1.730488 0.051953
v 0.013705 1.731506 0.051542
v 0.010167 1.719118 0.051885
v 0.010231 1.654874 0.051489
v 0.010310 1.483041 0.051179
v 0.011673 1.150504 0.050537
v 0.013777 1.150971 0.050112
v 0.000885 1.145227 0.054194
v 0.002905 1.145645 0.053789
v 0.004096 1.478181 0.053597
v 0.004017 1.649383 0.053899
v 0.003953 1.713337 0.054282
v 0.001693 1.722097 0.055336
v 0.000001 1.647827 0.054707
v 0.000001 1.476853 0.054433
v 0.003953 1.724713 0.061214
v 0.004017 1.725660 0.103418
v 0.004096 1.726409 0.217009
v 0.001832 1.725280 0.437986
v 0.000001 1.722797 0.061903
v -0.001831 1.725280 0.437986
v -0.004094 1.726410 0.217009
v -0.004015 1.725660 0.103418
v -0.003951 1.724714 0.061214
v -0.001692 1.722097 0.055336
v -0.003951 1.713337 0.054281
v -0.004015 1.649383 0.053899
v -0.004094 1.478181 0.053597
v -0.002904 1.145645 0.053789
v -0.000884 1.145228 0.054194
v -0.019249 1.719118 0.051885
v -0.019185 1.654874 0.051489
v -0.019106 1.483041 0.051179
v -0.017743 1.150504 0.050537
v -0.015639 1.150971 0.050112
v -0.015711 1.731506 0.051542
v -0.017939 1.730488 0.051953
v -0.013776 1.150971 0.050112
v -0.011672 1.150504 0.050537
v -0.010309 1.483042 0.051179
v -0.010230 1.654874 0.051489
v -0.010166 1.719118 0.051885
v -0.011476 1.730488 0.051953
v -0.013704 1.731506 0.051542
v -0.010166 1.730657 0.058883
v -0.010230 1.731639 0.101204
v -0.010309 1.732408 0.215049
v -0.011672 1.734001 0.435907
v -0.013776 1.735055 0.435719
v -0.015639 1.735055 0.435719
v -0.017743 1.734001 0.435907
v -0.019106 1.732409 0.215049
v -0.019185 1.731639 0.101204
v -0.019249 1.730657 0.058883
v -0.015639 -1.150971 0.050112
v -0.017743 -1.150504 0.050537
v -0.019106 -1.483041 0.051179
v -0.019185 -1.654874 0.051489
v -0.019249 -1.719118 0.051885
v -0.017939 -1.730488 0.051953
v -0.014707 -1.721128 0.050991
v -0.014707 -1.656666 0.050586
v -0.019249 -1.730657 0.058883
v -0.019185 -1.731639 0.101204
v -0.019106 -1.732408 0.215049
v -0.017743 -1.734001 0.435907
v -0.015639 -1.735054 0.435719
v -0.012784 -1.734682 0.435777
v -0.010309 -1.732409 0.215049
v -0.010230 -1.731639 0.101204
v -0.010166 -1.730657 0.058883
v -0.012645 -1.731149 0.051686
v -0.010166 -1.719118 0.051885
v -0.010230 -1.654874 0.051489
v -0.010309 -1.483041 0.051179
v -0.011672 -1.150504 0.050537
v -0.013776 -1.150971 0.050112
v -0.000884 -1.145227 0.054194
v -0.002904 -1.145645 0.053789
v -0.004095 -1.478181 0.053597
v -0.004016 -1.649383 0.053899
v -0.003952 -1.713337 0.054282
v -0.002708 -1.722651 0.055113
v -0.000812 -1.721828 0.055445
v -0.003952 -1.724713 0.061214
v -0.004016 -1.725660 0.103418
v -0.004095 -1.726409 0.217009
v -0.002904 -1.725935 0.437867
v -0.000884 -1.724930 0.438035
v 0.000000 -1.722797 0.061903
v 0.001832 -1.725280 0.437986
v 0.004096 -1.726409 0.217009
v 0.004016 -1.725660 0.103418
v 0.003953 -1.724713 0.061214
v 0.001693 -1.722097 0.055336
v 0.003953 -1.713337 0.054282
v 0.004016 -1.649383 0.053899
v 0.004096 -1.478181 0.053597
v 0.002905 -1.145645 0.053789
v 0.000885 -1.145227 0.054194
v 0.019250 -1.719118 0.051885
v 0.019186 -1.654874 0.051489
v 0.019107 -1.483041 0.051179
v 0.017744 -1.150504 0.050537
v 0.015640 -1.150971 0.050112
v 0.014708 -1.484524 0.050280
v 0.014708 -1.656666 0.050586
v 0.016770 -1.731150 0.051686
v 0.013777 -1.150971 0.050112
v 0.011673 -1.150504 0.050537
v 0.010310 -1.483041 0.051179
v 0.010231 -1.654874 0.051489
v 0.010167 -1.719118 0.051885
v 0.011477 -1.730488 0.051953
v 0.013705 -1.731506 0.051542
v 0.010167 -1.730657 0.058883
v 0.010231 -1.731639 0.101204
v 0.010310 -1.732408 0.215049
v 0.011673 -1.734001 0.435907
v 0.013777 -1.735054 0.435719
v 0.014708 -1.734636 0.214451
v 0.014708 -1.732874 0.058073
v 0.016632 -1.734682 0.435777
v 0.019107 -1.732409 0.215049
v 0.019186 -1.731639 0.101204
v 0.019250 -1.730657 0.058883
v 0.016632 -1.150828 2.349738
v 0.019107 -1.483041 2.348821
v 0.019186 -1.654874 2.348511
v 0.019250 -1.719118 2.348115
v 0.017940 -1.730488 2.348047
v 0.015712 -1.731506 2.348458
v 0.014709 -1.656665 2.349414
v 0.014709 -1.484524 2.349720
v 0.019250 -1.730657 2.341117
v 0.019186 -1.731639 2.298796
v 0.019107 -1.732408 2.184951
v 0.016632 -1.734682 1.964223
v 0.011673 -1.734001 1.964093
v 0.010310 -1.732409 2.184951
v 0.010231 -1.731639 2.298796
v 0.010167 -1.730657 2.341117
v 0.011477 -1.730488 2.348047
v 0.013705 -1.731506 2.348458
v 0.010167 -1.719118 2.348115
v 0.010231 -1.654874 2.348511
v 0.010310 -1.483041 2.348821
v 0.012785 -1.150828 2.349738
v 0.000885 -1.145227 2.345806
v 0.002905 -1.145645 2.346211
v 0.004096 -1.478181 2.346403
v 0.004017 -1.649383 2.346101
v 0.003953 -1.713337 2.345719
v 0.002709 -1.722651 2.344887
v 0.000813 -1.721828 2.344555
v 0.003953 -1.724713 2.338786
v 0.004017 -1.725660 2.296582
v 0.004096 -1.726409 2.182991
v 0.001832 -1.725280 1.962014
v -0.000884 -1.724930 1.961965
v -0.002904 -1.725935 1.962134
v -0.004094 -1.726410 2.182991
v -0.004015 -1.725660 2.296582
v -0.003951 -1.724714 2.338786
v -0.002707 -1.722652 2.344887
v -0.000812 -1.721828 2.344555
v -0.003951 -1.713337 2.345719
v -0.004015 -1.649383 2.346101
v -0.004094 -1.478181 2.346403
v -0.002904 -1.145645 2.346211
v -0.000884 -1.145228 2.345806
v -0.019249 -1.719118 2.348115
v -0.019185 -1.654874 2.348511
v -0.019106 -1.483041 2.348821
v -0.016631 -1.150828 2.349738
v -0.014707 -1.484524 2.349720
v -0.014707 -1.656666 2.349414
v -0.014707 -1.721128 2.349010
v -0.017939 -1.730488 2.348047
v -0.012784 -1.150828 2.349738
v -0.010309 -1.483042 2.348821
v -0.010230 -1.654874 2.348511
v -0.010166 -1.719118 2.348115
v -0.012645 -1.731150 2.348314
v -0.010166 -1.730657 2.341117
v -0.010230 -1.731639 2.298796
v -0.010309 -1.732408 2.184951
v -0.011672 -1.734001 1.964093
v -0.013776 -1.735055 1.964281
v -0.014707 -1.732875 2.341928
v -0.015639 -1.735055 1.964281
v -0.017743 -1.734001 1.964093
v -0.019106 -1.732409 2.184951
v -0.019185 -1.731639 2.298796
v -0.019249 -1.730657 2.341117
v -0.015639 1.150971 2.349888
v -0.017743 1.150504 2.349463
v -0.019106 1.483041 2.348821
v -0.019185 1.654874 2.348511
v -0.019249 1.719118 2.348115
v -0.017939 1.730488 2.348047
v -0.014707 1.656666 2.349414
v -0.019249 1.730657 2.341117
v -0.019185 1.731639 2.298796
v -0.019106 1.732408 2.184951
v -0.017743 1.734001 1.964093
v -0.015639 1.735054 1.964281
v -0.014707 1.734636 2.185549
v -0.013776 1.735055 1.964281
v -0.011672 1.734001 1.964093
v -0.010309 1.732409 2.184951
v -0.010230 1.731639 2.298796
v -0.010166 1.730657 2.341117
v -0.011476 1.730488 2.348047
v -0.010166 1.719118 2.348115
v -0.010230 1.654874 2.348511
v -0.010309 1.483041 2.348821
v -0.012784 1.150828 2.349738
v -0.000884 1.145227 2.345806
v -0.002904 1.145645 2.346211
v -0.004095 1.478181 2.346403
v -0.004016 1.649383 2.346101
v -0.003952 1.713337 2.345718
v -0.002708 1.722651 2.344887
v -0.000812 1.721828 2.344555
v -0.003952 1.724713 2.338786
v -0.004016 1.725660 2.296582
v -0.004095 1.726409 2.182991
v -0.002904 1.725935 1.962134
v -0.000884 1.724930 1.961965
v 0.000000 1.722797 2.338097
v 0.000885 1.724930 1.961965
v 0.002905 1.725935 1.962134
v 0.004095 1.726409 2.182992
v 0.004016 1.725660 2.296582
v 0.003953 1.724713 2.338786
v 0.002708 1.722651 2.344887
v 0.000813 1.721828 2.344555
v 0.003953 1.713337 2.345718
v 0.004016 1.649383 2.346101
v 0.004095 1.478181 2.346403
v 0.002905 1.145645 2.346211
v 0.000885 1.145227 2.345806
v 0.019250 1.719118 2.348115
v 0.019186 1.654874 2.348511
v 0.019107 1.483041 2.348821
v 0.016632 1.150828 2.349738
v 0.016770 1.731150 2.348314
v 0.011673 1.150504 2.349463
v 0.010310 1.483041 2.348821
v 0.010231 1.654874 2.348511
v 0.010167 1.719118 2.348115
v 0.011477 1.730488 2.348047
v 0.013705 1.731506 2.348458
v 0.010167 1.730657 2.341117
v 0.010231 1.731639 2.298796
v 0.010310 1.732408 2.184951
v 0.011673 1.734001 1.964093
v 0.013777 1.735054 1.964281
v 0.015640 1.735055 1.964281
v 0.017744 1.734001 1.964093
v 0.019107 1.732408 2.184951
v 0.019186 1.731639 2.298796
v 0.019250 1.730657 2.341117
v 0.029223 -0.611459 2.307480
v 0.029223 0.000000 2.307538
v 0.029223 0.611459 2.307480
v 0.017438 0.607968 2.297804
v 0.017438 0.000000 2.297838
v 0.017438 -0.607968 2.297804
v 0.017438 1.675628 0.800897
v 0.017438 1.675716 1.200000
v 0.017438 1.675628 1.599103
v 0.027983 1.678602 1.200000
v 0.029223 1.688063 1.601871
v 0.029223 1.688182 1.200000
v 0.029223 1.688063 0.798129
v 0.029223 0.611459 0.092520
v 0.029223 0.000000 0.092463
v 0.029223 -0.611459 0.092520
v 0.017438 -0.607968 0.102196
v 0.017438 0.000000 0.102162
v 0.017438 0.607968 0.102196
v 0.029223 -1.688063 0.798129
v 0.029223 -1.688181 1.200000
v 0.029223 -1.688063 1.601871
v 0.027984 -1.678493 0.800447
v 0.017438 -1.675627 1.599103
v 0.017438 -1.675716 1.200000
v 0.017438 -1.675627 0.800897
v 0.025031 -0.626452 2.346470
v 0.025015 0.000000 2.346523
v 0.025031 0.626452 2.346470
v 0.028128 0.624745 2.343830
v 0.028123 0.000000 2.343922
v 0.029242 0.621134 2.334723
v 0.029242 0.000000 2.334839
v 0.029242 -0.621134 2.334723
v 0.029242 1.709594 0.790265
v 0.029242 1.709658 1.200000
v 0.029242 1.709595 1.609735
v 0.028128 1.720390 1.613894
v 0.028123 1.720464 1.200000
v 0.028128 1.720390 0.786106
v 0.025031 1.726638 1.616399
v 0.025015 1.726744 1.200000
v 0.025031 1.726638 0.783601
v 0.025031 0.626452 0.053530
v 0.025015 0.000000 0.053477
v 0.025031 -0.626452 0.053530
v 0.028128 -0.624745 0.056170
v 0.028123 -0.000000 0.056078
v 0.028128 0.624745 0.056171
v 0.029242 -0.621134 0.065278
v 0.029242 0.000000 0.065161
v 0.029242 0.621134 0.065278
v 0.025031 -1.726638 0.783601
v 0.025015 -1.726744 1.200000
v 0.025031 -1.726638 1.616399
v 0.028123 -1.720464 1.200000
v 0.029242 -1.709594 1.609735
v 0.029242 -1.709658 1.200000
v 0.029242 -1.709595 0.790265
v 0.029340 -1.131914 2.328135
v 0.029371 -1.127158 2.320793
v 0.029332 -1.122446 2.313475
v 0.029333 -1.689073 2.310992
v 0.029372 -1.695360 2.317698
v 0.029343 -1.701691 2.324490
v 0.029332 -1.692732 1.938232
v 0.029371 -1.698484 1.942088
v 0.029340 -1.704271 1.946064
v 0.029332 1.122446 2.313475
v 0.029371 1.127159 2.320793
v 0.029340 1.131914 2.328135
v 0.029343 1.701691 2.324490
v 0.029372 1.695360 2.317698
v 0.029333 1.689073 2.310992
v 0.029340 1.704271 1.946064
v 0.029371 1.698483 1.942088
v 0.029332 1.692732 1.938232
v 0.029332 1.692732 0.461768
v 0.029371 1.698484 0.457912
v 0.029340 1.704271 0.453936
v 0.029343 1.701691 0.075510
v 0.029372 1.695360 0.082302
v 0.029333 1.689073 0.089008
v 0.029340 1.131914 0.071865
v 0.029371 1.127159 0.079207
v 0.029332 1.122446 0.086525
v 0.029332 -1.122446 0.086525
v 0.029371 -1.127159 0.079207
v 0.029340 -1.131914 0.071865
v 0.029343 -1.701691 0.075510
v 0.029372 -1.695360 0.082302
v 0.029333 -1.689073 0.089008
v 0.029340 -1.704271 0.453936
v 0.029371 -1.698483 0.457912
v 0.029332 -1.692732 0.461768
v -0.017437 -0.607968 2.297804
v -0.017437 0.000000 2.297838
v -0.017437 0.607968 2.297804
v -0.029222 0.611459 2.307480
v -0.029222 0.000000 2.307538
v -0.029222 -0.611459 2.307480
v -0.029222 1.688063 0.798129
v -0.029222 1.688181 1.200000
v -0.029222 1.688063 1.601871
v -0.027983 1.678493 1.599553
v -0.027982 1.678602 1.200000
v -0.017437 1.675628 1.599103
v -0.017437 1.675716 1.200000
v -0.017437 1.675627 0.800897
v -0.017437 0.607968 0.102196
v -0.017437 0.000000 0.102162
v -0.017437 -0.607968 0.102196
v -0.029222 -0.611459 0.092520
v -0.029222 0.000000 0.092463
v -0.029222 0.611459 0.092520
v -0.017437 -1.675627 0.800897
v -0.017437 -1.675716 1.200000
v -0.017437 -1.675627 1.599103
v -0.027983 -1.678493 1.599553
v -0.027983 -1.678493 0.800447
v -0.029222 -1.688063 1.601871
v -0.029222 -1.688181 1.200000
v -0.029222 -1.688063 0.798129
v -0.029241 -0.621134 2.334723
v -0.029241 -0.000000 2.334839
v -0.029241 0.621134 2.334723
v -0.028127 0.624745 2.343830
v -0.028127 -0.624745 2.343829
v -0.025029 0.626452 2.346470
v -0.025029 -0.626452 2.346470
v -0.025029 1.726638 0.783601
v -0.025014 1.726743 1.200000
v -0.025029 1.726638 1.616399
v -0.028127 1.720390 1.613894
v -0.028122 1.720464 1.200000
v -0.029241 1.709594 1.609735
v -0.029241 1.709658 1.200000
v -0.029241 1.709594 0.790265
v -0.029241 0.621134 0.065278
v -0.029241 0.000000 0.065161
v -0.029241 -0.621134 0.065278
v -0.025029 -0.626452 0.053530
v -0.025029 0.626452 0.053530
v -0.029241 -1.709594 0.790265
v -0.029241 -1.709658 1.200000
v -0.029241 -1.709594 1.609735
v -0.028127 -1.720390 1.613894
v -0.028127 -1.720390 0.786106
v -0.025029 -1.726638 1.616399
v -0.025014 -1.726743 1.200000
v -0.025029 -1.726638 0.783601
v -0.029339 -1.704271 1.946064
v -0.029370 -1.698483 1.942088
v -0.029331 -1.692732 1.938232
v -0.029332 -1.689073 2.310992
v -0.029371 -1.695360 2.317698
v -0.029342 -1.701691 2.324490
v -0.029331 -1.122446 2.313475
v -0.029370 -1.127159 2.320793
v -0.029339 -1.131914 2.328135
v -0.029331 1.692733 1.938232
v -0.029370 1.698483 1.942088
v -0.029339 1.704271 1.946064
v -0.029342 1.701691 2.324490
v -0.029371 1.695360 2.317698
v -0.029332 1.689073 2.310992
v -0.029339 1.131914 2.328135
v -0.029370 1.127159 2.320793
v -0.029331 1.122446 2.313475
v -0.029331 1.122446 0.086525
v -0.029370 1.127159 0.079207
v -0.029339 1.131914 0.071865
v -0.029342 1.701691 0.075510
v -0.029371 1.695360 0.082302
v -0.029332 1.689073 0.089008
v -0.029339 1.704271 0.453936
v -0.029370 1.698483 0.457912
v -0.029331 1.692732 0.461768
v -0.029331 -1.692732 0.461768
v -0.029370 -1.698483 0.457912
v -0.029339 -1.704271 0.453936
v -0.029342 -1.701691 0.075510
v -0.029371 -1.695360 0.082302
v -0.029332 -1.689073 0.089008
v -0.029339 -1.131914 0.071865
v -0.029370 -1.127158 0.079207
v -0.029331 -1.122446 0.086525
v -0.020533 1.731544 0.436498
v -0.022132 1.729867 0.436995
v -0.023693 1.728076 0.437639
v -0.023963 1.724664 0.054476
v -0.022410 1.726408 0.053650
v -0.020801 1.728062 0.052937
v -0.023693 1.146868 0.052949
v -0.022132 1.148001 0.052210
v -0.020533 1.149063 0.051528
v 0.020534 -1.731544 0.436498
v 0.022133 -1.729866 0.436995
v 0.023694 -1.728076 0.437639
v 0.023964 -1.724665 0.054476
v 0.022411 -1.726407 0.053650
v 0.020802 -1.728062 0.052937
v 0.023694 -1.146868 0.052949
v 0.022133 -1.148001 0.052210
v 0.020534 -1.149063 0.051528
v -0.020533 -1.731544 1.963502
v -0.022132 -1.729867 1.963005
v -0.023693 -1.728076 1.962361
v -0.023963 -1.724664 2.345525
v -0.022410 -1.726408 2.346350
v -0.020801 -1.728062 2.347063
v -0.023693 -1.146868 2.347051
v -0.022132 -1.148001 2.347790
v -0.020533 -1.149063 2.348472
v 0.020534 1.731544 1.963502
v 0.022133 1.729867 1.963005
v 0.023694 1.728076 1.962361
v 0.023964 1.724664 2.345525
v 0.022411 1.726408 2.346350
v 0.020802 1.728062 2.347063
v 0.023694 1.146868 2.347051
v 0.022133 1.148001 2.347790
v 0.020534 1.149063 2.348472
v 0.009471 -1.675117 0.470189
v 0.000001 -1.675035 0.470219
v -0.009470 -1.675117 0.470189
v -0.009470 -1.672165 0.103572
v 0.000001 -1.672100 0.103608
v 0.009471 -1.672166 0.103572
v -0.009470 -1.111896 0.102402
v 0.000001 -1.111862 0.102437
v 0.009471 -1.111896 0.102402
v -0.009470 1.675117 0.470189
v 0.000001 1.675035 0.470219
v 0.009471 1.675117 0.470189
v 0.009471 1.672166 0.103572
v 0.000001 1.672101 0.103608
v -0.009470 1.672166 0.103572
v 0.009471 1.111896 0.102402
v 0.000001 1.111862 0.102436
v -0.009470 1.111896 0.102402
v 0.009471 1.675117 1.929811
v 0.000001 1.675035 1.929782
v -0.009470 1.675117 1.929811
v -0.009470 1.672166 2.296428
v 0.000001 1.672101 2.296392
v 0.009471 1.672166 2.296428
v -0.009470 1.111896 2.297598
v 0.000001 1.111862 2.297564
v 0.009471 1.111896 2.297598
v -0.009470 -1.675117 1.929811
v 0.000001 -1.675035 1.929782
v 0.009471 -1.675117 1.929811
v 0.009471 -1.672165 2.296428
v 0.000001 -1.672100 2.296392
v -0.009470 -1.672165 2.296428
v 0.009471 -1.111896 2.297598
v 0.000001 -1.111862 2.297564
v -0.009470 -1.111896 2.297598
v 0.023694 1.728076 0.437639
v 0.022133 1.729867 0.436995
v 0.020534 1.731544 0.436498
v 0.020802 1.728062 0.052938
v 0.022411 1.726407 0.053650
v 0.023965 1.724665 0.054476
v 0.020534 1.149063 0.051528
v 0.022133 1.148001 0.052210
v 0.023694 1.146868 0.052949
v 0.008880 1.731553 0.436486
v 0.007262 1.729945 0.436896
v 0.005650 1.728342 0.437304
v 0.005382 1.724909 0.054203
v 0.006985 1.726480 0.053569
v 0.008613 1.728071 0.052927
v 0.005650 1.147040 0.052818
v 0.007262 1.148052 0.052172
v 0.008880 1.149070 0.051523
v -0.005649 1.728342 0.437304
v -0.007261 1.729945 0.436896
v -0.008879 1.731553 0.436486
v -0.008611 1.728071 0.052927
v -0.006984 1.726480 0.053569
v -0.005381 1.724909 0.054203
v -0.008879 1.149070 0.051523
v -0.007261 1.148052 0.052172
v -0.005649 1.147040 0.052818
v -0.023693 -1.728076 0.437639
v -0.022132 -1.729867 0.436995
v -0.020533 -1.731544 0.436498
v -0.020801 -1.728062 0.052938
v -0.022410 -1.726407 0.053650
v -0.023963 -1.724664 0.054476
v -0.020533 -1.149063 0.051528
v -0.022132 -1.148001 0.052210
v -0.023693 -1.146868 0.052949
v -0.008879 -1.731554 0.436486
v -0.007261 -1.729945 0.436896
v -0.005649 -1.728342 0.437304
v -0.005381 -1.724909 0.054203
v -0.006984 -1.726480 0.053569
v -0.008611 -1.728071 0.052927
v -0.005649 -1.147040 0.052818
v -0.007261 -1.148052 0.052172
v -0.008879 -1.149070 0.051523
v 0.005650 -1.728342 0.437304
v 0.007262 -1.729945 0.436896
v 0.008880 -1.731554 0.436486
v 0.008612 -1.728071 0.052927
v 0.006985 -1.726480 0.053569
v 0.005382 -1.724909 0.054203
v 0.008880 -1.149070 0.051523
v 0.007262 -1.148052 0.052172
v 0.005650 -1.147040 0.052818
v 0.023694 -1.728076 1.962361
v 0.022133 -1.729867 1.963005
v 0.020534 -1.731544 1.963502
v 0.020802 -1.728062 2.347063
v 0.022411 -1.726407 2.346350
v 0.023965 -1.724664 2.345524
v 0.020534 -1.149063 2.348472
v 0.022133 -1.148001 2.347790
v 0.023694 -1.146868 2.347051
v 0.008880 -1.731553 1.963514
v 0.007262 -1.729945 1.963104
v 0.005650 -1.728342 1.962696
v 0.005382 -1.724909 2.345798
v 0.006985 -1.726480 2.346431
v 0.008613 -1.728071 2.347073
v 0.005650 -1.147040 2.347182
v 0.007262 -1.148052 2.347828
v 0.008880 -1.149070 2.348477
v -0.005649 -1.728342 1.962696
v -0.007261 -1.729945 1.963104
v -0.008879 -1.731553 1.963515
v -0.008611 -1.728071 2.347073
v -0.006984 -1.726480 2.346431
v -0.005381 -1.724909 2.345798
v -0.008879 -1.149070 2.348477
v -0.007261 -1.148052 2.347828
v -0.005649 -1.147040 2.347182
v -0.023693 1.728076 1.962361
v -0.022132 1.729867 1.963005
v -0.020533 1.731544 1.963502
v -0.020801 1.728062 2.347063
v -0.022410 1.726407 2.346350
v -0.023963 1.724664 2.345524
v -0.020533 1.149063 2.348472
v -0.022132 1.148001 2.347790
v -0.023693 1.146868 2.347051
v -0.008879 1.731554 1.963514
v -0.007261 1.729945 1.963104
v -0.005649 1.728342 1.962696
v -0.005381 1.724909 2.345798
v -0.006984 1.726480 2.346431
v -0.008611 1.728071 2.347073
v -0.005649 1.147040 2.347182
v -0.007261 1.148052 2.347828
v -0.008879 1.149070 2.348477
v 0.005650 1.728342 1.962696
v 0.007262 1.729945 1.963104
v 0.008880 1.731554 1.963514
v 0.008612 1.728071 2.347073
v 0.006985 1.726480 2.346431
v 0.005382 1.724909 2.345798
v 0.008880 1.149070 2.348477
v 0.007262 1.148052 2.347828
v 0.005650 1.147040 2.347182
v 0.010427 1.733292 1.617672
v 0.010442 1.733402 1.200000
v 0.010427 1.733292 0.782328
v 0.018990 1.733292 0.782328
v 0.018975 1.733402 1.200000
v 0.018990 1.733292 1.617672
v -0.004211 1.727276 1.616853
v -0.004226 1.727385 1.200000
v -0.004211 1.727276 0.783147
v 0.000001 1.725119 0.783361
v 0.000001 1.725217 1.200000
v 0.000001 1.725119 1.616639
v 0.004212 1.727276 0.783147
v 0.004227 1.727385 1.200000
v 0.004212 1.727276 1.616853
v -0.018989 1.733292 1.617672
v -0.018974 1.733402 1.200000
v -0.018989 1.733292 0.782328
v -0.010426 1.733292 0.782328
v -0.010441 1.733402 1.200000
v -0.010426 1.733292 1.617672
v 0.010427 -1.733292 0.782328
v 0.010442 -1.733402 1.200000
v 0.010427 -1.733292 1.617672
v 0.014709 -1.735485 1.617899
v 0.014708 -1.735590 1.200000
v 0.018990 -1.733292 1.617672
v 0.018975 -1.733402 1.200000
v 0.018990 -1.733292 0.782328
v -0.004211 -1.727276 0.783147
v -0.004226 -1.727385 1.200000
v -0.004211 -1.727276 1.616853
v 0.004212 -1.727276 1.616853
v 0.004227 -1.727385 1.200000
v 0.004212 -1.727276 0.783147
v -0.018989 -1.733292 0.782328
v -0.018974 -1.733402 1.200000
v -0.018989 -1.733292 1.617672
v -0.014707 -1.735485 1.617900
v -0.010426 -1.733292 1.617672
v -0.010441 -1.733402 1.200000
v -0.010426 -1.733292 0.782328
v 0.010427 -0.628707 2.349178
v 0.010442 0.000000 2.349222
v 0.010427 0.628707 2.349178
v 0.014708 0.629272 2.350062
v 0.014708 -0.000000 2.350105
v 0.014708 -0.629272 2.350062
v 0.018990 0.628707 2.349178
v 0.018975 -0.000000 2.349222
v 0.018990 -0.628707 2.349178
v -0.004211 -0.626677 2.346752
v -0.004226 -0.000000 2.346796
v -0.004211 0.626677 2.346752
v 0.000001 -0.000000 2.345922
v 0.004212 0.626677 2.346752
v 0.004227 -0.000000 2.346796
v 0.004212 -0.626677 2.346752
v -0.018989 -0.628707 2.349178
v -0.018974 0.000000 2.349222
v -0.018989 0.628707 2.349178
v -0.014707 0.629272 2.350062
v -0.014707 -0.000000 2.350105
v -0.014707 -0.629272 2.350062
v -0.010426 0.628707 2.349178
v -0.010441 -0.000000 2.349222
v -0.010426 -0.628707 2.349178
v 0.010427 0.628707 0.050822
v 0.010442 0.000000 0.050778
v 0.010427 -0.628707 0.050822
v 0.018990 -0.628707 0.050822
v 0.018975 0.000000 0.050778
v 0.018990 0.628707 0.050822
v -0.004211 0.626678 0.053248
v -0.004226 0.000000 0.053204
v -0.004211 -0.626677 0.053248
v 0.000001 0.000000 0.054078
v 0.000001 0.626146 0.054118
v 0.004212 -0.626677 0.053248
v 0.004227 0.000000 0.053204
v 0.004212 0.626677 0.053248
v -0.018989 0.628707 0.050822
v -0.018974 0.000000 0.050778
v -0.018989 -0.628707 0.050822
v -0.010426 -0.628707 0.050822
v -0.010441 0.000000 0.050778
v -0.010426 0.628707 0.050822
v 0.023643 1.728404 0.783153
v 0.023626 1.728513 1.200000
v 0.023643 1.728404 1.616847
v 0.022081 1.730200 0.782796
v 0.022064 1.730311 1.200000
v 0.022081 1.730199 1.617204
v 0.020484 1.731878 0.782523
v 0.020467 1.731989 1.200000
v 0.020484 1.731878 1.617477
v 0.029332 -0.613643 2.313694
v 0.029371 -0.616249 2.321064
v 0.029340 -0.618878 2.328454
v 0.029332 0.000000 2.313766
v 0.029370 0.000000 2.321155
v 0.029340 -0.000000 2.328560
v 0.029332 0.613643 2.313694
v 0.029371 0.616249 2.321064
v 0.029340 0.618878 2.328454
v 0.023643 -1.728404 1.616847
v 0.023626 -1.728513 1.200000
v 0.023643 -1.728404 0.783153
v 0.022081 -1.730200 1.617204
v 0.022064 -1.730311 1.200000
v 0.022081 -1.730200 0.782796
v 0.020484 -1.731878 1.617477
v 0.020467 -1.731989 1.200000
v 0.020484 -1.731878 0.782523
v 0.009471 -0.607913 2.297701
v 0.009471 0.000000 2.297735
v 0.009471 0.607913 2.297701
v 0.000001 -0.607895 2.297667
v 0.000001 0.000000 2.297701
v 0.000001 0.607895 2.297667
v -0.009470 -0.607913 2.297701
v -0.009470 0.000000 2.297735
v -0.009470 0.607913 2.297701
v -0.029331 -1.693053 0.796410
v -0.029331 -1.693160 1.200000
v -0.029331 -1.693053 1.603590
v -0.029369 -1.698757 0.794335
v -0.029369 -1.698847 1.200000
v -0.029369 -1.698757 1.605665
v -0.029339 -1.704496 0.792190
v -0.029339 -1.704572 1.200000
v -0.029339 -1.704496 1.607810
v -0.029331 0.613643 0.086307
v -0.029331 0.000000 0.086234
v -0.029331 -0.613643 0.086307
v -0.029369 0.616249 0.078936
v -0.029369 0.000000 0.078845
v -0.029369 -0.616249 0.078936
v -0.029339 0.618878 0.071546
v -0.029339 0.000000 0.071440
v -0.029339 -0.618878 0.071546
v -0.020483 0.628238 2.348607
v -0.020466 0.000000 2.348652
v -0.020483 -0.628238 2.348607
v -0.022080 0.627660 2.347928
v -0.022063 -0.000000 2.347974
v -0.022080 -0.627660 2.347928
v -0.023642 0.627041 2.347197
v -0.023625 -0.000000 2.347245
v -0.023642 -0.627041 2.347197
v -0.029331 1.693053 1.603590
v -0.029331 1.693160 1.200000
v -0.029331 1.693053 0.796410
v -0.029369 1.698757 1.605665
v -0.029369 1.698847 1.200000
v -0.029369 1.698757 0.794335
v -0.029339 1.704496 1.607810
v -0.029339 1.704572 1.200000
v -0.029339 1.704496 0.792190
v 0.008931 -0.628242 0.051388
v 0.008947 0.000000 0.051344
v 0.008931 0.628242 0.051388
v 0.007314 -0.627688 0.052037
v 0.007331 0.000000 0.051992
v 0.007314 0.627688 0.052037
v 0.005700 -0.627136 0.052684
v 0.005717 0.000000 0.052640
v 0.005700 0.627136 0.052685
v -0.020483 -1.731878 1.617477
v -0.020466 -1.731989 1.200000
v -0.020483 -1.731878 0.782523
v -0.022080 -1.730200 1.617204
v -0.022063 -1.730311 1.200000
v -0.022080 -1.730200 0.782796
v -0.023642 -1.728404 1.616847
v -0.023625 -1.728514 1.200000
v -0.023642 -1.728404 0.783153
v -0.029331 -0.613643 2.313694
v -0.029331 0.000000 2.313766
v -0.029331 0.613643 2.313694
v -0.029369 -0.616249 2.321064
v -0.029369 0.000000 2.321155
v -0.029369 0.616249 2.321064
v -0.029339 -0.618878 2.328454
v -0.029339 0.000000 2.328560
v -0.029339 0.618878 2.328454
v 0.009471 -1.675377 0.800946
v 0.009471 -1.675463 1.200000
v 0.009471 -1.675377 1.599054
v 0.000001 -1.675293 0.800963
v 0.000001 -1.675379 1.200000
v 0.000001 -1.675293 1.599038
v -0.009470 -1.675377 0.800946
v -0.009470 -1.675463 1.200000
v -0.009470 -1.675377 1.599054
v -0.020483 1.731878 0.782523
v -0.020466 1.731989 1.200000
v -0.020483 1.731878 1.617477
v -0.022080 1.730200 0.782796
v -0.022063 1.730311 1.200000
v -0.022080 1.730200 1.617204
v -0.023642 1.728404 0.783153
v -0.023625 1.728514 1.200000
v -0.023642 1.728404 1.616847
v -0.020483 -0.628238 0.051393
v -0.020466 0.000000 0.051348
v -0.020483 0.628238 0.051393
v -0.022080 -0.627660 0.052072
v -0.022063 0.000000 0.052026
v -0.022080 0.627660 0.052072
v -0.023642 -0.627041 0.052803
v -0.023625 0.000000 0.052755
v -0.023642 0.627041 0.052804
v 0.009471 1.675377 1.599054
v 0.009471 1.675464 1.200000
v 0.009471 1.675377 0.800946
v 0.000001 1.675293 1.599038
v 0.000001 1.675379 1.200000
v 0.000001 1.675293 0.800963
v -0.009470 1.675377 1.599054
v -0.009470 1.675463 1.200000
v -0.009470 1.675377 0.800946
v 0.009471 0.607913 0.102299
v 0.009471 0.000000 0.102265
v 0.009471 -0.607913 0.102299
v 0.000001 0.607895 0.102334
v 0.000001 0.000000 0.102299
v 0.000001 -0.607895 0.102334
v -0.009470 0.607913 0.102299
v -0.009470 0.000000 0.102265
v -0.009470 -0.607913 0.102299
v 0.023643 -0.627041 0.052804
v 0.023626 0.000000 0.052755
v 0.023643 0.627041 0.052803
v 0.022081 -0.627660 0.052072
v 0.022064 0.000000 0.052026
v 0.022081 0.627660 0.052072
v 0.020484 -0.628238 0.051393
v 0.020467 0.000000 0.051348
v 0.020484 0.628238 0.051393
v -0.005699 -0.627136 0.052685
v -0.005716 0.000000 0.052640
v -0.005699 0.627136 0.052684
v -0.007313 -0.627688 0.052037
v -0.007330 0.000000 0.051992
v -0.007313 0.627688 0.052037
v -0.008929 -0.628242 0.051389
v -0.008946 0.000000 0.051344
v -0.008929 0.628242 0.051389
v -0.005699 -1.728674 1.617038
v -0.005716 -1.728784 1.200000
v -0.005699 -1.728674 0.782962
v -0.007313 -1.730280 1.617261
v -0.007330 -1.730391 1.200000
v -0.007313 -1.730279 0.782739
v -0.008929 -1.731888 1.617484
v -0.008946 -1.731999 1.200000
v -0.008930 -1.731888 0.782516
v 0.029332 -1.693053 0.796410
v 0.029371 -1.698757 0.794335
v 0.029340 -1.704496 0.792190
v 0.029332 -1.693160 1.200000
v 0.029370 -1.698848 1.200000
v 0.029332 -1.693053 1.603590
v 0.029371 -1.698757 1.605665
v 0.029340 -1.704496 1.607810
v 0.008931 0.628242 2.348612
v 0.008947 0.000000 2.348657
v 0.008931 -0.628242 2.348612
v 0.007314 0.627688 2.347963
v 0.007331 0.000000 2.348008
v 0.007314 -0.627688 2.347963
v 0.005700 0.627136 2.347316
v 0.005717 -0.000000 2.347360
v 0.005700 -0.627136 2.347316
v 0.008931 -1.731888 1.617484
v 0.008947 -1.731999 1.200000
v 0.008931 -1.731888 0.782516
v 0.007314 -1.730279 1.617261
v 0.007331 -1.730391 1.200000
v 0.007314 -1.730280 0.782739
v 0.005700 -1.728674 1.617038
v 0.005717 -1.728784 1.200000
v 0.005700 -1.728673 0.782962
v 0.029332 1.693053 1.603590
v 0.029371 1.698757 1.605665
v 0.029340 1.704496 1.607810
v 0.029332 1.693160 1.200000
v 0.029340 1.704572 1.200000
v 0.029332 1.693053 0.796410
v 0.029371 1.698757 0.794335
v 0.029340 1.704496 0.792190
v -0.005699 0.627136 2.347316
v -0.005716 -0.000000 2.347360
v -0.005699 -0.627136 2.347316
v -0.007313 0.627688 2.347963
v -0.007330 -0.000000 2.348008
v -0.007313 -0.627688 2.347963
v -0.008930 0.628242 2.348612
v -0.008946 -0.000000 2.348657
v -0.008930 -0.628242 2.348612
v 0.029332 0.613644 0.086307
v 0.029371 0.616249 0.078936
v 0.029340 0.618878 0.071546
v 0.029332 0.000000 0.086234
v 0.029371 0.000000 0.078845
v 0.029340 0.000000 0.071440
v 0.029332 -0.613643 0.086307
v 0.029371 -0.616249 0.078936
v 0.029340 -0.618878 0.071546
v 0.008931 1.731888 0.782516
v 0.008947 1.731999 1.200000
v 0.008931 1.731888 1.617484
v 0.007314 1.730279 0.782739
v 0.007331 1.730391 1.200000
v 0.007314 1.730280 1.617261
v 0.005700 1.728674 0.782962
v 0.005717 1.728784 1.200000
v 0.005700 1.728673 1.617038
v -0.005699 1.728674 0.782962
v -0.005716 1.728784 1.200000
v -0.005699 1.728674 1.617038
v -0.007313 1.730280 0.782739
v -0.007330 1.730391 1.200000
v -0.007313 1.730279 1.617261
v -0.008929 1.731888 0.782516
v -0.008946 1.731999 1.200000
v -0.008930 1.731888 1.617484
v 0.026238 1.476457 2.345309
v 0.026307 1.647457 2.344883
v 0.026362 1.711325 2.344328
v 0.027160 1.710054 2.343432
v 0.027685 1.474451 2.343853
v 0.027724 1.645159 2.343272
v 0.026238 1.724214 2.180899
v 0.027063 1.722744 2.179602
v 0.027685 1.721298 2.178205
v 0.026307 1.723517 2.294487
v 0.027117 1.722095 2.293181
v 0.027724 1.720705 2.291782
v 0.026362 1.722622 2.336893
v 0.027160 1.721251 2.335703
v 0.027754 1.719923 2.334438
v 0.029084 1.713065 2.170788
v 0.029088 1.712639 2.283999
v 0.029092 1.712068 2.326942
v 0.028853 1.715969 2.173333
v 0.028862 1.715532 2.286780
v 0.028868 1.714945 2.329760
v 0.028548 1.718109 2.175212
v 0.028563 1.717630 2.288759
v 0.028575 1.716989 2.331674
v 0.029084 1.468571 2.338060
v 0.028853 1.470959 2.340680
v 0.028548 1.472468 2.342178
v 0.029088 1.638389 2.337199
v 0.028862 1.641074 2.339855
v 0.028563 1.642819 2.341423
v 0.029092 1.701567 2.336048
v 0.028868 1.704381 2.338750
v 0.028575 1.706269 2.340411
v 0.026238 1.724214 0.219101
v 0.026307 1.723517 0.105513
v 0.026362 1.722622 0.063107
v 0.027063 1.722743 0.220398
v 0.027117 1.722095 0.106819
v 0.027160 1.721251 0.064297
v 0.027686 1.721299 0.221795
v 0.027724 1.720705 0.108218
v 0.027754 1.719923 0.065562
v 0.027063 1.475409 0.055414
v 0.026307 1.647456 0.055117
v 0.026362 1.711325 0.055672
v 0.027160 1.710054 0.056568
v 0.029084 1.468571 0.061940
v 0.029088 1.638389 0.062801
v 0.029092 1.701567 0.063952
v 0.028853 1.470959 0.059320
v 0.028862 1.641074 0.060145
v 0.028868 1.704381 0.061250
v 0.028575 1.706269 0.059589
v 0.029084 1.713065 0.229212
v 0.028853 1.715969 0.226667
v 0.028548 1.718109 0.224788
v 0.029088 1.712639 0.116001
v 0.028862 1.715532 0.113220
v 0.028563 1.717630 0.111241
v 0.029092 1.712068 0.073058
v 0.028868 1.714945 0.070240
v 0.028575 1.716989 0.068327
v 0.026238 -1.476457 2.345309
v 0.027685 -1.474451 2.343853
v 0.026307 -1.647456 2.344883
v 0.027724 -1.645159 2.343272
v 0.026362 -1.711325 2.344328
v 0.027160 -1.710054 2.343432
v 0.029084 -1.468571 2.338060
v 0.029088 -1.638389 2.337199
v 0.029092 -1.701567 2.336048
v 0.028853 -1.470959 2.340680
v 0.028862 -1.641074 2.339855
v 0.028868 -1.704381 2.338750
v 0.028548 -1.472468 2.342178
v 0.028563 -1.642820 2.341423
v 0.028575 -1.706269 2.340411
v 0.029084 -1.713065 2.170788
v 0.028853 -1.715969 2.173333
v 0.028548 -1.718109 2.175212
v 0.029088 -1.712639 2.283999
v 0.028862 -1.715532 2.286780
v 0.028563 -1.717630 2.288759
v 0.029092 -1.712068 2.326942
v 0.028868 -1.714945 2.329760
v 0.028575 -1.716989 2.331674
v 0.026238 -1.724214 2.180899
v 0.026307 -1.723517 2.294487
v 0.026362 -1.722622 2.336893
v 0.027063 -1.722743 2.179602
v 0.027117 -1.722095 2.293181
v 0.027160 -1.721251 2.335703
v 0.027685 -1.721298 2.178205
v 0.027724 -1.720705 2.291782
v 0.027754 -1.719923 2.334438
v 0.026238 -1.476457 0.054691
v 0.026307 -1.647457 0.055117
v 0.026362 -1.711325 0.055672
v 0.027160 -1.710054 0.056568
v 0.027724 -1.645159 0.056728
v 0.026238 -1.724214 0.219101
v 0.027063 -1.722743 0.220398
v 0.027686 -1.721298 0.221795
v 0.026307 -1.723517 0.105513
v 0.027117 -1.722095 0.106819
v 0.027724 -1.720705 0.108218
v 0.026362 -1.722622 0.063107
v 0.027160 -1.721251 0.064297
v 0.027754 -1.719923 0.065562
v 0.029084 -1.713065 0.229212
v 0.029088 -1.712639 0.116001
v 0.029092 -1.712068 0.073058
v 0.028853 -1.715969 0.226667
v 0.028862 -1.715532 0.113220
v 0.028868 -1.714945 0.070240
v 0.028548 -1.718109 0.224788
v 0.028563 -1.717630 0.111242
v 0.028575 -1.716989 0.068326
v 0.029084 -1.468571 0.061940
v 0.028853 -1.470959 0.059320
v 0.029088 -1.638389 0.062801
v 0.028862 -1.641074 0.060145
v 0.028563 -1.642819 0.058578
v 0.029092 -1.701567 0.063952
v 0.028868 -1.704381 0.061250
v 0.028575 -1.706269 0.059589
v 0.022770 -1.434358 2.297700
v 0.022771 -1.600564 2.297453
v 0.022771 -1.662702 2.297128
v 0.025821 -1.434673 2.297947
v 0.025822 -1.600943 2.297700
v 0.025822 -1.663130 2.297377
v 0.027319 -1.663692 2.297701
v 0.022770 -1.675311 2.141334
v 0.025821 -1.675882 2.141575
v 0.027317 -1.676646 2.141866
v 0.022771 -1.674652 2.250116
v 0.025822 -1.675193 2.250377
v 0.027318 -1.675920 2.250697
v 0.022771 -1.673781 2.290532
v 0.025822 -1.674288 2.290792
v 0.027319 -1.674969 2.291120
v 0.029041 -1.683319 2.145106
v 0.029042 -1.682435 2.254460
v 0.029042 -1.681261 2.295204
v 0.028779 -1.680678 2.143457
v 0.028780 -1.679810 2.252537
v 0.028780 -1.678663 2.293109
v 0.028430 -1.678057 2.251557
v 0.028431 -1.676973 2.292039
v 0.029041 -1.439315 2.302910
v 0.028779 -1.437262 2.300511
v 0.029042 -1.606475 2.302577
v 0.028780 -1.604134 2.300224
v 0.029042 -1.669294 2.302137
v 0.028780 -1.666806 2.299848
v 0.028431 -1.665314 2.298676
v 0.022770 1.434358 2.297700
v 0.025821 1.434674 2.297947
v 0.022771 1.600565 2.297453
v 0.025822 1.600943 2.297700
v 0.027318 1.601430 2.298026
v 0.022771 1.662702 2.297128
v 0.025822 1.663130 2.297377
v 0.029041 1.439316 2.302910
v 0.029042 1.606475 2.302577
v 0.029042 1.669294 2.302137
v 0.028779 1.437262 2.300511
v 0.028780 1.604135 2.300224
v 0.028780 1.666806 2.299848
v 0.028430 1.602801 2.299020
v 0.029041 1.683319 2.145106
v 0.028430 1.678882 2.142617
v 0.029042 1.682435 2.254460
v 0.028780 1.679810 2.252537
v 0.028430 1.678057 2.251557
v 0.029042 1.681261 2.295204
v 0.028780 1.678663 2.293109
v 0.028431 1.676973 2.292039
v 0.022770 1.675311 2.141334
v 0.022771 1.674652 2.250117
v 0.022771 1.673781 2.290532
v 0.025821 1.675882 2.141575
v 0.025822 1.675193 2.250377
v 0.025822 1.674289 2.290792
v 0.027317 1.676646 2.141866
v 0.027318 1.675921 2.250697
v 0.027319 1.674969 2.291120
v 0.022770 1.675311 0.258667
v 0.025821 1.675882 0.258425
v 0.027317 1.676646 0.258134
v 0.022771 1.674652 0.149884
v 0.025822 1.675193 0.149623
v 0.027318 1.675920 0.149303
v 0.022771 1.673781 0.109468
v 0.025822 1.674288 0.109208
v 0.027319 1.674969 0.108880
v 0.029041 1.683319 0.254894
v 0.029042 1.682435 0.145540
v 0.029042 1.681261 0.104796
v 0.028780 1.679810 0.147463
v 0.028780 1.678663 0.106891
v 0.028430 1.678882 0.257383
v 0.028430 1.678057 0.148443
v 0.028431 1.676973 0.107961
v 0.029041 1.439316 0.097090
v 0.028779 1.437262 0.099489
v 0.028430 1.436148 0.100717
v 0.029042 1.606475 0.097423
v 0.028780 1.604135 0.099776
v 0.028430 1.602801 0.100980
v 0.029042 1.669294 0.097863
v 0.028780 1.666806 0.100153
v 0.028431 1.665314 0.101324
v 0.022770 1.434358 0.102300
v 0.022771 1.600564 0.102547
v 0.022771 1.662702 0.102872
v 0.025821 1.434673 0.102053
v 0.025822 1.600943 0.102300
v 0.025822 1.663130 0.102623
v 0.027317 1.435068 0.101726
v 0.027318 1.601430 0.101974
v 0.027319 1.663692 0.102299
v 0.022770 -1.434358 0.102300
v 0.025821 -1.434673 0.102053
v 0.027317 -1.435068 0.101726
v 0.022771 -1.600564 0.102547
v 0.025822 -1.600943 0.102300
v 0.027318 -1.601430 0.101974
v 0.022771 -1.662702 0.102872
v 0.025822 -1.663130 0.102623
v 0.029041 -1.439316 0.097090
v 0.029042 -1.606475 0.097423
v 0.029042 -1.669294 0.097863
v 0.028779 -1.437262 0.099489
v 0.028780 -1.604134 0.099776
v 0.028780 -1.666806 0.100152
v 0.028430 -1.436148 0.100717
v 0.028430 -1.602801 0.100980
v 0.029041 -1.683319 0.254894
v 0.028430 -1.678882 0.257383
v 0.029042 -1.682435 0.145540
v 0.028780 -1.679810 0.147463
v 0.028430 -1.678057 0.148443
v 0.029042 -1.681261 0.104796
v 0.028780 -1.678663 0.106891
v 0.028431 -1.676973 0.107961
v 0.022770 -1.675311 0.258667
v 0.022771 -1.674652 0.149884
v 0.022771 -1.673781 0.109468
v 0.025821 -1.675882 0.258425
v 0.025822 -1.675193 0.149623
v 0.025822 -1.674288 0.109208
v 0.027317 -1.676646 0.258134
v 0.027318 -1.675920 0.149303
v 0.027319 -1.674969 0.108880
v -0.022769 -1.434358 2.297700
v -0.025820 -1.434673 2.297947
v -0.027316 -1.435068 2.298275
v -0.022769 -1.600564 2.297453
v -0.025821 -1.600943 2.297700
v -0.027317 -1.601430 2.298026
v -0.022770 -1.662702 2.297128
v -0.025821 -1.663130 2.297377
v -0.027318 -1.663692 2.297701
v -0.029040 -1.439316 2.302910
v -0.029041 -1.606475 2.302577
v -0.029041 -1.669294 2.302137
v -0.028778 -1.437262 2.300511
v -0.028779 -1.604134 2.300224
v -0.028779 -1.666806 2.299848
v -0.028429 -1.436148 2.299284
v -0.028429 -1.602801 2.299020
v -0.028430 -1.665314 2.298676
v -0.029040 -1.683319 2.145106
v -0.028778 -1.680678 2.143457
v -0.029041 -1.682435 2.254460
v -0.028779 -1.679810 2.252537
v -0.028429 -1.678057 2.251557
v -0.029041 -1.681261 2.295204
v -0.028779 -1.678663 2.293109
v -0.028430 -1.676973 2.292039
v -0.022769 -1.675311 2.141334
v -0.022769 -1.674652 2.250117
v -0.022770 -1.673781 2.290532
v -0.025820 -1.675882 2.141575
v -0.025821 -1.675193 2.250377
v -0.025821 -1.674288 2.290792
v -0.027317 -1.675920 2.250697
v -0.027318 -1.674969 2.291120
v -0.022769 1.434359 2.297700
v -0.022769 1.600564 2.297453
v -0.022770 1.662702 2.297128
v -0.025820 1.434673 2.297947
v -0.025821 1.600943 2.297700
v -0.025821 1.663130 2.297377
v -0.027316 1.435068 2.298275
v -0.027317 1.601430 2.298026
v -0.027318 1.663692 2.297701
v -0.022769 1.675311 2.141334
v -0.025820 1.675882 2.141575
v -0.027316 1.676646 2.141866
v -0.022769 1.674652 2.250116
v -0.025821 1.675193 2.250377
v -0.022770 1.673781 2.290532
v -0.025821 1.674288 2.290792
v -0.029040 1.683319 2.145106
v -0.029041 1.682435 2.254460
v -0.029041 1.681261 2.295204
v -0.028779 1.679810 2.252537
v -0.028779 1.678663 2.293109
v -0.028429 1.678882 2.142617
v -0.029040 1.439316 2.302910
v -0.028778 1.437262 2.300511
v -0.028429 1.436148 2.299284
v -0.029041 1.606475 2.302577
v -0.028779 1.604135 2.300224
v -0.028429 1.602801 2.299020
v -0.029041 1.669294 2.302137
v -0.028779 1.666806 2.299848
v -0.028430 1.665314 2.298676
v -0.022769 1.675311 0.258667
v -0.022769 1.674652 0.149884
v -0.022770 1.673781 0.109468
v -0.025820 1.675882 0.258425
v -0.025821 1.675193 0.149623
v -0.025821 1.674289 0.109208
v -0.027316 1.676646 0.258134
v -0.027317 1.675920 0.149303
v -0.027318 1.674969 0.108880
v -0.022769 1.434359 0.102300
v -0.025820 1.434673 0.102053
v -0.027316 1.435068 0.101726
v -0.022769 1.600564 0.102547
v -0.025821 1.600943 0.102300
v -0.027317 1.601430 0.101974
v -0.022770 1.662702 0.102872
v -0.025821 1.663130 0.102623
v -0.027318 1.663692 0.102299
v -0.029040 1.439316 0.097090
v -0.029041 1.606475 0.097423
v -0.029041 1.669294 0.097863
v -0.028778 1.437262 0.099489
v -0.028779 1.604134 0.099776
v -0.028779 1.666806 0.100152
v -0.028429 1.436148 0.100717
v -0.028429 1.602801 0.100980
v -0.028430 1.665314 0.101324
v -0.029040 1.683319 0.254894
v -0.028778 1.680678 0.256543
v -0.029041 1.682435 0.145540
v -0.028779 1.679810 0.147463
v -0.028429 1.678057 0.148443
v -0.029041 1.681261 0.104796
v -0.028779 1.678663 0.106891
v -0.028430 1.676973 0.107961
v -0.022769 -1.434358 0.102300
v -0.022769 -1.600564 0.102547
v -0.022770 -1.662702 0.102872
v -0.025820 -1.434673 0.102053
v -0.025821 -1.600943 0.102300
v -0.025821 -1.663130 0.102623
v -0.027316 -1.435068 0.101726
v -0.027317 -1.601430 0.101974
v -0.027318 -1.663692 0.102299
v -0.022769 -1.675311 0.258667
v -0.025820 -1.675882 0.258425
v -0.027316 -1.676646 0.258134
v -0.022769 -1.674652 0.149884
v -0.025821 -1.675193 0.149623
v -0.027317 -1.675920 0.149303
v -0.022770 -1.673781 0.109468
v -0.025821 -1.674288 0.109208
v -0.027318 -1.674969 0.108880
v -0.029040 -1.683319 0.254894
v -0.029041 -1.682435 0.145540
v -0.029041 -1.681261 0.104796
v -0.028778 -1.680678 0.256543
v -0.028779 -1.679810 0.147463
v -0.028779 -1.678663 0.106891
v -0.028429 -1.678057 0.148443
v -0.028430 -1.676973 0.107961
v -0.029040 -1.439315 0.097090
v -0.028778 -1.437262 0.099489
v -0.028429 -1.436148 0.100717
v -0.029041 -1.606475 0.097423
v -0.028779 -1.604134 0.099776
v -0.028429 -1.602801 0.100980
v -0.029041 -1.669294 0.097863
v -0.028779 -1.666806 0.100153
v -0.028430 -1.665314 0.101324
v -0.026237 -1.476457 2.345309
v -0.026361 -1.711325 2.344328
v -0.027116 -1.646265 2.344088
v -0.027159 -1.710054 2.343432
v -0.027684 -1.474451 2.343853
v -0.026237 -1.724214 2.180899
v -0.027062 -1.722744 2.179602
v -0.027684 -1.721298 2.178205
v -0.026306 -1.723517 2.294487
v -0.027116 -1.722095 2.293181
v -0.027722 -1.720705 2.291782
v -0.026361 -1.722622 2.336893
v -0.027159 -1.721251 2.335703
v -0.027753 -1.719923 2.334438
v -0.029083 -1.713065 2.170788
v -0.029087 -1.712639 2.283999
v -0.029091 -1.712068 2.326942
v -0.028852 -1.715969 2.173333
v -0.028861 -1.715532 2.286780
v -0.028867 -1.714945 2.329760
v -0.028547 -1.718109 2.175212
v -0.028562 -1.717630 2.288759
v -0.028574 -1.716989 2.331674
v -0.029083 -1.468571 2.338060
v -0.028852 -1.470959 2.340680
v -0.028547 -1.472468 2.342178
v -0.029087 -1.638389 2.337199
v -0.028861 -1.641074 2.339855
v -0.029091 -1.701567 2.336048
v -0.028867 -1.704381 2.338750
v -0.028574 -1.706269 2.340411
v -0.026237 1.476456 2.345309
v -0.027684 1.474451 2.343853
v -0.027116 1.646265 2.344088
v -0.026361 1.711325 2.344328
v -0.027159 1.710054 2.343432
v -0.029083 1.468571 2.338060
v -0.029087 1.638389 2.337199
v -0.029091 1.701567 2.336048
v -0.028852 1.470959 2.340680
v -0.028861 1.641074 2.339855
v -0.028867 1.704381 2.338750
v -0.028547 1.472468 2.342178
v -0.028562 1.642820 2.341423
v -0.028574 1.706269 2.340411
v -0.029083 1.713065 2.170788
v -0.028852 1.715969 2.173333
v -0.028547 1.718109 2.175212
v -0.029087 1.712639 2.283999
v -0.028861 1.715532 2.286780
v -0.028562 1.717630 2.288759
v -0.029091 1.712068 2.326942
v -0.028867 1.714945 2.329760
v -0.028574 1.716989 2.331674
v -0.026237 1.724214 2.180899
v -0.026306 1.723517 2.294487
v -0.026361 1.722622 2.336893
v -0.027062 1.722743 2.179602
v -0.027116 1.722095 2.293181
v -0.027159 1.721251 2.335703
v -0.027684 1.721298 2.178205
v -0.027722 1.720705 2.291782
v -0.027753 1.719923 2.334438
v -0.026237 1.724214 0.219101
v -0.027062 1.722743 0.220398
v -0.027684 1.721298 0.221795
v -0.026306 1.723517 0.105513
v -0.027116 1.722095 0.106819
v -0.027722 1.720705 0.108218
v -0.026361 1.722622 0.063107
v -0.027159 1.721251 0.064297
v -0.027753 1.719923 0.065562
v -0.029083 1.713065 0.229212
v -0.029087 1.712639 0.116001
v -0.029091 1.712068 0.073058
v -0.028852 1.715969 0.226667
v -0.028861 1.715532 0.113220
v -0.028867 1.714945 0.070240
v -0.028547 1.718109 0.224788
v -0.028562 1.717630 0.111242
v -0.028574 1.716989 0.068326
v -0.029083 1.468571 0.061940
v -0.028852 1.470959 0.059320
v -0.028547 1.472468 0.057822
v -0.029087 1.638389 0.062801
v -0.028861 1.641074 0.060145
v -0.028562 1.642820 0.058578
v -0.029091 1.701567 0.063953
v -0.028867 1.704381 0.061250
v -0.028574 1.706269 0.059589
v -0.026237 1.476457 0.054691
v -0.026306 1.647457 0.055117
v -0.026361 1.711325 0.055672
v -0.027159 1.710054 0.056568
v -0.027684 1.474451 0.056147
v -0.027722 1.645159 0.056728
v -0.026237 -1.476456 0.054691
v -0.027684 -1.474451 0.056147
v -0.026306 -1.647456 0.055117
v -0.027722 -1.645159 0.056728
v -0.026361 -1.711325 0.055672
v -0.027159 -1.710054 0.056568
v -0.029083 -1.468571 0.061940
v -0.029087 -1.638389 0.062801
v -0.029091 -1.701567 0.063952
v -0.028852 -1.470959 0.059320
v -0.028861 -1.641074 0.060145
v -0.028867 -1.704381 0.061250
v -0.028547 -1.472468 0.057822
v -0.028562 -1.642820 0.058578
v -0.028574 -1.706269 0.059589
v -0.029083 -1.713065 0.229212
v -0.028852 -1.715969 0.226667
v -0.028547 -1.718109 0.224788
v -0.029087 -1.712639 0.116001
v -0.028861 -1.715532 0.113220
v -0.028562 -1.717630 0.111242
v -0.029091 -1.712068 0.073058
v -0.028867 -1.714945 0.070240
v -0.028574 -1.716989 0.068327
v -0.026237 -1.724214 0.219101
v -0.026306 -1.723517 0.105513
v -0.026361 -1.722622 0.063107
v -0.027062 -1.722743 0.220398
v -0.027116 -1.722095 0.106819
v -0.027159 -1.721251 0.064297
v -0.027684 -1.721299 0.221795
v -0.027722 -1.720705 0.108218
v -0.027753 -1.719923 0.065562
v 0.017802 1.483813 0.050757
v 0.017867 1.655775 0.051065
v 0.017919 1.720098 0.051464
v 0.015662 1.484472 0.050327
v 0.015685 1.656592 0.050633
v 0.015704 1.721036 0.051037
v 0.017802 1.733455 0.214738
v 0.015662 1.734521 0.214472
v 0.017867 1.732689 0.100840
v 0.015685 1.733761 0.100511
v 0.017919 1.731701 0.058488
v 0.015704 1.732760 0.058110
v 0.011615 1.733455 0.214738
v 0.011551 1.732689 0.100840
v 0.011498 1.731700 0.058488
v 0.013756 1.734521 0.214472
v 0.013732 1.733761 0.100511
v 0.013713 1.732760 0.058110
v 0.011615 1.483813 0.050757
v 0.013756 1.484472 0.050327
v 0.011551 1.655775 0.051065
v 0.013732 1.656592 0.050633
v 0.011498 1.720098 0.051464
v 0.013713 1.721036 0.051037
v 0.002730 1.712446 0.054666
v 0.001791 1.477057 0.054258
v 0.001745 1.648083 0.054542
v 0.000821 1.711688 0.055022
v 0.002847 1.725409 0.217301
v 0.000864 1.724435 0.217530
v 0.002782 1.724681 0.103753
v 0.000840 1.723749 0.104026
v 0.001709 1.723173 0.061782
v -0.002845 1.725409 0.217301
v -0.002781 1.724681 0.103753
v -0.001707 1.723173 0.061782
v -0.000862 1.724435 0.217530
v -0.000839 1.723749 0.104026
v -0.001790 1.477057 0.054258
v -0.001744 1.648082 0.054542
v -0.002729 1.712447 0.054666
v -0.000820 1.711687 0.055022
v -0.017801 1.483813 0.050757
v -0.015660 1.484473 0.050327
v -0.017865 1.655775 0.051065
v -0.015684 1.656592 0.050633
v -0.017918 1.720098 0.051464
v -0.015703 1.721036 0.051037
v -0.011614 1.483813 0.050757
v -0.011549 1.655775 0.051065
v -0.011497 1.720098 0.051464
v -0.013754 1.484473 0.050327
v -0.013731 1.656593 0.050633
v -0.013712 1.721036 0.051037
v -0.011614 1.733455 0.214738
v -0.013754 1.734521 0.214472
v -0.011549 1.732689 0.100840
v -0.013731 1.733761 0.100511
v -0.011497 1.731701 0.058488
v -0.013712 1.732760 0.058110
v -0.017801 1.733455 0.214738
v -0.017865 1.732689 0.100840
v -0.017918 1.731700 0.058488
v -0.015660 1.734521 0.214472
v -0.015684 1.733761 0.100511
v -0.015703 1.732760 0.058110
v -0.017801 -1.483813 0.050757
v -0.017865 -1.655775 0.051065
v -0.016754 -1.720715 0.051188
v -0.015660 -1.484472 0.050327
v -0.017801 -1.733455 0.214738
v -0.015660 -1.734521 0.214472
v -0.017865 -1.732689 0.100840
v -0.015684 -1.733761 0.100511
v -0.016754 -1.732385 0.058239
v -0.011614 -1.733455 0.214738
v -0.011497 -1.731700 0.058488
v -0.012697 -1.733380 0.100620
v -0.013754 -1.734521 0.214472
v -0.013712 -1.732760 0.058110
v -0.011614 -1.483813 0.050757
v -0.013754 -1.484472 0.050327
v -0.012697 -1.656322 0.050787
v -0.012661 -1.720715 0.051188
v -0.002729 -1.712446 0.054666
v -0.001790 -1.477057 0.054258
v -0.001744 -1.648082 0.054542
v -0.000820 -1.711688 0.055022
v -0.002846 -1.725409 0.217301
v -0.000862 -1.724435 0.217530
v -0.002781 -1.724681 0.103753
v -0.000839 -1.723749 0.104026
v -0.001707 -1.723173 0.061782
v 0.002847 -1.725409 0.217301
v 0.002782 -1.724681 0.103753
v 0.002730 -1.723759 0.061573
v 0.000863 -1.724435 0.217530
v 0.000840 -1.723749 0.104026
v 0.002847 -1.477456 0.054001
v 0.000863 -1.476888 0.054394
v 0.002782 -1.648552 0.054294
v 0.000840 -1.647874 0.054670
v 0.002730 -1.712447 0.054666
v 0.000821 -1.711687 0.055022
v 0.017802 -1.483813 0.050757
v 0.016719 -1.656322 0.050787
v 0.017919 -1.720098 0.051464
v 0.015704 -1.721036 0.051037
v 0.011550 -1.655775 0.051065
v 0.011498 -1.720098 0.051464
v 0.012744 -1.484262 0.050479
v 0.013713 -1.721036 0.051037
v 0.011615 -1.733455 0.214738
v 0.011550 -1.732689 0.100840
v 0.013732 -1.733761 0.100511
v 0.011498 -1.731700 0.058488
v 0.017866 -1.732689 0.100840
v 0.016673 -1.734143 0.214557
v 0.016755 -1.732385 0.058239
v 0.015685 -1.733761 0.100511
v 0.017919 -1.720098 2.348536
v 0.016673 -1.484262 2.349521
v 0.016719 -1.656322 2.349214
v 0.015704 -1.721036 2.348963
v 0.017802 -1.733455 2.185262
v 0.015662 -1.734521 2.185528
v 0.017867 -1.732689 2.299160
v 0.015685 -1.733761 2.299489
v 0.017919 -1.731700 2.341512
v 0.015704 -1.732760 2.341890
v 0.011615 -1.733455 2.185262
v 0.011551 -1.732689 2.299160
v 0.011498 -1.731700 2.341512
v 0.013756 -1.734521 2.185528
v 0.013732 -1.733761 2.299489
v 0.013713 -1.732760 2.341890
v 0.011615 -1.483813 2.349244
v 0.012698 -1.656322 2.349214
v 0.011498 -1.720098 2.348536
v 0.013713 -1.721036 2.348963
v 0.002847 -1.477456 2.345999
v 0.002782 -1.648552 2.345706
v 0.002730 -1.712447 2.345334
v 0.000864 -1.476888 2.345607
v 0.000840 -1.647874 2.345330
v 0.000821 -1.711688 2.344979
v 0.002847 -1.725409 2.182699
v 0.000864 -1.724435 2.182470
v 0.002782 -1.724681 2.296247
v 0.000840 -1.723749 2.295974
v 0.002730 -1.723759 2.338427
v 0.000821 -1.722878 2.338121
v -0.002845 -1.725409 2.182699
v -0.002781 -1.724681 2.296247
v -0.002729 -1.723759 2.338427
v -0.000862 -1.724435 2.182470
v -0.000839 -1.723749 2.295974
v -0.000820 -1.722878 2.338121
v -0.002845 -1.477456 2.345999
v -0.000862 -1.476888 2.345606
v -0.002781 -1.648552 2.345706
v -0.000839 -1.647874 2.345330
v -0.002729 -1.712447 2.345334
v -0.000820 -1.711687 2.344979
v -0.016672 -1.484262 2.349521
v -0.016718 -1.656322 2.349214
v -0.016754 -1.720715 2.348812
v -0.012743 -1.484262 2.349521
v -0.012697 -1.656322 2.349214
v -0.012661 -1.720715 2.348812
v -0.011614 -1.733455 2.185262
v -0.013754 -1.734521 2.185528
v -0.011549 -1.732689 2.299160
v -0.013731 -1.733761 2.299489
v -0.012661 -1.732385 2.341761
v -0.017801 -1.733455 2.185262
v -0.017866 -1.732689 2.299160
v -0.016754 -1.732385 2.341761
v -0.015660 -1.734521 2.185528
v -0.015684 -1.733761 2.299489
v -0.017801 1.483813 2.349243
v -0.017918 1.720098 2.348536
v -0.016718 1.656322 2.349214
v -0.015660 1.484472 2.349673
v -0.015703 1.721036 2.348963
v -0.016672 1.734143 2.185444
v -0.017866 1.732689 2.299160
v -0.015684 1.733761 2.299489
v -0.017918 1.731700 2.341512
v -0.015703 1.732760 2.341890
v -0.011614 1.733455 2.185262
v -0.011549 1.732689 2.299160
v -0.011497 1.731700 2.341512
v -0.013731 1.733761 2.299489
v -0.013712 1.732760 2.341890
v -0.011614 1.483813 2.349243
v -0.013754 1.484472 2.349673
v -0.011549 1.655775 2.348935
v -0.011497 1.720098 2.348536
v -0.013712 1.721036 2.348963
v -0.002846 1.477456 2.345999
v -0.002781 1.648552 2.345706
v -0.002729 1.712446 2.345334
v -0.000862 1.476888 2.345607
v -0.000839 1.647874 2.345330
v -0.000820 1.711688 2.344979
v -0.002846 1.725409 2.182699
v -0.000862 1.724435 2.182470
v -0.002781 1.724681 2.296247
v -0.000839 1.723749 2.295974
v -0.001708 1.723173 2.338218
v 0.002847 1.725409 2.182699
v 0.002782 1.724681 2.296247
v 0.001708 1.723173 2.338218
v 0.000863 1.724435 2.182470
v 0.000840 1.723749 2.295974
v 0.002847 1.477456 2.345999
v 0.000863 1.476888 2.345606
v 0.002782 1.648552 2.345706
v 0.000840 1.647874 2.345330
v 0.002730 1.712447 2.345334
v 0.000821 1.711687 2.344979
v 0.016673 1.484262 2.349521
v 0.017866 1.655775 2.348935
v 0.015685 1.656592 2.349367
v 0.017919 1.720098 2.348536
v 0.015704 1.721036 2.348963
v 0.011615 1.483813 2.349243
v 0.011550 1.655775 2.348935
v 0.011498 1.720098 2.348536
v 0.013755 1.484473 2.349673
v 0.013732 1.656593 2.349367
v 0.013713 1.721036 2.348963
v 0.011615 1.733455 2.185262
v 0.013755 1.734521 2.185528
v 0.011550 1.732689 2.299160
v 0.013732 1.733761 2.299489
v 0.011498 1.731700 2.341512
v 0.013713 1.732760 2.341890
v 0.017802 1.733454 2.185262
v 0.017919 1.731700 2.341512
v 0.016718 1.733380 2.299380
v 0.015661 1.734521 2.185528
v 0.015704 1.732760 2.341890
v 0.029041 -0.609993 2.303283
v 0.029041 0.000000 2.303330
v 0.029041 0.609994 2.303283
v 0.028778 -0.609145 2.300834
v 0.028778 0.000000 2.300874
v 0.028778 0.609145 2.300834
v 0.028429 -0.608713 2.299581
v 0.028428 0.000000 2.299618
v 0.028429 0.608713 2.299581
v 0.027316 -0.608329 2.298555
v 0.027316 0.000000 2.298590
v 0.027316 0.608329 2.298555
v 0.025820 -0.608181 2.298224
v 0.025820 0.000000 2.298259
v 0.025820 0.608181 2.298224
v 0.022770 -0.608059 2.297976
v 0.022769 0.000000 2.298011
v 0.022770 0.608059 2.297976
v 0.022770 1.676048 0.800817
v 0.022769 1.676140 1.200000
v 0.022770 1.676049 1.599183
v 0.025820 1.676654 0.800710
v 0.025820 1.676751 1.200000
v 0.025820 1.676654 1.599290
v 0.027316 1.677463 0.800585
v 0.027316 1.677464 1.599415
v 0.028429 1.679807 0.800276
v 0.028429 1.679807 1.599725
v 0.028778 1.681769 1.200000
v 0.029041 1.684304 0.799276
v 0.029041 1.684304 1.600724
v 0.029041 0.609993 0.096717
v 0.029041 0.000000 0.096670
v 0.029041 -0.609993 0.096717
v 0.028779 0.609145 0.099166
v 0.028778 0.000000 0.099126
v 0.028779 -0.609145 0.099166
v 0.028429 0.608713 0.100419
v 0.028428 0.000000 0.100382
v 0.028429 -0.608713 0.100419
v 0.027316 0.608329 0.101445
v 0.027316 0.000000 0.101410
v 0.027316 -0.608329 0.101445
v 0.025820 0.608181 0.101776
v 0.025820 0.000000 0.101741
v 0.025820 -0.608181 0.101776
v 0.022770 0.608059 0.102024
v 0.022770 0.000000 0.101989
v 0.022770 -0.608059 0.102024
v 0.029041 -1.684304 0.799276
v 0.029041 -1.684426 1.200000
v 0.029041 -1.684304 1.600724
v 0.028779 -1.681648 0.799939
v 0.028428 -1.679922 1.200000
v 0.028429 -1.679807 1.599725
v 0.027316 -1.677565 1.200000
v 0.027316 -1.677463 1.599415
v 0.025820 -1.676654 0.800710
v 0.025820 -1.676751 1.200000
v 0.025820 -1.676654 1.599290
v 0.022770 -1.676048 0.800817
v 0.022770 -1.676140 1.200000
v 0.022770 -1.676048 1.599183
v 0.026136 -0.625945 2.345791
v 0.026974 0.000000 2.345214
v 0.026984 0.625510 2.345145
v 0.027629 -0.625119 2.344501
v 0.028527 -0.624333 2.343015
v 0.028841 -0.623720 2.341593
v 0.028840 0.000000 2.341707
v 0.028841 0.623720 2.341593
v 0.029078 -0.622717 2.339013
v 0.029077 0.000000 2.339131
v 0.029078 0.622717 2.339013
v 0.029078 1.713535 0.788779
v 0.029077 1.713594 1.200000
v 0.029078 1.713536 1.611221
v 0.028841 1.716452 0.787674
v 0.028841 1.716452 1.612326
v 0.026974 1.723570 1.200000
v 0.026984 1.723478 1.615247
v 0.026136 1.725010 0.784140
v 0.026136 -0.625945 0.054209
v 0.026984 0.625510 0.054855
v 0.026974 -0.000000 0.054786
v 0.028841 0.623720 0.058407
v 0.028840 0.000000 0.058293
v 0.028841 -0.623720 0.058407
v 0.029078 0.622717 0.060988
v 0.029077 0.000000 0.060869
v 0.029078 -0.622717 0.060988
v 0.026136 -1.725010 0.784140
v 0.026136 -1.725010 1.615860
v 0.026974 -1.723570 1.200000
v 0.027629 -1.721965 0.785416
v 0.027629 -1.721965 1.614584
v 0.028527 -1.718639 0.786825
v 0.028527 -1.718639 1.613175
v 0.028841 -1.716452 0.787674
v 0.028840 -1.716512 1.200000
v 0.028841 -1.716452 1.612326
v 0.029078 -1.713535 0.788779
v 0.029078 -1.713535 1.611221
v 0.029341 -1.459717 2.327600
v 0.029371 -1.453715 2.320338
v 0.029332 -1.447764 2.313108
v 0.029342 -1.628703 2.326830
v 0.029371 -1.622198 2.319684
v 0.029333 -1.615745 2.312582
v 0.029343 -1.691739 2.325801
v 0.029372 -1.685211 2.318810
v 0.029333 -1.678733 2.311882
v 0.029343 -1.702619 2.317095
v 0.029372 -1.696483 2.310574
v 0.029333 -1.690387 2.304164
v 0.029342 -1.703347 2.274693
v 0.029371 -1.697365 2.268635
v 0.029333 -1.691420 2.262711
v 0.029341 -1.703893 2.162583
v 0.029371 -1.698025 2.157326
v 0.029332 -1.692194 2.152208
v 0.029332 1.447764 2.313108
v 0.029371 1.453715 2.320338
v 0.029341 1.459717 2.327600
v 0.029333 1.615745 2.312582
v 0.029371 1.622198 2.319683
v 0.029342 1.628703 2.326830
v 0.029333 1.678733 2.311882
v 0.029372 1.685211 2.318810
v 0.029343 1.691739 2.325801
v 0.029333 1.690387 2.304164
v 0.029372 1.696483 2.310574
v 0.029343 1.702619 2.317095
v 0.029333 1.691420 2.262711
v 0.029371 1.697365 2.268635
v 0.029342 1.703347 2.274693
v 0.029332 1.692194 2.152208
v 0.029371 1.698025 2.157326
v 0.029341 1.703893 2.162583
v 0.029332 1.692194 0.247793
v 0.029371 1.698025 0.242674
v 0.029341 1.703892 0.237417
v 0.029333 1.691420 0.137290
v 0.029371 1.697365 0.131365
v 0.029342 1.703348 0.125307
v 0.029333 1.690387 0.095836
v 0.029372 1.696483 0.089426
v 0.029343 1.702619 0.082905
v 0.029333 1.678733 0.088118
v 0.029372 1.685211 0.081190
v 0.029343 1.691739 0.074199
v 0.029333 1.615745 0.087418
v 0.029371 1.622198 0.080317
v 0.029342 1.628703 0.073170
v 0.029332 1.447764 0.086891
v 0.029371 1.453715 0.079662
v 0.029341 1.459717 0.072400
v 0.029332 -1.447764 0.086892
v 0.029371 -1.453715 0.079662
v 0.029341 -1.459717 0.072399
v 0.029333 -1.615745 0.087418
v 0.029371 -1.622198 0.080317
v 0.029342 -1.628703 0.073170
v 0.029333 -1.678733 0.088119
v 0.029372 -1.685212 0.081190
v 0.029343 -1.691739 0.074199
v 0.029333 -1.690387 0.095836
v 0.029372 -1.696483 0.089426
v 0.029343 -1.702619 0.082905
v 0.029333 -1.691420 0.137290
v 0.029371 -1.697365 0.131365
v 0.029342 -1.703347 0.125307
v 0.029332 -1.692194 0.247793
v 0.029371 -1.698025 0.242674
v 0.029341 -1.703893 0.237417
v -0.022768 -0.608059 2.297976
v -0.022768 0.000000 2.298011
v -0.022768 0.608059 2.297976
v -0.025819 -0.608181 2.298224
v -0.025819 0.000000 2.298259
v -0.025819 0.608181 2.298224
v -0.027315 -0.608329 2.298555
v -0.027315 0.000000 2.298590
v -0.027315 0.608329 2.298555
v -0.028427 -0.608713 2.299581
v -0.028427 0.000000 2.299618
v -0.028427 0.608713 2.299581
v -0.028777 -0.609145 2.300834
v -0.028777 0.000000 2.300874
v -0.028777 0.609145 2.300834
v -0.029040 -0.609993 2.303283
v -0.029040 0.000000 2.303330
v -0.029040 0.609993 2.303283
v -0.029040 1.684304 0.799276
v -0.029040 1.684426 1.200000
v -0.029040 1.684304 1.600724
v -0.028777 1.681648 1.600062
v -0.028427 1.679807 0.800275
v -0.027315 1.677463 0.800585
v -0.025819 1.676654 0.800710
v -0.025819 1.676751 1.200000
v -0.025819 1.676655 1.599290
v -0.022768 1.676048 0.800817
v -0.022768 1.676140 1.200000
v -0.022768 1.676049 1.599183
v -0.022768 0.608059 0.102024
v -0.022768 0.000000 0.101989
v -0.022768 -0.608059 0.102024
v -0.025819 0.608181 0.101776
v -0.025819 0.000000 0.101741
v -0.025819 -0.608181 0.101776
v -0.027315 0.608329 0.101445
v -0.027315 0.000000 0.101410
v -0.027315 -0.608329 0.101445
v -0.028427 0.608713 0.100419
v -0.028427 0.000000 0.100382
v -0.028427 -0.608713 0.100419
v -0.028777 0.609145 0.099166
v -0.028777 0.000000 0.099126
v -0.028777 -0.609145 0.099166
v -0.029040 0.609994 0.096717
v -0.029040 0.000000 0.096670
v -0.029040 -0.609993 0.096717
v -0.022768 -1.676048 0.800817
v -0.022768 -1.676140 1.200000
v -0.022768 -1.676048 1.599183
v -0.025819 -1.676654 0.800710
v -0.025819 -1.676750 1.200000
v -0.025819 -1.676654 1.599290
v -0.027315 -1.677565 1.200000
v -0.028427 -1.679922 1.200000
v -0.028777 -1.681648 0.799939
v -0.028777 -1.681648 1.600061
v -0.029040 -1.684304 0.799276
v -0.029040 -1.684426 1.200000
v -0.029040 -1.684304 1.600724
v -0.029077 -0.622717 2.339013
v -0.029076 -0.000000 2.339131
v -0.029077 0.622717 2.339013
v -0.028840 -0.623720 2.341593
v -0.028839 -0.000000 2.341707
v -0.028840 0.623720 2.341593
v -0.028523 -0.000000 2.343119
v -0.027621 -0.000000 2.344581
v -0.026983 -0.625510 2.345145
v -0.026983 0.625510 2.345145
v -0.026122 -0.000000 2.345852
v -0.026135 1.725010 0.784140
v -0.026973 1.723570 1.200000
v -0.026983 1.723479 1.615247
v -0.027628 1.721965 0.785416
v -0.028526 1.718639 0.786825
v -0.028840 1.716452 0.787674
v -0.028839 1.716512 1.200000
v -0.028840 1.716452 1.612326
v -0.029077 1.713535 0.788779
v -0.029077 1.713535 1.611221
v -0.029077 0.622717 0.060988
v -0.029076 0.000000 0.060869
v -0.029077 -0.622717 0.060988
v -0.028840 0.623720 0.058407
v -0.028839 -0.000000 0.058293
v -0.028840 -0.623720 0.058407
v -0.028526 0.624333 0.056985
v -0.028523 0.000000 0.056881
v -0.028526 -0.624333 0.056985
v -0.027628 0.625119 0.055500
v -0.027621 0.000000 0.055419
v -0.027628 -0.625119 0.055499
v -0.026135 0.625945 0.054209
v -0.026122 0.000000 0.054148
v -0.026135 -0.625945 0.054209
v -0.029077 -1.713535 0.788779
v -0.029076 -1.713594 1.200000
v -0.029077 -1.713536 1.611221
v -0.028840 -1.716452 0.787674
v -0.028840 -1.716452 1.612326
v -0.028523 -1.718704 1.200000
v -0.026983 -1.723478 0.784753
v -0.026973 -1.723570 1.200000
v -0.026135 -1.725010 1.615860
v -0.029340 -1.703892 2.162583
v -0.029370 -1.698025 2.157326
v -0.029331 -1.692194 2.152207
v -0.029341 -1.703348 2.274693
v -0.029370 -1.697365 2.268635
v -0.029331 -1.691420 2.262711
v -0.029342 -1.702619 2.317095
v -0.029370 -1.696483 2.310574
v -0.029332 -1.690387 2.304164
v -0.029342 -1.691739 2.325801
v -0.029370 -1.685211 2.318810
v -0.029332 -1.678733 2.311882
v -0.029341 -1.628703 2.326830
v -0.029370 -1.622198 2.319683
v -0.029331 -1.615745 2.312582
v -0.029340 -1.459717 2.327600
v -0.029370 -1.453715 2.320338
v -0.029331 -1.447764 2.313109
v -0.029331 1.692194 2.152207
v -0.029370 1.698025 2.157326
v -0.029340 1.703892 2.162583
v -0.029331 1.691420 2.262711
v -0.029370 1.697365 2.268635
v -0.029341 1.703348 2.274693
v -0.029332 1.690387 2.304164
v -0.029370 1.696483 2.310574
v -0.029342 1.702619 2.317095
v -0.029332 1.678733 2.311882
v -0.029370 1.685211 2.318810
v -0.029342 1.691739 2.325801
v -0.029331 1.615745 2.312582
v -0.029370 1.622198 2.319683
v -0.029341 1.628703 2.326830
v -0.029331 1.447764 2.313109
v -0.029370 1.453715 2.320338
v -0.029340 1.459717 2.327600
v -0.029331 1.447764 0.086892
v -0.029370 1.453715 0.079662
v -0.029340 1.459717 0.072399
v -0.029331 1.615745 0.087418
v -0.029370 1.622198 0.080317
v -0.029341 1.628703 0.073170
v -0.029332 1.678733 0.088119
v -0.029370 1.685211 0.081190
v -0.029342 1.691739 0.074199
v -0.029332 1.690387 0.095836
v -0.029370 1.696483 0.089427
v -0.029342 1.702619 0.082905
v -0.029331 1.691420 0.137290
v -0.029370 1.697365 0.131365
v -0.029341 1.703347 0.125307
v -0.029331 1.692194 0.247793
v -0.029370 1.698025 0.242674
v -0.029340 1.703893 0.237417
v -0.029331 -1.692194 0.247793
v -0.029370 -1.698025 0.242674
v -0.029340 -1.703892 0.237417
v -0.029331 -1.691420 0.137290
v -0.029370 -1.697365 0.131365
v -0.029341 -1.703348 0.125307
v -0.029332 -1.690387 0.095836
v -0.029370 -1.696483 0.089426
v -0.029342 -1.702619 0.082905
v -0.029332 -1.678733 0.088119
v -0.029370 -1.685211 0.081190
v -0.029342 -1.691739 0.074199
v -0.029331 -1.615745 0.087418
v -0.029370 -1.622198 0.080317
v -0.029341 -1.628703 0.073170
v -0.029331 -1.447764 0.086891
v -0.029370 -1.453715 0.079662
v -0.029340 -1.459717 0.072400
v -0.020612 1.730989 0.215518
v -0.022215 1.729313 0.216154
v -0.023773 1.727531 0.216961
v -0.020700 1.730218 0.101735
v -0.022306 1.728545 0.102437
v -0.023862 1.726775 0.103304
v -0.020772 1.729240 0.059444
v -0.022379 1.727574 0.060163
v -0.023934 1.725817 0.061024
v -0.020772 1.717748 0.052461
v -0.022379 1.716117 0.053164
v -0.023934 1.714397 0.053957
v -0.020700 1.653582 0.052065
v -0.022306 1.652028 0.052759
v -0.023862 1.650383 0.053527
v -0.020612 1.481907 0.051753
v -0.022215 1.480527 0.052440
v -0.023773 1.479060 0.053191
v 0.020613 -1.730989 0.215518
v 0.022216 -1.729313 0.216154
v 0.023774 -1.727531 0.216961
v 0.020701 -1.730218 0.101735
v 0.022307 -1.728545 0.102437
v 0.023863 -1.726775 0.103304
v 0.020773 -1.729240 0.059444
v 0.022380 -1.727574 0.060163
v 0.023935 -1.725817 0.061024
v 0.020773 -1.717748 0.052461
v 0.022380 -1.716117 0.053163
v 0.023935 -1.714397 0.053957
v 0.020701 -1.653582 0.052065
v 0.022307 -1.652028 0.052759
v 0.023863 -1.650383 0.053527
v 0.020613 -1.481907 0.051753
v 0.022216 -1.480527 0.052440
v 0.023774 -1.479060 0.053191
v -0.020612 -1.730989 2.184482
v -0.022215 -1.729313 2.183846
v -0.023773 -1.727531 2.183039
v -0.020700 -1.730218 2.298265
v -0.022306 -1.728545 2.297563
v -0.023862 -1.726775 2.296696
v -0.020772 -1.729240 2.340556
v -0.022379 -1.727574 2.339837
v -0.023934 -1.725817 2.338976
v -0.020772 -1.717748 2.347539
v -0.022379 -1.716117 2.346837
v -0.023934 -1.714397 2.346044
v -0.020700 -1.653582 2.347936
v -0.022306 -1.652028 2.347241
v -0.023862 -1.650383 2.346473
v -0.020612 -1.481907 2.348247
v -0.022215 -1.480527 2.347560
v -0.023773 -1.479060 2.346809
v 0.020613 1.730989 2.184482
v 0.022216 1.729313 2.183846
v 0.023774 1.727531 2.183039
v 0.020701 1.730218 2.298265
v 0.022307 1.728545 2.297563
v 0.023863 1.726775 2.296696
v 0.020773 1.729240 2.340556
v 0.022380 1.727574 2.339837
v 0.023935 1.725817 2.338976
v 0.020773 1.717748 2.347539
v 0.022380 1.716117 2.346837
v 0.023935 1.714397 2.346044
v 0.020701 1.653582 2.347936
v 0.022307 1.652028 2.347241
v 0.023863 1.650383 2.346473
v 0.020613 1.481907 2.348248
v 0.022216 1.480527 2.347560
v 0.023774 1.479060 2.346809
v 0.009471 -1.674680 0.258956
v 0.000001 -1.674602 0.258992
v -0.009470 -1.674680 0.258956
v 0.009471 -1.674055 0.150192
v 0.000001 -1.673980 0.150230
v -0.009470 -1.674055 0.150192
v 0.009471 -1.673221 0.109772
v 0.000001 -1.673152 0.109810
v -0.009470 -1.673221 0.109772
v 0.009471 -1.662221 0.103153
v 0.000001 -1.662161 0.103188
v -0.009470 -1.662221 0.103153
v 0.009471 -1.600131 0.102823
v 0.000001 -1.600077 0.102858
v -0.009470 -1.600131 0.102823
v 0.009471 -1.433991 0.102575
v 0.000001 -1.433945 0.102610
v -0.009470 -1.433991 0.102575
v -0.009470 1.674681 0.258956
v 0.000001 1.674602 0.258992
v 0.009471 1.674681 0.258956
v -0.009470 1.674055 0.150192
v 0.000001 1.673980 0.150230
v 0.009471 1.674055 0.150192
v -0.009470 1.673222 0.109772
v 0.000001 1.673152 0.109810
v 0.009471 1.673222 0.109772
v -0.009470 1.662221 0.103153
v 0.000001 1.662161 0.103188
v 0.009471 1.662221 0.103153
v -0.009470 1.600131 0.102823
v 0.000001 1.600077 0.102858
v 0.009471 1.600131 0.102823
v -0.009470 1.433992 0.102575
v 0.000001 1.433946 0.102609
v 0.009471 1.433991 0.102575
v 0.009471 1.674681 2.141044
v 0.000001 1.674603 2.141008
v -0.009470 1.674681 2.141044
v 0.009471 1.674055 2.249809
v 0.000001 1.673980 2.249770
v -0.009470 1.674055 2.249809
v 0.009471 1.673222 2.290228
v 0.000001 1.673152 2.290190
v -0.009470 1.673222 2.290228
v 0.009471 1.662221 2.296847
v 0.000001 1.662161 2.296812
v -0.009470 1.662221 2.296847
v 0.009471 1.600132 2.297177
v 0.000001 1.600077 2.297143
v -0.009470 1.600131 2.297177
v 0.009471 1.433992 2.297425
v 0.000001 1.433945 2.297390
v -0.009470 1.433992 2.297425
v -0.009470 -1.674681 2.141044
v 0.000001 -1.674602 2.141008
v 0.009471 -1.674680 2.141044
v -0.009470 -1.674055 2.249809
v 0.000001 -1.673980 2.249770
v 0.009471 -1.674055 2.249809
v -0.009470 -1.673222 2.290228
v 0.000001 -1.673152 2.290190
v 0.009471 -1.673222 2.290228
v -0.009470 -1.662221 2.296847
v 0.000001 -1.662161 2.296812
v 0.009471 -1.662221 2.296847
v -0.009470 -1.600131 2.297177
v 0.000001 -1.600077 2.297143
v 0.009471 -1.600131 2.297177
v -0.009470 -1.433991 2.297425
v 0.000001 -1.433945 2.297390
v 0.009471 -1.433991 2.297425
v 0.023774 1.727531 0.216961
v 0.022216 1.729313 0.216154
v 0.020614 1.730989 0.215518
v 0.023863 1.726775 0.103304
v 0.022307 1.728545 0.102437
v 0.020701 1.730218 0.101735
v 0.023935 1.725817 0.061024
v 0.022381 1.727574 0.060163
v 0.020773 1.729240 0.059444
v 0.023935 1.714397 0.053957
v 0.022381 1.716117 0.053164
v 0.020773 1.717748 0.052461
v 0.023863 1.650383 0.053528
v 0.022307 1.652028 0.052759
v 0.020701 1.653582 0.052065
v 0.023774 1.479060 0.053191
v 0.022216 1.480527 0.052440
v 0.020614 1.481907 0.051753
v 0.008801 1.730998 0.215503
v 0.007180 1.729390 0.216037
v 0.005571 1.727791 0.216566
v 0.008713 1.730228 0.101721
v 0.007089 1.728620 0.102323
v 0.005483 1.727028 0.102918
v 0.008642 1.729249 0.059432
v 0.007016 1.727647 0.060063
v 0.005412 1.726064 0.060688
v 0.008642 1.717757 0.052452
v 0.007016 1.716190 0.053098
v 0.005412 1.714642 0.053737
v 0.008713 1.653591 0.052058
v 0.007089 1.652099 0.052706
v 0.005483 1.650622 0.053348
v 0.008801 1.481915 0.051747
v 0.007180 1.480592 0.052396
v 0.005571 1.479278 0.053041
v -0.005569 1.727791 0.216566
v -0.007179 1.729390 0.216037
v -0.008800 1.730998 0.215503
v -0.005482 1.727028 0.102918
v -0.007088 1.728620 0.102323
v -0.008712 1.730228 0.101721
v -0.005410 1.726064 0.060688
v -0.007015 1.727647 0.060063
v -0.008641 1.729249 0.059432
v -0.005410 1.714642 0.053737
v -0.007015 1.716190 0.053098
v -0.008641 1.717757 0.052452
v -0.005482 1.650622 0.053348
v -0.007088 1.652099 0.052706
v -0.008712 1.653591 0.052058
v -0.005569 1.479278 0.053041
v -0.007179 1.480592 0.052396
v -0.008800 1.481915 0.051747
v -0.023773 -1.727531 0.216961
v -0.022215 -1.729313 0.216154
v -0.020612 -1.730989 0.215518
v -0.023862 -1.726775 0.103304
v -0.022306 -1.728546 0.102437
v -0.020700 -1.730218 0.101735
v -0.023934 -1.725817 0.061024
v -0.022379 -1.727574 0.060163
v -0.020772 -1.729240 0.059444
v -0.023934 -1.714397 0.053957
v -0.022379 -1.716117 0.053164
v -0.020772 -1.717748 0.052461
v -0.023862 -1.650383 0.053528
v -0.022306 -1.652028 0.052759
v -0.020700 -1.653582 0.052065
v -0.023773 -1.479060 0.053191
v -0.022215 -1.480527 0.052440
v -0.020612 -1.481907 0.051753
v -0.008800 -1.730998 0.215503
v -0.007179 -1.729390 0.216037
v -0.005570 -1.727791 0.216566
v -0.008712 -1.730227 0.101721
v -0.007088 -1.728620 0.102323
v -0.005482 -1.727028 0.102918
v -0.008641 -1.729250 0.059432
v -0.007015 -1.727647 0.060063
v -0.005411 -1.726064 0.060688
v -0.008641 -1.717757 0.052452
v -0.007015 -1.716190 0.053098
v -0.005411 -1.714642 0.053737
v -0.008712 -1.653591 0.052058
v -0.007088 -1.652099 0.052706
v -0.005482 -1.650622 0.053348
v -0.008800 -1.481915 0.051747
v -0.007179 -1.480592 0.052396
v -0.005570 -1.479278 0.053041
v 0.005571 -1.727791 0.216566
v 0.007180 -1.729390 0.216037
v 0.008801 -1.730998 0.215503
v 0.005483 -1.727028 0.102918
v 0.007089 -1.728620 0.102323
v 0.008713 -1.730227 0.101721
v 0.005412 -1.726064 0.060688
v 0.007016 -1.727647 0.060063
v 0.008642 -1.729249 0.059432
v 0.005412 -1.714642 0.053737
v 0.007016 -1.716190 0.053098
v 0.008642 -1.717757 0.052452
v 0.005483 -1.650622 0.053348
v 0.007089 -1.652099 0.052706
v 0.008713 -1.653591 0.052058
v 0.005571 -1.479278 0.053041
v 0.007180 -1.480592 0.052396
v 0.008801 -1.481915 0.051747
v 0.023774 -1.727531 2.183039
v 0.022216 -1.729313 2.183846
v 0.020614 -1.730989 2.184482
v 0.023863 -1.726775 2.296696
v 0.022307 -1.728546 2.297563
v 0.020701 -1.730218 2.298265
v 0.023935 -1.725817 2.338976
v 0.022381 -1.727574 2.339837
v 0.020773 -1.729240 2.340556
v 0.023935 -1.714397 2.346044
v 0.022381 -1.716117 2.346837
v 0.020773 -1.717748 2.347539
v 0.023863 -1.650383 2.346473
v 0.022307 -1.652028 2.347241
v 0.020701 -1.653582 2.347935
v 0.023774 -1.479060 2.346809
v 0.022216 -1.480527 2.347560
v 0.020614 -1.481907 2.348247
v 0.008801 -1.730998 2.184497
v 0.007180 -1.729390 2.183963
v 0.005571 -1.727791 2.183434
v 0.008713 -1.730228 2.298279
v 0.007089 -1.728620 2.297678
v 0.005483 -1.727028 2.297082
v 0.008642 -1.729249 2.340569
v 0.007016 -1.727647 2.339937
v 0.005412 -1.726064 2.339312
v 0.008642 -1.717757 2.347548
v 0.007016 -1.716190 2.346902
v 0.005412 -1.714641 2.346263
v 0.008713 -1.653591 2.347942
v 0.007089 -1.652099 2.347294
v 0.005483 -1.650622 2.346652
v 0.008801 -1.481915 2.348253
v 0.007180 -1.480592 2.347604
v 0.005571 -1.479278 2.346960
v -0.005570 -1.727791 2.183434
v -0.007179 -1.729390 2.183963
v -0.008800 -1.730998 2.184497
v -0.005482 -1.727028 2.297082
v -0.007088 -1.728620 2.297678
v -0.008712 -1.730228 2.298279
v -0.005410 -1.726064 2.339313
v -0.007015 -1.727647 2.339937
v -0.008641 -1.729249 2.340569
v -0.005410 -1.714642 2.346263
v -0.007015 -1.716190 2.346902
v -0.008641 -1.717757 2.347548
v -0.005482 -1.650622 2.346652
v -0.007088 -1.652099 2.347294
v -0.008712 -1.653591 2.347942
v -0.005570 -1.479278 2.346960
v -0.007179 -1.480592 2.347604
v -0.008800 -1.481915 2.348253
v -0.023773 1.727531 2.183039
v -0.022215 1.729313 2.183846
v -0.020612 1.730989 2.184482
v -0.023862 1.726775 2.296696
v -0.022306 1.728546 2.297563
v -0.020700 1.730218 2.298265
v -0.023934 1.725817 2.338976
v -0.022379 1.727574 2.339837
v -0.020772 1.729240 2.340556
v -0.023934 1.714397 2.346044
v -0.022379 1.716117 2.346837
v -0.020772 1.717748 2.347539
v -0.023862 1.650383 2.346473
v -0.022306 1.652028 2.347241
v -0.020700 1.653582 2.347935
v -0.023773 1.479060 2.346809
v -0.022215 1.480527 2.347560
v -0.020612 1.481907 2.348247
v -0.008800 1.730998 2.184497
v -0.007179 1.729390 2.183963
v -0.005570 1.727791 2.183434
v -0.008712 1.730227 2.298279
v -0.007088 1.728620 2.297678
v -0.005482 1.727028 2.297082
v -0.008641 1.729250 2.340569
v -0.007015 1.727647 2.339937
v -0.005411 1.726064 2.339312
v -0.008641 1.717757 2.347548
v -0.007015 1.716190 2.346902
v -0.005411 1.714642 2.346263
v -0.008712 1.653591 2.347942
v -0.007088 1.652099 2.347294
v -0.005482 1.650622 2.346652
v -0.008800 1.481915 2.348253
v -0.007179 1.480592 2.347604
v -0.005570 1.479278 2.346959
v 0.005571 1.727791 2.183434
v 0.007180 1.729390 2.183963
v 0.008801 1.730998 2.184497
v 0.005483 1.727028 2.297082
v 0.007089 1.728620 2.297678
v 0.008713 1.730227 2.298279
v 0.005411 1.726064 2.339312
v 0.007016 1.727647 2.339937
v 0.008642 1.729249 2.340569
v 0.005411 1.714642 2.346263
v 0.007016 1.716190 2.346902
v 0.008642 1.717757 2.347548
v 0.005483 1.650622 2.346652
v 0.007089 1.652099 2.347294
v 0.008713 1.653591 2.347942
v 0.005571 1.479278 2.346960
v 0.007180 1.480592 2.347604
v 0.008801 1.481915 2.348253
v 0.011710 1.734328 1.617796
v 0.011722 1.734437 1.200000
v 0.011710 1.734328 0.782204
v 0.013790 1.735373 1.617893
v 0.013795 1.735480 1.200000
v 0.013790 1.735373 0.782107
v 0.015627 1.735373 1.617894
v 0.015622 1.735480 1.200000
v 0.015627 1.735373 0.782107
v 0.017707 1.734328 1.617796
v 0.017695 1.734437 1.200000
v 0.017707 1.734328 0.782204
v -0.002941 1.726251 1.616733
v -0.001865 1.725688 1.200000
v -0.001857 1.725586 0.783331
v 0.001866 1.725688 1.200000
v 0.001858 1.725586 0.783331
v 0.002942 1.726251 1.616733
v -0.017706 1.734328 1.617796
v -0.017694 1.734437 1.200000
v -0.017706 1.734328 0.782204
v -0.015626 1.735373 1.617893
v -0.015621 1.735480 1.200000
v -0.015626 1.735373 0.782107
v -0.013789 1.735373 1.617893
v -0.013794 1.735480 1.200000
v -0.013789 1.735373 0.782107
v -0.011709 1.734328 1.617796
v -0.011721 1.734437 1.200000
v -0.011709 1.734328 0.782204
v 0.011710 -1.734328 0.782204
v 0.011722 -1.734437 1.200000
v 0.011710 -1.734328 1.617796
v 0.013790 -1.735373 0.782107
v 0.015627 -1.735373 0.782107
v 0.016597 -1.735112 1.200000
v 0.016606 -1.735005 1.617864
v 0.017707 -1.734328 0.782204
v -0.002941 -1.726251 0.783267
v -0.002953 -1.726356 1.200000
v -0.002941 -1.726251 1.616733
v -0.000897 -1.725227 0.783356
v -0.000901 -1.725326 1.200000
v -0.000897 -1.725227 1.616644
v 0.000898 -1.725227 0.783356
v 0.000903 -1.725326 1.200000
v 0.000898 -1.725227 1.616644
v 0.002942 -1.726251 0.783267
v 0.002954 -1.726356 1.200000
v 0.002942 -1.726251 1.616733
v -0.017706 -1.734328 0.782204
v -0.017694 -1.734437 1.200000
v -0.016605 -1.735005 1.617865
v -0.015626 -1.735373 0.782107
v -0.015621 -1.735480 1.200000
v -0.013789 -1.735373 0.782107
v -0.013794 -1.735480 1.200000
v -0.012810 -1.735005 1.617865
v -0.011709 -1.734328 0.782204
v -0.011721 -1.734437 1.200000
v 0.011710 0.629015 2.349596
v 0.012811 -0.629185 2.349869
v 0.012820 0.000000 2.349912
v 0.016606 -0.629185 2.349868
v 0.016597 -0.000000 2.349912
v 0.016606 0.629185 2.349868
v -0.002941 -0.626379 2.346339
v -0.002941 0.626379 2.346339
v -0.001865 -0.000000 2.346112
v -0.000897 -0.626157 2.345926
v -0.000897 0.626157 2.345926
v 0.000898 -0.626157 2.345926
v 0.001866 -0.000000 2.346112
v 0.001858 0.626220 2.346071
v 0.002942 -0.626379 2.346339
v -0.016605 -0.629185 2.349869
v -0.016596 -0.000000 2.349912
v -0.016605 0.629185 2.349869
v -0.012810 -0.629185 2.349868
v -0.012819 -0.000000 2.349912
v -0.012810 0.629185 2.349868
v 0.011710 0.629015 0.050404
v 0.011722 0.000000 0.050361
v 0.011710 -0.629015 0.050404
v 0.013790 0.629257 0.049983
v 0.013795 0.000000 0.049940
v 0.013790 -0.629257 0.049983
v 0.015627 0.629257 0.049983
v 0.015627 -0.629257 0.049983
v 0.016597 -0.000000 0.050088
v 0.017707 0.629015 0.050405
v 0.017707 -0.629015 0.050405
v -0.002941 -0.626379 0.053661
v -0.001857 0.626220 0.053930
v -0.001865 0.000000 0.053889
v -0.000897 -0.626157 0.054074
v 0.000898 -0.626157 0.054074
v 0.001858 0.626221 0.053930
v 0.002954 0.000000 0.053619
v 0.002942 -0.626379 0.053661
v -0.017706 0.629015 0.050404
v -0.017694 0.000000 0.050361
v -0.017706 -0.629015 0.050404
v -0.015626 0.629257 0.049983
v -0.015621 0.000000 0.049940
v -0.015626 -0.629257 0.049983
v -0.013789 0.629257 0.049983
v -0.013794 0.000000 0.049940
v -0.013789 -0.629257 0.049983
v -0.011709 0.629015 0.050405
v -0.011721 0.000000 0.050361
v -0.011709 -0.629015 0.050405
v 0.023643 0.627041 2.347197
v 0.023626 0.000000 2.347245
v 0.023643 -0.627041 2.347197
v 0.022081 0.627660 2.347928
v 0.022064 0.000000 2.347974
v 0.022081 -0.627660 2.347928
v 0.020484 0.628238 2.348607
v 0.020467 0.000000 2.348652
v 0.020484 -0.628238 2.348607
v 0.431269 -0.750406 2.060190
v 0.431269 0.588102 2.060190
v 0.431269 -0.761805 2.155766
v 0.431269 -0.750391 2.136651
v 0.431269 0.599527 2.155766
v 0.413062 0.991249 2.041074
v 0.394856 0.991249 2.155766
v 0.431269 0.922730 2.060190
v 0.394856 0.922730 2.155766
v 0.431269 0.922730 2.136651
v 0.413062 0.922730 2.155766
v 0.413063 -1.153528 2.060190
v 0.413063 -1.142113 2.041074
v 0.413063 -1.142108 2.155766
v 0.413063 -1.153528 2.136651
v 0.413063 -1.096454 2.041074
v 0.413063 -1.085034 2.060190
v 0.413063 -1.096429 2.155766
v 0.413063 -1.085014 2.136651
v 0.322029 -1.153528 2.060190
v 0.322029 -1.142113 2.041074
v 0.322029 -1.142108 2.155766
v 0.322029 -1.153528 2.136651
v 0.322029 -1.096454 2.041074
v 0.322029 -1.085034 2.060190
v 0.322029 -1.085014 2.136651
v 0.322029 -1.096429 2.155766
v 0.507330 0.616563 2.041074
v 0.510304 0.614998 2.060190
v 0.497814 0.871675 2.041074
v 0.496266 0.991249 2.060190
v 0.505710 0.800145 2.041074
v 0.510125 0.976528 2.060190
v 0.505410 0.808280 2.041074
v 0.497814 0.871675 2.155766
v 0.496266 0.991249 2.136651
v 0.496266 0.991249 2.155766
v 0.510304 0.614998 2.136651
v 0.507330 0.616564 2.155766
v 0.510304 0.963067 2.155766
v 0.505410 0.808281 2.155766
v 0.505710 0.800145 2.155766
v 0.510125 0.976528 2.136651
v 0.510125 0.976528 2.155766
v 0.497814 -1.033955 2.041074
v 0.496266 -1.153528 2.060190
v 0.509266 -1.153528 2.060190
v 0.510304 -0.777277 2.060190
v 0.507330 -0.778843 2.041074
v 0.505410 -0.970561 2.041074
v 0.505710 -0.962425 2.041074
v 0.507330 -0.778843 2.155766
v 0.510304 -0.777277 2.136651
v 0.510281 -1.127694 2.155766
v 0.497814 -1.033954 2.155766
v 0.496266 -1.153528 2.136651
v 0.509266 -1.153528 2.136651
v 0.505710 -0.962425 2.155766
v 0.510125 -1.138808 2.136651
v 0.505410 -0.970560 2.155766
v 0.414580 0.991249 2.041472
v 0.418539 0.991249 2.042269
v 0.430131 0.991249 2.054440
v 0.430890 0.991249 2.058597
v 0.431222 0.991249 2.059990
v 0.431269 0.983264 2.041074
v 0.431269 0.979948 2.041074
v 0.431269 0.986431 2.041074
v 0.414580 0.991249 2.155368
v 0.418539 0.991249 2.154572
v 0.430131 0.991249 2.142401
v 0.431222 0.991249 2.136850
v 0.431269 0.991249 2.138244
v 0.427476 0.980781 2.155766
v 0.418183 0.983249 2.155766
v 0.407610 0.990535 2.155766
v 0.411545 0.991011 2.155766
v 0.412873 0.991219 2.155766
v 0.430131 0.930715 2.041074
v 0.431222 0.934031 2.041074
v 0.431269 0.922730 2.045057
v 0.431269 0.922730 2.065914
v 0.431269 0.922730 2.061783
v 0.430890 0.922730 2.058597
v 0.430131 0.922730 2.054440
v 0.418539 0.922730 2.042269
v 0.414580 0.922730 2.041472
v 0.413252 0.922730 2.041124
v 0.411545 0.922968 2.155766
v 0.407610 0.923444 2.155766
v 0.418183 0.930730 2.155766
v 0.427476 0.933198 2.155766
v 0.430795 0.934031 2.155766
v 0.423588 0.922730 2.155766
v 0.430890 0.922730 2.138244
v 0.430131 0.922730 2.142401
v 0.418539 0.922730 2.154572
v 0.414580 0.922730 2.155368
v 0.413063 -1.153528 2.041373
v 0.413063 -1.153528 2.043464
v 0.413063 -1.153528 2.049139
v 0.423588 -1.153528 2.060190
v 0.428993 -1.153528 2.060190
v 0.428993 -1.142113 2.041074
v 0.423588 -1.142113 2.041074
v 0.413063 -1.148712 2.041074
v 0.413063 -1.152101 2.155766
v 0.413063 -1.148710 2.155766
v 0.423588 -1.142108 2.155766
v 0.428993 -1.142108 2.155766
v 0.430985 -1.142108 2.155766
v 0.428993 -1.153528 2.136651
v 0.423588 -1.153528 2.136651
v 0.413063 -1.153528 2.147702
v 0.413063 -1.153528 2.153377
v 0.413063 -1.089855 2.041074
v 0.423588 -1.096454 2.041074
v 0.428993 -1.096454 2.041074
v 0.430985 -1.096454 2.041074
v 0.431269 -1.085039 2.041373
v 0.431269 -1.085037 2.049139
v 0.430985 -1.085034 2.060190
v 0.428993 -1.085034 2.060190
v 0.423588 -1.085034 2.060190
v 0.413063 -1.085037 2.049139
v 0.413063 -1.085039 2.043464
v 0.413063 -1.085039 2.041373
v 0.430985 -1.096429 2.155766
v 0.428993 -1.096429 2.155766
v 0.423588 -1.096429 2.155766
v 0.413063 -1.089826 2.155766
v 0.413063 -1.086436 2.155766
v 0.428993 -1.085009 2.155766
v 0.413063 -1.085009 2.153377
v 0.413063 -1.085011 2.147702
v 0.423588 -1.085014 2.136651
v 0.428993 -1.085014 2.136651
v 0.430985 -1.085014 2.136651
v 0.509036 0.818243 2.041074
v 0.509049 0.615658 2.041074
v 0.510304 0.614998 2.041373
v 0.510304 0.614998 2.043464
v 0.510304 0.614998 2.049139
v 0.510304 0.816225 2.060190
v 0.510304 0.919558 2.060190
v 0.510304 0.957628 2.060190
v 0.510301 0.963360 2.060190
v 0.496460 0.976302 2.041074
v 0.496919 0.940803 2.041074
v 0.504484 0.940440 2.041074
v 0.507910 0.975751 2.041074
v 0.509267 0.991239 2.060190
v 0.507641 0.991249 2.060190
v 0.503781 0.991249 2.060190
v 0.496266 0.991249 2.049139
v 0.496266 0.991249 2.043464
v 0.496266 0.991249 2.041373
v 0.507910 0.975751 2.155766
v 0.504484 0.940440 2.155766
v 0.496919 0.940804 2.155766
v 0.496460 0.976302 2.155766
v 0.503781 0.991249 2.155766
v 0.507641 0.991249 2.155766
v 0.509062 0.991249 2.155766
v 0.496266 0.991249 2.153377
v 0.496266 0.991249 2.147702
v 0.503781 0.991249 2.136651
v 0.507641 0.991249 2.136651
v 0.509062 0.991249 2.136651
v 0.510304 0.957628 2.136651
v 0.510304 0.919558 2.136651
v 0.510304 0.816225 2.136651
v 0.510304 0.614998 2.147702
v 0.510304 0.614998 2.153377
v 0.510304 0.614998 2.155468
v 0.509049 0.615658 2.155766
v 0.509036 0.818244 2.155766
v 0.510281 0.965415 2.153377
v 0.510294 0.964058 2.136651
v 0.507910 -1.138031 2.041074
v 0.504485 -1.102719 2.041074
v 0.496919 -1.103083 2.041074
v 0.496460 -1.138582 2.041074
v 0.496266 -1.153528 2.041373
v 0.496266 -1.153528 2.043464
v 0.496266 -1.153528 2.049139
v 0.503782 -1.153528 2.060190
v 0.507641 -1.153528 2.060190
v 0.509266 -1.153528 2.043464
v 0.509266 -1.153528 2.041373
v 0.510304 -1.119907 2.060190
v 0.510304 -1.081837 2.060190
v 0.510304 -0.978504 2.060190
v 0.510304 -0.777277 2.049139
v 0.510304 -0.777277 2.043464
v 0.510304 -0.777277 2.041373
v 0.509050 -0.777938 2.041074
v 0.509036 -0.980523 2.041074
v 0.510281 -1.127695 2.049139
v 0.510294 -1.126337 2.060190
v 0.510235 -1.122244 2.155766
v 0.509050 -0.777938 2.155766
v 0.510304 -0.777277 2.155468
v 0.510304 -0.777277 2.153377
v 0.510304 -0.777277 2.147702
v 0.510304 -0.978504 2.136651
v 0.510304 -1.081837 2.136651
v 0.510304 -1.119907 2.136651
v 0.510294 -1.126337 2.136651
v 0.496291 -1.151660 2.155766
v 0.496460 -1.138582 2.155766
v 0.496919 -1.103083 2.155766
v 0.504485 -1.102719 2.155766
v 0.507910 -1.138031 2.155766
v 0.507641 -1.153528 2.136651
v 0.503782 -1.153528 2.136651
v 0.496266 -1.153528 2.147702
v 0.496266 -1.153528 2.153377
v 0.431269 -0.753926 2.041074
v 0.431269 -0.778535 2.041074
v 0.431269 -0.851774 2.041074
v 0.431269 -0.588325 2.041373
v 0.431269 -0.122983 2.043464
v 0.431269 0.279617 2.049139
v 0.431269 0.588538 2.047994
v 0.431269 0.588102 2.043066
v 0.431269 0.588102 2.041323
v 0.431269 -0.750845 2.047994
v 0.431269 -0.750411 2.043066
v 0.431269 -0.750411 2.041323
v 0.431269 0.591588 2.041074
v 0.431269 0.615988 2.041074
v 0.431269 0.689188 2.041074
v 0.431269 0.426017 2.041373
v 0.431269 -0.039325 2.043464
v 0.431269 -0.441923 2.049139
v 0.431269 0.588256 2.155766
v 0.431269 0.289494 2.155766
v 0.431269 -0.754955 2.155766
v 0.431269 -0.751575 2.155766
v 0.431269 0.689191 2.155766
v 0.431269 0.615992 2.155766
v 0.431269 0.591593 2.155766
v 0.431269 -0.750386 2.153775
v 0.431269 -0.750823 2.148847
v 0.431269 -0.441907 2.147702
v 0.431269 -0.039312 2.153377
v 0.431269 0.426024 2.155468
v 0.431269 0.956990 2.041074
v 0.431269 0.956990 2.155766
v 0.407420 0.940544 2.155766
v 0.410028 0.956990 2.155766
v 0.407420 0.973435 2.155766
v 0.431269 0.922730 2.069747
v 0.431269 0.979829 2.155766
v 0.431269 0.899294 2.155766
v 0.431269 0.813009 2.155766
v 0.431269 0.801602 2.060364
v 0.431269 0.887873 2.061783
v 0.431269 0.918373 2.065914
v 0.413063 -1.131759 2.155766
v 0.413063 -1.119268 2.155766
v 0.413063 -1.106778 2.155766
v 0.413063 -1.153528 2.077513
v 0.413063 -1.153528 2.098420
v 0.413063 -1.153528 2.119328
v 0.413063 -1.106799 2.041074
v 0.413063 -1.119284 2.041074
v 0.413063 -1.131769 2.041074
v 0.413063 -1.085019 2.119328
v 0.413063 -1.085024 2.098420
v 0.413063 -1.085030 2.077513
v 0.431269 -1.153528 2.136651
v 0.431269 -1.148710 2.155766
v 0.431269 -1.152101 2.155766
v 0.431269 -1.080657 2.136651
v 0.431269 -1.050157 2.136651
v 0.431269 -0.963887 2.136676
v 0.431269 -0.975287 2.155766
v 0.431269 -1.061572 2.155766
v 0.431269 -1.072106 2.041074
v 0.431269 -0.963906 2.060165
v 0.431269 -1.050177 2.060190
v 0.431269 -1.080677 2.060190
v 0.431269 -1.153528 2.060190
v 0.431269 -1.142113 2.041074
v 0.396278 -1.096429 2.155766
v 0.374373 -1.096429 2.155766
v 0.349055 -1.096429 2.155766
v 0.322029 -1.089826 2.155766
v 0.322029 -1.085187 2.155766
v 0.322029 -1.085009 2.153377
v 0.322029 -1.085011 2.147702
v 0.349055 -1.085014 2.136651
v 0.374373 -1.085014 2.136651
v 0.396278 -1.085014 2.136651
v 0.322029 -1.089855 2.041074
v 0.349055 -1.096454 2.041074
v 0.374373 -1.096454 2.041074
v 0.396278 -1.096454 2.041074
v 0.322029 -1.085037 2.049139
v 0.322029 -1.085039 2.043464
v 0.322029 -1.085039 2.041373
v 0.396278 -1.085034 2.060190
v 0.374373 -1.085034 2.060190
v 0.349055 -1.085034 2.060190
v 0.396278 -1.142113 2.041074
v 0.374373 -1.142113 2.041074
v 0.349055 -1.142113 2.041074
v 0.322029 -1.148713 2.041074
v 0.322029 -1.153528 2.041373
v 0.322029 -1.153528 2.043464
v 0.322029 -1.153528 2.049139
v 0.349055 -1.153528 2.060190
v 0.374373 -1.153528 2.060190
v 0.396278 -1.153528 2.060190
v 0.322029 -1.152101 2.155766
v 0.322029 -1.148710 2.155766
v 0.349055 -1.142108 2.155766
v 0.374373 -1.142108 2.155766
v 0.396278 -1.142108 2.155766
v 0.322029 -1.153528 2.147702
v 0.322029 -1.153528 2.153377
v 0.396278 -1.153528 2.136651
v 0.374373 -1.153528 2.136651
v 0.349055 -1.153528 2.136651
v 0.403959 0.922730 2.155766
v 0.376649 0.922730 2.155766
v 0.322029 0.922730 2.155766
v 0.388597 0.922730 2.155766
v 0.376649 0.991249 2.155766
v 0.403959 0.991249 2.155766
v 0.396278 0.991249 2.155766
v 0.322029 0.991249 2.155766
v 0.403959 0.991249 2.041074
v 0.322029 0.991249 2.041074
v 0.322029 0.922730 2.041074
v 0.349339 0.922730 2.041074
v 0.374373 0.922730 2.041074
v 0.507870 0.886456 2.041074
v 0.504308 0.735485 2.041074
v 0.503441 0.658294 2.041074
v 0.504892 0.622807 2.041074
v 0.510182 0.973406 2.041074
v 0.510125 0.976528 2.049139
v 0.510125 0.976528 2.043464
v 0.510125 0.976528 2.041373
v 0.510259 0.967570 2.060190
v 0.510182 0.973406 2.060190
v 0.510304 0.614998 2.077513
v 0.510304 0.614998 2.098420
v 0.510304 0.614998 2.119328
v 0.510281 0.965415 2.119328
v 0.510281 0.965415 2.077513
v 0.504892 0.622807 2.155766
v 0.503441 0.658295 2.155766
v 0.504308 0.735486 2.155766
v 0.507870 0.886456 2.155766
v 0.509430 0.948760 2.155766
v 0.510038 0.973057 2.155766
v 0.510125 0.976528 2.147702
v 0.510182 0.973406 2.136651
v 0.510259 0.967570 2.136651
v 0.507539 0.895426 2.041074
v 0.504039 0.748469 2.041074
v 0.503104 0.704629 2.041074
v 0.504214 0.743719 2.041074
v 0.509762 0.986383 2.049139
v 0.509869 0.984425 2.060190
v 0.504214 0.743719 2.155766
v 0.503104 0.704629 2.155766
v 0.507539 0.895426 2.155766
v 0.509762 0.986383 2.147702
v 0.509869 0.984424 2.136651
v 0.499266 0.773702 2.041074
v 0.501305 0.715660 2.041074
v 0.509647 0.987947 2.060190
v 0.503725 0.751259 2.155766
v 0.501305 0.715660 2.155766
v 0.499266 0.773703 2.155766
v 0.509647 0.987947 2.155766
v 0.509647 0.987947 2.136651
v 0.496266 0.991249 2.119328
v 0.496266 0.991249 2.098420
v 0.496266 0.991249 2.077513
v 0.507870 -1.048735 2.155766
v 0.504309 -0.897765 2.155766
v 0.503441 -0.820574 2.155766
v 0.504892 -0.785087 2.155766
v 0.510227 -1.132606 2.155766
v 0.510125 -1.138808 2.153377
v 0.510259 -1.129850 2.136651
v 0.510183 -1.135685 2.136651
v 0.510304 -0.777277 2.119328
v 0.510304 -0.777277 2.098420
v 0.510304 -0.777277 2.077513
v 0.504892 -0.785087 2.041074
v 0.503441 -0.820575 2.041074
v 0.504309 -0.897766 2.041074
v 0.507870 -1.048736 2.041074
v 0.509430 -1.111040 2.041074
v 0.510183 -1.135685 2.060190
v 0.510259 -1.129850 2.060190
v 0.507540 -1.057705 2.155766
v 0.503104 -0.866909 2.155766
v 0.504215 -0.905999 2.155766
v 0.509762 -1.148662 2.153377
v 0.509870 -1.146704 2.136651
v 0.504215 -0.905999 2.041074
v 0.503104 -0.866909 2.041074
v 0.507540 -1.057705 2.041074
v 0.509870 -1.146704 2.060190
v 0.510053 -1.141733 2.060190
v 0.499266 -0.935982 2.155766
v 0.501305 -0.877940 2.155766
v 0.503725 -0.913538 2.155766
v 0.509647 -1.150227 2.155766
v 0.509647 -1.150227 2.136651
v 0.503725 -0.913538 2.041074
v 0.501305 -0.877940 2.041074
v 0.499266 -0.935983 2.041074
v 0.509647 -1.150227 2.060190
v 0.496266 -1.153528 2.077513
v 0.496266 -1.153528 2.098420
v 0.496266 -1.153528 2.119328
v 0.509266 -1.153528 2.119328
v 0.509352 -1.152899 2.077513
v 0.484282 0.991249 2.059990
v 0.468642 0.991249 2.058597
v 0.450565 0.991249 2.054415
v 0.452638 0.823042 2.041074
v 0.471819 0.737015 2.041074
v 0.486992 0.776785 2.041074
v 0.450565 -1.153528 2.060190
v 0.468643 -1.153528 2.060190
v 0.484282 -1.153528 2.060190
v 0.486993 -0.938946 2.041074
v 0.471819 -0.898345 2.041074
v 0.452638 -0.981875 2.041074
v 0.510304 -0.461840 2.060190
v 0.510304 -0.081140 2.060190
v 0.510304 0.299560 2.060190
v 0.504932 0.300416 2.041074
v 0.503641 -0.081140 2.041074
v 0.504932 -0.462697 2.041074
v 0.486992 0.776666 2.155766
v 0.471819 0.736064 2.155766
v 0.452638 0.819592 2.155766
v 0.468642 0.991249 2.155766
v 0.484282 0.991249 2.155766
v 0.450565 0.991249 2.142426
v 0.468642 0.991249 2.138244
v 0.484282 0.991249 2.136850
v 0.504932 -0.462696 2.155766
v 0.503641 -0.081140 2.155766
v 0.504932 0.300417 2.155766
v 0.510304 0.299561 2.155766
v 0.510304 -0.461840 2.155766
v 0.510304 0.299560 2.136651
v 0.510304 -0.081140 2.136651
v 0.510304 -0.461840 2.136651
v 0.484282 -1.153528 2.136651
v 0.468643 -1.153528 2.136651
v 0.450565 -1.153528 2.136651
v 0.468643 -1.153528 2.155766
v 0.484282 -1.153528 2.155766
v 0.452638 -0.981872 2.155766
v 0.471819 -0.898343 2.155766
v 0.486993 -0.938946 2.155766
v 0.431269 0.991249 2.069747
v 0.431269 0.991249 2.098420
v 0.431269 0.964251 2.155766
v 0.431269 0.915162 2.155766
v 0.431269 -0.965609 2.155766
v 0.431269 -1.153528 2.098420
v 0.439276 -0.587849 2.049836
v 0.442915 -0.081148 2.053818
v 0.439276 0.425550 2.049836
v 0.431269 -0.938630 2.077513
v 0.431269 -1.001368 2.098420
v 0.431269 -0.938621 2.119328
v 0.431269 0.781559 2.077812
v 0.431269 0.880902 2.100810
v 0.431269 0.922730 2.085876
v 0.376649 0.991249 2.041074
v 0.322029 0.991249 2.069747
v 0.322029 0.991249 2.098420
v 0.322029 0.991249 2.127093
v 0.376649 0.922730 2.041074
v 0.403959 0.922730 2.041074
v 0.322029 0.974119 2.041074
v 0.322029 0.956990 2.041074
v 0.322029 0.939860 2.041074
v 0.348770 0.991249 2.155766
v 0.388597 0.991249 2.155766
v 0.372098 0.922730 2.155766
v 0.322029 0.939860 2.155766
v 0.322029 0.956990 2.155766
v 0.322029 0.974119 2.155766
v 0.322029 0.922730 2.127093
v 0.322029 0.922730 2.098420
v 0.322029 0.922730 2.069747
v 0.322029 -1.153528 2.077513
v 0.322029 -1.153528 2.098420
v 0.322029 -1.153528 2.119328
v 0.322029 -1.106799 2.041074
v 0.322029 -1.119284 2.041074
v 0.322029 -1.131769 2.041074
v 0.322029 -1.131759 2.155766
v 0.322029 -1.119268 2.155766
v 0.322029 -1.106778 2.155766
v 0.322029 -1.085018 2.119328
v 0.322029 -1.085024 2.098420
v 0.322029 -1.085030 2.077513
v 0.510125 0.976528 2.119328
v 0.510125 0.976528 2.098420
v 0.510125 0.976528 2.077513
v 0.509762 0.986383 2.098420
v 0.509762 0.986383 2.119328
v 0.509762 -1.148662 2.077513
v 0.510125 -1.138808 2.077513
v 0.510125 -1.138808 2.119328
v 0.509647 0.987947 2.077513
v 0.483001 -0.081100 2.041355
v 0.454280 0.665385 2.041178
v 0.453696 0.497789 2.042037
v 0.446544 0.435419 2.044737
v 0.454717 -0.081130 2.046318
v 0.446544 -0.597625 2.044737
v 0.453696 -0.659347 2.042037
v 0.454280 -0.825417 2.041178
v 0.475053 -0.646280 2.041116
v 0.489636 -0.753231 2.041079
v 0.493852 -0.622080 2.041091
v 0.499367 -0.735242 2.041079
v 0.496749 -0.612347 2.041091
v 0.499869 -0.721726 2.041079
v 0.497042 -0.537124 2.041091
v 0.500292 -0.470768 2.041079
v 0.497181 -0.081139 2.041091
v 0.500292 0.308488 2.041079
v 0.497042 0.374845 2.041091
v 0.499869 0.559446 2.041079
v 0.496749 0.450068 2.041091
v 0.499367 0.572962 2.041079
v 0.493852 0.459817 2.041091
v 0.489636 0.591032 2.041079
v 0.475053 0.484670 2.041116
v 0.431425 -0.081116 2.098591
v 0.431362 0.736690 2.053920
v 0.431300 0.607204 2.061518
v 0.431271 0.752702 2.054219
v 0.431278 0.611385 2.065575
v 0.431271 0.752940 2.069351
v 0.431278 0.611445 2.098430
v 0.431271 0.752940 2.127494
v 0.431278 0.611371 2.131284
v 0.431271 0.752613 2.142627
v 0.431278 0.606055 2.135366
v 0.431271 0.731786 2.143025
v 0.431278 0.495132 2.135466
v 0.431271 0.371909 2.143025
v 0.431278 -0.081139 2.135466
v 0.431271 -0.534188 2.143025
v 0.431278 -0.657410 2.135466
v 0.431271 -0.894065 2.143025
v 0.431278 -0.768333 2.135341
v 0.431271 -0.914893 2.142478
v 0.431278 -0.773649 2.130090
v 0.431271 -0.915220 2.123661
v 0.431278 -0.773724 2.098430
v 0.431271 -0.915220 2.073184
v 0.431278 -0.773649 2.066770
v 0.431271 -0.914893 2.054368
v 0.431300 -0.768755 2.061543
v 0.431362 -0.896596 2.053920
v 0.432142 -0.677619 2.062340
v 0.434615 -0.599487 2.057479
v 0.436054 -0.081131 2.066621
v 0.434615 0.437281 2.057479
v 0.432142 0.516060 2.062340
v 0.431269 -1.102692 2.041074
v 0.431269 0.974119 2.041074
v 0.403959 0.991249 2.127093
v 0.403959 0.991249 2.098420
v 0.403959 0.991249 2.069747
v 0.376649 0.991249 2.127093
v 0.376649 0.991249 2.098420
v 0.376649 0.991249 2.069747
v 0.349339 0.991249 2.127093
v 0.349339 0.991249 2.098420
v 0.349339 0.991249 2.069747
v 0.484282 0.991249 2.077376
v 0.484282 0.991249 2.098420
v 0.484282 0.991249 2.119465
v 0.468642 0.991249 2.076418
v 0.468642 0.991249 2.098420
v 0.468642 0.991249 2.120423
v 0.450565 0.991249 2.073892
v 0.450565 0.991249 2.098420
v 0.450565 0.991249 2.122949
v 0.482744 -0.081140 2.155766
v 0.454185 -0.822886 2.155766
v 0.452817 -0.639139 2.155766
v 0.443196 -0.532326 2.155766
v 0.449925 -0.081139 2.155766
v 0.443196 0.370047 2.155766
v 0.452817 0.476860 2.155766
v 0.454185 0.660607 2.155766
v 0.475015 0.483579 2.155766
v 0.489632 0.590951 2.155766
v 0.493837 0.459801 2.155766
v 0.499363 0.572962 2.155766
v 0.496734 0.450068 2.155766
v 0.499865 0.559446 2.155766
v 0.497027 0.374845 2.155766
v 0.500288 0.308488 2.155766
v 0.497166 -0.081140 2.155766
v 0.500288 -0.470768 2.155766
v 0.497027 -0.537124 2.155766
v 0.499865 -0.721726 2.155766
v 0.496734 -0.612347 2.155766
v 0.499363 -0.735242 2.155766
v 0.493837 -0.622080 2.155766
v 0.489632 -0.753230 2.155766
v 0.475015 -0.645858 2.155766
v 0.431269 -1.014335 2.077513
v 0.431269 -1.041453 2.098420
v 0.431269 -1.014325 2.119328
v 0.431269 -1.063244 2.077513
v 0.431269 -1.071081 2.098420
v 0.431269 -1.063233 2.119328
v 0.431269 0.854759 2.077955
v 0.431269 0.900945 2.100860
v 0.431269 0.920007 2.127398
v 0.431269 0.901816 2.078957
v 0.431269 0.915759 2.101208
v 0.431269 0.920116 2.081589
v 0.431269 0.921859 2.102054
v 0.431269 -1.038808 2.155766
v 0.431269 -1.129036 2.155766
v 0.431269 -1.112297 2.155766
v 0.431269 -1.118397 2.155766
v 0.450565 -1.153528 2.077513
v 0.450565 -1.153528 2.098420
v 0.450565 -1.153528 2.119328
v 0.468643 -1.153528 2.077513
v 0.468643 -1.153528 2.098420
v 0.468643 -1.153528 2.119328
v 0.484282 -1.153528 2.077513
v 0.484282 -1.153528 2.098420
v 0.484282 -1.153528 2.119328
v 0.510259 0.967570 2.098420
v 0.510227 0.970327 2.077513
v 0.510227 0.970327 2.119328
v 0.510182 0.973406 2.098420
v 0.396278 -1.131769 2.041074
v 0.396278 -1.119284 2.041074
v 0.396278 -1.106799 2.041074
v 0.374373 -1.131769 2.041074
v 0.374373 -1.119284 2.041074
v 0.374373 -1.106799 2.041074
v 0.349055 -1.131769 2.041074
v 0.349055 -1.119284 2.041074
v 0.349055 -1.106799 2.041074
v 0.396278 -1.106778 2.155766
v 0.396278 -1.119268 2.155766
v 0.396278 -1.131759 2.155766
v 0.374373 -1.106778 2.155766
v 0.374373 -1.119268 2.155766
v 0.374373 -1.131759 2.155766
v 0.349055 -1.106778 2.155766
v 0.349055 -1.119268 2.155766
v 0.349055 -1.131759 2.155766
v 0.396278 -1.085030 2.077513
v 0.396278 -1.085024 2.098420
v 0.396278 -1.085018 2.119328
v 0.374373 -1.085030 2.077513
v 0.374373 -1.085024 2.098420
v 0.374373 -1.085018 2.119328
v 0.349055 -1.085029 2.077513
v 0.349055 -1.085024 2.098420
v 0.349055 -1.085018 2.119328
v 0.403959 0.922730 2.069747
v 0.403959 0.922730 2.098420
v 0.403959 0.922730 2.127093
v 0.376649 0.922730 2.069747
v 0.376649 0.922730 2.098420
v 0.376649 0.922730 2.127093
v 0.349339 0.922730 2.069747
v 0.349339 0.922730 2.098420
v 0.349339 0.922730 2.127093
v 0.403959 0.939860 2.041074
v 0.403959 0.956990 2.041074
v 0.403959 0.974119 2.041074
v 0.376649 0.939860 2.041074
v 0.376649 0.956990 2.041074
v 0.376649 0.974119 2.041074
v 0.349339 0.939860 2.041074
v 0.349339 0.956990 2.041074
v 0.349339 0.974119 2.041074
v 0.396278 -1.153528 2.119328
v 0.396278 -1.153528 2.098420
v 0.396278 -1.153528 2.077513
v 0.374373 -1.153528 2.119328
v 0.374373 -1.153528 2.098420
v 0.374373 -1.153528 2.077513
v 0.349055 -1.153528 2.119328
v 0.349055 -1.153528 2.098420
v 0.349055 -1.153528 2.077513
v 0.392544 0.974060 2.155766
v 0.394097 0.956990 2.155766
v 0.392544 0.939919 2.155766
v 0.373141 0.974119 2.155766
v 0.373615 0.956990 2.155766
v 0.373141 0.939860 2.155766
v 0.348901 0.974119 2.155766
v 0.348960 0.956990 2.155766
v 0.348901 0.939860 2.155766
v 0.510304 -0.461840 2.077513
v 0.510304 -0.461840 2.098420
v 0.510304 -0.461840 2.119328
v 0.510304 -0.081140 2.077513
v 0.510304 -0.081140 2.098420
v 0.510304 -0.081140 2.119328
v 0.510304 0.299561 2.077513
v 0.510304 0.299561 2.098420
v 0.510304 0.299561 2.119328
v 0.509647 -1.150227 2.119328
v 0.509647 -1.150227 2.098420
v 0.509967 0.982100 2.098420
v 0.509967 0.982100 2.119328
v 0.509869 0.984424 2.077513
v 0.510053 -1.141733 2.098420
v 0.509967 -1.144380 2.119328
v 0.509967 -1.144380 2.077513
v 0.509870 -1.146704 2.098420
v 0.510259 -1.129850 2.119328
v 0.510259 -1.129850 2.098420
v 0.510259 -1.129850 2.077513
v 0.510183 -1.135686 2.119328
v 0.510183 -1.135686 2.098420
v 0.510183 -1.135685 2.077513
v 0.431269 0.876529 2.155766
v 0.431269 0.950018 2.155766
v 0.427085 0.991249 2.045467
v 0.430131 0.991249 2.047994
v 0.431127 0.991249 2.048995
v 0.424679 0.991249 2.042269
v 0.429372 0.991249 2.043066
v 0.431032 0.991249 2.043414
v 0.423724 0.991249 2.041224
v 0.429041 0.991249 2.041323
v 0.430990 0.991249 2.041367
v 0.431269 0.991249 2.045467
v 0.427085 0.988624 2.041074
v 0.427085 0.991249 2.151373
v 0.430131 0.991249 2.148847
v 0.424679 0.991249 2.154572
v 0.429372 0.991249 2.153775
v 0.431032 0.991249 2.153427
v 0.431269 0.991249 2.151373
v 0.431269 0.991249 2.147845
v 0.431269 0.986431 2.155766
v 0.431269 0.989821 2.155766
v 0.420192 0.988624 2.155766
v 0.422498 0.990535 2.155766
v 0.427903 0.987115 2.155766
v 0.428614 0.990059 2.155766
v 0.427085 0.925355 2.041074
v 0.430131 0.926864 2.041074
v 0.431269 0.922730 2.052704
v 0.431269 0.922730 2.050283
v 0.431269 0.922730 2.041379
v 0.427085 0.922730 2.045467
v 0.424679 0.922730 2.042269
v 0.423724 0.922730 2.041224
v 0.430131 0.922730 2.047994
v 0.429372 0.922730 2.043066
v 0.429041 0.922730 2.041323
v 0.431127 0.922730 2.048995
v 0.431032 0.922730 2.043414
v 0.420192 0.925355 2.155766
v 0.427903 0.926864 2.155766
v 0.430848 0.927463 2.155766
v 0.428946 0.922879 2.155766
v 0.431269 0.922730 2.151373
v 0.427085 0.922730 2.151373
v 0.424679 0.922730 2.154572
v 0.430131 0.922730 2.148847
v 0.429372 0.922730 2.153775
v 0.431127 0.922730 2.147845
v 0.431032 0.922730 2.153427
v 0.423588 -1.153528 2.049139
v 0.428993 -1.153528 2.049139
v 0.430985 -1.153528 2.049139
v 0.423588 -1.153528 2.043464
v 0.428993 -1.153528 2.043464
v 0.423588 -1.153528 2.041373
v 0.428993 -1.153528 2.041373
v 0.431269 -1.153528 2.043464
v 0.423588 -1.148713 2.041074
v 0.428993 -1.148713 2.041074
v 0.430985 -1.148713 2.041074
v 0.423588 -1.148710 2.155766
v 0.428993 -1.148710 2.155766
v 0.431269 -1.153528 2.153377
v 0.423588 -1.153528 2.147702
v 0.423588 -1.153528 2.153377
v 0.423588 -1.153528 2.155468
v 0.428993 -1.153528 2.147702
v 0.428993 -1.153528 2.153377
v 0.428993 -1.153528 2.155468
v 0.423588 -1.089855 2.041074
v 0.428993 -1.089855 2.041074
v 0.430985 -1.089855 2.041074
v 0.423588 -1.085037 2.049139
v 0.423588 -1.085039 2.043464
v 0.423588 -1.085039 2.041373
v 0.428993 -1.085037 2.049139
v 0.428993 -1.085039 2.043464
v 0.428993 -1.085039 2.041373
v 0.430985 -1.085038 2.043464
v 0.423588 -1.089826 2.155766
v 0.423588 -1.086436 2.155766
v 0.428993 -1.089826 2.155766
v 0.430985 -1.089826 2.155766
v 0.423588 -1.085011 2.147702
v 0.428993 -1.085011 2.147702
v 0.430985 -1.085011 2.147702
v 0.423588 -1.085009 2.153377
v 0.428993 -1.085009 2.153377
v 0.430985 -1.085009 2.153377
v 0.431269 -1.086436 2.155766
v 0.510304 0.816225 2.049139
v 0.510304 0.919558 2.049139
v 0.510304 0.957628 2.049139
v 0.510304 0.816225 2.043464
v 0.510304 0.919558 2.043464
v 0.510304 0.957628 2.043464
v 0.510304 0.816225 2.041373
v 0.510304 0.919558 2.041373
v 0.510304 0.957628 2.041373
v 0.510294 0.964058 2.049139
v 0.510294 0.964057 2.043464
v 0.510294 0.964058 2.041373
v 0.504078 0.969814 2.041074
v 0.507754 0.984711 2.041074
v 0.503869 0.984898 2.041074
v 0.509267 0.991239 2.049139
v 0.509267 0.991239 2.043464
v 0.509276 0.991170 2.041373
v 0.503781 0.991249 2.049139
v 0.503781 0.991249 2.043464
v 0.503781 0.991249 2.041373
v 0.507641 0.991249 2.049139
v 0.507641 0.991249 2.043464
v 0.507641 0.991249 2.041373
v 0.504078 0.969814 2.155766
v 0.503869 0.984898 2.155766
v 0.507754 0.984711 2.155766
v 0.503781 0.991249 2.147702
v 0.507641 0.991249 2.147702
v 0.503781 0.991249 2.153377
v 0.507641 0.991249 2.153377
v 0.509302 0.990983 2.147702
v 0.509267 0.991239 2.153377
v 0.510304 0.816225 2.147702
v 0.510304 0.816225 2.153377
v 0.510304 0.919558 2.147702
v 0.510304 0.919558 2.153377
v 0.510304 0.957628 2.147702
v 0.510304 0.957628 2.153377
v 0.510139 0.920508 2.155766
v 0.510275 0.958614 2.155766
v 0.510284 0.816257 2.155766
v 0.510294 0.964057 2.147702
v 0.504078 -1.132093 2.041074
v 0.503869 -1.147177 2.041074
v 0.507754 -1.146990 2.041074
v 0.503782 -1.153528 2.049139
v 0.507641 -1.153528 2.049139
v 0.509063 -1.153528 2.049139
v 0.503782 -1.153528 2.043464
v 0.507641 -1.153528 2.043464
v 0.503782 -1.153528 2.041373
v 0.507641 -1.153528 2.041373
v 0.510304 -0.978504 2.049139
v 0.510304 -0.978505 2.043464
v 0.510304 -0.978505 2.041373
v 0.510304 -1.081837 2.049139
v 0.510304 -1.081838 2.043464
v 0.510304 -1.081838 2.041373
v 0.510304 -1.119907 2.049139
v 0.510304 -1.119908 2.043464
v 0.510304 -1.119907 2.041373
v 0.510294 -1.126337 2.043464
v 0.510301 -1.125640 2.041373
v 0.509769 -0.979356 2.155766
v 0.510139 -1.082787 2.155766
v 0.510304 -0.978504 2.147702
v 0.510304 -1.081837 2.147702
v 0.510304 -1.119907 2.147702
v 0.510304 -0.978505 2.153377
v 0.510304 -1.081838 2.153377
v 0.510304 -1.119907 2.153377
v 0.510294 -1.126337 2.147702
v 0.510294 -1.126337 2.153377
v 0.504078 -1.132093 2.155766
v 0.507754 -1.146990 2.155766
v 0.503869 -1.147177 2.155766
v 0.507674 -1.151591 2.155766
v 0.503793 -1.152734 2.155766
v 0.503782 -1.153528 2.147702
v 0.503782 -1.153528 2.153377
v 0.507641 -1.153528 2.147702
v 0.507641 -1.153528 2.153377
v 0.509063 -1.153528 2.147702
v 0.509063 -1.153528 2.155468
v 0.431269 -0.513337 2.041230
v 0.431269 -0.102940 2.042319
v 0.431269 0.282122 2.044957
v 0.431269 -0.467227 2.041124
v 0.431269 -0.088126 2.041472
v 0.431269 0.283974 2.042269
v 0.431269 -0.082026 2.041124
v 0.431269 -0.447045 2.041224
v 0.431269 0.287351 2.041080
v 0.431269 -0.074183 2.041472
v 0.431269 0.304888 2.041124
v 0.431269 -0.444430 2.044957
v 0.431269 -0.059368 2.042319
v 0.431269 0.350965 2.041230
v 0.431269 -0.081139 2.155766
v 0.431269 -0.449360 2.155766
v 0.431269 0.284940 2.155766
v 0.431269 0.304897 2.155717
v 0.431269 -0.074168 2.155368
v 0.431269 -0.446262 2.154572
v 0.431269 0.350973 2.155611
v 0.431269 -0.059354 2.154522
v 0.431269 -0.444411 2.151884
v 0.431168 0.991249 2.122949
v 0.431263 0.991249 2.119465
v 0.431263 0.991249 2.077376
v 0.431168 0.991249 2.073892
v 0.431168 0.942336 2.041074
v 0.431222 0.970134 2.041074
v 0.431269 0.944499 2.155766
v 0.430842 0.969562 2.155766
v 0.427855 0.970134 2.155766
v 0.428235 0.956989 2.155766
v 0.427855 0.943845 2.155766
v 0.420056 0.971584 2.155766
v 0.421407 0.956989 2.155766
v 0.420056 0.942395 2.155766
v 0.431168 0.922730 2.123260
v 0.431269 0.922730 2.078708
v 0.431222 0.922730 2.120522
v 0.431222 0.922730 2.076418
v 0.431269 0.922730 2.098420
v 0.431168 0.922730 2.073892
v 0.431269 0.847680 2.155766
v 0.431269 0.902688 2.155766
v 0.431269 0.801604 2.155766
v 0.431269 0.887874 2.155766
v 0.431269 0.881774 2.155766
v 0.431269 0.782959 2.155766
v 0.431269 0.918929 2.155766
v 0.431269 0.788168 2.155766
v 0.431269 0.922428 2.155766
v 0.431269 0.902687 2.041074
v 0.431269 0.847679 2.041074
v 0.431269 0.887873 2.041074
v 0.431269 0.801602 2.041074
v 0.431269 0.917502 2.041516
v 0.431269 0.880902 2.041423
v 0.431269 0.781559 2.041373
v 0.431269 0.917502 2.044609
v 0.431269 0.880902 2.043862
v 0.431269 0.781559 2.043464
v 0.431269 0.917611 2.052704
v 0.431269 0.881773 2.050283
v 0.431269 0.783411 2.049176
v 0.431269 -1.106778 2.155766
v 0.428993 -1.106778 2.155766
v 0.428993 -1.119268 2.155766
v 0.428993 -1.131759 2.155766
v 0.423588 -1.106778 2.155766
v 0.423588 -1.119269 2.155766
v 0.423588 -1.131759 2.155766
v 0.430985 -1.153528 2.119328
v 0.430985 -1.153528 2.077513
v 0.428993 -1.153528 2.119328
v 0.428993 -1.153528 2.098420
v 0.428993 -1.153528 2.077513
v 0.423588 -1.153528 2.119328
v 0.423588 -1.153528 2.098420
v 0.423588 -1.153528 2.077513
v 0.431269 -1.119284 2.041074
v 0.430985 -1.131769 2.041074
v 0.430985 -1.106799 2.041074
v 0.428993 -1.131769 2.041074
v 0.428993 -1.119284 2.041074
v 0.428993 -1.106799 2.041074
v 0.423588 -1.131769 2.041074
v 0.423588 -1.119284 2.041074
v 0.423588 -1.106799 2.041074
v 0.430985 -1.085029 2.077513
v 0.430985 -1.085024 2.098420
v 0.430985 -1.085018 2.119328
v 0.428993 -1.085030 2.077513
v 0.428993 -1.085024 2.098420
v 0.428993 -1.085018 2.119328
v 0.423588 -1.085030 2.077513
v 0.423588 -1.085024 2.098420
v 0.423588 -1.085018 2.119328
v 0.431269 -1.153528 2.147702
v 0.431269 -1.079891 2.147702
v 0.431269 -1.044054 2.147702
v 0.431269 -0.945693 2.147808
v 0.431269 -1.079781 2.153377
v 0.431269 -1.043181 2.153377
v 0.431269 -0.943840 2.153427
v 0.431269 -1.079959 2.155766
v 0.431269 -1.044608 2.155766
v 0.431269 -0.945237 2.155766
v 0.431269 -1.048870 2.155766
v 0.431269 -0.950446 2.155766
v 0.431269 -1.068257 2.041074
v 0.431269 -1.010759 2.041074
v 0.431269 -1.051371 2.041074
v 0.431269 -0.964624 2.041074
v 0.431269 -1.079811 2.041373
v 0.431269 -1.043211 2.041373
v 0.431269 -0.943868 2.041367
v 0.431269 -1.079810 2.043464
v 0.431269 -1.043210 2.043464
v 0.431269 -0.943867 2.043414
v 0.431269 -1.079918 2.049139
v 0.431269 -1.044080 2.049139
v 0.431269 -0.945718 2.049033
v 0.431269 -1.153528 2.041373
v 0.396278 -1.089826 2.155766
v 0.374373 -1.089826 2.155766
v 0.349055 -1.089826 2.155766
v 0.396278 -1.086436 2.155766
v 0.349055 -1.086436 2.155766
v 0.374373 -1.085009 2.155468
v 0.396278 -1.085009 2.153377
v 0.374373 -1.085009 2.153377
v 0.349055 -1.085009 2.153377
v 0.396278 -1.085011 2.147702
v 0.374373 -1.085011 2.147702
v 0.349055 -1.085011 2.147702
v 0.349055 -1.089855 2.041074
v 0.374373 -1.089855 2.041074
v 0.396278 -1.089855 2.041074
v 0.349055 -1.085039 2.041373
v 0.374373 -1.085039 2.041373
v 0.396278 -1.085039 2.041373
v 0.349055 -1.085039 2.043464
v 0.374373 -1.085039 2.043464
v 0.396278 -1.085039 2.043464
v 0.349055 -1.085037 2.049139
v 0.374373 -1.085037 2.049139
v 0.396278 -1.085037 2.049139
v 0.396278 -1.148713 2.041074
v 0.374373 -1.148713 2.041074
v 0.349055 -1.148713 2.041074
v 0.396278 -1.153528 2.041373
v 0.374373 -1.153528 2.041373
v 0.349055 -1.153528 2.041373
v 0.396278 -1.153528 2.043464
v 0.374373 -1.153528 2.043464
v 0.349055 -1.153528 2.043464
v 0.396278 -1.153528 2.049139
v 0.374373 -1.153528 2.049139
v 0.349055 -1.153528 2.049139
v 0.349055 -1.148710 2.155766
v 0.374373 -1.148710 2.155766
v 0.396278 -1.148710 2.155766
v 0.396278 -1.152101 2.155766
v 0.349055 -1.153350 2.155766
v 0.374373 -1.153350 2.155766
v 0.349055 -1.153528 2.153377
v 0.374373 -1.153528 2.153377
v 0.396278 -1.153528 2.153377
v 0.349055 -1.153528 2.147702
v 0.374373 -1.153528 2.147702
v 0.396278 -1.153528 2.147702
v 0.399876 0.922730 2.155661
v 0.396415 0.922730 2.155760
v 0.374326 0.922730 2.155766
v 0.349049 0.922730 2.155766
v 0.392681 0.922793 2.155766
v 0.399876 0.991249 2.155661
v 0.374753 0.991249 2.155766
v 0.373188 0.991249 2.155766
v 0.392681 0.991186 2.155766
v 0.374421 0.991249 2.041074
v 0.396415 0.991249 2.041080
v 0.349102 0.991249 2.041074
v 0.399876 0.991249 2.041180
v 0.396415 0.922730 2.041080
v 0.399876 0.922730 2.041180
v 0.507556 0.866941 2.041074
v 0.507322 0.836950 2.041074
v 0.507990 0.821906 2.041074
v 0.509388 0.941183 2.041074
v 0.509361 0.930591 2.041074
v 0.509586 0.924384 2.041074
v 0.510227 0.970327 2.041373
v 0.510182 0.973406 2.043464
v 0.510259 0.967570 2.043464
v 0.510182 0.973406 2.049139
v 0.510259 0.967570 2.049139
v 0.510304 0.816225 2.077513
v 0.510304 0.816225 2.098420
v 0.510304 0.816225 2.119328
v 0.510304 0.919558 2.077513
v 0.510304 0.919558 2.098420
v 0.510304 0.919558 2.119328
v 0.510304 0.957628 2.077513
v 0.510304 0.957628 2.098420
v 0.510304 0.957628 2.119328
v 0.510294 0.964058 2.098420
v 0.507990 0.821906 2.155766
v 0.507322 0.836951 2.155766
v 0.507556 0.866941 2.155766
v 0.509586 0.924384 2.155766
v 0.509361 0.930591 2.155766
v 0.509388 0.941183 2.155766
v 0.510083 0.969378 2.155766
v 0.510227 0.970327 2.153377
v 0.510259 0.967570 2.147702
v 0.510182 0.973406 2.147702
v 0.507260 0.878559 2.041074
v 0.506988 0.861639 2.041074
v 0.507432 0.873896 2.041074
v 0.509259 0.947493 2.041074
v 0.509771 0.980415 2.041074
v 0.509869 0.984424 2.041373
v 0.509869 0.984424 2.043464
v 0.509967 0.982100 2.049139
v 0.507432 0.873896 2.155766
v 0.506988 0.861639 2.155766
v 0.507260 0.878559 2.155766
v 0.509771 0.980415 2.155766
v 0.510053 0.979454 2.153377
v 0.509869 0.984425 2.153377
v 0.509967 0.982100 2.147702
v 0.505137 0.898550 2.041074
v 0.506019 0.872071 2.041074
v 0.506997 0.882097 2.041074
v 0.508159 0.962893 2.041074
v 0.508486 0.954245 2.041074
v 0.509647 0.987947 2.041373
v 0.509647 0.987947 2.043464
v 0.506997 0.882097 2.155766
v 0.506019 0.872072 2.155766
v 0.505137 0.898550 2.155766
v 0.508486 0.954246 2.155766
v 0.508159 0.962893 2.155766
v 0.509546 0.983943 2.155766
v 0.509647 0.987947 2.153377
v 0.503781 0.991249 2.119328
v 0.503781 0.991249 2.098420
v 0.503781 0.991249 2.077513
v 0.507641 0.991249 2.119328
v 0.507641 0.991249 2.098420
v 0.507641 0.991249 2.077513
v 0.509062 0.991249 2.098420
v 0.509267 0.991239 2.119328
v 0.509267 0.991239 2.077513
v 0.507556 -1.029220 2.155766
v 0.507322 -0.999230 2.155766
v 0.507990 -0.984185 2.155766
v 0.509388 -1.103463 2.155766
v 0.509361 -1.092871 2.155766
v 0.509586 -1.086663 2.155766
v 0.510183 -1.135686 2.153377
v 0.510259 -1.129850 2.153377
v 0.510183 -1.135686 2.147702
v 0.510259 -1.129850 2.147702
v 0.510304 -0.978504 2.119328
v 0.510304 -0.978504 2.098420
v 0.510304 -0.978504 2.077513
v 0.510304 -1.081837 2.119328
v 0.510304 -1.081837 2.098420
v 0.510304 -1.081837 2.077513
v 0.510304 -1.119907 2.119328
v 0.510304 -1.119907 2.098420
v 0.510304 -1.119907 2.077513
v 0.510294 -1.126337 2.119328
v 0.510294 -1.126337 2.098420
v 0.510294 -1.126337 2.077513
v 0.507990 -0.984186 2.041074
v 0.507322 -0.999230 2.041074
v 0.507556 -1.029221 2.041074
v 0.509586 -1.086663 2.041074
v 0.509361 -1.092871 2.041074
v 0.509388 -1.103463 2.041074
v 0.510259 -1.129850 2.041373
v 0.510183 -1.135686 2.041373
v 0.510259 -1.129850 2.043464
v 0.510183 -1.135685 2.043464
v 0.510227 -1.132606 2.049139
v 0.507260 -1.040839 2.155766
v 0.506988 -1.023918 2.155766
v 0.507432 -1.036176 2.155766
v 0.509080 -1.114630 2.155766
v 0.509259 -1.109772 2.155766
v 0.509771 -1.142695 2.155766
v 0.509953 -1.137738 2.155766
v 0.509967 -1.144380 2.153377
v 0.509870 -1.146704 2.147702
v 0.510053 -1.141733 2.147702
v 0.507432 -1.036176 2.041074
v 0.506988 -1.023919 2.041074
v 0.507260 -1.040839 2.041074
v 0.509080 -1.114630 2.041074
v 0.510053 -1.141733 2.041373
v 0.509870 -1.146704 2.041373
v 0.510053 -1.141733 2.043464
v 0.509870 -1.146704 2.043464
v 0.510053 -1.141733 2.049139
v 0.509870 -1.146704 2.049139
v 0.505138 -1.060830 2.155766
v 0.506019 -1.034351 2.155766
v 0.506997 -1.044376 2.155766
v 0.508159 -1.125172 2.155766
v 0.508845 -1.118194 2.155766
v 0.509547 -1.146223 2.155766
v 0.509432 -1.152302 2.153377
v 0.509647 -1.150227 2.147702
v 0.506997 -1.044377 2.041074
v 0.506019 -1.034351 2.041074
v 0.505138 -1.060830 2.041074
v 0.508845 -1.118194 2.041074
v 0.508159 -1.125172 2.041074
v 0.509647 -1.150227 2.041373
v 0.509647 -1.150227 2.043464
v 0.509647 -1.150227 2.049139
v 0.503782 -1.153528 2.077513
v 0.503782 -1.153528 2.098420
v 0.503782 -1.153528 2.119328
v 0.507641 -1.153528 2.077513
v 0.507641 -1.153528 2.098420
v 0.507641 -1.153528 2.119328
v 0.509063 -1.153528 2.098420
v 0.484282 0.991249 2.048995
v 0.468642 0.991249 2.047994
v 0.450565 0.991249 2.045362
v 0.484282 0.991249 2.043414
v 0.468642 0.991249 2.043066
v 0.450565 0.991249 2.042219
v 0.484282 0.991249 2.041367
v 0.468642 0.991249 2.041323
v 0.484325 0.987900 2.041074
v 0.468692 0.987291 2.041074
v 0.450597 0.988660 2.041074
v 0.484621 0.964456 2.041074
v 0.469039 0.959589 2.041074
v 0.450824 0.970535 2.041074
v 0.485426 0.900807 2.041074
v 0.469983 0.884276 2.041074
v 0.451440 0.921088 2.041074
v 0.450565 -1.153528 2.049139
v 0.468643 -1.153528 2.049139
v 0.484282 -1.153528 2.049139
v 0.450565 -1.153528 2.043464
v 0.468643 -1.153528 2.043464
v 0.484282 -1.153528 2.043464
v 0.450565 -1.153528 2.041373
v 0.468643 -1.153528 2.041373
v 0.484282 -1.153528 2.041373
v 0.468692 -1.149541 2.041074
v 0.484325 -1.150175 2.041074
v 0.450824 -1.132071 2.041074
v 0.469040 -1.121630 2.041074
v 0.484621 -1.126705 2.041074
v 0.451440 -1.081112 2.041074
v 0.469983 -1.045873 2.041074
v 0.485426 -1.063001 2.041074
v 0.510304 -0.461840 2.049139
v 0.510304 -0.081140 2.049139
v 0.510304 0.299561 2.049139
v 0.510304 -0.461840 2.043464
v 0.510304 -0.081140 2.043464
v 0.510304 0.299561 2.043464
v 0.510304 -0.461840 2.041373
v 0.510304 -0.081140 2.041373
v 0.510304 0.299561 2.041373
v 0.508038 -0.462201 2.041074
v 0.507493 -0.081140 2.041074
v 0.508038 0.299922 2.041074
v 0.485426 0.900722 2.155766
v 0.469983 0.883593 2.155766
v 0.451440 0.918831 2.155766
v 0.484621 0.964426 2.155766
v 0.469039 0.959351 2.155766
v 0.450824 0.969792 2.155766
v 0.484325 0.987896 2.155766
v 0.468692 0.987262 2.155766
v 0.450597 0.988567 2.155766
v 0.484282 0.991249 2.153427
v 0.468642 0.991249 2.153775
v 0.450565 0.991249 2.154622
v 0.484282 0.991249 2.147845
v 0.468642 0.991249 2.148847
v 0.450565 0.991249 2.151479
v 0.508038 -0.462201 2.155766
v 0.507493 -0.081140 2.155766
v 0.508038 0.299922 2.155766
v 0.510200 -0.081140 2.155766
v 0.510304 -0.461840 2.153377
v 0.510304 -0.081140 2.153377
v 0.510304 0.299561 2.153377
v 0.510304 -0.461840 2.147702
v 0.510304 -0.081140 2.147702
v 0.510304 0.299561 2.147702
v 0.484282 -1.153528 2.147702
v 0.468643 -1.153528 2.147702
v 0.450565 -1.153528 2.147702
v 0.484282 -1.153528 2.153377
v 0.468643 -1.153528 2.153377
v 0.450565 -1.153528 2.153377
v 0.484325 -1.150175 2.155766
v 0.468692 -1.149541 2.155766
v 0.450598 -1.150846 2.155766
v 0.484621 -1.126705 2.155766
v 0.469040 -1.121630 2.155766
v 0.450824 -1.132071 2.155766
v 0.485426 -1.063001 2.155766
v 0.469983 -1.045872 2.155766
v 0.451440 -1.081110 2.155766
v 0.431269 0.991249 2.127093
v 0.028555 -1.642653 1.930165
v 0.028555 -1.052687 1.919820
v 0.028555 -1.071062 2.307216
v 0.028555 -1.606085 1.921098
v 0.028555 -1.598811 2.286236
v 0.028555 -1.053695 2.286805
v 0.028555 -1.627463 2.302481
v 0.028555 -1.071062 0.092715
v 0.028555 -1.052686 0.480111
v 0.028555 -1.642653 0.469766
v 0.028555 -1.053695 0.113126
v 0.028555 -1.598812 0.113695
v 0.028555 -1.606085 0.478833
v 0.028555 -1.627463 0.097450
v 0.028555 1.064167 2.307216
v 0.028555 1.045792 1.919820
v 0.028555 1.635759 1.930165
v 0.028555 1.046801 2.286805
v 0.028555 1.591917 2.286236
v 0.028555 1.599191 1.921098
v 0.028555 1.620569 2.302481
v 0.028555 1.064167 0.092715
v 0.028555 1.635759 0.469766
v 0.028555 1.045792 0.480111
v 0.028555 1.620569 0.097450
v 0.028555 1.591917 0.113695
v 0.028555 1.599191 0.478833
v 0.028555 1.046801 0.113126
v 0.080673 1.140434 0.014748
v 0.093858 1.739210 0.416173
v 0.029064 1.697393 0.441537
v 0.029064 1.116767 0.037108
v 0.081325 1.728463 0.018571
v 0.032322 1.719371 0.026269
v 0.032329 1.728559 0.425503
v 0.029062 1.689197 0.047245
v 0.032329 1.135401 0.018341
v 0.080673 -1.147328 0.014748
v 0.029064 -1.123661 0.037108
v 0.029064 -1.704287 0.441537
v 0.093858 -1.746105 0.416173
v 0.032329 -1.142295 0.018341
v 0.032322 -1.726265 0.026269
v 0.029062 -1.696092 0.047245
v 0.032329 -1.735453 0.425503
v 0.081325 -1.735358 0.018571
v 0.093858 -1.746105 1.983757
v 0.029064 -1.704287 1.958394
v 0.029064 -1.123661 2.362823
v 0.080673 -1.147328 2.385182
v 0.032329 -1.735453 1.974428
v 0.032322 -1.726265 2.373662
v 0.029062 -1.696092 2.352686
v 0.032329 -1.142295 2.381590
v 0.081325 -1.735358 2.381360
v 0.080673 1.140434 2.385182
v 0.029064 1.116767 2.362823
v 0.029064 1.697393 1.958394
v 0.093858 1.739210 1.983757
v 0.032329 1.135401 2.381590
v 0.032322 1.719371 2.373662
v 0.029062 1.689197 2.352686
v 0.032329 1.728559 1.974428
v 0.081325 1.728463 2.381360
v 0.336055 -1.746211 0.435497
v 0.350997 -1.148137 0.441073
v 0.349177 -1.148137 0.046753
v 0.348044 -1.736018 0.439174
v 0.350508 -1.147759 0.055120
v 0.346837 -1.736018 0.049819
v 0.255160 -1.148137 0.014212
v 0.274475 -1.746211 0.152273
v 0.315224 -1.148137 0.015868
v 0.257901 -1.736018 0.016898
v 0.311854 -1.736019 0.017997
v 0.306027 -1.147759 0.014656
v 0.329252 -1.746906 0.235350
v 0.346264 -1.148263 0.038366
v 0.343413 -1.736807 0.040176
v 0.322776 -1.746906 0.226585
v 0.337085 -1.148263 0.026867
v 0.334789 -1.736807 0.028955
v 0.313142 -1.746906 0.220695
v 0.324444 -1.148263 0.018518
v 0.322455 -1.736807 0.021111
v 0.274475 -1.746211 2.247658
v 0.255160 -1.148137 2.385719
v 0.315224 -1.148137 2.384063
v 0.257901 -1.736018 2.383033
v 0.306027 -1.147759 2.385274
v 0.311854 -1.736018 2.381934
v 0.350997 -1.148137 1.958858
v 0.336055 -1.746211 1.964434
v 0.349177 -1.148137 2.353178
v 0.348044 -1.736018 1.960757
v 0.346837 -1.736018 2.350112
v 0.350508 -1.147759 2.344811
v 0.313142 -1.746906 2.179236
v 0.324444 -1.148263 2.381413
v 0.322455 -1.736807 2.378820
v 0.322776 -1.746906 2.173346
v 0.337085 -1.148263 2.373064
v 0.334789 -1.736807 2.370975
v 0.329252 -1.746906 2.164581
v 0.346264 -1.148263 2.361565
v 0.343413 -1.736807 2.359755
v 0.274475 1.739317 0.152273
v 0.255160 1.141242 0.014212
v 0.315224 1.141243 0.015867
v 0.257901 1.729124 0.016898
v 0.306027 1.140864 0.014656
v 0.311854 1.729124 0.017997
v 0.336055 1.739317 0.435497
v 0.349177 1.141243 0.046753
v 0.350997 1.141243 0.441073
v 0.346837 1.729124 0.049819
v 0.348928 1.724869 0.055261
v 0.350508 1.140864 0.055120
v 0.348044 1.729124 0.439174
v 0.313142 1.740012 0.220695
v 0.324444 1.141369 0.018518
v 0.322455 1.729913 0.021111
v 0.322776 1.740012 0.226585
v 0.337085 1.141369 0.026867
v 0.334789 1.729913 0.028955
v 0.329252 1.740012 0.235350
v 0.346264 1.141369 0.038366
v 0.343413 1.729913 0.040176
v 0.336055 1.739317 1.964434
v 0.350997 1.141242 1.958858
v 0.349177 1.141243 2.353178
v 0.348044 1.729124 1.960757
v 0.350508 1.140864 2.344811
v 0.346837 1.729124 2.350112
v 0.274475 1.739317 2.247658
v 0.315224 1.141243 2.384063
v 0.255160 1.141243 2.385719
v 0.311854 1.729124 2.381934
v 0.305871 1.724869 2.383837
v 0.306027 1.140864 2.385274
v 0.257901 1.729124 2.383033
v 0.329252 1.740012 2.164581
v 0.346264 1.141369 2.361565
v 0.343413 1.729913 2.359755
v 0.322776 1.740012 2.173346
v 0.337085 1.141369 2.373064
v 0.334789 1.729913 2.370975
v 0.313142 1.740012 2.179236
v 0.324444 1.141369 2.381413
v 0.322455 1.729913 2.378820
v 0.028555 -1.632938 2.294693
v 0.028555 -1.637227 2.252617
v 0.028555 -1.640432 2.142395
v 0.028555 -1.631151 1.925889
v 0.028555 -1.621998 1.923287
v 0.028555 -1.614031 1.921856
v 0.028555 -1.604528 2.130351
v 0.028555 -1.602574 2.238647
v 0.028555 -1.600491 2.279494
v 0.028555 -1.601993 2.287391
v 0.028555 -1.607433 2.289947
v 0.028555 -1.615611 2.294672
v 0.028555 -1.589207 1.920590
v 0.028555 -1.523283 1.920226
v 0.028555 -1.360410 1.919978
v 0.028555 -1.052657 2.128925
v 0.028555 -1.052732 2.237462
v 0.028555 -1.053036 2.278924
v 0.028555 -1.360822 2.286684
v 0.028555 -1.522228 2.286531
v 0.028555 -1.585827 2.286368
v 0.028555 -1.054970 2.289205
v 0.028555 -1.057663 2.292650
v 0.028555 -1.062714 2.298276
v 0.028555 -1.383276 2.306534
v 0.028555 -1.547474 2.305544
v 0.028555 -1.612567 2.304206
v 0.028555 -1.612567 0.095725
v 0.028555 -1.547474 0.094387
v 0.028555 -1.383276 0.093397
v 0.028555 -1.062714 0.101655
v 0.028555 -1.057663 0.107281
v 0.028555 -1.054970 0.110726
v 0.028555 -1.360822 0.113247
v 0.028555 -1.522228 0.113400
v 0.028555 -1.585827 0.113563
v 0.028555 -1.601993 0.112540
v 0.028555 -1.607433 0.109984
v 0.028555 -1.615611 0.105259
v 0.028555 -1.053036 0.121007
v 0.028555 -1.052732 0.162469
v 0.028555 -1.052657 0.271006
v 0.028555 -1.360410 0.479952
v 0.028555 -1.523283 0.479705
v 0.028555 -1.589207 0.479341
v 0.028555 -1.604528 0.269580
v 0.028555 -1.602574 0.161284
v 0.028555 -1.600491 0.120437
v 0.028555 -1.614031 0.478075
v 0.028555 -1.621998 0.476644
v 0.028555 -1.631151 0.474041
v 0.028555 -1.640432 0.257536
v 0.028555 -1.637227 0.147314
v 0.028555 -1.632938 0.105238
v 0.028555 1.605673 2.304206
v 0.028555 1.540580 2.305544
v 0.028555 1.376381 2.306534
v 0.028555 1.055820 2.298276
v 0.028555 1.050769 2.292650
v 0.028555 1.048076 2.289205
v 0.028555 1.353928 2.286684
v 0.028555 1.515334 2.286531
v 0.028555 1.578932 2.286368
v 0.028555 1.595099 2.287391
v 0.028555 1.600539 2.289947
v 0.028555 1.608717 2.294672
v 0.028555 1.046142 2.278924
v 0.028555 1.045837 2.237462
v 0.028555 1.045762 2.128925
v 0.028555 1.353516 1.919978
v 0.028555 1.516388 1.920226
v 0.028555 1.582312 1.920590
v 0.028555 1.597633 2.130351
v 0.028555 1.595680 2.238647
v 0.028555 1.593597 2.279494
v 0.028555 1.607137 1.921856
v 0.028555 1.615104 1.923287
v 0.028555 1.624257 1.925889
v 0.028555 1.633538 2.142395
v 0.028555 1.630333 2.252617
v 0.028555 1.626044 2.294693
v 0.028555 1.048076 0.110726
v 0.028555 1.050769 0.107281
v 0.028555 1.055820 0.101655
v 0.028555 1.376381 0.093397
v 0.028555 1.540580 0.094387
v 0.028555 1.605673 0.095725
v 0.028555 1.608717 0.105259
v 0.028555 1.600539 0.109984
v 0.028555 1.595099 0.112540
v 0.028555 1.578933 0.113563
v 0.028555 1.515334 0.113400
v 0.028555 1.353928 0.113247
v 0.028555 1.626044 0.105238
v 0.028555 1.630333 0.147314
v 0.028555 1.633538 0.257536
v 0.028555 1.624257 0.474041
v 0.028555 1.615104 0.476644
v 0.028555 1.607137 0.478075
v 0.028555 1.597634 0.269580
v 0.028555 1.595680 0.161284
v 0.028555 1.593597 0.120437
v 0.028555 1.582312 0.479341
v 0.028555 1.516388 0.479705
v 0.028555 1.353516 0.479952
v 0.028555 1.045763 0.271006
v 0.028555 1.045837 0.162469
v 0.028555 1.046142 0.121007
v 0.034408 1.136997 0.017094
v 0.040598 1.138403 0.016083
v 0.054740 1.139567 0.015302
v 0.080793 1.473658 0.015306
v 0.080950 1.647532 0.016111
v 0.081131 1.714865 0.017191
v 0.055012 1.727098 0.019907
v 0.040675 1.725152 0.021694
v 0.034412 1.722589 0.023844
v 0.032323 1.706305 0.023389
v 0.032325 1.639705 0.021149
v 0.032327 1.466947 0.019487
v 0.081705 1.732348 0.026349
v 0.083186 1.735383 0.070907
v 0.086870 1.737645 0.188697
v 0.060302 1.737647 0.417877
v 0.042246 1.735395 0.420110
v 0.034614 1.732388 0.422706
v 0.032327 1.727272 0.199713
v 0.032325 1.725378 0.081706
v 0.032323 1.722777 0.035790
v 0.031157 1.723741 0.428431
v 0.030235 1.717378 0.431806
v 0.029544 1.708814 0.436038
v 0.029063 1.696203 0.219897
v 0.029063 1.694481 0.103498
v 0.029062 1.692165 0.057545
v 0.029541 1.701194 0.038649
v 0.030230 1.709571 0.032874
v 0.031151 1.715305 0.029040
v 0.029062 1.676878 0.043591
v 0.029063 1.611958 0.040729
v 0.029063 1.442549 0.038590
v 0.029544 1.125193 0.028323
v 0.030235 1.130428 0.022978
v 0.031157 1.133492 0.020006
v 0.081131 -1.721759 0.017191
v 0.080950 -1.654427 0.016111
v 0.080793 -1.480552 0.015306
v 0.054740 -1.146461 0.015302
v 0.040598 -1.145298 0.016083
v 0.034408 -1.143891 0.017094
v 0.032327 -1.473841 0.019487
v 0.032325 -1.646600 0.021149
v 0.032323 -1.713199 0.023389
v 0.034412 -1.729483 0.023844
v 0.040675 -1.732047 0.021694
v 0.055012 -1.733993 0.019907
v 0.031157 -1.140386 0.020006
v 0.030235 -1.137323 0.022978
v 0.029544 -1.132087 0.028323
v 0.029063 -1.449444 0.038590
v 0.029063 -1.618852 0.040729
v 0.029062 -1.683772 0.043591
v 0.029541 -1.708089 0.038649
v 0.030230 -1.716466 0.032873
v 0.031151 -1.722199 0.029040
v 0.029062 -1.699060 0.057545
v 0.029063 -1.701375 0.103498
v 0.029063 -1.703097 0.219897
v 0.029544 -1.715708 0.436038
v 0.030235 -1.724272 0.431806
v 0.031157 -1.730635 0.428432
v 0.032327 -1.734166 0.199713
v 0.032325 -1.732273 0.081706
v 0.032323 -1.729672 0.035790
v 0.034614 -1.739282 0.422706
v 0.042246 -1.742289 0.420110
v 0.060302 -1.744541 0.417877
v 0.086870 -1.744540 0.188697
v 0.083186 -1.742278 0.070907
v 0.081705 -1.739242 0.026349
v 0.081705 -1.739242 2.373582
v 0.083186 -1.742278 2.329024
v 0.086870 -1.744540 2.211234
v 0.060302 -1.744541 1.982054
v 0.042246 -1.742289 1.979821
v 0.034614 -1.739282 1.977225
v 0.032327 -1.734166 2.200218
v 0.032325 -1.732273 2.318225
v 0.032323 -1.729672 2.364141
v 0.034412 -1.729483 2.376087
v 0.040675 -1.732047 2.378237
v 0.055012 -1.733992 2.380024
v 0.031157 -1.730635 1.971500
v 0.030235 -1.724272 1.968125
v 0.029544 -1.715708 1.963893
v 0.029063 -1.703097 2.180034
v 0.029063 -1.701375 2.296433
v 0.029062 -1.699060 2.342386
v 0.029541 -1.708088 2.361282
v 0.030230 -1.716466 2.367057
v 0.031151 -1.722199 2.370892
v 0.029062 -1.683772 2.356340
v 0.029063 -1.618852 2.359202
v 0.029063 -1.449444 2.361341
v 0.029544 -1.132087 2.371608
v 0.030235 -1.137323 2.376953
v 0.031157 -1.140386 2.379925
v 0.032327 -1.473841 2.380444
v 0.032325 -1.646600 2.378782
v 0.032323 -1.713199 2.376542
v 0.034408 -1.143891 2.382837
v 0.040598 -1.145297 2.383848
v 0.054740 -1.146461 2.384629
v 0.080793 -1.480552 2.384625
v 0.080950 -1.654426 2.383820
v 0.081131 -1.721759 2.382740
v 0.081131 1.714865 2.382740
v 0.080950 1.647532 2.383820
v 0.080793 1.473658 2.384625
v 0.054740 1.139567 2.384629
v 0.040598 1.138403 2.383848
v 0.034408 1.136997 2.382837
v 0.032327 1.466947 2.380444
v 0.032325 1.639706 2.378782
v 0.032323 1.706305 2.376542
v 0.034412 1.722589 2.376086
v 0.040675 1.725152 2.378237
v 0.055012 1.727098 2.380024
v 0.031157 1.133492 2.379925
v 0.030235 1.130428 2.376953
v 0.029544 1.125193 2.371608
v 0.029063 1.442550 2.361341
v 0.029063 1.611958 2.359202
v 0.029062 1.676877 2.356340
v 0.029541 1.701194 2.361282
v 0.030230 1.709572 2.367057
v 0.031151 1.715305 2.370892
v 0.029062 1.692166 2.342386
v 0.029063 1.694481 2.296433
v 0.029063 1.696203 2.180034
v 0.029544 1.708814 1.963893
v 0.030235 1.717378 1.968125
v 0.031157 1.723741 1.971499
v 0.032327 1.727272 2.200218
v 0.032325 1.725378 2.318224
v 0.032323 1.722778 2.364141
v 0.034614 1.732388 1.977225
v 0.042246 1.735395 1.979821
v 0.060302 1.737647 1.982054
v 0.086870 1.737645 2.211234
v 0.083186 1.735383 2.329024
v 0.081705 1.732348 2.373582
v 0.345693 -1.739733 0.056855
v 0.343844 -1.742614 0.099685
v 0.340796 -1.744745 0.214000
v 0.341206 -1.744745 0.436737
v 0.344577 -1.742614 0.437717
v 0.346683 -1.739733 0.438506
v 0.348273 -1.735278 0.218653
v 0.348537 -1.734238 0.104769
v 0.348777 -1.732941 0.062075
v 0.348586 -1.732941 0.054401
v 0.348066 -1.734238 0.053141
v 0.347462 -1.735278 0.051614
v 0.349092 -1.722589 0.439776
v 0.349925 -1.655377 0.440307
v 0.350555 -1.481515 0.440746
v 0.350940 -1.148025 0.220788
v 0.350848 -1.147900 0.106613
v 0.350708 -1.147800 0.063179
v 0.350211 -1.480762 0.055146
v 0.349812 -1.653985 0.055182
v 0.349342 -1.720160 0.055224
v 0.350241 -1.147800 0.052964
v 0.349918 -1.147900 0.050837
v 0.349557 -1.148025 0.048760
v 0.348841 -1.481515 0.047274
v 0.348351 -1.655377 0.047977
v 0.347690 -1.722589 0.048835
v 0.303001 -1.147800 0.014475
v 0.296097 -1.147900 0.014348
v 0.281440 -1.148025 0.014264
v 0.255640 -1.481515 0.014614
v 0.256280 -1.655377 0.015188
v 0.257045 -1.722589 0.015945
v 0.284063 -1.735278 0.016690
v 0.298205 -1.734238 0.016450
v 0.304226 -1.732941 0.016231
v 0.305912 -1.720161 0.015717
v 0.305958 -1.653985 0.015290
v 0.305998 -1.480762 0.014927
v 0.259015 -1.739733 0.020081
v 0.261363 -1.742614 0.035611
v 0.266124 -1.744745 0.075628
v 0.294465 -1.744745 0.076002
v 0.305361 -1.742614 0.036278
v 0.310159 -1.739733 0.020982
v 0.309880 -1.735278 0.017427
v 0.308202 -1.734238 0.016878
v 0.306817 -1.732941 0.016405
v 0.312936 -1.722590 0.017220
v 0.313879 -1.655377 0.016618
v 0.314652 -1.481515 0.016173
v 0.313018 -1.148025 0.015521
v 0.310734 -1.147900 0.015194
v 0.308396 -1.147800 0.014900
v 0.310159 -1.739733 2.378949
v 0.305361 -1.742613 2.363654
v 0.294465 -1.744745 2.323929
v 0.266124 -1.744745 2.324303
v 0.261363 -1.742614 2.364320
v 0.259015 -1.739733 2.379850
v 0.284063 -1.735278 2.383241
v 0.298205 -1.734238 2.383481
v 0.304226 -1.732941 2.383700
v 0.306817 -1.732941 2.383526
v 0.308202 -1.734238 2.383052
v 0.309880 -1.735278 2.382504
v 0.257045 -1.722589 2.383986
v 0.256280 -1.655377 2.384744
v 0.255640 -1.481515 2.385317
v 0.281440 -1.148025 2.385667
v 0.296097 -1.147900 2.385583
v 0.303001 -1.147800 2.385456
v 0.305998 -1.480762 2.385004
v 0.305958 -1.653985 2.384641
v 0.305912 -1.720160 2.384213
v 0.308396 -1.147800 2.385031
v 0.310734 -1.147900 2.384737
v 0.313018 -1.148025 2.384409
v 0.314652 -1.481515 2.383758
v 0.313879 -1.655377 2.383312
v 0.312936 -1.722589 2.382711
v 0.350708 -1.147800 2.336752
v 0.350848 -1.147900 2.293318
v 0.350940 -1.148025 2.179142
v 0.350555 -1.481515 1.959185
v 0.349925 -1.655377 1.959624
v 0.349092 -1.722589 1.960155
v 0.348273 -1.735278 2.181278
v 0.348537 -1.734238 2.295162
v 0.348777 -1.732941 2.337856
v 0.349342 -1.720161 2.344707
v 0.349812 -1.653985 2.344749
v 0.350211 -1.480761 2.344785
v 0.346683 -1.739733 1.961425
v 0.344577 -1.742614 1.962214
v 0.341206 -1.744745 1.963194
v 0.340796 -1.744745 2.185931
v 0.343844 -1.742614 2.300246
v 0.345693 -1.739733 2.343076
v 0.347462 -1.735278 2.348317
v 0.348066 -1.734238 2.346790
v 0.348586 -1.732941 2.345530
v 0.347690 -1.722589 2.351096
v 0.348351 -1.655377 2.351954
v 0.348841 -1.481515 2.352657
v 0.349557 -1.148025 2.351171
v 0.349918 -1.147900 2.349094
v 0.350241 -1.147800 2.346967
v 0.310159 1.732838 0.020982
v 0.305361 1.735719 0.036277
v 0.294465 1.737851 0.076002
v 0.266124 1.737851 0.075628
v 0.261363 1.735719 0.035611
v 0.259015 1.732838 0.020081
v 0.284063 1.728384 0.016690
v 0.298205 1.727344 0.016450
v 0.304226 1.726047 0.016231
v 0.306817 1.726047 0.016405
v 0.308202 1.727344 0.016879
v 0.309880 1.728384 0.017427
v 0.257045 1.715695 0.015945
v 0.256280 1.648482 0.015187
v 0.255640 1.474620 0.014614
v 0.281440 1.141130 0.014264
v 0.296097 1.141006 0.014348
v 0.303001 1.140906 0.014475
v 0.305998 1.473867 0.014927
v 0.305958 1.647091 0.015290
v 0.305912 1.713266 0.015717
v 0.308396 1.140906 0.014900
v 0.310734 1.141006 0.015194
v 0.313018 1.141130 0.015521
v 0.314652 1.474620 0.016173
v 0.313879 1.648483 0.016619
v 0.312936 1.715695 0.017220
v 0.346683 1.732839 0.438506
v 0.344577 1.735719 0.437717
v 0.341206 1.737851 0.436737
v 0.340796 1.737851 0.214000
v 0.343844 1.735719 0.099684
v 0.345693 1.732839 0.056855
v 0.347462 1.728384 0.051614
v 0.348066 1.727344 0.053141
v 0.348777 1.726047 0.062075
v 0.348537 1.727344 0.104769
v 0.348273 1.728384 0.218653
v 0.347690 1.715695 0.048835
v 0.348351 1.648482 0.047977
v 0.348841 1.474620 0.047274
v 0.349557 1.141130 0.048760
v 0.349918 1.141006 0.050837
v 0.350241 1.140906 0.052964
v 0.350211 1.473867 0.055146
v 0.349812 1.647091 0.055182
v 0.349342 1.713266 0.055224
v 0.350708 1.140906 0.063179
v 0.350848 1.141006 0.106613
v 0.350940 1.141130 0.220788
v 0.350555 1.474620 0.440746
v 0.349925 1.648482 0.440307
v 0.349092 1.715695 0.439776
v 0.345693 1.732838 2.343076
v 0.343844 1.735719 2.300246
v 0.340796 1.737851 2.185931
v 0.341206 1.737851 1.963194
v 0.344577 1.735719 1.962214
v 0.346683 1.732839 1.961425
v 0.348273 1.728384 2.181278
v 0.348537 1.727344 2.295162
v 0.348777 1.726047 2.337856
v 0.348586 1.726047 2.345530
v 0.348066 1.727344 2.346790
v 0.347462 1.728384 2.348317
v 0.349092 1.715695 1.960155
v 0.349925 1.648482 1.959624
v 0.350555 1.474620 1.959185
v 0.350940 1.141130 2.179142
v 0.350848 1.141006 2.293318
v 0.350708 1.140906 2.336752
v 0.350211 1.473867 2.344785
v 0.349812 1.647091 2.344749
v 0.349342 1.713266 2.344707
v 0.350241 1.140906 2.346967
v 0.349918 1.141006 2.349094
v 0.349557 1.141130 2.351171
v 0.348841 1.474620 2.352657
v 0.348351 1.648483 2.351954
v 0.347690 1.715695 2.351096
v 0.259015 1.732839 2.379850
v 0.261363 1.735719 2.364320
v 0.266124 1.737851 2.324303
v 0.294465 1.737851 2.323929
v 0.305361 1.735719 2.363653
v 0.310159 1.732839 2.378949
v 0.309880 1.728384 2.382504
v 0.308202 1.727344 2.383052
v 0.304226 1.726047 2.383700
v 0.298205 1.727344 2.383482
v 0.284063 1.728384 2.383241
v 0.312936 1.715695 2.382710
v 0.313879 1.648482 2.383312
v 0.314652 1.474620 2.383758
v 0.313018 1.141130 2.384409
v 0.310734 1.141006 2.384737
v 0.308396 1.140906 2.385031
v 0.305998 1.473867 2.385004
v 0.305958 1.647091 2.384641
v 0.305912 1.713266 2.384213
v 0.303001 1.140906 2.385456
v 0.296097 1.141006 2.385583
v 0.281440 1.141131 2.385667
v 0.255640 1.474620 2.385317
v 0.256280 1.648482 2.384743
v 0.257045 1.715695 2.383986
v 0.029064 0.608725 0.036225
v 0.029064 -0.003447 0.035930
v 0.029064 -0.615620 0.036225
v 0.032330 -0.625725 0.017660
v 0.032330 -0.003447 0.017433
v 0.032330 0.618830 0.017660
v 0.080600 -0.628427 0.014416
v 0.080576 -0.003447 0.014306
v 0.080600 0.621533 0.014417
v 0.103582 -1.747036 1.628396
v 0.108804 -1.747346 1.199965
v 0.103582 -1.747036 0.771535
v 0.032330 -1.736215 0.776865
v 0.032330 -1.736468 1.199966
v 0.032330 -1.736215 1.623066
v 0.029064 -1.704995 0.785743
v 0.029064 -1.705231 1.199966
v 0.029064 -1.704995 1.614188
v 0.029064 -0.615619 2.363706
v 0.029064 -0.003447 2.364001
v 0.029064 0.608725 2.363706
v 0.032330 0.618830 2.382271
v 0.032330 -0.003447 2.382498
v 0.032330 -0.625725 2.382271
v 0.080600 0.621533 2.385514
v 0.080576 -0.003447 2.385625
v 0.080600 -0.628427 2.385514
v 0.103582 1.740142 0.771535
v 0.108804 1.740452 1.199965
v 0.103582 1.740141 1.628396
v 0.032330 1.729321 1.623066
v 0.032330 1.729574 1.199965
v 0.032330 1.729320 0.776865
v 0.029064 1.698101 1.614188
v 0.029064 1.698337 1.199965
v 0.029064 1.698101 0.785743
v 0.028555 0.569361 0.480203
v 0.028555 -0.003447 0.480234
v 0.028555 -0.576255 0.480203
v 0.028555 -0.576999 0.113051
v 0.028555 -0.003447 0.113026
v 0.028555 0.570105 0.113051
v 0.028555 -0.586485 0.092311
v 0.028555 -0.003447 0.092176
v 0.028555 0.579591 0.092311
v 0.028555 -1.643976 1.599032
v 0.028555 -1.644417 1.199965
v 0.028555 -1.643976 0.800899
v 0.028555 -1.607044 0.805778
v 0.028555 -1.607363 1.199965
v 0.028555 -1.607044 1.594153
v 0.028555 -1.052717 0.806523
v 0.028555 -1.052727 1.199965
v 0.028555 -1.052717 1.593408
v 0.028555 -0.576255 1.919728
v 0.028555 -0.003447 1.919697
v 0.028555 0.569361 1.919728
v 0.028555 0.570105 2.286880
v 0.028555 -0.003447 2.286905
v 0.028555 -0.576999 2.286880
v 0.028555 0.579591 2.307620
v 0.028555 -0.003447 2.307755
v 0.028555 -0.586486 2.307620
v 0.028555 1.637082 0.800899
v 0.028555 1.637523 1.199965
v 0.028555 1.637081 1.599032
v 0.028555 1.600150 1.594153
v 0.028555 1.600470 1.199965
v 0.028555 1.600150 0.805778
v 0.028555 1.045823 1.593408
v 0.028555 1.045833 1.199965
v 0.028555 1.045823 0.806523
v 0.028770 1.682862 0.448484
v 0.028619 1.666574 0.456147
v 0.028563 1.650288 0.463562
v 0.028563 1.636526 0.086101
v 0.028618 1.654825 0.072665
v 0.028769 1.673153 0.059070
v 0.028563 1.076242 0.079890
v 0.028619 1.090441 0.064854
v 0.028770 1.104653 0.049847
v 0.028563 -1.657182 0.463562
v 0.028619 -1.673469 0.456147
v 0.028770 -1.689756 0.448484
v 0.028769 -1.680047 0.059070
v 0.028618 -1.661719 0.072665
v 0.028563 -1.643421 0.086101
v 0.028770 -1.111547 0.049847
v 0.028619 -1.097335 0.064854
v 0.028563 -1.083136 0.079890
v 0.028563 -1.083136 2.320041
v 0.028619 -1.097335 2.335077
v 0.028770 -1.111547 2.350084
v 0.028769 -1.680047 2.340861
v 0.028618 -1.661719 2.327266
v 0.028563 -1.643421 2.313829
v 0.028770 -1.689756 1.951447
v 0.028619 -1.673469 1.943784
v 0.028563 -1.657182 1.936369
v 0.028563 1.650288 1.936369
v 0.028619 1.666574 1.943784
v 0.028770 1.682862 1.951447
v 0.028769 1.673153 2.340861
v 0.028618 1.654825 2.327266
v 0.028563 1.636526 2.313829
v 0.028770 1.104653 2.350084
v 0.028619 1.090441 2.335077
v 0.028563 1.076242 2.320041
v 0.321555 1.733830 0.026088
v 0.319860 1.736825 0.054196
v 0.316830 1.738892 0.124309
v 0.308275 1.740380 0.283978
v 0.299152 1.740526 0.323689
v 0.286656 1.740194 0.260145
v 0.314133 1.729580 0.018560
v 0.316686 1.729814 0.019197
v 0.319473 1.729901 0.020013
v 0.324127 1.474863 0.018895
v 0.323688 1.648880 0.019440
v 0.323129 1.716278 0.020173
v 0.317355 1.141315 0.016238
v 0.319514 1.141353 0.016725
v 0.321833 1.141366 0.017447
v 0.254869 0.621993 0.013972
v 0.254772 -0.003447 0.013892
v 0.254869 -0.628887 0.013972
v 0.306045 -0.628734 0.014493
v 0.306051 -0.003447 0.014438
v 0.306045 0.621839 0.014493
v 0.315571 -0.628887 0.015686
v 0.315686 -0.003447 0.015625
v 0.315571 0.621993 0.015686
v 0.286656 -1.747088 0.260145
v 0.299152 -1.747420 0.323689
v 0.308275 -1.747274 0.283978
v 0.316830 -1.745787 0.124309
v 0.319860 -1.743719 0.054196
v 0.321555 -1.740725 0.026088
v 0.319473 -1.736795 0.020013
v 0.316686 -1.736709 0.019198
v 0.314133 -1.736475 0.018560
v 0.323129 -1.723172 0.020173
v 0.323688 -1.655775 0.019441
v 0.324127 -1.481757 0.018895
v 0.321833 -1.148261 0.017447
v 0.319514 -1.148247 0.016725
v 0.317355 -1.148210 0.016238
v 0.333636 1.733830 0.033678
v 0.331442 1.736825 0.061389
v 0.327532 1.738892 0.130890
v 0.318254 1.740386 0.289630
v 0.313669 1.740574 0.333725
v 0.312634 1.740386 0.286203
v 0.325579 1.729913 0.022574
v 0.328748 1.729913 0.024391
v 0.331854 1.729913 0.026529
v 0.336747 1.474863 0.027175
v 0.336261 1.648880 0.027617
v 0.335613 1.716278 0.028206
v 0.327424 1.141369 0.020026
v 0.330645 1.141369 0.021953
v 0.333925 1.141369 0.024249
v 0.312634 -1.747280 0.286203
v 0.313669 -1.747468 0.333725
v 0.318254 -1.747280 0.289630
v 0.327532 -1.745787 0.130890
v 0.331442 -1.743719 0.061389
v 0.333636 -1.740725 0.033678
v 0.331854 -1.736807 0.026529
v 0.328748 -1.736807 0.024391
v 0.325579 -1.736807 0.022573
v 0.335613 -1.723172 0.028206
v 0.336261 -1.655775 0.027617
v 0.336747 -1.481757 0.027175
v 0.333925 -1.148263 0.024249
v 0.330645 -1.148263 0.021953
v 0.327424 -1.148263 0.020026
v 0.341981 1.733830 0.044668
v 0.339349 1.736825 0.071924
v 0.334766 1.738892 0.140624
v 0.324920 1.740386 0.297379
v 0.320922 1.740574 0.340323
v 0.321153 1.740386 0.292267
v 0.337457 1.729913 0.031625
v 0.339807 1.729913 0.034451
v 0.341805 1.729913 0.037334
v 0.345849 1.474863 0.038654
v 0.345249 1.648881 0.039054
v 0.344444 1.716278 0.039563
v 0.339963 1.141369 0.029741
v 0.342488 1.141369 0.032726
v 0.344605 1.141369 0.035655
v 0.321153 -1.747280 0.292267
v 0.320922 -1.747468 0.340322
v 0.324920 -1.747280 0.297379
v 0.334766 -1.745787 0.140624
v 0.339349 -1.743719 0.071924
v 0.341981 -1.740725 0.044668
v 0.341805 -1.736807 0.037334
v 0.339807 -1.736807 0.034451
v 0.337457 -1.736807 0.031625
v 0.344444 -1.723172 0.039562
v 0.345249 -1.655775 0.039054
v 0.345849 -1.481757 0.038654
v 0.344605 -1.148263 0.035655
v 0.342488 -1.148263 0.032726
v 0.339963 -1.148263 0.029741
v 0.329474 1.740194 0.428692
v 0.325303 1.740526 0.390086
v 0.326535 1.740380 0.305914
v 0.344620 1.729901 0.042888
v 0.345516 1.729815 0.045424
v 0.346217 1.729581 0.047746
v 0.347441 1.141366 0.040741
v 0.348234 1.141353 0.042851
v 0.348770 1.141316 0.044815
v 0.326535 -1.747274 0.305914
v 0.325303 -1.747420 0.390086
v 0.329474 -1.747088 0.428692
v 0.346217 -1.736474 0.047746
v 0.345516 -1.736709 0.045424
v 0.344620 -1.736795 0.042888
v 0.348770 -1.148210 0.044815
v 0.348234 -1.148247 0.042851
v 0.347441 -1.148261 0.040741
v 0.351261 -0.628887 0.441271
v 0.351349 -0.003447 0.441337
v 0.351261 0.621993 0.441271
v 0.350688 0.621840 0.055103
v 0.350748 -0.003447 0.055098
v 0.350688 -0.628734 0.055103
v 0.349377 0.621993 0.046438
v 0.349444 -0.003447 0.046333
v 0.349377 -0.628887 0.046438
v 0.341981 1.733830 2.355263
v 0.339349 1.736825 2.328007
v 0.334766 1.738892 2.259307
v 0.326535 1.740380 2.094017
v 0.325303 1.740526 2.009845
v 0.329474 1.740194 1.971239
v 0.346217 1.729580 2.352185
v 0.345516 1.729814 2.354507
v 0.344620 1.729901 2.357043
v 0.345849 1.474863 2.361277
v 0.345249 1.648880 2.360877
v 0.344444 1.716278 2.360368
v 0.348770 1.141315 2.355116
v 0.348234 1.141353 2.357080
v 0.347441 1.141367 2.359190
v 0.351261 0.621993 1.958660
v 0.351349 -0.003447 1.958593
v 0.351261 -0.628887 1.958659
v 0.350688 -0.628734 2.344828
v 0.350748 -0.003447 2.344833
v 0.350688 0.621839 2.344828
v 0.349377 -0.628887 2.353493
v 0.349444 -0.003447 2.353598
v 0.349377 0.621993 2.353493
v 0.329474 -1.747088 1.971239
v 0.325303 -1.747421 2.009845
v 0.326535 -1.747274 2.094017
v 0.334766 -1.745786 2.259307
v 0.339349 -1.743719 2.328007
v 0.341981 -1.740725 2.355263
v 0.344620 -1.736795 2.357043
v 0.345516 -1.736709 2.354507
v 0.346217 -1.736474 2.352185
v 0.344444 -1.723172 2.360368
v 0.345249 -1.655775 2.360877
v 0.345849 -1.481757 2.361277
v 0.347441 -1.148261 2.359190
v 0.348234 -1.148247 2.357080
v 0.348770 -1.148210 2.355116
v 0.333636 1.733830 2.366253
v 0.331442 1.736825 2.338542
v 0.327532 1.738892 2.269042
v 0.321153 1.740386 2.107664
v 0.320922 1.740574 2.059608
v 0.324920 1.740386 2.102552
v 0.341805 1.729913 2.362597
v 0.339807 1.729913 2.365480
v 0.337457 1.729913 2.368306
v 0.336747 1.474863 2.372756
v 0.336261 1.648880 2.372314
v 0.335613 1.716278 2.371725
v 0.344605 1.141369 2.364275
v 0.342488 1.141369 2.367206
v 0.339963 1.141369 2.370190
v 0.324920 -1.747280 2.102552
v 0.320922 -1.747468 2.059608
v 0.321153 -1.747280 2.107664
v 0.327532 -1.745786 2.269042
v 0.331442 -1.743719 2.338542
v 0.333636 -1.740725 2.366253
v 0.337457 -1.736807 2.368306
v 0.339807 -1.736807 2.365480
v 0.341805 -1.736807 2.362597
v 0.335613 -1.723172 2.371725
v 0.336261 -1.655775 2.372314
v 0.336747 -1.481757 2.372756
v 0.339963 -1.148263 2.370190
v 0.342488 -1.148263 2.367205
v 0.344605 -1.148263 2.364275
v 0.321555 1.733830 2.373843
v 0.319860 1.736825 2.345735
v 0.316830 1.738892 2.275622
v 0.312634 1.740386 2.113728
v 0.313669 1.740574 2.066206
v 0.318254 1.740386 2.110301
v 0.331854 1.729913 2.373402
v 0.328748 1.729913 2.375540
v 0.325579 1.729913 2.377357
v 0.324127 1.474863 2.381036
v 0.323688 1.648880 2.380490
v 0.323129 1.716278 2.379758
v 0.333925 1.141369 2.375682
v 0.330645 1.141369 2.377978
v 0.327424 1.141369 2.379905
v 0.318254 -1.747280 2.110301
v 0.313669 -1.747468 2.066206
v 0.312634 -1.747280 2.113728
v 0.316830 -1.745786 2.275622
v 0.319860 -1.743719 2.345735
v 0.321555 -1.740725 2.373844
v 0.325579 -1.736807 2.377357
v 0.328748 -1.736807 2.375540
v 0.331854 -1.736807 2.373402
v 0.323129 -1.723172 2.379758
v 0.323688 -1.655775 2.380490
v 0.324127 -1.481757 2.381036
v 0.327424 -1.148263 2.379905
v 0.330645 -1.148263 2.377978
v 0.333925 -1.148263 2.375682
v 0.286656 1.740194 2.139786
v 0.299152 1.740526 2.076242
v 0.308275 1.740380 2.115953
v 0.319473 1.729901 2.379918
v 0.316686 1.729815 2.380733
v 0.314133 1.729581 2.381371
v 0.321833 1.141366 2.382484
v 0.319514 1.141353 2.383205
v 0.317355 1.141316 2.383693
v 0.308275 -1.747274 2.115953
v 0.299152 -1.747420 2.076242
v 0.286656 -1.747088 2.139786
v 0.314133 -1.736474 2.381371
v 0.316686 -1.736709 2.380733
v 0.319473 -1.736795 2.379919
v 0.317355 -1.148210 2.383693
v 0.319514 -1.148247 2.383205
v 0.321833 -1.148261 2.382484
v 0.254869 -0.628887 2.385959
v 0.254772 -0.003447 2.386039
v 0.254869 0.621993 2.385959
v 0.306045 0.621840 2.385438
v 0.306051 -0.003447 2.385493
v 0.306045 -0.628734 2.385438
v 0.315571 0.621993 2.384245
v 0.315686 -0.003447 2.384306
v 0.315571 -0.628887 2.384245
v 0.144347 -1.747038 0.408971
v 0.198638 -1.747360 0.365475
v 0.242822 -1.747081 0.265027
v 0.217780 -1.736452 0.017055
v 0.169674 -1.736528 0.017281
v 0.121538 -1.736184 0.017734
v 0.215327 -1.148195 0.014190
v 0.167780 -1.148130 0.014239
v 0.120302 -1.147867 0.014408
v 0.242822 1.740187 0.265027
v 0.198638 1.740466 0.365475
v 0.144347 1.740143 0.408971
v 0.121538 1.729289 0.017734
v 0.169674 1.729633 0.017281
v 0.217780 1.729557 0.017055
v 0.120302 1.140972 0.014408
v 0.167780 1.141236 0.014239
v 0.215327 1.141301 0.014190
v 0.120302 -1.147867 2.385523
v 0.167780 -1.148130 2.385692
v 0.215327 -1.148195 2.385741
v 0.217779 -1.736452 2.382876
v 0.169674 -1.736527 2.382650
v 0.121538 -1.736183 2.382197
v 0.242822 -1.747081 2.134904
v 0.198638 -1.747360 2.034456
v 0.144347 -1.747038 1.990960
v 0.351030 -1.148208 1.614781
v 0.351041 -1.148232 1.199965
v 0.351030 -1.148208 0.785150
v 0.347901 -1.736462 0.784045
v 0.347853 -1.736610 1.199965
v 0.347901 -1.736462 1.615886
v 0.330052 -1.747083 0.782012
v 0.326927 -1.747373 1.199965
v 0.330052 -1.747083 1.617918
v 0.330052 1.740188 1.617918
v 0.326927 1.740479 1.199965
v 0.330052 1.740188 0.782012
v 0.347901 1.729568 0.784045
v 0.347853 1.729716 1.199965
v 0.347901 1.729568 1.615886
v 0.351030 1.141313 0.785150
v 0.351041 1.141337 1.199965
v 0.351030 1.141313 1.614781
v 0.144347 1.740143 1.990960
v 0.198638 1.740466 2.034456
v 0.242822 1.740186 2.134904
v 0.217779 1.729558 2.382876
v 0.169674 1.729633 2.382650
v 0.121538 1.729289 2.382197
v 0.215327 1.141301 2.385741
v 0.167780 1.141236 2.385692
v 0.120302 1.140972 2.385523
v 0.346510 0.622044 0.038193
v 0.346593 -0.003447 0.038136
v 0.346510 -0.628939 0.038193
v 0.324634 -0.628938 0.018293
v 0.324698 -0.003447 0.018219
v 0.324634 0.622044 0.018293
v 0.337286 0.622044 0.026684
v 0.337353 -0.003447 0.026623
v 0.337286 -0.628939 0.026684
v 0.324634 0.622044 2.381638
v 0.324698 -0.003447 2.381712
v 0.324634 -0.628939 2.381638
v 0.346510 -0.628939 2.361738
v 0.346593 -0.003447 2.361795
v 0.346510 0.622044 2.361738
v 0.337286 0.622044 2.373247
v 0.337353 -0.003447 2.373308
v 0.337286 -0.628939 2.373247
v 0.317690 0.622023 0.016042
v 0.317802 -0.003447 0.015976
v 0.317690 -0.628917 0.016042
v 0.319806 0.622038 0.016516
v 0.319903 -0.003447 0.016446
v 0.319806 -0.628932 0.016516
v 0.322070 0.622043 0.017227
v 0.322149 -0.003447 0.017154
v 0.322070 -0.628938 0.017227
v 0.279002 -1.749027 1.199965
v 0.263519 -1.748018 1.927423
v 0.286856 -1.748377 1.792291
v 0.302901 -1.748089 1.919921
v 0.302037 -1.748396 1.787240
v 0.310775 -1.748091 1.915130
v 0.307051 -1.748396 1.781015
v 0.315470 -1.748089 1.900997
v 0.310035 -1.748378 1.699213
v 0.318386 -1.748018 1.626742
v 0.311125 -1.748359 1.199965
v 0.318386 -1.748018 0.773189
v 0.310035 -1.748377 0.700718
v 0.315470 -1.748089 0.498934
v 0.307051 -1.748396 0.618916
v 0.310775 -1.748091 0.484801
v 0.302037 -1.748396 0.612691
v 0.302901 -1.748089 0.480010
v 0.286856 -1.748377 0.607640
v 0.263519 -1.748018 0.472508
v 0.225062 -1.748353 0.685656
v 0.163007 -1.747996 0.762302
v 0.175483 -1.748347 1.199965
v 0.163007 -1.747996 1.637629
v 0.225062 -1.748353 1.714275
v 0.120163 -0.628722 2.385813
v 0.120117 -0.003447 2.385910
v 0.120163 0.621828 2.385813
v 0.167570 -0.628868 2.385959
v 0.167499 -0.003447 2.386048
v 0.167570 0.621974 2.385959
v 0.215059 -0.628909 2.385994
v 0.214969 -0.003447 2.386078
v 0.215059 0.622015 2.385994
v 0.347682 0.622043 0.040525
v 0.347763 -0.003447 0.040454
v 0.347682 -0.628938 0.040526
v 0.348464 0.622038 0.042585
v 0.348541 -0.003447 0.042497
v 0.348464 -0.628932 0.042585
v 0.348986 0.622023 0.044510
v 0.349057 -0.003447 0.044408
v 0.348986 -0.628917 0.044510
v 0.028563 1.651488 1.602353
v 0.028563 1.651888 1.199965
v 0.028563 1.651488 0.797578
v 0.028619 1.667599 1.606325
v 0.028619 1.667940 1.199965
v 0.028619 1.667599 0.793606
v 0.028770 1.683707 1.610440
v 0.028770 1.683707 0.789491
v 0.028563 0.586272 0.079350
v 0.028563 -0.003447 0.079169
v 0.028563 -0.593167 0.079349
v 0.028619 0.594145 0.064172
v 0.028619 -0.003447 0.063944
v 0.028619 -0.601040 0.064172
v 0.028770 0.602025 0.049042
v 0.028770 -0.003447 0.048774
v 0.028770 -0.608919 0.049042
v 0.028563 -1.658382 0.797578
v 0.028563 -1.658782 1.199965
v 0.028563 -1.658382 1.602353
v 0.028619 -1.674494 0.793606
v 0.028619 -1.674835 1.199965
v 0.028619 -1.674493 1.606325
v 0.028770 -1.690601 0.789491
v 0.028770 -1.690601 1.610440
v 0.215059 -0.628909 0.013937
v 0.214969 -0.003447 0.013853
v 0.215059 0.622015 0.013937
v 0.167570 -0.628868 0.013972
v 0.167499 -0.003447 0.013883
v 0.167570 0.621974 0.013972
v 0.120163 -0.628722 0.014118
v 0.120117 -0.003447 0.014021
v 0.120163 0.621828 0.014118
v 0.340183 0.622044 0.029576
v 0.340256 -0.003447 0.029521
v 0.340183 -0.628939 0.029576
v 0.342722 0.622044 0.032573
v 0.342800 -0.003447 0.032521
v 0.342722 -0.628939 0.032573
v 0.344849 0.622044 0.035502
v 0.344931 -0.003447 0.035451
v 0.344849 -0.628939 0.035502
v 0.322070 0.622043 2.382704
v 0.322149 -0.003447 2.382777
v 0.322070 -0.628938 2.382704
v 0.319806 0.622038 2.383415
v 0.319903 -0.003447 2.383485
v 0.319806 -0.628932 2.383415
v 0.317690 0.622023 2.383889
v 0.317802 -0.003447 2.383955
v 0.317690 -0.628917 2.383889
v 0.327592 0.622044 0.019804
v 0.327649 -0.003447 0.019730
v 0.327592 -0.628939 0.019804
v 0.330813 0.622044 0.021739
v 0.330869 -0.003447 0.021668
v 0.330813 -0.628939 0.021739
v 0.334107 0.622044 0.024049
v 0.334168 -0.003447 0.023982
v 0.334107 -0.628939 0.024049
v 0.351307 -0.628916 1.614663
v 0.351399 -0.003447 1.614623
v 0.351307 0.622022 1.614663
v 0.351322 -0.628926 1.199965
v 0.351415 -0.003447 1.199965
v 0.351322 0.622031 1.199965
v 0.351307 -0.628916 0.785268
v 0.351399 -0.003447 0.785308
v 0.351307 0.622022 0.785268
v 0.334107 0.622044 2.375882
v 0.334168 -0.003447 2.375949
v 0.334107 -0.628939 2.375882
v 0.330813 0.622044 2.378192
v 0.330869 -0.003447 2.378263
v 0.330813 -0.628939 2.378192
v 0.327592 0.622044 2.380127
v 0.327649 -0.003447 2.380201
v 0.327592 -0.628939 2.380127
v 0.344849 0.622044 2.364429
v 0.344931 -0.003447 2.364480
v 0.344849 -0.628939 2.364429
v 0.342722 0.622044 2.367358
v 0.342800 -0.003447 2.367410
v 0.342722 -0.628939 2.367358
v 0.340183 0.622044 2.370355
v 0.340256 -0.003447 2.370410
v 0.340183 -0.628939 2.370355
v 0.348986 0.622023 2.355421
v 0.349057 -0.003447 2.355523
v 0.348986 -0.628917 2.355421
v 0.348464 0.622038 2.357346
v 0.348541 -0.003447 2.357434
v 0.348464 -0.628932 2.357346
v 0.347682 0.622043 2.359405
v 0.347763 -0.003447 2.359477
v 0.347682 -0.628938 2.359406
v 0.279002 1.742132 1.199965
v 0.318386 1.741124 1.626741
v 0.310035 1.741483 1.699213
v 0.315470 1.741195 1.900997
v 0.307051 1.741502 1.781015
v 0.310775 1.741197 1.915130
v 0.302037 1.741502 1.787240
v 0.302901 1.741195 1.919921
v 0.286856 1.741483 1.792291
v 0.263519 1.741123 1.927423
v 0.225062 1.741459 1.714275
v 0.163007 1.741102 1.637629
v 0.175483 1.741453 1.199965
v 0.163007 1.741102 0.762302
v 0.225062 1.741459 0.685656
v 0.263519 1.741123 0.472508
v 0.286856 1.741483 0.607640
v 0.302901 1.741194 0.480010
v 0.302037 1.741502 0.612691
v 0.310775 1.741197 0.484801
v 0.307051 1.741502 0.618916
v 0.315470 1.741195 0.498934
v 0.310035 1.741483 0.700718
v 0.318386 1.741124 0.773189
v 0.311125 1.741465 1.199965
v 0.028563 -0.593166 2.320581
v 0.028563 -0.003447 2.320762
v 0.028563 0.586272 2.320581
v 0.028619 -0.601040 2.335759
v 0.028619 -0.003447 2.335987
v 0.028619 0.594145 2.335759
v 0.028770 -0.608919 2.350889
v 0.028770 -0.003447 2.351157
v 0.028770 0.602025 2.350889
v 0.028555 -1.628874 2.136669
v 0.028555 -1.619825 2.133199
v 0.028555 -1.612107 2.131315
v 0.028555 -1.625597 2.245912
v 0.028555 -1.616747 2.241865
v 0.028555 -1.609506 2.239697
v 0.028555 -1.621215 2.287339
v 0.028555 -1.612689 2.282909
v 0.028555 -1.606256 2.280554
v 0.028555 -1.360135 2.129078
v 0.028555 -1.359957 2.237554
v 0.028555 -1.360105 2.278918
v 0.028555 -1.522623 2.129335
v 0.028555 -1.521981 2.237734
v 0.028555 -1.521693 2.278949
v 0.028555 -1.588094 2.129743
v 0.028555 -1.586830 2.238065
v 0.028555 -1.585804 2.279083
v 0.028555 -1.372629 2.297775
v 0.028555 -1.535766 2.297037
v 0.028555 -1.600601 2.296017
v 0.028555 -1.366069 2.292292
v 0.028555 -1.528350 2.291759
v 0.028555 -1.592730 2.291004
v 0.028555 -1.362495 2.288969
v 0.028555 -1.524159 2.288627
v 0.028555 -1.588004 2.288147
v 0.028555 -1.372629 0.102156
v 0.028555 -1.366069 0.107639
v 0.028555 -1.362495 0.110962
v 0.028555 -1.535766 0.102894
v 0.028555 -1.528350 0.108172
v 0.028555 -1.524158 0.111304
v 0.028555 -1.600601 0.103914
v 0.028555 -1.592730 0.108927
v 0.028555 -1.588003 0.111784
v 0.028555 -1.360135 0.270852
v 0.028555 -1.522623 0.270595
v 0.028555 -1.588094 0.270188
v 0.028555 -1.359957 0.162377
v 0.028555 -1.521981 0.162197
v 0.028555 -1.586829 0.161866
v 0.028555 -1.360105 0.121013
v 0.028555 -1.521693 0.120981
v 0.028555 -1.585804 0.120847
v 0.028555 -1.628874 0.263262
v 0.028555 -1.625596 0.154019
v 0.028555 -1.621215 0.112592
v 0.028555 -1.619825 0.266732
v 0.028555 -1.616747 0.158066
v 0.028555 -1.612689 0.117022
v 0.028555 -1.612107 0.268616
v 0.028555 -1.609505 0.160234
v 0.028555 -1.606256 0.119377
v 0.028555 1.365735 2.297775
v 0.028555 1.359175 2.292292
v 0.028555 1.355601 2.288969
v 0.028555 1.528872 2.297037
v 0.028555 1.521456 2.291759
v 0.028555 1.517264 2.288627
v 0.028555 1.593706 2.296017
v 0.028555 1.585836 2.291004
v 0.028555 1.581109 2.288147
v 0.028555 1.353240 2.129078
v 0.028555 1.515728 2.129335
v 0.028555 1.581200 2.129743
v 0.028555 1.353063 2.237554
v 0.028555 1.515087 2.237734
v 0.028555 1.579935 2.238065
v 0.028555 1.353211 2.278918
v 0.028555 1.514799 2.278949
v 0.028555 1.578910 2.279083
v 0.028555 1.621980 2.136669
v 0.028555 1.618702 2.245912
v 0.028555 1.614321 2.287339
v 0.028555 1.612931 2.133199
v 0.028555 1.609852 2.241865
v 0.028555 1.605795 2.282909
v 0.028555 1.605212 2.131315
v 0.028555 1.602611 2.239697
v 0.028555 1.599362 2.280554
v 0.028555 1.365735 0.102156
v 0.028555 1.528872 0.102894
v 0.028555 1.593706 0.103914
v 0.028555 1.359175 0.107639
v 0.028555 1.521456 0.108173
v 0.028555 1.585836 0.108927
v 0.028555 1.355601 0.110962
v 0.028555 1.517264 0.111304
v 0.028555 1.581109 0.111784
v 0.028555 1.621980 0.263262
v 0.028555 1.612931 0.266732
v 0.028555 1.605213 0.268616
v 0.028555 1.618702 0.154019
v 0.028555 1.609852 0.158066
v 0.028555 1.602611 0.160234
v 0.028555 1.614321 0.112592
v 0.028555 1.605795 0.117022
v 0.028555 1.599362 0.119377
v 0.028555 1.353240 0.270853
v 0.028555 1.353063 0.162377
v 0.028555 1.353211 0.121013
v 0.028555 1.515728 0.270595
v 0.028555 1.515087 0.162197
v 0.028555 1.514799 0.120981
v 0.028555 1.581200 0.270188
v 0.028555 1.579935 0.161866
v 0.028555 1.578910 0.120847
v 0.054790 1.472537 0.015971
v 0.054855 1.646273 0.016938
v 0.054931 1.713538 0.018239
v 0.040612 1.471012 0.016894
v 0.040630 1.644532 0.018071
v 0.040652 1.711675 0.019656
v 0.034408 1.469133 0.018069
v 0.034409 1.642335 0.019483
v 0.034410 1.709266 0.021391
v 0.057353 1.736126 0.190697
v 0.041372 1.733935 0.193324
v 0.034503 1.731006 0.196391
v 0.055798 1.733917 0.072849
v 0.040910 1.731804 0.075410
v 0.034444 1.728979 0.078418
v 0.055173 1.730936 0.028022
v 0.040723 1.728908 0.030241
v 0.034419 1.726207 0.032874
v 0.029543 1.707722 0.212751
v 0.029542 1.706132 0.095446
v 0.029541 1.703978 0.049089
v 0.030234 1.716275 0.207386
v 0.030232 1.714658 0.089595
v 0.030231 1.712449 0.043177
v 0.031155 1.722559 0.203230
v 0.031153 1.720819 0.085248
v 0.031151 1.718432 0.039009
v 0.029543 1.453315 0.029829
v 0.030234 1.460155 0.024416
v 0.031155 1.464291 0.021315
v 0.029542 1.623817 0.032004
v 0.030232 1.631574 0.026497
v 0.031153 1.636459 0.023211
v 0.029541 1.689008 0.034920
v 0.030231 1.697206 0.029293
v 0.031151 1.702597 0.025763
v 0.054790 -1.479431 0.015971
v 0.040612 -1.477906 0.016894
v 0.034408 -1.476027 0.018069
v 0.054855 -1.653167 0.016938
v 0.040630 -1.651426 0.018071
v 0.034409 -1.649229 0.019483
v 0.054931 -1.720433 0.018239
v 0.040652 -1.718569 0.019657
v 0.034410 -1.716160 0.021391
v 0.029543 -1.460209 0.029829
v 0.029542 -1.630712 0.032004
v 0.029541 -1.695902 0.034920
v 0.030234 -1.467049 0.024416
v 0.030232 -1.638468 0.026497
v 0.030231 -1.704101 0.029292
v 0.031155 -1.471185 0.021315
v 0.031153 -1.643353 0.023211
v 0.031151 -1.709491 0.025763
v 0.029543 -1.714616 0.212752
v 0.030234 -1.723169 0.207386
v 0.031155 -1.729453 0.203230
v 0.029542 -1.713027 0.095446
v 0.030232 -1.721552 0.089595
v 0.031153 -1.727713 0.085248
v 0.029541 -1.710872 0.049089
v 0.030231 -1.719344 0.043177
v 0.031151 -1.725326 0.039009
v 0.057353 -1.743020 0.190697
v 0.055798 -1.740812 0.072849
v 0.055173 -1.737831 0.028022
v 0.041372 -1.740829 0.193324
v 0.040910 -1.738698 0.075410
v 0.040723 -1.735802 0.030241
v 0.034503 -1.737901 0.196391
v 0.034444 -1.735873 0.078418
v 0.034419 -1.733101 0.032875
v 0.057353 -1.743020 2.209234
v 0.041372 -1.740829 2.206607
v 0.034503 -1.737901 2.203540
v 0.055798 -1.740811 2.327082
v 0.040910 -1.738699 2.324522
v 0.034444 -1.735874 2.321512
v 0.055173 -1.737831 2.371909
v 0.040723 -1.735802 2.369690
v 0.034419 -1.733101 2.367056
v 0.029543 -1.714616 2.187180
v 0.029542 -1.713026 2.304485
v 0.029541 -1.710872 2.350842
v 0.030234 -1.723169 2.192545
v 0.030232 -1.721552 2.310336
v 0.030231 -1.719344 2.356754
v 0.031155 -1.729453 2.196701
v 0.031153 -1.727714 2.314683
v 0.031151 -1.725326 2.360922
v 0.029543 -1.460209 2.370102
v 0.030234 -1.467049 2.375515
v 0.031155 -1.471185 2.378616
v 0.029542 -1.630712 2.367927
v 0.030232 -1.638468 2.373434
v 0.031153 -1.643354 2.376720
v 0.029541 -1.695902 2.365011
v 0.030231 -1.704101 2.370638
v 0.031151 -1.709492 2.374168
v 0.054790 -1.479431 2.383960
v 0.054855 -1.653167 2.382993
v 0.054931 -1.720433 2.381692
v 0.040612 -1.477906 2.383037
v 0.040630 -1.651426 2.381860
v 0.040652 -1.718569 2.380274
v 0.034408 -1.476027 2.381862
v 0.034409 -1.649229 2.380448
v 0.034410 -1.716160 2.378540
v 0.054790 1.472537 2.383960
v 0.040612 1.471012 2.383037
v 0.034408 1.469133 2.381862
v 0.054855 1.646273 2.382993
v 0.040630 1.644532 2.381860
v 0.034409 1.642335 2.380448
v 0.054931 1.713539 2.381692
v 0.040652 1.711675 2.380274
v 0.034410 1.709266 2.378540
v 0.029543 1.453315 2.370102
v 0.029542 1.623817 2.367927
v 0.029541 1.689008 2.365011
v 0.030234 1.460155 2.375515
v 0.030232 1.631574 2.373434
v 0.030231 1.697206 2.370639
v 0.031155 1.464291 2.378616
v 0.031153 1.636459 2.376720
v 0.031151 1.702597 2.374168
v 0.029543 1.707722 2.187180
v 0.030234 1.716275 2.192545
v 0.031155 1.722559 2.196701
v 0.029542 1.706132 2.304485
v 0.030232 1.714658 2.310336
v 0.031153 1.720819 2.314683
v 0.029541 1.703978 2.350842
v 0.030231 1.712449 2.356754
v 0.031151 1.718432 2.360922
v 0.057353 1.736126 2.209234
v 0.055798 1.733917 2.327082
v 0.055173 1.730936 2.371909
v 0.041372 1.733935 2.206607
v 0.040910 1.731804 2.324522
v 0.040723 1.728908 2.369690
v 0.034503 1.731007 2.203540
v 0.034444 1.728980 2.321512
v 0.034419 1.726207 2.367056
v 0.343556 -1.743413 0.215578
v 0.345608 -1.741457 0.216829
v 0.347122 -1.738780 0.217829
v 0.345280 -1.741457 0.101419
v 0.346535 -1.739752 0.102807
v 0.347614 -1.737393 0.103908
v 0.346530 -1.738780 0.058637
v 0.347351 -1.737393 0.060093
v 0.348104 -1.735501 0.061248
v 0.350533 -1.481297 0.220438
v 0.350483 -1.481053 0.106333
v 0.350383 -1.480848 0.063036
v 0.349958 -1.655016 0.219958
v 0.349974 -1.654581 0.105942
v 0.349939 -1.654171 0.062831
v 0.349206 -1.722051 0.219360
v 0.349324 -1.721341 0.105433
v 0.349394 -1.720571 0.062547
v 0.349245 -1.481298 0.049227
v 0.348799 -1.655016 0.049868
v 0.348207 -1.722051 0.050667
v 0.349623 -1.481053 0.051192
v 0.349213 -1.654581 0.051686
v 0.348689 -1.721341 0.052324
v 0.349953 -1.480848 0.053165
v 0.349562 -1.654171 0.053446
v 0.349089 -1.720571 0.053825
v 0.281877 -1.481298 0.014634
v 0.282471 -1.655016 0.015157
v 0.283204 -1.722051 0.015841
v 0.296419 -1.481053 0.014680
v 0.296869 -1.654581 0.015142
v 0.297452 -1.721341 0.015734
v 0.303161 -1.480848 0.014771
v 0.303388 -1.654171 0.015174
v 0.303703 -1.720571 0.015670
v 0.289783 -1.743413 0.043133
v 0.302582 -1.741458 0.025976
v 0.308091 -1.738780 0.019096
v 0.286853 -1.741458 0.025678
v 0.300595 -1.739752 0.020216
v 0.306434 -1.737393 0.017772
v 0.285129 -1.738781 0.018557
v 0.299199 -1.737393 0.017533
v 0.305141 -1.735501 0.016874
v 0.312504 -1.481298 0.015805
v 0.310345 -1.481053 0.015461
v 0.308176 -1.480848 0.015162
v 0.311800 -1.655016 0.016212
v 0.309801 -1.654581 0.015835
v 0.307866 -1.654171 0.015517
v 0.310921 -1.722051 0.016750
v 0.309100 -1.721341 0.016311
v 0.307450 -1.720571 0.015947
v 0.289783 -1.743413 2.356798
v 0.286853 -1.741457 2.374253
v 0.285129 -1.738780 2.381373
v 0.302582 -1.741457 2.373955
v 0.300595 -1.739752 2.379715
v 0.299199 -1.737393 2.382398
v 0.308091 -1.738780 2.380835
v 0.306434 -1.737393 2.382159
v 0.305141 -1.735501 2.383057
v 0.281877 -1.481297 2.385297
v 0.296419 -1.481053 2.385251
v 0.303161 -1.480848 2.385160
v 0.282471 -1.655016 2.384774
v 0.296869 -1.654581 2.384789
v 0.303388 -1.654171 2.384757
v 0.283204 -1.722051 2.384090
v 0.297452 -1.721341 2.384197
v 0.303703 -1.720571 2.384261
v 0.312504 -1.481298 2.384126
v 0.311800 -1.655016 2.383719
v 0.310921 -1.722051 2.383181
v 0.310345 -1.481053 2.384470
v 0.309801 -1.654581 2.384096
v 0.309100 -1.721341 2.383620
v 0.308176 -1.480848 2.384769
v 0.307866 -1.654171 2.384414
v 0.307450 -1.720571 2.383984
v 0.350533 -1.481298 2.179493
v 0.349958 -1.655016 2.179973
v 0.349206 -1.722051 2.180571
v 0.350483 -1.481053 2.293598
v 0.349974 -1.654581 2.293989
v 0.349324 -1.721341 2.294498
v 0.350383 -1.480848 2.336895
v 0.349939 -1.654171 2.337100
v 0.349394 -1.720571 2.337384
v 0.343556 -1.743413 2.184353
v 0.345280 -1.741457 2.298512
v 0.346530 -1.738780 2.341294
v 0.345608 -1.741457 2.183102
v 0.346535 -1.739752 2.297124
v 0.347351 -1.737393 2.339839
v 0.347122 -1.738780 2.182102
v 0.347614 -1.737393 2.296023
v 0.348104 -1.735501 2.338683
v 0.349245 -1.481297 2.350704
v 0.349623 -1.481053 2.348739
v 0.349953 -1.480848 2.346766
v 0.348799 -1.655016 2.350063
v 0.349213 -1.654581 2.348245
v 0.349562 -1.654171 2.346485
v 0.348207 -1.722051 2.349264
v 0.348689 -1.721341 2.347607
v 0.349089 -1.720571 2.346106
v 0.289783 1.736519 0.043133
v 0.286853 1.734563 0.025678
v 0.285129 1.731886 0.018558
v 0.302582 1.734563 0.025976
v 0.300595 1.732857 0.020216
v 0.299199 1.730498 0.017533
v 0.308091 1.731886 0.019096
v 0.306434 1.730498 0.017772
v 0.305141 1.728607 0.016874
v 0.281877 1.474403 0.014634
v 0.296419 1.474159 0.014680
v 0.303161 1.473954 0.014771
v 0.282471 1.648122 0.015157
v 0.296869 1.647687 0.015142
v 0.303388 1.647277 0.015174
v 0.283204 1.715156 0.015841
v 0.297452 1.714447 0.015734
v 0.303703 1.713677 0.015670
v 0.312504 1.474403 0.015805
v 0.311800 1.648122 0.016212
v 0.310921 1.715156 0.016750
v 0.310345 1.474159 0.015461
v 0.309801 1.647687 0.015835
v 0.309100 1.714447 0.016311
v 0.308176 1.473954 0.015162
v 0.307866 1.647277 0.015517
v 0.307450 1.713677 0.015947
v 0.343556 1.736519 0.215578
v 0.345280 1.734563 0.101418
v 0.346530 1.731886 0.058637
v 0.345608 1.734563 0.216829
v 0.346535 1.732857 0.102807
v 0.347351 1.730498 0.060093
v 0.347122 1.731886 0.217829
v 0.347614 1.730498 0.103908
v 0.348104 1.728607 0.061248
v 0.349245 1.474403 0.049227
v 0.349623 1.474159 0.051192
v 0.349953 1.473954 0.053165
v 0.348799 1.648122 0.049868
v 0.349213 1.647687 0.051686
v 0.349562 1.647277 0.053446
v 0.348207 1.715156 0.050667
v 0.348689 1.714447 0.052324
v 0.349089 1.713677 0.053825
v 0.350533 1.474403 0.220438
v 0.349958 1.648122 0.219958
v 0.349206 1.715156 0.219360
v 0.350483 1.474159 0.106333
v 0.349974 1.647687 0.105942
v 0.349324 1.714447 0.105433
v 0.350383 1.473954 0.063036
v 0.349939 1.647277 0.062831
v 0.349394 1.713677 0.062547
v 0.343556 1.736519 2.184353
v 0.345608 1.734563 2.183102
v 0.347122 1.731886 2.182102
v 0.345280 1.734563 2.298512
v 0.346535 1.732857 2.297124
v 0.347614 1.730498 2.296023
v 0.346530 1.731886 2.341294
v 0.347351 1.730498 2.339839
v 0.348104 1.728607 2.338683
v 0.350533 1.474403 2.179493
v 0.350483 1.474159 2.293598
v 0.350383 1.473954 2.336895
v 0.349958 1.648122 2.179973
v 0.349974 1.647687 2.293989
v 0.349939 1.647277 2.337100
v 0.349206 1.715156 2.180571
v 0.349324 1.714447 2.294498
v 0.349394 1.713677 2.337384
v 0.349245 1.474403 2.350704
v 0.348799 1.648122 2.350063
v 0.348207 1.715156 2.349264
v 0.349623 1.474159 2.348739
v 0.349213 1.647687 2.348245
v 0.348689 1.714447 2.347607
v 0.349953 1.473954 2.346766
v 0.349562 1.647277 2.346485
v 0.349089 1.713677 2.346106
v 0.289783 1.736519 2.356798
v 0.302582 1.734563 2.373955
v 0.308091 1.731886 2.380835
v 0.286853 1.734563 2.374253
v 0.300595 1.732857 2.379715
v 0.306434 1.730498 2.382159
v 0.285129 1.731886 2.381373
v 0.299199 1.730498 2.382398
v 0.305141 1.728607 2.383057
v 0.312504 1.474403 2.384126
v 0.310345 1.474159 2.384470
v 0.308176 1.473954 2.384769
v 0.311800 1.648122 2.383719
v 0.309801 1.647687 2.384096
v 0.307866 1.647277 2.384414
v 0.310921 1.715156 2.383181
v 0.309100 1.714447 2.383620
v 0.307450 1.713677 2.383984
v 0.281877 1.474403 2.385297
v 0.282471 1.648122 2.384774
v 0.283204 1.715156 2.384090
v 0.296419 1.474159 2.385251
v 0.296869 1.647687 2.384789
v 0.297452 1.714447 2.384197
v 0.303161 1.473954 2.385160
v 0.303388 1.647277 2.384757
v 0.303703 1.713677 2.384261
v 0.029545 0.613355 0.027426
v 0.029545 -0.003447 0.027128
v 0.029545 -0.620249 0.027426
v 0.030236 0.616197 0.022122
v 0.030236 -0.003447 0.021836
v 0.030236 -0.623092 0.022122
v 0.031158 0.617830 0.019227
v 0.031158 -0.003447 0.018968
v 0.031158 -0.624724 0.019227
v 0.034408 0.619674 0.016514
v 0.034408 -0.003447 0.016321
v 0.034408 -0.626568 0.016514
v 0.040590 0.620428 0.015600
v 0.040587 -0.003447 0.015439
v 0.040590 -0.627323 0.015600
v 0.054710 0.621059 0.014905
v 0.054700 -0.003447 0.014772
v 0.054710 -0.627954 0.014905
v 0.064405 -1.745445 1.627420
v 0.066608 -1.745747 1.199965
v 0.064405 -1.745445 0.772511
v 0.043463 -1.743156 1.626143
v 0.044116 -1.743445 1.199965
v 0.043463 -1.743156 0.773788
v 0.034767 -1.740101 1.624660
v 0.034849 -1.740374 1.199965
v 0.034767 -1.740101 0.775272
v 0.031158 -1.731335 1.621406
v 0.031158 -1.731569 1.199965
v 0.031158 -1.731335 0.778525
v 0.030236 -1.724927 1.619517
v 0.030236 -1.725144 1.199965
v 0.030236 -1.724927 0.780414
v 0.029545 -1.716357 1.617183
v 0.029545 -1.716357 0.782748
v 0.029545 -0.620249 2.372505
v 0.029545 -0.003447 2.372803
v 0.029545 0.613355 2.372505
v 0.030236 -0.623092 2.377809
v 0.030236 -0.003447 2.378094
v 0.030236 0.616197 2.377809
v 0.031158 -0.624724 2.380704
v 0.031158 -0.003447 2.380963
v 0.031158 0.617830 2.380703
v 0.034408 -0.626568 2.383417
v 0.034408 -0.003447 2.383610
v 0.034408 0.619674 2.383417
v 0.040590 -0.627323 2.384331
v 0.040587 -0.003447 2.384492
v 0.040590 0.620428 2.384331
v 0.054710 -0.627954 2.385026
v 0.054699 -0.003447 2.385159
v 0.054710 0.621059 2.385026
v 0.064405 1.738551 0.772511
v 0.066608 1.738853 1.199965
v 0.064405 1.738551 1.627420
v 0.043463 1.736261 0.773788
v 0.044116 1.736551 1.199965
v 0.043463 1.736261 1.626143
v 0.034767 1.733207 0.775271
v 0.034849 1.733480 1.199965
v 0.034767 1.733207 1.624659
v 0.031158 1.724441 0.778525
v 0.031158 1.724674 1.199965
v 0.031158 1.724441 1.621406
v 0.030236 1.718032 0.780414
v 0.030236 1.718250 1.199965
v 0.030236 1.718032 1.619517
v 0.029545 1.709462 0.782748
v 0.029545 1.709462 1.617182
v 0.028555 0.569398 0.271094
v 0.028555 -0.003447 0.271123
v 0.028555 -0.576292 0.271094
v 0.028555 0.569499 0.162519
v 0.028555 -0.003447 0.162535
v 0.028555 -0.576393 0.162519
v 0.028555 0.569717 0.120998
v 0.028555 -0.003447 0.120996
v 0.028555 -0.576611 0.120998
v 0.028555 0.570796 0.110586
v 0.028555 -0.003447 0.110539
v 0.028555 -0.577690 0.110586
v 0.028555 0.572248 0.107069
v 0.028555 -0.003447 0.106999
v 0.028555 -0.579142 0.107069
v 0.028555 0.575000 0.101359
v 0.028555 -0.003447 0.101260
v 0.028555 -0.581894 0.101359
v 0.028555 -1.632507 1.596742
v 0.028555 -1.632959 1.199965
v 0.028555 -1.632507 0.803189
v 0.028555 -1.623298 1.595345
v 0.028555 -1.623732 1.199965
v 0.028555 -1.623298 0.804587
v 0.028555 -1.615195 1.594571
v 0.028555 -1.615583 1.199965
v 0.028555 -1.615195 0.805360
v 0.028555 -1.589906 1.593866
v 0.028555 -1.590139 1.199965
v 0.028555 -1.589906 0.806065
v 0.028555 -1.523709 1.593654
v 0.028555 -1.523851 1.199965
v 0.028555 -1.523709 0.806277
v 0.028555 -1.360598 1.593506
v 0.028555 -1.360661 1.199965
v 0.028555 -1.360598 0.806425
v 0.028555 -0.576292 2.128837
v 0.028555 -0.003447 2.128808
v 0.028555 0.569398 2.128837
v 0.028555 -0.576393 2.237412
v 0.028555 -0.003447 2.237396
v 0.028555 0.569499 2.237412
v 0.028555 -0.576611 2.278933
v 0.028555 -0.003447 2.278935
v 0.028555 0.569717 2.278933
v 0.028555 -0.577690 2.289345
v 0.028555 -0.003447 2.289392
v 0.028555 0.570796 2.289345
v 0.028555 -0.579142 2.292861
v 0.028555 -0.003447 2.292932
v 0.028555 0.572248 2.292861
v 0.028555 -0.581895 2.298572
v 0.028555 -0.003447 2.298671
v 0.028555 0.575000 2.298572
v 0.028555 1.625612 0.803189
v 0.028555 1.626065 1.199965
v 0.028555 1.625612 1.596742
v 0.028555 1.616404 0.804586
v 0.028555 1.616837 1.199965
v 0.028555 1.616404 1.595344
v 0.028555 1.608301 0.805360
v 0.028555 1.608689 1.199965
v 0.028555 1.608301 1.594571
v 0.028555 1.583012 0.806065
v 0.028555 1.583244 1.199965
v 0.028555 1.583012 1.593866
v 0.028555 1.516815 0.806277
v 0.028555 1.516957 1.199965
v 0.028555 1.516815 1.593654
v 0.028555 1.353704 0.806425
v 0.028555 1.353767 1.199965
v 0.028555 1.353704 1.593506
v 0.028769 1.681442 0.229078
v 0.028619 1.664854 0.239291
v 0.028563 1.648273 0.249217
v 0.028769 1.679395 0.114067
v 0.028618 1.662373 0.125950
v 0.028563 1.645369 0.137560
v 0.028769 1.676653 0.068911
v 0.028618 1.659056 0.081837
v 0.028563 1.641483 0.094540
v 0.028769 1.660304 0.055751
v 0.028618 1.641217 0.069855
v 0.028563 1.622159 0.083861
v 0.028769 1.595415 0.053147
v 0.028619 1.576217 0.067650
v 0.028563 1.557046 0.082106
v 0.028769 1.427270 0.051199
v 0.028619 1.409426 0.066000
v 0.028563 1.391601 0.080797
v 0.028563 -1.655168 0.249217
v 0.028619 -1.671748 0.239291
v 0.028769 -1.688336 0.229078
v 0.028563 -1.652263 0.137560
v 0.028619 -1.669268 0.125950
v 0.028769 -1.686289 0.114067
v 0.028563 -1.648377 0.094540
v 0.028618 -1.665950 0.081837
v 0.028769 -1.683547 0.068911
v 0.028563 -1.629053 0.083860
v 0.028618 -1.648111 0.069855
v 0.028769 -1.667198 0.055751
v 0.028563 -1.563940 0.082106
v 0.028619 -1.583111 0.067650
v 0.028769 -1.602309 0.053147
v 0.028563 -1.398496 0.080797
v 0.028619 -1.416320 0.065999
v 0.028769 -1.434164 0.051199
v 0.028563 -1.398496 2.319134
v 0.028619 -1.416320 2.333931
v 0.028769 -1.434164 2.348732
v 0.028563 -1.563940 2.317824
v 0.028618 -1.583111 2.332281
v 0.028769 -1.602309 2.346784
v 0.028563 -1.629053 2.316070
v 0.028618 -1.648111 2.330076
v 0.028769 -1.667198 2.344180
v 0.028563 -1.648377 2.305391
v 0.028618 -1.665950 2.318094
v 0.028769 -1.683547 2.331020
v 0.028563 -1.652263 2.262371
v 0.028618 -1.669267 2.273981
v 0.028769 -1.686289 2.285864
v 0.028563 -1.655168 2.150714
v 0.028619 -1.671748 2.160640
v 0.028769 -1.688337 2.170853
v 0.028563 1.648273 2.150714
v 0.028619 1.664854 2.160640
v 0.028769 1.681442 2.170853
v 0.028563 1.645369 2.262371
v 0.028618 1.662373 2.273981
v 0.028769 1.679394 2.285863
v 0.028563 1.641483 2.305391
v 0.028618 1.659056 2.318094
v 0.028769 1.676653 2.331020
v 0.028563 1.622159 2.316071
v 0.028618 1.641217 2.330076
v 0.028769 1.660304 2.344180
v 0.028563 1.557046 2.317824
v 0.028618 1.576217 2.332281
v 0.028769 1.595415 2.346784
v 0.028563 1.391601 2.319134
v 0.028619 1.409426 2.333931
v 0.028769 1.427270 2.348732
v 0.313236 1.738984 0.139579
v 0.307841 1.738995 0.151105
v 0.301018 1.738651 0.122214
v 0.316612 1.736837 0.057488
v 0.312936 1.736756 0.059795
v 0.308992 1.736419 0.050512
v 0.318475 1.733818 0.025539
v 0.315481 1.733715 0.025092
v 0.312662 1.733419 0.023328
v 0.320246 1.716269 0.019078
v 0.317590 1.716205 0.018292
v 0.315156 1.716032 0.017707
v 0.320907 1.648874 0.018353
v 0.318381 1.648831 0.017593
v 0.316057 1.648713 0.017050
v 0.321441 1.474859 0.017817
v 0.319032 1.474833 0.017078
v 0.316801 1.474761 0.016568
v 0.281176 0.621947 0.014043
v 0.281088 -0.003447 0.013969
v 0.281176 -0.628842 0.014043
v 0.295903 0.621897 0.014149
v 0.295838 -0.003447 0.014082
v 0.295903 -0.628791 0.014149
v 0.302906 0.621856 0.014296
v 0.302874 -0.003447 0.014236
v 0.302906 -0.628751 0.014296
v 0.308528 0.621856 0.014742
v 0.308572 -0.003447 0.014689
v 0.308528 -0.628751 0.014742
v 0.310969 0.621897 0.015033
v 0.311047 -0.003447 0.014979
v 0.310969 -0.628791 0.015033
v 0.313329 0.621947 0.015352
v 0.313432 -0.003447 0.015296
v 0.313329 -0.628842 0.015352
v 0.301018 -1.745546 0.122214
v 0.307841 -1.745889 0.151105
v 0.313236 -1.745879 0.139579
v 0.308992 -1.743313 0.050512
v 0.312936 -1.743650 0.059795
v 0.316612 -1.743731 0.057488
v 0.312662 -1.740314 0.023328
v 0.315481 -1.740609 0.025092
v 0.318475 -1.740713 0.025539
v 0.315156 -1.722926 0.017707
v 0.317590 -1.723100 0.018292
v 0.320246 -1.723163 0.019078
v 0.316057 -1.655607 0.017051
v 0.318381 -1.655725 0.017593
v 0.320907 -1.655769 0.018353
v 0.316801 -1.481655 0.016568
v 0.319032 -1.481727 0.017078
v 0.321441 -1.481754 0.017817
v 0.324483 1.738995 0.145675
v 0.321108 1.739086 0.160123
v 0.318913 1.738996 0.142259
v 0.328600 1.736852 0.063725
v 0.325536 1.736880 0.066291
v 0.322712 1.736852 0.060084
v 0.330786 1.733834 0.031909
v 0.327747 1.733837 0.030410
v 0.324656 1.733834 0.028082
v 0.332597 1.716278 0.025711
v 0.329424 1.716278 0.023515
v 0.326224 1.716278 0.021657
v 0.333182 1.648880 0.025067
v 0.329959 1.648880 0.022827
v 0.326744 1.648880 0.020937
v 0.333620 1.474863 0.024584
v 0.330363 1.474863 0.022311
v 0.327142 1.474863 0.020400
v 0.318913 -1.745890 0.142259
v 0.321108 -1.745981 0.160123
v 0.324483 -1.745890 0.145676
v 0.322712 -1.743747 0.060084
v 0.325536 -1.743774 0.066291
v 0.328600 -1.743747 0.063725
v 0.324656 -1.740728 0.028082
v 0.327747 -1.740731 0.030410
v 0.330786 -1.740728 0.031909
v 0.326224 -1.723172 0.021656
v 0.329424 -1.723172 0.023515
v 0.332597 -1.723172 0.025711
v 0.326744 -1.655775 0.020937
v 0.329959 -1.655775 0.022827
v 0.333182 -1.655775 0.025067
v 0.327142 -1.481757 0.020400
v 0.330363 -1.481757 0.022311
v 0.333620 -1.481757 0.024584
v 0.332582 1.738995 0.154693
v 0.330037 1.739086 0.168246
v 0.328826 1.738996 0.149626
v 0.337627 1.736852 0.073652
v 0.335555 1.736880 0.075405
v 0.333625 1.736852 0.068295
v 0.340382 1.733834 0.042387
v 0.338416 1.733837 0.040115
v 0.336175 1.733834 0.036811
v 0.342813 1.716278 0.036747
v 0.340770 1.716278 0.033836
v 0.338356 1.716278 0.030950
v 0.343604 1.648880 0.036274
v 0.341527 1.648880 0.033350
v 0.339064 1.648880 0.030418
v 0.344195 1.474863 0.035912
v 0.342094 1.474863 0.032982
v 0.339595 1.474863 0.030019
v 0.328826 -1.745890 0.149626
v 0.330037 -1.745981 0.168246
v 0.332582 -1.745890 0.154693
v 0.333625 -1.743747 0.068295
v 0.335555 -1.743774 0.075405
v 0.337627 -1.743747 0.073652
v 0.336175 -1.740728 0.036811
v 0.338416 -1.740731 0.040115
v 0.340382 -1.740728 0.042388
v 0.338356 -1.723172 0.030950
v 0.340770 -1.723172 0.033836
v 0.342813 -1.723172 0.036747
v 0.339064 -1.655775 0.030418
v 0.341527 -1.655775 0.033350
v 0.343604 -1.655775 0.036274
v 0.339595 -1.481757 0.030019
v 0.342094 -1.481757 0.032982
v 0.344195 -1.481757 0.035912
v 0.337493 1.738651 0.210068
v 0.335170 1.738995 0.193941
v 0.334931 1.738985 0.161561
v 0.342301 1.736419 0.097010
v 0.341033 1.736756 0.090680
v 0.340273 1.736837 0.079678
v 0.344877 1.733419 0.054657
v 0.344055 1.733715 0.051750
v 0.343152 1.733818 0.048070
v 0.347154 1.716032 0.046815
v 0.346512 1.716205 0.044601
v 0.345647 1.716269 0.042185
v 0.347877 1.648713 0.045996
v 0.347280 1.648831 0.043881
v 0.346444 1.648875 0.041584
v 0.348407 1.474760 0.045319
v 0.347846 1.474833 0.043290
v 0.347034 1.474859 0.041098
v 0.334931 -1.745879 0.161561
v 0.335170 -1.745889 0.193941
v 0.337493 -1.745546 0.210068
v 0.340273 -1.743731 0.079678
v 0.341033 -1.743650 0.090680
v 0.342301 -1.743313 0.097011
v 0.343152 -1.740713 0.048070
v 0.344055 -1.740609 0.051750
v 0.344877 -1.740313 0.054657
v 0.345647 -1.723163 0.042185
v 0.346512 -1.723100 0.044601
v 0.347154 -1.722926 0.046815
v 0.346444 -1.655768 0.041584
v 0.347280 -1.655725 0.043881
v 0.347877 -1.655607 0.045996
v 0.347034 -1.481753 0.041098
v 0.347846 -1.481727 0.043290
v 0.348407 -1.481655 0.045319
v 0.351183 -0.628842 0.221000
v 0.351264 -0.003447 0.221071
v 0.351183 0.621947 0.221000
v 0.351067 -0.628791 0.106781
v 0.351140 -0.003447 0.106837
v 0.351067 0.621897 0.106781
v 0.350904 -0.628751 0.063265
v 0.350970 -0.003447 0.063294
v 0.350904 0.621856 0.063265
v 0.350415 -0.628750 0.052844
v 0.350473 -0.003447 0.052804
v 0.350415 0.621856 0.052844
v 0.350095 -0.628791 0.050624
v 0.350154 -0.003447 0.050553
v 0.350095 0.621897 0.050624
v 0.349744 -0.628842 0.048478
v 0.349806 -0.003447 0.048383
v 0.349744 0.621947 0.048478
v 0.334931 1.738984 2.238370
v 0.335170 1.738995 2.205990
v 0.337493 1.738651 2.189863
v 0.340273 1.736837 2.320253
v 0.341033 1.736756 2.309251
v 0.342301 1.736419 2.302920
v 0.343152 1.733818 2.351861
v 0.344055 1.733715 2.348181
v 0.344877 1.733419 2.345274
v 0.345647 1.716269 2.357746
v 0.346512 1.716205 2.355330
v 0.347154 1.716032 2.353116
v 0.346444 1.648874 2.358347
v 0.347280 1.648831 2.356050
v 0.347877 1.648713 2.353935
v 0.347034 1.474859 2.358833
v 0.347846 1.474833 2.356641
v 0.348407 1.474761 2.354612
v 0.351183 0.621947 2.178931
v 0.351264 -0.003447 2.178860
v 0.351183 -0.628842 2.178931
v 0.351067 0.621897 2.293150
v 0.351140 -0.003447 2.293094
v 0.351067 -0.628791 2.293150
v 0.350904 0.621856 2.336666
v 0.350970 -0.003447 2.336637
v 0.350904 -0.628751 2.336666
v 0.350415 0.621856 2.347087
v 0.350473 -0.003447 2.347127
v 0.350415 -0.628750 2.347087
v 0.350095 0.621897 2.349307
v 0.350154 -0.003447 2.349378
v 0.350095 -0.628791 2.349307
v 0.349744 0.621947 2.351453
v 0.349806 -0.003447 2.351548
v 0.349744 -0.628842 2.351453
v 0.337493 -1.745546 2.189863
v 0.335170 -1.745889 2.205990
v 0.334931 -1.745879 2.238370
v 0.342301 -1.743313 2.302920
v 0.341033 -1.743650 2.309251
v 0.340273 -1.743731 2.320253
v 0.344877 -1.740314 2.345273
v 0.344055 -1.740609 2.348181
v 0.343152 -1.740713 2.351861
v 0.347154 -1.722926 2.353116
v 0.346512 -1.723099 2.355330
v 0.345647 -1.723163 2.357746
v 0.347877 -1.655607 2.353935
v 0.347280 -1.655725 2.356050
v 0.346444 -1.655768 2.358347
v 0.348407 -1.481655 2.354612
v 0.347846 -1.481727 2.356641
v 0.347034 -1.481753 2.358833
v 0.328826 1.738996 2.250305
v 0.330037 1.739086 2.231685
v 0.332582 1.738996 2.245237
v 0.333625 1.736853 2.331635
v 0.335555 1.736880 2.324526
v 0.337627 1.736852 2.326279
v 0.336175 1.733834 2.363120
v 0.338416 1.733837 2.359815
v 0.340382 1.733834 2.357543
v 0.338356 1.716278 2.368981
v 0.340770 1.716278 2.366095
v 0.342813 1.716278 2.363184
v 0.339064 1.648880 2.369513
v 0.341527 1.648880 2.366581
v 0.343604 1.648880 2.363657
v 0.339595 1.474863 2.369912
v 0.342094 1.474863 2.366949
v 0.344195 1.474863 2.364019
v 0.332582 -1.745890 2.245237
v 0.330037 -1.745981 2.231685
v 0.328826 -1.745890 2.250305
v 0.337627 -1.743747 2.326279
v 0.335555 -1.743775 2.324526
v 0.333625 -1.743747 2.331635
v 0.340382 -1.740728 2.357543
v 0.338416 -1.740731 2.359815
v 0.336175 -1.740728 2.363120
v 0.342813 -1.723172 2.363184
v 0.340770 -1.723172 2.366095
v 0.338356 -1.723172 2.368981
v 0.343604 -1.655775 2.363657
v 0.341527 -1.655775 2.366581
v 0.339064 -1.655775 2.369513
v 0.344195 -1.481757 2.364019
v 0.342094 -1.481757 2.366949
v 0.339595 -1.481757 2.369912
v 0.318913 1.738996 2.257672
v 0.321108 1.739086 2.239808
v 0.324483 1.738996 2.254256
v 0.322712 1.736852 2.339847
v 0.325536 1.736880 2.333640
v 0.328600 1.736852 2.336206
v 0.324656 1.733834 2.371849
v 0.327747 1.733837 2.369521
v 0.330786 1.733834 2.368022
v 0.326224 1.716278 2.378275
v 0.329424 1.716278 2.376416
v 0.332597 1.716278 2.374220
v 0.326744 1.648880 2.378994
v 0.329959 1.648880 2.377104
v 0.333182 1.648880 2.374864
v 0.327142 1.474863 2.379531
v 0.330363 1.474863 2.377620
v 0.333620 1.474863 2.375347
v 0.324483 -1.745890 2.254256
v 0.321108 -1.745981 2.239808
v 0.318913 -1.745890 2.257672
v 0.328600 -1.743747 2.336206
v 0.325536 -1.743774 2.333640
v 0.322712 -1.743747 2.339847
v 0.330786 -1.740728 2.368022
v 0.327747 -1.740731 2.369521
v 0.324656 -1.740728 2.371849
v 0.332597 -1.723172 2.374220
v 0.329424 -1.723172 2.376416
v 0.326224 -1.723172 2.378275
v 0.333182 -1.655775 2.374864
v 0.329959 -1.655775 2.377104
v 0.326744 -1.655775 2.378994
v 0.333620 -1.481757 2.375347
v 0.330363 -1.481757 2.377620
v 0.327142 -1.481757 2.379531
v 0.301018 1.738651 2.277717
v 0.307841 1.738995 2.248826
v 0.313236 1.738984 2.260352
v 0.308992 1.736419 2.349419
v 0.312936 1.736756 2.340136
v 0.316612 1.736837 2.342443
v 0.312662 1.733419 2.376603
v 0.315481 1.733715 2.374839
v 0.318475 1.733818 2.374392
v 0.315156 1.716032 2.382224
v 0.317590 1.716205 2.381639
v 0.320246 1.716269 2.380853
v 0.316057 1.648713 2.382880
v 0.318381 1.648831 2.382338
v 0.320907 1.648875 2.381577
v 0.316801 1.474760 2.383363
v 0.319032 1.474833 2.382853
v 0.321441 1.474859 2.382114
v 0.313236 -1.745879 2.260352
v 0.307841 -1.745889 2.248826
v 0.301018 -1.745546 2.277717
v 0.316612 -1.743731 2.342443
v 0.312936 -1.743650 2.340136
v 0.308992 -1.743313 2.349419
v 0.318475 -1.740713 2.374392
v 0.315481 -1.740609 2.374839
v 0.312662 -1.740313 2.376603
v 0.320246 -1.723163 2.380853
v 0.317590 -1.723100 2.381639
v 0.315156 -1.722926 2.382224
v 0.320907 -1.655768 2.381577
v 0.318381 -1.655725 2.382338
v 0.316057 -1.655607 2.382881
v 0.321441 -1.481753 2.382114
v 0.319032 -1.481727 2.382853
v 0.316801 -1.481655 2.383363
v 0.281176 -0.628842 2.385888
v 0.281088 -0.003447 2.385962
v 0.281176 0.621947 2.385888
v 0.295903 -0.628791 2.385782
v 0.295838 -0.003447 2.385849
v 0.295903 0.621897 2.385782
v 0.302906 -0.628751 2.385635
v 0.302874 -0.003447 2.385695
v 0.302906 0.621856 2.385635
v 0.308528 -0.628750 2.385189
v 0.308572 -0.003447 2.385242
v 0.308528 0.621856 2.385190
v 0.310969 -0.628791 2.384898
v 0.311047 -0.003447 2.384952
v 0.310969 0.621897 2.384898
v 0.313329 -0.628842 2.384579
v 0.313432 -0.003447 2.384635
v 0.313329 0.621947 2.384579
v 0.131650 -1.745448 0.184851
v 0.182658 -1.745772 0.166051
v 0.229374 -1.745531 0.123420
v 0.124948 -1.743156 0.068918
v 0.174166 -1.743484 0.062877
v 0.222080 -1.743293 0.049987
v 0.122244 -1.740092 0.025202
v 0.170670 -1.740426 0.023954
v 0.218896 -1.740291 0.022081
v 0.121170 -1.722567 0.016537
v 0.169107 -1.722923 0.016190
v 0.217034 -1.722904 0.016031
v 0.120826 -1.655200 0.015598
v 0.168580 -1.655557 0.015331
v 0.216351 -1.655586 0.015223
v 0.120529 -1.481245 0.014896
v 0.168126 -1.481576 0.014687
v 0.215769 -1.481636 0.014614
v 0.229374 1.738637 0.123420
v 0.182658 1.738878 0.166051
v 0.131650 1.738554 0.184851
v 0.222080 1.736398 0.049987
v 0.174166 1.736589 0.062877
v 0.124948 1.736261 0.068918
v 0.218896 1.733396 0.022081
v 0.170670 1.733531 0.023954
v 0.122244 1.733197 0.025202
v 0.217034 1.716010 0.016031
v 0.169107 1.716029 0.016190
v 0.121170 1.715673 0.016537
v 0.216351 1.648691 0.015223
v 0.168580 1.648662 0.015331
v 0.120826 1.648305 0.015598
v 0.215769 1.474742 0.014614
v 0.168126 1.474682 0.014687
v 0.120529 1.474351 0.014896
v 0.120529 -1.481245 2.385035
v 0.168126 -1.481577 2.385244
v 0.215769 -1.481636 2.385316
v 0.120826 -1.655200 2.384333
v 0.168580 -1.655557 2.384600
v 0.216350 -1.655586 2.384708
v 0.121170 -1.722567 2.383394
v 0.169106 -1.722923 2.383741
v 0.217034 -1.722904 2.383900
v 0.122244 -1.740091 2.374729
v 0.170670 -1.740425 2.375977
v 0.218896 -1.740291 2.377850
v 0.124948 -1.743156 2.331013
v 0.174166 -1.743484 2.337054
v 0.222080 -1.743292 2.349944
v 0.131650 -1.745448 2.215080
v 0.182658 -1.745772 2.233880
v 0.229374 -1.745531 2.276511
v 0.350566 -1.481651 1.614975
v 0.350570 -1.481697 1.199965
v 0.350566 -1.481651 0.784956
v 0.349902 -1.655601 1.615234
v 0.349894 -1.655675 1.199965
v 0.349902 -1.655601 0.784697
v 0.349019 -1.722917 1.615543
v 0.348994 -1.723027 1.199965
v 0.349019 -1.722917 0.784388
v 0.346364 -1.740298 1.616260
v 0.346240 -1.740487 1.199965
v 0.346364 -1.740298 0.783671
v 0.343556 -1.743298 1.616696
v 0.343075 -1.743526 1.199965
v 0.343556 -1.743298 0.783235
v 0.338459 -1.745534 1.617235
v 0.337068 -1.745797 1.199965
v 0.338459 -1.745534 0.782696
v 0.338459 1.738640 1.617235
v 0.337068 1.738903 1.199965
v 0.338459 1.738640 0.782696
v 0.343556 1.736404 1.616696
v 0.343075 1.736632 1.199965
v 0.343556 1.736403 0.783235
v 0.346364 1.733404 1.616260
v 0.346240 1.733593 1.199965
v 0.346364 1.733404 0.783671
v 0.349019 1.716023 1.615543
v 0.348994 1.716132 1.199965
v 0.349019 1.716023 0.784388
v 0.349902 1.648706 1.615234
v 0.349894 1.648781 1.199965
v 0.349902 1.648706 0.784697
v 0.350566 1.474757 1.614975
v 0.350570 1.474802 1.199965
v 0.350566 1.474757 0.784956
v 0.131650 1.738554 2.215080
v 0.182658 1.738878 2.233880
v 0.229374 1.738637 2.276511
v 0.124948 1.736261 2.331013
v 0.174166 1.736589 2.337054
v 0.222080 1.736398 2.349944
v 0.122244 1.733197 2.374729
v 0.170670 1.733531 2.375977
v 0.218896 1.733396 2.377850
v 0.121170 1.715673 2.383394
v 0.169106 1.716029 2.383741
v 0.217034 1.716010 2.383900
v 0.120826 1.648305 2.384333
v 0.168580 1.648662 2.384600
v 0.216350 1.648692 2.384708
v 0.120529 1.474351 2.385035
v 0.168126 1.474682 2.385244
v 0.215769 1.474742 2.385316
v 0.028555 0.569344 0.806580
v 0.028555 0.569338 1.199965
v 0.028555 0.569344 1.593351
v 0.028555 -0.003447 0.806600
v 0.028555 -0.003447 1.199965
v 0.028555 -0.003447 1.593331
v 0.028555 -0.576238 0.806580
v 0.028555 -0.576233 1.199965
v 0.028555 -0.576238 1.593351
vn 0.7705 0.6374 -0.0003
vn 0.7708 0.6371 -0.0000
vn 0.7397 0.6730 -0.0000
vn 0.7395 0.6732 -0.0003
vn 0.7705 0.6374 0.0003
vn 0.7395 0.6732 0.0003
vn 0.7063 0.7079 -0.0000
vn 0.7061 0.7081 -0.0004
vn 0.7061 0.7081 0.0004
vn 0.8061 0.5917 -0.0008
vn 0.8106 0.5856 -0.0002
vn 0.7698 0.6382 -0.0009
vn 0.8178 0.5755 -0.0000
vn 0.8171 0.5765 0.0002
vn 0.8091 0.5877 0.0008
vn 0.7698 0.6383 0.0009
vn 0.7390 0.6737 0.0010
vn 0.7056 0.7086 0.0011
vn 0.6576 0.7534 0.0012
vn 0.6583 0.7528 0.0004
vn 0.6585 0.7526 -0.0000
vn 0.6583 0.7527 -0.0004
vn 0.7056 0.7086 -0.0011
vn 0.6576 0.7533 -0.0012
vn 0.7390 0.6738 -0.0010
vn 0.9999 -0.0000 -0.0114
vn 1.0000 -0.0000 -0.0005
vn 1.0000 -0.0000 0.0099
vn 0.9995 -0.0000 -0.0307
vn 0.9999 -0.0000 -0.0115
vn 0.9995 -0.0000 -0.0305
vn 1.0000 -0.0000 -0.0006
vn 1.0000 -0.0000 0.0098
vn 0.9996 -0.0000 0.0268
vn 0.9996 -0.0000 0.0269
vn 0.9996 -0.0000 0.0270
vn 0.9995 -0.0000 -0.0304
vn 0.7706 -0.6374 0.0003
vn 0.7708 -0.6371 -0.0000
vn 0.7397 -0.6730 -0.0000
vn 0.7395 -0.6732 0.0003
vn 0.7705 -0.6374 -0.0003
vn 0.7395 -0.6732 -0.0003
vn 0.7063 -0.7080 -0.0000
vn 0.7061 -0.7081 0.0004
vn 0.7061 -0.7081 -0.0004
vn 0.8061 -0.5918 0.0008
vn 0.8071 -0.5904 0.0003
vn 0.7698 -0.6382 0.0009
vn 0.8200 -0.5724 -0.0000
vn 0.8071 -0.5904 -0.0003
vn 0.8061 -0.5918 -0.0008
vn 0.7698 -0.6383 -0.0009
vn 0.7390 -0.6737 -0.0010
vn 0.7056 -0.7086 -0.0011
vn 0.6402 -0.7682 -0.0012
vn 0.6446 -0.7645 -0.0004
vn 0.6410 -0.7676 -0.0000
vn 0.6368 -0.7710 0.0004
vn 0.7056 -0.7086 0.0011
vn 0.6398 -0.7685 0.0011
vn 0.7390 -0.6737 0.0010
vn 0.0083 0.0001 -1.0000
vn 0.0083 -0.0000 -1.0000
vn -0.0000 -0.0000 -1.0000
vn -0.0000 0.0001 -1.0000
vn 0.0083 -0.0001 -1.0000
vn -0.0000 -0.0001 -1.0000
vn -0.0083 -0.0000 -1.0000
vn -0.0083 0.0001 -1.0000
vn -0.0083 -0.0001 -1.0000
vn 0.0226 0.0004 -0.9997
vn 0.0226 0.0001 -0.9997
vn 0.0083 0.0004 -1.0000
vn 0.0226 -0.0000 -0.9997
vn 0.0226 -0.0001 -0.9997
vn 0.0226 -0.0004 -0.9997
vn 0.0083 -0.0004 -1.0000
vn -0.0000 -0.0004 -1.0000
vn -0.0083 -0.0004 -1.0000
vn -0.0226 -0.0004 -0.9997
vn -0.0226 -0.0001 -0.9997
vn -0.0226 -0.0000 -0.9997
vn -0.0226 0.0001 -0.9997
vn -0.0083 0.0004 -1.0000
vn -0.0226 0.0004 -0.9997
vn -0.0000 0.0004 -1.0000
vn -0.9999 0.0142 -0.0000
vn -0.9999 0.0143 -0.0000
vn -1.0000 0.0007 -0.0000
vn -0.9999 -0.0123 -0.0000
vn -0.9999 -0.0122 -0.0000
vn -0.9994 0.0349 0.0001
vn -0.9994 0.0351 -0.0000
vn -0.9999 0.0141 -0.0000
vn -0.9994 0.0352 -0.0000
vn -0.9994 0.0349 -0.0001
vn -0.9999 -0.0121 -0.0000
vn -0.9995 -0.0300 -0.0000
vn -0.9995 -0.0304 -0.0000
vn -0.9995 -0.0305 -0.0000
vn -0.9999 -0.0000 0.0114
vn -1.0000 -0.0000 0.0005
vn -1.0000 -0.0000 -0.0099
vn -0.9995 -0.0000 0.0307
vn -0.9995 -0.0000 0.0305
vn -0.9999 -0.0000 0.0115
vn -0.9995 -0.0000 0.0304
vn -1.0000 -0.0000 0.0006
vn -1.0000 -0.0000 -0.0098
vn -0.9996 -0.0000 -0.0268
vn -0.9996 -0.0000 -0.0269
vn -0.9996 -0.0000 -0.0270
vn -0.3743 0.0001 0.9273
vn -0.3741 -0.0000 0.9274
vn -0.4074 -0.0000 0.9133
vn -0.4083 0.0001 0.9128
vn -0.3743 -0.0001 0.9273
vn -0.4083 -0.0001 0.9128
vn -0.4514 -0.0000 0.8923
vn -0.4484 0.0001 0.8938
vn -0.4485 -0.0001 0.8938
vn -0.3267 0.0004 0.9451
vn -0.3202 0.0001 0.9473
vn -0.3750 0.0004 0.9270
vn -0.3179 -0.0000 0.9481
vn -0.3178 -0.0001 0.9482
vn -0.3175 -0.0004 0.9483
vn -0.3750 -0.0004 0.9270
vn -0.4111 -0.0004 0.9116
vn -0.4517 -0.0004 0.8922
vn -0.5116 -0.0004 0.8592
vn -0.5161 -0.0001 0.8566
vn -0.5658 -0.0000 0.8246
vn -0.5161 0.0001 0.8566
vn -0.4517 0.0004 0.8922
vn -0.5115 0.0004 0.8593
vn -0.4111 0.0004 0.9116
vn -0.9999 -0.0142 -0.0000
vn -0.9999 -0.0143 -0.0000
vn -1.0000 -0.0007 -0.0000
vn -0.9999 0.0123 -0.0000
vn -0.9999 0.0122 -0.0000
vn -0.9994 -0.0349 -0.0001
vn -0.9994 -0.0351 -0.0000
vn -0.9999 -0.0141 -0.0000
vn -0.9994 -0.0352 -0.0000
vn -0.9994 -0.0349 0.0001
vn -0.9999 0.0121 -0.0000
vn -0.9995 0.0300 -0.0000
vn -0.9994 0.0337 -0.0000
vn -0.9994 0.0358 -0.0000
vn -0.3631 -0.0001 -0.9317
vn -0.3632 -0.0000 -0.9317
vn -0.3724 -0.0000 -0.9281
vn -0.3724 -0.0001 -0.9281
vn -0.3631 0.0001 -0.9317
vn -0.3724 0.0001 -0.9281
vn -0.3633 -0.0000 -0.9317
vn -0.3633 -0.0001 -0.9317
vn -0.3633 0.0001 -0.9317
vn -0.3276 -0.0004 -0.9448
vn -0.3318 -0.0001 -0.9434
vn -0.3629 -0.0004 -0.9318
vn -0.3319 -0.0000 -0.9433
vn -0.3318 0.0001 -0.9433
vn -0.3314 0.0004 -0.9435
vn -0.3629 0.0004 -0.9318
vn -0.3723 0.0004 -0.9281
vn -0.3631 0.0004 -0.9317
vn -0.3212 0.0004 -0.9470
vn -0.3218 0.0001 -0.9468
vn -0.3270 -0.0000 -0.9450
vn -0.3318 -0.0001 -0.9433
vn -0.3632 -0.0004 -0.9317
vn -0.3314 -0.0004 -0.9435
vn -0.3723 -0.0004 -0.9281
vn -0.7061 -0.7081 0.0004
vn -0.7063 -0.7080 -0.0000
vn -0.7397 -0.6730 -0.0000
vn -0.7395 -0.6731 0.0003
vn -0.7061 -0.7081 -0.0004
vn -0.7395 -0.6732 -0.0003
vn -0.7708 -0.6371 -0.0000
vn -0.7706 -0.6374 0.0003
vn -0.7706 -0.6374 -0.0003
vn -0.6503 -0.7597 0.0011
vn -0.6447 -0.7645 0.0004
vn -0.7056 -0.7086 0.0011
vn -0.6517 -0.7585 -0.0000
vn -0.6583 -0.7528 -0.0004
vn -0.6576 -0.7534 -0.0012
vn -0.7056 -0.7086 -0.0011
vn -0.7390 -0.6737 -0.0010
vn -0.7698 -0.6382 -0.0009
vn -0.8091 -0.5877 -0.0008
vn -0.8171 -0.5765 -0.0002
vn -0.8200 -0.5723 -0.0000
vn -0.8071 -0.5904 0.0003
vn -0.7698 -0.6382 0.0009
vn -0.8061 -0.5918 0.0008
vn -0.7390 -0.6737 0.0010
vn -0.9999 -0.0000 -0.0114
vn -1.0000 -0.0000 -0.0005
vn -1.0000 -0.0000 0.0099
vn -0.9995 -0.0000 -0.0307
vn -0.9995 -0.0000 -0.0305
vn -0.9999 -0.0000 -0.0115
vn -0.9995 -0.0000 -0.0304
vn -1.0000 -0.0000 -0.0006
vn -1.0000 -0.0000 0.0098
vn -0.9996 -0.0000 0.0268
vn -0.9996 -0.0000 0.0269
vn -0.9996 -0.0000 0.0270
vn 0.0201 0.9998 0.0005
vn 0.0202 0.9998 -0.0000
vn -0.0000 1.0000 -0.0000
vn -0.0000 1.0000 0.0005
vn 0.0201 0.9998 -0.0005
vn -0.0000 1.0000 -0.0005
vn -0.0202 0.9998 -0.0000
vn -0.0201 0.9998 0.0005
vn -0.0201 0.9998 -0.0005
vn 0.0537 0.9986 0.0015
vn 0.0549 0.9985 0.0005
vn 0.0196 0.9998 0.0014
vn 0.0553 0.9985 -0.0000
vn 0.0549 0.9985 -0.0005
vn 0.0537 0.9986 -0.0015
vn 0.0196 0.9998 -0.0014
vn -0.0000 1.0000 -0.0014
vn -0.0196 0.9998 -0.0014
vn -0.0536 0.9986 -0.0015
vn -0.0549 0.9985 -0.0005
vn -0.0553 0.9985 -0.0000
vn -0.0549 0.9985 0.0005
vn -0.0196 0.9998 0.0014
vn -0.0537 0.9986 0.0015
vn -0.0000 1.0000 0.0014
vn -0.7061 0.7081 -0.0004
vn -0.7063 0.7080 -0.0000
vn -0.7397 0.6730 -0.0000
vn -0.7395 0.6732 -0.0003
vn -0.7061 0.7081 0.0004
vn -0.7395 0.6732 0.0003
vn -0.7708 0.6370 -0.0000
vn -0.7706 0.6374 -0.0003
vn -0.7706 0.6374 0.0003
vn -0.6576 0.7533 -0.0012
vn -0.6583 0.7528 -0.0004
vn -0.7056 0.7086 -0.0011
vn -0.6585 0.7526 -0.0000
vn -0.6583 0.7528 0.0004
vn -0.6513 0.7588 0.0012
vn -0.7056 0.7086 0.0011
vn -0.7390 0.6737 0.0010
vn -0.7698 0.6382 0.0009
vn -0.8091 0.5877 0.0008
vn -0.8171 0.5765 0.0002
vn -0.8178 0.5755 -0.0000
vn -0.8106 0.5856 -0.0002
vn -0.7698 0.6383 -0.0009
vn -0.8061 0.5918 -0.0008
vn -0.7390 0.6737 -0.0010
vn -0.3743 -0.0001 -0.9273
vn -0.3741 -0.0000 -0.9274
vn -0.4073 -0.0000 -0.9133
vn -0.4083 -0.0001 -0.9129
vn -0.3743 0.0001 -0.9273
vn -0.4083 0.0001 -0.9129
vn -0.4514 -0.0000 -0.8923
vn -0.4484 -0.0001 -0.8938
vn -0.4485 0.0001 -0.8938
vn -0.3330 -0.0004 -0.9429
vn -0.3333 -0.0001 -0.9428
vn -0.3750 -0.0004 -0.9270
vn -0.3334 -0.0000 -0.9428
vn -0.3333 0.0001 -0.9428
vn -0.3330 0.0004 -0.9429
vn -0.3750 0.0004 -0.9270
vn -0.4111 0.0004 -0.9116
vn -0.4517 0.0004 -0.8922
vn -0.5080 0.0004 -0.8613
vn -0.5015 0.0001 -0.8652
vn -0.5658 -0.0000 -0.8246
vn -0.5107 -0.0002 -0.8598
vn -0.4516 -0.0004 -0.8922
vn -0.5209 -0.0004 -0.8536
vn -0.4111 -0.0004 -0.9116
vn 0.0201 -0.9998 -0.0005
vn 0.0202 -0.9998 -0.0000
vn -0.0000 -1.0000 -0.0000
vn -0.0000 -1.0000 -0.0005
vn 0.0201 -0.9998 0.0005
vn -0.0000 -1.0000 0.0005
vn -0.0202 -0.9998 -0.0000
vn -0.0201 -0.9998 -0.0005
vn -0.0201 -0.9998 0.0005
vn 0.0536 -0.9986 -0.0015
vn 0.0549 -0.9985 -0.0005
vn 0.0196 -0.9998 -0.0014
vn 0.0553 -0.9985 -0.0000
vn 0.0549 -0.9985 0.0005
vn 0.0537 -0.9986 0.0015
vn 0.0196 -0.9998 0.0014
vn -0.0000 -1.0000 0.0014
vn -0.0196 -0.9998 0.0014
vn -0.0536 -0.9986 0.0015
vn -0.0549 -0.9985 0.0005
vn -0.0553 -0.9985 -0.0000
vn -0.0549 -0.9985 -0.0005
vn -0.0196 -0.9998 -0.0014
vn -0.0536 -0.9986 -0.0015
vn -0.0000 -1.0000 -0.0014
vn 0.0083 -0.0001 1.0000
vn 0.0083 -0.0000 1.0000
vn -0.0000 -0.0000 1.0000
vn -0.0000 -0.0001 1.0000
vn 0.0083 0.0001 1.0000
vn -0.0000 0.0001 1.0000
vn -0.0083 -0.0000 1.0000
vn -0.0083 -0.0001 1.0000
vn -0.0083 0.0001 1.0000
vn 0.0226 -0.0004 0.9997
vn 0.0226 -0.0001 0.9997
vn 0.0083 -0.0004 1.0000
vn 0.0226 -0.0000 0.9997
vn 0.0226 0.0001 0.9997
vn 0.0226 0.0004 0.9997
vn 0.0083 0.0004 1.0000
vn -0.0000 0.0004 1.0000
vn -0.0083 0.0004 1.0000
vn -0.0226 0.0004 0.9997
vn -0.0226 0.0001 0.9997
vn -0.0226 -0.0000 0.9997
vn -0.0226 -0.0001 0.9997
vn -0.0083 -0.0004 1.0000
vn -0.0226 -0.0004 0.9997
vn -0.0000 -0.0004 1.0000
vn 0.4452 -0.0001 -0.8954
vn 0.4430 -0.0000 -0.8965
vn 0.4073 -0.0000 -0.9133
vn 0.4083 -0.0001 -0.9129
vn 0.4452 0.0001 -0.8954
vn 0.4083 0.0001 -0.9129
vn 0.3741 -0.0000 -0.9274
vn 0.3743 -0.0001 -0.9273
vn 0.3743 0.0001 -0.9273
vn 0.5080 -0.0004 -0.8613
vn 0.5006 -0.0001 -0.8657
vn 0.4516 -0.0004 -0.8922
vn 0.5076 -0.0000 -0.8616
vn 0.5161 0.0002 -0.8565
vn 0.5301 0.0004 -0.8479
vn 0.4516 0.0004 -0.8922
vn 0.4111 0.0004 -0.9116
vn 0.3750 0.0004 -0.9270
vn 0.3330 0.0004 -0.9429
vn 0.3276 0.0001 -0.9448
vn 0.3234 -0.0000 -0.9463
vn 0.3276 -0.0001 -0.9448
vn 0.3751 -0.0004 -0.9270
vn 0.3330 -0.0004 -0.9429
vn 0.4111 -0.0004 -0.9116
vn 0.3632 -0.0001 -0.9317
vn 0.3633 -0.0000 -0.9317
vn 0.3724 -0.0000 -0.9281
vn 0.3724 -0.0001 -0.9281
vn 0.3633 0.0001 -0.9317
vn 0.3724 0.0001 -0.9281
vn 0.3632 -0.0000 -0.9317
vn 0.3631 -0.0001 -0.9317
vn 0.3631 0.0001 -0.9318
vn 0.3250 -0.0003 -0.9457
vn 0.3275 -0.0001 -0.9448
vn 0.3631 -0.0004 -0.9317
vn 0.3192 -0.0000 -0.9477
vn 0.3194 0.0001 -0.9476
vn 0.3212 0.0004 -0.9470
vn 0.3632 0.0004 -0.9317
vn 0.3723 0.0004 -0.9281
vn 0.3629 0.0004 -0.9318
vn 0.3314 0.0004 -0.9435
vn 0.3318 0.0001 -0.9434
vn 0.3319 -0.0000 -0.9433
vn 0.3318 -0.0001 -0.9434
vn 0.3629 -0.0004 -0.9318
vn 0.3314 -0.0004 -0.9435
vn 0.3723 -0.0004 -0.9281
vn 0.6950 -0.7190 0.0004
vn 0.6951 -0.7190 -0.0000
vn 0.7054 -0.7088 -0.0000
vn 0.7053 -0.7089 0.0004
vn 0.6950 -0.7190 -0.0004
vn 0.7054 -0.7088 -0.0004
vn 0.6950 -0.7190 -0.0000
vn 0.6949 -0.7192 0.0004
vn 0.6949 -0.7191 -0.0004
vn 0.6561 -0.7547 0.0011
vn 0.6567 -0.7542 0.0004
vn 0.6948 -0.7192 0.0011
vn 0.6569 -0.7540 -0.0000
vn 0.6567 -0.7542 -0.0004
vn 0.6561 -0.7547 -0.0011
vn 0.6948 -0.7192 -0.0011
vn 0.7052 -0.7090 -0.0011
vn 0.6945 -0.7195 -0.0011
vn 0.6422 -0.7665 -0.0012
vn 0.6500 -0.7599 -0.0005
vn 0.6500 -0.7599 -0.0000
vn 0.6429 -0.7659 0.0004
vn 0.6945 -0.7195 0.0011
vn 0.6486 -0.7611 0.0011
vn 0.7052 -0.7090 0.0011
vn 0.9999 0.0142 -0.0000
vn 1.0000 -0.0062 0.0001
vn 0.9999 -0.0106 -0.0000
vn 0.9999 0.0143 -0.0000
vn 1.0000 -0.0081 0.0002
vn 1.0000 -0.0097 -0.0000
vn 1.0000 -0.0062 -0.0001
vn 1.0000 -0.0081 -0.0002
vn 0.9994 0.0349 0.0001
vn 0.9999 0.0141 -0.0000
vn 0.9994 0.0351 -0.0000
vn 1.0000 0.0007 -0.0000
vn 0.9999 -0.0121 -0.0000
vn 0.9995 -0.0300 -0.0000
vn 0.9996 -0.0284 0.0001
vn 0.9998 -0.0221 -0.0000
vn 0.9996 -0.0284 -0.0001
vn 0.9994 0.0349 -0.0001
vn 0.9994 0.0352 -0.0000
vn -0.3631 0.0001 0.9317
vn -0.3632 -0.0000 0.9317
vn -0.3725 -0.0000 0.9281
vn -0.3724 0.0001 0.9281
vn -0.3631 -0.0001 0.9318
vn -0.3724 -0.0001 0.9281
vn -0.3633 -0.0000 0.9317
vn -0.3633 0.0001 0.9317
vn -0.3633 -0.0001 0.9317
vn -0.3313 0.0004 0.9435
vn -0.3260 0.0001 0.9454
vn -0.3629 0.0004 0.9318
vn -0.3192 -0.0000 0.9477
vn -0.3163 -0.0001 0.9487
vn -0.3180 -0.0004 0.9481
vn -0.3629 -0.0004 0.9318
vn -0.3723 -0.0004 0.9281
vn -0.3632 -0.0004 0.9317
vn -0.3314 -0.0004 0.9435
vn -0.3275 -0.0001 0.9449
vn -0.3194 0.0001 0.9476
vn -0.3632 0.0004 0.9317
vn -0.3277 0.0004 0.9448
vn -0.3723 0.0004 0.9281
vn -0.6949 -0.7191 0.0004
vn -0.6949 -0.7191 -0.0000
vn -0.7054 -0.7088 -0.0000
vn -0.7054 -0.7089 0.0004
vn -0.6948 -0.7192 -0.0004
vn -0.7054 -0.7088 -0.0004
vn -0.6951 -0.7189 -0.0000
vn -0.6950 -0.7190 0.0004
vn -0.6950 -0.7190 -0.0004
vn -0.6560 -0.7548 0.0012
vn -0.6566 -0.7542 0.0004
vn -0.6945 -0.7195 0.0011
vn -0.6568 -0.7541 -0.0000
vn -0.6566 -0.7542 -0.0004
vn -0.6560 -0.7548 -0.0012
vn -0.6945 -0.7195 -0.0011
vn -0.7052 -0.7090 -0.0011
vn -0.6948 -0.7192 -0.0011
vn -0.6423 -0.7665 -0.0012
vn -0.6494 -0.7604 -0.0004
vn -0.6569 -0.7540 -0.0000
vn -0.6495 -0.7604 0.0004
vn -0.6948 -0.7192 0.0011
vn -0.6423 -0.7664 0.0012
vn -0.7052 -0.7090 0.0011
vn 1.0000 -0.0057 -0.0001
vn 1.0000 -0.0032 -0.0002
vn 1.0000 0.0004 -0.0000
vn 1.0000 -0.0003 -0.0000
vn 1.0000 0.0073 -0.0001
vn 1.0000 -0.0006 -0.0000
vn 1.0000 -0.0032 0.0002
vn 1.0000 -0.0057 0.0001
vn 1.0000 0.0073 0.0001
vn 0.9994 -0.0349 -0.0001
vn 0.9999 -0.0141 -0.0000
vn 0.9993 -0.0378 -0.0001
vn 1.0000 -0.0007 -0.0000
vn 0.9999 0.0121 -0.0000
vn 0.9995 0.0300 -0.0000
vn 0.9995 0.0304 -0.0000
vn 0.9995 0.0305 -0.0000
vn 0.9993 -0.0378 0.0001
vn 0.9994 -0.0349 0.0001
vn 0.9991 -0.0417 -0.0000
vn 0.3633 0.0001 0.9317
vn 0.3633 -0.0000 0.9317
vn 0.3724 -0.0000 0.9281
vn 0.3724 0.0001 0.9281
vn 0.3633 -0.0001 0.9317
vn 0.3724 -0.0001 0.9281
vn 0.3632 -0.0000 0.9317
vn 0.3631 0.0001 0.9317
vn 0.3631 -0.0001 0.9318
vn 0.3314 0.0004 0.9435
vn 0.3275 0.0001 0.9448
vn 0.3632 0.0004 0.9317
vn 0.3220 -0.0000 0.9468
vn 0.3275 -0.0001 0.9448
vn 0.3314 -0.0004 0.9435
vn 0.3632 -0.0004 0.9317
vn 0.3723 -0.0004 0.9281
vn 0.3629 -0.0004 0.9318
vn 0.3158 -0.0004 0.9488
vn 0.3162 -0.0001 0.9487
vn 0.3164 -0.0000 0.9486
vn 0.3162 0.0001 0.9487
vn 0.3629 0.0004 0.9318
vn 0.3180 0.0004 0.9481
vn 0.3723 0.0004 0.9281
vn 0.9999 -0.0000 0.0114
vn 1.0000 -0.0000 0.0005
vn 1.0000 -0.0000 -0.0099
vn 0.9995 -0.0000 0.0307
vn 0.9999 -0.0000 0.0115
vn 0.9995 -0.0000 0.0305
vn 1.0000 -0.0000 0.0006
vn 1.0000 -0.0000 -0.0098
vn 0.9996 -0.0000 -0.0268
vn 0.9996 -0.0000 -0.0269
vn 0.9996 -0.0000 -0.0270
vn 0.9995 -0.0000 0.0304
vn -0.6948 0.7192 -0.0004
vn -0.6949 0.7191 -0.0000
vn -0.7054 0.7088 -0.0000
vn -0.7054 0.7089 -0.0004
vn -0.6948 0.7192 0.0004
vn -0.7054 0.7088 0.0004
vn -0.6951 0.7189 -0.0000
vn -0.6950 0.7190 -0.0004
vn -0.6950 0.7190 0.0004
vn -0.6560 0.7548 -0.0012
vn -0.6566 0.7542 -0.0004
vn -0.6945 0.7195 -0.0011
vn -0.6568 0.7541 -0.0000
vn -0.6566 0.7542 0.0004
vn -0.6559 0.7548 0.0012
vn -0.6945 0.7195 0.0011
vn -0.7052 0.7090 0.0011
vn -0.6948 0.7192 0.0011
vn -0.6561 0.7547 0.0011
vn -0.6502 0.7598 0.0004
vn -0.6393 0.7690 -0.0000
vn -0.6351 0.7724 -0.0004
vn -0.6948 0.7192 -0.0011
vn -0.6387 0.7695 -0.0012
vn -0.7052 0.7090 -0.0011
vn 0.6950 0.7190 -0.0004
vn 0.6951 0.7190 -0.0000
vn 0.7054 0.7088 -0.0000
vn 0.7054 0.7089 -0.0004
vn 0.6950 0.7190 0.0004
vn 0.7053 0.7089 0.0004
vn 0.6950 0.7190 -0.0000
vn 0.6949 0.7192 -0.0004
vn 0.6949 0.7191 0.0004
vn 0.6387 0.7695 -0.0012
vn 0.6351 0.7724 -0.0004
vn 0.6948 0.7192 -0.0011
vn 0.6393 0.7689 -0.0000
vn 0.6502 0.7597 0.0004
vn 0.6561 0.7547 0.0011
vn 0.6948 0.7192 0.0011
vn 0.7052 0.7090 0.0011
vn 0.6945 0.7194 0.0011
vn 0.6559 0.7548 0.0012
vn 0.6566 0.7542 0.0004
vn 0.6568 0.7541 -0.0000
vn 0.6566 0.7542 -0.0004
vn 0.6945 0.7195 -0.0011
vn 0.6560 0.7548 -0.0012
vn 0.7052 0.7090 -0.0011
vn 0.6726 0.0034 0.7400
vn 0.7147 0.0246 0.6990
vn 0.8420 0.0216 0.5391
vn 0.6436 0.0012 0.7653
vn 0.8276 0.0035 0.5614
vn 0.8066 0.0013 0.5911
vn 0.5115 0.0004 0.8593
vn 0.5278 0.0011 0.8494
vn 0.6224 0.0004 0.7827
vn 0.5562 0.0037 0.8311
vn 0.6048 0.0245 0.7960
vn 0.7951 0.3396 0.5025
vn 0.8544 0.2979 0.4258
vn 0.9098 0.2487 0.3323
vn 0.9484 0.1971 0.2484
vn 0.9670 0.1537 0.2034
vn 0.9342 0.0189 0.3564
vn 0.9531 0.0023 0.3025
vn 0.7758 0.0005 0.6310
vn 0.9188 0.0003 0.3947
vn 0.8491 0.5282 0.0018
vn 0.8967 0.4426 0.0014
vn 0.8954 0.4453 0.0049
vn 0.8475 0.5307 0.0064
vn 0.9370 0.3493 0.0010
vn 0.9362 0.3514 0.0035
vn 0.8996 0.4354 0.0339
vn 0.8541 0.5182 0.0444
vn 0.9384 0.3448 0.0240
vn 0.8554 0.5179 0.0006
vn 0.8046 0.5938 0.0022
vn 0.8977 0.4407 0.0005
vn 0.9358 0.3526 0.0003
vn 0.9620 0.2732 0.0002
vn 0.9649 0.2628 0.0007
vn 0.9645 0.2641 0.0024
vn 0.9654 0.2602 0.0161
vn 0.8117 0.5817 0.0532
vn 0.8035 0.5953 0.0076
vn 0.9982 0.0598 0.0001
vn 0.9983 0.0586 0.0004
vn 0.9940 0.1090 0.0008
vn 0.9939 0.1100 0.0002
vn 0.9984 0.0562 0.0026
vn 0.9943 0.1061 0.0051
vn 0.9833 0.1818 0.0014
vn 0.9834 0.1817 0.0004
vn 0.9838 0.1790 0.0097
vn 0.9996 0.0294 0.0001
vn 0.9982 0.0606 -0.0000
vn 0.9996 0.0286 0.0002
vn 0.9996 0.0271 0.0013
vn 0.9997 0.0167 0.0150
vn 0.9989 0.0346 0.0328
vn 0.9955 0.0653 0.0687
vn 0.9860 0.1087 0.1265
vn 0.9826 0.1855 0.0001
vn 0.9929 0.1191 -0.0000
vn 0.9980 0.0002 0.0628
vn 0.9895 0.0004 0.1442
vn 0.9907 0.0012 0.1364
vn 0.9981 0.0006 0.0611
vn 0.9442 0.0009 0.3295
vn 0.9923 0.0076 0.1234
vn 0.9983 0.0037 0.0573
vn 0.9736 0.0134 0.2277
vn 0.9980 0.0001 0.0640
vn 0.9996 0.0001 0.0266
vn 0.9855 0.0001 0.1698
vn 0.9997 0.0016 0.0253
vn 0.9997 0.0002 0.0263
vn 0.8491 0.5282 -0.0018
vn 0.8475 0.5308 -0.0064
vn 0.8954 0.4453 -0.0049
vn 0.8967 0.4426 -0.0014
vn 0.8541 0.5182 -0.0444
vn 0.8996 0.4354 -0.0339
vn 0.9362 0.3514 -0.0035
vn 0.9370 0.3493 -0.0010
vn 0.9384 0.3448 -0.0240
vn 0.8046 0.5938 -0.0022
vn 0.8507 0.5257 -0.0007
vn 0.8035 0.5953 -0.0076
vn 0.8117 0.5817 -0.0532
vn 0.7951 0.3396 -0.5025
vn 0.8543 0.2979 -0.4258
vn 0.9098 0.2486 -0.3323
vn 0.9484 0.1971 -0.2483
vn 0.9670 0.1537 -0.2034
vn 0.9654 0.2602 -0.0161
vn 0.9645 0.2641 -0.0024
vn 0.9649 0.2628 -0.0007
vn 0.9371 0.3491 -0.0002
vn 0.9650 0.2623 -0.0002
vn 0.8975 0.4409 -0.0004
vn 0.7075 0.0013 -0.7067
vn 0.9044 0.0024 -0.4267
vn 0.7078 0.0027 -0.7064
vn 0.8397 0.0217 -0.5426
vn 0.7147 0.0246 -0.6990
vn 0.6878 0.0005 -0.7259
vn 0.5432 0.0010 -0.8396
vn 0.8825 0.0004 -0.4703
vn 0.8954 0.0010 -0.4452
vn 0.9293 0.0192 -0.3688
vn 0.6047 0.0245 -0.7961
vn 0.5593 0.0036 -0.8290
vn 0.9980 0.0002 -0.0628
vn 0.9981 0.0006 -0.0611
vn 0.9856 0.0013 -0.1693
vn 0.9830 0.0004 -0.1836
vn 0.9983 0.0037 -0.0573
vn 0.9901 0.0074 -0.1401
vn 0.9724 0.0131 -0.2329
vn 0.9996 0.0001 -0.0266
vn 0.9980 0.0001 -0.0640
vn 0.9997 0.0002 -0.0263
vn 0.9997 0.0016 -0.0253
vn 0.9997 0.0167 -0.0150
vn 0.9989 0.0346 -0.0328
vn 0.9955 0.0653 -0.0687
vn 0.9860 0.1088 -0.1265
vn 0.9813 0.0002 -0.1927
vn 0.9982 0.0598 -0.0001
vn 0.9939 0.1100 -0.0002
vn 0.9940 0.1090 -0.0008
vn 0.9983 0.0586 -0.0004
vn 0.9834 0.1817 -0.0004
vn 0.9833 0.1818 -0.0014
vn 0.9943 0.1061 -0.0051
vn 0.9984 0.0562 -0.0026
vn 0.9838 0.1789 -0.0097
vn 0.9996 0.0294 -0.0001
vn 0.9826 0.1856 -0.0001
vn 0.9996 0.0271 -0.0013
vn 0.9996 0.0286 -0.0002
vn 0.6436 -0.0012 0.7653
vn 0.8108 -0.0012 0.5853
vn 0.8423 -0.0032 0.5390
vn 0.6726 -0.0034 0.7400
vn 0.8397 -0.0218 0.5426
vn 0.7147 -0.0246 0.6990
vn 0.5081 -0.0004 0.8613
vn 0.6134 -0.0004 0.7897
vn 0.5279 -0.0011 0.8493
vn 0.7848 -0.0004 0.6197
vn 0.9265 -0.0193 0.3758
vn 0.9670 -0.1537 0.2034
vn 0.9484 -0.1971 0.2483
vn 0.9098 -0.2486 0.3323
vn 0.8544 -0.2979 0.4258
vn 0.6047 -0.0245 0.7960
vn 0.7951 -0.3396 0.5025
vn 0.5562 -0.0037 0.8311
vn 0.9980 -0.0002 0.0628
vn 0.9981 -0.0006 0.0611
vn 0.9907 -0.0012 0.1364
vn 0.9895 -0.0004 0.1442
vn 0.9983 -0.0037 0.0573
vn 0.9923 -0.0076 0.1234
vn 0.9530 -0.0023 0.3029
vn 0.9427 -0.0008 0.3337
vn 0.9673 -0.0134 0.2533
vn 0.9996 -0.0001 0.0266
vn 0.9980 -0.0001 0.0640
vn 0.9997 -0.0002 0.0263
vn 0.9997 -0.0016 0.0253
vn 0.9997 -0.0167 0.0150
vn 0.9989 -0.0346 0.0328
vn 0.9955 -0.0653 0.0687
vn 0.9860 -0.1088 0.1265
vn 0.9344 -0.0003 0.3561
vn 0.9887 -0.0001 0.1500
vn 0.9982 -0.0598 0.0001
vn 0.9939 -0.1100 0.0002
vn 0.9940 -0.1090 0.0008
vn 0.9983 -0.0586 0.0004
vn 0.9834 -0.1817 0.0004
vn 0.9833 -0.1818 0.0014
vn 0.9943 -0.1061 0.0051
vn 0.9984 -0.0562 0.0026
vn 0.9838 -0.1790 0.0097
vn 0.9982 -0.0606 -0.0000
vn 0.9996 -0.0294 0.0001
vn 0.9938 -0.1109 0.0001
vn 0.9816 -0.1910 0.0001
vn 0.9639 -0.2661 0.0002
vn 0.9649 -0.2628 0.0007
vn 0.9645 -0.2641 0.0024
vn 0.9654 -0.2602 0.0161
vn 0.9996 -0.0271 0.0013
vn 0.9996 -0.0286 0.0002
vn 0.8491 -0.5282 0.0018
vn 0.8475 -0.5308 0.0064
vn 0.8954 -0.4453 0.0049
vn 0.8967 -0.4426 0.0014
vn 0.8541 -0.5182 0.0444
vn 0.8996 -0.4354 0.0339
vn 0.9362 -0.3514 0.0035
vn 0.9370 -0.3493 0.0010
vn 0.9384 -0.3448 0.0240
vn 0.8046 -0.5938 0.0022
vn 0.8507 -0.5257 0.0007
vn 0.8035 -0.5953 0.0076
vn 0.8117 -0.5817 0.0532
vn 0.9331 -0.3597 0.0003
vn 0.8954 -0.4454 0.0005
vn 0.7059 -0.0037 -0.7083
vn 0.7148 -0.0246 -0.6989
vn 0.8243 -0.0213 -0.5658
vn 0.6597 -0.0010 -0.7515
vn 0.8571 -0.0032 -0.5152
vn 0.8809 -0.0007 -0.4733
vn 0.9086 -0.0191 -0.4172
vn 0.5278 -0.0011 -0.8494
vn 0.6396 -0.0005 -0.7687
vn 0.5561 -0.0037 -0.8311
vn 0.6047 -0.0245 -0.7961
vn 0.7951 -0.3396 -0.5025
vn 0.8543 -0.2979 -0.4258
vn 0.9097 -0.2487 -0.3324
vn 0.9503 -0.1971 -0.2409
vn 0.9727 -0.1533 -0.1745
vn 0.8634 -0.0004 -0.5046
vn 0.8491 -0.5282 -0.0018
vn 0.8967 -0.4426 -0.0014
vn 0.8954 -0.4453 -0.0049
vn 0.8475 -0.5307 -0.0064
vn 0.9370 -0.3493 -0.0010
vn 0.9362 -0.3514 -0.0035
vn 0.8996 -0.4354 -0.0339
vn 0.8541 -0.5182 -0.0444
vn 0.9383 -0.3449 -0.0240
vn 0.8507 -0.5257 -0.0007
vn 0.8046 -0.5938 -0.0022
vn 0.8954 -0.4453 -0.0005
vn 0.9331 -0.3597 -0.0003
vn 0.9639 -0.2661 -0.0002
vn 0.9649 -0.2628 -0.0007
vn 0.9645 -0.2641 -0.0024
vn 0.9654 -0.2602 -0.0161
vn 0.8117 -0.5817 -0.0532
vn 0.8035 -0.5953 -0.0076
vn 0.9982 -0.0597 -0.0001
vn 0.9983 -0.0586 -0.0004
vn 0.9940 -0.1090 -0.0008
vn 0.9939 -0.1100 -0.0002
vn 0.9984 -0.0562 -0.0026
vn 0.9943 -0.1061 -0.0051
vn 0.9833 -0.1818 -0.0014
vn 0.9834 -0.1817 -0.0004
vn 0.9838 -0.1789 -0.0097
vn 0.9996 -0.0294 -0.0001
vn 0.9996 -0.0286 -0.0002
vn 0.9996 -0.0271 -0.0013
vn 0.9997 -0.0167 -0.0150
vn 0.9989 -0.0346 -0.0328
vn 0.9955 -0.0653 -0.0687
vn 0.9860 -0.1088 -0.1265
vn 0.9816 -0.1910 -0.0001
vn 0.9938 -0.1109 -0.0001
vn 0.9980 -0.0002 -0.0628
vn 0.9835 -0.0004 -0.1807
vn 0.9879 -0.0011 -0.1551
vn 0.9981 -0.0006 -0.0611
vn 0.9541 -0.0024 -0.2994
vn 0.9923 -0.0076 -0.1234
vn 0.9983 -0.0037 -0.0573
vn 0.9673 -0.0134 -0.2533
vn 0.9980 -0.0001 -0.0640
vn 0.9996 -0.0001 -0.0266
vn 0.9813 -0.0002 -0.1927
vn 0.9997 -0.0016 -0.0253
vn 0.9997 -0.0002 -0.0263
vn 0.0566 0.0010 -0.9984
vn 0.0570 0.0033 -0.9984
vn 0.1960 0.0034 -0.9806
vn 0.1902 0.0009 -0.9817
vn 0.0595 0.0226 -0.9980
vn 0.1733 0.0219 -0.9846
vn 0.6706 0.0034 -0.7418
vn 0.6854 0.0006 -0.7282
vn 0.4704 0.0180 -0.8823
vn 0.0227 0.0010 -0.9997
vn 0.0566 0.0004 -0.9984
vn 0.0229 0.0034 -0.9997
vn 0.0241 0.0232 -0.9994
vn 0.0471 0.6565 -0.7528
vn 0.1175 0.6460 -0.7542
vn 0.2974 0.5995 -0.7430
vn 0.7159 0.3887 -0.5800
vn 0.9600 0.1656 -0.2260
vn 0.8343 0.0147 -0.5510
vn 0.4784 0.0003 -0.8781
vn 0.8451 0.0003 -0.5346
vn 0.1632 0.0003 -0.9866
vn 0.1290 0.9916 -0.0041
vn 0.3228 0.9465 -0.0040
vn 0.3104 0.9505 -0.0135
vn 0.1232 0.9923 -0.0136
vn 0.7357 0.6773 -0.0032
vn 0.7169 0.6970 -0.0115
vn 0.3043 0.9478 -0.0953
vn 0.1203 0.9880 -0.0968
vn 0.6957 0.7142 -0.0766
vn 0.1337 0.9910 -0.0015
vn 0.0517 0.9987 -0.0040
vn 0.3323 0.9432 -0.0015
vn 0.7297 0.6837 -0.0010
vn 0.9444 0.3265 -0.0391
vn 0.0481 0.9943 -0.0956
vn 0.0493 0.9987 -0.0134
vn 0.9970 0.0769 -0.0005
vn 0.9974 0.0723 -0.0014
vn 0.9892 0.1467 -0.0027
vn 0.9686 0.2488 -0.0017
vn 0.9979 0.0649 -0.0087
vn 0.9904 0.1371 -0.0177
vn 0.9494 0.3141 -0.0061
vn 0.9994 0.0345 -0.0002
vn 0.9962 0.0875 -0.0003
vn 0.9994 0.0336 -0.0007
vn 0.9996 0.0293 -0.0039
vn 0.9998 0.0128 -0.0149
vn 0.9989 0.0293 -0.0361
vn 0.9942 0.0655 -0.0856
vn 0.9634 0.2682 -0.0003
vn 0.9971 0.0001 -0.0766
vn 0.9681 0.0003 -0.2507
vn 0.9706 0.0017 -0.2406
vn 0.9970 0.0004 -0.0778
vn 0.9793 0.0060 -0.2022
vn 0.9970 0.0026 -0.0771
vn 0.9971 -0.0000 -0.0757
vn 0.9995 0.0001 -0.0311
vn 0.9762 -0.0000 -0.2171
vn 0.9995 0.0013 -0.0311
vn 0.9995 0.0002 -0.0316
vn 0.0566 -0.0010 -0.9984
vn 0.1958 -0.0011 -0.9806
vn 0.1813 -0.0031 -0.9834
vn 0.0570 -0.0033 -0.9984
vn 0.6735 -0.0011 -0.7392
vn 0.4846 -0.0024 -0.8747
vn 0.1865 -0.0218 -0.9822
vn 0.0595 -0.0226 -0.9980
vn 0.6856 -0.0212 -0.7277
vn 0.0566 -0.0004 -0.9984
vn 0.0227 -0.0010 -0.9997
vn 0.1918 -0.0003 -0.9814
vn 0.6859 -0.0002 -0.7277
vn 0.8262 -0.0029 -0.5633
vn 0.9536 -0.1694 -0.2489
vn 0.7167 -0.3843 -0.5819
vn 0.3231 -0.6002 -0.7317
vn 0.1175 -0.6460 -0.7542
vn 0.0241 -0.0232 -0.9994
vn 0.0471 -0.6565 -0.7528
vn 0.0229 -0.0034 -0.9997
vn 0.9971 -0.0001 -0.0766
vn 0.9970 -0.0004 -0.0778
vn 0.9717 -0.0005 -0.2364
vn 0.9711 -0.0005 -0.2386
vn 0.9970 -0.0026 -0.0771
vn 0.9736 -0.0105 -0.2281
vn 0.9995 -0.0001 -0.0311
vn 0.9995 -0.0002 -0.0316
vn 0.9995 -0.0013 -0.0311
vn 0.9998 -0.0128 -0.0149
vn 0.9989 -0.0293 -0.0361
vn 0.9934 -0.0670 -0.0927
vn 0.9691 -0.0001 -0.2465
vn 0.9962 -0.0872 -0.0007
vn 0.9560 -0.2932 -0.0016
vn 0.9880 -0.1546 -0.0030
vn 0.9971 -0.0759 -0.0015
vn 0.9447 -0.3278 -0.0058
vn 0.9904 -0.1371 -0.0177
vn 0.9979 -0.0649 -0.0087
vn 0.9444 -0.3265 -0.0391
vn 0.9958 -0.0920 -0.0002
vn 0.9994 -0.0345 -0.0002
vn 0.9572 -0.2894 -0.0005
vn 0.7195 -0.6945 -0.0012
vn 0.7108 -0.7034 -0.0032
vn 0.7008 -0.7132 -0.0110
vn 0.9996 -0.0293 -0.0039
vn 0.9994 -0.0336 -0.0007
vn 0.1290 -0.9916 -0.0041
vn 0.1232 -0.9923 -0.0136
vn 0.3104 -0.9505 -0.0135
vn 0.3228 -0.9465 -0.0040
vn 0.1203 -0.9880 -0.0968
vn 0.3044 -0.9478 -0.0953
vn 0.6957 -0.7142 -0.0766
vn 0.0517 -0.9987 -0.0040
vn 0.1336 -0.9910 -0.0015
vn 0.0493 -0.9987 -0.0134
vn 0.0481 -0.9943 -0.0956
vn 0.3323 -0.9432 -0.0015
vn 0.1290 -0.9916 0.0041
vn 0.3228 -0.9465 0.0040
vn 0.3104 -0.9505 0.0135
vn 0.1232 -0.9923 0.0136
vn 0.7107 -0.7034 0.0032
vn 0.6992 -0.7149 0.0109
vn 0.3043 -0.9478 0.0953
vn 0.1203 -0.9880 0.0968
vn 0.6987 -0.7113 0.0768
vn 0.1336 -0.9910 0.0015
vn 0.0517 -0.9987 0.0040
vn 0.3323 -0.9432 0.0015
vn 0.7195 -0.6945 0.0012
vn 0.7159 -0.3887 0.5799
vn 0.2974 -0.5995 0.7431
vn 0.1175 -0.6460 0.7542
vn 0.0481 -0.9943 0.0956
vn 0.0471 -0.6565 0.7528
vn 0.0493 -0.9987 0.0134
vn 0.9962 -0.0872 0.0007
vn 0.9971 -0.0759 0.0015
vn 0.9880 -0.1546 0.0030
vn 0.9560 -0.2932 0.0016
vn 0.9979 -0.0649 0.0087
vn 0.9904 -0.1371 0.0177
vn 0.9434 -0.3315 0.0057
vn 0.9451 -0.3243 0.0391
vn 0.9994 -0.0345 0.0002
vn 0.9958 -0.0920 0.0002
vn 0.9994 -0.0336 0.0007
vn 0.9996 -0.0293 0.0039
vn 0.9998 -0.0128 0.0149
vn 0.9989 -0.0293 0.0361
vn 0.9942 -0.0655 0.0856
vn 0.9600 -0.1656 0.2260
vn 0.9572 -0.2894 0.0005
vn 0.9971 -0.0001 0.0766
vn 0.9813 -0.0002 0.1923
vn 0.9807 -0.0008 0.1953
vn 0.9970 -0.0004 0.0778
vn 0.8494 -0.0006 0.5277
vn 0.8470 -0.0021 0.5316
vn 0.9811 -0.0058 0.1936
vn 0.9970 -0.0026 0.0771
vn 0.8512 -0.0143 0.5247
vn 0.9971 -0.0000 0.0757
vn 0.9995 -0.0001 0.0311
vn 0.9818 -0.0001 0.1900
vn 0.8515 -0.0002 0.5243
vn 0.4612 -0.0003 0.8873
vn 0.4589 -0.0009 0.8885
vn 0.4566 -0.0029 0.8897
vn 0.4617 -0.0186 0.8869
vn 0.9995 -0.0013 0.0311
vn 0.9995 -0.0002 0.0316
vn 0.0566 -0.0010 0.9984
vn 0.0570 -0.0033 0.9984
vn 0.1478 -0.0032 0.9890
vn 0.1478 -0.0010 0.9890
vn 0.0595 -0.0226 0.9980
vn 0.1525 -0.0214 0.9881
vn 0.0227 -0.0010 0.9997
vn 0.0566 -0.0004 0.9984
vn 0.0229 -0.0034 0.9997
vn 0.0241 -0.0232 0.9994
vn 0.1482 -0.0004 0.9890
vn 0.0566 0.0010 0.9984
vn 0.1478 0.0010 0.9890
vn 0.1610 0.0029 0.9870
vn 0.0570 0.0033 0.9984
vn 0.4586 0.0009 0.8886
vn 0.4730 0.0026 0.8811
vn 0.1865 0.0218 0.9822
vn 0.0595 0.0226 0.9980
vn 0.6855 0.0212 0.7277
vn 0.0566 0.0004 0.9984
vn 0.0227 0.0010 0.9997
vn 0.1483 0.0004 0.9889
vn 0.4612 0.0003 0.8873
vn 0.8518 0.0002 0.5238
vn 0.8429 0.0027 0.5380
vn 0.7148 0.3861 0.5830
vn 0.3231 0.6002 0.7317
vn 0.1175 0.6460 0.7542
vn 0.0241 0.0232 0.9994
vn 0.0471 0.6565 0.7528
vn 0.0229 0.0034 0.9997
vn 0.9971 0.0001 0.0766
vn 0.9970 0.0004 0.0778
vn 0.9739 0.0004 0.2269
vn 0.9813 0.0002 0.1923
vn 0.9970 0.0026 0.0772
vn 0.9736 0.0105 0.2281
vn 0.8499 0.0006 0.5269
vn 0.9995 0.0001 0.0311
vn 0.9995 0.0002 0.0316
vn 0.9995 0.0013 0.0311
vn 0.9998 0.0128 0.0149
vn 0.9989 0.0293 0.0361
vn 0.9934 0.0670 0.0927
vn 0.9526 0.1720 0.2510
vn 0.9818 0.0001 0.1900
vn 0.9962 0.0872 0.0007
vn 0.9557 0.2943 0.0016
vn 0.9880 0.1546 0.0030
vn 0.9971 0.0759 0.0015
vn 0.9434 0.3315 0.0057
vn 0.9904 0.1371 0.0177
vn 0.9979 0.0649 0.0087
vn 0.9459 0.3223 0.0378
vn 0.9960 0.0894 0.0002
vn 0.9994 0.0345 0.0002
vn 0.9587 0.2845 0.0004
vn 0.7403 0.6722 0.0012
vn 0.9996 0.0293 0.0039
vn 0.9994 0.0336 0.0007
vn 0.1290 0.9916 0.0041
vn 0.1232 0.9923 0.0136
vn 0.3104 0.9505 0.0135
vn 0.3228 0.9465 0.0040
vn 0.1203 0.9880 0.0968
vn 0.3043 0.9478 0.0953
vn 0.6991 0.7149 0.0109
vn 0.7095 0.7047 0.0032
vn 0.7008 0.7094 0.0750
vn 0.0517 0.9987 0.0040
vn 0.1336 0.9910 0.0015
vn 0.0493 0.9987 0.0134
vn 0.0481 0.9943 0.0956
vn 0.3657 0.9307 0.0017
vn -0.0566 0.0010 -0.9984
vn -0.1478 0.0010 -0.9890
vn -0.1479 0.0032 -0.9890
vn -0.0570 0.0033 -0.9984
vn -0.4590 0.0009 -0.8885
vn -0.4566 0.0029 -0.8897
vn -0.1526 0.0214 -0.9881
vn -0.0595 0.0226 -0.9980
vn -0.4617 0.0186 -0.8868
vn -0.0567 0.0004 -0.9984
vn -0.0227 0.0010 -0.9997
vn -0.1483 0.0004 -0.9889
vn -0.4612 0.0003 -0.8873
vn -0.8515 0.0002 -0.5243
vn -0.8494 0.0006 -0.5277
vn -0.8470 0.0021 -0.5316
vn -0.8512 0.0143 -0.5247
vn -0.9600 0.1656 -0.2260
vn -0.7159 0.3886 -0.5800
vn -0.2975 0.5995 -0.7430
vn -0.1175 0.6460 -0.7542
vn -0.0241 0.0232 -0.9994
vn -0.0471 0.6565 -0.7528
vn -0.0229 0.0034 -0.9997
vn -0.9971 0.0001 -0.0766
vn -0.9970 0.0004 -0.0778
vn -0.9807 0.0008 -0.1953
vn -0.9813 0.0002 -0.1923
vn -0.9970 0.0026 -0.0771
vn -0.9811 0.0058 -0.1936
vn -0.9995 0.0001 -0.0311
vn -0.9971 -0.0000 -0.0757
vn -0.9995 0.0002 -0.0316
vn -0.9995 0.0013 -0.0311
vn -0.9998 0.0128 -0.0149
vn -0.9989 0.0293 -0.0361
vn -0.9942 0.0655 -0.0856
vn -0.9818 0.0001 -0.1900
vn -0.9973 0.0731 -0.0004
vn -0.9847 0.1745 -0.0013
vn -0.9892 0.1467 -0.0027
vn -0.9974 0.0724 -0.0014
vn -0.9429 0.3330 -0.0054
vn -0.9904 0.1371 -0.0177
vn -0.9979 0.0649 -0.0087
vn -0.9451 0.3243 -0.0391
vn -0.9973 0.0733 -0.0002
vn -0.9994 0.0345 -0.0002
vn -0.9848 0.1735 -0.0003
vn -0.8452 0.5344 -0.0009
vn -0.8291 0.5591 -0.0035
vn -0.9996 0.0293 -0.0039
vn -0.9994 0.0336 -0.0007
vn -0.1290 0.9916 -0.0041
vn -0.1232 0.9923 -0.0136
vn -0.3450 0.9385 -0.0140
vn -0.4040 0.9147 -0.0044
vn -0.1203 0.9880 -0.0968
vn -0.3043 0.9478 -0.0953
vn -0.7172 0.6968 -0.0108
vn -0.6987 0.7113 -0.0768
vn -0.0517 0.9987 -0.0040
vn -0.1336 0.9910 -0.0015
vn -0.0493 0.9987 -0.0134
vn -0.0481 0.9943 -0.0956
vn -0.4283 0.9036 -0.0014
vn -0.0566 -0.0010 -0.9984
vn -0.0570 -0.0033 -0.9984
vn -0.1479 -0.0032 -0.9890
vn -0.1677 -0.0011 -0.9858
vn -0.0595 -0.0226 -0.9980
vn -0.1526 -0.0214 -0.9881
vn -0.4566 -0.0029 -0.8897
vn -0.4709 -0.0008 -0.8822
vn -0.4617 -0.0186 -0.8868
vn -0.0227 -0.0010 -0.9997
vn -0.0567 -0.0004 -0.9984
vn -0.0229 -0.0034 -0.9997
vn -0.0241 -0.0232 -0.9994
vn -0.0471 -0.6565 -0.7528
vn -0.1174 -0.6460 -0.7542
vn -0.3342 -0.5744 -0.7472
vn -0.7222 -0.3827 -0.5762
vn -0.9583 -0.1730 -0.2273
vn -0.8511 -0.0143 -0.5247
vn -0.8470 -0.0021 -0.5316
vn -0.8335 -0.0007 -0.5526
vn -0.6824 -0.0003 -0.7309
vn -0.1825 -0.0004 -0.9832
vn -0.1290 -0.9916 -0.0041
vn -0.3825 -0.9239 -0.0038
vn -0.3834 -0.9235 -0.0125
vn -0.1232 -0.9923 -0.0136
vn -0.7756 -0.6312 -0.0030
vn -0.8223 -0.5689 -0.0082
vn -0.3868 -0.9167 -0.1000
vn -0.1203 -0.9880 -0.0968
vn -0.8338 -0.5475 -0.0709
vn -0.1337 -0.9910 -0.0015
vn -0.0517 -0.9987 -0.0040
vn -0.4131 -0.9107 -0.0017
vn -0.8240 -0.5666 -0.0013
vn -0.0481 -0.9943 -0.0956
vn -0.0493 -0.9987 -0.0134
vn -0.9964 -0.0849 -0.0006
vn -0.9971 -0.0759 -0.0015
vn -0.9823 -0.1872 -0.0034
vn -0.9645 -0.2640 -0.0018
vn -0.9979 -0.0649 -0.0087
vn -0.9870 -0.1587 -0.0237
vn -0.9994 -0.0345 -0.0002
vn -0.9967 -0.0810 -0.0001
vn -0.9994 -0.0336 -0.0007
vn -0.9996 -0.0293 -0.0039
vn -0.9998 -0.0128 -0.0149
vn -0.9989 -0.0293 -0.0361
vn -0.9934 -0.0718 -0.0895
vn -0.9791 -0.2036 -0.0003
vn -0.9971 -0.0001 -0.0766
vn -0.9792 -0.0003 -0.2030
vn -0.9807 -0.0008 -0.1953
vn -0.9970 -0.0004 -0.0778
vn -0.9811 -0.0058 -0.1936
vn -0.9970 -0.0026 -0.0771
vn -0.9995 -0.0001 -0.0311
vn -0.9733 -0.0002 -0.2293
vn -0.9995 -0.0013 -0.0311
vn -0.9995 -0.0002 -0.0316
vn -0.1290 -0.9916 0.0041
vn -0.1232 -0.9923 0.0136
vn -0.3104 -0.9505 0.0135
vn -0.3227 -0.9465 0.0040
vn -0.1203 -0.9880 0.0968
vn -0.3043 -0.9478 0.0953
vn -0.6971 -0.7169 0.0109
vn -0.7503 -0.6611 0.0036
vn -0.7008 -0.7094 0.0750
vn -0.0517 -0.9987 0.0040
vn -0.1336 -0.9910 0.0015
vn -0.0493 -0.9987 0.0134
vn -0.0481 -0.9943 0.0956
vn -0.0471 -0.6565 0.7528
vn -0.1175 -0.6460 0.7542
vn -0.2974 -0.5995 0.7431
vn -0.7133 -0.3907 0.5819
vn -0.9459 -0.3224 0.0378
vn -0.9429 -0.3331 0.0057
vn -0.3323 -0.9432 0.0015
vn -0.7559 -0.6546 0.0008
vn -0.0566 -0.0010 0.9984
vn -0.1478 -0.0010 0.9890
vn -0.1478 -0.0032 0.9890
vn -0.0570 -0.0033 0.9984
vn -0.4582 -0.0009 0.8889
vn -0.4571 -0.0029 0.8894
vn -0.1526 -0.0214 0.9881
vn -0.0596 -0.0226 0.9980
vn -0.4605 -0.0185 0.8875
vn -0.0566 -0.0004 0.9984
vn -0.0227 -0.0010 0.9997
vn -0.1483 -0.0004 0.9889
vn -0.4616 -0.0003 0.8871
vn -0.8520 -0.0002 0.5236
vn -0.8514 -0.0140 0.5243
vn -0.0241 -0.0232 0.9994
vn -0.0229 -0.0034 0.9997
vn -0.9971 -0.0001 0.0766
vn -0.9970 -0.0004 0.0778
vn -0.9807 -0.0008 0.1953
vn -0.9813 -0.0002 0.1923
vn -0.9970 -0.0026 0.0772
vn -0.9811 -0.0058 0.1936
vn -0.8479 -0.0021 0.5301
vn -0.8492 -0.0006 0.5280
vn -0.9995 -0.0001 0.0311
vn -0.9971 -0.0000 0.0757
vn -0.9995 -0.0002 0.0316
vn -0.9995 -0.0013 0.0311
vn -0.9998 -0.0128 0.0149
vn -0.9989 -0.0293 0.0361
vn -0.9942 -0.0655 0.0856
vn -0.9589 -0.1683 0.2283
vn -0.9818 -0.0001 0.1900
vn -0.9973 -0.0731 0.0004
vn -0.9756 -0.2195 0.0020
vn -0.9892 -0.1467 0.0027
vn -0.9974 -0.0723 0.0014
vn -0.9904 -0.1371 0.0177
vn -0.9979 -0.0649 0.0087
vn -0.9970 -0.0775 0.0002
vn -0.9994 -0.0345 0.0002
vn -0.9742 -0.2257 0.0003
vn -0.9996 -0.0293 0.0039
vn -0.9994 -0.0336 0.0007
vn -0.0566 0.0010 0.9984
vn -0.0570 0.0033 0.9984
vn -0.1478 0.0032 0.9890
vn -0.1478 0.0010 0.9890
vn -0.0595 0.0226 0.9980
vn -0.1525 0.0214 0.9881
vn -0.4554 0.0028 0.8903
vn -0.4586 0.0009 0.8886
vn -0.4620 0.0185 0.8867
vn -0.0227 0.0010 0.9997
vn -0.0567 0.0004 0.9984
vn -0.0229 0.0034 0.9997
vn -0.0241 0.0232 0.9994
vn -0.0472 0.6565 0.7528
vn -0.1175 0.6460 0.7542
vn -0.2974 0.5995 0.7431
vn -0.7133 0.3907 0.5818
vn -0.8517 0.0141 0.5239
vn -0.8468 0.0021 0.5320
vn -0.4616 0.0003 0.8871
vn -0.8520 0.0002 0.5236
vn -0.1483 0.0004 0.9889
vn -0.1290 0.9916 0.0041
vn -0.3228 0.9465 0.0040
vn -0.3104 0.9505 0.0135
vn -0.1232 0.9923 0.0136
vn -0.7503 0.6611 0.0036
vn -0.6972 0.7168 0.0109
vn -0.3043 0.9478 0.0953
vn -0.1203 0.9880 0.0968
vn -0.7008 0.7094 0.0750
vn -0.1336 0.9910 0.0015
vn -0.0517 0.9987 0.0040
vn -0.3657 0.9307 0.0017
vn -0.7828 0.6222 0.0011
vn -0.9429 0.3331 0.0057
vn -0.9459 0.3223 0.0378
vn -0.0481 0.9943 0.0956
vn -0.0493 0.9987 0.0134
vn -0.9973 0.0731 0.0004
vn -0.9974 0.0723 0.0014
vn -0.9892 0.1467 0.0027
vn -0.9756 0.2195 0.0020
vn -0.9979 0.0649 0.0087
vn -0.9904 0.1371 0.0177
vn -0.9994 0.0345 0.0002
vn -0.9973 0.0733 0.0002
vn -0.9994 0.0336 0.0007
vn -0.9996 0.0293 0.0039
vn -0.9998 0.0128 0.0149
vn -0.9989 0.0293 0.0361
vn -0.9942 0.0655 0.0856
vn -0.9589 0.1683 0.2283
vn -0.9776 0.2105 0.0003
vn -0.9971 0.0001 0.0766
vn -0.9813 0.0002 0.1923
vn -0.9807 0.0008 0.1953
vn -0.9970 0.0004 0.0778
vn -0.8499 0.0006 0.5269
vn -0.9811 0.0058 0.1936
vn -0.9970 0.0026 0.0771
vn -0.9995 0.0001 0.0311
vn -0.9818 0.0001 0.1900
vn -0.9995 0.0013 0.0311
vn -0.9995 0.0002 0.0316
vn -0.7571 -0.0038 0.6533
vn -0.7233 -0.0243 0.6901
vn -0.8381 -0.0221 0.5451
vn -0.6394 -0.0011 0.7689
vn -0.7932 -0.0011 0.6090
vn -0.5429 -0.0012 0.8398
vn -0.6224 -0.0004 0.7827
vn -0.5715 -0.0034 0.8206
vn -0.6080 -0.0244 0.7935
vn -0.7951 -0.3396 0.5025
vn -0.8544 -0.2979 0.4258
vn -0.9098 -0.2487 0.3323
vn -0.9484 -0.1971 0.2484
vn -0.9670 -0.1537 0.2034
vn -0.9246 -0.0190 0.3806
vn -0.9303 -0.0024 0.3668
vn -0.9370 -0.0009 0.3494
vn -0.7845 -0.0006 0.6202
vn -0.8491 -0.5282 0.0018
vn -0.8967 -0.4426 0.0014
vn -0.8954 -0.4453 0.0049
vn -0.8475 -0.5307 0.0064
vn -0.9370 -0.3493 0.0010
vn -0.9362 -0.3514 0.0035
vn -0.8996 -0.4354 0.0339
vn -0.8541 -0.5182 0.0444
vn -0.9384 -0.3448 0.0240
vn -0.8507 -0.5257 0.0007
vn -0.8046 -0.5938 0.0022
vn -0.8975 -0.4409 0.0004
vn -0.9371 -0.3491 0.0002
vn -0.9650 -0.2623 0.0002
vn -0.9649 -0.2628 0.0007
vn -0.9645 -0.2641 0.0024
vn -0.9654 -0.2602 0.0161
vn -0.8117 -0.5817 0.0532
vn -0.8035 -0.5953 0.0076
vn -0.9982 -0.0598 0.0001
vn -0.9983 -0.0586 0.0004
vn -0.9940 -0.1090 0.0008
vn -0.9939 -0.1100 0.0002
vn -0.9984 -0.0562 0.0026
vn -0.9943 -0.1061 0.0051
vn -0.9833 -0.1818 0.0014
vn -0.9834 -0.1817 0.0004
vn -0.9838 -0.1790 0.0097
vn -0.9996 -0.0294 0.0001
vn -0.9982 -0.0606 -0.0000
vn -0.9996 -0.0286 0.0002
vn -0.9996 -0.0271 0.0013
vn -0.9997 -0.0167 0.0150
vn -0.9989 -0.0346 0.0328
vn -0.9955 -0.0653 0.0687
vn -0.9860 -0.1088 0.1265
vn -0.9826 -0.1855 0.0001
vn -0.9929 -0.1191 -0.0000
vn -0.9980 -0.0002 0.0628
vn -0.9888 -0.0005 0.1494
vn -0.9876 -0.0014 0.1573
vn -0.9981 -0.0006 0.0611
vn -0.9901 -0.0074 0.1401
vn -0.9983 -0.0037 0.0573
vn -0.9724 -0.0131 0.2329
vn -0.9980 -0.0001 0.0640
vn -0.9996 -0.0001 0.0266
vn -0.9855 -0.0001 0.1698
vn -0.9321 -0.0004 0.3621
vn -0.9997 -0.0016 0.0253
vn -0.9997 -0.0002 0.0263
vn -0.6416 0.0011 0.7670
vn -0.8080 0.0013 0.5892
vn -0.7675 0.0033 0.6410
vn -0.8403 0.0219 0.5417
vn -0.7232 0.0243 0.6902
vn -0.6159 0.0004 0.7879
vn -0.5429 0.0012 0.8398
vn -0.7870 0.0005 0.6170
vn -0.9434 0.0026 0.3317
vn -0.9293 0.0185 0.3690
vn -0.9670 0.1537 0.2034
vn -0.9484 0.1971 0.2483
vn -0.9098 0.2486 0.3323
vn -0.8543 0.2979 0.4258
vn -0.6080 0.0244 0.7936
vn -0.7951 0.3396 0.5025
vn -0.5714 0.0034 0.8206
vn -0.9980 0.0002 0.0628
vn -0.9981 0.0006 0.0611
vn -0.9907 0.0012 0.1364
vn -0.9895 0.0004 0.1442
vn -0.9983 0.0037 0.0573
vn -0.9923 0.0076 0.1234
vn -0.9416 0.0008 0.3367
vn -0.9736 0.0134 0.2277
vn -0.9996 0.0001 0.0266
vn -0.9980 0.0001 0.0640
vn -0.9997 0.0002 0.0263
vn -0.9997 0.0016 0.0253
vn -0.9997 0.0167 0.0150
vn -0.9989 0.0346 0.0328
vn -0.9955 0.0653 0.0687
vn -0.9860 0.1088 0.1265
vn -0.9332 0.0003 0.3594
vn -0.9855 0.0001 0.1698
vn -0.9982 0.0598 0.0001
vn -0.9939 0.1100 0.0002
vn -0.9940 0.1090 0.0008
vn -0.9983 0.0586 0.0004
vn -0.9834 0.1817 0.0004
vn -0.9833 0.1818 0.0014
vn -0.9943 0.1061 0.0051
vn -0.9984 0.0562 0.0026
vn -0.9838 0.1790 0.0097
vn -0.9982 0.0606 -0.0000
vn -0.9996 0.0294 0.0001
vn -0.9929 0.1191 -0.0000
vn -0.9826 0.1856 0.0001
vn -0.9650 0.2623 0.0002
vn -0.9649 0.2628 0.0007
vn -0.9645 0.2641 0.0024
vn -0.9654 0.2602 0.0161
vn -0.9996 0.0271 0.0013
vn -0.9996 0.0286 0.0002
vn -0.8491 0.5282 0.0018
vn -0.8475 0.5307 0.0064
vn -0.8954 0.4453 0.0049
vn -0.8967 0.4426 0.0014
vn -0.8541 0.5182 0.0444
vn -0.8996 0.4354 0.0339
vn -0.9362 0.3514 0.0035
vn -0.9370 0.3493 0.0010
vn -0.9384 0.3448 0.0240
vn -0.8046 0.5938 0.0022
vn -0.8554 0.5180 0.0006
vn -0.8035 0.5953 0.0076
vn -0.8117 0.5817 0.0532
vn -0.9414 0.3374 0.0003
vn -0.8998 0.4362 0.0005
vn -0.8491 0.5282 -0.0018
vn -0.8967 0.4426 -0.0014
vn -0.8954 0.4453 -0.0049
vn -0.8475 0.5308 -0.0064
vn -0.9370 0.3493 -0.0010
vn -0.9362 0.3514 -0.0035
vn -0.8996 0.4354 -0.0339
vn -0.8541 0.5182 -0.0444
vn -0.9384 0.3448 -0.0240
vn -0.8536 0.5210 -0.0006
vn -0.8046 0.5938 -0.0022
vn -0.9027 0.4303 -0.0004
vn -0.9389 0.3441 -0.0003
vn -0.9676 0.2524 -0.0002
vn -0.9649 0.2628 -0.0007
vn -0.9645 0.2641 -0.0024
vn -0.9654 0.2602 -0.0161
vn -0.9727 0.1533 -0.1745
vn -0.9503 0.1971 -0.2409
vn -0.9097 0.2487 -0.3325
vn -0.8544 0.2979 -0.4258
vn -0.8117 0.5817 -0.0532
vn -0.7951 0.3396 -0.5024
vn -0.8035 0.5953 -0.0076
vn -0.9982 0.0597 -0.0001
vn -0.9983 0.0586 -0.0004
vn -0.9940 0.1090 -0.0008
vn -0.9939 0.1100 -0.0002
vn -0.9984 0.0562 -0.0026
vn -0.9943 0.1061 -0.0051
vn -0.9833 0.1818 -0.0014
vn -0.9834 0.1817 -0.0004
vn -0.9838 0.1790 -0.0097
vn -0.9996 0.0294 -0.0001
vn -0.9996 0.0286 -0.0002
vn -0.9996 0.0271 -0.0013
vn -0.9997 0.0167 -0.0150
vn -0.9989 0.0346 -0.0328
vn -0.9955 0.0653 -0.0687
vn -0.9860 0.1088 -0.1265
vn -0.9833 0.1820 -0.0001
vn -0.9938 0.1109 -0.0001
vn -0.9980 0.0002 -0.0628
vn -0.9895 0.0004 -0.1442
vn -0.9907 0.0012 -0.1364
vn -0.9981 0.0006 -0.0611
vn -0.9427 0.0008 -0.3337
vn -0.9517 0.0023 -0.3070
vn -0.9923 0.0076 -0.1234
vn -0.9983 0.0037 -0.0573
vn -0.9736 0.0134 -0.2277
vn -0.9980 0.0001 -0.0640
vn -0.9996 0.0001 -0.0266
vn -0.9887 0.0001 -0.1500
vn -0.9344 0.0003 -0.3561
vn -0.9280 0.0193 -0.3721
vn -0.9997 0.0016 -0.0253
vn -0.9997 0.0002 -0.0263
vn -0.6436 0.0012 -0.7654
vn -0.6720 0.0035 -0.7405
vn -0.8339 0.0032 -0.5519
vn -0.8108 0.0012 -0.5853
vn -0.7151 0.0246 -0.6986
vn -0.8319 0.0214 -0.5545
vn -0.5279 0.0011 -0.8493
vn -0.6134 0.0004 -0.7897
vn -0.5562 0.0037 -0.8311
vn -0.6047 0.0245 -0.7960
vn -0.7848 0.0004 -0.6197
vn -0.6536 -0.0012 -0.7569
vn -0.8122 -0.0012 -0.5834
vn -0.8339 -0.0032 -0.5519
vn -0.6720 -0.0035 -0.7405
vn -0.8319 -0.0214 -0.5545
vn -0.7151 -0.0246 -0.6986
vn -0.9280 -0.0193 -0.3722
vn -0.7222 -0.0004 -0.6917
vn -0.5310 -0.0011 -0.8474
vn -0.9256 -0.0003 -0.3785
vn -0.9359 -0.0007 -0.3522
vn -0.9517 -0.0023 -0.3070
vn -0.9727 -0.1533 -0.1745
vn -0.9503 -0.1971 -0.2409
vn -0.9097 -0.2487 -0.3325
vn -0.8544 -0.2979 -0.4258
vn -0.6047 -0.0245 -0.7961
vn -0.7951 -0.3396 -0.5025
vn -0.5562 -0.0037 -0.8311
vn -0.9980 -0.0002 -0.0628
vn -0.9981 -0.0006 -0.0611
vn -0.9907 -0.0012 -0.1364
vn -0.9895 -0.0004 -0.1442
vn -0.9983 -0.0037 -0.0573
vn -0.9923 -0.0076 -0.1234
vn -0.9736 -0.0134 -0.2277
vn -0.9996 -0.0001 -0.0266
vn -0.9980 -0.0001 -0.0640
vn -0.9997 -0.0002 -0.0263
vn -0.9997 -0.0016 -0.0253
vn -0.9997 -0.0167 -0.0150
vn -0.9989 -0.0346 -0.0328
vn -0.9955 -0.0653 -0.0687
vn -0.9860 -0.1088 -0.1265
vn -0.9887 -0.0001 -0.1500
vn -0.9982 -0.0598 -0.0001
vn -0.9939 -0.1100 -0.0002
vn -0.9940 -0.1090 -0.0008
vn -0.9983 -0.0586 -0.0004
vn -0.9834 -0.1817 -0.0004
vn -0.9833 -0.1818 -0.0014
vn -0.9943 -0.1061 -0.0051
vn -0.9984 -0.0562 -0.0026
vn -0.9838 -0.1790 -0.0097
vn -0.9996 -0.0294 -0.0001
vn -0.9826 -0.1855 -0.0001
vn -0.9650 -0.2623 -0.0002
vn -0.9649 -0.2628 -0.0007
vn -0.9645 -0.2641 -0.0024
vn -0.9654 -0.2602 -0.0161
vn -0.9996 -0.0271 -0.0013
vn -0.9996 -0.0286 -0.0002
vn -0.8491 -0.5282 -0.0018
vn -0.8475 -0.5308 -0.0064
vn -0.8954 -0.4453 -0.0049
vn -0.8967 -0.4426 -0.0014
vn -0.8541 -0.5182 -0.0444
vn -0.8996 -0.4354 -0.0339
vn -0.9362 -0.3514 -0.0035
vn -0.9370 -0.3493 -0.0010
vn -0.9384 -0.3448 -0.0240
vn -0.8046 -0.5938 -0.0022
vn -0.8554 -0.5179 -0.0006
vn -0.8035 -0.5953 -0.0076
vn -0.8117 -0.5817 -0.0532
vn -0.9414 -0.3374 -0.0003
vn -0.8998 -0.4362 -0.0005
vn 0.2531 0.0012 -0.9674
vn 0.2518 0.0038 -0.9678
vn 0.0984 0.0042 -0.9951
vn 0.2593 0.0266 -0.9654
vn 0.0992 0.0012 -0.9951
vn 0.1004 0.0294 -0.9945
vn 0.3326 0.0011 -0.9431
vn 0.2538 0.0004 -0.9673
vn 0.3328 0.0036 -0.9430
vn 0.3456 0.0244 -0.9381
vn 0.6072 0.4725 -0.6388
vn 0.4844 0.5522 -0.6786
vn 0.1989 0.6636 -0.7212
vn -0.1989 0.6636 -0.7211
vn -0.1008 0.0294 -0.9945
vn -0.0979 0.0042 -0.9952
vn 0.0994 0.0005 -0.9951
vn -0.0994 0.0005 -0.9950
vn 0.5386 0.8425 -0.0037
vn 0.2287 0.9735 -0.0044
vn 0.2262 0.9740 -0.0149
vn 0.5355 0.8445 -0.0124
vn 0.2240 0.9689 -0.1048
vn 0.5360 0.8397 -0.0870
vn 0.5406 0.8413 -0.0013
vn 0.6565 0.7543 -0.0032
vn 0.2300 0.9732 -0.0016
vn -0.2300 0.9732 -0.0016
vn -0.2286 0.9735 -0.0044
vn -0.2262 0.9740 -0.0149
vn -0.2241 0.9689 -0.1048
vn 0.6606 0.7471 -0.0746
vn 0.6552 0.7554 -0.0106
vn -0.5386 0.8425 -0.0037
vn -0.5355 0.8445 -0.0124
vn -0.5361 0.8397 -0.0870
vn -0.6549 0.7557 -0.0032
vn -0.5406 0.8413 -0.0013
vn -0.6536 0.7568 -0.0107
vn -0.6590 0.7485 -0.0747
vn -0.6056 0.4735 -0.6395
vn -0.4844 0.5522 -0.6786
vn -0.2528 0.0012 -0.9675
vn -0.0988 0.0012 -0.9951
vn -0.2517 0.0039 -0.9678
vn -0.2600 0.0265 -0.9652
vn -0.2538 0.0004 -0.9673
vn -0.3307 0.0011 -0.9437
vn -0.3430 0.0244 -0.9390
vn -0.3306 0.0036 -0.9438
vn -0.1876 0.0035 -0.9822
vn -0.2442 0.0230 -0.9694
vn -0.0956 0.0227 -0.9952
vn -0.1907 0.0010 -0.9817
vn -0.0000 0.0037 -1.0000
vn -0.0000 0.0010 -1.0000
vn -0.3168 0.0010 -0.9485
vn -0.2430 0.0004 -0.9700
vn -0.3181 0.0035 -0.9480
vn -0.3282 0.0217 -0.9444
vn -0.5979 0.4705 -0.6490
vn -0.3889 0.5605 -0.7311
vn -0.0000 0.6283 -0.7779
vn 0.0955 0.0227 -0.9952
vn -0.0988 0.0004 -0.9951
vn 0.0989 0.0004 -0.9951
vn -0.5271 0.8498 -0.0034
vn -0.2254 0.9743 -0.0037
vn -0.2239 0.9745 -0.0138
vn -0.5261 0.8503 -0.0117
vn -0.4127 0.9072 -0.0818
vn 0.0001 0.9961 -0.0881
vn -0.4235 0.9059 -0.0016
vn -0.6489 0.7608 -0.0031
vn -0.0000 1.0000 -0.0018
vn 0.2255 0.9742 -0.0037
vn 0.2238 0.9745 -0.0138
vn -0.6403 0.7647 -0.0721
vn -0.6451 0.7640 -0.0100
vn 0.5271 0.8498 -0.0034
vn 0.5262 0.8503 -0.0117
vn 0.4128 0.9071 -0.0818
vn 0.6489 0.7609 -0.0031
vn 0.4235 0.9059 -0.0016
vn 0.6451 0.7640 -0.0100
vn 0.6403 0.7647 -0.0721
vn 0.5979 0.4705 -0.6489
vn 0.3890 0.5605 -0.7312
vn 0.1906 0.0010 -0.9817
vn 0.1876 0.0035 -0.9822
vn 0.2442 0.0230 -0.9694
vn 0.2430 0.0004 -0.9700
vn 0.3168 0.0010 -0.9485
vn 0.3282 0.0217 -0.9444
vn 0.3182 0.0035 -0.9480
vn -0.3326 0.0011 -0.9431
vn -0.1989 0.6636 -0.7212
vn -0.3456 0.0244 -0.9381
vn -0.6072 0.4725 -0.6388
vn -0.3328 0.0036 -0.9430
vn 0.2528 0.0012 -0.9675
vn 0.2517 0.0039 -0.9678
vn 0.0979 0.0042 -0.9952
vn 0.0988 0.0012 -0.9951
vn 0.2605 0.0266 -0.9651
vn 0.1019 0.0296 -0.9944
vn 0.3307 0.0011 -0.9437
vn 0.2539 0.0004 -0.9672
vn 0.3306 0.0036 -0.9438
vn 0.3430 0.0244 -0.9390
vn 0.6057 0.4735 -0.6395
vn 0.4832 0.5522 -0.6793
vn 0.1983 0.6636 -0.7214
vn 0.0994 0.0005 -0.9950
vn 0.2276 0.9736 -0.0150
vn 0.5364 0.8439 -0.0124
vn 0.2230 0.9692 -0.1047
vn 0.5349 0.8404 -0.0869
vn 0.6549 0.7557 -0.0032
vn -0.2287 0.9735 -0.0044
vn -0.2263 0.9740 -0.0149
vn 0.6590 0.7484 -0.0747
vn 0.6536 0.7567 -0.0107
vn -0.5355 0.8444 -0.0124
vn -0.6565 0.7543 -0.0032
vn -0.5405 0.8413 -0.0013
vn -0.6552 0.7554 -0.0106
vn -0.6605 0.7471 -0.0746
vn -0.2475 -0.0012 -0.9689
vn -0.2282 -0.0039 -0.9736
vn -0.0184 -0.0039 -0.9998
vn -0.0910 -0.0013 -0.9958
vn -0.1986 -0.0278 -0.9797
vn -0.3326 -0.0011 -0.9431
vn -0.2538 -0.0004 -0.9672
vn -0.3294 -0.0037 -0.9442
vn -0.3348 -0.0245 -0.9420
vn -0.5916 -0.4832 -0.6454
vn -0.4393 -0.5767 -0.6888
vn -0.0466 -0.6841 -0.7279
vn -0.0003 -0.0299 -0.9996
vn -0.0994 -0.0005 -0.9950
vn -0.5386 -0.8425 -0.0037
vn -0.1906 -0.9817 -0.0046
vn -0.1775 -0.9840 -0.0133
vn -0.5279 -0.8492 -0.0123
vn -0.3719 -0.9235 -0.0938
vn -0.5406 -0.8413 -0.0013
vn -0.6565 -0.7544 -0.0032
vn -0.1916 -0.9815 -0.0016
vn 0.1657 -0.9814 -0.0970
vn -0.6454 -0.7602 -0.0744
vn -0.6488 -0.7609 -0.0111
vn 0.5237 -0.8519 -0.0037
vn 0.3611 -0.9325 -0.0126
vn 0.2660 -0.9640 -0.0044
vn 0.5261 -0.8460 -0.0873
vn 0.6409 -0.7676 -0.0033
vn 0.3526 -0.9358 -0.0014
vn 0.6395 -0.7687 -0.0107
vn 0.6442 -0.7609 -0.0781
vn 0.5849 -0.4867 -0.6488
vn 0.3725 -0.6054 -0.7034
vn 0.2366 -0.0012 -0.9716
vn 0.0852 -0.0012 -0.9964
vn 0.2035 -0.0041 -0.9791
vn 0.1941 -0.0282 -0.9806
vn 0.2539 -0.0004 -0.9672
vn 0.3272 -0.0011 -0.9449
vn 0.0996 -0.0004 -0.9950
vn 0.3266 -0.0250 -0.9448
vn 0.3183 -0.0037 -0.9480
vn 0.1655 -0.0037 -0.9862
vn 0.2450 -0.0221 -0.9693
vn 0.0876 -0.0202 -0.9960
vn 0.3167 -0.0010 -0.9485
vn 0.1681 -0.0009 -0.9858
vn 0.2495 -0.0004 -0.9684
vn 0.3181 -0.0035 -0.9480
vn 0.3374 -0.0227 -0.9411
vn 0.6076 -0.4668 -0.6426
vn 0.4924 -0.5282 -0.6918
vn 0.1640 -0.6143 -0.7718
vn -0.0717 -0.0036 -0.9974
vn -0.0720 -0.0010 -0.9974
vn 0.0990 -0.0004 -0.9951
vn 0.5360 -0.8442 -0.0034
vn 0.2070 -0.9783 -0.0042
vn 0.2239 -0.9745 -0.0138
vn 0.5261 -0.8503 -0.0117
vn 0.4192 -0.9038 -0.0860
vn 0.5392 -0.8422 -0.0013
vn 0.6550 -0.7556 -0.0031
vn 0.1779 -0.9840 -0.0015
vn -0.0721 -0.9927 -0.0964
vn 0.6458 -0.7599 -0.0741
vn 0.6451 -0.7640 -0.0100
vn -0.5271 -0.8498 -0.0034
vn -0.5186 -0.8549 -0.0107
vn -0.2110 -0.9774 -0.0127
vn -0.2445 -0.9697 -0.0040
vn -0.5013 -0.8611 -0.0846
vn -0.6489 -0.7609 -0.0031
vn -0.3640 -0.9314 -0.0014
vn -0.6536 -0.7567 -0.0102
vn -0.6509 -0.7559 -0.0696
vn -0.6026 -0.4680 -0.6464
vn -0.3533 -0.5681 -0.7433
vn -0.2511 -0.0010 -0.9680
vn -0.2499 -0.0034 -0.9683
vn -0.2512 -0.0230 -0.9677
vn -0.1008 -0.0212 -0.9947
vn -0.2534 -0.0004 -0.9674
vn -0.3307 -0.0010 -0.9437
vn -0.0991 -0.0004 -0.9951
vn -0.3313 -0.0216 -0.9433
vn -0.3302 -0.0033 -0.9439
vn 0.2196 -0.0013 -0.9756
vn 0.0200 -0.0013 -0.9998
vn -0.0233 -0.0038 -0.9997
vn 0.2026 -0.0036 -0.9793
vn 0.1059 -0.0298 -0.9939
vn 0.2507 -0.0271 -0.9677
vn 0.3291 -0.0011 -0.9443
vn -0.0996 -0.0004 -0.9950
vn -0.0882 -0.0309 -0.9956
vn -0.1491 -0.6792 -0.7186
vn 0.3220 -0.6290 -0.7075
vn 0.3352 -0.0249 -0.9418
vn 0.5864 -0.4914 -0.6440
vn 0.3225 -0.0036 -0.9466
vn -0.1950 -0.0012 -0.9808
vn -0.2301 -0.0039 -0.9732
vn -0.2520 -0.0263 -0.9674
vn -0.3206 -0.0011 -0.9472
vn -0.2475 -0.0004 -0.9689
vn -0.3238 -0.0035 -0.9461
vn -0.3429 -0.0244 -0.9390
vn -0.6056 -0.4736 -0.6395
vn -0.4698 -0.5654 -0.6779
vn -0.5146 -0.8574 -0.0037
vn -0.0791 -0.9969 -0.0041
vn -0.2007 -0.9795 -0.0152
vn -0.5115 -0.8592 -0.0130
vn -0.0710 -0.9917 -0.1069
vn -0.5110 -0.8554 -0.0849
vn -0.5291 -0.8485 -0.0015
vn -0.6549 -0.7557 -0.0032
vn -0.1521 -0.9884 -0.0017
vn 0.2269 -0.9738 -0.0140
vn -0.6590 -0.7485 -0.0747
vn -0.6536 -0.7568 -0.0107
vn 0.4243 -0.9055 -0.0036
vn 0.5210 -0.8534 -0.0125
vn 0.4180 -0.9033 -0.0966
vn 0.6384 -0.7697 -0.0031
vn 0.3712 -0.9285 -0.0015
vn 0.6410 -0.7675 -0.0110
vn 0.6414 -0.7632 -0.0776
vn 0.1923 -0.0037 0.9813
vn 0.2565 -0.0267 0.9662
vn 0.1004 -0.0297 0.9945
vn 0.1892 -0.0012 0.9819
vn 0.0002 -0.0038 1.0000
vn -0.0260 -0.0012 0.9997
vn 0.3174 -0.0004 0.9483
vn 0.3170 -0.0011 0.9484
vn 0.1901 -0.0004 0.9818
vn 0.3190 -0.0036 0.9477
vn 0.3386 -0.0243 0.9406
vn 0.6072 -0.4725 0.6388
vn 0.4844 -0.5522 0.6786
vn 0.1990 -0.6636 0.7212
vn -0.1966 -0.6639 0.7216
vn -0.1004 -0.0297 0.9945
vn -0.0000 -0.0005 1.0000
vn 0.5318 -0.8468 0.0038
vn 0.2284 -0.9736 0.0047
vn 0.2262 -0.9740 0.0149
vn 0.5355 -0.8444 0.0124
vn 0.2241 -0.9689 0.1048
vn 0.5361 -0.8397 0.0870
vn 0.4259 -0.9048 0.0013
vn 0.6489 -0.7608 0.0031
vn -0.0599 -0.9982 0.0012
vn -0.2284 -0.9735 0.0046
vn -0.2262 -0.9740 0.0149
vn -0.2251 -0.9687 0.1043
vn 0.6606 -0.7471 0.0746
vn 0.6552 -0.7554 0.0106
vn -0.5383 -0.8427 0.0037
vn -0.5355 -0.8445 0.0124
vn -0.5375 -0.8388 0.0861
vn -0.6549 -0.7557 0.0032
vn -0.4993 -0.8664 0.0011
vn -0.6536 -0.7568 0.0107
vn -0.6590 -0.7485 0.0747
vn -0.6057 -0.4735 0.6395
vn -0.4831 -0.5526 0.6792
vn -0.2205 -0.0012 0.9754
vn -0.1939 -0.0038 0.9810
vn -0.2565 -0.0267 0.9662
vn -0.1937 -0.0004 0.9811
vn -0.3206 -0.0011 0.9472
vn -0.3360 -0.0243 0.9416
vn -0.3203 -0.0036 0.9473
vn -0.2513 -0.0010 0.9679
vn -0.2488 -0.0033 0.9686
vn -0.0960 -0.0034 0.9954
vn -0.0977 -0.0011 0.9952
vn -0.2535 -0.0219 0.9671
vn -0.0967 -0.0214 0.9951
vn -0.3307 -0.0010 0.9437
vn -0.2531 -0.0004 0.9674
vn -0.3302 -0.0033 0.9439
vn -0.3405 -0.0226 0.9400
vn -0.6157 -0.4612 0.6390
vn -0.4977 -0.5233 0.6917
vn -0.2072 -0.6095 0.7652
vn 0.2084 -0.6092 0.7651
vn 0.0959 -0.0216 0.9952
vn 0.0977 -0.0011 0.9952
vn -0.0988 -0.0004 0.9951
vn 0.0988 -0.0004 0.9951
vn -0.5271 -0.8498 0.0034
vn -0.2444 -0.9697 0.0040
vn -0.2240 -0.9745 0.0127
vn -0.5327 -0.8462 0.0112
vn -0.2195 -0.9717 0.0875
vn -0.5314 -0.8435 0.0784
vn -0.3523 -0.9359 0.0015
vn -0.6489 -0.7608 0.0031
vn 0.1904 -0.9817 0.0016
vn 0.2070 -0.9783 0.0042
vn 0.2223 -0.9749 0.0128
vn 0.2213 -0.9713 0.0874
vn -0.6600 -0.7479 0.0710
vn -0.6537 -0.7567 0.0102
vn 0.5360 -0.8442 0.0034
vn 0.5313 -0.8471 0.0113
vn 0.5329 -0.8425 0.0782
vn 0.6550 -0.7556 0.0031
vn 0.5392 -0.8422 0.0013
vn 0.6537 -0.7567 0.0102
vn 0.6600 -0.7479 0.0710
vn 0.6157 -0.4612 0.6389
vn 0.4986 -0.5229 0.6914
vn 0.2513 -0.0010 0.9679
vn 0.0959 -0.0034 0.9954
vn 0.2489 -0.0033 0.9685
vn 0.2526 -0.0221 0.9673
vn 0.2531 -0.0004 0.9675
vn 0.3307 -0.0010 0.9437
vn 0.3405 -0.0226 0.9400
vn 0.3303 -0.0033 0.9439
vn -0.1892 -0.0012 0.9819
vn -0.0000 -0.0013 1.0000
vn -0.0000 -0.0042 1.0000
vn -0.1880 -0.0041 0.9822
vn -0.0098 -0.0316 0.9995
vn -0.2023 -0.0286 0.9789
vn -0.1901 -0.0004 0.9818
vn -0.3170 -0.0011 0.9484
vn -0.0373 -0.6846 0.7280
vn -0.4331 -0.5772 0.6923
vn -0.3312 -0.0244 0.9432
vn -0.5915 -0.4832 0.6454
vn -0.3170 -0.0036 0.9484
vn 0.1880 -0.0041 0.9822
vn 0.1941 -0.0282 0.9806
vn 0.3151 -0.0011 0.9491
vn 0.3148 -0.0036 0.9491
vn 0.3266 -0.0250 0.9448
vn 0.5807 -0.4926 0.6482
vn 0.3693 -0.6116 0.6997
vn 0.5386 -0.8425 0.0037
vn 0.2287 -0.9735 0.0044
vn 0.2274 -0.9737 0.0135
vn 0.5279 -0.8492 0.0123
vn 0.4167 -0.9038 0.0972
vn -0.0016 -0.9939 0.1100
vn 0.5336 -0.8457 0.0014
vn 0.6549 -0.7557 0.0032
vn 0.2299 -0.9732 0.0018
vn -0.2074 -0.9783 0.0017
vn -0.2284 -0.9736 0.0044
vn -0.2274 -0.9737 0.0135
vn 0.6398 -0.7646 0.0777
vn 0.6472 -0.7622 0.0111
vn -0.5384 -0.8427 0.0037
vn -0.5279 -0.8492 0.0123
vn -0.4198 -0.9023 0.0978
vn -0.6565 -0.7543 0.0032
vn -0.5119 -0.8590 0.0013
vn -0.6488 -0.7608 0.0111
vn -0.6454 -0.7602 0.0744
vn -0.2461 0.0012 0.9692
vn -0.1940 0.0038 0.9810
vn -0.0914 0.0010 0.9958
vn -0.2517 0.0280 0.9674
vn -0.0949 0.0307 0.9950
vn -0.3291 0.0011 0.9443
vn -0.2500 0.0004 0.9682
vn -0.3225 0.0036 0.9466
vn -0.3387 0.0243 0.9406
vn -0.6072 0.4725 0.6388
vn -0.4601 0.5672 0.6831
vn -0.0056 0.6889 0.7249
vn 0.0256 0.0038 0.9997
vn -0.0739 0.0005 0.9973
vn -0.4284 0.9036 0.0038
vn -0.2269 0.9738 0.0153
vn -0.5296 0.8482 0.0125
vn -0.5237 0.8468 0.0935
vn -0.2177 0.9701 0.1076
vn -0.5325 0.8465 0.0013
vn -0.6426 0.7662 0.0032
vn -0.2303 0.9731 0.0013
vn 0.0689 0.9976 0.0040
vn -0.6606 0.7471 0.0746
vn -0.6475 0.7620 0.0105
vn 0.5069 0.8620 0.0035
vn 0.5359 0.8442 0.0123
vn 0.2270 0.9738 0.0150
vn 0.5237 0.8468 0.0935
vn 0.2177 0.9701 0.1076
vn 0.6548 0.7558 0.0032
vn 0.5291 0.8486 0.0015
vn 0.6536 0.7568 0.0107
vn 0.6589 0.7485 0.0747
vn 0.6056 0.4735 0.6395
vn 0.4550 0.5693 0.6847
vn 0.2156 0.9765 0.0017
vn 0.2496 0.0012 0.9684
vn 0.1069 0.0012 0.9943
vn 0.2300 0.0038 0.9732
vn 0.1019 0.0288 0.9944
vn 0.2598 0.0264 0.9653
vn 0.1696 0.0004 0.9855
vn 0.3241 0.0010 0.9460
vn 0.3429 0.0244 0.9390
vn 0.3306 0.0036 0.9438
vn 0.2519 0.0010 0.9677
vn 0.2494 0.0034 0.9684
vn 0.0959 0.0034 0.9954
vn 0.2529 0.0219 0.9672
vn 0.0981 0.0011 0.9952
vn 0.0956 0.0214 0.9952
vn 0.3307 0.0010 0.9437
vn 0.2531 0.0004 0.9674
vn 0.3302 0.0033 0.9439
vn 0.3405 0.0226 0.9400
vn 0.6076 0.4668 0.6426
vn 0.4916 0.5286 0.6921
vn 0.2048 0.6157 0.7609
vn -0.0959 0.0216 0.9952
vn 0.0908 0.0004 0.9959
vn 0.5360 0.8442 0.0034
vn 0.2262 0.9741 0.0040
vn 0.2239 0.9745 0.0138
vn 0.5261 0.8503 0.0117
vn 0.4193 0.9038 0.0860
vn -0.0000 0.9956 0.0941
vn 0.5389 0.8424 0.0013
vn 0.6550 0.7556 0.0031
vn 0.2282 0.9736 0.0014
vn 0.6459 0.7599 0.0741
vn 0.6451 0.7640 0.0100
vn -0.5360 0.8442 0.0034
vn -0.5261 0.8503 0.0117
vn -0.2238 0.9745 0.0138
vn -0.2262 0.9741 0.0040
vn -0.4193 0.9038 0.0860
vn -0.6550 0.7556 0.0031
vn -0.5389 0.8424 0.0013
vn -0.6451 0.7640 0.0100
vn -0.6458 0.7599 0.0741
vn -0.6076 0.4668 0.6426
vn -0.4924 0.5282 0.6918
vn -0.2060 0.6154 0.7608
vn -0.2283 0.9736 0.0014
vn -0.2519 0.0010 0.9677
vn -0.0952 0.0034 0.9954
vn -0.2485 0.0033 0.9686
vn -0.0981 0.0011 0.9952
vn -0.2526 0.0221 0.9673
vn -0.2465 0.0004 0.9691
vn -0.3307 0.0010 0.9437
vn -0.1065 0.0004 0.9943
vn -0.3405 0.0226 0.9400
vn -0.3303 0.0033 0.9439
vn 0.1692 0.0011 0.9856
vn 0.0977 0.0043 0.9952
vn 0.2482 0.0039 0.9687
vn 0.1063 0.0294 0.9939
vn 0.2542 0.0269 0.9668
vn 0.3174 0.0004 0.9483
vn 0.1902 0.0004 0.9817
vn 0.3190 0.0011 0.9478
vn -0.0313 0.0004 0.9995
vn -0.0677 0.0011 0.9977
vn -0.0928 0.0309 0.9952
vn -0.1670 0.6735 0.7201
vn 0.3109 0.6326 0.7094
vn 0.3422 0.0250 0.9393
vn 0.5905 0.4855 0.6446
vn 0.3260 0.0035 0.9454
vn -0.2452 0.0011 0.9695
vn -0.2517 0.0039 0.9678
vn -0.0979 0.0042 0.9952
vn -0.2600 0.0265 0.9652
vn -0.3307 0.0011 0.9437
vn -0.2359 0.0004 0.9718
vn -0.3306 0.0036 0.9438
vn -0.3430 0.0244 0.9390
vn -0.6056 0.4735 0.6395
vn -0.4844 0.5522 0.6786
vn -0.5384 0.8427 0.0037
vn -0.2284 0.9736 0.0044
vn -0.1783 0.9839 0.0147
vn -0.5365 0.8438 0.0123
vn -0.5350 0.8404 0.0871
vn -0.1854 0.9764 0.1106
vn -0.5408 0.8412 0.0013
vn -0.6549 0.7557 0.0032
vn -0.2303 0.9731 0.0016
vn 0.2289 0.9734 0.0042
vn -0.6590 0.7484 0.0747
vn -0.6536 0.7567 0.0107
vn 0.5303 0.8478 0.0036
vn 0.3614 0.9323 0.0135
vn 0.5261 0.8460 0.0873
vn 0.2505 0.9623 0.1059
vn 0.6502 0.7598 0.0033
vn 0.5407 0.8412 0.0013
vn 0.6411 0.7674 0.0107
vn 0.6458 0.7595 0.0780
vn 0.2302 0.9731 0.0016
vn 0.9972 -0.0000 -0.0751
vn 0.9972 -0.0000 -0.0749
vn 0.9821 -0.0000 -0.1882
vn 0.9820 -0.0000 -0.1886
vn 0.9772 -0.0000 -0.2124
vn 0.8533 -0.0000 -0.5214
vn 0.8528 0.0001 -0.5222
vn 0.8445 -0.0001 -0.5355
vn 0.4790 -0.0001 -0.8778
vn 0.4627 0.0001 -0.8865
vn 0.4633 -0.0000 -0.8862
vn 0.1488 -0.0000 -0.9889
vn 0.1487 0.0001 -0.9889
vn 0.1647 -0.0001 -0.9863
vn 0.0567 -0.0000 -0.9984
vn 0.0567 0.0001 -0.9984
vn 0.0567 -0.0001 -0.9984
vn 0.1365 -0.9906 0.0005
vn 0.1375 -0.9905 -0.0000
vn 0.4011 -0.9160 -0.0000
vn 0.3701 -0.9290 0.0007
vn 0.1365 -0.9906 -0.0005
vn 0.3701 -0.9290 -0.0007
vn 0.8289 -0.5595 -0.0000
vn 0.7457 -0.6662 0.0004
vn 0.7457 -0.6662 -0.0004
vn 0.9582 -0.2861 -0.0000
vn 0.9882 -0.1531 -0.0000
vn 0.9954 -0.0956 0.0001
vn 0.9954 -0.0956 -0.0001
vn 0.9972 -0.0000 0.0751
vn 0.9972 -0.0000 0.0749
vn 0.9821 -0.0000 0.1882
vn 0.9820 -0.0000 0.1886
vn 0.8533 -0.0000 0.5215
vn 0.8528 -0.0001 0.5222
vn 0.8530 0.0001 0.5218
vn 0.4630 0.0001 0.8864
vn 0.4632 -0.0000 0.8863
vn 0.4627 -0.0001 0.8865
vn 0.1488 -0.0000 0.9889
vn 0.1487 -0.0001 0.9889
vn 0.1487 0.0001 0.9889
vn 0.0567 -0.0000 0.9984
vn 0.0567 -0.0001 0.9984
vn 0.0567 0.0001 0.9984
vn 0.9964 0.0850 -0.0000
vn 0.9961 0.0883 -0.0000
vn 0.9597 0.2811 0.0001
vn 0.9831 0.1830 0.0002
vn 0.9958 0.0918 -0.0001
vn 0.9583 0.2858 -0.0002
vn 0.8277 0.5612 0.0004
vn 0.7247 0.6891 -0.0004
vn 0.7486 0.6631 -0.0000
vn 0.3703 0.9289 -0.0001
vn 0.3990 0.9169 0.0005
vn 0.3382 0.9411 -0.0005
vn 0.1375 0.9905 -0.0000
vn 0.1365 0.9906 0.0005
vn 0.1365 0.9906 -0.0005
vn 0.5956 -0.0002 0.8033
vn 0.5098 -0.0000 0.8603
vn 0.6578 0.0001 0.7532
vn 0.6849 0.0002 0.7286
vn 0.7690 -0.0002 0.6393
vn 0.4965 -0.0001 0.8680
vn 0.5111 0.0001 0.8595
vn 0.8852 0.0001 0.4652
vn 0.8733 0.0001 0.4872
vn 0.9257 -0.0001 0.3783
vn 0.9815 -0.0000 0.1914
vn 0.9852 -0.0000 0.1712
vn 0.9813 -0.0000 0.1924
vn 0.9979 -0.0000 0.0649
vn 0.9979 -0.0000 0.0647
vn 0.9981 0.0611 -0.0000
vn 0.9953 0.0971 -0.0000
vn 0.9929 0.1192 0.0001
vn 0.9929 0.1192 -0.0001
vn 0.9660 0.2587 -0.0001
vn 0.9617 0.2740 -0.0000
vn 0.9677 0.2523 -0.0000
vn 0.8937 0.4487 -0.0000
vn 0.8825 0.4704 -0.0001
vn 0.8994 0.4370 0.0001
vn 0.6560 -0.0000 -0.7548
vn 0.6276 -0.0002 -0.7785
vn 0.8544 -0.0002 -0.5196
vn 0.6675 0.0002 -0.7447
vn 0.8691 -0.0000 -0.4947
vn 0.8730 0.0001 -0.4877
vn 0.9798 -0.0000 -0.1999
vn 0.9802 0.0001 -0.1981
vn 0.9802 -0.0001 -0.1981
vn 0.9979 -0.0000 -0.0649
vn 0.9979 -0.0000 -0.0647
vn 0.8719 -0.4897 -0.0002
vn 0.8874 -0.4610 -0.0000
vn 0.8719 -0.4897 0.0002
vn 0.9594 -0.2821 -0.0000
vn 0.9437 -0.3307 -0.0001
vn 0.9437 -0.3307 0.0001
vn 0.9791 -0.2036 -0.0001
vn 0.9940 -0.1093 -0.0000
vn 0.9929 -0.1187 -0.0000
vn 0.9791 -0.2036 0.0001
vn 0.9980 -0.0631 -0.0000
vn 1.0000 -0.0000 -0.0007
vn 1.0000 -0.0001 0.0097
vn 0.9999 -0.0000 -0.0116
vn 0.9999 0.0001 -0.0118
vn 1.0000 0.0001 -0.0005
vn 1.0000 -0.0005 0.0096
vn 0.9999 0.0006 -0.0115
vn 1.0000 0.0048 -0.0052
vn 1.0000 -0.0007 0.0006
vn 1.0000 -0.0068 0.0061
vn 0.9999 -0.0107 0.0005
vn 1.0000 0.0003 -0.0002
vn 0.9999 -0.0114 0.0001
vn 0.9999 0.0116 -0.0015
vn 0.9999 0.0134 -0.0003
vn 0.9999 -0.0118 -0.0000
vn 0.9999 0.0139 -0.0001
vn 0.9999 -0.0001 -0.0118
vn 1.0000 0.0001 0.0097
vn 1.0000 -0.0001 -0.0005
vn 0.9999 -0.0006 -0.0115
vn 1.0000 0.0005 0.0096
vn 1.0000 0.0068 0.0061
vn 1.0000 0.0007 0.0006
vn 1.0000 -0.0048 -0.0052
vn 0.9999 -0.0116 -0.0015
vn 1.0000 -0.0003 -0.0002
vn 0.9999 -0.0134 -0.0003
vn 0.9999 0.0107 0.0005
vn 0.9999 0.0114 0.0001
vn 0.9999 -0.0139 -0.0001
vn 0.9999 0.0118 -0.0000
vn 0.9999 -0.0139 0.0001
vn 0.9999 -0.0134 0.0003
vn 0.9999 0.0114 -0.0001
vn 1.0000 -0.0003 0.0002
vn 0.9999 -0.0116 0.0015
vn 0.9999 0.0107 -0.0005
vn 1.0000 0.0068 -0.0061
vn 1.0000 0.0007 -0.0006
vn 1.0000 -0.0048 0.0052
vn 0.9999 -0.0006 0.0115
vn 1.0000 -0.0001 0.0005
vn 1.0000 -0.0000 0.0007
vn 0.9999 -0.0001 0.0118
vn 1.0000 0.0005 -0.0096
vn 1.0000 0.0001 -0.0097
vn 0.9999 -0.0000 0.0116
vn 0.9999 0.0001 0.0118
vn 1.0000 -0.0001 -0.0097
vn 1.0000 0.0001 0.0005
vn 0.9999 0.0006 0.0115
vn 1.0000 -0.0005 -0.0096
vn 1.0000 -0.0068 -0.0061
vn 1.0000 -0.0007 -0.0006
vn 1.0000 0.0048 0.0052
vn 0.9999 0.0116 0.0015
vn 1.0000 0.0003 0.0002
vn 0.9999 0.0134 0.0003
vn 0.9999 -0.0107 -0.0005
vn 0.9999 -0.0114 -0.0001
vn 0.9999 0.0139 0.0001
vn -0.0567 0.0001 -0.9984
vn -0.0567 -0.0000 -0.9984
vn -0.1488 -0.0000 -0.9889
vn -0.1487 0.0001 -0.9889
vn -0.0567 -0.0001 -0.9984
vn -0.1647 -0.0001 -0.9863
vn -0.4632 -0.0000 -0.8863
vn -0.4627 0.0001 -0.8865
vn -0.4792 -0.0001 -0.8777
vn -0.8446 -0.0001 -0.5354
vn -0.8532 -0.0000 -0.5215
vn -0.8528 0.0001 -0.5222
vn -0.9821 -0.0000 -0.1882
vn -0.9820 -0.0000 -0.1886
vn -0.9772 -0.0000 -0.2124
vn -0.9972 -0.0000 -0.0749
vn -0.9972 -0.0000 -0.0751
vn -0.9961 -0.0879 0.0001
vn -0.9935 -0.1136 -0.0000
vn -0.9593 -0.2823 0.0001
vn -0.9973 -0.0734 -0.0001
vn -0.9851 -0.1721 -0.0001
vn -0.8570 -0.5153 0.0001
vn -0.8485 -0.5292 -0.0003
vn -0.7462 -0.6657 0.0004
vn -0.4187 -0.9081 0.0001
vn -0.3701 -0.9290 0.0007
vn -0.4343 -0.9008 -0.0005
vn -0.1375 -0.9905 -0.0000
vn -0.1365 -0.9906 0.0005
vn -0.1365 -0.9906 -0.0005
vn -0.0567 -0.0001 0.9984
vn -0.0568 -0.0000 0.9984
vn -0.1488 -0.0000 0.9889
vn -0.1487 -0.0001 0.9889
vn -0.0567 0.0001 0.9984
vn -0.1487 0.0001 0.9889
vn -0.4632 -0.0000 0.8863
vn -0.4627 -0.0001 0.8865
vn -0.4627 0.0001 0.8865
vn -0.8528 0.0001 0.5222
vn -0.8532 -0.0000 0.5215
vn -0.8528 -0.0001 0.5222
vn -0.9821 -0.0000 0.1882
vn -0.9820 -0.0000 0.1886
vn -0.9972 -0.0000 0.0749
vn -0.9972 -0.0000 0.0751
vn -0.1365 0.9906 0.0005
vn -0.1375 0.9905 -0.0000
vn -0.4006 0.9163 -0.0000
vn -0.3991 0.9169 0.0005
vn -0.1365 0.9906 -0.0005
vn -0.4154 0.9096 -0.0004
vn -0.7696 0.6385 -0.0000
vn -0.8210 0.5710 0.0002
vn -0.8387 0.5446 -0.0001
vn -0.9588 0.2840 -0.0000
vn -0.9825 0.1862 -0.0001
vn -0.9958 0.0916 -0.0000
vn -0.9851 0.1721 -0.0001
vn -0.9973 0.0734 0.0001
vn -0.9973 0.0734 -0.0001
vn -0.9979 -0.0000 0.0647
vn -0.9979 -0.0000 0.0649
vn -0.9833 -0.0000 0.1822
vn -0.9834 -0.0001 0.1812
vn -0.9834 0.0001 0.1812
vn -0.9156 -0.0000 0.4020
vn -0.8804 -0.0001 0.4742
vn -0.8804 0.0001 0.4743
vn -0.7583 -0.0000 0.6520
vn -0.6622 -0.0002 0.7493
vn -0.6622 0.0002 0.7493
vn -0.8661 0.4999 -0.0002
vn -0.8971 0.4418 0.0001
vn -0.9333 0.3591 -0.0001
vn -0.9646 0.2637 0.0001
vn -0.8951 0.4459 0.0001
vn -0.9648 0.2628 -0.0000
vn -0.9789 0.2042 -0.0001
vn -0.9933 0.1157 -0.0000
vn -0.9938 0.1115 -0.0000
vn -0.9919 0.1271 -0.0000
vn -0.9980 0.0631 -0.0000
vn -0.9979 -0.0000 -0.0647
vn -0.9979 -0.0000 -0.0649
vn -0.9880 -0.0000 -0.1545
vn -0.9882 0.0001 -0.1534
vn -0.9882 -0.0001 -0.1534
vn -0.9274 -0.0000 -0.3741
vn -0.9291 0.0001 -0.3697
vn -0.9260 -0.0001 -0.3776
vn -0.7684 0.0002 -0.6399
vn -0.7598 -0.0000 -0.6502
vn -0.7572 -0.0002 -0.6532
vn -0.5956 0.0002 -0.8033
vn -0.5972 -0.0001 -0.8021
vn -0.9978 -0.0664 -0.0000
vn -0.9976 -0.0698 -0.0000
vn -0.9794 -0.2018 -0.0000
vn -0.9915 -0.1303 -0.0000
vn -0.9648 -0.2629 -0.0000
vn -0.9586 -0.2849 0.0001
vn -0.9086 -0.4176 -0.0000
vn -0.8950 -0.4460 -0.0001
vn -0.8767 -0.4811 0.0001
vn -0.9999 -0.0118 -0.0000
vn -0.9999 -0.0114 0.0001
vn -0.9999 0.0139 -0.0001
vn -0.9999 0.0134 -0.0003
vn -1.0000 0.0003 -0.0002
vn -0.9999 -0.0107 0.0005
vn -0.9999 0.0116 -0.0015
vn -1.0000 0.0048 -0.0052
vn -1.0000 -0.0007 0.0006
vn -1.0000 -0.0068 0.0061
vn -1.0000 -0.0005 0.0096
vn -1.0000 0.0001 -0.0005
vn -1.0000 -0.0000 -0.0007
vn -1.0000 -0.0001 0.0097
vn -0.9999 0.0006 -0.0115
vn -0.9999 0.0001 -0.0118
vn -0.9999 -0.0000 -0.0116
vn -0.9999 -0.0139 -0.0001
vn -0.9999 -0.0134 -0.0003
vn -0.9999 0.0118 -0.0000
vn -0.9999 0.0114 0.0001
vn -1.0000 -0.0003 -0.0002
vn -0.9999 -0.0116 -0.0015
vn -0.9999 0.0107 0.0005
vn -1.0000 0.0068 0.0061
vn -1.0000 0.0007 0.0006
vn -1.0000 -0.0048 -0.0052
vn -0.9999 -0.0006 -0.0115
vn -1.0000 -0.0001 -0.0005
vn -0.9999 -0.0001 -0.0118
vn -1.0000 0.0005 0.0096
vn -1.0000 0.0001 0.0097
vn -0.9999 -0.0000 0.0116
vn -1.0000 -0.0000 0.0007
vn -0.9999 -0.0001 0.0118
vn -1.0000 0.0001 -0.0097
vn -1.0000 -0.0001 0.0005
vn -0.9999 -0.0006 0.0115
vn -1.0000 0.0005 -0.0096
vn -1.0000 0.0068 -0.0061
vn -1.0000 0.0007 -0.0006
vn -1.0000 -0.0048 0.0052
vn -0.9999 -0.0116 0.0015
vn -1.0000 -0.0003 0.0002
vn -0.9999 -0.0134 0.0003
vn -0.9999 0.0107 -0.0005
vn -0.9999 0.0114 -0.0001
vn -0.9999 -0.0139 0.0001
vn -0.9999 0.0139 0.0001
vn -0.9999 0.0134 0.0003
vn -0.9999 -0.0114 -0.0001
vn -1.0000 0.0003 0.0002
vn -0.9999 0.0116 0.0015
vn -0.9999 -0.0107 -0.0005
vn -1.0000 -0.0068 -0.0061
vn -1.0000 -0.0007 -0.0006
vn -1.0000 0.0048 0.0052
vn -0.9999 0.0006 0.0115
vn -1.0000 0.0001 0.0005
vn -0.9999 0.0001 0.0118
vn -1.0000 -0.0005 -0.0096
vn -1.0000 -0.0001 -0.0097
vn -0.7050 0.7092 -0.0029
vn -0.7383 0.6744 -0.0027
vn -0.7383 0.6744 -0.0091
vn -0.7047 0.7095 -0.0098
vn -0.7688 0.6395 -0.0025
vn -0.7684 0.6399 -0.0085
vn -0.7467 0.6621 -0.0639
vn -0.7121 0.6987 -0.0685
vn -0.7771 0.6266 -0.0593
vn -0.7447 0.3737 -0.5530
vn -0.7028 0.4025 -0.5866
vn -0.6613 0.4325 -0.6129
vn -0.3972 0.0235 -0.9174
vn -0.4493 0.0233 -0.8931
vn -0.4243 0.0034 -0.9055
vn -0.3795 0.0034 -0.9252
vn -0.5147 0.0238 -0.8570
vn -0.4790 0.0035 -0.8778
vn -0.4160 0.0010 -0.9093
vn -0.3764 0.0010 -0.9264
vn -0.4625 0.0010 -0.8866
vn 0.7050 -0.7092 -0.0029
vn 0.7383 -0.6744 -0.0027
vn 0.7383 -0.6745 -0.0091
vn 0.7047 -0.7095 -0.0098
vn 0.7688 -0.6395 -0.0025
vn 0.7684 -0.6399 -0.0085
vn 0.7466 -0.6621 -0.0639
vn 0.7121 -0.6987 -0.0685
vn 0.7770 -0.6266 -0.0593
vn 0.7447 -0.3737 -0.5529
vn 0.7028 -0.4024 -0.5866
vn 0.6613 -0.4325 -0.6129
vn 0.3972 -0.0235 -0.9174
vn 0.4494 -0.0233 -0.8930
vn 0.4243 -0.0034 -0.9055
vn 0.3795 -0.0034 -0.9252
vn 0.5147 -0.0238 -0.8570
vn 0.4790 -0.0035 -0.8778
vn 0.4160 -0.0010 -0.9094
vn 0.3764 -0.0010 -0.9264
vn 0.4624 -0.0010 -0.8867
vn -0.7050 -0.7092 0.0029
vn -0.7383 -0.6744 0.0027
vn -0.7382 -0.6745 0.0091
vn -0.7047 -0.7094 0.0098
vn -0.7688 -0.6395 0.0025
vn -0.7684 -0.6399 0.0085
vn -0.7467 -0.6621 0.0639
vn -0.7121 -0.6987 0.0685
vn -0.7770 -0.6267 0.0593
vn -0.7447 -0.3737 0.5530
vn -0.7028 -0.4024 0.5866
vn -0.6613 -0.4325 0.6128
vn -0.3972 -0.0235 0.9174
vn -0.4493 -0.0233 0.8931
vn -0.4242 -0.0034 0.9055
vn -0.3795 -0.0034 0.9252
vn -0.5147 -0.0238 0.8571
vn -0.4790 -0.0035 0.8778
vn -0.4160 -0.0010 0.9094
vn -0.3764 -0.0010 0.9265
vn -0.4625 -0.0010 0.8866
vn 0.7050 0.7092 0.0029
vn 0.7383 0.6744 0.0027
vn 0.7382 0.6745 0.0091
vn 0.7047 0.7095 0.0098
vn 0.7688 0.6395 0.0025
vn 0.7684 0.6399 0.0085
vn 0.7466 0.6621 0.0639
vn 0.7121 0.6987 0.0685
vn 0.7770 0.6267 0.0593
vn 0.7447 0.3737 0.5530
vn 0.7028 0.4025 0.5866
vn 0.6613 0.4325 0.6128
vn 0.3972 0.0235 0.9174
vn 0.4493 0.0233 0.8931
vn 0.4243 0.0034 0.9055
vn 0.3795 0.0034 0.9252
vn 0.5147 0.0238 0.8571
vn 0.4790 0.0035 0.8778
vn 0.4161 0.0010 0.9093
vn 0.3764 0.0010 0.9265
vn 0.4625 0.0010 0.8866
vn 0.4516 0.0004 0.8922
vn 0.4111 0.0004 0.9116
vn 0.3750 0.0004 0.9270
vn 0.0189 0.9998 0.0039
vn -0.0000 1.0000 0.0039
vn -0.0000 0.9999 0.0131
vn 0.0180 0.9998 0.0132
vn -0.0189 0.9998 0.0039
vn -0.0180 0.9998 0.0132
vn 0.0176 0.9954 0.0945
vn -0.0176 0.9954 0.0945
vn -0.0172 0.6596 0.7514
vn -0.0000 0.6603 0.7510
vn 0.0172 0.6596 0.7514
vn 0.0088 0.0236 0.9997
vn -0.0000 0.0237 0.9997
vn -0.0000 0.0034 1.0000
vn 0.0084 0.0034 1.0000
vn -0.0088 0.0236 0.9997
vn -0.0084 0.0034 1.0000
vn -0.0000 0.0010 1.0000
vn 0.0083 0.0010 1.0000
vn -0.0083 0.0010 1.0000
vn -0.0189 -0.9998 0.0039
vn -0.0000 -1.0000 0.0039
vn -0.0000 -0.9999 0.0131
vn -0.0180 -0.9998 0.0132
vn 0.0189 -0.9998 0.0039
vn 0.0180 -0.9998 0.0132
vn -0.0000 -0.9956 0.0941
vn -0.0176 -0.9954 0.0945
vn 0.0176 -0.9954 0.0945
vn 0.0172 -0.6596 0.7514
vn -0.0000 -0.6603 0.7510
vn -0.0172 -0.6596 0.7514
vn -0.0088 -0.0236 0.9997
vn -0.0000 -0.0237 0.9997
vn -0.0000 -0.0034 1.0000
vn -0.0084 -0.0034 1.0000
vn 0.0088 -0.0236 0.9997
vn 0.0084 -0.0034 1.0000
vn -0.0000 -0.0010 1.0000
vn -0.0083 -0.0010 1.0000
vn 0.0083 -0.0010 1.0000
vn 0.0189 -0.9998 -0.0039
vn -0.0000 -1.0000 -0.0039
vn -0.0000 -0.9999 -0.0131
vn 0.0180 -0.9998 -0.0132
vn -0.0189 -0.9998 -0.0039
vn -0.0180 -0.9998 -0.0132
vn -0.0000 -0.9956 -0.0941
vn 0.0176 -0.9954 -0.0945
vn -0.0176 -0.9954 -0.0945
vn -0.0172 -0.6596 -0.7514
vn -0.0000 -0.6603 -0.7510
vn 0.0172 -0.6596 -0.7514
vn 0.0088 -0.0236 -0.9997
vn -0.0000 -0.0237 -0.9997
vn -0.0000 -0.0034 -1.0000
vn 0.0084 -0.0034 -1.0000
vn -0.0088 -0.0236 -0.9997
vn -0.0084 -0.0034 -1.0000
vn -0.0000 -0.0010 -1.0000
vn 0.0083 -0.0010 -1.0000
vn -0.0083 -0.0010 -1.0000
vn -0.0189 0.9998 -0.0039
vn -0.0000 1.0000 -0.0039
vn -0.0000 0.9999 -0.0131
vn -0.0180 0.9998 -0.0132
vn 0.0189 0.9998 -0.0039
vn 0.0180 0.9998 -0.0132
vn -0.0000 0.9956 -0.0942
vn -0.0176 0.9954 -0.0945
vn 0.0176 0.9954 -0.0946
vn 0.0172 0.6596 -0.7514
vn -0.0000 0.6603 -0.7510
vn -0.0172 0.6596 -0.7514
vn -0.0088 0.0236 -0.9997
vn -0.0000 0.0237 -0.9997
vn -0.0000 0.0034 -1.0000
vn -0.0084 0.0034 -1.0000
vn 0.0088 0.0236 -0.9997
vn 0.0084 0.0034 -1.0000
vn -0.0083 0.0010 -1.0000
vn 0.0083 0.0010 -1.0000
vn 0.7688 0.6395 -0.0025
vn 0.7383 0.6745 -0.0027
vn 0.7383 0.6745 -0.0091
vn 0.7684 0.6399 -0.0085
vn 0.7049 0.7093 -0.0029
vn 0.7047 0.7095 -0.0098
vn 0.7467 0.6621 -0.0639
vn 0.7771 0.6266 -0.0593
vn 0.7122 0.6987 -0.0685
vn 0.6613 0.4325 -0.6129
vn 0.7028 0.4024 -0.5866
vn 0.7447 0.3737 -0.5529
vn 0.5147 0.0238 -0.8570
vn 0.4494 0.0233 -0.8931
vn 0.4243 0.0034 -0.9055
vn 0.4789 0.0035 -0.8778
vn 0.3972 0.0235 -0.9174
vn 0.3795 0.0034 -0.9252
vn 0.4160 0.0010 -0.9094
vn 0.4624 0.0010 -0.8866
vn 0.3764 0.0010 -0.9264
vn -0.6940 0.7199 -0.0030
vn -0.7053 0.7088 -0.0097
vn -0.6939 0.7200 -0.0099
vn -0.6946 0.7194 -0.0029
vn -0.6947 0.7193 -0.0097
vn -0.7135 0.6974 -0.0675
vn -0.7013 0.7095 -0.0694
vn -0.7027 0.7082 -0.0679
vn -0.6551 0.4350 -0.6178
vn -0.6638 0.4294 -0.6124
vn -0.6497 0.4407 -0.6194
vn -0.3778 0.0234 -0.9256
vn -0.3883 0.0229 -0.9212
vn -0.3734 0.0034 -0.9277
vn -0.3635 0.0034 -0.9316
vn -0.3776 0.0227 -0.9257
vn -0.3639 0.0033 -0.9314
vn -0.3724 0.0010 -0.9281
vn -0.3627 0.0010 -0.9319
vn -0.3631 0.0010 -0.9318
vn 0.6945 0.7194 -0.0029
vn 0.7050 0.7092 -0.0029
vn 0.7053 0.7088 -0.0097
vn 0.6946 0.7193 -0.0097
vn 0.6940 0.7199 -0.0030
vn 0.6939 0.7200 -0.0099
vn 0.7135 0.6974 -0.0675
vn 0.7027 0.7082 -0.0679
vn 0.7013 0.7094 -0.0694
vn 0.6497 0.4407 -0.6194
vn 0.6638 0.4294 -0.6124
vn 0.6550 0.4350 -0.6178
vn 0.3776 0.0227 -0.9257
vn 0.3883 0.0229 -0.9213
vn 0.3734 0.0034 -0.9277
vn 0.3639 0.0033 -0.9314
vn 0.3778 0.0234 -0.9256
vn 0.3635 0.0034 -0.9316
vn 0.3723 0.0010 -0.9281
vn 0.3631 0.0010 -0.9318
vn 0.3627 0.0010 -0.9319
vn -0.7688 -0.6394 -0.0025
vn -0.7383 -0.6744 -0.0027
vn -0.7383 -0.6745 -0.0091
vn -0.7684 -0.6399 -0.0085
vn -0.7049 -0.7093 -0.0029
vn -0.7046 -0.7095 -0.0098
vn -0.7466 -0.6621 -0.0639
vn -0.7771 -0.6266 -0.0593
vn -0.7121 -0.6987 -0.0685
vn -0.6613 -0.4325 -0.6129
vn -0.7028 -0.4024 -0.5866
vn -0.7447 -0.3737 -0.5530
vn -0.5147 -0.0238 -0.8570
vn -0.4494 -0.0233 -0.8930
vn -0.4243 -0.0034 -0.9055
vn -0.4789 -0.0035 -0.8778
vn -0.3972 -0.0235 -0.9174
vn -0.3795 -0.0034 -0.9252
vn -0.4160 -0.0010 -0.9094
vn -0.4624 -0.0010 -0.8866
vn -0.3764 -0.0010 -0.9265
vn 0.6940 -0.7199 -0.0030
vn 0.7053 -0.7088 -0.0097
vn 0.6939 -0.7200 -0.0099
vn 0.6945 -0.7195 -0.0029
vn 0.6947 -0.7193 -0.0097
vn 0.7136 -0.6973 -0.0675
vn 0.7013 -0.7095 -0.0694
vn 0.7027 -0.7082 -0.0679
vn 0.6551 -0.4350 -0.6178
vn 0.6638 -0.4293 -0.6124
vn 0.6497 -0.4407 -0.6194
vn 0.3778 -0.0234 -0.9256
vn 0.3883 -0.0229 -0.9212
vn 0.3734 -0.0034 -0.9277
vn 0.3635 -0.0034 -0.9316
vn 0.3776 -0.0227 -0.9257
vn 0.3639 -0.0033 -0.9314
vn 0.3723 -0.0010 -0.9281
vn 0.3627 -0.0010 -0.9319
vn 0.3631 -0.0010 -0.9318
vn -0.6946 -0.7194 -0.0029
vn -0.7050 -0.7092 -0.0029
vn -0.7053 -0.7088 -0.0097
vn -0.6947 -0.7193 -0.0097
vn -0.6940 -0.7200 -0.0030
vn -0.6939 -0.7200 -0.0099
vn -0.7135 -0.6974 -0.0675
vn -0.7027 -0.7082 -0.0679
vn -0.7013 -0.7095 -0.0694
vn -0.6497 -0.4407 -0.6194
vn -0.6638 -0.4293 -0.6125
vn -0.6551 -0.4350 -0.6178
vn -0.3776 -0.0227 -0.9257
vn -0.3883 -0.0229 -0.9212
vn -0.3734 -0.0034 -0.9277
vn -0.3639 -0.0033 -0.9314
vn -0.3778 -0.0234 -0.9256
vn -0.3635 -0.0034 -0.9316
vn -0.3723 -0.0010 -0.9281
vn -0.3631 -0.0010 -0.9318
vn -0.3627 -0.0010 -0.9319
vn 0.7688 -0.6394 0.0025
vn 0.7383 -0.6745 0.0027
vn 0.7382 -0.6745 0.0091
vn 0.7684 -0.6399 0.0085
vn 0.7049 -0.7093 0.0029
vn 0.7046 -0.7095 0.0098
vn 0.7466 -0.6622 0.0639
vn 0.7770 -0.6266 0.0593
vn 0.7121 -0.6987 0.0685
vn 0.6613 -0.4325 0.6129
vn 0.7028 -0.4024 0.5866
vn 0.7447 -0.3737 0.5529
vn 0.5147 -0.0238 0.8570
vn 0.4493 -0.0233 0.8931
vn 0.4242 -0.0034 0.9056
vn 0.4790 -0.0035 0.8778
vn 0.3972 -0.0235 0.9174
vn 0.3795 -0.0034 0.9252
vn 0.4160 -0.0010 0.9094
vn 0.4625 -0.0010 0.8866
vn 0.3764 -0.0010 0.9265
vn 0.3750 -0.0004 0.9270
vn 0.4111 -0.0004 0.9116
vn 0.4517 -0.0004 0.8922
vn -0.6940 -0.7199 0.0030
vn -0.7053 -0.7088 0.0097
vn -0.6939 -0.7200 0.0099
vn -0.6946 -0.7194 0.0029
vn -0.6947 -0.7193 0.0097
vn -0.7135 -0.6974 0.0675
vn -0.7013 -0.7095 0.0694
vn -0.7027 -0.7082 0.0679
vn -0.6551 -0.4350 0.6178
vn -0.6637 -0.4293 0.6125
vn -0.6497 -0.4407 0.6194
vn -0.3778 -0.0234 0.9256
vn -0.3883 -0.0229 0.9213
vn -0.3734 -0.0034 0.9277
vn -0.3634 -0.0034 0.9316
vn -0.3777 -0.0227 0.9257
vn -0.3639 -0.0033 0.9314
vn -0.3723 -0.0010 0.9281
vn -0.3627 -0.0010 0.9319
vn -0.3631 -0.0010 0.9317
vn 0.6945 -0.7194 0.0029
vn 0.7050 -0.7092 0.0029
vn 0.7053 -0.7088 0.0097
vn 0.6946 -0.7193 0.0097
vn 0.6940 -0.7199 0.0030
vn 0.6939 -0.7200 0.0099
vn 0.7135 -0.6974 0.0675
vn 0.7027 -0.7082 0.0679
vn 0.7013 -0.7094 0.0694
vn 0.6497 -0.4407 0.6194
vn 0.6637 -0.4294 0.6125
vn 0.6551 -0.4350 0.6178
vn 0.3776 -0.0227 0.9257
vn 0.3883 -0.0229 0.9213
vn 0.3734 -0.0034 0.9277
vn 0.3638 -0.0033 0.9315
vn 0.3778 -0.0234 0.9256
vn 0.3634 -0.0034 0.9316
vn 0.3723 -0.0010 0.9281
vn 0.3631 -0.0010 0.9318
vn 0.3627 -0.0010 0.9319
vn -0.7688 0.6394 0.0025
vn -0.7383 0.6744 0.0027
vn -0.7383 0.6745 0.0091
vn -0.7684 0.6399 0.0085
vn -0.7049 0.7093 0.0029
vn -0.7046 0.7095 0.0098
vn -0.7466 0.6621 0.0639
vn -0.7770 0.6266 0.0593
vn -0.7121 0.6987 0.0685
vn -0.6613 0.4325 0.6129
vn -0.7028 0.4024 0.5866
vn -0.7447 0.3737 0.5529
vn -0.5147 0.0238 0.8570
vn -0.4493 0.0233 0.8931
vn -0.4242 0.0034 0.9055
vn -0.4790 0.0035 0.8778
vn -0.3972 0.0235 0.9174
vn -0.3795 0.0034 0.9252
vn -0.4160 0.0010 0.9094
vn -0.4625 0.0010 0.8866
vn -0.3764 0.0010 0.9265
vn 0.6941 0.7199 0.0030
vn 0.7053 0.7088 0.0097
vn 0.6939 0.7200 0.0099
vn 0.6945 0.7194 0.0029
vn 0.6947 0.7193 0.0097
vn 0.7136 0.6973 0.0675
vn 0.7013 0.7095 0.0694
vn 0.7027 0.7082 0.0679
vn 0.6551 0.4350 0.6178
vn 0.6638 0.4293 0.6124
vn 0.6497 0.4407 0.6194
vn 0.3778 0.0234 0.9256
vn 0.3883 0.0229 0.9213
vn 0.3734 0.0034 0.9276
vn 0.3635 0.0034 0.9316
vn 0.3776 0.0227 0.9257
vn 0.3639 0.0033 0.9314
vn 0.3724 0.0010 0.9281
vn 0.3627 0.0010 0.9319
vn 0.3631 0.0010 0.9318
vn -0.6946 0.7194 0.0029
vn -0.7050 0.7092 0.0029
vn -0.7053 0.7088 0.0097
vn -0.6947 0.7193 0.0097
vn -0.6940 0.7200 0.0030
vn -0.6939 0.7200 0.0099
vn -0.7135 0.6974 0.0675
vn -0.7027 0.7082 0.0679
vn -0.7013 0.7095 0.0694
vn -0.6497 0.4407 0.6194
vn -0.6637 0.4293 0.6125
vn -0.6551 0.4350 0.6178
vn -0.3776 0.0227 0.9257
vn -0.3883 0.0229 0.9213
vn -0.3734 0.0034 0.9277
vn -0.3639 0.0033 0.9314
vn -0.3778 0.0234 0.9256
vn -0.3634 0.0034 0.9316
vn -0.3723 0.0010 0.9281
vn -0.3631 0.0010 0.9318
vn -0.3627 0.0010 0.9319
vn -0.5415 0.8407 0.0005
vn -0.5419 0.8405 -0.0000
vn -0.2308 0.9730 -0.0000
vn -0.2306 0.9730 0.0006
vn -0.5415 0.8407 -0.0005
vn -0.2306 0.9730 -0.0006
vn 0.2305 0.9731 0.0006
vn 0.2309 0.9730 -0.0000
vn 0.5415 0.8407 0.0005
vn 0.2306 0.9731 -0.0006
vn 0.5415 0.8407 -0.0005
vn 0.5420 0.8404 -0.0000
vn 0.4819 0.8762 0.0006
vn 0.4427 0.8967 -0.0001
vn -0.0000 1.0000 -0.0002
vn -0.0000 1.0000 0.0007
vn 0.4206 0.9073 -0.0005
vn -0.4427 0.8967 -0.0001
vn -0.4819 0.8762 0.0006
vn -0.4206 0.9073 -0.0005
vn -0.5416 0.8407 0.0005
vn -0.2307 0.9730 -0.0006
vn 0.2306 0.9730 0.0006
vn 0.2308 0.9730 -0.0000
vn 0.5418 0.8405 -0.0000
vn 0.2306 0.9730 -0.0006
vn -0.5293 -0.8484 -0.0004
vn -0.5091 -0.8607 0.0001
vn -0.0703 -0.9975 0.0002
vn -0.2174 -0.9761 -0.0006
vn -0.4999 -0.8661 0.0005
vn -0.0601 -0.9982 0.0006
vn 0.2306 -0.9730 -0.0006
vn 0.4265 -0.9045 0.0001
vn 0.4216 -0.9068 0.0005
vn 0.5265 -0.8502 -0.0005
vn 0.5409 -0.8411 -0.0005
vn 0.5415 -0.8407 -0.0000
vn 0.2304 -0.9731 -0.0000
vn 0.2298 -0.9732 -0.0005
vn 0.5409 -0.8411 0.0005
vn 0.2112 -0.9775 0.0004
vn -0.2303 -0.9731 -0.0006
vn -0.2306 -0.9730 -0.0000
vn -0.5339 -0.8456 -0.0005
vn -0.2489 -0.9685 0.0005
vn -0.5339 -0.8456 0.0005
vn -0.5416 -0.8406 -0.0000
vn -0.5415 -0.8407 -0.0005
vn -0.5344 -0.8452 -0.0000
vn -0.2309 -0.9730 -0.0001
vn -0.4571 -0.8894 0.0006
vn -0.2114 -0.9774 -0.0007
vn -0.0296 -0.9996 0.0006
vn 0.2308 -0.9730 -0.0001
vn 0.4309 -0.9024 0.0005
vn 0.2499 -0.9683 -0.0006
vn 0.5343 -0.8453 -0.0000
vn 0.5337 -0.8457 -0.0004
vn -0.1936 -0.0000 0.9811
vn -0.2279 0.0002 0.9737
vn -0.0262 0.0002 0.9997
vn -0.1905 -0.0002 0.9817
vn 0.0001 -0.0002 1.0000
vn 0.1907 -0.0000 0.9816
vn 0.1906 -0.0002 0.9817
vn 0.1906 0.0002 0.9817
vn 0.3178 0.0001 0.9482
vn 0.3179 -0.0000 0.9481
vn 0.3178 -0.0001 0.9482
vn 0.2482 -0.0001 0.9687
vn 0.1961 -0.0000 0.9806
vn 0.0865 -0.0001 0.9962
vn 0.2482 0.0001 0.9687
vn 0.0733 0.0001 0.9973
vn 0.0196 -0.0000 0.9998
vn -0.1122 -0.0001 0.9937
vn -0.1740 -0.0000 0.9847
vn -0.2482 -0.0001 0.9687
vn -0.1686 0.0002 0.9857
vn -0.1908 -0.0000 0.9816
vn 0.0001 -0.0000 1.0000
vn -0.1938 0.0001 0.9810
vn -0.0075 0.0002 1.0000
vn 0.1908 -0.0000 0.9816
vn 0.1835 0.0002 0.9830
vn -0.2544 0.0001 -0.9671
vn -0.2546 -0.0000 -0.9670
vn -0.0839 -0.0000 -0.9965
vn -0.0918 0.0001 -0.9958
vn -0.2544 -0.0001 -0.9671
vn -0.0918 -0.0001 -0.9958
vn 0.1077 0.0002 -0.9942
vn 0.1621 -0.0000 -0.9868
vn 0.2501 0.0002 -0.9682
vn 0.1076 -0.0002 -0.9942
vn 0.2500 -0.0002 -0.9682
vn 0.1928 0.0002 -0.9812
vn 0.2059 -0.0000 -0.9786
vn -0.0131 -0.0000 -0.9999
vn -0.0084 0.0002 -1.0000
vn 0.2377 -0.0001 -0.9713
vn 0.0870 -0.0001 -0.9962
vn -0.2268 -0.0000 -0.9739
vn -0.2037 0.0002 -0.9790
vn -0.0923 -0.0001 -0.9957
vn -0.2480 -0.0002 -0.9688
vn -0.0998 -0.0000 -0.9950
vn -0.0997 0.0002 -0.9950
vn -0.0997 -0.0002 -0.9950
vn 0.0997 0.0002 -0.9950
vn 0.0999 -0.0000 -0.9950
vn 0.2544 0.0001 -0.9671
vn 0.2546 -0.0000 -0.9670
vn 0.0998 -0.0002 -0.9950
vn 0.2544 -0.0001 -0.9671
vn 0.4452 0.0001 0.8954
vn 0.4431 -0.0000 0.8965
vn 0.4073 -0.0000 0.9133
vn 0.4083 0.0001 0.9129
vn 0.4452 -0.0001 0.8954
vn 0.4083 -0.0001 0.9129
vn 0.3741 -0.0000 0.9274
vn 0.3743 0.0001 0.9273
vn 0.3743 -0.0001 0.9273
vn 0.9956 0.0938 0.0016
vn 0.9962 0.0867 0.0006
vn 0.6596 0.7516 0.0007
vn 0.6652 0.7467 0.0023
vn 0.9962 0.0866 -0.0006
vn 0.6647 0.7471 -0.0006
vn 0.9989 0.0475 0.0005
vn 0.9989 0.0474 -0.0003
vn 0.9961 0.0879 -0.0003
vn 0.9989 0.0471 -0.0001
vn 0.9950 0.0996 -0.0007
vn 0.6698 0.7425 0.0030
vn 0.6691 0.7432 -0.0008
vn -0.0283 -0.0024 -0.9996
vn -0.1329 -0.0075 -0.9911
vn -0.1049 -0.0000 -0.9945
vn -0.0224 -0.0011 -0.9997
vn -0.3768 -0.0141 -0.9262
vn -0.3783 -0.0000 -0.9257
vn -0.3764 0.0141 -0.9264
vn -0.1332 0.0075 -0.9911
vn -0.0301 0.0025 -0.9995
vn -0.0224 0.0011 -0.9997
vn -0.0003 0.0001 -1.0000
vn -0.0015 0.0004 -1.0000
vn 0.0015 0.0001 -1.0000
vn -0.0078 0.0002 -1.0000
vn -0.0043 -0.0001 -1.0000
vn -0.0085 -0.0000 -1.0000
vn -0.0082 -0.0000 -1.0000
vn -0.0089 -0.0000 -1.0000
vn -0.0043 0.0001 -1.0000
vn -0.0078 -0.0002 -1.0000
vn 0.0023 -0.0001 -1.0000
vn -0.0016 -0.0004 -1.0000
vn -0.0003 -0.0001 -1.0000
vn -0.0059 0.7116 -0.7026
vn 0.0069 0.0010 -1.0000
vn 0.0036 0.0005 -1.0000
vn -0.0552 -0.0046 -0.9985
vn -0.0023 -0.0002 -1.0000
vn -0.7326 -0.0230 -0.6803
vn -0.7319 -0.0137 -0.6812
vn -0.2243 -0.0134 -0.9744
vn -0.7319 -0.0000 -0.6814
vn -0.7338 0.0230 -0.6789
vn -0.2253 0.0134 -0.9742
vn -0.7322 0.0137 -0.6810
vn -0.0582 0.0048 -0.9983
vn -0.0002 -0.0000 -1.0000
vn -0.0023 0.0003 -1.0000
vn -0.0054 0.0007 -1.0000
vn -0.0023 0.0002 -1.0000
vn -0.0005 -0.0000 -1.0000
vn -0.0022 -0.0000 -1.0000
vn -0.0003 -0.0000 -1.0000
vn 0.0001 -0.0000 -1.0000
vn 0.0322 -0.0000 -0.9995
vn -0.0008 -0.0000 -1.0000
vn -0.0012 -0.0000 -1.0000
vn -0.0009 -0.0000 -1.0000
vn -0.0014 -0.0000 -1.0000
vn -0.9865 -0.0095 -0.1635
vn -0.9948 -0.0057 -0.1014
vn -0.9963 -0.0000 -0.0858
vn -0.9781 -0.0119 -0.2080
vn -0.9942 0.0046 0.1073
vn -1.0000 -0.0003 -0.0025
vn -1.0000 -0.0001 0.0040
vn -1.0000 -0.0002 -0.0000
vn -1.0000 -0.0000 0.0001
vn -1.0000 -0.0002 -0.0001
vn -1.0000 -0.0001 0.0022
vn -1.0000 -0.0001 -0.0018
vn -1.0000 0.0001 -0.0015
vn -1.0000 -0.0000 -0.0020
vn -1.0000 -0.0000 -0.0018
vn -1.0000 -0.0000 -0.0019
vn -1.0000 -0.0001 -0.0015
vn -1.0000 0.0001 -0.0018
vn -1.0000 0.0001 0.0021
vn -1.0000 0.0002 -0.0001
vn -1.0000 0.0003 -0.0019
vn -1.0000 0.0002 -0.0000
vn -1.0000 0.0008 -0.0024
vn -1.0000 0.0003 -0.0021
vn -0.9998 0.0010 -0.0175
vn -0.9950 0.0056 -0.0997
vn -0.9987 0.0037 -0.0508
vn -0.9772 0.0120 -0.2119
vn -0.9442 0.0138 -0.3290
vn -0.9429 -0.0000 -0.3330
vn -0.9437 -0.0138 -0.3306
vn -1.0000 -0.0006 -0.0005
vn -0.9763 -0.0121 -0.2160
vn -0.9921 -0.0077 -0.1253
vn -1.0000 -0.0000 0.0049
vn -1.0000 -0.0000 -0.0000
vn -1.0000 -0.0000 -0.0001
vn -1.0000 -0.0000 -0.0002
vn -1.0000 0.0002 -0.0032
vn -1.0000 -0.0000 0.0002
vn -1.0000 -0.0000 -0.0003
vn -1.0000 -0.0000 0.0003
vn -0.9997 -0.0000 -0.0225
vn -1.0000 -0.0002 -0.0037
vn -0.9998 -0.0000 -0.0221
vn -0.9999 0.0006 0.0100
vn -1.0000 0.0005 0.0026
vn -1.0000 0.0003 0.0048
vn -1.0000 0.0005 -0.0000
vn -1.0000 0.0007 -0.0052
vn -1.0000 0.0003 0.0024
vn -1.0000 0.0006 -0.0043
vn -1.0000 -0.0003 0.0078
vn -1.0000 -0.0000 0.0073
vn -1.0000 0.0002 0.0035
vn -0.9959 -0.0041 0.0908
vn -0.9811 0.0115 -0.1931
vn -0.9726 0.0136 -0.2323
vn -0.9748 -0.0133 -0.2225
vn 0.0054 -0.0000 -1.0000
vn 1.0000 -0.0000 -0.0000
vn 0.7071 -0.0000 -0.7071
vn -0.8999 0.0091 -0.4361
vn -0.0065 -1.0000 -0.0062
vn -0.0261 -0.9993 -0.0249
vn -0.0131 -0.9998 -0.0124
vn -0.0051 1.0000 0.0064
vn -0.0195 0.9998 0.0103
vn -0.0257 0.6831 0.7299
vn -0.0134 0.9998 0.0168
vn -1.0000 0.0098 -0.0000
vn -1.0000 0.0050 -0.0014
vn -1.0000 0.0050 0.0014
vn -0.7014 0.7127 -0.0002
vn -0.7016 0.7125 -0.0008
vn -0.7016 0.7126 0.0004
vn -1.0000 0.0008 0.0008
vn -0.9995 0.0310 0.0010
vn -0.6846 0.7289 -0.0009
vn -0.9997 0.0231 -0.0047
vn -0.6870 0.7266 -0.0043
vn -1.0000 0.0008 -0.0008
vn 0.9999 0.0136 0.0010
vn 0.9999 -0.0136 0.0019
vn 0.9969 0.0777 -0.0153
vn -0.0374 -0.0000 0.9993
vn -0.1214 0.6394 -0.7592
vn -0.0000 -0.0000 -0.0000
vn -0.4557 0.7767 -0.4348
vn -0.0000 0.7071 0.7071
vn 1.0000 0.0068 0.0001
vn 0.9999 0.0115 -0.0000
vn 0.9999 0.0140 -0.0000
vn 1.0000 0.0068 -0.0000
vn 0.9999 0.0153 -0.0000
vn 0.9999 0.0116 -0.0000
vn 0.9999 0.0156 -0.0000
vn 0.9997 0.0242 -0.0002
vn 0.9997 0.0233 0.0002
vn 0.9997 0.0233 -0.0002
vn 0.9997 0.0243 -0.0001
vn 0.9997 0.0246 0.0004
vn -0.0000 1.0000 -0.0003
vn 0.0124 0.9999 0.0118
vn 0.0263 0.9997 0.0014
vn 0.0002 1.0000 -0.0000
vn 1.0000 0.0009 0.0094
vn 0.7067 0.7073 0.0169
vn -0.1042 0.9946 0.0014
vn 0.0555 0.9976 -0.0424
vn 0.0278 0.9994 -0.0212
vn 0.0016 -0.0022 -1.0000
vn 0.0013 0.0021 -1.0000
vn 0.0060 -0.0083 -0.9999
vn 0.0028 -0.0039 -1.0000
vn 0.0030 -0.0041 -1.0000
vn 0.0027 0.0043 -1.0000
vn 0.0054 0.0086 -0.9999
vn -0.0000 -0.1385 -0.9904
vn -0.0000 -1.0000 0.0019
vn -0.0000 -0.9998 -0.0199
vn -0.0000 -0.9878 0.1555
vn -0.0000 0.9751 0.2219
vn 0.9956 -0.0938 -0.0012
vn 0.9941 -0.1089 0.0011
vn 0.6815 -0.7318 -0.0032
vn 0.6607 -0.7506 -0.0016
vn 0.7471 -0.6648 0.0016
vn 0.9974 -0.0717 0.0001
vn 0.9953 -0.0965 -0.0026
vn 0.6934 -0.7205 0.0024
vn 0.9955 -0.0951 0.0020
vn 0.6618 -0.7497 0.0030
vn 0.9993 0.0384 -0.0000
vn 0.9993 0.0383 -0.0000
vn 0.9991 -0.0426 0.0001
vn 0.9996 -0.0286 -0.0000
vn 0.9988 -0.0490 0.0004
vn 0.9993 -0.0380 -0.0000
vn 0.9997 -0.0256 0.0002
vn 0.9997 -0.0237 -0.0000
vn 0.9997 -0.0240 -0.0000
vn 0.9996 -0.0285 -0.0004
vn 0.9988 -0.0499 -0.0003
vn 0.9989 -0.0474 -0.0003
vn 0.9999 -0.0116 -0.0000
vn 0.9999 -0.0168 -0.0000
vn 0.9999 -0.0163 -0.0001
vn 1.0000 -0.0058 -0.0000
vn 0.9999 -0.0115 0.0001
vn 0.9999 -0.0170 -0.0002
vn 0.9999 -0.0163 0.0001
vn -0.0000 0.5532 0.8331
vn 0.0134 0.6676 -0.7444
vn -0.0000 0.0048 1.0000
vn -0.0001 -1.0000 -0.0000
vn -0.0000 -1.0000 0.0001
vn 0.0369 -0.9993 0.0015
vn 0.0003 -1.0000 -0.0000
vn -0.0176 -0.7309 0.6822
vn 0.1199 -0.5261 0.8419
vn -0.0265 -0.7128 0.7008
vn -0.0002 -1.0000 -0.0000
vn -0.0061 0.0007 1.0000
vn 0.9970 -0.0075 -0.0775
vn 0.0003 1.0000 -0.0000
vn -0.7241 -0.0000 -0.6897
vn -0.9168 -0.0294 0.3982
vn -0.0445 0.2795 0.9591
vn -0.0123 0.1288 -0.9916
vn 0.1656 0.6860 0.7085
vn -0.0854 0.8966 0.4345
vn 0.0117 0.9983 0.0577
vn -0.1968 0.9624 -0.1875
vn 0.0001 1.0000 -0.0000
vn 0.0448 0.9580 0.2832
vn 0.0394 0.9536 0.2986
vn -0.9995 -0.0092 0.0312
vn 0.7093 0.6875 0.1557
vn 0.0470 0.4751 0.8787
vn 0.0320 0.4847 0.8741
vn 0.2062 0.4147 0.8863
vn -0.1573 -0.9707 -0.1819
vn -0.0262 0.9993 -0.0251
vn -0.1294 0.0445 -0.9906
vn 0.0251 0.9651 0.2606
vn 0.0038 0.6702 0.7421
vn 0.7854 0.6156 -0.0643
vn 0.0393 -0.9992 -0.0032
vn 0.1543 0.1393 0.9781
vn -0.5510 0.0365 0.8337
vn 0.0302 0.7257 0.6873
vn 0.0218 -0.4782 0.8780
vn 0.5506 0.6572 0.5147
vn 0.9999 0.0138 -0.0000
vn -0.0109 -0.1325 -0.9911
vn -0.0027 -0.0325 0.9995
vn -0.0014 0.1521 0.9884
vn -0.6507 -0.0000 0.7593
vn -0.0000 0.1499 0.9887
vn -0.9882 -0.0000 0.1532
vn 0.7071 -0.7071 -0.0000
vn 0.7067 0.7075 -0.0000
vn 0.7015 0.7123 0.0237
vn 0.6668 -0.7452 -0.0000
vn 0.7708 -0.6371 0.0040
vn 0.7064 0.7079 -0.0000
vn -0.0003 1.0000 -0.0000
vn -0.0001 1.0000 -0.0000
vn 0.0001 -1.0000 0.0002
vn -0.0264 -0.6747 0.7376
vn 0.0036 -0.7049 0.7093
vn -0.0986 -0.6253 -0.7741
vn -0.0000 -0.7070 0.7073
vn -0.9804 -0.1839 0.0705
vn -0.0554 -0.9984 -0.0056
vn -0.1045 -0.9943 -0.0186
vn 0.9984 -0.0000 0.0557
vn -0.0095 -1.0000 0.0010
vn -0.0015 -1.0000 -0.0000
vn 0.0458 -0.9980 0.0435
vn 0.0076 -0.9997 0.0220
vn -0.0330 -0.9995 -0.0021
vn 0.0001 -1.0000 -0.0000
vn 0.0343 0.9986 0.0392
vn 0.0947 0.6464 0.7571
vn 0.0059 -1.0000 0.0055
vn 0.0002 -1.0000 -0.0000
vn -0.0000 -0.7287 -0.6849
vn -0.0000 -0.7408 -0.6717
vn -0.0000 -0.0310 -0.9995
vn -0.0000 -0.0311 -0.9995
vn 0.0029 -0.0246 0.9997
vn -0.0135 -0.0246 0.9996
vn 0.0886 -0.7244 0.6836
vn -0.0167 -0.6808 0.7323
vn -0.0274 -0.0184 0.9995
vn 0.0752 -0.4281 0.9006
vn 0.0029 -0.0091 1.0000
vn -0.0129 -0.5280 0.8491
vn -0.0152 -0.9970 0.0765
vn 0.0682 -0.9949 0.0743
vn 0.1371 -0.9792 0.1493
vn -0.0154 -0.9777 0.2094
vn -0.0000 0.0310 -0.9995
vn -0.0000 0.7286 -0.6850
vn 0.3850 0.0176 -0.9228
vn -0.9262 0.3720 0.0618
vn -0.6755 0.7372 -0.0146
vn -0.7053 0.7089 0.0046
vn -0.0337 0.5072 0.8612
vn 0.0657 0.6777 0.7324
vn -0.0000 0.4936 0.8697
vn 0.0463 0.9894 0.1378
vn -0.0322 0.9784 0.2044
vn -0.6865 0.7271 -0.0011
vn -0.6914 0.7117 0.1246
vn -0.0000 0.9640 0.2658
vn 0.1223 -0.0000 -0.9925
vn 0.7499 -0.0000 -0.6615
vn 0.1107 -0.0000 -0.9939
vn 0.7714 -0.0001 -0.6363
vn 0.7667 -0.0005 -0.6421
vn 1.0000 0.0006 -0.0001
vn 1.0000 0.0008 -0.0000
vn 0.8310 0.0005 -0.5563
vn 1.0000 0.0055 0.0001
vn 1.0000 0.0058 -0.0001
vn 1.0000 0.0059 -0.0002
vn 0.8057 0.0042 -0.5923
vn -0.0000 0.0006 -1.0000
vn 0.0835 0.0096 -0.9965
vn 0.0103 0.7234 -0.6903
vn -0.0059 0.0205 -0.9998
vn 0.5559 0.5969 -0.5785
vn -0.0056 0.7202 -0.6937
vn 0.0645 0.0027 -0.9979
vn 0.0010 0.0061 -1.0000
vn -0.0033 0.7159 -0.6982
vn 0.0083 1.0000 -0.0041
vn 0.0030 1.0000 -0.0000
vn 0.6692 0.7431 -0.0038
vn 0.6706 0.7419 0.0008
vn 0.0011 0.7074 0.7068
vn 0.5083 0.6208 0.5969
vn 0.0424 0.9991 -0.0028
vn 0.0217 0.9997 -0.0060
vn 0.7052 0.7090 -0.0065
vn 0.6826 0.7308 0.0049
vn 0.0223 0.9997 0.0027
vn 0.9999 0.0002 0.0107
vn 0.9998 -0.0001 0.0198
vn 0.6995 0.0003 0.7146
vn 0.6921 -0.0006 0.7218
vn 0.9999 -0.0001 0.0134
vn 1.0000 0.0010 0.0002
vn 0.7016 -0.0007 0.7126
vn 1.0000 -0.0000 0.0011
vn 0.7843 0.0001 0.6204
vn 0.1160 -0.0003 0.9932
vn 0.7092 0.0060 0.7050
vn 0.9998 0.0145 0.0131
vn 1.0000 0.0057 0.0002
vn 1.0000 0.0010 -0.0001
vn 1.0000 0.0059 -0.0001
vn 0.9999 0.0115 -0.0001
vn -0.0000 -0.0006 -1.0000
vn -0.0059 -0.0205 -0.9998
vn 0.0001 -0.7213 -0.6926
vn 0.0840 -0.0096 -0.9964
vn -0.0056 -0.7202 -0.6937
vn 0.5461 -0.6140 -0.5699
vn 0.0010 -0.0061 -1.0000
vn -0.0034 -0.7159 -0.6982
vn 0.0678 -0.0026 -0.9977
vn 0.6474 -0.7622 0.0028
vn 0.6638 -0.7479 0.0059
vn 0.0465 -0.9989 0.0044
vn 0.7667 0.0005 -0.6420
vn 1.0000 -0.0008 0.0006
vn 1.0000 -0.0012 0.0001
vn 0.8318 -0.0003 -0.5551
vn 0.7714 0.0001 -0.6363
vn 1.0000 -0.0046 0.0009
vn 1.0000 -0.0061 0.0005
vn 1.0000 -0.0070 0.0001
vn 1.0000 -0.0010 -0.0001
vn 1.0000 -0.0059 -0.0001
vn 0.9999 -0.0115 -0.0001
vn 0.8128 -0.0077 -0.5826
vn 0.1162 0.0001 0.9932
vn 0.6569 0.0004 0.7540
vn 0.6756 0.0010 0.7372
vn 0.6966 0.0018 0.7174
vn 0.9985 0.0008 0.0548
vn 1.0000 -0.0008 -0.0000
vn 0.9998 0.0005 0.0211
vn 1.0000 -0.0036 0.0065
vn 1.0000 -0.0059 0.0068
vn 0.7660 -0.0006 0.6428
vn 0.9996 -0.0003 0.0296
vn 0.9999 -0.0136 0.0027
vn 0.0024 -0.0035 1.0000
vn 0.0099 -0.3901 0.9207
vn 0.7109 -0.0697 0.6998
vn 0.4083 -0.7543 0.5141
vn 0.0216 -0.5496 0.8352
vn 0.0024 -0.4934 0.8698
vn 0.8178 -0.5705 0.0762
vn 0.0167 -0.9673 0.2532
vn 0.0907 -0.9775 0.1905
vn 0.0900 -0.9957 0.0225
vn 0.6956 -0.7180 0.0249
vn 0.0027 -0.9760 0.2178
vn 1.0000 -0.0000 0.0002
vn 1.0000 -0.0000 -0.0002
vn 1.0000 -0.0000 0.0003
vn 0.7071 0.7071 -0.0000
vn 1.0000 -0.0000 0.0001
vn -1.0000 -0.0000 0.0020
vn -0.8945 -0.0000 0.4471
vn -0.0000 0.7071 -0.7071
vn -0.5574 -0.0000 -0.8302
vn -0.6566 -0.7526 -0.0501
vn 0.0241 -0.9997 0.0001
vn 0.0019 1.0000 -0.0000
vn 0.0360 -0.9994 -0.0001
vn 0.0797 -0.9968 -0.0009
vn 0.0021 1.0000 -0.0000
vn -0.4895 -0.8712 -0.0364
vn -0.4862 -0.8731 -0.0361
vn -0.5219 -0.8521 -0.0388
vn 0.0006 1.0000 -0.0000
vn 0.0004 1.0000 -0.0000
vn 0.1626 -0.0145 -0.9866
vn 0.9926 -0.0888 0.0825
vn 0.1762 -0.0157 -0.9842
vn 0.7867 -0.0000 0.6173
vn 0.0021 -0.0000 -1.0000
vn 0.7848 -0.0000 0.6197
vn 0.7843 -0.0000 0.6204
vn 0.9992 0.0403 0.0031
vn 0.7166 0.6975 0.0029
vn -0.0011 1.0000 -0.0000
vn 0.9240 0.3823 0.0007
vn 0.9384 0.3455 0.0007
vn 0.1855 -0.9826 0.0002
vn 0.0006 -1.0000 -0.0000
vn -0.0005 -1.0000 -0.0000
vn -0.0006 -1.0000 -0.0000
vn 0.0906 -0.9959 0.0006
vn -0.9993 -0.0371 -0.0041
vn -0.4473 -0.0000 0.8944
vn -0.0066 -0.0000 -1.0000
vn -0.7071 0.7071 -0.0000
vn -0.0004 1.0000 -0.0000
vn 0.9996 0.0224 0.0150
vn 0.9980 0.0614 0.0131
vn -0.9996 0.0282 -0.0006
vn -0.9997 0.0193 0.0160
vn -0.7071 -0.0000 0.7071
vn -0.7192 0.0091 -0.6947
vn -0.7102 -0.0000 -0.7040
vn -0.9998 0.0068 -0.0170
vn -0.6528 0.0851 -0.7528
vn -0.9999 0.0136 -0.0107
vn -0.9999 0.0141 0.0036
vn -0.0014 0.0091 1.0000
vn -0.0002 0.0182 0.9998
vn 0.0010 0.6180 0.7862
vn 0.0066 0.5388 0.8424
vn 0.0012 0.0091 1.0000
vn 0.0007 0.5793 0.8151
vn 0.0137 0.5930 0.8051
vn 0.0010 0.9882 0.1533
vn 0.0074 0.9778 0.2092
vn -0.0008 0.9876 0.1572
vn 0.0111 0.9869 0.1611
vn 0.0089 -0.6368 0.7710
vn -0.0072 -0.6357 0.7719
vn 0.0079 -0.5300 0.8480
vn -0.0132 -0.5706 0.8211
vn 0.0068 -0.9951 0.0991
vn -0.0055 -0.9951 0.0991
vn 0.0069 -0.9769 0.2134
vn -0.0111 -0.9868 0.1614
vn 0.0132 0.9974 0.0706
vn -0.0000 0.7079 -0.7063
vn -0.0000 -1.0000 0.0097
vn 0.0091 0.9938 0.1109
vn -0.0000 1.0000 -0.0017
vn -0.0000 -0.7005 0.7136
vn -0.0000 -0.0375 0.9993
vn -0.0000 1.0000 0.0026
vn -0.0000 -0.9907 -0.1362
vn -0.0521 -0.7795 -0.6242
vn -0.0000 0.7062 0.7080
vn -0.0382 -0.8838 -0.4664
vn -0.0000 0.2406 0.9706
vn 0.0019 -0.9994 -0.0349
vn -0.0000 1.0000 -0.0035
vn -0.0000 1.0000 -0.0006
vn -0.0000 -0.3564 0.9343
vn -0.0000 1.0000 0.0017
vn -0.0000 1.0000 0.0002
vn -0.0000 0.9980 0.0633
vn -0.0000 1.0000 -0.0024
vn 0.0689 0.0025 -0.9976
vn 0.1504 0.0004 -0.9886
vn 0.0741 -0.0004 -0.9973
vn 0.1888 0.0001 -0.9820
vn 0.7810 0.0108 -0.6244
vn -0.9996 -0.0164 -0.0216
vn 0.1059 0.0020 -0.9944
vn 0.9999 0.0113 -0.0001
vn 0.9999 0.0161 -0.0007
vn 0.9999 0.0158 -0.0000
vn 0.9997 0.0246 -0.0003
vn 0.9997 0.0246 -0.0011
vn 0.7903 0.0141 -0.6125
vn 1.0000 0.0012 -0.0000
vn 1.0000 0.0011 0.0001
vn 1.0000 0.0060 -0.0000
vn 0.6837 0.0107 0.7297
vn 0.6905 0.0056 0.7233
vn 0.9995 0.0125 0.0281
vn 0.9999 0.0164 0.0008
vn 0.7064 0.0178 0.7075
vn 0.9982 0.0439 0.0405
vn 0.9997 0.0234 0.0003
vn 0.9812 -0.0116 0.1927
vn 0.8263 0.0531 0.5607
vn -0.7878 0.0127 -0.6158
vn 0.7608 0.0360 -0.6480
vn -0.9704 0.0468 -0.2370
vn -0.9880 0.0159 -0.1539
vn 0.9989 0.0476 -0.0007
vn 0.9993 0.0376 -0.0002
vn 0.9971 0.0757 0.0004
vn -0.0000 0.1028 0.9947
vn -0.0000 -0.9869 0.1612
vn 0.7651 0.0566 -0.6414
vn -0.0000 0.0002 1.0000
vn 0.6663 0.0213 0.7454
vn 0.9980 0.0378 0.0510
vn 0.9993 0.0376 -0.0004
vn 0.9968 0.0799 -0.0015
vn 0.0730 -0.0007 -0.9973
vn 0.0586 0.0022 -0.9983
vn 0.0005 -0.0000 -1.0000
vn 0.7100 0.0631 -0.7013
vn 0.9961 0.0887 0.0009
vn 0.7064 0.0572 0.7055
vn 0.9961 0.0844 0.0273
vn 0.0016 1.0000 -0.0000
vn 0.0023 1.0000 -0.0001
vn 0.7052 -0.0192 0.7088
vn 0.6797 -0.0185 0.7332
vn 0.9996 -0.0225 0.0189
vn 0.9999 -0.0168 -0.0001
vn 0.9996 -0.0285 -0.0005
vn 0.9987 -0.0252 0.0447
vn 0.0741 0.0004 -0.9973
vn 0.0826 -0.0021 -0.9966
vn 0.1901 -0.0000 -0.9818
vn 0.1766 0.0004 -0.9843
vn 0.1668 -0.0042 -0.9860
vn 0.1638 -0.0006 -0.9865
vn 0.7843 -0.0141 -0.6203
vn 0.9998 -0.0175 0.0004
vn 0.9999 -0.0149 0.0001
vn 0.6334 -0.0220 0.7735
vn 0.9996 -0.0288 0.0004
vn 0.9996 -0.0284 0.0002
vn -0.0000 -0.1047 0.9945
vn 0.6717 -0.0281 0.7403
vn -0.0000 -1.0000 0.0004
vn 0.6566 -0.0315 0.7535
vn 0.9972 -0.0435 0.0605
vn 0.9983 -0.0515 0.0290
vn 0.9988 -0.0492 -0.0010
vn 0.9942 -0.1079 -0.0030
vn -0.3506 -0.1934 -0.9163
vn -0.9780 -0.0656 -0.1979
vn -0.0000 -1.0000 -0.0002
vn -0.9502 -0.0324 -0.3100
vn -0.9749 0.0080 -0.2224
vn 0.7420 -0.0391 -0.6693
vn 0.9987 -0.0500 -0.0000
vn 0.9960 -0.0889 -0.0000
vn 0.9953 -0.0964 0.0044
vn 0.9946 -0.1040 0.0022
vn 0.0004 -0.0000 -1.0000
vn 0.0918 0.0010 -0.9958
vn 0.0413 -0.0035 -0.9991
vn 0.1318 -0.0053 -0.9913
vn -0.0000 -0.0002 1.0000
vn 0.0494 -0.9988 -0.0034
vn 0.0960 -0.9954 0.0010
vn 0.0072 0.8188 -0.5740
vn -0.0055 0.7512 -0.6600
vn 0.0002 0.7353 -0.6778
vn 0.0023 0.0393 -0.9992
vn -0.0039 0.0675 -0.9977
vn 0.0010 0.0010 -1.0000
vn 0.0007 0.1490 -0.9888
vn -0.0075 -0.0001 -1.0000
vn -0.0006 -0.7341 -0.6790
vn -0.0018 -0.7123 -0.7019
vn -0.0006 -0.7365 -0.6764
vn 0.0016 -0.6973 -0.7167
vn -0.0021 -0.0376 -0.9993
vn -0.0010 -0.0010 -1.0000
vn -0.0002 -0.0057 -1.0000
vn 0.0018 -0.0415 -0.9991
vn 0.0010 -0.0010 -1.0000
vn 0.0002 -0.0002 -1.0000
vn 0.0041 -0.0049 -1.0000
vn 0.7473 -0.0000 -0.6645
vn 0.7549 0.0001 -0.6558
vn 0.7549 -0.0001 -0.6558
vn 0.0585 -0.0000 -0.9983
vn 0.0724 0.0001 -0.9974
vn 0.0724 -0.0001 -0.9974
vn -0.0036 0.2851 0.9585
vn -0.0133 0.5669 0.8237
vn -0.0104 0.9862 0.1650
vn -0.0268 0.8992 0.4367
vn -0.0369 0.9993 -0.0000
vn 0.6993 -0.0000 0.7148
vn 0.7033 -0.0000 0.7109
vn 0.9999 -0.0000 0.0109
vn 1.0000 -0.0000 0.0054
vn -0.0166 -0.9920 0.1253
vn 0.0183 -0.9956 0.0919
vn -0.0104 -0.9538 0.3001
vn -0.0213 -0.6153 0.7880
vn 0.0243 -0.6483 0.7610
vn -0.0103 -0.4324 0.9016
vn 0.0131 -0.9376 0.3476
vn 0.0140 -0.4302 0.9026
vn 0.1929 0.0003 -0.9812
vn 0.1917 -0.0000 -0.9815
vn 0.2595 -0.0000 -0.9657
vn 0.2593 0.0003 -0.9658
vn 0.1929 -0.0003 -0.9812
vn 0.2594 -0.0003 -0.9658
vn 0.3428 -0.0000 -0.9394
vn 0.3415 0.0004 -0.9399
vn 0.3416 -0.0004 -0.9399
vn 0.1643 0.0008 -0.9864
vn 0.1576 0.0003 -0.9875
vn 0.1965 0.0009 -0.9805
vn 0.1553 -0.0000 -0.9879
vn 0.1575 -0.0003 -0.9875
vn 0.1643 -0.0008 -0.9864
vn 0.1964 -0.0009 -0.9805
vn 0.2588 -0.0010 -0.9659
vn 0.3381 -0.0010 -0.9411
vn 0.4153 -0.0010 -0.9097
vn 0.4191 -0.0003 -0.9080
vn 0.4203 -0.0000 -0.9074
vn 0.4191 0.0003 -0.9080
vn 0.3381 0.0010 -0.9411
vn 0.4153 0.0010 -0.9097
vn 0.2588 0.0010 -0.9659
vn -0.0018 -1.0000 0.0034
vn -0.0014 -1.0000 0.0015
vn 0.0091 -1.0000 -0.0000
vn -0.0051 -1.0000 0.0017
vn 0.0052 -1.0000 0.0034
vn 0.0004 -1.0000 0.0013
vn 0.0058 -1.0000 0.0033
vn 0.0095 -1.0000 0.0008
vn 0.0238 -0.9997 0.0023
vn 0.0379 -0.9993 0.0004
vn 0.0585 -0.9983 0.0001
vn 0.0473 -0.9989 -0.0000
vn 0.0585 -0.9983 -0.0001
vn 0.0379 -0.9993 -0.0004
vn 0.0239 -0.9997 -0.0023
vn 0.0096 -1.0000 -0.0008
vn 0.0057 -1.0000 -0.0033
vn 0.0004 -1.0000 -0.0013
vn 0.0052 -1.0000 -0.0034
vn -0.0014 -1.0000 -0.0015
vn -0.0018 -1.0000 -0.0034
vn -0.0051 -1.0000 -0.0017
vn -0.0117 -0.9999 -0.0011
vn -0.0110 -0.9999 -0.0000
vn -0.0117 -0.9999 0.0011
vn 0.0020 -0.9999 0.0130
vn 0.0042 -1.0000 0.0074
vn -0.0044 -1.0000 0.0071
vn -0.0043 -1.0000 0.0043
vn -0.0074 -1.0000 0.0047
vn 0.0071 -0.9999 0.0099
vn 0.0265 -0.9996 0.0056
vn -0.0123 -0.9999 0.0073
vn -0.0006 -1.0000 0.0038
vn 0.0082 -0.9999 0.0098
vn 0.0385 -0.9992 0.0048
vn -0.0213 -0.9997 0.0077
vn 0.0062 -1.0000 0.0034
vn 0.0187 -0.9998 0.0092
vn 0.0902 -0.9959 0.0017
vn -0.0230 -0.9997 0.0080
vn 0.0939 -0.9956 0.0010
vn 0.2007 -0.9797 0.0004
vn 0.1356 -0.9908 -0.0002
vn 0.1068 -0.9943 0.0010
vn 0.1178 -0.9930 -0.0000
vn 0.2007 -0.9796 -0.0004
vn 0.1068 -0.9943 -0.0010
vn 0.1356 -0.9908 0.0002
vn 0.0940 -0.9956 -0.0010
vn 0.0188 -0.9998 -0.0092
vn -0.0230 -0.9997 -0.0080
vn 0.0902 -0.9959 -0.0017
vn 0.0062 -1.0000 -0.0034
vn 0.0083 -0.9999 -0.0098
vn -0.0213 -0.9997 -0.0077
vn 0.0386 -0.9992 -0.0048
vn -0.0007 -1.0000 -0.0038
vn 0.0072 -0.9999 -0.0099
vn -0.0124 -0.9999 -0.0073
vn 0.0265 -0.9996 -0.0056
vn -0.0043 -1.0000 -0.0043
vn 0.0020 -0.9999 -0.0130
vn -0.0044 -1.0000 -0.0071
vn 0.0042 -1.0000 -0.0074
vn -0.0074 -1.0000 -0.0047
vn -0.0325 -0.9995 -0.0038
vn -0.0288 -0.9996 -0.0011
vn -0.0138 -0.9999 -0.0039
vn -0.0273 -0.9996 -0.0000
vn -0.0325 -0.9995 0.0038
vn -0.0138 -0.9999 0.0039
vn -0.0288 -0.9996 0.0011
vn -0.0054 -0.0004 1.0000
vn -0.0052 -0.0000 1.0000
vn -0.0018 -0.0000 1.0000
vn -0.0020 -0.0003 1.0000
vn -0.0054 0.0004 1.0000
vn -0.0020 0.0003 1.0000
vn -0.0000 -0.0003 1.0000
vn -0.0000 0.0003 1.0000
vn -0.0153 -0.0012 0.9999
vn -0.0135 -0.0004 0.9999
vn -0.0062 -0.0010 1.0000
vn -0.0129 -0.0000 0.9999
vn -0.0135 0.0004 0.9999
vn -0.0153 0.0012 0.9999
vn -0.0062 0.0010 1.0000
vn -0.0024 0.0009 1.0000
vn -0.0003 0.0009 1.0000
vn 0.0012 0.0008 1.0000
vn 0.0017 0.0003 1.0000
vn 0.0019 -0.0000 1.0000
vn 0.0017 -0.0003 1.0000
vn -0.0003 -0.0009 1.0000
vn 0.0012 -0.0008 1.0000
vn -0.0024 -0.0009 1.0000
vn 0.9157 0.0004 -0.4018
vn 0.9151 -0.0000 -0.4031
vn 0.9512 -0.0000 -0.3087
vn 0.9512 0.0004 -0.3085
vn 0.9157 -0.0004 -0.4018
vn 0.9512 -0.0004 -0.3085
vn 0.9733 -0.0000 -0.2297
vn 0.9729 0.0003 -0.2311
vn 0.9729 -0.0003 -0.2311
vn 0.8757 0.0010 -0.4829
vn 0.8735 0.0004 -0.4869
vn 0.9174 0.0011 -0.3979
vn 0.8727 -0.0000 -0.4883
vn 0.8735 -0.0004 -0.4869
vn 0.8757 -0.0010 -0.4829
vn 0.9174 -0.0011 -0.3979
vn 0.9514 -0.0010 -0.3079
vn 0.9719 -0.0010 -0.2353
vn 0.9803 -0.0009 -0.1973
vn 0.9819 -0.0003 -0.1893
vn 0.9824 -0.0000 -0.1866
vn 0.9819 0.0003 -0.1893
vn 0.9719 0.0010 -0.2353
vn 0.9803 0.0009 -0.1973
vn 0.9514 0.0010 -0.3079
vn -1.0000 0.0020 -0.0000
vn -1.0000 0.0069 -0.0000
vn -1.0000 0.0067 -0.0000
vn -0.9999 0.0145 -0.0000
vn -0.9999 0.0146 -0.0000
vn -1.0000 0.0003 -0.0000
vn -1.0000 0.0063 -0.0000
vn -0.9999 0.0147 -0.0001
vn -0.9995 0.0311 -0.0001
vn -0.9996 0.0271 -0.0001
vn -0.9997 0.0238 -0.0000
vn -0.9996 0.0271 0.0001
vn -0.9999 0.0147 0.0001
vn -0.9995 0.0311 0.0001
vn -1.0000 -0.0000 -0.0021
vn -1.0000 -0.0000 -0.0068
vn -0.9999 -0.0000 -0.0165
vn -1.0000 -0.0000 -0.0022
vn -1.0000 -0.0000 -0.0069
vn -0.9992 -0.0001 -0.0388
vn -0.9992 -0.0000 -0.0388
vn -0.9992 -0.0000 -0.0387
vn -0.9992 0.0001 -0.0388
vn -1.0000 -0.0020 -0.0000
vn -0.9999 -0.0146 -0.0000
vn -0.9999 -0.0111 0.0002
vn -0.9999 -0.0111 -0.0002
vn -0.9999 -0.0151 -0.0000
vn -0.9999 -0.0136 0.0003
vn -0.9999 -0.0136 -0.0003
vn -1.0000 -0.0003 -0.0000
vn -1.0000 -0.0063 -0.0000
vn -0.9999 -0.0147 0.0001
vn -0.9995 -0.0311 0.0001
vn -0.9998 -0.0189 0.0002
vn -1.0000 -0.0078 -0.0000
vn -0.9998 -0.0189 -0.0002
vn -0.9999 -0.0147 -0.0001
vn -0.9995 -0.0311 -0.0001
vn -0.0000 -0.0003 -1.0000
vn -0.0018 -0.0000 -1.0000
vn -0.0020 -0.0003 -1.0000
vn -0.0000 0.0003 -1.0000
vn -0.0020 0.0003 -1.0000
vn -0.0052 -0.0000 -1.0000
vn -0.0054 -0.0004 -1.0000
vn -0.0054 0.0004 -1.0000
vn 0.0012 -0.0008 -1.0000
vn 0.0017 -0.0003 -1.0000
vn -0.0003 -0.0009 -1.0000
vn 0.0019 -0.0000 -1.0000
vn 0.0017 0.0003 -1.0000
vn 0.0012 0.0008 -1.0000
vn -0.0003 0.0009 -1.0000
vn -0.0024 0.0009 -1.0000
vn -0.0062 0.0010 -1.0000
vn -0.0153 0.0012 -0.9999
vn -0.0135 0.0004 -0.9999
vn -0.0129 -0.0000 -0.9999
vn -0.0135 -0.0004 -0.9999
vn -0.0062 -0.0010 -1.0000
vn -0.0153 -0.0012 -0.9999
vn -0.0024 -0.0009 -1.0000
vn 0.7354 0.0003 -0.6776
vn 0.7353 -0.0000 -0.6778
vn 0.7865 -0.0000 -0.6176
vn 0.7868 0.0003 -0.6172
vn 0.7354 -0.0003 -0.6776
vn 0.7868 -0.0003 -0.6172
vn 0.8304 -0.0000 -0.5572
vn 0.8310 0.0004 -0.5563
vn 0.8309 -0.0004 -0.5563
vn 0.6731 0.0009 -0.7396
vn 0.6731 0.0003 -0.7396
vn 0.7357 0.0010 -0.6773
vn 0.6731 -0.0000 -0.7396
vn 0.6731 -0.0003 -0.7396
vn 0.6731 -0.0009 -0.7396
vn 0.7357 -0.0010 -0.6773
vn 0.7877 -0.0010 -0.6160
vn 0.8326 -0.0010 -0.5538
vn 0.8326 0.0010 -0.5538
vn 0.7877 0.0010 -0.6160
vn 0.3416 0.0004 0.9399
vn 0.3428 -0.0000 0.9394
vn 0.2596 -0.0000 0.9657
vn 0.2594 0.0003 0.9658
vn 0.3416 -0.0004 0.9399
vn 0.2594 -0.0003 0.9658
vn 0.1917 -0.0000 0.9815
vn 0.1929 0.0003 0.9812
vn 0.1929 -0.0003 0.9812
vn 0.4153 0.0010 0.9097
vn 0.4191 0.0003 0.9080
vn 0.3381 0.0010 0.9411
vn 0.4203 -0.0000 0.9074
vn 0.4191 -0.0003 0.9080
vn 0.4154 -0.0010 0.9097
vn 0.3381 -0.0010 0.9411
vn 0.2588 -0.0010 0.9659
vn 0.1965 -0.0009 0.9805
vn 0.1643 -0.0008 0.9864
vn 0.1575 -0.0003 0.9875
vn 0.1553 -0.0000 0.9879
vn 0.1575 0.0003 0.9875
vn 0.1965 0.0009 0.9805
vn 0.1643 0.0008 0.9864
vn 0.2588 0.0010 0.9659
vn 0.4848 0.0003 -0.8746
vn 0.4856 -0.0000 -0.8742
vn 0.5451 -0.0000 -0.8384
vn 0.5447 0.0003 -0.8386
vn 0.4848 -0.0003 -0.8746
vn 0.5447 -0.0003 -0.8386
vn 0.6067 -0.0000 -0.7949
vn 0.6066 0.0003 -0.7950
vn 0.6066 -0.0003 -0.7950
vn 0.4824 0.0010 -0.8760
vn 0.4824 -0.0010 -0.8760
vn 0.5435 -0.0009 -0.8394
vn 0.6062 -0.0009 -0.7953
vn 0.6062 0.0009 -0.7953
vn 0.5435 0.0009 -0.8394
vn 1.0000 -0.0003 0.0001
vn 1.0000 0.0003 0.0001
vn 1.0000 0.0003 -0.0000
vn 1.0000 -0.0000 -0.0001
vn 1.0000 -0.0003 -0.0001
vn 1.0000 0.0003 -0.0001
vn 1.0000 -0.0009 0.0002
vn 1.0000 -0.0010 0.0001
vn 1.0000 0.0009 0.0002
vn 1.0000 0.0010 0.0001
vn 1.0000 0.0010 -0.0000
vn 1.0000 0.0009 -0.0002
vn 1.0000 -0.0000 -0.0003
vn 1.0000 -0.0009 -0.0002
vn 1.0000 -0.0010 -0.0000
vn 0.6066 0.0003 0.7950
vn 0.6067 -0.0000 0.7949
vn 0.5451 -0.0000 0.8384
vn 0.5447 0.0003 0.8386
vn 0.6066 -0.0003 0.7950
vn 0.5447 -0.0003 0.8386
vn 0.4856 -0.0000 0.8742
vn 0.4848 0.0003 0.8746
vn 0.4848 -0.0003 0.8746
vn 0.6731 0.0009 0.7396
vn 0.6731 0.0003 0.7396
vn 0.6062 0.0009 0.7953
vn 0.6731 -0.0000 0.7396
vn 0.6731 -0.0003 0.7396
vn 0.6731 -0.0009 0.7396
vn 0.6062 -0.0009 0.7953
vn 0.5435 -0.0009 0.8394
vn 0.4824 -0.0010 0.8760
vn 0.4824 0.0010 0.8760
vn 0.5435 0.0009 0.8394
vn 0.8310 0.0004 0.5563
vn 0.8304 -0.0000 0.5572
vn 0.7865 -0.0000 0.6176
vn 0.7868 0.0003 0.6172
vn 0.8309 -0.0004 0.5564
vn 0.7868 -0.0003 0.6172
vn 0.7353 -0.0000 0.6778
vn 0.7354 0.0003 0.6777
vn 0.7354 -0.0003 0.6776
vn 0.8757 0.0010 0.4829
vn 0.8735 0.0004 0.4869
vn 0.8326 0.0010 0.5538
vn 0.8727 -0.0000 0.4882
vn 0.8735 -0.0004 0.4869
vn 0.8757 -0.0010 0.4829
vn 0.8326 -0.0010 0.5538
vn 0.7877 -0.0010 0.6160
vn 0.7357 -0.0010 0.6773
vn 0.7357 0.0010 0.6773
vn 0.7877 0.0010 0.6160
vn 0.9729 0.0003 0.2311
vn 0.9733 -0.0000 0.2297
vn 0.9512 -0.0000 0.3087
vn 0.9512 0.0004 0.3085
vn 0.9729 -0.0003 0.2311
vn 0.9512 -0.0004 0.3085
vn 0.9151 -0.0000 0.4031
vn 0.9157 0.0004 0.4018
vn 0.9157 -0.0004 0.4018
vn 0.9803 0.0009 0.1973
vn 0.9819 0.0003 0.1893
vn 0.9719 0.0010 0.2353
vn 0.9824 -0.0000 0.1866
vn 0.9819 -0.0003 0.1893
vn 0.9803 -0.0009 0.1973
vn 0.9719 -0.0010 0.2353
vn 0.9514 -0.0010 0.3079
vn 0.9174 -0.0011 0.3979
vn 0.9174 0.0011 0.3979
vn 0.9514 0.0010 0.3079
vn 0.0585 0.9983 0.0001
vn 0.0378 0.9993 0.0004
vn 0.0091 1.0000 -0.0000
vn 0.0474 0.9989 -0.0000
vn 0.0239 0.9997 0.0023
vn 0.0096 1.0000 0.0008
vn 0.0058 1.0000 0.0032
vn 0.0004 1.0000 0.0013
vn 0.0052 1.0000 0.0034
vn -0.0015 1.0000 0.0015
vn -0.0018 1.0000 0.0034
vn -0.0051 1.0000 0.0017
vn -0.0117 0.9999 0.0011
vn -0.0110 0.9999 -0.0000
vn -0.0117 0.9999 -0.0011
vn -0.0051 1.0000 -0.0017
vn -0.0018 1.0000 -0.0034
vn -0.0014 1.0000 -0.0015
vn 0.0052 1.0000 -0.0034
vn 0.0004 1.0000 -0.0013
vn 0.0058 1.0000 -0.0032
vn 0.0096 1.0000 -0.0008
vn 0.0239 0.9997 -0.0023
vn 0.0379 0.9993 -0.0004
vn 0.0585 0.9983 -0.0001
vn 0.2007 0.9796 0.0004
vn 0.1068 0.9943 0.0010
vn 0.1356 0.9908 -0.0002
vn 0.0940 0.9956 0.0010
vn 0.1178 0.9930 -0.0000
vn 0.0187 0.9998 0.0092
vn -0.0231 0.9997 0.0080
vn 0.0902 0.9959 0.0017
vn 0.0062 1.0000 0.0034
vn 0.0082 0.9999 0.0098
vn -0.0213 0.9997 0.0077
vn 0.0386 0.9992 0.0048
vn -0.0007 1.0000 0.0038
vn 0.0072 0.9999 0.0099
vn -0.0123 0.9999 0.0073
vn 0.0265 0.9996 0.0056
vn -0.0043 1.0000 0.0043
vn 0.0020 0.9999 0.0130
vn -0.0044 1.0000 0.0071
vn 0.0042 1.0000 0.0074
vn -0.0074 1.0000 0.0047
vn -0.0325 0.9995 0.0038
vn -0.0288 0.9996 0.0011
vn -0.0138 0.9999 0.0039
vn -0.0273 0.9996 -0.0000
vn -0.0325 0.9995 -0.0038
vn -0.0138 0.9999 -0.0039
vn -0.0288 0.9996 -0.0011
vn -0.0074 1.0000 -0.0047
vn 0.0020 0.9999 -0.0130
vn 0.0042 1.0000 -0.0074
vn -0.0044 1.0000 -0.0071
vn -0.0043 1.0000 -0.0043
vn 0.0071 0.9999 -0.0099
vn 0.0265 0.9996 -0.0056
vn -0.0123 0.9999 -0.0073
vn -0.0007 1.0000 -0.0038
vn 0.0082 0.9999 -0.0098
vn 0.0386 0.9992 -0.0048
vn -0.0213 0.9997 -0.0077
vn 0.0062 1.0000 -0.0034
vn 0.0185 0.9998 -0.0092
vn 0.0900 0.9959 -0.0017
vn -0.0231 0.9997 -0.0080
vn 0.0940 0.9956 -0.0010
vn 0.2007 0.9797 -0.0004
vn 0.1356 0.9908 0.0002
vn 0.1068 0.9943 -0.0010
vn -1.0000 -0.0000 0.0021
vn -1.0000 -0.0000 0.0068
vn -0.9999 -0.0000 0.0165
vn -1.0000 -0.0000 0.0022
vn -1.0000 -0.0000 0.0069
vn -0.9992 0.0001 0.0388
vn -0.9992 -0.0000 0.0387
vn -0.9992 -0.0001 0.0388
vn -1.0000 -0.0002 0.0001
vn -1.0000 -0.0001 0.0003
vn -1.0000 -0.0001 -0.0003
vn -1.0000 0.0001 0.0003
vn -1.0000 0.0002 0.0001
vn -1.0000 0.0001 -0.0003
vn -0.0466 0.0039 -0.9989
vn -0.0579 0.0128 -0.9982
vn -0.1586 0.0157 -0.9872
vn -0.1299 0.0048 -0.9915
vn -0.0776 0.0732 -0.9943
vn -0.2109 0.0896 -0.9734
vn -0.4544 0.0171 -0.8906
vn -0.3950 0.0054 -0.9186
vn -0.5487 0.0893 -0.8313
vn -0.0184 0.0032 -0.9998
vn -0.0391 0.0014 -0.9992
vn -0.0231 0.0106 -0.9997
vn -0.0309 0.0604 -0.9977
vn -0.0493 0.5706 -0.8198
vn -0.1215 0.5853 -0.8016
vn -0.3088 0.5803 -0.7536
vn -0.6572 0.4601 -0.5970
vn -0.9155 0.2350 -0.3265
vn -0.8386 0.0575 -0.5416
vn -0.7706 0.0128 -0.6372
vn -0.7224 0.0043 -0.6914
vn -0.3521 0.0020 -0.9360
vn -0.6853 0.0017 -0.7282
vn -0.1110 0.0017 -0.9938
vn -0.0937 0.9955 -0.0117
vn -0.2667 0.9637 -0.0111
vn -0.2803 0.9591 -0.0395
vn -0.1006 0.9941 -0.0416
vn -0.6604 0.7509 -0.0081
vn -0.6687 0.7430 -0.0280
vn -0.3088 0.9233 -0.2285
vn -0.1166 0.9611 -0.2502
vn -0.6826 0.7140 -0.1558
vn -0.0849 0.9964 -0.0037
vn -0.0362 0.9993 -0.0120
vn -0.2469 0.9690 -0.0035
vn -0.6455 0.7638 -0.0027
vn -0.9244 0.3814 -0.0013
vn -0.9262 0.3770 -0.0037
vn -0.9264 0.3764 -0.0125
vn -0.9292 0.3636 -0.0667
vn -0.0464 0.9640 -0.2618
vn -0.0392 0.9983 -0.0426
vn -0.9982 0.0607 -0.0005
vn -0.9982 0.0599 -0.0017
vn -0.9937 0.1123 -0.0033
vn -0.9937 0.1122 -0.0010
vn -0.9984 0.0565 -0.0080
vn -0.9940 0.1081 -0.0162
vn -0.9808 0.1949 -0.0061
vn -0.9813 0.1924 -0.0018
vn -0.9814 0.1895 -0.0317
vn -0.9995 0.0306 -0.0003
vn -0.9981 0.0611 -0.0002
vn -0.9996 0.0298 -0.0009
vn -0.9996 0.0275 -0.0041
vn -0.9996 0.0180 -0.0202
vn -0.9983 0.0380 -0.0432
vn -0.9932 0.0734 -0.0901
vn -0.9774 0.1265 -0.1694
vn -0.9818 0.1899 -0.0007
vn -0.9937 0.1118 -0.0004
vn -0.9959 0.0007 -0.0902
vn -0.9786 0.0015 -0.2058
vn -0.9810 0.0045 -0.1938
vn -0.9962 0.0021 -0.0875
vn -0.9094 0.0028 -0.4158
vn -0.9254 0.0082 -0.3789
vn -0.9861 0.0201 -0.1652
vn -0.9970 0.0100 -0.0774
vn -0.9496 0.0354 -0.3116
vn -0.9958 0.0003 -0.0913
vn -0.9992 0.0003 -0.0387
vn -0.9771 0.0006 -0.2129
vn -0.8976 0.0011 -0.4409
vn -0.9994 0.0044 -0.0348
vn -0.9993 0.0009 -0.0382
vn -0.0466 -0.0039 -0.9989
vn -0.1299 -0.0048 -0.9915
vn -0.1586 -0.0157 -0.9872
vn -0.0579 -0.0128 -0.9982
vn -0.3950 -0.0054 -0.9187
vn -0.4544 -0.0171 -0.8906
vn -0.2109 -0.0896 -0.9734
vn -0.0776 -0.0732 -0.9943
vn -0.5487 -0.0893 -0.8313
vn -0.0391 -0.0014 -0.9992
vn -0.0184 -0.0032 -0.9998
vn -0.1110 -0.0017 -0.9938
vn -0.3521 -0.0020 -0.9360
vn -0.6853 -0.0017 -0.7282
vn -0.7224 -0.0043 -0.6914
vn -0.7706 -0.0128 -0.6372
vn -0.8386 -0.0575 -0.5416
vn -0.9155 -0.2350 -0.3265
vn -0.6572 -0.4601 -0.5970
vn -0.3088 -0.5803 -0.7536
vn -0.1215 -0.5853 -0.8016
vn -0.0309 -0.0604 -0.9977
vn -0.0493 -0.5706 -0.8198
vn -0.0231 -0.0106 -0.9997
vn -0.9959 -0.0007 -0.0902
vn -0.9962 -0.0021 -0.0875
vn -0.9810 -0.0045 -0.1938
vn -0.9786 -0.0015 -0.2058
vn -0.9970 -0.0100 -0.0774
vn -0.9861 -0.0201 -0.1652
vn -0.9254 -0.0082 -0.3788
vn -0.9094 -0.0028 -0.4158
vn -0.9496 -0.0354 -0.3116
vn -0.9992 -0.0003 -0.0387
vn -0.9958 -0.0003 -0.0913
vn -0.9993 -0.0009 -0.0382
vn -0.9994 -0.0044 -0.0348
vn -0.9996 -0.0180 -0.0202
vn -0.9983 -0.0380 -0.0432
vn -0.9932 -0.0734 -0.0901
vn -0.9774 -0.1265 -0.1694
vn -0.8976 -0.0011 -0.4409
vn -0.9771 -0.0006 -0.2129
vn -0.9982 -0.0607 -0.0005
vn -0.9937 -0.1122 -0.0010
vn -0.9937 -0.1124 -0.0033
vn -0.9982 -0.0599 -0.0017
vn -0.9813 -0.1924 -0.0018
vn -0.9808 -0.1949 -0.0061
vn -0.9940 -0.1081 -0.0162
vn -0.9984 -0.0565 -0.0080
vn -0.9814 -0.1895 -0.0317
vn -0.9981 -0.0611 -0.0002
vn -0.9995 -0.0306 -0.0003
vn -0.9937 -0.1118 -0.0004
vn -0.9818 -0.1899 -0.0007
vn -0.9244 -0.3814 -0.0013
vn -0.9262 -0.3770 -0.0037
vn -0.9264 -0.3764 -0.0125
vn -0.9292 -0.3636 -0.0667
vn -0.9996 -0.0275 -0.0041
vn -0.9996 -0.0298 -0.0009
vn -0.0937 -0.9955 -0.0116
vn -0.1006 -0.9941 -0.0416
vn -0.2803 -0.9591 -0.0395
vn -0.2667 -0.9637 -0.0111
vn -0.1166 -0.9611 -0.2502
vn -0.3088 -0.9233 -0.2285
vn -0.6687 -0.7430 -0.0280
vn -0.6604 -0.7509 -0.0081
vn -0.6826 -0.7140 -0.1558
vn -0.0362 -0.9993 -0.0120
vn -0.0849 -0.9964 -0.0037
vn -0.0392 -0.9983 -0.0426
vn -0.0464 -0.9640 -0.2618
vn -0.6455 -0.7638 -0.0027
vn -0.2469 -0.9690 -0.0035
vn -0.0937 -0.9955 0.0117
vn -0.2667 -0.9637 0.0111
vn -0.2803 -0.9591 0.0395
vn -0.1006 -0.9941 0.0416
vn -0.6604 -0.7508 0.0081
vn -0.6687 -0.7430 0.0280
vn -0.3088 -0.9233 0.2285
vn -0.1166 -0.9611 0.2502
vn -0.6826 -0.7140 0.1558
vn -0.0849 -0.9964 0.0037
vn -0.0362 -0.9993 0.0120
vn -0.2469 -0.9690 0.0035
vn -0.6455 -0.7638 0.0027
vn -0.9244 -0.3814 0.0013
vn -0.9262 -0.3770 0.0037
vn -0.9264 -0.3764 0.0125
vn -0.9292 -0.3636 0.0667
vn -0.9155 -0.2350 0.3265
vn -0.6572 -0.4601 0.5970
vn -0.3088 -0.5803 0.7536
vn -0.1215 -0.5853 0.8017
vn -0.0464 -0.9640 0.2618
vn -0.0493 -0.5706 0.8198
vn -0.0392 -0.9983 0.0426
vn -0.9982 -0.0607 0.0005
vn -0.9982 -0.0599 0.0017
vn -0.9937 -0.1123 0.0033
vn -0.9937 -0.1122 0.0010
vn -0.9984 -0.0565 0.0080
vn -0.9940 -0.1081 0.0162
vn -0.9808 -0.1949 0.0061
vn -0.9813 -0.1924 0.0018
vn -0.9814 -0.1895 0.0317
vn -0.9995 -0.0306 0.0003
vn -0.9981 -0.0611 0.0002
vn -0.9996 -0.0298 0.0009
vn -0.9996 -0.0275 0.0041
vn -0.9996 -0.0180 0.0202
vn -0.9983 -0.0380 0.0432
vn -0.9932 -0.0734 0.0901
vn -0.9774 -0.1265 0.1694
vn -0.9818 -0.1899 0.0007
vn -0.9937 -0.1118 0.0004
vn -0.9959 -0.0007 0.0902
vn -0.9786 -0.0015 0.2058
vn -0.9810 -0.0045 0.1938
vn -0.9962 -0.0021 0.0875
vn -0.9095 -0.0028 0.4158
vn -0.9254 -0.0082 0.3788
vn -0.9861 -0.0201 0.1652
vn -0.9970 -0.0100 0.0774
vn -0.9495 -0.0354 0.3116
vn -0.9958 -0.0003 0.0913
vn -0.9992 -0.0003 0.0387
vn -0.9771 -0.0006 0.2129
vn -0.8976 -0.0011 0.4409
vn -0.6853 -0.0017 0.7283
vn -0.7224 -0.0043 0.6914
vn -0.7706 -0.0128 0.6372
vn -0.8386 -0.0575 0.5416
vn -0.9994 -0.0044 0.0348
vn -0.9993 -0.0009 0.0382
vn -0.0466 -0.0039 0.9989
vn -0.0579 -0.0128 0.9982
vn -0.1586 -0.0157 0.9872
vn -0.1299 -0.0048 0.9915
vn -0.0776 -0.0732 0.9943
vn -0.2109 -0.0896 0.9734
vn -0.4544 -0.0171 0.8906
vn -0.3950 -0.0054 0.9187
vn -0.5487 -0.0893 0.8313
vn -0.0184 -0.0032 0.9998
vn -0.0391 -0.0014 0.9992
vn -0.0231 -0.0106 0.9997
vn -0.0309 -0.0604 0.9977
vn -0.3521 -0.0020 0.9360
vn -0.1110 -0.0017 0.9938
vn -0.0466 0.0039 0.9989
vn -0.1299 0.0048 0.9915
vn -0.1586 0.0157 0.9872
vn -0.0579 0.0128 0.9982
vn -0.3950 0.0054 0.9187
vn -0.4544 0.0171 0.8906
vn -0.2109 0.0896 0.9734
vn -0.0776 0.0732 0.9943
vn -0.5487 0.0893 0.8313
vn -0.0391 0.0014 0.9992
vn -0.0184 0.0032 0.9998
vn -0.1110 0.0017 0.9938
vn -0.3521 0.0020 0.9360
vn -0.6853 0.0017 0.7283
vn -0.7224 0.0043 0.6914
vn -0.7706 0.0128 0.6372
vn -0.8386 0.0575 0.5416
vn -0.9155 0.2350 0.3265
vn -0.6572 0.4601 0.5970
vn -0.3088 0.5803 0.7536
vn -0.1215 0.5853 0.8017
vn -0.0309 0.0604 0.9977
vn -0.0493 0.5706 0.8198
vn -0.0231 0.0106 0.9997
vn -0.9959 0.0007 0.0902
vn -0.9962 0.0021 0.0875
vn -0.9810 0.0045 0.1938
vn -0.9786 0.0015 0.2058
vn -0.9970 0.0100 0.0774
vn -0.9861 0.0201 0.1652
vn -0.9254 0.0082 0.3789
vn -0.9094 0.0028 0.4158
vn -0.9495 0.0354 0.3116
vn -0.9992 0.0003 0.0387
vn -0.9958 0.0003 0.0913
vn -0.9993 0.0009 0.0382
vn -0.9994 0.0044 0.0348
vn -0.9996 0.0180 0.0202
vn -0.9983 0.0380 0.0432
vn -0.9932 0.0734 0.0901
vn -0.9774 0.1265 0.1694
vn -0.8976 0.0011 0.4409
vn -0.9771 0.0006 0.2129
vn -0.9982 0.0607 0.0005
vn -0.9937 0.1122 0.0010
vn -0.9937 0.1123 0.0033
vn -0.9982 0.0599 0.0017
vn -0.9813 0.1924 0.0018
vn -0.9808 0.1949 0.0061
vn -0.9940 0.1081 0.0162
vn -0.9984 0.0565 0.0080
vn -0.9814 0.1895 0.0317
vn -0.9981 0.0611 0.0002
vn -0.9995 0.0306 0.0003
vn -0.9937 0.1118 0.0004
vn -0.9818 0.1899 0.0007
vn -0.9244 0.3814 0.0013
vn -0.9262 0.3770 0.0037
vn -0.9264 0.3764 0.0125
vn -0.9292 0.3636 0.0667
vn -0.9996 0.0275 0.0041
vn -0.9996 0.0298 0.0009
vn -0.0937 0.9955 0.0117
vn -0.1006 0.9941 0.0416
vn -0.2803 0.9591 0.0395
vn -0.2667 0.9637 0.0111
vn -0.1166 0.9611 0.2502
vn -0.3088 0.9233 0.2285
vn -0.6687 0.7430 0.0280
vn -0.6604 0.7509 0.0081
vn -0.6826 0.7140 0.1558
vn -0.0362 0.9993 0.0120
vn -0.0849 0.9964 0.0037
vn -0.0392 0.9983 0.0426
vn -0.0464 0.9640 0.2618
vn -0.6455 0.7638 0.0027
vn -0.2469 0.9690 0.0035
vn 0.5544 -0.8322 -0.0017
vn 0.7742 -0.6329 -0.0005
vn 0.8478 -0.5303 -0.0046
vn 0.6954 -0.7185 -0.0092
vn 0.9104 -0.4137 -0.0000
vn 0.9333 -0.3591 -0.0018
vn 0.8969 -0.4405 -0.0389
vn 0.8173 -0.5732 -0.0588
vn 0.9474 -0.3193 -0.0207
vn 0.4096 -0.9123 0.0001
vn 0.3286 -0.9445 -0.0033
vn 0.6781 -0.7350 0.0003
vn 0.8790 -0.4768 0.0002
vn 0.9770 -0.2132 0.0003
vn 0.9809 -0.1943 0.0005
vn 0.9846 -0.1748 0.0005
vn 0.9876 -0.1569 -0.0094
vn 0.9791 -0.1563 -0.1303
vn 0.9543 -0.2397 -0.1786
vn 0.9375 -0.2879 -0.1954
vn 0.7174 -0.6923 -0.0784
vn 0.9236 -0.3244 -0.2044
vn 0.5064 -0.8622 -0.0149
vn 1.0000 -0.0023 -0.0002
vn 1.0000 -0.0020 -0.0013
vn 1.0000 -0.0063 -0.0002
vn 1.0000 -0.0072 0.0002
vn 0.9999 -0.0018 -0.0117
vn 1.0000 -0.0055 -0.0082
vn 0.9994 -0.0354 0.0011
vn 0.9992 -0.0407 0.0006
vn 0.9995 -0.0317 -0.0068
vn 1.0000 -0.0008 -0.0005
vn 1.0000 -0.0025 -0.0001
vn 1.0000 -0.0008 -0.0019
vn 0.9999 -0.0007 -0.0138
vn 0.9972 -0.0006 -0.0743
vn 0.9971 -0.0017 -0.0760
vn 0.9967 -0.0049 -0.0808
vn 0.9959 -0.0270 -0.0860
vn 0.9990 -0.0448 0.0003
vn 1.0000 -0.0079 0.0001
vn 0.9801 -0.0022 -0.1987
vn 0.9733 -0.0074 -0.2293
vn 0.9771 -0.0063 -0.2126
vn 0.9837 -0.0020 -0.1798
vn 0.9631 -0.0433 -0.2656
vn 0.9650 -0.0368 -0.2595
vn 0.9851 -0.0053 -0.1719
vn 0.9888 -0.0017 -0.1490
vn 0.9790 -0.0288 -0.2017
vn 0.9773 -0.0025 -0.2116
vn 0.9836 -0.0008 -0.1804
vn 0.9723 -0.0082 -0.2335
vn 0.9654 -0.0473 -0.2563
vn 0.9905 -0.0007 -0.1377
vn 0.9868 -0.0007 -0.1622
vn 0.0017 -0.0021 -1.0000
vn -0.0013 -0.0066 -1.0000
vn 0.0011 -0.0058 -1.0000
vn 0.0077 -0.0018 -1.0000
vn -0.0048 -0.0374 -0.9993
vn -0.0073 -0.0328 -0.9994
vn 0.0231 -0.0049 -0.9997
vn 0.0333 -0.0016 -0.9994
vn 0.0175 -0.0286 -0.9994
vn 0.0003 -0.0022 -1.0000
vn 0.0037 -0.0008 -1.0000
vn -0.0011 -0.0073 -1.0000
vn -0.0026 -0.0410 -0.9992
vn -0.0065 -0.3926 -0.9197
vn -0.0071 -0.2947 -0.9556
vn -0.0057 -0.2134 -0.9770
vn 0.0234 -0.1477 -0.9888
vn 0.1375 -0.1341 -0.9814
vn 0.0863 -0.0234 -0.9960
vn 0.0819 -0.0044 -0.9966
vn 0.0812 -0.0015 -0.9967
vn 0.0386 -0.0006 -0.9993
vn 0.0811 -0.0006 -0.9967
vn 0.0117 -0.0007 -0.9999
vn 0.0059 -0.9974 -0.0724
vn 0.0442 -0.9784 -0.2019
vn 0.0204 -0.8871 -0.4610
vn -0.0064 -0.9736 -0.2284
vn 0.1419 -0.7886 -0.5983
vn 0.1017 -0.6252 -0.7738
vn 0.0044 -0.6035 -0.7974
vn -0.0093 -0.7647 -0.6443
vn 0.0594 -0.3890 -0.9193
vn 0.0209 -0.9993 -0.0299
vn -0.0061 -0.9994 -0.0337
vn 0.0652 -0.9934 -0.0943
vn 0.1645 -0.8793 -0.4469
vn 0.2339 -0.4097 -0.8817
vn 0.2210 -0.3136 -0.9235
vn 0.1938 -0.2226 -0.9555
vn -0.0112 -0.8680 -0.4965
vn -0.0113 -0.9931 -0.1165
vn 0.1655 -0.0020 -0.9862
vn 0.1496 -0.0018 -0.9887
vn 0.1773 -0.0058 -0.9841
vn 0.1913 -0.0068 -0.9815
vn 0.1237 -0.0016 -0.9923
vn 0.1430 -0.0048 -0.9897
vn 0.2171 -0.0340 -0.9756
vn 0.2223 -0.0399 -0.9742
vn 0.1684 -0.0265 -0.9854
vn 0.1501 -0.0007 -0.9887
vn 0.1764 -0.0023 -0.9843
vn 0.1348 -0.0007 -0.9909
vn 0.1143 -0.0006 -0.9934
vn 0.2143 -0.0435 -0.9758
vn 0.1948 -0.0075 -0.9808
vn 0.0059 -0.9974 0.0724
vn -0.0064 -0.9736 0.2284
vn 0.0204 -0.8872 0.4610
vn 0.0442 -0.9784 0.2019
vn -0.0093 -0.7647 0.6443
vn 0.0044 -0.6035 0.7973
vn 0.1017 -0.6252 0.7738
vn 0.1419 -0.7887 0.5982
vn 0.0594 -0.3890 0.9193
vn -0.0061 -0.9994 0.0337
vn 0.0209 -0.9993 0.0299
vn -0.0113 -0.9931 0.1165
vn -0.0112 -0.8680 0.4965
vn -0.0065 -0.3926 0.9197
vn -0.0071 -0.2947 0.9556
vn -0.0057 -0.2134 0.9770
vn 0.0235 -0.1477 0.9888
vn 0.1375 -0.1341 0.9814
vn 0.1938 -0.2226 0.9555
vn 0.2210 -0.3136 0.9235
vn 0.1645 -0.8793 0.4469
vn 0.2339 -0.4097 0.8817
vn 0.0652 -0.9934 0.0943
vn 0.0017 -0.0021 1.0000
vn 0.0077 -0.0018 1.0000
vn 0.0011 -0.0058 1.0000
vn -0.0013 -0.0066 1.0000
vn 0.0333 -0.0016 0.9994
vn 0.0231 -0.0049 0.9997
vn -0.0073 -0.0329 0.9994
vn -0.0047 -0.0374 0.9993
vn 0.0175 -0.0286 0.9994
vn 0.0037 -0.0008 1.0000
vn 0.0003 -0.0022 1.0000
vn 0.0117 -0.0007 0.9999
vn 0.0386 -0.0006 0.9993
vn 0.0811 -0.0006 0.9967
vn 0.0812 -0.0015 0.9967
vn 0.0820 -0.0044 0.9966
vn 0.0863 -0.0234 0.9960
vn -0.0026 -0.0410 0.9992
vn -0.0011 -0.0073 1.0000
vn 0.1655 -0.0020 0.9862
vn 0.1913 -0.0068 0.9815
vn 0.1773 -0.0058 0.9841
vn 0.1496 -0.0018 0.9887
vn 0.2223 -0.0399 0.9742
vn 0.2171 -0.0340 0.9756
vn 0.1430 -0.0048 0.9897
vn 0.1237 -0.0016 0.9923
vn 0.1684 -0.0266 0.9854
vn 0.1764 -0.0023 0.9843
vn 0.1501 -0.0007 0.9887
vn 0.1948 -0.0075 0.9808
vn 0.2142 -0.0435 0.9758
vn 0.1143 -0.0006 0.9934
vn 0.1348 -0.0007 0.9909
vn 1.0000 -0.0023 0.0002
vn 1.0000 -0.0072 -0.0002
vn 1.0000 -0.0063 0.0002
vn 1.0000 -0.0020 0.0013
vn 0.9992 -0.0407 -0.0006
vn 0.9994 -0.0354 -0.0011
vn 1.0000 -0.0055 0.0082
vn 0.9999 -0.0018 0.0117
vn 0.9995 -0.0317 0.0068
vn 1.0000 -0.0025 0.0001
vn 1.0000 -0.0008 0.0005
vn 1.0000 -0.0079 -0.0001
vn 0.9990 -0.0448 -0.0003
vn 0.9770 -0.2132 -0.0003
vn 0.9809 -0.1943 -0.0005
vn 0.9846 -0.1748 -0.0005
vn 0.9876 -0.1570 0.0094
vn 0.9791 -0.1563 0.1303
vn 0.9959 -0.0270 0.0860
vn 0.9967 -0.0049 0.0808
vn 0.9971 -0.0017 0.0760
vn 0.9999 -0.0007 0.0138
vn 0.9972 -0.0006 0.0743
vn 1.0000 -0.0008 0.0019
vn 0.5544 -0.8322 0.0017
vn 0.6954 -0.7185 0.0092
vn 0.8478 -0.5303 0.0046
vn 0.7742 -0.6329 0.0005
vn 0.8173 -0.5732 0.0588
vn 0.8969 -0.4405 0.0389
vn 0.9333 -0.3591 0.0018
vn 0.9474 -0.3193 0.0207
vn 0.3286 -0.9445 0.0033
vn 0.4096 -0.9123 -0.0001
vn 0.5064 -0.8622 0.0148
vn 0.7174 -0.6922 0.0784
vn 0.9236 -0.3243 0.2044
vn 0.9375 -0.2879 0.1954
vn 0.9543 -0.2397 0.1786
vn 0.8790 -0.4768 -0.0002
vn 0.6781 -0.7350 -0.0003
vn 0.9801 -0.0022 0.1987
vn 0.9837 -0.0020 0.1798
vn 0.9771 -0.0063 0.2126
vn 0.9733 -0.0074 0.2293
vn 0.9888 -0.0017 0.1490
vn 0.9851 -0.0053 0.1718
vn 0.9650 -0.0368 0.2595
vn 0.9631 -0.0433 0.2656
vn 0.9790 -0.0288 0.2017
vn 0.9836 -0.0008 0.1804
vn 0.9773 -0.0025 0.2116
vn 0.9868 -0.0007 0.1622
vn 0.9905 -0.0007 0.1377
vn 0.9654 -0.0473 0.2563
vn 0.9723 -0.0082 0.2335
vn 0.0059 0.9974 -0.0724
vn -0.0064 0.9736 -0.2284
vn 0.0204 0.8872 -0.4610
vn 0.0442 0.9784 -0.2019
vn -0.0093 0.7647 -0.6443
vn 0.0044 0.6035 -0.7974
vn 0.1017 0.6252 -0.7738
vn 0.1419 0.7887 -0.5982
vn 0.0594 0.3890 -0.9193
vn -0.0061 0.9994 -0.0337
vn 0.0209 0.9993 -0.0299
vn -0.0113 0.9931 -0.1165
vn -0.0112 0.8680 -0.4965
vn -0.0065 0.3926 -0.9197
vn -0.0071 0.2947 -0.9556
vn -0.0057 0.2134 -0.9770
vn 0.0235 0.1477 -0.9888
vn 0.1375 0.1341 -0.9814
vn 0.1937 0.2226 -0.9555
vn 0.2210 0.3136 -0.9235
vn 0.1645 0.8793 -0.4469
vn 0.2339 0.4097 -0.8817
vn 0.0652 0.9934 -0.0943
vn 0.0017 0.0021 -1.0000
vn 0.0077 0.0018 -1.0000
vn 0.0011 0.0058 -1.0000
vn -0.0013 0.0066 -1.0000
vn 0.0333 0.0016 -0.9994
vn 0.0231 0.0049 -0.9997
vn -0.0073 0.0328 -0.9994
vn -0.0048 0.0374 -0.9993
vn 0.0175 0.0286 -0.9994
vn 0.0037 0.0008 -1.0000
vn 0.0003 0.0022 -1.0000
vn 0.0116 0.0007 -0.9999
vn 0.0386 0.0006 -0.9993
vn 0.0811 0.0006 -0.9967
vn 0.0812 0.0015 -0.9967
vn 0.0820 0.0044 -0.9966
vn 0.0863 0.0234 -0.9960
vn -0.0026 0.0410 -0.9992
vn -0.0011 0.0073 -1.0000
vn 0.1655 0.0020 -0.9862
vn 0.1914 0.0068 -0.9815
vn 0.1773 0.0058 -0.9841
vn 0.1496 0.0018 -0.9888
vn 0.2222 0.0398 -0.9742
vn 0.2171 0.0340 -0.9756
vn 0.1430 0.0048 -0.9897
vn 0.1238 0.0016 -0.9923
vn 0.1684 0.0265 -0.9854
vn 0.1764 0.0023 -0.9843
vn 0.1501 0.0007 -0.9887
vn 0.1948 0.0075 -0.9808
vn 0.2143 0.0435 -0.9758
vn 0.1143 0.0006 -0.9934
vn 0.1348 0.0007 -0.9909
vn 0.5544 0.8323 -0.0017
vn 0.6954 0.7186 -0.0092
vn 0.8478 0.5303 -0.0046
vn 0.7742 0.6330 -0.0005
vn 0.8173 0.5732 -0.0588
vn 0.8996 0.4350 -0.0380
vn 0.9333 0.3591 -0.0018
vn 0.9104 0.4137 -0.0000
vn 0.9484 0.3166 -0.0203
vn 0.3286 0.9445 -0.0033
vn 0.4095 0.9123 0.0001
vn 0.5064 0.8622 -0.0148
vn 0.7174 0.6923 -0.0784
vn 0.9236 0.3243 -0.2044
vn 0.9375 0.2879 -0.1954
vn 0.9552 0.2375 -0.1764
vn 0.9830 0.1359 -0.1236
vn 0.9871 0.1602 -0.0044
vn 0.9846 0.1748 0.0005
vn 0.9809 0.1943 0.0005
vn 0.8790 0.4768 0.0002
vn 0.9770 0.2132 0.0003
vn 0.6780 0.7350 0.0003
vn 0.9801 0.0022 -0.1987
vn 0.9837 0.0020 -0.1798
vn 0.9771 0.0063 -0.2126
vn 0.9733 0.0074 -0.2293
vn 0.9888 0.0017 -0.1490
vn 0.9851 0.0053 -0.1719
vn 0.9645 0.0367 -0.2614
vn 0.9631 0.0433 -0.2656
vn 0.9784 0.0256 -0.2053
vn 0.9836 0.0008 -0.1804
vn 0.9773 0.0025 -0.2116
vn 0.9868 0.0007 -0.1622
vn 0.9905 0.0007 -0.1377
vn 0.9972 0.0006 -0.0743
vn 0.9971 0.0017 -0.0760
vn 0.9967 0.0049 -0.0808
vn 0.9963 0.0219 -0.0835
vn 0.9654 0.0473 -0.2563
vn 0.9723 0.0082 -0.2335
vn 1.0000 0.0023 -0.0002
vn 1.0000 0.0072 0.0002
vn 1.0000 0.0063 -0.0002
vn 1.0000 0.0020 -0.0013
vn 0.9992 0.0407 0.0006
vn 0.9994 0.0354 0.0011
vn 1.0000 0.0055 -0.0082
vn 0.9999 0.0018 -0.0117
vn 0.9996 0.0291 -0.0018
vn 1.0000 0.0025 -0.0001
vn 1.0000 0.0008 -0.0005
vn 1.0000 0.0079 0.0001
vn 0.9990 0.0448 0.0003
vn 0.9999 0.0007 -0.0138
vn 1.0000 0.0008 -0.0019
vn 0.5544 0.8323 0.0017
vn 0.7742 0.6330 0.0005
vn 0.8478 0.5303 0.0046
vn 0.6954 0.7186 0.0092
vn 0.9333 0.3591 0.0018
vn 0.8969 0.4406 0.0389
vn 0.8173 0.5732 0.0588
vn 0.9474 0.3193 0.0207
vn 0.4095 0.9123 -0.0001
vn 0.3286 0.9445 0.0033
vn 0.6780 0.7350 -0.0003
vn 0.8790 0.4768 -0.0002
vn 0.9770 0.2132 -0.0003
vn 0.9809 0.1943 -0.0005
vn 0.9846 0.1748 -0.0005
vn 0.9876 0.1569 0.0094
vn 0.9791 0.1563 0.1303
vn 0.9543 0.2397 0.1786
vn 0.9375 0.2879 0.1954
vn 0.7174 0.6923 0.0784
vn 0.9236 0.3243 0.2044
vn 0.5064 0.8622 0.0148
vn 1.0000 0.0023 0.0002
vn 1.0000 0.0020 0.0013
vn 1.0000 0.0063 0.0002
vn 1.0000 0.0072 -0.0002
vn 0.9999 0.0018 0.0117
vn 1.0000 0.0055 0.0082
vn 0.9994 0.0354 -0.0011
vn 0.9992 0.0407 -0.0006
vn 0.9995 0.0317 0.0068
vn 1.0000 0.0008 0.0005
vn 1.0000 0.0025 0.0001
vn 1.0000 0.0008 0.0019
vn 0.9999 0.0007 0.0138
vn 0.9972 0.0006 0.0743
vn 0.9971 0.0017 0.0760
vn 0.9967 0.0049 0.0808
vn 0.9959 0.0270 0.0860
vn 0.9990 0.0448 -0.0003
vn 1.0000 0.0079 -0.0001
vn 0.9801 0.0022 0.1987
vn 0.9733 0.0074 0.2293
vn 0.9771 0.0063 0.2126
vn 0.9837 0.0020 0.1798
vn 0.9631 0.0433 0.2656
vn 0.9650 0.0368 0.2595
vn 0.9851 0.0053 0.1719
vn 0.9888 0.0017 0.1490
vn 0.9790 0.0288 0.2016
vn 0.9773 0.0025 0.2116
vn 0.9836 0.0008 0.1804
vn 0.9723 0.0082 0.2335
vn 0.9654 0.0473 0.2563
vn 0.9905 0.0007 0.1377
vn 0.9868 0.0007 0.1622
vn 0.0059 0.9974 0.0724
vn 0.0442 0.9784 0.2019
vn 0.0204 0.8871 0.4610
vn -0.0064 0.9736 0.2284
vn 0.1419 0.7886 0.5983
vn 0.0998 0.6214 0.7771
vn 0.0044 0.6035 0.7973
vn -0.0093 0.7647 0.6443
vn 0.0595 0.3833 0.9217
vn 0.0209 0.9993 0.0299
vn -0.0061 0.9994 0.0337
vn 0.0652 0.9934 0.0943
vn 0.1645 0.8793 0.4469
vn 0.2339 0.4097 0.8817
vn 0.2210 0.3136 0.9235
vn 0.1898 0.2163 0.9577
vn 0.1121 0.1014 0.9885
vn 0.0188 0.1631 0.9864
vn -0.0057 0.2134 0.9769
vn -0.0071 0.2948 0.9555
vn -0.0112 0.8680 0.4965
vn -0.0065 0.3926 0.9197
vn -0.0113 0.9931 0.1165
vn 0.1654 0.0020 0.9862
vn 0.1496 0.0018 0.9887
vn 0.1772 0.0058 0.9842
vn 0.1914 0.0068 0.9815
vn 0.1237 0.0016 0.9923
vn 0.1430 0.0048 0.9897
vn 0.2187 0.0339 0.9752
vn 0.2223 0.0399 0.9742
vn 0.1716 0.0237 0.9849
vn 0.1500 0.0007 0.9887
vn 0.1764 0.0023 0.9843
vn 0.1348 0.0007 0.9909
vn 0.1143 0.0006 0.9934
vn 0.0811 0.0006 0.9967
vn 0.0812 0.0015 0.9967
vn 0.0820 0.0044 0.9966
vn 0.0754 0.0194 0.9970
vn 0.2143 0.0435 0.9758
vn 0.1949 0.0075 0.9808
vn 0.0017 0.0021 1.0000
vn -0.0013 0.0066 1.0000
vn 0.0011 0.0058 1.0000
vn 0.0077 0.0018 1.0000
vn -0.0048 0.0374 0.9993
vn -0.0073 0.0328 0.9994
vn 0.0232 0.0049 0.9997
vn 0.0333 0.0016 0.9994
vn 0.0019 0.0266 0.9996
vn 0.0003 0.0022 1.0000
vn 0.0037 0.0008 1.0000
vn -0.0011 0.0073 1.0000
vn -0.0026 0.0410 0.9992
vn 0.0386 0.0006 0.9993
vn 0.0117 0.0007 0.9999
vn -0.9958 0.0001 -0.0919
vn -0.9958 -0.0000 -0.0920
vn -0.9760 -0.0000 -0.2179
vn -0.9762 0.0002 -0.2168
vn -0.9958 -0.0001 -0.0919
vn -0.9762 -0.0002 -0.2168
vn -0.8877 -0.0000 -0.4603
vn -0.8902 0.0004 -0.4556
vn -0.8902 -0.0004 -0.4556
vn -0.6610 -0.0006 -0.7504
vn -0.6523 -0.0000 -0.7579
vn -0.6610 0.0006 -0.7504
vn -0.3250 0.0007 -0.9457
vn -0.3155 -0.0000 -0.9489
vn -0.0961 -0.0000 -0.9954
vn -0.0998 0.0006 -0.9950
vn -0.3250 -0.0007 -0.9457
vn -0.0998 -0.0006 -0.9950
vn -0.0333 -0.0000 -0.9994
vn -0.0348 0.0005 -0.9994
vn -0.0348 -0.0005 -0.9994
vn -0.0759 -0.9971 0.0010
vn -0.0721 -0.9974 -0.0000
vn -0.2152 -0.9766 -0.0000
vn -0.2250 -0.9744 0.0010
vn -0.0759 -0.9971 -0.0010
vn -0.2250 -0.9744 -0.0010
vn -0.6182 -0.7861 -0.0000
vn -0.6271 -0.7789 0.0008
vn -0.6271 -0.7789 -0.0008
vn -0.9219 -0.3875 -0.0004
vn -0.9207 -0.3903 -0.0000
vn -0.9219 -0.3875 0.0004
vn -0.9821 -0.1884 0.0002
vn -0.9822 -0.1879 -0.0000
vn -0.9913 -0.1313 -0.0000
vn -0.9928 -0.1198 0.0003
vn -0.9821 -0.1884 -0.0002
vn -0.9928 -0.1198 -0.0003
vn -0.9978 -0.0659 -0.0000
vn -0.9978 -0.0665 0.0005
vn -0.9978 -0.0665 -0.0005
vn -0.9958 -0.0001 0.0919
vn -0.9958 -0.0000 0.0920
vn -0.9760 -0.0000 0.2179
vn -0.9762 -0.0002 0.2167
vn -0.9958 0.0001 0.0919
vn -0.9762 0.0002 0.2167
vn -0.8878 -0.0000 0.4603
vn -0.8902 -0.0004 0.4556
vn -0.8902 0.0004 0.4556
vn -0.6610 0.0006 0.7504
vn -0.6523 -0.0000 0.7580
vn -0.6610 -0.0006 0.7504
vn -0.3249 -0.0007 0.9457
vn -0.3155 -0.0000 0.9489
vn -0.0961 -0.0000 0.9954
vn -0.0998 -0.0006 0.9950
vn -0.3249 0.0007 0.9457
vn -0.0998 0.0006 0.9950
vn -0.0333 -0.0000 0.9994
vn -0.0348 -0.0005 0.9994
vn -0.0348 0.0005 0.9994
vn -0.0759 0.9971 -0.0010
vn -0.0721 0.9974 -0.0000
vn -0.2152 0.9766 -0.0000
vn -0.2250 0.9744 -0.0010
vn -0.0759 0.9971 0.0010
vn -0.2250 0.9744 0.0010
vn -0.6182 0.7861 -0.0000
vn -0.6271 0.7789 -0.0008
vn -0.6271 0.7789 0.0008
vn -0.9218 0.3876 0.0004
vn -0.9207 0.3903 -0.0000
vn -0.9219 0.3875 -0.0004
vn -0.9821 0.1884 -0.0002
vn -0.9822 0.1879 -0.0000
vn -0.9928 0.1200 -0.0000
vn -0.9934 0.1151 -0.0002
vn -0.9821 0.1884 0.0002
vn -0.9934 0.1151 0.0002
vn -0.9980 0.0634 -0.0000
vn -0.9980 0.0636 -0.0003
vn -0.9980 0.0636 0.0003
vn -0.9999 0.0144 -0.0002
vn -1.0000 0.0062 -0.0001
vn -1.0000 0.0059 -0.0002
vn -0.9999 0.0139 -0.0005
vn -1.0000 0.0019 -0.0000
vn -1.0000 0.0019 -0.0001
vn -1.0000 0.0053 -0.0011
vn -0.9999 0.0126 -0.0022
vn -1.0000 0.0017 -0.0004
vn -1.0000 0.0009 -0.0016
vn -1.0000 0.0031 -0.0045
vn -0.9999 0.0078 -0.0095
vn -0.9999 0.0018 -0.0154
vn -1.0000 0.0006 -0.0066
vn -1.0000 0.0001 -0.0070
vn -0.9999 0.0004 -0.0166
vn -1.0000 0.0001 -0.0022
vn -0.9999 0.0001 -0.0166
vn -1.0000 -0.0019 -0.0000
vn -1.0000 -0.0062 -0.0001
vn -1.0000 -0.0059 -0.0002
vn -1.0000 -0.0019 -0.0001
vn -0.9999 -0.0144 -0.0002
vn -0.9999 -0.0139 -0.0005
vn -1.0000 -0.0053 -0.0011
vn -1.0000 -0.0017 -0.0004
vn -0.9999 -0.0126 -0.0022
vn -0.9999 -0.0078 -0.0095
vn -1.0000 -0.0031 -0.0045
vn -1.0000 -0.0009 -0.0017
vn -1.0000 -0.0001 -0.0022
vn -1.0000 -0.0006 -0.0066
vn -1.0000 -0.0001 -0.0070
vn -0.9999 -0.0018 -0.0154
vn -0.9999 -0.0004 -0.0166
vn -0.9999 -0.0001 -0.0166
vn -1.0000 -0.0001 0.0070
vn -0.9999 -0.0001 0.0166
vn -0.9999 -0.0004 0.0166
vn -1.0000 -0.0006 0.0066
vn -0.9999 -0.0018 0.0154
vn -0.9999 -0.0078 0.0095
vn -1.0000 -0.0031 0.0045
vn -1.0000 -0.0009 0.0017
vn -1.0000 -0.0017 0.0004
vn -1.0000 -0.0053 0.0011
vn -1.0000 -0.0059 0.0002
vn -1.0000 -0.0019 0.0001
vn -0.9999 -0.0126 0.0022
vn -0.9999 -0.0139 0.0005
vn -1.0000 -0.0062 0.0001
vn -0.9999 -0.0144 0.0002
vn -1.0000 0.0062 0.0001
vn -1.0000 0.0059 0.0002
vn -1.0000 0.0019 0.0001
vn -0.9999 0.0144 0.0002
vn -0.9999 0.0139 0.0005
vn -1.0000 0.0053 0.0011
vn -1.0000 0.0017 0.0004
vn -0.9999 0.0126 0.0022
vn -0.9999 0.0078 0.0095
vn -1.0000 0.0031 0.0045
vn -1.0000 0.0009 0.0017
vn -1.0000 0.0001 0.0022
vn -1.0000 0.0006 0.0066
vn -1.0000 0.0001 0.0070
vn -0.9999 0.0018 0.0154
vn -0.9999 0.0004 0.0166
vn -0.9999 0.0001 0.0166
vn -0.0555 0.9983 -0.0196
vn -0.0089 0.9999 -0.0116
vn -0.0099 0.9991 -0.0415
vn -0.0573 0.9965 -0.0604
vn 0.0192 0.9996 -0.0187
vn 0.0508 0.9968 -0.0612
vn 0.0625 0.9509 -0.3030
vn 0.0385 0.9386 -0.3430
vn 0.1404 0.9292 -0.3419
vn 0.0098 0.9996 -0.0262
vn 0.2281 0.4775 -0.8485
vn 0.2136 0.5042 -0.8367
vn 0.2404 0.4969 -0.8338
vn 0.1426 0.9195 -0.3663
vn 0.3330 0.4792 -0.8121
vn 0.0308 0.9960 -0.0835
vn 0.3190 0.0480 -0.9465
vn 0.2570 0.0472 -0.9652
vn 0.2580 0.0084 -0.9661
vn 0.3263 0.0086 -0.9452
vn 0.2200 0.0456 -0.9744
vn 0.2115 0.0080 -0.9773
vn 0.2583 0.0026 -0.9661
vn 0.3327 0.0027 -0.9430
vn 0.2026 0.0024 -0.9793
vn 0.3935 0.0478 -0.9181
vn 0.4095 0.0027 -0.9123
vn 0.4021 0.0086 -0.9156
vn 0.0048 0.0003 -1.0000
vn 0.0051 -0.0000 -1.0000
vn 0.0145 -0.0000 -0.9999
vn 0.0138 0.0002 -0.9999
vn 0.0048 -0.0003 -1.0000
vn 0.0138 -0.0002 -0.9999
vn 0.0422 -0.0000 -0.9991
vn 0.0413 0.0002 -0.9991
vn 0.0413 -0.0002 -0.9991
vn 0.0811 -0.0002 -0.9967
vn 0.0811 -0.0000 -0.9967
vn 0.0811 0.0002 -0.9967
vn 0.1098 0.0002 -0.9940
vn 0.1084 -0.0000 -0.9941
vn 0.1251 -0.0000 -0.9921
vn 0.1274 0.0002 -0.9918
vn 0.1098 -0.0002 -0.9940
vn 0.1274 -0.0002 -0.9918
vn 0.1393 -0.0000 -0.9902
vn 0.1419 0.0003 -0.9899
vn 0.1419 -0.0003 -0.9899
vn 0.0192 -0.9996 -0.0187
vn -0.0089 -0.9999 -0.0116
vn -0.0099 -0.9991 -0.0415
vn 0.0508 -0.9968 -0.0612
vn -0.0554 -0.9983 -0.0196
vn -0.0573 -0.9965 -0.0604
vn 0.0625 -0.9509 -0.3030
vn 0.1404 -0.9292 -0.3419
vn 0.0384 -0.9386 -0.3430
vn 0.0099 -0.9996 -0.0262
vn 0.0308 -0.9960 -0.0835
vn 0.1426 -0.9195 -0.3663
vn 0.3330 -0.4792 -0.8121
vn 0.2404 -0.4969 -0.8338
vn 0.2137 -0.5042 -0.8367
vn 0.2281 -0.4775 -0.8485
vn 0.2199 -0.0456 -0.9744
vn 0.2570 -0.0472 -0.9652
vn 0.2580 -0.0084 -0.9661
vn 0.2115 -0.0080 -0.9773
vn 0.3190 -0.0480 -0.9465
vn 0.3264 -0.0086 -0.9452
vn 0.2583 -0.0026 -0.9661
vn 0.2026 -0.0024 -0.9793
vn 0.3328 -0.0027 -0.9430
vn 0.3935 -0.0478 -0.9181
vn 0.4021 -0.0086 -0.9156
vn 0.4095 -0.0027 -0.9123
vn -0.0683 0.9974 -0.0208
vn 0.0033 0.9999 -0.0098
vn 0.0205 0.9991 -0.0371
vn -0.0370 0.9974 -0.0617
vn 0.0772 0.9969 -0.0141
vn 0.0997 0.9936 -0.0535
vn 0.1893 0.9378 -0.2910
vn 0.1797 0.9295 -0.3221
vn 0.2248 0.9223 -0.3144
vn 0.0232 0.9994 -0.0256
vn 0.4241 0.4761 -0.7703
vn 0.4678 0.4841 -0.7394
vn 0.5107 0.4756 -0.7162
vn 0.2831 0.9035 -0.3218
vn 0.5942 0.4489 -0.6674
vn 0.0732 0.9940 -0.0808
vn 0.6032 0.0467 -0.7962
vn 0.5355 0.0468 -0.8433
vn 0.5390 0.0083 -0.8423
vn 0.6047 0.0083 -0.7964
vn 0.4671 0.0473 -0.8830
vn 0.4734 0.0084 -0.8808
vn 0.5416 0.0026 -0.8407
vn 0.6056 0.0026 -0.7958
vn 0.4785 0.0026 -0.8781
vn 0.6724 0.0470 -0.7387
vn 0.6731 0.0026 -0.7396
vn 0.6730 0.0084 -0.7396
vn 0.0773 -0.9969 -0.0141
vn 0.0033 -0.9999 -0.0098
vn 0.0204 -0.9991 -0.0371
vn 0.0997 -0.9936 -0.0535
vn -0.0684 -0.9974 -0.0208
vn -0.0370 -0.9974 -0.0617
vn 0.1893 -0.9378 -0.2910
vn 0.2248 -0.9223 -0.3144
vn 0.1798 -0.9295 -0.3221
vn 0.0233 -0.9994 -0.0256
vn 0.0732 -0.9940 -0.0808
vn 0.2831 -0.9035 -0.3218
vn 0.5942 -0.4489 -0.6674
vn 0.5108 -0.4755 -0.7162
vn 0.4678 -0.4841 -0.7394
vn 0.4241 -0.4761 -0.7703
vn 0.4671 -0.0473 -0.8830
vn 0.5355 -0.0468 -0.8432
vn 0.5390 -0.0083 -0.8423
vn 0.4734 -0.0084 -0.8808
vn 0.6032 -0.0467 -0.7962
vn 0.6047 -0.0083 -0.7964
vn 0.5416 -0.0026 -0.8407
vn 0.4785 -0.0026 -0.8781
vn 0.6056 -0.0026 -0.7958
vn 0.6724 -0.0470 -0.7387
vn 0.6730 -0.0084 -0.7396
vn 0.6731 -0.0026 -0.7396
vn -0.1059 0.9941 -0.0237
vn 0.0037 0.9999 -0.0096
vn 0.0361 0.9988 -0.0345
vn -0.0407 0.9973 -0.0619
vn 0.1057 0.9943 -0.0118
vn 0.1480 0.9878 -0.0487
vn 0.3438 0.9061 -0.2467
vn 0.3314 0.9063 -0.2624
vn 0.3699 0.8903 -0.2657
vn 0.0595 0.9979 -0.0235
vn 0.6742 0.4348 -0.5970
vn 0.7149 0.4398 -0.5437
vn 0.7505 0.4319 -0.5003
vn 0.4399 0.8680 -0.2305
vn 0.8135 0.3964 -0.4256
vn 0.1652 0.9835 -0.0743
vn 0.8418 0.0495 -0.5375
vn 0.7927 0.0484 -0.6077
vn 0.7912 0.0086 -0.6115
vn 0.8388 0.0088 -0.5444
vn 0.7371 0.0475 -0.6741
vn 0.7370 0.0085 -0.6758
vn 0.7892 0.0026 -0.6141
vn 0.8353 0.0027 -0.5497
vn 0.7363 0.0026 -0.6767
vn 0.8871 0.0508 -0.4589
vn 0.8792 0.0028 -0.4765
vn 0.8834 0.0091 -0.4685
vn 0.1058 -0.9943 -0.0118
vn 0.0036 -0.9999 -0.0096
vn 0.0361 -0.9988 -0.0345
vn 0.1480 -0.9878 -0.0487
vn -0.1058 -0.9941 -0.0237
vn -0.0408 -0.9973 -0.0619
vn 0.3438 -0.9061 -0.2467
vn 0.3698 -0.8903 -0.2657
vn 0.3314 -0.9063 -0.2624
vn 0.0596 -0.9979 -0.0235
vn 0.1652 -0.9835 -0.0743
vn 0.4399 -0.8680 -0.2305
vn 0.8135 -0.3964 -0.4256
vn 0.7505 -0.4319 -0.5003
vn 0.7149 -0.4397 -0.5437
vn 0.6742 -0.4348 -0.5970
vn 0.7371 -0.0475 -0.6741
vn 0.7927 -0.0484 -0.6077
vn 0.7912 -0.0086 -0.6115
vn 0.7370 -0.0084 -0.6758
vn 0.8418 -0.0495 -0.5376
vn 0.8388 -0.0088 -0.5444
vn 0.7892 -0.0026 -0.6141
vn 0.7363 -0.0026 -0.6767
vn 0.8353 -0.0027 -0.5497
vn 0.8871 -0.0508 -0.4589
vn 0.8834 -0.0091 -0.4685
vn 0.8792 -0.0028 -0.4765
vn 0.2011 0.9796 -0.0044
vn 0.1955 0.9807 -0.0040
vn 0.3588 0.9332 -0.0206
vn 0.3713 0.9283 -0.0189
vn 0.2336 0.9723 -0.0026
vn 0.3387 0.9405 -0.0269
vn 0.6330 0.7661 -0.1115
vn 0.6474 0.7562 -0.0948
vn 0.5858 0.7962 -0.1515
vn 0.8705 0.3655 -0.3296
vn 0.8975 0.3563 -0.2601
vn 0.9108 0.3480 -0.2221
vn 0.9636 0.0497 -0.2628
vn 0.9507 0.0512 -0.3058
vn 0.9517 0.0091 -0.3070
vn 0.9674 0.0087 -0.2530
vn 0.9250 0.0516 -0.3764
vn 0.9229 0.0093 -0.3848
vn 0.9516 0.0028 -0.3073
vn 0.9701 0.0027 -0.2425
vn 0.9200 0.0029 -0.3920
vn 0.2338 -0.9723 -0.0026
vn 0.1955 -0.9807 -0.0040
vn 0.3589 -0.9331 -0.0206
vn 0.3389 -0.9404 -0.0269
vn 0.2010 -0.9796 -0.0044
vn 0.3713 -0.9283 -0.0189
vn 0.6331 -0.7660 -0.1115
vn 0.5858 -0.7961 -0.1515
vn 0.6475 -0.7562 -0.0948
vn 0.9108 -0.3480 -0.2221
vn 0.8975 -0.3562 -0.2601
vn 0.8705 -0.3655 -0.3296
vn 0.9250 -0.0516 -0.3764
vn 0.9507 -0.0512 -0.3058
vn 0.9517 -0.0091 -0.3070
vn 0.9230 -0.0093 -0.3848
vn 0.9636 -0.0497 -0.2628
vn 0.9674 -0.0087 -0.2530
vn 0.9516 -0.0028 -0.3073
vn 0.9200 -0.0029 -0.3920
vn 0.9701 -0.0027 -0.2425
vn 1.0000 -0.0003 -0.0007
vn 1.0000 -0.0000 -0.0024
vn 1.0000 -0.0003 -0.0023
vn 1.0000 0.0003 -0.0007
vn 1.0000 0.0003 -0.0023
vn 0.9999 -0.0000 -0.0153
vn 0.9999 -0.0002 -0.0149
vn 0.9999 0.0002 -0.0149
vn 0.9973 0.0002 -0.0736
vn 0.9973 -0.0000 -0.0734
vn 0.9973 -0.0002 -0.0736
vn 0.9912 -0.0002 -0.1323
vn 0.9914 -0.0000 -0.1307
vn 0.9886 -0.0000 -0.1507
vn 0.9882 -0.0003 -0.1534
vn 0.9912 0.0002 -0.1323
vn 0.9882 0.0003 -0.1534
vn 0.9859 -0.0000 -0.1676
vn 0.9853 -0.0003 -0.1707
vn 0.9853 0.0003 -0.1707
vn 0.2337 0.9723 0.0026
vn 0.1956 0.9807 0.0040
vn 0.3589 0.9332 0.0206
vn 0.3388 0.9405 0.0269
vn 0.2011 0.9796 0.0044
vn 0.3713 0.9283 0.0189
vn 0.6330 0.7660 0.1115
vn 0.5858 0.7962 0.1515
vn 0.6475 0.7562 0.0948
vn 0.0597 0.9979 0.0235
vn 0.9108 0.3480 0.2221
vn 0.8975 0.3563 0.2601
vn 0.8705 0.3655 0.3296
vn 0.4399 0.8680 0.2305
vn 0.8135 0.3964 0.4256
vn 0.1652 0.9835 0.0743
vn 0.9250 0.0516 0.3764
vn 0.9507 0.0512 0.3058
vn 0.9517 0.0091 0.3070
vn 0.9230 0.0093 0.3848
vn 0.9636 0.0497 0.2628
vn 0.9674 0.0087 0.2530
vn 0.9516 0.0028 0.3073
vn 0.9200 0.0029 0.3920
vn 0.9701 0.0027 0.2425
vn 0.8871 0.0508 0.4589
vn 0.8792 0.0028 0.4765
vn 0.8834 0.0091 0.4684
vn 1.0000 0.0003 0.0007
vn 1.0000 -0.0000 0.0024
vn 1.0000 0.0003 0.0023
vn 1.0000 -0.0003 0.0007
vn 1.0000 -0.0003 0.0023
vn 0.9999 -0.0000 0.0153
vn 0.9999 0.0002 0.0149
vn 0.9999 -0.0002 0.0149
vn 0.9973 -0.0002 0.0735
vn 0.9973 -0.0000 0.0734
vn 0.9973 0.0002 0.0735
vn 0.9912 0.0002 0.1323
vn 0.9914 -0.0000 0.1307
vn 0.9886 -0.0000 0.1507
vn 0.9882 0.0003 0.1534
vn 0.9912 -0.0002 0.1323
vn 0.9882 -0.0003 0.1534
vn 0.9859 -0.0000 0.1676
vn 0.9853 0.0003 0.1707
vn 0.9853 -0.0003 0.1707
vn 0.2011 -0.9796 0.0044
vn 0.1955 -0.9807 0.0040
vn 0.3588 -0.9332 0.0206
vn 0.3713 -0.9283 0.0189
vn 0.2337 -0.9723 0.0026
vn 0.3387 -0.9405 0.0269
vn 0.6330 -0.7661 0.1115
vn 0.6474 -0.7562 0.0948
vn 0.5859 -0.7961 0.1515
vn 0.0596 -0.9979 0.0235
vn 0.1652 -0.9835 0.0743
vn 0.4399 -0.8680 0.2305
vn 0.8135 -0.3964 0.4256
vn 0.8705 -0.3655 0.3296
vn 0.8975 -0.3563 0.2601
vn 0.9108 -0.3480 0.2221
vn 0.9636 -0.0497 0.2628
vn 0.9507 -0.0512 0.3058
vn 0.9517 -0.0091 0.3070
vn 0.9674 -0.0087 0.2530
vn 0.9250 -0.0516 0.3764
vn 0.9229 -0.0093 0.3848
vn 0.9516 -0.0028 0.3073
vn 0.9701 -0.0027 0.2425
vn 0.9200 -0.0029 0.3920
vn 0.8871 -0.0508 0.4588
vn 0.8835 -0.0091 0.4684
vn 0.8792 -0.0028 0.4765
vn 0.1057 0.9943 0.0118
vn 0.0036 0.9999 0.0096
vn 0.0361 0.9988 0.0345
vn 0.1479 0.9878 0.0487
vn -0.1057 0.9941 0.0237
vn -0.0405 0.9973 0.0619
vn 0.3438 0.9061 0.2467
vn 0.3698 0.8903 0.2657
vn 0.3315 0.9062 0.2624
vn 0.0232 0.9994 0.0256
vn 0.7505 0.4319 0.5003
vn 0.7149 0.4398 0.5437
vn 0.6742 0.4348 0.5970
vn 0.2831 0.9035 0.3218
vn 0.5942 0.4489 0.6674
vn 0.0731 0.9940 0.0808
vn 0.7371 0.0475 0.6741
vn 0.7927 0.0484 0.6077
vn 0.7912 0.0086 0.6115
vn 0.7370 0.0084 0.6758
vn 0.8418 0.0495 0.5376
vn 0.8388 0.0088 0.5444
vn 0.7892 0.0026 0.6141
vn 0.7363 0.0026 0.6767
vn 0.8353 0.0027 0.5497
vn 0.6724 0.0470 0.7387
vn 0.6731 0.0026 0.7396
vn 0.6731 0.0084 0.7395
vn -0.1056 -0.9941 0.0237
vn 0.0036 -0.9999 0.0096
vn 0.0362 -0.9987 0.0345
vn -0.0406 -0.9973 0.0619
vn 0.1057 -0.9943 0.0118
vn 0.1479 -0.9878 0.0487
vn 0.3438 -0.9061 0.2467
vn 0.3314 -0.9063 0.2624
vn 0.3699 -0.8903 0.2657
vn 0.0233 -0.9994 0.0256
vn 0.0732 -0.9940 0.0808
vn 0.2831 -0.9035 0.3218
vn 0.5941 -0.4489 0.6674
vn 0.6742 -0.4347 0.5970
vn 0.7149 -0.4397 0.5437
vn 0.7505 -0.4319 0.5003
vn 0.8418 -0.0495 0.5376
vn 0.7927 -0.0484 0.6077
vn 0.7912 -0.0086 0.6115
vn 0.8388 -0.0088 0.5444
vn 0.7371 -0.0475 0.6741
vn 0.7370 -0.0084 0.6758
vn 0.7892 -0.0026 0.6141
vn 0.8353 -0.0027 0.5497
vn 0.7363 -0.0026 0.6767
vn 0.6724 -0.0470 0.7387
vn 0.6730 -0.0084 0.7396
vn 0.6731 -0.0026 0.7396
vn 0.0772 0.9969 0.0141
vn 0.0033 0.9999 0.0098
vn 0.0205 0.9991 0.0371
vn 0.0997 0.9936 0.0535
vn -0.0683 0.9974 0.0208
vn -0.0369 0.9974 0.0617
vn 0.1892 0.9378 0.2910
vn 0.2248 0.9223 0.3144
vn 0.1798 0.9295 0.3221
vn 0.0099 0.9996 0.0262
vn 0.5108 0.4755 0.7162
vn 0.4678 0.4841 0.7394
vn 0.4242 0.4761 0.7703
vn 0.1426 0.9195 0.3663
vn 0.3330 0.4792 0.8121
vn 0.0308 0.9960 0.0835
vn 0.4671 0.0473 0.8830
vn 0.5355 0.0468 0.8433
vn 0.5390 0.0083 0.8423
vn 0.4734 0.0084 0.8808
vn 0.6032 0.0467 0.7962
vn 0.6047 0.0083 0.7964
vn 0.5416 0.0026 0.8407
vn 0.4785 0.0026 0.8781
vn 0.6056 0.0026 0.7958
vn 0.3935 0.0478 0.9181
vn 0.4095 0.0027 0.9123
vn 0.4021 0.0086 0.9156
vn -0.0683 -0.9974 0.0208
vn 0.0033 -0.9999 0.0098
vn 0.0204 -0.9991 0.0371
vn -0.0370 -0.9974 0.0617
vn 0.0772 -0.9969 0.0141
vn 0.0997 -0.9936 0.0535
vn 0.1893 -0.9378 0.2910
vn 0.1797 -0.9295 0.3222
vn 0.2248 -0.9223 0.3144
vn 0.0099 -0.9996 0.0262
vn 0.0308 -0.9960 0.0835
vn 0.1427 -0.9195 0.3663
vn 0.3330 -0.4791 0.8121
vn 0.4242 -0.4761 0.7703
vn 0.4678 -0.4841 0.7394
vn 0.5108 -0.4756 0.7162
vn 0.6032 -0.0467 0.7962
vn 0.5355 -0.0468 0.8432
vn 0.5390 -0.0083 0.8423
vn 0.6048 -0.0083 0.7964
vn 0.4671 -0.0473 0.8830
vn 0.4734 -0.0084 0.8808
vn 0.5416 -0.0026 0.8407
vn 0.6056 -0.0026 0.7958
vn 0.4785 -0.0026 0.8781
vn 0.3935 -0.0478 0.9181
vn 0.4021 -0.0086 0.9156
vn 0.4095 -0.0027 0.9123
vn 0.0192 0.9996 0.0187
vn -0.0089 0.9999 0.0116
vn -0.0099 0.9991 0.0415
vn 0.0508 0.9968 0.0612
vn -0.0554 0.9983 0.0196
vn -0.0573 0.9965 0.0604
vn 0.0625 0.9509 0.3030
vn 0.1404 0.9292 0.3419
vn 0.0384 0.9386 0.3430
vn 0.2404 0.4969 0.8338
vn 0.2137 0.5042 0.8367
vn 0.2281 0.4775 0.8485
vn 0.2199 0.0456 0.9744
vn 0.2570 0.0472 0.9653
vn 0.2580 0.0084 0.9661
vn 0.2115 0.0080 0.9773
vn 0.3190 0.0480 0.9465
vn 0.3263 0.0086 0.9452
vn 0.2583 0.0026 0.9661
vn 0.2026 0.0024 0.9793
vn 0.3328 0.0027 0.9430
vn -0.0555 -0.9983 0.0196
vn -0.0089 -0.9999 0.0116
vn -0.0099 -0.9991 0.0415
vn -0.0573 -0.9965 0.0604
vn 0.0192 -0.9996 0.0187
vn 0.0508 -0.9968 0.0612
vn 0.0625 -0.9509 0.3030
vn 0.0384 -0.9386 0.3430
vn 0.1403 -0.9292 0.3419
vn 0.2281 -0.4775 0.8485
vn 0.2136 -0.5042 0.8367
vn 0.2404 -0.4969 0.8339
vn 0.3190 -0.0480 0.9466
vn 0.2570 -0.0472 0.9652
vn 0.2580 -0.0084 0.9661
vn 0.3263 -0.0086 0.9452
vn 0.2200 -0.0457 0.9744
vn 0.2115 -0.0080 0.9773
vn 0.2583 -0.0026 0.9661
vn 0.3328 -0.0027 0.9430
vn 0.2026 -0.0024 0.9793
vn 0.0048 -0.0003 1.0000
vn 0.0051 -0.0000 1.0000
vn 0.0145 -0.0000 0.9999
vn 0.0138 -0.0002 0.9999
vn 0.0048 0.0003 1.0000
vn 0.0138 0.0002 0.9999
vn 0.0422 -0.0000 0.9991
vn 0.0413 -0.0002 0.9991
vn 0.0413 0.0002 0.9991
vn 0.0811 0.0002 0.9967
vn 0.0812 -0.0000 0.9967
vn 0.0811 -0.0002 0.9967
vn 0.1098 -0.0002 0.9940
vn 0.1085 -0.0000 0.9941
vn 0.1251 -0.0000 0.9921
vn 0.1274 -0.0002 0.9919
vn 0.1098 0.0002 0.9939
vn 0.1274 0.0002 0.9918
vn 0.1393 -0.0000 0.9902
vn 0.1419 -0.0003 0.9899
vn 0.1419 0.0003 0.9899
vn -0.0158 -0.9998 -0.0123
vn -0.0096 -0.9999 -0.0139
vn -0.0110 -0.9987 -0.0503
vn -0.0173 -0.9989 -0.0442
vn -0.0085 -0.9998 -0.0194
vn -0.0109 -0.9976 -0.0690
vn -0.0121 -0.9517 -0.3069
vn -0.0203 -0.9612 -0.2751
vn -0.0108 -0.9256 -0.3784
vn -0.0070 -0.4764 -0.8792
vn -0.0107 -0.5282 -0.8490
vn -0.0211 -0.5544 -0.8320
vn -0.0128 -0.0520 -0.9986
vn -0.0056 -0.0471 -0.9989
vn -0.0041 -0.0083 -1.0000
vn -0.0095 -0.0092 -0.9999
vn -0.0026 -0.0439 -0.9990
vn -0.0016 -0.0078 -1.0000
vn -0.0030 -0.0026 -1.0000
vn -0.0075 -0.0028 -1.0000
vn -0.0008 -0.0024 -1.0000
vn -0.0085 0.9998 -0.0195
vn -0.0097 0.9999 -0.0139
vn -0.0110 0.9987 -0.0503
vn -0.0109 0.9976 -0.0690
vn -0.0158 0.9998 -0.0123
vn -0.0173 0.9989 -0.0442
vn -0.0121 0.9517 -0.3069
vn -0.0108 0.9256 -0.3784
vn -0.0203 0.9612 -0.2751
vn -0.0211 0.5544 -0.8320
vn -0.0107 0.5282 -0.8490
vn -0.0070 0.4764 -0.8792
vn -0.0026 0.0439 -0.9990
vn -0.0056 0.0471 -0.9989
vn -0.0041 0.0083 -1.0000
vn -0.0016 0.0078 -1.0000
vn -0.0128 0.0520 -0.9986
vn -0.0095 0.0092 -0.9999
vn -0.0030 0.0026 -1.0000
vn -0.0008 0.0024 -1.0000
vn -0.0075 0.0028 -1.0000
vn -0.0075 -0.0028 1.0000
vn -0.0030 -0.0026 1.0000
vn -0.0041 -0.0083 1.0000
vn -0.0095 -0.0092 0.9999
vn -0.0008 -0.0024 1.0000
vn -0.0016 -0.0078 1.0000
vn -0.0056 -0.0471 0.9989
vn -0.0128 -0.0520 0.9986
vn -0.0026 -0.0439 0.9990
vn -0.0070 -0.4764 0.8792
vn -0.0106 -0.5282 0.8490
vn -0.0211 -0.5544 0.8320
vn -0.0203 -0.9612 0.2751
vn -0.0121 -0.9517 0.3069
vn -0.0110 -0.9987 0.0503
vn -0.0173 -0.9989 0.0442
vn -0.0108 -0.9256 0.3784
vn -0.0109 -0.9976 0.0690
vn -0.0097 -0.9999 0.0139
vn -0.0158 -0.9998 0.0123
vn -0.0085 -0.9998 0.0194
vn 1.0000 -0.0026 -0.0000
vn 1.0000 -0.0085 -0.0000
vn 1.0000 -0.0084 -0.0000
vn 0.9988 -0.0482 -0.0000
vn 0.9989 -0.0473 -0.0001
vn 0.9989 -0.0473 0.0001
vn 0.9737 -0.2277 0.0001
vn 0.9724 -0.2333 -0.0000
vn 0.9737 -0.2277 -0.0001
vn 0.8480 -0.5300 -0.0002
vn 0.8343 -0.5513 -0.0000
vn 0.5548 -0.8320 -0.0000
vn 0.5906 -0.8070 -0.0004
vn 0.8480 -0.5300 0.0002
vn 0.5906 -0.8070 0.0004
vn 0.2725 -0.9622 -0.0000
vn 0.3073 -0.9516 -0.0004
vn 0.3073 -0.9516 0.0004
vn 0.3072 0.9516 -0.0004
vn 0.2725 0.9622 -0.0000
vn 0.5548 0.8320 -0.0000
vn 0.5905 0.8070 -0.0004
vn 0.3072 0.9516 0.0004
vn 0.5905 0.8070 0.0004
vn 0.8343 0.5513 -0.0000
vn 0.8480 0.5301 -0.0002
vn 0.8480 0.5300 0.0002
vn 0.9737 0.2277 0.0001
vn 0.9724 0.2333 -0.0000
vn 0.9737 0.2277 -0.0001
vn 0.9989 0.0473 -0.0001
vn 0.9988 0.0481 -0.0000
vn 1.0000 0.0085 -0.0000
vn 1.0000 0.0084 -0.0000
vn 0.9989 0.0473 0.0001
vn 1.0000 0.0026 -0.0000
vn -0.0158 0.9998 0.0123
vn -0.0097 0.9999 0.0139
vn -0.0110 0.9987 0.0503
vn -0.0173 0.9989 0.0442
vn -0.0085 0.9998 0.0194
vn -0.0109 0.9976 0.0690
vn -0.0121 0.9517 0.3069
vn -0.0203 0.9612 0.2751
vn -0.0108 0.9256 0.3784
vn -0.0070 0.4764 0.8792
vn -0.0107 0.5282 0.8490
vn -0.0211 0.5544 0.8320
vn -0.0128 0.0520 0.9986
vn -0.0056 0.0471 0.9989
vn -0.0041 0.0083 1.0000
vn -0.0095 0.0092 0.9999
vn -0.0026 0.0439 0.9990
vn -0.0016 0.0078 1.0000
vn -0.0030 0.0026 1.0000
vn -0.0075 0.0028 1.0000
vn -0.0008 0.0024 1.0000
vt 0.801958 0.157128
vt 0.801955 0.246654
vt 0.801634 0.246653
vt 0.801638 0.157051
vt 0.801958 0.336179
vt 0.801638 0.336256
vt 0.801307 0.246653
vt 0.801311 0.156992
vt 0.801311 0.336314
vt 0.802252 0.083095
vt 0.802243 0.157225
vt 0.801969 0.082922
vt 0.802239 0.246654
vt 0.802243 0.336084
vt 0.802252 0.410214
vt 0.801969 0.410385
vt 0.801649 0.410523
vt 0.801322 0.410629
vt 0.801015 0.410706
vt 0.801005 0.336355
vt 0.801002 0.246652
vt 0.801005 0.156950
vt 0.801322 0.082676
vt 0.801015 0.082599
vt 0.801649 0.082784
vt 0.394651 0.514736
vt 0.394425 0.513153
vt 0.447793 0.513134
vt 0.447792 0.514721
vt 0.394197 0.511566
vt 0.447792 0.511543
vt 0.501160 0.513153
vt 0.500934 0.514736
vt 0.501388 0.511566
vt 0.350931 0.516107
vt 0.350588 0.514783
vt 0.394840 0.516070
vt 0.350180 0.513211
vt 0.349768 0.511634
vt 0.349414 0.510295
vt 0.394002 0.510220
vt 0.447792 0.510195
vt 0.501583 0.510220
vt 0.546171 0.510295
vt 0.545817 0.511635
vt 0.545405 0.513211
vt 0.544997 0.514783
vt 0.500745 0.516070
vt 0.544654 0.516107
vt 0.447792 0.516058
vt 0.801960 0.650452
vt 0.801956 0.739978
vt 0.801636 0.739978
vt 0.801640 0.650376
vt 0.801960 0.829504
vt 0.801640 0.829581
vt 0.801309 0.739979
vt 0.801313 0.650317
vt 0.801313 0.829640
vt 0.802254 0.576418
vt 0.802244 0.650548
vt 0.801970 0.576246
vt 0.802241 0.739978
vt 0.802244 0.829408
vt 0.802254 0.903538
vt 0.801970 0.903710
vt 0.801651 0.903849
vt 0.801324 0.903956
vt 0.801017 0.904033
vt 0.801008 0.829682
vt 0.801004 0.739979
vt 0.801008 0.650276
vt 0.801324 0.576002
vt 0.801017 0.575925
vt 0.801651 0.576108
vt 0.842949 0.487974
vt 0.842949 0.435328
vt 0.844874 0.435328
vt 0.844875 0.487972
vt 0.842949 0.382682
vt 0.844875 0.382684
vt 0.846799 0.435328
vt 0.846799 0.487974
vt 0.846799 0.382682
vt 0.841330 0.531628
vt 0.841329 0.487979
vt 0.842950 0.531619
vt 0.841329 0.435328
vt 0.841329 0.382678
vt 0.841330 0.339028
vt 0.842950 0.339037
vt 0.844875 0.339040
vt 0.846800 0.339037
vt 0.848419 0.339028
vt 0.848418 0.382678
vt 0.848418 0.435328
vt 0.848418 0.487979
vt 0.846800 0.531619
vt 0.848419 0.531628
vt 0.844875 0.531616
vt 0.295866 0.840673
vt 0.295892 0.753994
vt 0.296384 0.753994
vt 0.296360 0.841119
vt 0.295899 0.667315
vt 0.296394 0.666870
vt 0.296880 0.753994
vt 0.296856 0.841579
vt 0.296891 0.666409
vt 0.295389 0.911857
vt 0.295434 0.840304
vt 0.295824 0.912544
vt 0.295461 0.753994
vt 0.295467 0.667684
vt 0.295450 0.596131
vt 0.295886 0.595444
vt 0.296384 0.594616
vt 0.296885 0.593763
vt 0.297330 0.592999
vt 0.297332 0.665996
vt 0.297321 0.753994
vt 0.297298 0.841993
vt 0.296823 0.914226
vt 0.297267 0.914990
vt 0.296322 0.913372
vt 0.096075 0.993141
vt 0.149217 0.993168
vt 0.149216 0.994755
vt 0.095849 0.994724
vt 0.202358 0.993163
vt 0.202584 0.994746
vt 0.149216 0.996345
vt 0.095621 0.996312
vt 0.202811 0.996333
vt 0.052355 0.991762
vt 0.096264 0.991807
vt 0.052012 0.993086
vt 0.149217 0.991830
vt 0.202169 0.991828
vt 0.246078 0.991800
vt 0.246421 0.993125
vt 0.246829 0.994696
vt 0.247240 0.996273
vt 0.247594 0.997613
vt 0.203006 0.997679
vt 0.149216 0.997694
vt 0.095425 0.997658
vt 0.051192 0.996234
vt 0.050837 0.997574
vt 0.051604 0.994657
vt 0.815882 0.644129
vt 0.815885 0.698535
vt 0.815565 0.698535
vt 0.815561 0.644179
vt 0.815882 0.752941
vt 0.815561 0.752891
vt 0.815251 0.698535
vt 0.815248 0.644233
vt 0.815248 0.752837
vt 0.816174 0.598950
vt 0.816183 0.644089
vt 0.815873 0.599025
vt 0.816186 0.698535
vt 0.816183 0.752982
vt 0.816174 0.798120
vt 0.815873 0.798045
vt 0.815551 0.797953
vt 0.815238 0.797854
vt 0.814961 0.797761
vt 0.814970 0.752786
vt 0.814751 0.698535
vt 0.814970 0.644284
vt 0.815238 0.599215
vt 0.814961 0.599309
vt 0.815551 0.599117
vt 0.002661 0.667257
vt 0.002635 0.753936
vt 0.002142 0.753936
vt 0.002167 0.666811
vt 0.002627 0.840614
vt 0.002133 0.841060
vt 0.001646 0.753935
vt 0.001670 0.666350
vt 0.001636 0.841520
vt 0.003137 0.596073
vt 0.003093 0.667626
vt 0.002702 0.595386
vt 0.003066 0.753936
vt 0.003059 0.840245
vt 0.003076 0.911799
vt 0.002641 0.912485
vt 0.002142 0.913313
vt 0.001641 0.914167
vt 0.001196 0.914931
vt 0.001194 0.841934
vt 0.001206 0.753935
vt 0.001228 0.665937
vt 0.001704 0.593704
vt 0.001259 0.592940
vt 0.002205 0.594558
vt 0.842765 0.784794
vt 0.842771 0.730387
vt 0.843095 0.730387
vt 0.843089 0.784746
vt 0.842784 0.675981
vt 0.843108 0.676029
vt 0.843418 0.730387
vt 0.843412 0.784698
vt 0.843431 0.676077
vt 0.842465 0.829972
vt 0.842465 0.784834
vt 0.842766 0.829898
vt 0.842472 0.730387
vt 0.842484 0.675941
vt 0.842501 0.630803
vt 0.842801 0.630877
vt 0.843126 0.630965
vt 0.843448 0.631053
vt 0.843746 0.631126
vt 0.843729 0.676117
vt 0.843717 0.730387
vt 0.843710 0.784658
vt 0.843413 0.829722
vt 0.843710 0.829649
vt 0.843090 0.829810
vt 0.792982 0.650317
vt 0.792985 0.739978
vt 0.792663 0.739978
vt 0.792659 0.650375
vt 0.792982 0.829640
vt 0.792659 0.829581
vt 0.792347 0.739978
vt 0.792344 0.650452
vt 0.792344 0.829504
vt 0.793275 0.575925
vt 0.793284 0.650275
vt 0.792972 0.576001
vt 0.793287 0.739979
vt 0.793284 0.829682
vt 0.793275 0.904033
vt 0.792972 0.903955
vt 0.792649 0.903848
vt 0.792334 0.903710
vt 0.792055 0.903538
vt 0.792064 0.829408
vt 0.792067 0.739978
vt 0.792064 0.650548
vt 0.792334 0.576246
vt 0.792055 0.576417
vt 0.792649 0.576108
vt 0.202452 0.514788
vt 0.149310 0.514762
vt 0.149310 0.513175
vt 0.202678 0.513205
vt 0.096168 0.514767
vt 0.095943 0.513184
vt 0.149310 0.511585
vt 0.202906 0.511618
vt 0.095715 0.511597
vt 0.246171 0.516168
vt 0.202262 0.516123
vt 0.246514 0.514844
vt 0.149310 0.516100
vt 0.096357 0.516101
vt 0.052448 0.516130
vt 0.052105 0.514805
vt 0.051698 0.513233
vt 0.051286 0.511656
vt 0.050932 0.510317
vt 0.095520 0.510251
vt 0.149311 0.510236
vt 0.203101 0.510272
vt 0.247335 0.511695
vt 0.247689 0.510356
vt 0.246923 0.513272
vt 0.810588 0.150166
vt 0.810588 0.235870
vt 0.808662 0.235870
vt 0.808662 0.150169
vt 0.810588 0.321574
vt 0.808662 0.321571
vt 0.806736 0.235870
vt 0.806736 0.150166
vt 0.806736 0.321574
vt 0.812208 0.079110
vt 0.812208 0.150155
vt 0.810588 0.079129
vt 0.812209 0.235870
vt 0.812208 0.321585
vt 0.812208 0.392629
vt 0.810588 0.392610
vt 0.808662 0.392604
vt 0.806736 0.392611
vt 0.805116 0.392630
vt 0.805116 0.321585
vt 0.805117 0.235870
vt 0.805116 0.150155
vt 0.806736 0.079129
vt 0.805116 0.079111
vt 0.808662 0.079136
vt 0.792980 0.156992
vt 0.792983 0.246653
vt 0.792661 0.246654
vt 0.792658 0.157051
vt 0.792980 0.336314
vt 0.792658 0.336256
vt 0.792346 0.246654
vt 0.792342 0.157128
vt 0.792342 0.336180
vt 0.793273 0.082599
vt 0.793282 0.156950
vt 0.792970 0.082677
vt 0.793285 0.246653
vt 0.793282 0.336356
vt 0.793273 0.410706
vt 0.792970 0.410630
vt 0.792647 0.410523
vt 0.792332 0.410386
vt 0.792054 0.410214
vt 0.792063 0.336084
vt 0.792066 0.246655
vt 0.792063 0.157225
vt 0.792332 0.082923
vt 0.792054 0.083095
vt 0.792647 0.082784
vt 0.848743 0.784794
vt 0.848750 0.730388
vt 0.849069 0.730388
vt 0.849063 0.784744
vt 0.848763 0.675983
vt 0.849082 0.676033
vt 0.849382 0.730388
vt 0.849375 0.784691
vt 0.849394 0.676086
vt 0.848444 0.829973
vt 0.848444 0.784835
vt 0.848744 0.829898
vt 0.848451 0.730388
vt 0.848463 0.675942
vt 0.848480 0.630804
vt 0.848780 0.630879
vt 0.849100 0.630971
vt 0.849412 0.631069
vt 0.849687 0.631162
vt 0.849671 0.676137
vt 0.849879 0.730388
vt 0.849652 0.784640
vt 0.849376 0.829708
vt 0.849652 0.829614
vt 0.849064 0.829806
vt 0.810588 0.621906
vt 0.810588 0.707611
vt 0.808662 0.707611
vt 0.808662 0.621910
vt 0.810588 0.793315
vt 0.808662 0.793312
vt 0.806736 0.707611
vt 0.806736 0.621906
vt 0.806736 0.793315
vt 0.812208 0.550851
vt 0.812209 0.621896
vt 0.810588 0.550870
vt 0.812209 0.707611
vt 0.812209 0.793326
vt 0.812208 0.864371
vt 0.810588 0.864352
vt 0.808662 0.864346
vt 0.806736 0.864352
vt 0.805116 0.864371
vt 0.805116 0.793326
vt 0.805117 0.707611
vt 0.805116 0.621896
vt 0.806736 0.550870
vt 0.805116 0.550851
vt 0.808662 0.550876
vt 0.846782 0.092464
vt 0.846782 0.145109
vt 0.844857 0.145109
vt 0.844857 0.092465
vt 0.846782 0.197755
vt 0.844857 0.197753
vt 0.842932 0.145109
vt 0.842931 0.092464
vt 0.842931 0.197755
vt 0.848402 0.048809
vt 0.848403 0.092459
vt 0.846782 0.048818
vt 0.848403 0.145109
vt 0.848403 0.197760
vt 0.848402 0.241409
vt 0.846782 0.241400
vt 0.844856 0.241397
vt 0.842931 0.241400
vt 0.841312 0.241409
vt 0.841312 0.197760
vt 0.841312 0.145109
vt 0.841312 0.092459
vt 0.842931 0.048818
vt 0.841312 0.048809
vt 0.844856 0.048821
vt 0.839764 0.784689
vt 0.839777 0.730387
vt 0.840100 0.730387
vt 0.840087 0.784743
vt 0.839783 0.676085
vt 0.840106 0.676031
vt 0.840430 0.730387
vt 0.840416 0.784793
vt 0.840436 0.675981
vt 0.839458 0.829613
vt 0.839477 0.784638
vt 0.839744 0.829706
vt 0.839490 0.730387
vt 0.839496 0.676136
vt 0.839493 0.631161
vt 0.839780 0.631067
vt 0.840103 0.630969
vt 0.840433 0.630877
vt 0.840742 0.630803
vt 0.840744 0.675941
vt 0.840737 0.730387
vt 0.840724 0.784834
vt 0.840397 0.829897
vt 0.840706 0.829972
vt 0.840067 0.829805
vt 0.845729 0.784698
vt 0.845742 0.730388
vt 0.846075 0.730388
vt 0.846062 0.784746
vt 0.845748 0.676077
vt 0.846081 0.676030
vt 0.846408 0.730388
vt 0.846395 0.784794
vt 0.846414 0.675982
vt 0.845404 0.829649
vt 0.845422 0.784658
vt 0.845710 0.829722
vt 0.845435 0.730388
vt 0.845442 0.676117
vt 0.845439 0.631126
vt 0.845745 0.631053
vt 0.846078 0.630966
vt 0.846411 0.630878
vt 0.846721 0.630803
vt 0.846723 0.675942
vt 0.846716 0.730388
vt 0.846703 0.784835
vt 0.846376 0.829898
vt 0.846685 0.829973
vt 0.846042 0.829810
vt 0.795992 0.650411
vt 0.795989 0.739978
vt 0.795658 0.739978
vt 0.795662 0.650363
vt 0.795992 0.829545
vt 0.795662 0.829593
vt 0.795328 0.739978
vt 0.795331 0.650316
vt 0.795332 0.829641
vt 0.796306 0.576247
vt 0.796297 0.650450
vt 0.796003 0.576174
vt 0.796293 0.739978
vt 0.796297 0.829505
vt 0.796306 0.903709
vt 0.796003 0.903782
vt 0.795673 0.903870
vt 0.795342 0.903958
vt 0.795035 0.904033
vt 0.795026 0.829682
vt 0.795022 0.739979
vt 0.795026 0.650275
vt 0.795342 0.575999
vt 0.795035 0.575925
vt 0.795673 0.576087
vt 0.301171 0.840601
vt 0.300677 0.841047
vt 0.300669 0.753922
vt 0.301162 0.753922
vt 0.300180 0.841507
vt 0.300117 0.753930
vt 0.300678 0.666798
vt 0.301172 0.667244
vt 0.300181 0.666338
vt 0.301633 0.911785
vt 0.301198 0.912471
vt 0.301603 0.840232
vt 0.300700 0.913300
vt 0.300199 0.914153
vt 0.299754 0.914917
vt 0.299738 0.841920
vt 0.299733 0.753922
vt 0.299739 0.665924
vt 0.299756 0.592928
vt 0.300201 0.593691
vt 0.300702 0.594545
vt 0.301200 0.595373
vt 0.301604 0.667613
vt 0.301635 0.596060
vt 0.301593 0.753922
vt 0.821862 0.644129
vt 0.821865 0.698535
vt 0.821541 0.698535
vt 0.821537 0.644177
vt 0.821862 0.752941
vt 0.821537 0.752893
vt 0.821216 0.698535
vt 0.821213 0.644224
vt 0.821213 0.752845
vt 0.822155 0.598951
vt 0.822163 0.644089
vt 0.821853 0.599025
vt 0.822166 0.698535
vt 0.822163 0.752982
vt 0.822155 0.798120
vt 0.821853 0.798045
vt 0.821527 0.797957
vt 0.821203 0.797869
vt 0.820905 0.797796
vt 0.820913 0.752806
vt 0.820916 0.698535
vt 0.820913 0.644264
vt 0.821203 0.599200
vt 0.820905 0.599273
vt 0.821527 0.599113
vt 0.798964 0.650316
vt 0.798967 0.739979
vt 0.798640 0.739978
vt 0.798637 0.650363
vt 0.798964 0.829641
vt 0.798637 0.829593
vt 0.798314 0.739978
vt 0.798310 0.650411
vt 0.798310 0.829545
vt 0.799257 0.575925
vt 0.799266 0.650276
vt 0.798954 0.575999
vt 0.799269 0.739979
vt 0.799266 0.829682
vt 0.799257 0.904033
vt 0.798954 0.903958
vt 0.798627 0.903870
vt 0.798301 0.903782
vt 0.798001 0.903709
vt 0.798010 0.829505
vt 0.798012 0.739978
vt 0.798010 0.650450
vt 0.798301 0.576174
vt 0.798001 0.576247
vt 0.798627 0.576087
vt 0.594411 0.667244
vt 0.594905 0.666798
vt 0.594867 0.753930
vt 0.594419 0.753922
vt 0.595402 0.666338
vt 0.595407 0.753922
vt 0.594903 0.841047
vt 0.594409 0.840601
vt 0.595400 0.841507
vt 0.593948 0.596060
vt 0.594383 0.595373
vt 0.593978 0.667613
vt 0.594881 0.594545
vt 0.595383 0.593691
vt 0.595827 0.592928
vt 0.595843 0.665924
vt 0.595848 0.753922
vt 0.595842 0.841920
vt 0.595825 0.914917
vt 0.595380 0.914153
vt 0.594879 0.913300
vt 0.594381 0.912471
vt 0.593977 0.840232
vt 0.593946 0.911785
vt 0.593988 0.753922
vt 0.818895 0.644224
vt 0.818891 0.698535
vt 0.818560 0.698535
vt 0.818563 0.644177
vt 0.818895 0.752845
vt 0.818563 0.752893
vt 0.818227 0.698535
vt 0.818231 0.644129
vt 0.818231 0.752941
vt 0.819211 0.599273
vt 0.819201 0.644264
vt 0.818906 0.599200
vt 0.819197 0.698535
vt 0.819201 0.752806
vt 0.819211 0.797796
vt 0.818906 0.797869
vt 0.818575 0.797957
vt 0.818242 0.798045
vt 0.817934 0.798120
vt 0.817924 0.752982
vt 0.817921 0.698535
vt 0.817924 0.644089
vt 0.818242 0.599025
vt 0.817934 0.598951
vt 0.818575 0.599113
vt 0.500931 0.993109
vt 0.501156 0.994692
vt 0.447789 0.994711
vt 0.447789 0.993124
vt 0.501384 0.996279
vt 0.447789 0.996302
vt 0.394421 0.994692
vt 0.394647 0.993109
vt 0.394194 0.996279
vt 0.544650 0.991737
vt 0.544993 0.993062
vt 0.500742 0.991774
vt 0.545401 0.994634
vt 0.545813 0.996210
vt 0.546167 0.997550
vt 0.501579 0.997625
vt 0.447789 0.997650
vt 0.393998 0.997625
vt 0.349411 0.997550
vt 0.349764 0.996210
vt 0.350176 0.994633
vt 0.350584 0.993062
vt 0.394836 0.991774
vt 0.350927 0.991737
vt 0.447789 0.991787
vt 0.798962 0.156990
vt 0.798965 0.246653
vt 0.798638 0.246653
vt 0.798635 0.157039
vt 0.798962 0.336316
vt 0.798635 0.336268
vt 0.798312 0.246654
vt 0.798309 0.157087
vt 0.798309 0.336221
vt 0.799255 0.082599
vt 0.799264 0.156950
vt 0.798952 0.082674
vt 0.799267 0.246653
vt 0.799264 0.336355
vt 0.799255 0.410706
vt 0.798952 0.410632
vt 0.798625 0.410544
vt 0.798299 0.410457
vt 0.797999 0.410385
vt 0.798008 0.336181
vt 0.798011 0.246654
vt 0.798008 0.157127
vt 0.798299 0.082851
vt 0.798000 0.082924
vt 0.798625 0.082762
vt 0.795991 0.157087
vt 0.795987 0.246654
vt 0.795657 0.246653
vt 0.795660 0.157039
vt 0.795991 0.336221
vt 0.795660 0.336268
vt 0.795326 0.246653
vt 0.795330 0.156990
vt 0.795330 0.336316
vt 0.796305 0.082924
vt 0.796295 0.157127
vt 0.796001 0.082851
vt 0.796292 0.246654
vt 0.796295 0.336181
vt 0.796305 0.410385
vt 0.796001 0.410457
vt 0.795671 0.410545
vt 0.795340 0.410632
vt 0.795033 0.410706
vt 0.795023 0.336356
vt 0.795020 0.246653
vt 0.795024 0.156950
vt 0.795340 0.082674
vt 0.795033 0.082599
vt 0.795671 0.082763
vt 0.590462 0.508035
vt 0.595993 0.508155
vt 0.595883 0.508348
vt 0.575653 0.507944
vt 0.590263 0.508382
vt 0.575480 0.508258
vt 0.825158 0.599309
vt 0.825174 0.570568
vt 0.825399 0.570673
vt 0.825385 0.599389
vt 0.825193 0.555746
vt 0.825416 0.555864
vt 0.825209 0.550209
vt 0.825430 0.550333
vt 0.825218 0.549322
vt 0.825439 0.549449
vt 0.596877 0.508303
vt 0.596762 0.508525
vt 0.596653 0.508758
vt 0.596541 0.509002
vt 0.595675 0.508758
vt 0.590061 0.508780
vt 0.546805 0.508170
vt 0.546678 0.508505
vt 0.825702 0.570846
vt 0.825693 0.599521
vt 0.802491 0.457321
vt 0.802661 0.457043
vt 0.802673 0.481437
vt 0.802506 0.481717
vt 0.802790 0.456744
vt 0.802798 0.481136
vt 0.802683 0.490569
vt 0.802519 0.490824
vt 0.802805 0.490298
vt 0.802478 0.410009
vt 0.802268 0.457569
vt 0.802651 0.409778
vt 0.802782 0.409527
vt 0.596893 0.591050
vt 0.596759 0.591311
vt 0.596727 0.544147
vt 0.596857 0.543833
vt 0.596681 0.519755
vt 0.596806 0.519441
vt 0.596619 0.510564
vt 0.596738 0.510280
vt 0.596853 0.510008
vt 0.802688 0.492053
vt 0.802525 0.492274
vt 0.802300 0.491060
vt 0.802307 0.492482
vt 0.802286 0.481970
vt 0.596144 0.545428
vt 0.596108 0.521113
vt 0.596358 0.520516
vt 0.596396 0.544881
vt 0.596058 0.511891
vt 0.596308 0.511285
vt 0.596540 0.520091
vt 0.596581 0.544477
vt 0.596484 0.510874
vt 0.595800 0.546187
vt 0.596170 0.592342
vt 0.595760 0.521966
vt 0.595707 0.512783
vt 0.595639 0.511155
vt 0.595995 0.510251
vt 0.596242 0.509657
vt 0.596413 0.509274
vt 0.596609 0.591585
vt 0.596422 0.591911
vt 0.574971 0.509503
vt 0.575178 0.508940
vt 0.589910 0.509117
vt 0.589678 0.509688
vt 0.575309 0.508618
vt 0.595393 0.509354
vt 0.595149 0.509935
vt 0.595556 0.508997
vt 0.546420 0.509375
vt 0.574653 0.510421
vt 0.546579 0.508817
vt 0.594790 0.510845
vt 0.589327 0.510602
vt 0.802491 0.035988
vt 0.802506 0.011593
vt 0.802673 0.011874
vt 0.802661 0.036267
vt 0.802519 0.002486
vt 0.802683 0.002742
vt 0.802798 0.012175
vt 0.802790 0.036567
vt 0.802805 0.003014
vt 0.802268 0.035739
vt 0.802478 0.083300
vt 0.802286 0.011339
vt 0.802300 0.002250
vt 0.802307 0.000828
vt 0.802525 0.001037
vt 0.802688 0.001259
vt 0.596849 0.997834
vt 0.596759 0.999317
vt 0.596650 0.999085
vt 0.596734 0.997563
vt 0.596537 0.998841
vt 0.596615 0.997279
vt 0.596802 0.988402
vt 0.596677 0.988088
vt 0.596854 0.964009
vt 0.596724 0.963696
vt 0.596890 0.916793
vt 0.596756 0.916532
vt 0.802651 0.083532
vt 0.802782 0.083784
vt 0.575559 0.999742
vt 0.590165 0.999277
vt 0.590458 0.999805
vt 0.595879 0.999494
vt 0.595989 0.999686
vt 0.839089 0.631310
vt 0.839082 0.602615
vt 0.839482 0.602420
vt 0.546864 0.999817
vt 0.546741 0.999521
vt 0.575395 0.999421
vt 0.595671 0.999085
vt 0.596873 0.999538
vt 0.839449 0.582061
vt 0.839226 0.582184
vt 0.839217 0.581301
vt 0.839439 0.581174
vt 0.839465 0.587598
vt 0.839241 0.587716
vt 0.574968 0.998342
vt 0.589674 0.998157
vt 0.589907 0.998727
vt 0.575175 0.998904
vt 0.595145 0.997910
vt 0.595389 0.998490
vt 0.595552 0.998846
vt 0.574649 0.997424
vt 0.546417 0.998470
vt 0.589323 0.997242
vt 0.594786 0.997000
vt 0.595636 0.996690
vt 0.595992 0.997594
vt 0.596239 0.998187
vt 0.596410 0.998569
vt 0.546576 0.999027
vt 0.596141 0.962417
vt 0.596393 0.962963
vt 0.596355 0.987328
vt 0.596104 0.986731
vt 0.596578 0.963367
vt 0.596536 0.987753
vt 0.596304 0.996559
vt 0.596055 0.995954
vt 0.596481 0.996970
vt 0.596167 0.915503
vt 0.595797 0.961658
vt 0.596419 0.915933
vt 0.596607 0.916259
vt 0.595704 0.995062
vt 0.595757 0.985879
vt 0.319929 0.507944
vt 0.320103 0.508258
vt 0.305320 0.508382
vt 0.305121 0.508035
vt 0.299700 0.508348
vt 0.299590 0.508155
vt 0.825158 0.797761
vt 0.825385 0.797680
vt 0.825399 0.826397
vt 0.825174 0.826502
vt 0.825693 0.797548
vt 0.825702 0.826223
vt 0.299909 0.508758
vt 0.299043 0.509002
vt 0.298930 0.508758
vt 0.298821 0.508524
vt 0.298706 0.508303
vt 0.825209 0.846861
vt 0.825430 0.846737
vt 0.825439 0.847620
vt 0.825218 0.847748
vt 0.825193 0.841323
vt 0.825416 0.841206
vt 0.320613 0.509503
vt 0.305907 0.509688
vt 0.305674 0.509117
vt 0.320406 0.508940
vt 0.300436 0.509935
vt 0.300192 0.509354
vt 0.305523 0.508780
vt 0.320276 0.508618
vt 0.300028 0.508997
vt 0.320932 0.510421
vt 0.349165 0.509374
vt 0.306258 0.510602
vt 0.300795 0.510845
vt 0.299945 0.511155
vt 0.299589 0.510251
vt 0.299342 0.509657
vt 0.299171 0.509274
vt 0.348906 0.508505
vt 0.348779 0.508170
vt 0.349005 0.508817
vt 0.299440 0.545428
vt 0.299188 0.544881
vt 0.299226 0.520516
vt 0.299477 0.521113
vt 0.299003 0.544477
vt 0.299044 0.520091
vt 0.299277 0.511285
vt 0.299526 0.511891
vt 0.299100 0.510874
vt 0.299414 0.592342
vt 0.299784 0.546187
vt 0.299162 0.591911
vt 0.298974 0.591585
vt 0.298824 0.591311
vt 0.298857 0.544147
vt 0.298903 0.519755
vt 0.298965 0.510564
vt 0.299878 0.512783
vt 0.299824 0.521966
vt 0.802492 0.529310
vt 0.802507 0.504915
vt 0.802674 0.505195
vt 0.802662 0.529589
vt 0.802520 0.495807
vt 0.802683 0.496063
vt 0.802799 0.505496
vt 0.802790 0.529888
vt 0.802806 0.496334
vt 0.802269 0.529062
vt 0.802479 0.576622
vt 0.802287 0.504662
vt 0.802301 0.495572
vt 0.802308 0.494149
vt 0.802525 0.494358
vt 0.802688 0.494579
vt 0.298730 0.510008
vt 0.298845 0.510280
vt 0.298778 0.519441
vt 0.298726 0.543833
vt 0.298690 0.591050
vt 0.802652 0.576854
vt 0.802783 0.577105
vt 0.305117 0.999805
vt 0.299586 0.999686
vt 0.299696 0.999494
vt 0.319926 0.999897
vt 0.305316 0.999460
vt 0.320181 0.999421
vt 0.299906 0.999085
vt 0.839436 0.858353
vt 0.839209 0.858249
vt 0.839229 0.829532
vt 0.839414 0.873175
vt 0.839190 0.873057
vt 0.839396 0.878713
vt 0.839173 0.878588
vt 0.839386 0.879599
vt 0.839163 0.879472
vt 0.298702 0.999538
vt 0.298817 0.999317
vt 0.298927 0.999085
vt 0.299039 0.998841
vt 0.348642 0.999961
vt 0.348836 0.999521
vt 0.802492 0.950645
vt 0.802662 0.950366
vt 0.802674 0.974759
vt 0.802507 0.975040
vt 0.802790 0.950066
vt 0.802799 0.974459
vt 0.802683 0.983892
vt 0.802520 0.984147
vt 0.802806 0.983620
vt 0.802479 0.903333
vt 0.802269 0.950893
vt 0.802652 0.903100
vt 0.802783 0.902849
vt 0.298687 0.916793
vt 0.298821 0.916532
vt 0.298853 0.963696
vt 0.298723 0.964009
vt 0.298900 0.988088
vt 0.298774 0.988402
vt 0.298961 0.997279
vt 0.298842 0.997563
vt 0.298727 0.997834
vt 0.802688 0.985374
vt 0.802526 0.985596
vt 0.802301 0.984383
vt 0.802308 0.985805
vt 0.802287 0.975294
vt 0.299437 0.962417
vt 0.299473 0.986731
vt 0.299223 0.987328
vt 0.299185 0.962963
vt 0.299523 0.995954
vt 0.299273 0.996559
vt 0.299041 0.987753
vt 0.299000 0.963367
vt 0.299096 0.996970
vt 0.299781 0.961658
vt 0.299411 0.915502
vt 0.299821 0.985879
vt 0.299874 0.995062
vt 0.299942 0.996690
vt 0.299586 0.997594
vt 0.299338 0.998187
vt 0.299167 0.998569
vt 0.298971 0.916259
vt 0.299159 0.915933
vt 0.320610 0.998342
vt 0.320403 0.998904
vt 0.305671 0.998727
vt 0.305903 0.998157
vt 0.305519 0.999063
vt 0.300188 0.998490
vt 0.300432 0.997909
vt 0.300025 0.998846
vt 0.349161 0.998470
vt 0.320928 0.997424
vt 0.349001 0.999027
vt 0.300792 0.997000
vt 0.306255 0.997242
vt 0.840246 0.559545
vt 0.840248 0.573938
vt 0.839626 0.573971
vt 0.839624 0.559572
vt 0.840250 0.579319
vt 0.839628 0.579356
vt 0.839181 0.574065
vt 0.839179 0.559647
vt 0.839322 0.579405
vt 0.841331 0.559525
vt 0.840245 0.531643
vt 0.841333 0.573915
vt 0.841335 0.579293
vt 0.841339 0.580156
vt 0.840253 0.580184
vt 0.839631 0.580225
vt 0.839325 0.580279
vt 0.839091 0.580438
vt 0.839088 0.579546
vt 0.839317 0.531687
vt 0.839083 0.531752
vt 0.839623 0.531663
vt 0.813292 0.438039
vt 0.813914 0.438091
vt 0.813913 0.461458
vt 0.813291 0.461402
vt 0.814219 0.438154
vt 0.814218 0.461527
vt 0.813912 0.470138
vt 0.813290 0.470082
vt 0.814217 0.470208
vt 0.813293 0.392660
vt 0.812208 0.438000
vt 0.813914 0.392702
vt 0.814219 0.392751
vt 0.814446 0.470406
vt 0.814444 0.471740
vt 0.814215 0.471535
vt 0.813910 0.471465
vt 0.813289 0.471410
vt 0.812206 0.470041
vt 0.812204 0.471371
vt 0.812207 0.461361
vt 0.302016 0.550943
vt 0.302092 0.527457
vt 0.302320 0.527870
vt 0.302244 0.551297
vt 0.302194 0.518707
vt 0.302419 0.519157
vt 0.302471 0.528081
vt 0.302565 0.519386
vt 0.301687 0.550332
vt 0.301962 0.596519
vt 0.301762 0.526746
vt 0.301860 0.517933
vt 0.301986 0.516523
vt 0.302323 0.517337
vt 0.302544 0.517810
vt 0.302683 0.518052
vt 0.814447 0.461712
vt 0.302656 0.528264
vt 0.302593 0.551638
vt 0.302349 0.596918
vt 0.302548 0.597040
vt 0.323147 0.517052
vt 0.323324 0.517567
vt 0.308873 0.517629
vt 0.308671 0.517123
vt 0.323474 0.517958
vt 0.309056 0.518012
vt 0.303446 0.517709
vt 0.303231 0.517218
vt 0.303575 0.517961
vt 0.351162 0.517002
vt 0.322850 0.516169
vt 0.351298 0.517524
vt 0.351368 0.517790
vt 0.302892 0.516375
vt 0.308342 0.516258
vt 0.840246 0.311112
vt 0.839624 0.311084
vt 0.839626 0.296685
vt 0.840248 0.296718
vt 0.839179 0.311009
vt 0.839319 0.296643
vt 0.839628 0.291300
vt 0.840250 0.291337
vt 0.839183 0.291190
vt 0.840245 0.339014
vt 0.841331 0.311132
vt 0.839623 0.338994
vt 0.839178 0.338941
vt 0.839086 0.296524
vt 0.839091 0.290219
vt 0.839325 0.290378
vt 0.839631 0.290432
vt 0.840253 0.290472
vt 0.841335 0.291363
vt 0.841339 0.290501
vt 0.841333 0.296742
vt 0.572438 0.517052
vt 0.586914 0.517123
vt 0.586711 0.517629
vt 0.572260 0.517567
vt 0.592354 0.517218
vt 0.592139 0.517709
vt 0.586595 0.517887
vt 0.572110 0.517958
vt 0.591929 0.518083
vt 0.572735 0.516169
vt 0.544422 0.517002
vt 0.587243 0.516258
vt 0.592693 0.516375
vt 0.593599 0.516523
vt 0.593262 0.517337
vt 0.593040 0.517810
vt 0.592901 0.518052
vt 0.544287 0.517524
vt 0.544179 0.517919
vt 0.593568 0.550943
vt 0.593184 0.551477
vt 0.593265 0.527870
vt 0.593492 0.527457
vt 0.593113 0.528080
vt 0.593165 0.519157
vt 0.593390 0.518707
vt 0.593019 0.519386
vt 0.593621 0.596519
vt 0.593897 0.550332
vt 0.593234 0.596918
vt 0.814448 0.550606
vt 0.814219 0.550729
vt 0.814219 0.505327
vt 0.814448 0.505165
vt 0.814218 0.481953
vt 0.814447 0.481768
vt 0.814446 0.473074
vt 0.593724 0.517933
vt 0.593823 0.526746
vt 0.813293 0.505441
vt 0.813292 0.482078
vt 0.813913 0.482022
vt 0.813914 0.505389
vt 0.813291 0.473398
vt 0.813912 0.473342
vt 0.814217 0.473272
vt 0.812208 0.505480
vt 0.813293 0.550820
vt 0.812207 0.482119
vt 0.812206 0.473439
vt 0.812205 0.472109
vt 0.813290 0.472070
vt 0.813911 0.472015
vt 0.814216 0.471945
vt 0.814444 0.471740
vt 0.813914 0.550779
vt 0.813293 0.909781
vt 0.813914 0.909832
vt 0.813913 0.933200
vt 0.813292 0.933144
vt 0.814219 0.909895
vt 0.814218 0.933269
vt 0.813912 0.941880
vt 0.813291 0.941824
vt 0.814217 0.941950
vt 0.813293 0.864402
vt 0.812208 0.909742
vt 0.813914 0.864443
vt 0.814219 0.864492
vt 0.814216 0.943277
vt 0.813911 0.943208
vt 0.813290 0.943153
vt 0.812206 0.941784
vt 0.812205 0.943114
vt 0.812207 0.933103
vt 0.593565 0.956901
vt 0.593489 0.980387
vt 0.593261 0.979974
vt 0.593181 0.956366
vt 0.593387 0.989138
vt 0.593162 0.988687
vt 0.593109 0.979763
vt 0.593015 0.988457
vt 0.593894 0.957513
vt 0.593619 0.911326
vt 0.593820 0.981099
vt 0.593721 0.989911
vt 0.593595 0.991321
vt 0.593258 0.990508
vt 0.593037 0.990034
vt 0.592898 0.989791
vt 0.814446 0.942147
vt 0.814444 0.943481
vt 0.814447 0.933453
vt 0.814448 0.910056
vt 0.814448 0.864614
vt 0.593231 0.910925
vt 0.572434 0.990793
vt 0.572256 0.990277
vt 0.586708 0.990215
vt 0.586910 0.990721
vt 0.572160 0.990013
vt 0.586592 0.989957
vt 0.592135 0.990135
vt 0.592351 0.990627
vt 0.592006 0.989883
vt 0.544419 0.990843
vt 0.572731 0.991676
vt 0.544283 0.990321
vt 0.544212 0.990053
vt 0.850646 0.048685
vt 0.850415 0.048750
vt 0.850414 0.020831
vt 0.850646 0.020738
vt 0.850413 0.006424
vt 0.850644 0.006306
vt 0.850411 0.001033
vt 0.850643 0.000892
vt 0.850409 0.000159
vt 0.850640 -0.000000
vt 0.592689 0.991470
vt 0.587239 0.991587
vt 0.849486 0.020893
vt 0.849485 0.006499
vt 0.850107 0.006467
vt 0.850108 0.020866
vt 0.849483 0.001118
vt 0.850105 0.001081
vt 0.848401 0.020913
vt 0.849487 0.048795
vt 0.848400 0.006523
vt 0.848398 0.001144
vt 0.848396 0.000282
vt 0.849481 0.000254
vt 0.850103 0.000213
vt 0.850109 0.048775
vt 0.849486 0.269326
vt 0.850108 0.269353
vt 0.850107 0.283752
vt 0.849485 0.283720
vt 0.850414 0.269387
vt 0.850413 0.283794
vt 0.850105 0.289138
vt 0.849483 0.289101
vt 0.850549 0.289247
vt 0.849487 0.241424
vt 0.848401 0.269306
vt 0.850109 0.241444
vt 0.850415 0.241468
vt 0.850646 0.241533
vt 0.850644 0.283913
vt 0.850409 0.290060
vt 0.850103 0.290006
vt 0.849481 0.289965
vt 0.848398 0.289075
vt 0.848396 0.289937
vt 0.848400 0.283696
vt 0.323143 0.990793
vt 0.308667 0.990721
vt 0.308870 0.990215
vt 0.323321 0.990277
vt 0.303227 0.990626
vt 0.303442 0.990135
vt 0.308985 0.989957
vt 0.323417 0.990013
vt 0.303651 0.989760
vt 0.322846 0.991676
vt 0.351159 0.990843
vt 0.308338 0.991587
vt 0.302889 0.991470
vt 0.301982 0.991321
vt 0.302319 0.990508
vt 0.302540 0.990034
vt 0.302679 0.989791
vt 0.850640 0.290219
vt 0.850646 0.269481
vt 0.351294 0.990321
vt 0.351365 0.990053
vt 0.302013 0.956901
vt 0.302397 0.956366
vt 0.302316 0.979974
vt 0.302089 0.980387
vt 0.302468 0.979763
vt 0.302415 0.988687
vt 0.302191 0.989138
vt 0.302562 0.988457
vt 0.301960 0.911326
vt 0.301684 0.957513
vt 0.302347 0.910925
vt 0.814449 0.078867
vt 0.814219 0.078989
vt 0.814448 0.033426
vt 0.814446 0.001334
vt 0.814215 0.000204
vt 0.814444 0.000000
vt 0.301857 0.989911
vt 0.301758 0.981099
vt 0.813292 0.033701
vt 0.813292 0.010337
vt 0.813913 0.010281
vt 0.813914 0.033649
vt 0.813290 0.001657
vt 0.813912 0.001601
vt 0.814218 0.010213
vt 0.814219 0.033587
vt 0.814217 0.001531
vt 0.812208 0.033739
vt 0.813293 0.079079
vt 0.812207 0.010378
vt 0.812206 0.001698
vt 0.812204 0.000367
vt 0.813289 0.000328
vt 0.813910 0.000274
vt 0.814447 0.010029
vt 0.813914 0.079038
vt 0.849503 0.559545
vt 0.850121 0.559572
vt 0.850123 0.573971
vt 0.849504 0.573938
vt 0.850423 0.559606
vt 0.850425 0.574013
vt 0.850125 0.579356
vt 0.849507 0.579319
vt 0.850427 0.579405
vt 0.849501 0.531643
vt 0.848420 0.559525
vt 0.850119 0.531663
vt 0.850421 0.531687
vt 0.850640 0.531752
vt 0.850641 0.559699
vt 0.850643 0.574132
vt 0.850646 0.579545
vt 0.293385 0.518242
vt 0.293526 0.518032
vt 0.294418 0.518124
vt 0.294259 0.518328
vt 0.850430 0.580279
vt 0.850128 0.580225
vt 0.849510 0.580184
vt 0.848424 0.579293
vt 0.848427 0.580156
vt 0.848422 0.573915
vt 0.273955 0.517118
vt 0.288431 0.517193
vt 0.288228 0.517698
vt 0.273777 0.517634
vt 0.293871 0.517289
vt 0.293655 0.517780
vt 0.288112 0.517957
vt 0.273680 0.517898
vt 0.274252 0.516235
vt 0.245939 0.517063
vt 0.288760 0.516327
vt 0.294210 0.516445
vt 0.295116 0.516594
vt 0.294779 0.517408
vt 0.294557 0.517881
vt 0.245804 0.517585
vt 0.245733 0.517852
vt 0.295079 0.551014
vt 0.294850 0.551368
vt 0.294780 0.527941
vt 0.295007 0.527528
vt 0.294628 0.528152
vt 0.294682 0.519228
vt 0.294907 0.518778
vt 0.294535 0.519458
vt 0.295124 0.596590
vt 0.295408 0.550402
vt 0.294894 0.596855
vt 0.294624 0.597059
vt 0.294585 0.551640
vt 0.295241 0.518004
vt 0.295338 0.526817
vt 0.804032 0.438039
vt 0.804031 0.461402
vt 0.803411 0.461458
vt 0.803412 0.438091
vt 0.804029 0.470082
vt 0.803410 0.470138
vt 0.803108 0.461527
vt 0.802974 0.438225
vt 0.803106 0.470209
vt 0.805115 0.438001
vt 0.804032 0.392661
vt 0.805115 0.461361
vt 0.805113 0.470041
vt 0.805112 0.471371
vt 0.804028 0.471411
vt 0.803408 0.471465
vt 0.803105 0.471535
vt 0.802881 0.471740
vt 0.802883 0.470407
vt 0.802884 0.461713
vt 0.803413 0.392702
vt 0.802975 0.392806
vt 0.849503 0.311112
vt 0.849504 0.296718
vt 0.850123 0.296685
vt 0.850121 0.311084
vt 0.849507 0.291337
vt 0.850125 0.291300
vt 0.850425 0.296643
vt 0.850423 0.311050
vt 0.850427 0.291251
vt 0.848420 0.311131
vt 0.849501 0.339013
vt 0.848422 0.296742
vt 0.848424 0.291363
vt 0.848427 0.290501
vt 0.849510 0.290472
vt 0.850128 0.290432
vt 0.850430 0.290377
vt 0.005232 0.518184
vt 0.004358 0.518271
vt 0.004200 0.518066
vt 0.005092 0.517974
vt 0.850646 0.291111
vt 0.850643 0.296524
vt 0.850641 0.310956
vt 0.850554 0.338941
vt 0.850119 0.338993
vt 0.804032 0.505441
vt 0.803412 0.505389
vt 0.803411 0.482022
vt 0.804031 0.482078
vt 0.803109 0.505326
vt 0.802973 0.481873
vt 0.803410 0.473342
vt 0.804030 0.473398
vt 0.802972 0.473187
vt 0.804032 0.550820
vt 0.805116 0.505480
vt 0.803413 0.550778
vt 0.802975 0.550675
vt 0.802881 0.471740
vt 0.803105 0.471945
vt 0.803408 0.472015
vt 0.804028 0.472069
vt 0.805114 0.473439
vt 0.805112 0.472108
vt 0.805115 0.482119
vt 0.003526 0.550956
vt 0.003607 0.527470
vt 0.003835 0.527883
vt 0.003910 0.551491
vt 0.003711 0.518720
vt 0.003936 0.519170
vt 0.004090 0.528199
vt 0.004180 0.519514
vt 0.003198 0.550344
vt 0.003464 0.596532
vt 0.003277 0.526758
vt 0.003377 0.517946
vt 0.003503 0.516536
vt 0.003840 0.517350
vt 0.004061 0.517824
vt 0.802885 0.505165
vt 0.003693 0.596797
vt 0.004103 0.551653
vt 0.003963 0.597001
vt 0.024664 0.517069
vt 0.024841 0.517584
vt 0.010390 0.517643
vt 0.010188 0.517137
vt 0.024938 0.517848
vt 0.010505 0.517902
vt 0.004963 0.517723
vt 0.004747 0.517231
vt 0.052679 0.517024
vt 0.024367 0.516186
vt 0.052815 0.517546
vt 0.052921 0.517943
vt 0.004409 0.516388
vt 0.009859 0.516271
vt 0.804032 0.909781
vt 0.804031 0.933144
vt 0.803411 0.933200
vt 0.803412 0.909832
vt 0.804030 0.941824
vt 0.803410 0.941880
vt 0.803108 0.933268
vt 0.803109 0.909895
vt 0.803106 0.941950
vt 0.805116 0.909742
vt 0.804032 0.864402
vt 0.805115 0.933103
vt 0.805114 0.941783
vt 0.805112 0.943114
vt 0.804028 0.943153
vt 0.803408 0.943207
vt 0.803105 0.943277
vt 0.802882 0.942147
vt 0.802884 0.933453
vt 0.803413 0.864443
vt 0.803109 0.864492
vt 0.840227 0.020893
vt 0.839609 0.020865
vt 0.839607 0.006466
vt 0.840226 0.006499
vt 0.839306 0.020831
vt 0.839305 0.006424
vt 0.839605 0.001081
vt 0.840224 0.001118
vt 0.839303 0.001032
vt 0.840228 0.048795
vt 0.841311 0.020913
vt 0.839610 0.048775
vt 0.839307 0.048750
vt 0.839087 0.048685
vt 0.839082 0.000892
vt 0.863872 0.252763
vt 0.863651 0.252644
vt 0.863872 0.251885
vt 0.839300 0.000159
vt 0.839603 0.000213
vt 0.840222 0.000254
vt 0.841307 0.001144
vt 0.841305 0.000282
vt 0.841309 0.006523
vt 0.024571 0.990811
vt 0.010095 0.990737
vt 0.010298 0.990232
vt 0.024749 0.990296
vt 0.004655 0.990641
vt 0.004871 0.990150
vt 0.010413 0.989973
vt 0.024846 0.990033
vt 0.005000 0.989899
vt 0.024274 0.991694
vt 0.052587 0.990867
vt 0.009766 0.991603
vt 0.004317 0.991484
vt 0.003410 0.991336
vt 0.003747 0.990522
vt 0.003969 0.990049
vt 0.004108 0.989807
vt 0.863651 0.251007
vt 0.863651 0.250115
vt 0.863871 0.250275
vt 0.839084 0.006305
vt 0.839086 0.020738
vt 0.052722 0.990345
vt 0.052793 0.990078
vt 0.003447 0.956916
vt 0.003676 0.956562
vt 0.003746 0.979989
vt 0.003519 0.980402
vt 0.003898 0.979778
vt 0.003844 0.988702
vt 0.003619 0.989152
vt 0.003990 0.988473
vt 0.003403 0.911340
vt 0.003119 0.957527
vt 0.003632 0.911075
vt 0.003989 0.910818
vt 0.004024 0.956221
vt 0.802881 0.943481
vt 0.003285 0.989926
vt 0.003188 0.981113
vt 0.840227 0.269326
vt 0.840226 0.283719
vt 0.839607 0.283752
vt 0.839608 0.269353
vt 0.840224 0.289101
vt 0.839605 0.289138
vt 0.839305 0.283794
vt 0.839306 0.269387
vt 0.839303 0.289186
vt 0.841311 0.269306
vt 0.840228 0.241424
vt 0.841309 0.283696
vt 0.841307 0.289075
vt 0.841305 0.289937
vt 0.840222 0.289965
vt 0.839603 0.290006
vt 0.839300 0.290060
vt 0.863872 0.251007
vt 0.863872 0.251885
vt 0.863651 0.251127
vt 0.839082 0.289326
vt 0.839084 0.283913
vt 0.839307 0.241468
vt 0.839087 0.241533
vt 0.839610 0.241444
vt 0.804032 0.033701
vt 0.803412 0.033649
vt 0.803411 0.010282
vt 0.804031 0.010338
vt 0.803109 0.033587
vt 0.803108 0.010213
vt 0.803410 0.001602
vt 0.804029 0.001658
vt 0.803106 0.001532
vt 0.804032 0.079080
vt 0.805115 0.033740
vt 0.803413 0.079039
vt 0.803110 0.078990
vt 0.802884 0.010029
vt 0.802883 0.001335
vt 0.803105 0.000204
vt 0.803408 0.000274
vt 0.804028 0.000329
vt 0.805113 0.001698
vt 0.805112 0.000367
vt 0.805115 0.010379
vt 0.295000 0.956974
vt 0.294919 0.980460
vt 0.294691 0.980047
vt 0.294771 0.956620
vt 0.294815 0.989210
vt 0.294590 0.988760
vt 0.294540 0.979836
vt 0.294444 0.988531
vt 0.295328 0.957586
vt 0.295062 0.911398
vt 0.295250 0.981171
vt 0.295149 0.989984
vt 0.295023 0.991394
vt 0.294686 0.990580
vt 0.294465 0.990107
vt 0.294326 0.989864
vt 0.802881 0.000001
vt 0.294421 0.956279
vt 0.294833 0.911133
vt 0.294475 0.910876
vt 0.273862 0.990861
vt 0.273685 0.990346
vt 0.288136 0.990287
vt 0.288339 0.990792
vt 0.273588 0.990082
vt 0.288020 0.990029
vt 0.293563 0.990207
vt 0.293779 0.990699
vt 0.293434 0.989956
vt 0.245847 0.990906
vt 0.274159 0.991744
vt 0.245711 0.990384
vt 0.245641 0.990117
vt 0.839086 0.269480
vt 0.863651 0.249223
vt 0.863871 0.249956
vt 0.863651 0.250115
vt 0.294117 0.991542
vt 0.288667 0.991658
vt 0.291878 0.508279
vt 0.297512 0.508229
vt 0.297402 0.508421
vt 0.277172 0.508014
vt 0.276999 0.508326
vt 0.814948 0.826501
vt 0.814731 0.826397
vt 0.814742 0.797680
vt 0.814933 0.841323
vt 0.814559 0.841102
vt 0.814923 0.846861
vt 0.814711 0.846736
vt 0.297635 0.508043
vt 0.298522 0.508168
vt 0.298395 0.508377
vt 0.298281 0.508598
vt 0.298172 0.508831
vt 0.298059 0.509075
vt 0.297193 0.508830
vt 0.291687 0.508637
vt 0.276827 0.508686
vt 0.248324 0.508233
vt 0.248455 0.507944
vt 0.791821 0.529310
vt 0.791655 0.529588
vt 0.791645 0.505195
vt 0.791808 0.504915
vt 0.791530 0.529888
vt 0.791523 0.505495
vt 0.791637 0.496062
vt 0.791798 0.495807
vt 0.791518 0.496334
vt 0.791833 0.576622
vt 0.792040 0.529062
vt 0.791664 0.576854
vt 0.298524 0.590873
vt 0.298396 0.591123
vt 0.298369 0.543907
vt 0.298494 0.543607
vt 0.298262 0.591384
vt 0.298239 0.544219
vt 0.298197 0.519828
vt 0.298322 0.519514
vt 0.298137 0.510637
vt 0.298256 0.510353
vt 0.298371 0.510081
vt 0.791635 0.494579
vt 0.791794 0.494358
vt 0.792012 0.495572
vt 0.792008 0.494149
vt 0.792025 0.504661
vt 0.297656 0.545499
vt 0.297624 0.521185
vt 0.297875 0.520588
vt 0.297908 0.544953
vt 0.297576 0.511962
vt 0.297826 0.511357
vt 0.298056 0.520163
vt 0.298093 0.544549
vt 0.298003 0.510946
vt 0.297312 0.546258
vt 0.297673 0.592414
vt 0.297276 0.522037
vt 0.297225 0.512854
vt 0.297158 0.511226
vt 0.297514 0.510322
vt 0.297761 0.509729
vt 0.297932 0.509346
vt 0.298112 0.591657
vt 0.297925 0.591983
vt 0.276490 0.509570
vt 0.276697 0.509007
vt 0.291429 0.509187
vt 0.291196 0.509758
vt 0.296911 0.509426
vt 0.296667 0.510006
vt 0.297074 0.509069
vt 0.247939 0.509436
vt 0.276171 0.510488
vt 0.248098 0.508879
vt 0.248196 0.508567
vt 0.296308 0.510916
vt 0.290845 0.510672
vt 0.021448 0.507963
vt 0.021622 0.508275
vt 0.006743 0.508222
vt 0.001219 0.508362
vt 0.001108 0.508170
vt 0.814742 0.599389
vt 0.814731 0.570672
vt 0.814948 0.570568
vt 0.814449 0.599521
vt 0.050297 0.508194
vt 0.007042 0.508794
vt 0.001428 0.508771
vt 0.000562 0.509015
vt 0.000449 0.508771
vt 0.000339 0.508539
vt 0.000225 0.508318
vt 0.000984 0.507984
vt 0.000097 0.508109
vt 0.814933 0.555746
vt 0.814559 0.555967
vt 0.814711 0.550332
vt 0.814923 0.550209
vt 0.022132 0.509519
vt 0.007425 0.509701
vt 0.007193 0.509131
vt 0.021925 0.508956
vt 0.001954 0.509947
vt 0.001710 0.509367
vt 0.021794 0.508635
vt 0.001547 0.509010
vt 0.022450 0.510437
vt 0.050683 0.509397
vt 0.007776 0.510616
vt 0.002313 0.510857
vt 0.001463 0.511167
vt 0.001108 0.510263
vt 0.000860 0.509669
vt 0.000689 0.509287
vt 0.050425 0.508528
vt 0.050524 0.508839
vt 0.000951 0.545440
vt 0.000700 0.544893
vt 0.000742 0.520528
vt 0.000993 0.521125
vt 0.000514 0.544490
vt 0.000561 0.520104
vt 0.000795 0.511298
vt 0.001044 0.511903
vt 0.000618 0.510887
vt 0.000917 0.592354
vt 0.001296 0.546199
vt 0.000664 0.591924
vt 0.000477 0.591598
vt 0.000327 0.591325
vt 0.000368 0.544160
vt 0.000420 0.519768
vt 0.000483 0.510577
vt 0.001395 0.512795
vt 0.001340 0.521978
vt 0.791820 0.457322
vt 0.791807 0.481717
vt 0.791644 0.481437
vt 0.791654 0.457044
vt 0.791797 0.490825
vt 0.791637 0.490570
vt 0.000113 0.543547
vt 0.000174 0.519154
vt 0.000294 0.519455
vt 0.000238 0.543847
vt 0.791518 0.490298
vt 0.791523 0.481137
vt 0.792039 0.457570
vt 0.791832 0.410010
vt 0.792024 0.481970
vt 0.792012 0.491060
vt 0.792008 0.492483
vt 0.791794 0.492274
vt 0.791634 0.492053
vt 0.000248 0.510022
vt 0.000364 0.510293
vt 0.000193 0.591064
vt 0.000064 0.590813
vt 0.791664 0.409778
vt 0.791820 0.035989
vt 0.791654 0.036268
vt 0.791644 0.011875
vt 0.791807 0.011594
vt 0.000031 0.964325
vt 0.000156 0.964024
vt 0.000203 0.988417
vt 0.000082 0.988718
vt 0.791637 0.002742
vt 0.791797 0.002486
vt 0.791523 0.012175
vt 0.791518 0.003014
vt 0.791832 0.083301
vt 0.792039 0.035740
vt 0.791664 0.083533
vt 0.000000 0.917059
vt 0.000129 0.916808
vt 0.000263 0.916547
vt 0.000287 0.963711
vt 0.000328 0.988103
vt 0.000388 0.997294
vt 0.000269 0.997578
vt 0.000466 0.998856
vt 0.000353 0.999100
vt 0.000153 0.997850
vt 0.000243 0.999333
vt 0.791634 0.001260
vt 0.791794 0.001038
vt 0.792012 0.002251
vt 0.792008 0.000828
vt 0.792024 0.011340
vt 0.000870 0.962431
vt 0.000902 0.986745
vt 0.000651 0.987343
vt 0.000618 0.962978
vt 0.000950 0.995968
vt 0.000700 0.996573
vt 0.000469 0.987768
vt 0.000433 0.963381
vt 0.000523 0.996984
vt 0.001215 0.961672
vt 0.000854 0.915516
vt 0.001250 0.985893
vt 0.001301 0.995076
vt 0.001369 0.996704
vt 0.001013 0.997608
vt 0.000765 0.998201
vt 0.000594 0.998584
vt 0.000413 0.916273
vt 0.000601 0.915947
vt 0.022036 0.998360
vt 0.021829 0.998923
vt 0.007097 0.998743
vt 0.007330 0.998172
vt 0.021698 0.999245
vt 0.006946 0.999079
vt 0.001615 0.998504
vt 0.001859 0.997924
vt 0.001451 0.998861
vt 0.050588 0.998494
vt 0.022355 0.997442
vt 0.050428 0.999051
vt 0.050329 0.999363
vt 0.001332 0.999100
vt 0.002218 0.997014
vt 0.007682 0.997258
vt 0.021352 0.999918
vt 0.006543 0.999824
vt 0.006743 0.999477
vt 0.021526 0.999605
vt 0.001012 0.999703
vt 0.001123 0.999510
vt 0.849705 0.602422
vt 0.849921 0.602526
vt 0.849905 0.631243
vt 0.849722 0.587600
vt 0.849935 0.587717
vt 0.849733 0.582062
vt 0.849943 0.582186
vt 0.000888 0.999890
vt 0.000001 0.999765
vt 0.000129 0.999555
vt 0.050201 0.999698
vt 0.050069 0.999989
vt 0.277076 0.999969
vt 0.276903 0.999656
vt 0.291686 0.999534
vt 0.291885 0.999880
vt 0.297306 0.999569
vt 0.297416 0.999762
vt 0.297098 0.999159
vt 0.850036 0.829464
vt 0.849875 0.858251
vt 0.849660 0.858355
vt 0.248290 0.999883
vt 0.248101 0.999402
vt 0.276732 0.999296
vt 0.291484 0.999136
vt 0.297964 0.998915
vt 0.298076 0.999160
vt 0.298185 0.999393
vt 0.298299 0.999614
vt 0.297539 0.999950
vt 0.298426 0.999824
vt 0.849671 0.873177
vt 0.849884 0.873059
vt 0.849890 0.878590
vt 0.849680 0.878714
vt 0.276395 0.998411
vt 0.291101 0.998229
vt 0.291333 0.998799
vt 0.276601 0.998974
vt 0.296572 0.997983
vt 0.296816 0.998563
vt 0.296979 0.998920
vt 0.276076 0.997493
vt 0.247843 0.998533
vt 0.290750 0.997314
vt 0.296213 0.997072
vt 0.297063 0.996763
vt 0.297419 0.997667
vt 0.297666 0.998261
vt 0.297837 0.998643
vt 0.248002 0.999091
vt 0.297575 0.962490
vt 0.297826 0.963037
vt 0.297784 0.987402
vt 0.297533 0.986804
vt 0.298011 0.963441
vt 0.297965 0.987827
vt 0.297731 0.996633
vt 0.297482 0.996027
vt 0.297908 0.997044
vt 0.297610 0.915575
vt 0.297230 0.961731
vt 0.297862 0.916006
vt 0.298049 0.916333
vt 0.298198 0.916606
vt 0.298157 0.963771
vt 0.298106 0.988162
vt 0.298042 0.997353
vt 0.297131 0.995135
vt 0.297186 0.985952
vt 0.791821 0.950644
vt 0.791808 0.975040
vt 0.791645 0.974759
vt 0.791655 0.950366
vt 0.791798 0.984147
vt 0.791637 0.983891
vt 0.791523 0.974458
vt 0.791530 0.950066
vt 0.791518 0.983619
vt 0.792040 0.950893
vt 0.791833 0.903332
vt 0.792025 0.975293
vt 0.792012 0.984383
vt 0.792008 0.985805
vt 0.791794 0.985596
vt 0.791635 0.985374
vt 0.298276 0.997910
vt 0.298161 0.997638
vt 0.298231 0.988477
vt 0.298287 0.964084
vt 0.298332 0.916867
vt 0.298461 0.917118
vt 0.298412 0.964384
vt 0.791664 0.903100
vt 0.840999 0.601888
vt 0.840986 0.586996
vt 0.841433 0.586925
vt 0.840974 0.581425
vt 0.841437 0.601831
vt 0.841427 0.581344
vt 0.840730 0.601955
vt 0.841007 0.630753
vt 0.840715 0.587074
vt 0.840700 0.581510
vt 0.840691 0.580614
vt 0.840966 0.580526
vt 0.841422 0.580438
vt 0.841830 0.580438
vt 0.841832 0.581344
vt 0.841830 0.586925
vt 0.841438 0.630712
vt 0.841817 0.630713
vt 0.800764 0.035049
vt 0.800327 0.034991
vt 0.800333 0.010516
vt 0.800778 0.010587
vt 0.800338 0.001410
vt 0.800790 0.001492
vt 0.800751 0.082549
vt 0.801030 0.035116
vt 0.800322 0.082508
vt 0.799943 0.082508
vt 0.799939 0.034991
vt 0.799935 0.010516
vt 0.799933 0.001410
vt 0.799933 0.000000
vt 0.800341 0.000000
vt 0.800796 0.000088
vt 0.801062 0.001577
vt 0.801069 0.000177
vt 0.801047 0.010666
vt 0.799505 0.035049
vt 0.799493 0.010587
vt 0.799484 0.001492
vt 0.799241 0.035116
vt 0.799516 0.082549
vt 0.799226 0.010666
vt 0.799215 0.001577
vt 0.799211 0.000177
vt 0.799481 0.000089
vt 0.842256 0.601888
vt 0.841825 0.601831
vt 0.842270 0.586996
vt 0.842279 0.581426
vt 0.842241 0.630753
vt 0.842519 0.601955
vt 0.842279 0.580526
vt 0.842546 0.581510
vt 0.842548 0.580614
vt 0.842535 0.587074
vt 0.844237 0.587662
vt 0.844037 0.582088
vt 0.844422 0.582154
vt 0.844227 0.602473
vt 0.844591 0.587684
vt 0.844590 0.602491
vt 0.843764 0.602376
vt 0.843999 0.631174
vt 0.843780 0.587550
vt 0.843791 0.582011
vt 0.843794 0.581124
vt 0.844243 0.581252
vt 0.844586 0.581282
vt 0.844756 0.582154
vt 0.844407 0.631210
vt 0.844766 0.631210
vt 0.797733 0.035602
vt 0.797331 0.035651
vt 0.797327 0.011274
vt 0.797721 0.011215
vt 0.797505 0.002201
vt 0.797158 0.002228
vt 0.797527 0.082998
vt 0.797986 0.035538
vt 0.797155 0.083010
vt 0.796980 0.035651
vt 0.796986 0.011274
vt 0.797159 0.000847
vt 0.797503 0.000817
vt 0.797959 0.002079
vt 0.797955 0.000689
vt 0.797971 0.011143
vt 0.796575 0.035602
vt 0.796590 0.011215
vt 0.796810 0.002201
vt 0.796320 0.035539
vt 0.796782 0.082998
vt 0.796337 0.011143
vt 0.796351 0.002079
vt 0.796358 0.000689
vt 0.796814 0.000817
vt 0.844955 0.602473
vt 0.844946 0.587662
vt 0.845147 0.582088
vt 0.845180 0.631174
vt 0.845428 0.602376
vt 0.844931 0.581253
vt 0.845398 0.582011
vt 0.845389 0.581125
vt 0.845413 0.587550
vt 0.848236 0.601889
vt 0.847804 0.601832
vt 0.847809 0.586926
vt 0.848249 0.586997
vt 0.847811 0.581345
vt 0.848258 0.581427
vt 0.848220 0.630754
vt 0.848498 0.601956
vt 0.847796 0.630713
vt 0.847809 0.580439
vt 0.848259 0.580527
vt 0.848525 0.581511
vt 0.848527 0.580615
vt 0.848514 0.587075
vt 0.846978 0.601889
vt 0.846965 0.586997
vt 0.847412 0.586926
vt 0.847416 0.601832
vt 0.846953 0.581426
vt 0.847406 0.581345
vt 0.846710 0.601956
vt 0.846986 0.630754
vt 0.846694 0.587075
vt 0.846679 0.581511
vt 0.846670 0.580615
vt 0.846945 0.580527
vt 0.847401 0.580438
vt 0.847417 0.630713
vt 0.794782 0.035049
vt 0.794345 0.034992
vt 0.794351 0.010517
vt 0.794796 0.010588
vt 0.794356 0.001410
vt 0.794808 0.001492
vt 0.794769 0.082549
vt 0.795048 0.035116
vt 0.794340 0.082509
vt 0.793961 0.082509
vt 0.793957 0.034992
vt 0.793954 0.010517
vt 0.793951 0.001410
vt 0.793951 0.000000
vt 0.794359 0.000000
vt 0.794814 0.000089
vt 0.795080 0.001577
vt 0.795087 0.000178
vt 0.795065 0.010666
vt 0.793523 0.035049
vt 0.793511 0.010588
vt 0.793502 0.001492
vt 0.793259 0.035116
vt 0.793535 0.082549
vt 0.793244 0.010666
vt 0.793233 0.001577
vt 0.793229 0.000178
vt 0.793499 0.000089
vt 0.848190 0.858888
vt 0.848198 0.873780
vt 0.847559 0.873857
vt 0.847758 0.858945
vt 0.847970 0.879403
vt 0.848452 0.858821
vt 0.848185 0.830023
vt 0.848463 0.873702
vt 0.848472 0.879265
vt 0.848474 0.880161
vt 0.848205 0.880250
vt 0.847552 0.880347
vt 0.847556 0.879439
vt 0.847760 0.830063
vt 0.793526 0.951583
vt 0.793960 0.951640
vt 0.793956 0.976116
vt 0.793513 0.976045
vt 0.793740 0.985194
vt 0.793537 0.904083
vt 0.793261 0.951516
vt 0.793963 0.904123
vt 0.794358 0.985222
vt 0.794157 0.986641
vt 0.793501 0.986544
vt 0.793234 0.985056
vt 0.793230 0.986455
vt 0.793246 0.975966
vt 0.794784 0.951583
vt 0.794564 0.976092
vt 0.794347 0.951640
vt 0.794810 0.985141
vt 0.795050 0.951516
vt 0.794544 0.904111
vt 0.795067 0.975966
vt 0.795081 0.985056
vt 0.795088 0.986455
vt 0.794577 0.986601
vt 0.846932 0.858887
vt 0.847370 0.858945
vt 0.847149 0.873827
vt 0.847138 0.879403
vt 0.846951 0.830023
vt 0.846664 0.858821
vt 0.847381 0.830063
vt 0.847131 0.880307
vt 0.846626 0.879265
vt 0.846617 0.880161
vt 0.846643 0.873701
vt 0.844895 0.873113
vt 0.845094 0.878687
vt 0.844703 0.878621
vt 0.845383 0.858399
vt 0.844909 0.858302
vt 0.845145 0.829601
vt 0.845362 0.873225
vt 0.845345 0.878764
vt 0.845336 0.879651
vt 0.845086 0.879570
vt 0.844698 0.879499
vt 0.844369 0.873095
vt 0.844369 0.858287
vt 0.844731 0.829565
vt 0.796576 0.951031
vt 0.796981 0.950982
vt 0.796987 0.975359
vt 0.796590 0.975418
vt 0.796811 0.984432
vt 0.796564 0.903661
vt 0.796321 0.951094
vt 0.796976 0.903624
vt 0.797158 0.984406
vt 0.796994 0.985793
vt 0.796608 0.985864
vt 0.796352 0.984554
vt 0.796359 0.985944
vt 0.796338 0.975490
vt 0.797734 0.951031
vt 0.797722 0.975418
vt 0.797328 0.975359
vt 0.797332 0.950982
vt 0.797712 0.984477
vt 0.797987 0.951094
vt 0.797528 0.903635
vt 0.797972 0.975490
vt 0.797960 0.984554
vt 0.797956 0.985944
vt 0.797503 0.985816
vt 0.843969 0.858336
vt 0.843977 0.873153
vt 0.843984 0.878687
vt 0.844370 0.878621
vt 0.843964 0.829601
vt 0.843718 0.858399
vt 0.844371 0.829565
vt 0.844190 0.879522
vt 0.843738 0.878764
vt 0.843740 0.879650
vt 0.843729 0.873225
vt 0.840953 0.858886
vt 0.841585 0.858948
vt 0.841580 0.873856
vt 0.841170 0.873826
vt 0.841374 0.879430
vt 0.840920 0.879349
vt 0.840972 0.830022
vt 0.840685 0.858820
vt 0.841402 0.830062
vt 0.841781 0.830062
vt 0.841778 0.879430
vt 0.841776 0.880337
vt 0.841152 0.880306
vt 0.840647 0.879264
vt 0.840638 0.880160
vt 0.840664 0.873700
vt 0.841983 0.858926
vt 0.842219 0.873779
vt 0.842225 0.879349
vt 0.842473 0.858820
vt 0.842206 0.830022
vt 0.842484 0.873701
vt 0.842493 0.879264
vt 0.842495 0.880160
vt 0.842226 0.880249
vt 0.799508 0.951583
vt 0.800135 0.951645
vt 0.799938 0.976116
vt 0.799495 0.976045
vt 0.800137 0.985230
vt 0.799486 0.985141
vt 0.799519 0.904083
vt 0.799243 0.951516
vt 0.799945 0.904123
vt 0.800335 0.976116
vt 0.799935 0.986632
vt 0.799483 0.986544
vt 0.799216 0.985056
vt 0.799213 0.986455
vt 0.799228 0.975967
vt 0.800535 0.951622
vt 0.800780 0.976045
vt 0.800554 0.985194
vt 0.801032 0.951516
vt 0.800526 0.904111
vt 0.801049 0.975967
vt 0.801064 0.985056
vt 0.801070 0.986455
vt 0.800559 0.986601
vt 0.823442 0.841974
vt 0.823690 0.847497
vt 0.823237 0.847578
vt 0.823431 0.827074
vt 0.823033 0.842004
vt 0.823031 0.827096
vt 0.823914 0.798120
vt 0.823930 0.826968
vt 0.823422 0.798198
vt 0.823948 0.841848
vt 0.823963 0.847412
vt 0.823971 0.848308
vt 0.823697 0.848397
vt 0.823242 0.848485
vt 0.822834 0.848485
vt 0.822833 0.847578
vt 0.823030 0.798213
vt 0.800766 0.528374
vt 0.800329 0.528318
vt 0.800335 0.503842
vt 0.800780 0.503913
vt 0.800340 0.494735
vt 0.800792 0.494816
vt 0.800526 0.575847
vt 0.801032 0.528441
vt 0.800135 0.575832
vt 0.799942 0.528318
vt 0.799938 0.503842
vt 0.799935 0.494735
vt 0.799935 0.493325
vt 0.800343 0.493325
vt 0.800797 0.493413
vt 0.801064 0.494901
vt 0.801070 0.493501
vt 0.801049 0.503991
vt 0.799508 0.528374
vt 0.799495 0.503913
vt 0.799486 0.494816
vt 0.799243 0.528441
vt 0.799519 0.575875
vt 0.799228 0.503990
vt 0.799216 0.494901
vt 0.799213 0.493501
vt 0.799483 0.493413
vt 0.822405 0.827035
vt 0.822625 0.841974
vt 0.822385 0.847497
vt 0.822640 0.798198
vt 0.822142 0.826968
vt 0.822383 0.848397
vt 0.822116 0.847412
vt 0.822114 0.848308
vt 0.822127 0.841848
vt 0.820640 0.826483
vt 0.820628 0.841300
vt 0.820236 0.841242
vt 0.820239 0.826434
vt 0.820620 0.846834
vt 0.820234 0.846768
vt 0.820892 0.826546
vt 0.820651 0.797749
vt 0.820877 0.841373
vt 0.820866 0.846911
vt 0.820863 0.847798
vt 0.820618 0.847717
vt 0.820234 0.847646
vt 0.819904 0.847646
vt 0.819900 0.846768
vt 0.819888 0.826434
vt 0.820242 0.797712
vt 0.819883 0.797712
vt 0.797734 0.528924
vt 0.797332 0.528973
vt 0.797328 0.504596
vt 0.797722 0.504537
vt 0.797325 0.495543
vt 0.797712 0.495478
vt 0.797528 0.576320
vt 0.797987 0.528861
vt 0.796976 0.576331
vt 0.796981 0.528973
vt 0.796987 0.504595
vt 0.796991 0.495543
vt 0.796994 0.494161
vt 0.797325 0.494161
vt 0.797709 0.494090
vt 0.797960 0.495401
vt 0.797956 0.494010
vt 0.797972 0.504465
vt 0.796576 0.528924
vt 0.796590 0.504537
vt 0.796602 0.495478
vt 0.796321 0.528861
vt 0.796564 0.576295
vt 0.796338 0.504465
vt 0.796352 0.495401
vt 0.796359 0.494010
vt 0.796608 0.494090
vt 0.819483 0.826483
vt 0.819894 0.841242
vt 0.819497 0.841300
vt 0.819510 0.846834
vt 0.819470 0.797749
vt 0.819226 0.826546
vt 0.819517 0.847717
vt 0.819259 0.846911
vt 0.819267 0.847798
vt 0.819244 0.841373
vt 0.816652 0.827073
vt 0.817050 0.827096
vt 0.817052 0.842004
vt 0.816644 0.841974
vt 0.817054 0.847586
vt 0.816639 0.847550
vt 0.816659 0.798198
vt 0.816161 0.826968
vt 0.817049 0.798213
vt 0.817057 0.848494
vt 0.816402 0.848396
vt 0.816136 0.847412
vt 0.816133 0.848308
vt 0.816147 0.841848
vt 0.817451 0.827073
vt 0.817462 0.841974
vt 0.817471 0.847550
vt 0.817950 0.826968
vt 0.817441 0.798198
vt 0.817967 0.841848
vt 0.817982 0.847412
vt 0.817991 0.848308
vt 0.817477 0.848454
vt 0.794784 0.528374
vt 0.794347 0.528317
vt 0.794353 0.503842
vt 0.794798 0.503913
vt 0.794572 0.494763
vt 0.794155 0.494727
vt 0.794771 0.575875
vt 0.795050 0.528441
vt 0.794342 0.575835
vt 0.793963 0.575835
vt 0.793960 0.528317
vt 0.793956 0.503842
vt 0.794157 0.493315
vt 0.794577 0.493355
vt 0.795081 0.494901
vt 0.795088 0.493501
vt 0.795067 0.503990
vt 0.793526 0.528374
vt 0.793513 0.503912
vt 0.793740 0.494763
vt 0.793261 0.528441
vt 0.793537 0.575875
vt 0.793246 0.503990
vt 0.793234 0.494901
vt 0.793230 0.493501
vt 0.793501 0.493413
vt 0.816424 0.570036
vt 0.816644 0.555097
vt 0.816857 0.569979
vt 0.816404 0.549573
vt 0.816852 0.549492
vt 0.816161 0.570103
vt 0.816435 0.598901
vt 0.816147 0.555222
vt 0.816136 0.549658
vt 0.816133 0.548762
vt 0.816402 0.548674
vt 0.817057 0.548576
vt 0.817052 0.555067
vt 0.816860 0.598860
vt 0.793752 0.458295
vt 0.793954 0.482789
vt 0.793511 0.482718
vt 0.793502 0.491815
vt 0.793951 0.491895
vt 0.793535 0.410756
vt 0.793259 0.458190
vt 0.793961 0.410796
vt 0.794151 0.458318
vt 0.794155 0.493315
vt 0.793499 0.493218
vt 0.793233 0.491730
vt 0.793229 0.493130
vt 0.793244 0.482641
vt 0.794782 0.458256
vt 0.794796 0.482718
vt 0.794351 0.482789
vt 0.794808 0.491814
vt 0.794356 0.491895
vt 0.795048 0.458190
vt 0.794769 0.410756
vt 0.795065 0.482640
vt 0.795080 0.491730
vt 0.795087 0.493130
vt 0.794814 0.493218
vt 0.794340 0.410796
vt 0.817682 0.570036
vt 0.817244 0.569979
vt 0.817697 0.555144
vt 0.817257 0.549492
vt 0.817710 0.549573
vt 0.817441 0.598873
vt 0.817950 0.570103
vt 0.817717 0.548674
vt 0.817982 0.549658
vt 0.817991 0.548762
vt 0.817967 0.555222
vt 0.819483 0.570586
vt 0.819497 0.555769
vt 0.819894 0.555827
vt 0.819510 0.550236
vt 0.819888 0.570635
vt 0.819900 0.550301
vt 0.819226 0.570523
vt 0.819470 0.599321
vt 0.819244 0.555697
vt 0.819259 0.550158
vt 0.819267 0.549272
vt 0.819517 0.549352
vt 0.819904 0.549423
vt 0.820234 0.550301
vt 0.819883 0.599357
vt 0.796575 0.457708
vt 0.796980 0.457659
vt 0.796986 0.482036
vt 0.796589 0.482095
vt 0.796810 0.491109
vt 0.797158 0.491083
vt 0.796563 0.410337
vt 0.796320 0.457770
vt 0.796975 0.410301
vt 0.796994 0.492470
vt 0.796607 0.492542
vt 0.796351 0.491231
vt 0.796358 0.492622
vt 0.796337 0.482166
vt 0.797733 0.457708
vt 0.797721 0.482095
vt 0.797327 0.482036
vt 0.797331 0.457659
vt 0.797505 0.491109
vt 0.797986 0.457770
vt 0.797744 0.410337
vt 0.797971 0.482166
vt 0.797959 0.491231
vt 0.797955 0.492621
vt 0.797709 0.492542
vt 0.797324 0.492470
vt 0.797335 0.410301
vt 0.820640 0.570586
vt 0.820236 0.555828
vt 0.820628 0.555769
vt 0.820239 0.570635
vt 0.820620 0.550236
vt 0.820651 0.599321
vt 0.820892 0.570523
vt 0.820242 0.599357
vt 0.820234 0.549423
vt 0.820618 0.549352
vt 0.820866 0.550159
vt 0.820863 0.549272
vt 0.820877 0.555697
vt 0.823431 0.569997
vt 0.823231 0.555073
vt 0.823677 0.555144
vt 0.823237 0.549492
vt 0.823690 0.549573
vt 0.823914 0.598951
vt 0.823422 0.598873
vt 0.823930 0.570103
vt 0.823030 0.598858
vt 0.822837 0.569979
vt 0.822833 0.549492
vt 0.822834 0.548585
vt 0.823458 0.548616
vt 0.823963 0.549658
vt 0.823971 0.548762
vt 0.823948 0.555222
vt 0.822405 0.570036
vt 0.822393 0.555144
vt 0.822834 0.555073
vt 0.822385 0.549573
vt 0.822142 0.570103
vt 0.822415 0.598901
vt 0.822127 0.555222
vt 0.822116 0.549658
vt 0.822114 0.548762
vt 0.822383 0.548674
vt 0.799505 0.458256
vt 0.799939 0.458313
vt 0.799935 0.482789
vt 0.799493 0.482718
vt 0.799484 0.491814
vt 0.799933 0.491895
vt 0.799516 0.410756
vt 0.799241 0.458190
vt 0.799943 0.410796
vt 0.800327 0.458313
vt 0.799933 0.493306
vt 0.799481 0.493218
vt 0.799215 0.491730
vt 0.799211 0.493130
vt 0.799226 0.482640
vt 0.800763 0.458256
vt 0.800543 0.482765
vt 0.800790 0.491814
vt 0.800338 0.491895
vt 0.801030 0.458190
vt 0.800751 0.410756
vt 0.801047 0.482640
vt 0.801062 0.491730
vt 0.801069 0.493130
vt 0.800557 0.493275
vt 0.800322 0.410796
vt 0.394967 0.516972
vt 0.447792 0.516962
vt 0.447792 0.517489
vt 0.395040 0.517498
vt 0.500618 0.516972
vt 0.500544 0.517498
vt 0.447792 0.517758
vt 0.395077 0.517766
vt 0.500507 0.517766
vt 0.839082 0.382613
vt 0.839316 0.382646
vt 0.839082 0.435328
vt 0.839316 0.488010
vt 0.839316 0.435328
vt 0.839622 0.435328
vt 0.839622 0.487997
vt 0.839622 0.382659
vt 0.840244 0.435328
vt 0.840244 0.487987
vt 0.840244 0.382670
vt 0.839082 0.488043
vt 0.813293 0.793343
vt 0.813294 0.707611
vt 0.813915 0.707611
vt 0.813915 0.793366
vt 0.813293 0.621878
vt 0.813915 0.621855
vt 0.814357 0.707610
vt 0.814220 0.793393
vt 0.814220 0.621828
vt 0.593262 0.839770
vt 0.593158 0.753921
vt 0.593433 0.753922
vt 0.593263 0.668074
vt 0.593652 0.839985
vt 0.593653 0.667859
vt 0.814449 0.793459
vt 0.814449 0.621762
vt 0.500615 0.990873
vt 0.447789 0.990883
vt 0.447789 0.990355
vt 0.500541 0.990346
vt 0.394963 0.990873
vt 0.395036 0.990346
vt 0.447789 0.990085
vt 0.500503 0.990077
vt 0.395074 0.990077
vt 0.850647 0.197824
vt 0.850415 0.197791
vt 0.850647 0.145109
vt 0.850415 0.145109
vt 0.850647 0.092394
vt 0.850415 0.092428
vt 0.850109 0.145109
vt 0.850109 0.092440
vt 0.850109 0.197778
vt 0.849488 0.145109
vt 0.849488 0.092451
vt 0.849488 0.197768
vt 0.301928 0.839985
vt 0.301918 0.753922
vt 0.302308 0.753922
vt 0.302158 0.839843
vt 0.301930 0.667859
vt 0.302319 0.668074
vt 0.302431 0.839733
vt 0.814449 0.321719
vt 0.814449 0.392874
vt 0.814220 0.321652
vt 0.814449 0.235871
vt 0.814220 0.235870
vt 0.814357 0.150059
vt 0.813915 0.235870
vt 0.813914 0.150115
vt 0.813914 0.321625
vt 0.813293 0.235870
vt 0.813293 0.150138
vt 0.813293 0.321602
vt 0.825376 0.752742
vt 0.825144 0.698535
vt 0.825550 0.698535
vt 0.825552 0.644365
vt 0.825687 0.752670
vt 0.825148 0.752786
vt 0.825148 0.644284
vt 0.501961 0.507980
vt 0.501895 0.508263
vt 0.447791 0.507965
vt 0.447792 0.508243
vt 0.393656 0.508119
vt 0.393725 0.508438
vt 0.447792 0.508719
vt 0.393778 0.508744
vt 0.501807 0.508744
vt 0.447792 0.509273
vt 0.393865 0.509298
vt 0.501720 0.509298
vt 0.596183 0.842240
vt 0.596189 0.753922
vt 0.596435 0.842477
vt 0.596184 0.665605
vt 0.596437 0.665367
vt 0.596783 0.753922
vt 0.596776 0.842813
vt 0.596778 0.665030
vt 0.597052 0.753921
vt 0.597175 0.843234
vt 0.597045 0.664739
vt 0.802644 0.335837
vt 0.802642 0.246655
vt 0.802470 0.157341
vt 0.802881 0.157764
vt 0.447788 0.999877
vt 0.393580 1.000000
vt 0.393685 0.999580
vt 0.839089 0.676217
vt 0.839082 0.730387
vt 0.839247 0.784594
vt 0.447788 0.999600
vt 0.501957 0.999862
vt 0.501892 0.999580
vt 0.447789 0.999125
vt 0.501803 0.999100
vt 0.393774 0.999100
vt 0.447789 0.998572
vt 0.501716 0.998546
vt 0.393861 0.998546
vt 0.802471 0.829292
vt 0.802643 0.739977
vt 0.802471 0.650664
vt 0.802880 0.739977
vt 0.802778 0.829017
vt 0.802778 0.650937
vt 0.298667 0.664881
vt 0.298666 0.842961
vt 0.298955 0.842659
vt 0.298797 0.753922
vt 0.299140 0.753922
vt 0.299144 0.842477
vt 0.298956 0.665185
vt 0.299145 0.665367
vt 0.299397 0.842240
vt 0.299398 0.665605
vt 0.321380 0.511749
vt 0.321900 0.513309
vt 0.307309 0.513450
vt 0.306746 0.511915
vt 0.322415 0.514862
vt 0.307868 0.514975
vt 0.301852 0.513637
vt 0.301287 0.512136
vt 0.302413 0.515125
vt 0.301518 0.515316
vt 0.300973 0.513876
vt 0.300425 0.512417
vt 0.300345 0.514006
vt 0.300876 0.515406
vt 0.300800 0.524413
vt 0.300282 0.523112
vt 0.301404 0.516783
vt 0.301314 0.525686
vt 0.300742 0.548319
vt 0.300234 0.547190
vt 0.301247 0.549418
vt 0.573170 0.514862
vt 0.573685 0.513309
vt 0.588276 0.513450
vt 0.587717 0.514975
vt 0.574205 0.511749
vt 0.588839 0.511915
vt 0.593733 0.513637
vt 0.593172 0.515125
vt 0.594298 0.512136
vt 0.595160 0.512417
vt 0.594612 0.513876
vt 0.594067 0.515316
vt 0.594181 0.516783
vt 0.594709 0.515406
vt 0.594785 0.524413
vt 0.594270 0.525686
vt 0.595240 0.514006
vt 0.595303 0.523112
vt 0.594842 0.548319
vt 0.594337 0.549418
vt 0.595350 0.547190
vt 0.594334 0.958427
vt 0.594839 0.959526
vt 0.594782 0.983432
vt 0.594267 0.982159
vt 0.595347 0.960655
vt 0.595300 0.984733
vt 0.594705 0.992439
vt 0.594177 0.991062
vt 0.595237 0.993839
vt 0.595156 0.995428
vt 0.594608 0.993969
vt 0.594064 0.992528
vt 0.593168 0.992720
vt 0.593729 0.994208
vt 0.588272 0.994395
vt 0.587713 0.992870
vt 0.594294 0.995709
vt 0.588835 0.995930
vt 0.573681 0.994536
vt 0.573166 0.992983
vt 0.574201 0.996095
vt 0.322412 0.992983
vt 0.321896 0.994536
vt 0.307306 0.994395
vt 0.307864 0.992870
vt 0.321377 0.996095
vt 0.306742 0.995930
vt 0.301849 0.994208
vt 0.302410 0.992720
vt 0.301283 0.995709
vt 0.300421 0.995427
vt 0.300970 0.993969
vt 0.301514 0.992528
vt 0.301400 0.991062
vt 0.300873 0.992439
vt 0.300796 0.983432
vt 0.301311 0.982159
vt 0.300341 0.993839
vt 0.300278 0.984733
vt 0.300739 0.959526
vt 0.301244 0.958427
vt 0.300231 0.960655
vt 0.849500 0.487986
vt 0.849500 0.435328
vt 0.850118 0.435328
vt 0.850119 0.487997
vt 0.849500 0.382670
vt 0.850119 0.382659
vt 0.850420 0.435328
vt 0.850420 0.488010
vt 0.850420 0.382646
vt 0.096627 0.518019
vt 0.096594 0.517798
vt 0.149308 0.518022
vt 0.149309 0.517801
vt 0.201990 0.518040
vt 0.202024 0.517819
vt 0.245667 0.518071
vt 0.149309 0.517531
vt 0.202061 0.517550
vt 0.096557 0.517529
vt 0.149309 0.517003
vt 0.202135 0.517024
vt 0.096483 0.517003
vt 0.003385 0.839999
vt 0.003391 0.753936
vt 0.003774 0.839785
vt 0.003418 0.667873
vt 0.003648 0.668015
vt 0.003895 0.753936
vt 0.003921 0.668125
vt 0.803110 0.793393
vt 0.802975 0.707610
vt 0.803413 0.707610
vt 0.803413 0.793366
vt 0.802975 0.621798
vt 0.803413 0.621855
vt 0.804033 0.707611
vt 0.804033 0.793343
vt 0.804033 0.621878
vt 0.802886 0.793459
vt 0.840229 0.092451
vt 0.840229 0.145109
vt 0.839610 0.145109
vt 0.839610 0.092440
vt 0.840229 0.197768
vt 0.839610 0.197778
vt 0.839308 0.145109
vt 0.839308 0.092427
vt 0.839308 0.197791
vt 0.839087 0.197824
vt 0.839088 0.145109
vt 0.839087 0.092394
vt 0.096502 0.990111
vt 0.149217 0.990130
vt 0.149217 0.990399
vt 0.096465 0.990380
vt 0.201932 0.990132
vt 0.201969 0.990401
vt 0.149217 0.990927
vt 0.096391 0.990906
vt 0.202043 0.990927
vt 0.804033 0.150138
vt 0.804033 0.235870
vt 0.803413 0.235871
vt 0.803413 0.150116
vt 0.804033 0.321603
vt 0.803413 0.321626
vt 0.803110 0.235871
vt 0.802976 0.150059
vt 0.802976 0.321683
vt 0.802887 0.235871
vt 0.294878 0.839915
vt 0.294745 0.753994
vt 0.295135 0.753994
vt 0.294911 0.668073
vt 0.295108 0.840057
vt 0.295142 0.667931
vt 0.294604 0.839806
vt 0.294638 0.668183
vt 0.203238 0.509351
vt 0.149311 0.509314
vt 0.149311 0.508761
vt 0.203325 0.508797
vt 0.095383 0.509329
vt 0.095296 0.508775
vt 0.149311 0.508458
vt 0.203414 0.508317
vt 0.095207 0.508295
vt 0.149310 0.508145
vt 0.814580 0.752704
vt 0.814453 0.698534
vt 0.814580 0.644365
vt 0.203480 0.508035
vt 0.095141 0.508013
vt 0.814449 0.797548
vt 0.791840 0.157341
vt 0.791672 0.246655
vt 0.791540 0.157616
vt 0.000122 0.842976
vt 0.000000 0.753936
vt 0.000270 0.753936
vt 0.000025 0.664754
vt 0.000293 0.665044
vt 0.791670 0.335838
vt 0.000410 0.842673
vt 0.000612 0.753935
vt 0.000600 0.842490
vt 0.000635 0.665380
vt 0.000853 0.842253
vt 0.000887 0.665618
vt 0.095288 0.998579
vt 0.149215 0.998615
vt 0.149215 0.999169
vt 0.095201 0.999134
vt 0.203143 0.998601
vt 0.203230 0.999155
vt 0.149215 0.999472
vt 0.095147 0.999439
vt 0.203283 0.999461
vt 0.850185 0.676253
vt 0.850174 0.730388
vt 0.850165 0.784524
vt 0.849891 0.676181
vt 0.849872 0.784596
vt 0.095079 0.999758
vt 0.149215 0.999787
vt 0.203350 0.999780
vt 0.850195 0.631375
vt 0.297639 0.842312
vt 0.297661 0.753995
vt 0.298104 0.753995
vt 0.297891 0.842550
vt 0.297673 0.665677
vt 0.297926 0.665440
vt 0.298232 0.842887
vt 0.298267 0.665103
vt 0.298524 0.753996
vt 0.298499 0.843178
vt 0.298666 0.664682
vt 0.791670 0.829160
vt 0.791672 0.739977
vt 0.791841 0.650663
vt 0.296862 0.547261
vt 0.296353 0.548390
vt 0.296301 0.524484
vt 0.296819 0.523183
vt 0.295848 0.549489
vt 0.295786 0.525756
vt 0.296226 0.515477
vt 0.296758 0.514076
vt 0.295698 0.516853
vt 0.295584 0.515387
vt 0.296129 0.513947
vt 0.296678 0.512488
vt 0.295816 0.512206
vt 0.295250 0.513708
vt 0.289793 0.513519
vt 0.290357 0.511984
vt 0.294689 0.515196
vt 0.289234 0.515044
vt 0.275203 0.513376
vt 0.275723 0.511816
vt 0.274687 0.514928
vt 0.002758 0.549431
vt 0.002253 0.548331
vt 0.002315 0.524425
vt 0.002830 0.525698
vt 0.001745 0.547202
vt 0.001797 0.523124
vt 0.002393 0.515418
vt 0.002921 0.516795
vt 0.001862 0.514018
vt 0.001943 0.512429
vt 0.002491 0.513888
vt 0.003035 0.515329
vt 0.003930 0.515138
vt 0.003370 0.513650
vt 0.008827 0.513463
vt 0.009385 0.514988
vt 0.002805 0.512148
vt 0.008264 0.511928
vt 0.023418 0.513325
vt 0.023933 0.514878
vt 0.022898 0.511766
vt 0.023839 0.993001
vt 0.023324 0.994554
vt 0.008733 0.994411
vt 0.009292 0.992886
vt 0.022804 0.996114
vt 0.008169 0.995945
vt 0.003276 0.994222
vt 0.003837 0.992734
vt 0.002711 0.995723
vt 0.001849 0.995442
vt 0.002397 0.993983
vt 0.002942 0.992543
vt 0.002828 0.991076
vt 0.002300 0.992453
vt 0.002226 0.983446
vt 0.002741 0.982173
vt 0.001769 0.993853
vt 0.001707 0.984747
vt 0.002173 0.959540
vt 0.002678 0.958441
vt 0.001665 0.960669
vt 0.295768 0.958499
vt 0.296273 0.959598
vt 0.296211 0.983504
vt 0.295697 0.982232
vt 0.296781 0.960728
vt 0.296729 0.984805
vt 0.296133 0.992511
vt 0.295605 0.991135
vt 0.296664 0.993912
vt 0.296584 0.995500
vt 0.296036 0.994041
vt 0.295491 0.992601
vt 0.294596 0.992792
vt 0.295157 0.994280
vt 0.289700 0.994466
vt 0.289141 0.992941
vt 0.295722 0.995782
vt 0.290263 0.996002
vt 0.275109 0.994604
vt 0.274594 0.993051
vt 0.275628 0.996164
vt 0.792955 0.035217
vt 0.792631 0.035354
vt 0.792614 0.010932
vt 0.792938 0.010781
vt 0.792317 0.035528
vt 0.792300 0.011118
vt 0.792600 0.001853
vt 0.792925 0.001698
vt 0.792287 0.002038
vt 0.792282 0.000632
vt 0.792596 0.000454
vt 0.792921 0.000301
vt 0.848830 0.581630
vt 0.849152 0.581771
vt 0.849139 0.587322
vt 0.848818 0.587187
vt 0.849462 0.581920
vt 0.849450 0.587464
vt 0.849120 0.602174
vt 0.848800 0.602054
vt 0.849431 0.602301
vt 0.848833 0.580737
vt 0.849155 0.580880
vt 0.849464 0.581031
vt 0.849734 0.581175
vt 0.801340 0.951415
vt 0.801668 0.951279
vt 0.801688 0.975701
vt 0.801359 0.975852
vt 0.801987 0.951105
vt 0.802006 0.975515
vt 0.801704 0.984780
vt 0.801375 0.984935
vt 0.802022 0.984595
vt 0.802029 0.986001
vt 0.801711 0.986179
vt 0.801382 0.986332
vt 0.840333 0.879145
vt 0.840001 0.879004
vt 0.840020 0.873454
vt 0.840351 0.873588
vt 0.839679 0.878855
vt 0.839698 0.873311
vt 0.840044 0.858602
vt 0.840374 0.858721
vt 0.839721 0.858474
vt 0.840323 0.880038
vt 0.839991 0.879895
vt 0.839669 0.879744
vt 0.792957 0.528541
vt 0.792633 0.528678
vt 0.792615 0.504255
vt 0.792940 0.504104
vt 0.792318 0.528851
vt 0.792301 0.504441
vt 0.792601 0.495175
vt 0.792926 0.495021
vt 0.792287 0.495360
vt 0.792283 0.493954
vt 0.792597 0.493777
vt 0.792922 0.493624
vt 0.815829 0.847293
vt 0.815506 0.847152
vt 0.815519 0.841602
vt 0.815842 0.841736
vt 0.815195 0.847003
vt 0.815207 0.841459
vt 0.815536 0.826750
vt 0.815858 0.826869
vt 0.815223 0.826622
vt 0.815826 0.848186
vt 0.815503 0.848043
vt 0.815192 0.847892
vt 0.814920 0.847747
vt 0.801338 0.458089
vt 0.801667 0.457953
vt 0.801686 0.482376
vt 0.801357 0.482526
vt 0.801986 0.457780
vt 0.802005 0.482190
vt 0.801702 0.491455
vt 0.801373 0.491609
vt 0.802021 0.491271
vt 0.802028 0.492678
vt 0.801710 0.492855
vt 0.801381 0.493007
vt 0.824276 0.549777
vt 0.824607 0.549918
vt 0.824589 0.555468
vt 0.824259 0.555334
vt 0.824927 0.550067
vt 0.824910 0.555611
vt 0.824569 0.570320
vt 0.824240 0.570201
vt 0.824890 0.570447
vt 0.824284 0.548883
vt 0.824616 0.549027
vt 0.824936 0.549178
vt 0.824873 0.599215
vt 0.824551 0.599117
vt 0.824222 0.599025
vt 0.810587 0.033763
vt 0.808661 0.033771
vt 0.808660 0.010412
vt 0.810586 0.010403
vt 0.806735 0.033763
vt 0.806734 0.010404
vt 0.808659 0.001731
vt 0.810585 0.001722
vt 0.806733 0.001722
vt 0.806732 0.000391
vt 0.808658 0.000398
vt 0.810584 0.000390
vt 0.846778 0.289059
vt 0.844852 0.289054
vt 0.844854 0.283677
vt 0.846779 0.283682
vt 0.842927 0.289059
vt 0.842928 0.283682
vt 0.844855 0.269290
vt 0.846781 0.269294
vt 0.842930 0.269294
vt 0.846775 0.289920
vt 0.844850 0.289915
vt 0.842924 0.289920
vt 0.806736 0.909719
vt 0.808661 0.909711
vt 0.808661 0.933070
vt 0.806735 0.933078
vt 0.810587 0.909719
vt 0.810587 0.933078
vt 0.808660 0.941751
vt 0.806734 0.941759
vt 0.810586 0.941759
vt 0.810584 0.943091
vt 0.808658 0.943083
vt 0.806732 0.943091
vt 0.842927 0.001160
vt 0.844852 0.001165
vt 0.844854 0.006542
vt 0.842928 0.006537
vt 0.846778 0.001160
vt 0.846779 0.006537
vt 0.844855 0.020929
vt 0.842930 0.020925
vt 0.846781 0.020925
vt 0.842924 0.000299
vt 0.844850 0.000304
vt 0.846775 0.000299
vt 0.810587 0.505503
vt 0.808661 0.505511
vt 0.808661 0.482152
vt 0.810587 0.482144
vt 0.806735 0.505503
vt 0.806735 0.482144
vt 0.808660 0.473471
vt 0.810586 0.473463
vt 0.806734 0.473463
vt 0.806732 0.472132
vt 0.808658 0.472140
vt 0.810584 0.472132
vt 0.842956 0.291379
vt 0.844881 0.291384
vt 0.844878 0.296760
vt 0.842953 0.296756
vt 0.846806 0.291379
vt 0.846803 0.296756
vt 0.844877 0.311147
vt 0.842951 0.311143
vt 0.846801 0.311143
vt 0.842959 0.290518
vt 0.844884 0.290523
vt 0.846809 0.290517
vt 0.806735 0.437977
vt 0.808661 0.437969
vt 0.808660 0.461327
vt 0.806734 0.461336
vt 0.810587 0.437977
vt 0.810586 0.461336
vt 0.808659 0.470008
vt 0.806733 0.470017
vt 0.810585 0.470016
vt 0.810584 0.471348
vt 0.808658 0.471340
vt 0.806732 0.471348
vt 0.846806 0.579278
vt 0.844881 0.579273
vt 0.844878 0.573896
vt 0.846803 0.573901
vt 0.842956 0.579278
vt 0.842953 0.573901
vt 0.844877 0.559509
vt 0.846801 0.559513
vt 0.842951 0.559513
vt 0.846809 0.580139
vt 0.844884 0.580133
vt 0.842959 0.580139
vt 0.801986 0.035528
vt 0.801667 0.035354
vt 0.801686 0.010931
vt 0.802005 0.011118
vt 0.801339 0.035217
vt 0.801357 0.010780
vt 0.801702 0.001852
vt 0.802021 0.002038
vt 0.801373 0.001698
vt 0.801381 0.000301
vt 0.801710 0.000454
vt 0.802028 0.000632
vt 0.839732 0.581919
vt 0.840054 0.581770
vt 0.840071 0.587320
vt 0.839749 0.587462
vt 0.840386 0.581629
vt 0.840402 0.587186
vt 0.840089 0.602172
vt 0.839767 0.602299
vt 0.840420 0.602053
vt 0.839723 0.581029
vt 0.840044 0.580879
vt 0.840377 0.580735
vt 0.798936 0.035214
vt 0.798609 0.035329
vt 0.798591 0.010907
vt 0.798920 0.010777
vt 0.798284 0.035443
vt 0.798267 0.011035
vt 0.798578 0.001831
vt 0.798906 0.001695
vt 0.798254 0.001966
vt 0.798249 0.000573
vt 0.798573 0.000437
vt 0.798902 0.000298
vt 0.842852 0.581628
vt 0.843178 0.581764
vt 0.843165 0.587314
vt 0.842839 0.587185
vt 0.843499 0.581898
vt 0.843486 0.587442
vt 0.843146 0.602167
vt 0.842821 0.602053
vt 0.843468 0.602281
vt 0.842854 0.580735
vt 0.843180 0.580873
vt 0.843502 0.581009
vt 0.796018 0.035443
vt 0.795689 0.035329
vt 0.795708 0.010907
vt 0.796037 0.011035
vt 0.795357 0.035214
vt 0.795376 0.010777
vt 0.795725 0.001831
vt 0.796053 0.001966
vt 0.795392 0.001695
vt 0.795399 0.000299
vt 0.795732 0.000437
vt 0.796061 0.000573
vt 0.845699 0.581899
vt 0.846029 0.581765
vt 0.846046 0.587315
vt 0.845715 0.587443
vt 0.846365 0.581629
vt 0.846381 0.587186
vt 0.846064 0.602168
vt 0.845732 0.602281
vt 0.846399 0.602053
vt 0.845689 0.581009
vt 0.846020 0.580873
vt 0.846355 0.580736
vt 0.792318 0.951105
vt 0.792633 0.951278
vt 0.792615 0.975701
vt 0.792301 0.975515
vt 0.792957 0.951415
vt 0.792940 0.975852
vt 0.792601 0.984780
vt 0.792287 0.984595
vt 0.792926 0.984935
vt 0.792922 0.986332
vt 0.792597 0.986179
vt 0.792283 0.986001
vt 0.849409 0.878856
vt 0.849099 0.879005
vt 0.849088 0.873455
vt 0.849399 0.873313
vt 0.848777 0.879147
vt 0.848767 0.873590
vt 0.849074 0.858603
vt 0.849386 0.858476
vt 0.848754 0.858723
vt 0.849681 0.879601
vt 0.849411 0.879745
vt 0.849101 0.879896
vt 0.848780 0.880040
vt 0.795359 0.951418
vt 0.795690 0.951303
vt 0.795710 0.975726
vt 0.795378 0.975855
vt 0.796020 0.951190
vt 0.796038 0.975598
vt 0.795726 0.984802
vt 0.795393 0.984937
vt 0.796054 0.984667
vt 0.796061 0.986060
vt 0.795734 0.986196
vt 0.795401 0.986334
vt 0.846312 0.879147
vt 0.845976 0.879011
vt 0.845995 0.873461
vt 0.846330 0.873590
vt 0.845646 0.878877
vt 0.845664 0.873333
vt 0.846019 0.858608
vt 0.846353 0.858723
vt 0.845687 0.858494
vt 0.846302 0.880040
vt 0.845967 0.879902
vt 0.845636 0.879766
vt 0.798285 0.951190
vt 0.798611 0.951304
vt 0.798593 0.975726
vt 0.798268 0.975598
vt 0.798938 0.951418
vt 0.798921 0.975855
vt 0.798579 0.984802
vt 0.798255 0.984667
vt 0.798908 0.984938
vt 0.798903 0.986334
vt 0.798574 0.986196
vt 0.798250 0.986060
vt 0.843446 0.878877
vt 0.843125 0.879011
vt 0.843114 0.873460
vt 0.843435 0.873332
vt 0.842799 0.879146
vt 0.842788 0.873590
vt 0.843100 0.858608
vt 0.843422 0.858494
vt 0.842775 0.858722
vt 0.843448 0.879766
vt 0.843127 0.879902
vt 0.842801 0.880040
vt 0.801987 0.528851
vt 0.801668 0.528678
vt 0.801688 0.504255
vt 0.802006 0.504441
vt 0.801340 0.528542
vt 0.801359 0.504105
vt 0.801704 0.495176
vt 0.802022 0.495360
vt 0.801375 0.495022
vt 0.801382 0.493624
vt 0.801711 0.493777
vt 0.802029 0.493954
vt 0.824927 0.847003
vt 0.824607 0.847152
vt 0.824589 0.841602
vt 0.824910 0.841459
vt 0.824276 0.847293
vt 0.824259 0.841736
vt 0.824569 0.826750
vt 0.824890 0.826623
vt 0.824240 0.826869
vt 0.824936 0.847892
vt 0.824616 0.848043
vt 0.824284 0.848186
vt 0.824222 0.798045
vt 0.824551 0.797953
vt 0.824873 0.797855
vt 0.798938 0.528538
vt 0.798611 0.528653
vt 0.798593 0.504230
vt 0.798921 0.504101
vt 0.798285 0.528766
vt 0.798268 0.504358
vt 0.798579 0.495154
vt 0.798908 0.495019
vt 0.798255 0.495288
vt 0.798250 0.493895
vt 0.798574 0.493759
vt 0.798903 0.493622
vt 0.821810 0.847294
vt 0.821482 0.847158
vt 0.821495 0.841608
vt 0.821822 0.841737
vt 0.821160 0.847024
vt 0.821172 0.841480
vt 0.821512 0.826755
vt 0.821838 0.826870
vt 0.821188 0.826641
vt 0.821806 0.848187
vt 0.821479 0.848049
vt 0.821157 0.847913
vt 0.796020 0.528766
vt 0.795690 0.528653
vt 0.795710 0.504230
vt 0.796038 0.504358
vt 0.795359 0.528538
vt 0.795378 0.504101
vt 0.795726 0.495154
vt 0.796054 0.495288
vt 0.795393 0.495019
vt 0.795401 0.493622
vt 0.795734 0.493759
vt 0.796061 0.493895
vt 0.818960 0.847024
vt 0.818630 0.847158
vt 0.818613 0.841608
vt 0.818943 0.841480
vt 0.818296 0.847294
vt 0.818279 0.841737
vt 0.818593 0.826755
vt 0.818923 0.826641
vt 0.818260 0.826870
vt 0.818968 0.847913
vt 0.818639 0.848049
vt 0.818304 0.848187
vt 0.792317 0.457781
vt 0.792631 0.457953
vt 0.792614 0.482376
vt 0.792300 0.482191
vt 0.792955 0.458090
vt 0.792938 0.482527
vt 0.792600 0.491456
vt 0.792286 0.491271
vt 0.792925 0.491610
vt 0.792921 0.493008
vt 0.792596 0.492855
vt 0.792282 0.492678
vt 0.815195 0.550067
vt 0.815506 0.549918
vt 0.815519 0.555468
vt 0.815207 0.555610
vt 0.815829 0.549777
vt 0.815842 0.555334
vt 0.815536 0.570320
vt 0.815223 0.570447
vt 0.815858 0.570201
vt 0.814920 0.549322
vt 0.815192 0.549177
vt 0.815503 0.549027
vt 0.815826 0.548883
vt 0.795357 0.458093
vt 0.795689 0.457978
vt 0.795708 0.482401
vt 0.795376 0.482530
vt 0.796018 0.457865
vt 0.796037 0.482273
vt 0.795725 0.491477
vt 0.795392 0.491612
vt 0.796053 0.491343
vt 0.796061 0.492736
vt 0.795732 0.492872
vt 0.795399 0.493010
vt 0.818296 0.549776
vt 0.818630 0.549912
vt 0.818613 0.555462
vt 0.818279 0.555333
vt 0.818960 0.550046
vt 0.818943 0.555590
vt 0.818593 0.570315
vt 0.818259 0.570200
vt 0.818923 0.570428
vt 0.818304 0.548883
vt 0.818639 0.549020
vt 0.818968 0.549156
vt 0.798284 0.457865
vt 0.798609 0.457978
vt 0.798591 0.482401
vt 0.798267 0.482273
vt 0.798936 0.458092
vt 0.798919 0.482530
vt 0.798578 0.491477
vt 0.798254 0.491343
vt 0.798906 0.491612
vt 0.798902 0.493009
vt 0.798573 0.492872
vt 0.798249 0.492736
vt 0.821160 0.550046
vt 0.821482 0.549912
vt 0.821495 0.555462
vt 0.821172 0.555590
vt 0.821809 0.549776
vt 0.821822 0.555333
vt 0.821512 0.570315
vt 0.821188 0.570428
vt 0.821838 0.570200
vt 0.821157 0.549156
vt 0.821479 0.549020
vt 0.821806 0.548883
vt 0.799523 0.336382
vt 0.799526 0.246652
vt 0.799946 0.246652
vt 0.799945 0.336402
vt 0.799523 0.156923
vt 0.799945 0.156901
vt 0.800319 0.336402
vt 0.800318 0.246652
vt 0.800743 0.336382
vt 0.800319 0.156901
vt 0.800743 0.156923
vt 0.800740 0.246652
vt 0.796555 0.336156
vt 0.796774 0.246655
vt 0.797154 0.246655
vt 0.797155 0.336136
vt 0.796776 0.157167
vt 0.797155 0.157174
vt 0.797533 0.246655
vt 0.797751 0.336156
vt 0.797532 0.157167
vt 0.793542 0.336382
vt 0.793544 0.246653
vt 0.793964 0.246652
vt 0.793963 0.336403
vt 0.793542 0.156923
vt 0.793963 0.156902
vt 0.794337 0.336403
vt 0.794336 0.246652
vt 0.794758 0.246652
vt 0.794761 0.336382
vt 0.794337 0.156902
vt 0.794761 0.156923
vt 0.799526 0.829709
vt 0.799528 0.739979
vt 0.800134 0.739979
vt 0.799948 0.829730
vt 0.799526 0.650249
vt 0.800134 0.650227
vt 0.800321 0.829730
vt 0.800519 0.739979
vt 0.800521 0.650234
vt 0.800745 0.829709
vt 0.796556 0.829479
vt 0.796553 0.739978
vt 0.796972 0.739978
vt 0.796973 0.829460
vt 0.796556 0.650476
vt 0.796973 0.650495
vt 0.797338 0.829460
vt 0.797339 0.739978
vt 0.797752 0.829479
vt 0.797338 0.650495
vt 0.797752 0.650476
vt 0.797755 0.739978
vt 0.793544 0.829709
vt 0.793546 0.739979
vt 0.793966 0.739979
vt 0.793767 0.650234
vt 0.793966 0.829730
vt 0.794152 0.650227
vt 0.794338 0.739979
vt 0.794539 0.650234
vt 0.794339 0.829730
vt 0.794761 0.739979
vt 0.794763 0.829709
vt 0.822646 0.698535
vt 0.822422 0.644062
vt 0.823029 0.644040
vt 0.822644 0.753023
vt 0.823029 0.698535
vt 0.823029 0.753031
vt 0.823414 0.698535
vt 0.823416 0.753023
vt 0.823416 0.644047
vt 0.823904 0.644089
vt 0.823901 0.698535
vt 0.823904 0.752982
vt 0.819461 0.752780
vt 0.819681 0.698535
vt 0.819879 0.752760
vt 0.819461 0.644290
vt 0.819879 0.644309
vt 0.820062 0.698535
vt 0.820244 0.752760
vt 0.820440 0.698535
vt 0.820657 0.752780
vt 0.820438 0.644304
vt 0.816664 0.753023
vt 0.816665 0.698535
vt 0.817048 0.698535
vt 0.817048 0.753031
vt 0.816664 0.644047
vt 0.817048 0.644040
vt 0.817433 0.698535
vt 0.817435 0.753023
vt 0.817435 0.644047
vt 0.842227 0.675914
vt 0.842215 0.730387
vt 0.841797 0.730387
vt 0.841807 0.675893
vt 0.842207 0.784861
vt 0.841787 0.784882
vt 0.841434 0.675893
vt 0.841226 0.730387
vt 0.841008 0.675914
vt 0.841414 0.784881
vt 0.840988 0.784860
vt 0.844958 0.676156
vt 0.844950 0.730388
vt 0.844570 0.730388
vt 0.844579 0.676163
vt 0.845161 0.784633
vt 0.844743 0.784613
vt 0.843973 0.730387
vt 0.844203 0.676156
vt 0.844378 0.784613
vt 0.843965 0.784632
vt 0.848206 0.675915
vt 0.848194 0.730388
vt 0.847776 0.730388
vt 0.847786 0.675894
vt 0.848186 0.784862
vt 0.847766 0.784883
vt 0.847413 0.675894
vt 0.847404 0.730388
vt 0.846987 0.675915
vt 0.846980 0.730388
vt 0.847393 0.784882
vt 0.846967 0.784861
vt 0.824861 0.644233
vt 0.824858 0.698535
vt 0.824536 0.698535
vt 0.824540 0.644179
vt 0.824861 0.752837
vt 0.824540 0.752891
vt 0.824208 0.698535
vt 0.824211 0.644129
vt 0.824211 0.752941
vt 0.831256 0.000286
vt 0.826766 0.000421
vt 0.826765 -0.000000
vt 0.831256 0.000001
vt 0.822276 0.000421
vt 0.822275 0.000001
vt 0.834977 0.000591
vt 0.831256 0.000591
vt 0.834976 0.000286
vt 0.818555 0.000591
vt 0.818555 0.000286
vt 0.818555 0.000000
vt 0.834976 0.000001
vt 0.740841 0.514282
vt 0.740953 0.528796
vt 0.735001 0.578928
vt 0.736619 0.529932
vt 0.742387 0.534197
vt 0.740714 0.578931
vt 0.742387 0.623659
vt 0.740953 0.629005
vt 0.740841 0.643387
vt 0.736619 0.627873
vt 0.733655 0.637136
vt 0.732798 0.625778
vt 0.731677 0.635578
vt 0.732209 0.624935
vt 0.731575 0.634407
vt 0.732149 0.618420
vt 0.731489 0.612674
vt 0.732121 0.578932
vt 0.731489 0.545190
vt 0.732149 0.539443
vt 0.731575 0.523457
vt 0.732209 0.532929
vt 0.731677 0.522286
vt 0.732798 0.532085
vt 0.733655 0.520721
vt 0.745573 0.486062
vt 0.745519 0.487546
vt 0.741175 0.500629
vt 0.745519 0.489029
vt 0.737276 0.508079
vt 0.745516 0.491996
vt 0.743826 0.535051
vt 0.745539 0.490298
vt 0.743057 0.578931
vt 0.745516 0.665870
vt 0.745519 0.667399
vt 0.743826 0.622812
vt 0.745519 0.668836
vt 0.745519 0.670813
vt 0.741175 0.656936
vt 0.745576 0.669917
vt 0.737276 0.649702
vt 0.731993 0.661446
vt 0.731698 0.652962
vt 0.734192 0.653219
vt 0.731283 0.647935
vt 0.730791 0.651018
vt 0.730917 0.646980
vt 0.730388 0.655252
vt 0.730673 0.649652
vt 0.730692 0.650365
vt 0.730849 0.642968
vt 0.730058 0.639354
vt 0.730546 0.611975
vt 0.730554 0.639894
vt 0.730808 0.578932
vt 0.730058 0.518510
vt 0.730554 0.517970
vt 0.730546 0.545889
vt 0.730849 0.514896
vt 0.730388 0.502612
vt 0.730692 0.507499
vt 0.730673 0.508212
vt 0.730917 0.510884
vt 0.730727 0.507087
vt 0.731283 0.509929
vt 0.731993 0.496418
vt 0.734192 0.504635
vt 0.731698 0.504902
vt 0.817208 0.207784
vt 0.818840 0.218997
vt 0.826802 0.278606
vt 0.819016 0.226890
vt 0.817272 0.206397
vt 0.819711 0.218635
vt 0.820522 0.206377
vt 0.826767 0.218630
vt 0.833010 0.206377
vt 0.833824 0.218637
vt 0.836260 0.206405
vt 0.834700 0.219097
vt 0.836345 0.208208
vt 0.834722 0.228703
vt 0.836345 0.239374
vt 0.834722 0.278608
vt 0.836345 0.317843
vt 0.834722 0.328514
vt 0.836345 0.349008
vt 0.834695 0.338120
vt 0.836228 0.350812
vt 0.833567 0.338580
vt 0.832186 0.350840
vt 0.826767 0.338587
vt 0.821345 0.350840
vt 0.819968 0.338580
vt 0.817304 0.350812
vt 0.818845 0.338156
vt 0.817208 0.349227
vt 0.819016 0.330264
vt 0.817971 0.323496
vt 0.819934 0.278606
vt 0.817971 0.233712
vt 0.814512 0.185739
vt 0.814449 0.187222
vt 0.814449 0.188706
vt 0.820607 0.185739
vt 0.826765 0.185739
vt 0.839082 0.185862
vt 0.832924 0.185739
vt 0.839082 0.186728
vt 0.839082 0.188077
vt 0.839082 0.186156
vt 0.839082 0.192328
vt 0.839082 0.219662
vt 0.839082 0.246511
vt 0.839082 0.202162
vt 0.839082 0.278608
vt 0.839082 0.337554
vt 0.839082 0.355204
vt 0.839082 0.310496
vt 0.839082 0.365107
vt 0.839082 0.370489
vt 0.839082 0.371061
vt 0.839082 0.369357
vt 0.839082 0.371354
vt 0.838568 0.371478
vt 0.834976 0.371478
vt 0.831256 0.371478
vt 0.837350 0.371478
vt 0.826765 0.371478
vt 0.818555 0.371478
vt 0.816181 0.371478
vt 0.822275 0.371478
vt 0.814962 0.371478
vt 0.814513 0.371478
vt 0.814449 0.370489
vt 0.814449 0.369594
vt 0.814449 0.371061
vt 0.814449 0.368512
vt 0.814513 0.365547
vt 0.816327 0.322486
vt 0.814449 0.367075
vt 0.817181 0.278604
vt 0.814515 0.191673
vt 0.814449 0.189975
vt 0.816327 0.234725
vt 0.745576 0.667755
vt 0.814449 0.548576
vt 0.814598 0.547053
vt 0.814818 0.545953
vt 0.745519 0.664750
vt 0.745576 0.666287
vt 0.745576 0.666859
vt 0.855743 0.949250
vt 0.855743 0.955408
vt 0.850190 0.955408
vt 0.850190 0.949250
vt 0.855743 0.961566
vt 0.850190 0.961566
vt 0.844636 0.955408
vt 0.844636 0.949250
vt 0.844636 0.961566
vt 0.861295 0.943092
vt 0.861297 0.949250
vt 0.855743 0.943092
vt 0.861297 0.955408
vt 0.861297 0.961566
vt 0.861241 0.967661
vt 0.855743 0.967724
vt 0.850190 0.967724
vt 0.844588 0.967724
vt 0.839082 0.967724
vt 0.839082 0.961566
vt 0.839082 0.955408
vt 0.839082 0.949250
vt 0.844520 0.943092
vt 0.839082 0.943091
vt 0.850190 0.943092
vt 0.874486 0.007797
vt 0.874485 0.012317
vt 0.871304 0.012316
vt 0.871306 0.007591
vt 0.874484 0.016836
vt 0.871303 0.017042
vt 0.867628 0.012315
vt 0.867630 0.007047
vt 0.867627 0.017584
vt 0.876924 0.004107
vt 0.876923 0.007827
vt 0.874487 0.004063
vt 0.876922 0.012317
vt 0.876921 0.016808
vt 0.876920 0.020528
vt 0.874483 0.020570
vt 0.871302 0.020869
vt 0.867626 0.021766
vt 0.863703 0.024631
vt 0.863703 0.018473
vt 0.863704 0.012315
vt 0.863706 0.006157
vt 0.867631 0.002865
vt 0.863651 0.000061
vt 0.871306 0.003763
vt 0.756321 0.457428
vt 0.756042 0.441515
vt 0.762127 0.393192
vt 0.760556 0.442097
vt 0.754087 0.432265
vt 0.755455 0.393192
vt 0.754086 0.354119
vt 0.756042 0.344869
vt 0.756321 0.328956
vt 0.760556 0.344287
vt 0.763528 0.334989
vt 0.764382 0.346346
vt 0.765506 0.336546
vt 0.764971 0.347189
vt 0.765608 0.337717
vt 0.765031 0.353704
vt 0.765694 0.359450
vt 0.765059 0.393192
vt 0.765694 0.426934
vt 0.765031 0.432681
vt 0.765608 0.448667
vt 0.764971 0.439195
vt 0.765506 0.449838
vt 0.764382 0.440038
vt 0.763528 0.451396
vt 0.751604 0.485073
vt 0.751662 0.483940
vt 0.756006 0.471196
vt 0.751662 0.479690
vt 0.759906 0.463962
vt 0.751662 0.452138
vt 0.751662 0.425080
vt 0.751662 0.469788
vt 0.751662 0.393192
vt 0.751662 0.334246
vt 0.751662 0.316746
vt 0.751662 0.361095
vt 0.751662 0.306911
vt 0.751662 0.301311
vt 0.756006 0.315188
vt 0.751662 0.302660
vt 0.759906 0.322422
vt 0.765191 0.310678
vt 0.765486 0.319162
vt 0.762991 0.318906
vt 0.765901 0.324189
vt 0.766393 0.321106
vt 0.766267 0.325144
vt 0.766796 0.316872
vt 0.766511 0.322472
vt 0.766492 0.321759
vt 0.766335 0.329157
vt 0.767126 0.332771
vt 0.766638 0.360149
vt 0.766630 0.332230
vt 0.766376 0.393192
vt 0.767126 0.453614
vt 0.766630 0.454154
vt 0.766638 0.426235
vt 0.766335 0.457228
vt 0.766796 0.469512
vt 0.766492 0.464626
vt 0.766511 0.463913
vt 0.766267 0.461240
vt 0.766393 0.465278
vt 0.765901 0.462196
vt 0.765191 0.475707
vt 0.762991 0.467479
vt 0.765486 0.467222
vt 0.822275 0.359424
vt 0.826765 0.361772
vt 0.826765 0.364338
vt 0.822275 0.363659
vt 0.831256 0.359423
vt 0.831256 0.363658
vt 0.826765 0.365545
vt 0.822275 0.365546
vt 0.831256 0.365545
vt 0.818555 0.336567
vt 0.822275 0.352868
vt 0.818549 0.355056
vt 0.826765 0.358301
vt 0.831256 0.352867
vt 0.834976 0.336566
vt 0.834982 0.355055
vt 0.834976 0.362526
vt 0.834976 0.365167
vt 0.834976 0.365545
vt 0.818555 0.365169
vt 0.818555 0.365546
vt 0.818555 0.362528
vt 0.830183 0.379606
vt 0.825868 0.374961
vt 0.825972 0.373680
vt 0.830537 0.375540
vt 0.820453 0.372533
vt 0.825866 0.373131
vt 0.830198 0.373892
vt 0.830750 0.403005
vt 0.829332 0.385888
vt 0.833284 0.384690
vt 0.825637 0.376681
vt 0.829317 0.373540
vt 0.833510 0.374510
vt 0.830842 0.373754
vt 0.834022 0.377249
vt 0.863651 0.203386
vt 0.863708 0.208376
vt 0.863651 0.209750
vt 0.863651 0.207510
vt 0.863651 0.211199
vt 0.863651 0.289123
vt 0.863651 0.291362
vt 0.863651 0.291891
vt 0.863651 0.290884
vt 0.863651 0.292812
vt 0.863651 0.292812
vt 0.751604 0.481117
vt 0.751662 0.476127
vt 0.751604 0.480545
vt 0.751662 0.482013
vt 0.751662 0.478098
vt 0.751662 0.480251
vt 0.751662 0.470626
vt 0.855889 0.892319
vt 0.851399 0.892320
vt 0.851399 0.888643
vt 0.855889 0.888643
vt 0.846908 0.892320
vt 0.846908 0.888643
vt 0.851399 0.885463
vt 0.855889 0.885463
vt 0.846908 0.885463
vt 0.859609 0.896243
vt 0.855889 0.896301
vt 0.859609 0.892319
vt 0.851399 0.896244
vt 0.846908 0.896302
vt 0.843188 0.896244
vt 0.843188 0.892320
vt 0.843188 0.888643
vt 0.843188 0.885463
vt 0.843188 0.883026
vt 0.846908 0.883026
vt 0.851399 0.883026
vt 0.855889 0.883026
vt 0.859609 0.885463
vt 0.859609 0.883025
vt 0.859609 0.888643
vt 0.831256 0.002237
vt 0.826766 0.002050
vt 0.831256 0.001811
vt 0.822276 0.002237
vt 0.822276 0.001811
vt 0.826766 0.001545
vt 0.818555 0.002050
vt 0.818555 0.001545
vt 0.818555 0.001274
vt 0.822276 0.001274
vt 0.826766 0.001274
vt 0.831256 0.001274
vt 0.834977 0.001545
vt 0.834977 0.001274
vt 0.834977 0.002050
vt 0.752631 0.669917
vt 0.752631 0.668836
vt 0.757083 0.668836
vt 0.757083 0.669917
vt 0.752631 0.667754
vt 0.757083 0.667754
vt 0.762230 0.668836
vt 0.762230 0.669917
vt 0.762230 0.667754
vt 0.749219 0.670813
vt 0.749219 0.669917
vt 0.752631 0.670813
vt 0.749219 0.668836
vt 0.749219 0.667755
vt 0.749219 0.666859
vt 0.752631 0.666859
vt 0.757083 0.666859
vt 0.762230 0.666858
vt 0.767723 0.666858
vt 0.767723 0.667754
vt 0.767723 0.668836
vt 0.767723 0.669917
vt 0.762230 0.670813
vt 0.767723 0.670813
vt 0.757083 0.670813
vt 0.744547 0.482013
vt 0.744547 0.483094
vt 0.740094 0.483094
vt 0.740094 0.482013
vt 0.744547 0.484176
vt 0.740094 0.484176
vt 0.734946 0.483094
vt 0.734946 0.482013
vt 0.734946 0.484176
vt 0.747960 0.481117
vt 0.747960 0.482013
vt 0.744547 0.481117
vt 0.747960 0.483095
vt 0.747960 0.484176
vt 0.747960 0.485072
vt 0.744547 0.485072
vt 0.740094 0.485072
vt 0.734946 0.485072
vt 0.729452 0.485072
vt 0.729452 0.484176
vt 0.729452 0.483094
vt 0.729452 0.482013
vt 0.734946 0.481116
vt 0.729452 0.481116
vt 0.740094 0.481116
vt 0.854182 0.975486
vt 0.854181 0.979976
vt 0.849727 0.979976
vt 0.849727 0.975486
vt 0.854181 0.984466
vt 0.849727 0.984466
vt 0.844578 0.979976
vt 0.844579 0.975486
vt 0.844578 0.984466
vt 0.857595 0.971765
vt 0.857595 0.975486
vt 0.854182 0.971765
vt 0.857595 0.979976
vt 0.857594 0.984466
vt 0.857594 0.988187
vt 0.854181 0.988187
vt 0.849727 0.988187
vt 0.844578 0.988187
vt 0.839082 0.988187
vt 0.839082 0.984466
vt 0.839082 0.979976
vt 0.839083 0.975486
vt 0.844579 0.971765
vt 0.839083 0.971765
vt 0.849727 0.971765
vt 0.855744 0.924617
vt 0.855743 0.930775
vt 0.850190 0.930775
vt 0.850190 0.924617
vt 0.855743 0.936933
vt 0.850189 0.936933
vt 0.844636 0.930775
vt 0.844636 0.924617
vt 0.844636 0.936933
vt 0.861297 0.918524
vt 0.861297 0.924617
vt 0.855744 0.918459
vt 0.861297 0.930775
vt 0.861300 0.936999
vt 0.861297 0.943091
vt 0.855743 0.943091
vt 0.850189 0.943091
vt 0.844576 0.943091
vt 0.839082 0.943091
vt 0.839082 0.936933
vt 0.839082 0.930775
vt 0.839083 0.924617
vt 0.844637 0.918459
vt 0.839083 0.918459
vt 0.850190 0.918459
vt 0.751070 0.490512
vt 0.751070 0.489029
vt 0.756621 0.489029
vt 0.756621 0.490512
vt 0.751070 0.487545
vt 0.756621 0.487545
vt 0.762172 0.489029
vt 0.762172 0.490512
vt 0.762172 0.487545
vt 0.751070 0.491996
vt 0.751070 0.486062
vt 0.756621 0.486062
vt 0.762220 0.486062
vt 0.767723 0.486062
vt 0.767723 0.487545
vt 0.767723 0.489029
vt 0.767723 0.490512
vt 0.762172 0.491996
vt 0.767723 0.491996
vt 0.756621 0.491996
vt 0.846908 0.903359
vt 0.851398 0.903359
vt 0.851399 0.907814
vt 0.846908 0.907814
vt 0.855889 0.903359
vt 0.855889 0.907814
vt 0.851399 0.912963
vt 0.846908 0.912963
vt 0.855889 0.912963
vt 0.843188 0.899946
vt 0.846908 0.899946
vt 0.843188 0.903360
vt 0.851399 0.899946
vt 0.855889 0.899946
vt 0.859609 0.899946
vt 0.859609 0.903359
vt 0.859609 0.907814
vt 0.859609 0.912963
vt 0.859609 0.918459
vt 0.855889 0.918459
vt 0.851399 0.918459
vt 0.846908 0.918459
vt 0.843188 0.912963
vt 0.843188 0.918459
vt 0.843188 0.907814
vt 0.743788 0.301811
vt 0.744104 0.303289
vt 0.739940 0.303289
vt 0.739843 0.301806
vt 0.743788 0.304767
vt 0.739843 0.304772
vt 0.734927 0.303289
vt 0.734915 0.301805
vt 0.734915 0.304772
vt 0.744258 0.300322
vt 0.746813 0.301865
vt 0.742986 0.300322
vt 0.747343 0.303289
vt 0.746813 0.304713
vt 0.744258 0.306256
vt 0.742986 0.306256
vt 0.739631 0.306256
vt 0.734945 0.306256
vt 0.729452 0.306256
vt 0.729452 0.304772
vt 0.729452 0.303289
vt 0.729452 0.301805
vt 0.734889 0.300322
vt 0.729452 0.300322
vt 0.739853 0.300322
vt 0.831258 0.125838
vt 0.826767 0.125838
vt 0.826767 0.092869
vt 0.831257 0.092869
vt 0.822277 0.125838
vt 0.822277 0.092869
vt 0.826767 0.059900
vt 0.831257 0.059900
vt 0.822276 0.059900
vt 0.834978 0.153155
vt 0.831258 0.153155
vt 0.834978 0.125838
vt 0.826767 0.153155
vt 0.822277 0.153155
vt 0.818557 0.153155
vt 0.818556 0.125838
vt 0.818556 0.092869
vt 0.818556 0.059900
vt 0.818556 0.032583
vt 0.822276 0.032583
vt 0.826766 0.032583
vt 0.831257 0.032583
vt 0.834977 0.059900
vt 0.834977 0.032583
vt 0.834978 0.092869
vt 0.822277 0.185453
vt 0.826767 0.185453
vt 0.826767 0.185739
vt 0.822277 0.185739
vt 0.831257 0.185684
vt 0.831258 0.185317
vt 0.834978 0.185453
vt 0.834978 0.185739
vt 0.818557 0.185453
vt 0.818556 0.185739
vt 0.826766 0.000792
vt 0.822276 0.000792
vt 0.822277 0.184946
vt 0.826768 0.184717
vt 0.826767 0.185148
vt 0.831258 0.184946
vt 0.818557 0.184464
vt 0.822277 0.184464
vt 0.831258 0.184464
vt 0.834978 0.184717
vt 0.834978 0.185148
vt 0.818557 0.185148
vt 0.822277 0.183688
vt 0.826768 0.183688
vt 0.826768 0.184193
vt 0.822277 0.184193
vt 0.831258 0.183688
vt 0.831258 0.184193
vt 0.831258 0.183384
vt 0.834978 0.183688
vt 0.834978 0.184193
vt 0.818557 0.184193
vt 0.818557 0.183688
vt 0.863737 0.188906
vt 0.863747 0.191983
vt 0.863651 0.190598
vt 0.863651 0.196963
vt 0.863651 0.192988
vt 0.863651 0.189995
vt 0.863651 0.293416
vt 0.863651 0.295805
vt 0.863651 0.293894
vt 0.751575 0.302200
vt 0.751565 0.305277
vt 0.751662 0.310257
vt 0.863651 0.302293
vt 0.863651 0.319793
vt 0.863651 0.301306
vt 0.863651 0.320480
vt 0.751662 0.306282
vt 0.751662 0.308286
vt 0.751576 0.305846
vt 0.751662 0.304371
vt 0.865126 0.095604
vt 0.865220 0.094786
vt 0.865817 0.095673
vt 0.865226 0.096442
vt 0.865225 0.094491
vt 0.866017 0.095391
vt 0.866019 0.095995
vt 0.865233 0.096738
vt 0.866306 0.095722
vt 0.866167 0.080738
vt 0.865407 0.083447
vt 0.865206 0.081433
vt 0.863651 0.080396
vt 0.864288 0.093762
vt 0.863802 0.092997
vt 0.863651 0.092730
vt 0.863821 0.097950
vt 0.863651 0.098221
vt 0.864302 0.097282
vt 0.865756 0.095032
vt 0.866038 0.081611
vt 0.865370 0.084352
vt 0.865850 0.082346
vt 0.865373 0.084659
vt 0.863675 0.267164
vt 0.863651 0.266891
vt 0.863675 0.266469
vt 0.863651 0.320755
vt 0.863651 0.321042
vt 0.863651 0.320480
vt 0.863724 0.179146
vt 0.863651 0.178429
vt 0.864094 0.179414
vt 0.863901 0.180000
vt 0.864257 0.179775
vt 0.863651 0.164742
vt 0.864304 0.162304
vt 0.864076 0.164032
vt 0.864304 0.164974
vt 0.863651 0.160562
vt 0.863821 0.159757
vt 0.863875 0.161617
vt 0.863907 0.162304
vt 0.863907 0.159449
vt 0.863651 0.180112
vt 0.864918 0.032584
vt 0.864835 0.033404
vt 0.864226 0.032525
vt 0.864807 0.031748
vt 0.864813 0.033719
vt 0.864030 0.032810
vt 0.864046 0.032108
vt 0.864956 0.031259
vt 0.863651 0.032476
vt 0.861066 0.945962
vt 0.860446 0.944035
vt 0.858708 0.943348
vt 0.865780 0.034416
vt 0.866220 0.035227
vt 0.866431 0.035439
vt 0.866192 0.030222
vt 0.866387 0.029923
vt 0.865720 0.030897
vt 0.864296 0.033165
vt 0.863753 0.226581
vt 0.863651 0.226074
vt 0.863670 0.225633
vt 0.863753 0.223709
vt 0.863651 0.202493
vt 0.863882 0.200566
vt 0.863882 0.201324
vt 0.863882 0.203386
vt 0.749409 0.300550
vt 0.749878 0.300384
vt 0.751122 0.300425
vt 0.750977 0.300680
vt 0.751662 0.300446
vt 0.751662 0.300739
vt 0.746851 0.300384
vt 0.749001 0.301015
vt 0.747651 0.300343
vt 0.747921 0.300325
vt 0.750890 0.301229
vt 0.864591 0.119806
vt 0.864753 0.119194
vt 0.864972 0.119554
vt 0.864572 0.120351
vt 0.865176 0.119150
vt 0.863651 0.245109
vt 0.863871 0.244226
vt 0.863871 0.245307
vt 0.745750 0.491304
vt 0.746369 0.491769
vt 0.748097 0.491996
vt 0.864455 0.119044
vt 0.864298 0.118717
vt 0.864011 0.121466
vt 0.863651 0.122181
vt 0.863673 0.260215
vt 0.863692 0.260908
vt 0.863651 0.260547
vt 0.863692 0.259928
vt 0.836372 0.374531
vt 0.836887 0.374603
vt 0.837999 0.374759
vt 0.866601 0.058237
vt 0.866652 0.057964
vt 0.866976 0.056809
vt 0.866921 0.057161
vt 0.867147 0.056404
vt 0.863882 0.164974
vt 0.863882 0.167721
vt 0.863882 0.170558
vt 0.863651 0.170186
vt 0.833563 0.374136
vt 0.834441 0.374260
vt 0.865896 0.060604
vt 0.865994 0.060276
vt 0.863882 0.172201
vt 0.866080 0.057003
vt 0.865808 0.056205
vt 0.866674 0.056641
vt 0.866519 0.057700
vt 0.865686 0.055934
vt 0.866716 0.056263
vt 0.866240 0.080396
vt 0.863651 0.080205
vt 0.865389 0.079518
vt 0.866008 0.077591
vt 0.864611 0.055849
vt 0.863888 0.055455
vt 0.863651 0.055306
vt 0.866017 0.059926
vt 0.866124 0.059027
vt 0.749409 0.306029
vt 0.750977 0.305898
vt 0.751189 0.306243
vt 0.750100 0.306256
vt 0.749001 0.305563
vt 0.746851 0.306194
vt 0.750890 0.305349
vt 0.747651 0.306235
vt 0.747960 0.306256
vt 0.864440 0.045099
vt 0.865021 0.044996
vt 0.864097 0.045381
vt 0.863651 0.045616
vt 0.863651 0.199585
vt 0.863850 0.199367
vt 0.863850 0.200566
vt 0.861065 0.940221
vt 0.861297 0.942148
vt 0.866179 0.044238
vt 0.866842 0.043620
vt 0.863768 0.197306
vt 0.863840 0.196963
vt 0.864906 0.045811
vt 0.864599 0.046597
vt 0.864219 0.045704
vt 0.864506 0.046923
vt 0.863909 0.046011
vt 0.865090 0.044709
vt 0.858708 0.942835
vt 0.860446 0.942148
vt 0.865282 0.047642
vt 0.865580 0.048409
vt 0.865677 0.048714
vt 0.861983 0.897805
vt 0.861983 0.896706
vt 0.863201 0.896706
vt 0.863201 0.897805
vt 0.861983 0.896301
vt 0.863202 0.896243
vt 0.863651 0.896706
vt 0.863651 0.897805
vt 0.863651 0.896243
vt 0.859609 0.897805
vt 0.861983 0.899946
vt 0.859609 0.896706
vt 0.863202 0.899946
vt 0.863651 0.899946
vt 0.747080 0.671384
vt 0.747078 0.671801
vt 0.745979 0.671801
vt 0.745981 0.671384
vt 0.745516 0.671801
vt 0.745576 0.671384
vt 0.749219 0.671384
vt 0.747080 0.670813
vt 0.749217 0.671801
vt 0.745981 0.670813
vt 0.750100 0.485644
vt 0.751199 0.485644
vt 0.751201 0.486061
vt 0.750102 0.486061
vt 0.751662 0.485644
vt 0.751662 0.485938
vt 0.750100 0.485073
vt 0.747960 0.485644
vt 0.751199 0.485073
vt 0.747960 0.485938
vt 0.840814 0.897806
vt 0.839595 0.897806
vt 0.839595 0.896707
vt 0.840814 0.896707
vt 0.839146 0.897806
vt 0.839146 0.896707
vt 0.839595 0.896244
vt 0.840814 0.896244
vt 0.839082 0.896242
vt 0.840814 0.899946
vt 0.843188 0.897806
vt 0.839595 0.899946
vt 0.839082 0.899945
vt 0.843188 0.896707
vt 0.747080 0.666287
vt 0.745981 0.666287
vt 0.745979 0.665870
vt 0.747078 0.665870
vt 0.747080 0.666859
vt 0.749219 0.666287
vt 0.745981 0.666859
vt 0.749217 0.665870
vt 0.859736 0.969392
vt 0.859736 0.968173
vt 0.860835 0.968173
vt 0.860835 0.969392
vt 0.859736 0.967724
vt 0.860835 0.967724
vt 0.861240 0.968173
vt 0.861298 0.969392
vt 0.861298 0.967724
vt 0.857595 0.969392
vt 0.859735 0.971765
vt 0.857595 0.968173
vt 0.857595 0.967724
vt 0.860835 0.971765
vt 0.861240 0.971765
vt 0.750100 0.480545
vt 0.750100 0.480251
vt 0.751199 0.480128
vt 0.751199 0.480545
vt 0.747960 0.480545
vt 0.750100 0.481117
vt 0.747960 0.480251
vt 0.751199 0.481117
vt 0.859735 0.990560
vt 0.860834 0.990560
vt 0.860834 0.991779
vt 0.859735 0.991779
vt 0.861239 0.990560
vt 0.861239 0.991779
vt 0.860834 0.992292
vt 0.859736 0.992293
vt 0.861298 0.992293
vt 0.859735 0.988187
vt 0.857594 0.990560
vt 0.860834 0.988187
vt 0.861239 0.988187
vt 0.857594 0.991779
vt 0.857596 0.992293
vt 0.729709 0.518589
vt 0.729452 0.501220
vt 0.729712 0.501045
vt 0.729452 0.518646
vt 0.729452 0.492271
vt 0.837350 0.015157
vt 0.837350 0.006208
vt 0.838569 0.006208
vt 0.838569 0.015157
vt 0.837350 0.002911
vt 0.838569 0.002911
vt 0.839018 0.006208
vt 0.839018 0.015157
vt 0.839018 0.002911
vt 0.834977 0.015157
vt 0.837351 0.032583
vt 0.834977 0.006208
vt 0.834977 0.002911
vt 0.834977 0.002415
vt 0.837350 0.002354
vt 0.838569 0.002354
vt 0.839018 0.002354
vt 0.838569 0.032583
vt 0.839018 0.032583
vt 0.837350 0.002050
vt 0.730719 0.487919
vt 0.729972 0.486629
vt 0.729993 0.486062
vt 0.730762 0.486612
vt 0.729661 0.486069
vt 0.730778 0.486062
vt 0.730637 0.490462
vt 0.732175 0.490431
vt 0.729941 0.487404
vt 0.732268 0.487357
vt 0.732305 0.486062
vt 0.878453 0.001733
vt 0.878453 0.000515
vt 0.879238 0.000515
vt 0.879237 0.001734
vt 0.878453 0.000066
vt 0.879238 0.000066
vt 0.879569 0.000515
vt 0.879568 0.001734
vt 0.879571 0.000066
vt 0.876924 0.001733
vt 0.878452 0.004107
vt 0.876925 0.000514
vt 0.876925 0.000065
vt 0.879237 0.004107
vt 0.879568 0.004107
vt 0.766465 0.302179
vt 0.766422 0.300873
vt 0.767189 0.300323
vt 0.767212 0.300889
vt 0.766404 0.300323
vt 0.767478 0.300323
vt 0.765009 0.304691
vt 0.766547 0.304723
vt 0.764916 0.301617
vt 0.764876 0.300323
vt 0.767244 0.301665
vt 0.878448 0.022902
vt 0.879232 0.022902
vt 0.879232 0.024121
vt 0.878447 0.024121
vt 0.879571 0.022902
vt 0.879563 0.024121
vt 0.879232 0.024634
vt 0.878447 0.024634
vt 0.879521 0.024634
vt 0.878448 0.020528
vt 0.876919 0.022901
vt 0.879233 0.020529
vt 0.879522 0.020529
vt 0.876919 0.024120
vt 0.876919 0.024633
vt 0.816182 0.015157
vt 0.814963 0.015157
vt 0.814963 0.006208
vt 0.816182 0.006208
vt 0.814450 0.015154
vt 0.814450 0.006126
vt 0.814963 0.002911
vt 0.816182 0.002911
vt 0.814450 0.002826
vt 0.816182 0.032583
vt 0.818556 0.015157
vt 0.814963 0.032583
vt 0.814514 0.032583
vt 0.767732 0.332906
vt 0.767475 0.332849
vt 0.767726 0.315477
vt 0.814450 0.002440
vt 0.814963 0.002237
vt 0.816182 0.002354
vt 0.818555 0.002911
vt 0.818555 0.002354
vt 0.818555 0.006208
vt 0.767473 0.315305
vt 0.767697 0.306449
vt 0.816182 0.002050
vt 0.730719 0.669945
vt 0.730762 0.671252
vt 0.729993 0.671802
vt 0.729972 0.671235
vt 0.730778 0.671802
vt 0.729663 0.671802
vt 0.732175 0.667433
vt 0.730637 0.667401
vt 0.732268 0.670507
vt 0.732305 0.671802
vt 0.729941 0.670460
vt 0.861983 0.881497
vt 0.861983 0.880712
vt 0.863201 0.880712
vt 0.863201 0.881497
vt 0.861983 0.880423
vt 0.863201 0.880382
vt 0.863651 0.880712
vt 0.863651 0.881497
vt 0.863651 0.880382
vt 0.859609 0.881497
vt 0.861983 0.883025
vt 0.859609 0.880712
vt 0.859609 0.880382
vt 0.863202 0.883025
vt 0.863651 0.883025
vt 0.837352 0.170581
vt 0.838571 0.170581
vt 0.838571 0.179530
vt 0.837352 0.179530
vt 0.839020 0.170581
vt 0.839020 0.179530
vt 0.838571 0.182827
vt 0.837352 0.182827
vt 0.839020 0.182827
vt 0.837352 0.153155
vt 0.834978 0.170581
vt 0.838570 0.153155
vt 0.839019 0.153155
vt 0.839020 0.183323
vt 0.838571 0.183384
vt 0.837352 0.183501
vt 0.834978 0.182827
vt 0.834978 0.183384
vt 0.834978 0.179530
vt 0.729712 0.656819
vt 0.729452 0.656644
vt 0.729709 0.639275
vt 0.729452 0.665593
vt 0.729452 0.668890
vt 0.729461 0.669751
vt 0.729452 0.669386
vt 0.729452 0.639218
vt 0.838571 0.183688
vt 0.839020 0.183688
vt 0.767475 0.453535
vt 0.767622 0.470978
vt 0.767584 0.480271
vt 0.767697 0.479936
vt 0.767716 0.483353
vt 0.816183 0.170581
vt 0.816184 0.179530
vt 0.814965 0.179530
vt 0.814965 0.170581
vt 0.816184 0.182827
vt 0.814965 0.182827
vt 0.814451 0.179612
vt 0.814451 0.170655
vt 0.814452 0.183029
vt 0.818557 0.170581
vt 0.816183 0.153155
vt 0.818557 0.179530
vt 0.818557 0.182827
vt 0.818557 0.183384
vt 0.816184 0.183384
vt 0.814965 0.183384
vt 0.814452 0.183501
vt 0.767732 0.453478
vt 0.814965 0.153155
vt 0.814515 0.153155
vt 0.816184 0.183688
vt 0.814965 0.183688
vt 0.766465 0.484206
vt 0.767212 0.485496
vt 0.767196 0.485894
vt 0.766422 0.485512
vt 0.767597 0.485776
vt 0.767480 0.486062
vt 0.766407 0.485993
vt 0.766547 0.481662
vt 0.765009 0.481693
vt 0.767244 0.484720
vt 0.764916 0.484767
vt 0.764881 0.485900
vt 0.814964 0.185633
vt 0.814515 0.185739
vt 0.814451 0.185453
vt 0.840814 0.881498
vt 0.839595 0.881498
vt 0.839595 0.880713
vt 0.840814 0.880713
vt 0.839082 0.881494
vt 0.839082 0.880704
vt 0.839595 0.880347
vt 0.840814 0.880424
vt 0.839146 0.880424
vt 0.840814 0.883026
vt 0.843188 0.881498
vt 0.839595 0.883026
vt 0.839082 0.883019
vt 0.843188 0.880713
vt 0.843188 0.880382
vt 0.821515 0.498029
vt 0.826227 0.462801
vt 0.826585 0.461556
vt 0.822093 0.494078
vt 0.830304 0.429700
vt 0.830898 0.429622
vt 0.826733 0.461044
vt 0.822315 0.492344
vt 0.820581 0.504456
vt 0.817472 0.527058
vt 0.825742 0.464486
vt 0.829384 0.429790
vt 0.833349 0.403332
vt 0.834392 0.403516
vt 0.834762 0.403568
vt 0.814449 0.336872
vt 0.814481 0.310296
vt 0.814503 0.336568
vt 0.814449 0.339003
vt 0.814460 0.312044
vt 0.818354 0.520777
vt 0.814460 0.278685
vt 0.814535 0.278006
vt 0.814451 0.246697
vt 0.814460 0.245178
vt 0.814717 0.276723
vt 0.815283 0.310070
vt 0.814483 0.241188
vt 0.831191 0.429368
vt 0.834857 0.403277
vt 0.814449 0.220350
vt 0.814449 0.218237
vt 0.814449 0.211898
vt 0.814513 0.234688
vt 0.814962 0.274987
vt 0.816181 0.309852
vt 0.815935 0.336605
vt 0.814877 0.336568
vt 0.751662 0.361489
vt 0.751662 0.334933
vt 0.863651 0.348100
vt 0.863651 0.347507
vt 0.863651 0.347214
vt 0.751662 0.335222
vt 0.839082 0.246906
vt 0.838996 0.278005
vt 0.839071 0.245177
vt 0.838825 0.310228
vt 0.838814 0.276722
vt 0.839048 0.241187
vt 0.838248 0.310068
vt 0.839082 0.336668
vt 0.838654 0.336565
vt 0.837596 0.336603
vt 0.837350 0.309851
vt 0.838568 0.274986
vt 0.839017 0.234688
vt 0.839082 0.211897
vt 0.839082 0.191699
vt 0.839082 0.218236
vt 0.839082 0.220349
vt 0.868476 0.037614
vt 0.872055 0.041480
vt 0.868972 0.038175
vt 0.863651 0.092730
vt 0.864736 0.087575
vt 0.864598 0.088311
vt 0.861277 0.950140
vt 0.861277 0.960676
vt 0.861066 0.964854
vt 0.863660 0.260908
vt 0.863660 0.264942
vt 0.863651 0.261208
vt 0.745528 0.487891
vt 0.863663 0.254248
vt 0.863651 0.252763
vt 0.863690 0.253456
vt 0.863651 0.254593
vt 0.863651 0.268904
vt 0.863651 0.267767
vt 0.863653 0.268054
vt 0.863651 0.118404
vt 0.751662 0.303289
vt 0.751045 0.303289
vt 0.750968 0.302151
vt 0.750968 0.304427
vt 0.749656 0.303289
vt 0.749382 0.302025
vt 0.749382 0.304553
vt 0.826649 0.373165
vt 0.821366 0.372423
vt 0.821948 0.372505
vt 0.864859 0.064088
vt 0.863651 0.068146
vt 0.864990 0.063614
vt 0.863651 0.181652
vt 0.863651 0.180112
vt 0.863877 0.181033
vt 0.863651 0.184399
vt 0.814449 0.371478
vt 0.817295 0.371852
vt 0.869504 0.041811
vt 0.869990 0.041480
vt 0.867086 0.043368
vt 0.865134 0.063091
vt 0.863659 0.259340
vt 0.863651 0.259928
vt 0.863651 0.172201
vt 0.863853 0.177532
vt 0.866219 0.073414
vt 0.866240 0.068146
vt 0.866240 0.074304
vt 0.863651 0.354573
vt 0.863651 0.349809
vt 0.863651 0.351092
vt 0.863651 0.358563
vt 0.863651 0.377039
vt 0.863651 0.351621
vt 0.863651 0.360178
vt 0.863651 0.348403
vt 0.863651 0.348100
vt 0.863651 0.368298
vt 0.863651 0.376750
vt 0.863651 0.377039
vt 0.863651 0.374637
vt 0.863651 0.359727
vt 0.863725 0.244226
vt 0.863651 0.241234
vt 0.863725 0.240796
vt 0.863701 0.243237
vt 0.863651 0.320480
vt 0.863651 0.303457
vt 0.838689 0.375314
vt 0.838604 0.376597
vt 0.838426 0.377868
vt 0.837942 0.381315
vt 0.837387 0.385266
vt 0.838268 0.378455
vt 0.837082 0.386976
vt 0.838781 0.374869
vt 0.814449 0.198172
vt 0.814449 0.193408
vt 0.836033 0.394907
vt 0.835151 0.401184
vt 0.837749 0.378382
vt 0.838031 0.375221
vt 0.836637 0.386914
vt 0.836394 0.378116
vt 0.836311 0.374970
vt 0.835444 0.386584
vt 0.836002 0.374479
vt 0.751662 0.483019
vt 0.751199 0.483095
vt 0.751199 0.482013
vt 0.751199 0.484176
vt 0.750100 0.483095
vt 0.750100 0.482013
vt 0.750100 0.484176
vt 0.851399 0.896706
vt 0.846908 0.896706
vt 0.855889 0.896706
vt 0.851398 0.897806
vt 0.846908 0.897806
vt 0.855889 0.897805
vt 0.745981 0.668836
vt 0.745981 0.669917
vt 0.745981 0.667755
vt 0.747080 0.668836
vt 0.747080 0.669917
vt 0.747080 0.667755
vt 0.861239 0.975486
vt 0.861239 0.979976
vt 0.860834 0.979976
vt 0.860834 0.975486
vt 0.861239 0.984466
vt 0.860834 0.984466
vt 0.859735 0.979976
vt 0.859735 0.975486
vt 0.859735 0.984466
vt 0.837350 0.365101
vt 0.837350 0.361997
vt 0.838568 0.361922
vt 0.838568 0.365091
vt 0.837372 0.353479
vt 0.838579 0.353319
vt 0.839082 0.362045
vt 0.839082 0.353440
vt 0.837350 0.365544
vt 0.838569 0.365544
vt 0.839082 0.365668
vt 0.863659 0.248368
vt 0.863704 0.245307
vt 0.863699 0.245676
vt 0.863651 0.248929
vt 0.863651 0.402416
vt 0.863651 0.393811
vt 0.863651 0.394262
vt 0.863651 0.402785
vt 0.863651 0.377039
vt 0.863651 0.377332
vt 0.863651 0.377925
vt 0.863651 0.396413
vt 0.863651 0.403885
vt 0.863682 0.246776
vt 0.863704 0.249223
vt 0.814449 0.364093
vt 0.814449 0.362631
vt 0.863651 0.283431
vt 0.863651 0.278452
vt 0.863651 0.274457
vt 0.863651 0.281969
vt 0.814513 0.361924
vt 0.814513 0.365094
vt 0.814449 0.355119
vt 0.814512 0.353321
vt 0.863651 0.265932
vt 0.863651 0.264942
vt 0.863688 0.265362
vt 0.814449 0.366535
vt 0.814449 0.365964
vt 0.745519 0.659437
vt 0.745519 0.664417
vt 0.815557 0.540692
vt 0.816112 0.536736
vt 0.814962 0.361924
vt 0.814962 0.365094
vt 0.814952 0.353321
vt 0.816181 0.362000
vt 0.816181 0.365103
vt 0.816158 0.353481
vt 0.816181 0.365547
vt 0.814962 0.365547
vt 0.744547 0.480545
vt 0.740094 0.480545
vt 0.740096 0.480127
vt 0.744547 0.480251
vt 0.734946 0.480545
vt 0.734946 0.480251
vt 0.729452 0.480545
vt 0.729452 0.480143
vt 0.854183 0.992293
vt 0.849726 0.992228
vt 0.849726 0.991779
vt 0.854181 0.991779
vt 0.844580 0.992293
vt 0.844578 0.991779
vt 0.849726 0.990560
vt 0.854181 0.990560
vt 0.844578 0.990560
vt 0.839082 0.992292
vt 0.839082 0.991779
vt 0.839082 0.990560
vt 0.762230 0.666287
vt 0.757083 0.666287
vt 0.757081 0.665870
vt 0.762227 0.665870
vt 0.752631 0.666287
vt 0.752629 0.665870
vt 0.767723 0.666287
vt 0.767720 0.665870
vt 0.844579 0.967724
vt 0.849728 0.967724
vt 0.849728 0.968173
vt 0.844579 0.968173
vt 0.854182 0.967724
vt 0.854182 0.968173
vt 0.849728 0.969392
vt 0.844579 0.969392
vt 0.854182 0.969392
vt 0.839083 0.969392
vt 0.839083 0.968173
vt 0.839083 0.967724
vt 0.752631 0.671384
vt 0.757083 0.671384
vt 0.757081 0.671801
vt 0.752629 0.671801
vt 0.762230 0.671384
vt 0.762227 0.671801
vt 0.767723 0.671384
vt 0.767720 0.671801
vt 0.863651 0.903359
vt 0.863651 0.907814
vt 0.863201 0.907814
vt 0.863201 0.903359
vt 0.863651 0.912962
vt 0.863202 0.912962
vt 0.861983 0.907814
vt 0.861983 0.903359
vt 0.861983 0.912962
vt 0.863651 0.918458
vt 0.863202 0.918458
vt 0.861983 0.918458
vt 0.734946 0.485644
vt 0.740094 0.485644
vt 0.740094 0.486046
vt 0.734946 0.486046
vt 0.744547 0.485644
vt 0.744547 0.485938
vt 0.729452 0.485644
vt 0.729452 0.485938
vt 0.839082 0.912963
vt 0.839082 0.907814
vt 0.839595 0.907814
vt 0.839595 0.912963
vt 0.839082 0.903358
vt 0.839595 0.903360
vt 0.840814 0.907814
vt 0.840814 0.912963
vt 0.840814 0.903360
vt 0.840814 0.918459
vt 0.839595 0.918459
vt 0.839082 0.918457
vt 0.867164 0.050946
vt 0.869990 0.055306
vt 0.867532 0.051547
vt 0.854912 0.943069
vt 0.849717 0.943091
vt 0.863651 0.403885
vt 0.863651 0.403909
vt 0.863651 0.403887
vt 0.740084 0.306256
vt 0.743816 0.306250
vt 0.867704 0.051813
vt 0.863651 0.403889
vt 0.863660 0.229616
vt 0.863686 0.233346
vt 0.863690 0.233799
vt 0.863661 0.230446
vt 0.863690 0.226581
vt 0.863651 0.229174
vt 0.863651 0.283431
vt 0.863651 0.289100
vt 0.863651 0.288714
vt 0.871773 0.024897
vt 0.868335 0.028136
vt 0.868854 0.027620
vt 0.872055 0.024634
vt 0.863651 0.403908
vt 0.863651 0.409190
vt 0.863651 0.408872
vt 0.863651 0.413565
vt 0.854913 0.943114
vt 0.744547 0.300322
vt 0.743816 0.300328
vt 0.863660 0.237761
vt 0.863689 0.240796
vt 0.863651 0.238203
vt 0.863662 0.236931
vt 0.863689 0.233799
vt 0.863884 0.156767
vt 0.863905 0.151591
vt 0.863905 0.156063
vt 0.854913 0.967701
vt 0.858708 0.967468
vt 0.849736 0.967724
vt 0.863651 0.289100
vt 0.863651 0.289123
vt 0.863651 0.289101
vt 0.863651 0.268904
vt 0.863651 0.274457
vt 0.863651 0.273994
vt 0.854913 0.918482
vt 0.858709 0.918716
vt 0.863669 0.188202
vt 0.863651 0.184399
vt 0.863776 0.185213
vt 0.863651 0.188906
vt 0.863835 0.185487
vt 0.849727 0.918459
vt 0.854210 0.918460
vt 0.730012 0.496827
vt 0.730060 0.499425
vt 0.729646 0.491315
vt 0.729640 0.490398
vt 0.729924 0.500728
vt 0.729600 0.491853
vt 0.729454 0.488417
vt 0.729467 0.487874
vt 0.729949 0.495137
vt 0.729452 0.488974
vt 0.863715 0.266469
vt 0.863651 0.266203
vt 0.863715 0.265932
vt 0.729666 0.489852
vt 0.839018 0.001811
vt 0.838569 0.002050
vt 0.838569 0.001545
vt 0.837350 0.001545
vt 0.837350 0.001274
vt 0.838569 0.001274
vt 0.839018 0.001274
vt 0.831257 0.015157
vt 0.826766 0.015157
vt 0.826766 0.006208
vt 0.831257 0.006208
vt 0.822276 0.015157
vt 0.822276 0.006208
vt 0.826766 0.002911
vt 0.831256 0.002911
vt 0.822276 0.002911
vt 0.826766 0.002354
vt 0.767260 0.314988
vt 0.767124 0.313685
vt 0.767539 0.305576
vt 0.767584 0.306113
vt 0.767172 0.311088
vt 0.767544 0.304658
vt 0.767730 0.302763
vt 0.767685 0.302217
vt 0.767236 0.309398
vt 0.767553 0.304002
vt 0.767676 0.301898
vt 0.767724 0.303149
vt 0.814450 0.001894
vt 0.814963 0.001811
vt 0.814450 0.001575
vt 0.816182 0.001545
vt 0.814450 0.001274
vt 0.814963 0.001021
vt 0.816182 0.001274
vt 0.730073 0.495821
vt 0.730128 0.497287
vt 0.729823 0.489267
vt 0.730038 0.496225
vt 0.729488 0.487337
vt 0.729562 0.487001
vt 0.730449 0.501908
vt 0.730016 0.494361
vt 0.839082 0.000938
vt 0.839018 0.000591
vt 0.863991 0.144716
vt 0.863651 0.145040
vt 0.863707 0.142760
vt 0.863694 0.142412
vt 0.863916 0.150131
vt 0.863991 0.151591
vt 0.838569 0.000591
vt 0.837350 0.000792
vt 0.837350 0.000421
vt 0.767146 0.310485
vt 0.767056 0.311547
vt 0.767112 0.310082
vt 0.767361 0.303527
vt 0.767622 0.301261
vt 0.863651 0.118404
vt 0.863674 0.113454
vt 0.863801 0.105895
vt 0.863749 0.107356
vt 0.863651 0.100397
vt 0.863985 0.100801
vt 0.863961 0.098221
vt 0.863892 0.098522
vt 0.767694 0.301597
vt 0.814450 0.000938
vt 0.814449 0.000632
vt 0.814963 0.000591
vt 0.816182 0.000792
vt 0.816182 0.000421
vt 0.730504 0.494090
vt 0.730325 0.496383
vt 0.729890 0.488518
vt 0.730126 0.495515
vt 0.729540 0.486653
vt 0.729585 0.486348
vt 0.839017 0.000007
vt 0.839018 0.000286
vt 0.838569 0.000286
vt 0.838568 0.000001
vt 0.837350 0.000001
vt 0.767058 0.309775
vt 0.766859 0.310643
vt 0.766680 0.308350
vt 0.767294 0.302778
vt 0.767576 0.300955
vt 0.766735 0.316168
vt 0.767168 0.308621
vt 0.767597 0.300608
vt 0.814450 0.000286
vt 0.814449 -0.000000
vt 0.814962 0.000001
vt 0.814963 0.000286
vt 0.816181 0.000023
vt 0.878449 0.016808
vt 0.878450 0.012318
vt 0.879235 0.012318
vt 0.879234 0.016808
vt 0.878451 0.007827
vt 0.879236 0.007827
vt 0.879524 0.012318
vt 0.879565 0.016808
vt 0.879567 0.007828
vt 0.767172 0.475297
vt 0.767124 0.472699
vt 0.767539 0.480809
vt 0.767544 0.481726
vt 0.767260 0.471397
vt 0.767726 0.483825
vt 0.767715 0.484250
vt 0.767236 0.476987
vt 0.767518 0.482273
vt 0.767659 0.484694
vt 0.814451 0.184371
vt 0.814452 0.183927
vt 0.814965 0.184193
vt 0.816183 0.184193
vt 0.816183 0.184717
vt 0.814965 0.184464
vt 0.822277 0.170581
vt 0.826768 0.170581
vt 0.826768 0.179530
vt 0.822277 0.179530
vt 0.831258 0.170581
vt 0.831258 0.179530
vt 0.826768 0.182827
vt 0.822277 0.182827
vt 0.831258 0.182827
vt 0.826768 0.183384
vt 0.822277 0.183384
vt 0.729924 0.657136
vt 0.730060 0.658439
vt 0.729646 0.666549
vt 0.729600 0.666011
vt 0.730012 0.661036
vt 0.729640 0.667466
vt 0.729949 0.662727
vt 0.729632 0.668122
vt 0.729476 0.670256
vt 0.839020 0.184193
vt 0.838571 0.184193
vt 0.837352 0.183927
vt 0.839020 0.184717
vt 0.838571 0.184717
vt 0.837352 0.184717
vt 0.767112 0.476303
vt 0.767056 0.474838
vt 0.767481 0.482693
vt 0.767147 0.475899
vt 0.767622 0.485124
vt 0.863651 0.216149
vt 0.863687 0.211199
vt 0.863653 0.222247
vt 0.863687 0.223709
vt 0.767434 0.483002
vt 0.767576 0.485429
vt 0.767168 0.477763
vt 0.814451 0.185106
vt 0.814965 0.184946
vt 0.814964 0.185317
vt 0.814451 0.184800
vt 0.816183 0.185148
vt 0.816183 0.185453
vt 0.730038 0.661639
vt 0.730128 0.660577
vt 0.730073 0.662043
vt 0.729703 0.668433
vt 0.729503 0.670780
vt 0.863688 0.127131
vt 0.863655 0.134691
vt 0.863688 0.133229
vt 0.863882 0.140102
vt 0.863663 0.139630
vt 0.863651 0.142412
vt 0.863714 0.141985
vt 0.839019 0.185148
vt 0.838570 0.185148
vt 0.837352 0.185148
vt 0.839019 0.185453
vt 0.838570 0.185453
vt 0.837351 0.185453
vt 0.766680 0.478034
vt 0.766859 0.475741
vt 0.767294 0.483606
vt 0.767058 0.476609
vt 0.766735 0.470217
vt 0.816183 0.185739
vt 0.730126 0.662349
vt 0.730325 0.661481
vt 0.729751 0.668742
vt 0.730504 0.663774
vt 0.729890 0.669346
vt 0.729585 0.671516
vt 0.729540 0.671211
vt 0.730449 0.655957
vt 0.730016 0.663503
vt 0.863651 0.267164
vt 0.863668 0.267472
vt 0.863651 0.267767
vt 0.839019 0.185739
vt 0.838570 0.185739
vt 0.837351 0.185739
vt 0.855889 0.881497
vt 0.851399 0.881497
vt 0.851399 0.880713
vt 0.855889 0.880712
vt 0.846908 0.881497
vt 0.846908 0.880713
vt 0.851399 0.880423
vt 0.855889 0.880364
vt 0.846908 0.880382
vt 0.874487 0.001702
vt 0.871307 0.001486
vt 0.871307 0.000428
vt 0.874488 0.000503
vt 0.867631 0.000920
vt 0.867631 0.000245
vt 0.871307 0.000054
vt 0.874488 0.000063
vt 0.734735 0.486352
vt 0.737912 0.486405
vt 0.737841 0.488804
vt 0.734674 0.488383
vt 0.741590 0.486286
vt 0.741544 0.487856
vt 0.737650 0.495326
vt 0.734511 0.493895
vt 0.741419 0.492138
vt 0.734741 0.486062
vt 0.737920 0.486062
vt 0.741588 0.486062
vt 0.867641 0.000000
vt 0.861983 0.892319
vt 0.861983 0.888643
vt 0.863201 0.888643
vt 0.863202 0.892319
vt 0.861983 0.885462
vt 0.863202 0.885462
vt 0.863651 0.888643
vt 0.863651 0.892319
vt 0.863651 0.885462
vt 0.741594 0.671801
vt 0.737912 0.671456
vt 0.737841 0.669039
vt 0.741544 0.669943
vt 0.734734 0.671511
vt 0.734674 0.669479
vt 0.737650 0.662478
vt 0.741419 0.665530
vt 0.734511 0.663962
vt 0.737920 0.671802
vt 0.734741 0.671802
vt 0.837351 0.125838
vt 0.837351 0.092869
vt 0.838570 0.092869
vt 0.838570 0.125838
vt 0.837351 0.059900
vt 0.838570 0.059900
vt 0.839019 0.092869
vt 0.839019 0.125838
vt 0.839019 0.059900
vt 0.729452 0.611901
vt 0.729452 0.578932
vt 0.730025 0.578932
vt 0.729915 0.611932
vt 0.729452 0.545963
vt 0.729915 0.545932
vt 0.762672 0.308162
vt 0.759533 0.309646
vt 0.759341 0.303085
vt 0.762509 0.302645
vt 0.755763 0.306594
vt 0.755637 0.302181
vt 0.759270 0.300668
vt 0.762448 0.300613
vt 0.755591 0.300555
vt 0.759260 0.300322
vt 0.762440 0.300322
vt 0.874482 0.024633
vt 0.871301 0.024632
vt 0.871302 0.024205
vt 0.874482 0.024130
vt 0.867635 0.024632
vt 0.867625 0.024386
vt 0.871302 0.023146
vt 0.874482 0.022932
vt 0.867626 0.023711
vt 0.767270 0.426192
vt 0.767159 0.393192
vt 0.767709 0.393192
vt 0.767730 0.426161
vt 0.767270 0.360192
vt 0.767730 0.360223
vt 0.814451 0.125838
vt 0.814451 0.092869
vt 0.814964 0.092869
vt 0.814964 0.125838
vt 0.814451 0.059900
vt 0.814964 0.059900
vt 0.816183 0.092869
vt 0.816183 0.125838
vt 0.816182 0.059900
vt 0.840814 0.885463
vt 0.840814 0.888644
vt 0.839595 0.888644
vt 0.839595 0.885463
vt 0.840814 0.892320
vt 0.839595 0.892320
vt 0.839082 0.888644
vt 0.839082 0.885463
vt 0.839082 0.892310
vt 0.762448 0.485771
vt 0.759270 0.485716
vt 0.759341 0.483299
vt 0.762509 0.483739
vt 0.755591 0.485829
vt 0.755637 0.484203
vt 0.759533 0.476739
vt 0.762672 0.478222
vt 0.755763 0.479790
vt 0.762440 0.486062
vt 0.759260 0.486062
vt 0.669311 0.604360
vt 0.669289 0.658526
vt 0.668858 0.658526
vt 0.668877 0.604358
vt 0.669311 0.712692
vt 0.668877 0.712693
vt 0.668396 0.658526
vt 0.668412 0.604358
vt 0.668412 0.712694
vt 0.669813 0.559395
vt 0.669744 0.604362
vt 0.669378 0.559389
vt 0.669721 0.658526
vt 0.669744 0.712689
vt 0.669813 0.757657
vt 0.669378 0.757663
vt 0.668935 0.757666
vt 0.668458 0.757667
vt 0.667920 0.757668
vt 0.667883 0.712694
vt 0.667870 0.658526
vt 0.667883 0.604358
vt 0.668458 0.559384
vt 0.667920 0.559384
vt 0.668935 0.559385
vt 0.648020 0.097949
vt 0.652765 0.126972
vt 0.651167 0.254185
vt 0.640198 0.143727
vt 0.656028 0.099561
vt 0.655852 0.128057
vt 0.657630 0.100590
vt 0.656872 0.129394
vt 0.658584 0.103625
vt 0.657479 0.146962
vt 0.659177 0.162527
vt 0.657700 0.254185
vt 0.659177 0.345844
vt 0.657479 0.361408
vt 0.658584 0.404746
vt 0.656872 0.378977
vt 0.657630 0.407781
vt 0.655852 0.380314
vt 0.656028 0.408810
vt 0.652765 0.381399
vt 0.648020 0.410421
vt 0.640198 0.364643
vt 0.627579 0.348181
vt 0.630116 0.254185
vt 0.627579 0.160188
vt 0.650250 0.029172
vt 0.652726 0.052340
vt 0.643812 0.053388
vt 0.655267 0.065988
vt 0.634826 0.074961
vt 0.658112 0.043868
vt 0.658009 0.057937
vt 0.657122 0.057459
vt 0.658219 0.068143
vt 0.660072 0.045133
vt 0.659741 0.059239
vt 0.659151 0.058673
vt 0.659694 0.069560
vt 0.661388 0.047015
vt 0.660835 0.062170
vt 0.660507 0.060337
vt 0.660585 0.080248
vt 0.662773 0.090000
vt 0.661551 0.164422
vt 0.661433 0.088539
vt 0.660915 0.254185
vt 0.662773 0.418370
vt 0.661433 0.419831
vt 0.661551 0.343949
vt 0.660585 0.428123
vt 0.661388 0.461355
vt 0.660507 0.448033
vt 0.660835 0.446200
vt 0.659694 0.438810
vt 0.660072 0.463238
vt 0.659151 0.449698
vt 0.659741 0.449131
vt 0.658219 0.440227
vt 0.658112 0.464503
vt 0.657122 0.450911
vt 0.658009 0.450434
vt 0.655267 0.442383
vt 0.650250 0.479197
vt 0.643812 0.454981
vt 0.652726 0.456030
vt 0.634826 0.433408
vt 0.613519 0.422519
vt 0.615496 0.346198
vt 0.623786 0.424066
vt 0.616557 0.254184
vt 0.613519 0.085849
vt 0.623786 0.084303
vt 0.615496 0.162170
vt 0.747290 0.204309
vt 0.747281 0.150160
vt 0.756914 0.150160
vt 0.756927 0.204322
vt 0.747292 0.096011
vt 0.756930 0.095998
vt 0.766565 0.150161
vt 0.766582 0.204326
vt 0.766584 0.095995
vt 0.739263 0.249221
vt 0.739248 0.204283
vt 0.747318 0.249268
vt 0.739243 0.150160
vt 0.739250 0.096036
vt 0.739268 0.051099
vt 0.747323 0.051052
vt 0.756975 0.051030
vt 0.766641 0.051025
vt 0.774740 0.051030
vt 0.774679 0.095998
vt 0.774657 0.150161
vt 0.774676 0.204325
vt 0.766637 0.249297
vt 0.774736 0.249292
vt 0.756971 0.249291
vt 0.504804 0.501005
vt 0.450636 0.501031
vt 0.450636 0.500593
vt 0.504804 0.500564
vt 0.396468 0.501026
vt 0.396469 0.500584
vt 0.450636 0.500183
vt 0.504802 0.500151
vt 0.396470 0.500171
vt 0.549777 0.501459
vt 0.504803 0.501505
vt 0.549777 0.500950
vt 0.450636 0.501528
vt 0.396468 0.501526
vt 0.351494 0.501497
vt 0.351494 0.500988
vt 0.351496 0.500535
vt 0.351499 0.500114
vt 0.351506 0.499698
vt 0.396473 0.499757
vt 0.450636 0.499770
vt 0.504800 0.499737
vt 0.549773 0.500076
vt 0.549767 0.499660
vt 0.549776 0.500498
vt 0.293418 0.340360
vt 0.293432 0.253939
vt 0.294822 0.253939
vt 0.294814 0.341213
vt 0.293377 0.167519
vt 0.294772 0.166666
vt 0.296020 0.253946
vt 0.296209 0.342096
vt 0.296166 0.165781
vt 0.292073 0.410764
vt 0.292171 0.339647
vt 0.293332 0.412096
vt 0.292188 0.253940
vt 0.292129 0.168232
vt 0.291997 0.097115
vt 0.293255 0.095783
vt 0.294665 0.094190
vt 0.296075 0.092544
vt 0.297334 0.091051
vt 0.297413 0.164976
vt 0.297455 0.253938
vt 0.297456 0.342901
vt 0.296154 0.415334
vt 0.297412 0.416826
vt 0.294743 0.413689
vt 0.201091 0.013287
vt 0.150021 0.013261
vt 0.150020 0.009991
vt 0.201772 0.010027
vt 0.098951 0.013312
vt 0.098268 0.010052
vt 0.150019 0.006733
vt 0.202454 0.006778
vt 0.097585 0.006803
vt 0.242478 0.016148
vt 0.200513 0.016071
vt 0.243523 0.013393
vt 0.150022 0.016054
vt 0.099530 0.016095
vt 0.057566 0.016192
vt 0.056519 0.013438
vt 0.055289 0.010209
vt 0.054057 0.006986
vt 0.053008 0.004250
vt 0.097004 0.004050
vt 0.150019 0.003974
vt 0.203033 0.004025
vt 0.245982 0.006940
vt 0.247030 0.004204
vt 0.244752 0.010164
vt 0.006740 0.167587
vt 0.006726 0.254008
vt 0.005336 0.254008
vt 0.005344 0.166734
vt 0.006782 0.340428
vt 0.005387 0.341281
vt 0.004180 0.254015
vt 0.003949 0.165851
vt 0.003992 0.342165
vt 0.008085 0.097183
vt 0.007988 0.168300
vt 0.006826 0.095851
vt 0.007970 0.254007
vt 0.008029 0.339715
vt 0.008161 0.410832
vt 0.006903 0.412165
vt 0.005493 0.413757
vt 0.004083 0.415403
vt 0.002825 0.416896
vt 0.002746 0.342971
vt 0.002704 0.254008
vt 0.002703 0.165046
vt 0.004005 0.092613
vt 0.002746 0.091121
vt 0.005416 0.094258
vt 0.690187 0.712691
vt 0.690206 0.658526
vt 0.699855 0.658526
vt 0.699840 0.712688
vt 0.690187 0.604360
vt 0.699840 0.604364
vt 0.709484 0.658525
vt 0.709474 0.712675
vt 0.709474 0.604376
vt 0.682034 0.757657
vt 0.682095 0.712689
vt 0.690131 0.757662
vt 0.682115 0.658526
vt 0.682095 0.604362
vt 0.682034 0.559395
vt 0.690131 0.559390
vt 0.699795 0.559395
vt 0.709444 0.559418
vt 0.717496 0.559464
vt 0.717514 0.604402
vt 0.717519 0.658525
vt 0.717514 0.712649
vt 0.709444 0.757633
vt 0.717496 0.757586
vt 0.699795 0.757656
vt 0.504801 0.503352
vt 0.450633 0.503374
vt 0.450634 0.502731
vt 0.504802 0.502710
vt 0.396465 0.503372
vt 0.396466 0.502730
vt 0.450635 0.502103
vt 0.504803 0.502082
vt 0.396467 0.502103
vt 0.549774 0.503923
vt 0.504800 0.503971
vt 0.549775 0.503307
vt 0.450632 0.503994
vt 0.396464 0.503991
vt 0.351490 0.503960
vt 0.351491 0.503345
vt 0.351492 0.502706
vt 0.351493 0.502078
vt 0.549776 0.502041
vt 0.549776 0.502668
vt 0.788360 0.095993
vt 0.788374 0.150161
vt 0.787914 0.150161
vt 0.787895 0.095994
vt 0.788357 0.204329
vt 0.787893 0.204329
vt 0.787484 0.150161
vt 0.787462 0.095995
vt 0.787460 0.204327
vt 0.788850 0.051019
vt 0.788887 0.095993
vt 0.788314 0.051019
vt 0.788898 0.150161
vt 0.788884 0.204329
vt 0.788846 0.249303
vt 0.788309 0.249303
vt 0.787834 0.249302
vt 0.787392 0.249299
vt 0.786957 0.249292
vt 0.787027 0.204325
vt 0.787052 0.150161
vt 0.787030 0.095998
vt 0.787396 0.051024
vt 0.786961 0.051030
vt 0.787838 0.051021
vt 0.667270 0.604358
vt 0.667259 0.658526
vt 0.666590 0.658525
vt 0.666601 0.604357
vt 0.667270 0.712694
vt 0.666601 0.712693
vt 0.665903 0.658525
vt 0.665915 0.604357
vt 0.665915 0.712693
vt 0.667303 0.559384
vt 0.667303 0.757667
vt 0.666634 0.757667
vt 0.665950 0.757667
vt 0.665289 0.757667
vt 0.665249 0.712693
vt 0.665236 0.658525
vt 0.665249 0.604357
vt 0.665950 0.559383
vt 0.665289 0.559383
vt 0.666634 0.559384
vt 0.396410 0.162953
vt 0.450576 0.162952
vt 0.450592 0.252007
vt 0.396425 0.252017
vt 0.504742 0.162933
vt 0.504759 0.251997
vt 0.450608 0.341063
vt 0.396442 0.341081
vt 0.504774 0.341061
vt 0.351431 0.089039
vt 0.396399 0.089074
vt 0.351439 0.162936
vt 0.450562 0.089078
vt 0.504726 0.089053
vt 0.549693 0.089002
vt 0.549713 0.162899
vt 0.549731 0.251988
vt 0.549745 0.341077
vt 0.549752 0.414974
vt 0.504785 0.414940
vt 0.450622 0.414937
vt 0.396458 0.414961
vt 0.351471 0.341115
vt 0.351491 0.415012
vt 0.351453 0.252026
vt 0.790845 0.095992
vt 0.790855 0.150160
vt 0.790172 0.150161
vt 0.790162 0.095993
vt 0.790842 0.204328
vt 0.790160 0.204329
vt 0.789506 0.150161
vt 0.789497 0.095993
vt 0.789494 0.204329
vt 0.791467 0.051018
vt 0.791506 0.095992
vt 0.790810 0.051018
vt 0.791518 0.150160
vt 0.791503 0.204328
vt 0.791462 0.249302
vt 0.790805 0.249302
vt 0.790126 0.249302
vt 0.789460 0.249303
vt 0.789465 0.051019
vt 0.790130 0.051019
vt 0.504712 0.001902
vt 0.450544 0.001901
vt 0.450543 0.001271
vt 0.504711 0.001271
vt 0.396376 0.001923
vt 0.396375 0.001292
vt 0.450542 0.000624
vt 0.504709 0.000626
vt 0.396374 0.000646
vt 0.549686 0.002510
vt 0.504713 0.002481
vt 0.549685 0.001926
vt 0.450545 0.002479
vt 0.396377 0.002502
vt 0.351403 0.002547
vt 0.351402 0.001964
vt 0.351401 0.001333
vt 0.351400 0.000690
vt 0.351398 0.000071
vt 0.396372 0.000023
vt 0.450540 0.000000
vt 0.504708 0.000003
vt 0.549683 0.000653
vt 0.549682 0.000033
vt 0.549684 0.001295
vt 0.504712 0.003840
vt 0.450546 0.003828
vt 0.450546 0.003417
vt 0.504713 0.003426
vt 0.396380 0.003860
vt 0.396378 0.003446
vt 0.450545 0.002978
vt 0.504713 0.002983
vt 0.396377 0.003003
vt 0.549677 0.004313
vt 0.504710 0.004254
vt 0.549683 0.003897
vt 0.450546 0.004242
vt 0.396383 0.004275
vt 0.351415 0.004351
vt 0.351409 0.003934
vt 0.351405 0.003512
vt 0.351404 0.003058
vt 0.549687 0.003020
vt 0.549686 0.003474
vt 0.723391 0.345837
vt 0.721693 0.361401
vt 0.715381 0.254179
vt 0.721914 0.254179
vt 0.722798 0.404738
vt 0.721086 0.378970
vt 0.721844 0.407774
vt 0.720066 0.380307
vt 0.720242 0.408803
vt 0.716979 0.381392
vt 0.712234 0.410414
vt 0.704413 0.364637
vt 0.691794 0.348177
vt 0.694331 0.254180
vt 0.691794 0.160183
vt 0.704413 0.143722
vt 0.712234 0.097944
vt 0.716979 0.126966
vt 0.720243 0.099555
vt 0.720066 0.128050
vt 0.721844 0.100584
vt 0.721086 0.129387
vt 0.722798 0.103619
vt 0.721693 0.146956
vt 0.723391 0.162520
vt 0.726987 0.418363
vt 0.725648 0.419824
vt 0.725765 0.343942
vt 0.724799 0.428116
vt 0.725129 0.254179
vt 0.725603 0.461348
vt 0.724721 0.448026
vt 0.725050 0.446193
vt 0.723908 0.438803
vt 0.724286 0.463231
vt 0.723366 0.449691
vt 0.723955 0.449124
vt 0.722433 0.440220
vt 0.722327 0.464496
vt 0.721336 0.450905
vt 0.722223 0.450427
vt 0.719481 0.442376
vt 0.714464 0.479191
vt 0.708026 0.454975
vt 0.716940 0.456023
vt 0.699041 0.433403
vt 0.677735 0.422515
vt 0.679711 0.346194
vt 0.688001 0.424062
vt 0.680773 0.254181
vt 0.677735 0.085847
vt 0.688001 0.084299
vt 0.679711 0.162167
vt 0.699041 0.074957
vt 0.714464 0.029168
vt 0.716940 0.052335
vt 0.708026 0.053384
vt 0.719481 0.065982
vt 0.722327 0.043862
vt 0.722223 0.057931
vt 0.721336 0.057453
vt 0.722433 0.068137
vt 0.724286 0.045127
vt 0.723955 0.059233
vt 0.723366 0.058667
vt 0.723908 0.069554
vt 0.725603 0.047009
vt 0.725050 0.062164
vt 0.724721 0.060331
vt 0.724799 0.080242
vt 0.726987 0.089995
vt 0.725765 0.164415
vt 0.725648 0.088533
vt 0.099067 0.494660
vt 0.150137 0.494686
vt 0.150138 0.497956
vt 0.098386 0.497920
vt 0.201207 0.494635
vt 0.201890 0.497895
vt 0.150139 0.501214
vt 0.097705 0.501169
vt 0.202573 0.501144
vt 0.057681 0.491799
vt 0.099645 0.491876
vt 0.056636 0.494554
vt 0.150137 0.491893
vt 0.200628 0.491852
vt 0.242593 0.491755
vt 0.243639 0.494509
vt 0.244869 0.497738
vt 0.246101 0.500961
vt 0.247151 0.503697
vt 0.203154 0.503897
vt 0.150140 0.503972
vt 0.097125 0.503922
vt 0.054177 0.501006
vt 0.053129 0.503743
vt 0.055407 0.497783
vt 0.009365 0.455182
vt 0.010148 0.454437
vt 0.010421 0.477775
vt 0.009654 0.478644
vt 0.010817 0.454032
vt 0.011048 0.477309
vt 0.010774 0.486590
vt 0.010036 0.487541
vt 0.011331 0.486084
vt 0.009157 0.409913
vt 0.008364 0.456412
vt 0.009949 0.409354
vt 0.010639 0.409047
vt 0.011327 0.408884
vt 0.011473 0.453825
vt 0.011648 0.477083
vt 0.011830 0.485856
vt 0.011976 0.487304
vt 0.011701 0.487552
vt 0.011230 0.488101
vt 0.010522 0.489116
vt 0.009021 0.489121
vt 0.009496 0.490793
vt 0.008647 0.480085
vt 0.032637 0.453546
vt 0.032658 0.476844
vt 0.018627 0.476886
vt 0.018566 0.453605
vt 0.032648 0.485727
vt 0.018654 0.485738
vt 0.013011 0.476958
vt 0.012896 0.453694
vt 0.013102 0.485768
vt 0.059252 0.408598
vt 0.059265 0.453507
vt 0.032603 0.408638
vt 0.059264 0.476818
vt 0.059240 0.485722
vt 0.059183 0.487415
vt 0.032586 0.487395
vt 0.018608 0.487366
vt 0.013101 0.487332
vt 0.012789 0.408774
vt 0.018498 0.408695
vt 0.031564 0.489778
vt 0.017436 0.489622
vt 0.018078 0.488489
vt 0.032132 0.488600
vt 0.011822 0.489405
vt 0.012503 0.488328
vt 0.018441 0.487816
vt 0.032441 0.487886
vt 0.012912 0.487714
vt 0.030643 0.491659
vt 0.058403 0.489879
vt 0.016423 0.491450
vt 0.010786 0.491164
vt 0.059073 0.487930
vt 0.058840 0.488670
vt 0.031450 0.018226
vt 0.032019 0.019403
vt 0.017965 0.019521
vt 0.017322 0.018388
vt 0.032328 0.020117
vt 0.018328 0.020194
vt 0.012390 0.019684
vt 0.011708 0.018608
vt 0.012799 0.020298
vt 0.058289 0.018112
vt 0.030528 0.016345
vt 0.058727 0.019320
vt 0.058960 0.020060
vt 0.059071 0.020575
vt 0.032473 0.020608
vt 0.018495 0.020644
vt 0.012988 0.020680
vt 0.011863 0.020709
vt 0.011588 0.020461
vt 0.011116 0.019912
vt 0.010408 0.018897
vt 0.010671 0.016849
vt 0.009381 0.017220
vt 0.016308 0.016561
vt 0.032541 0.054456
vt 0.018469 0.054405
vt 0.018519 0.031124
vt 0.032551 0.031159
vt 0.012800 0.054318
vt 0.012903 0.031054
vt 0.018542 0.022272
vt 0.032536 0.022275
vt 0.012990 0.022245
vt 0.059177 0.099392
vt 0.032528 0.099365
vt 0.059169 0.054483
vt 0.018423 0.099315
vt 0.012714 0.099238
vt 0.011252 0.099129
vt 0.011376 0.054188
vt 0.011540 0.030929
vt 0.011718 0.022157
vt 0.059128 0.022268
vt 0.059157 0.031173
vt 0.009268 0.052832
vt 0.009546 0.029370
vt 0.010312 0.030239
vt 0.010051 0.053577
vt 0.009923 0.020472
vt 0.010662 0.021423
vt 0.010940 0.030704
vt 0.010720 0.053981
vt 0.011219 0.021929
vt 0.008266 0.051602
vt 0.009081 0.098101
vt 0.008538 0.027930
vt 0.008907 0.018893
vt 0.010564 0.098967
vt 0.009874 0.098660
vt 0.268708 0.489721
vt 0.268140 0.488544
vt 0.282193 0.488426
vt 0.282836 0.489559
vt 0.267830 0.487830
vt 0.281830 0.487753
vt 0.287769 0.488263
vt 0.288450 0.489339
vt 0.287359 0.487649
vt 0.241869 0.489835
vt 0.269631 0.491602
vt 0.241432 0.488627
vt 0.241198 0.487887
vt 0.241088 0.487372
vt 0.267685 0.487339
vt 0.281663 0.487303
vt 0.287170 0.487267
vt 0.288295 0.487238
vt 0.288571 0.487486
vt 0.289042 0.488035
vt 0.289750 0.489050
vt 0.289487 0.491098
vt 0.290777 0.490727
vt 0.283850 0.491386
vt 0.267617 0.453491
vt 0.281689 0.453543
vt 0.281639 0.476823
vt 0.267608 0.476788
vt 0.287359 0.453629
vt 0.287255 0.476893
vt 0.281616 0.485675
vt 0.267622 0.485672
vt 0.287168 0.485702
vt 0.240981 0.408555
vt 0.267630 0.408582
vt 0.240990 0.453464
vt 0.281735 0.408632
vt 0.287444 0.408709
vt 0.288906 0.408818
vt 0.288782 0.453759
vt 0.288618 0.477018
vt 0.288440 0.485790
vt 0.241030 0.485679
vt 0.241002 0.476774
vt 0.290891 0.455115
vt 0.290613 0.478577
vt 0.289846 0.477708
vt 0.290107 0.454370
vt 0.290235 0.487475
vt 0.289497 0.486524
vt 0.289219 0.477243
vt 0.289438 0.453966
vt 0.288939 0.486018
vt 0.291892 0.456345
vt 0.291077 0.409846
vt 0.291620 0.480017
vt 0.291251 0.489054
vt 0.289594 0.408980
vt 0.290284 0.409287
vt 0.268594 0.018169
vt 0.282722 0.018325
vt 0.282080 0.019458
vt 0.268026 0.019347
vt 0.288337 0.018542
vt 0.287655 0.019619
vt 0.281717 0.020131
vt 0.267717 0.020061
vt 0.287246 0.020233
vt 0.269516 0.016288
vt 0.241755 0.018068
vt 0.283735 0.016497
vt 0.289372 0.016783
vt 0.290663 0.017153
vt 0.289637 0.018831
vt 0.288929 0.019846
vt 0.288458 0.020395
vt 0.288182 0.020643
vt 0.287058 0.020615
vt 0.281550 0.020581
vt 0.267572 0.020552
vt 0.241085 0.020017
vt 0.240975 0.020532
vt 0.241318 0.019277
vt 0.290793 0.052765
vt 0.290010 0.053510
vt 0.289738 0.030172
vt 0.290504 0.029303
vt 0.289342 0.053915
vt 0.289111 0.030638
vt 0.289384 0.021357
vt 0.290122 0.020406
vt 0.288827 0.021863
vt 0.291001 0.098034
vt 0.291794 0.051535
vt 0.290209 0.098593
vt 0.289519 0.098900
vt 0.288831 0.099063
vt 0.288685 0.054122
vt 0.288511 0.030864
vt 0.288328 0.022091
vt 0.291137 0.018826
vt 0.291511 0.027862
vt 0.267521 0.054401
vt 0.267500 0.031103
vt 0.281531 0.031061
vt 0.281592 0.054342
vt 0.267510 0.022220
vt 0.281504 0.022210
vt 0.287147 0.030989
vt 0.287262 0.054253
vt 0.287056 0.022179
vt 0.240906 0.099349
vt 0.240893 0.054440
vt 0.267556 0.099309
vt 0.240894 0.031129
vt 0.240918 0.022225
vt 0.287369 0.099173
vt 0.281660 0.099252
vt 0.722748 0.530704
vt 0.722728 0.515658
vt 0.725611 0.515809
vt 0.725623 0.530836
vt 0.722703 0.509833
vt 0.725595 0.509994
vt 0.726865 0.515999
vt 0.726876 0.530998
vt 0.726851 0.510202
vt 0.717468 0.530607
vt 0.722764 0.559539
vt 0.717430 0.515549
vt 0.717385 0.509718
vt 0.717336 0.508540
vt 0.722674 0.508658
vt 0.725575 0.508827
vt 0.726832 0.509048
vt 0.298342 0.000814
vt 0.299496 0.001341
vt 0.299217 0.001862
vt 0.298085 0.001244
vt 0.292546 0.000406
vt 0.292317 0.000764
vt 0.727277 0.516226
vt 0.727288 0.531188
vt 0.726883 0.559762
vt 0.727296 0.559900
vt 0.725632 0.559640
vt 0.670316 0.037423
vt 0.667069 0.037988
vt 0.666977 0.012664
vt 0.670002 0.012113
vt 0.665676 0.038647
vt 0.665666 0.013311
vt 0.666943 0.002964
vt 0.669879 0.002487
vt 0.665665 0.003530
vt 0.670913 0.086214
vt 0.676316 0.036993
vt 0.667245 0.086694
vt 0.665697 0.087252
vt 0.665237 0.087854
vt 0.665238 0.039362
vt 0.665240 0.014018
vt 0.665243 0.004157
vt 0.665248 0.002113
vt 0.665669 0.001592
vt 0.666939 0.001129
vt 0.669852 0.000745
vt 0.675273 0.002127
vt 0.675201 0.000457
vt 0.675570 0.011696
vt 0.298216 0.041915
vt 0.298073 0.016721
vt 0.298811 0.015464
vt 0.298957 0.040762
vt 0.297884 0.006765
vt 0.298617 0.005495
vt 0.299345 0.014530
vt 0.299502 0.039869
vt 0.299136 0.004599
vt 0.297219 0.043450
vt 0.298323 0.089870
vt 0.297064 0.018451
vt 0.296861 0.008581
vt 0.296603 0.006369
vt 0.297642 0.004523
vt 0.298368 0.003282
vt 0.298864 0.002458
vt 0.299512 0.003907
vt 0.299740 0.013768
vt 0.299910 0.039113
vt 0.299616 0.088235
vt 0.300033 0.087605
vt 0.299064 0.088960
vt 0.276175 0.002634
vt 0.276767 0.001471
vt 0.291613 0.001914
vt 0.290941 0.003097
vt 0.277126 0.000804
vt 0.292036 0.001208
vt 0.297297 0.002513
vt 0.296587 0.003722
vt 0.297764 0.001755
vt 0.247760 0.002317
vt 0.275243 0.004516
vt 0.248213 0.001169
vt 0.248478 0.000530
vt 0.248644 0.000172
vt 0.277356 0.000411
vt 0.295536 0.005585
vt 0.289914 0.004971
vt 0.722748 0.786346
vt 0.725623 0.786214
vt 0.725611 0.801241
vt 0.722728 0.801392
vt 0.726876 0.786051
vt 0.726865 0.801051
vt 0.725595 0.807056
vt 0.722703 0.807217
vt 0.726851 0.806847
vt 0.722764 0.757511
vt 0.717468 0.786444
vt 0.725632 0.757410
vt 0.726883 0.757288
vt 0.727296 0.757150
vt 0.727288 0.785862
vt 0.727277 0.800823
vt 0.007495 0.000473
vt 0.007721 0.000832
vt 0.001954 0.001314
vt 0.001698 0.000884
vt 0.000823 0.001933
vt 0.000545 0.001412
vt 0.726832 0.808000
vt 0.725575 0.808223
vt 0.722674 0.808391
vt 0.717385 0.807332
vt 0.717336 0.808510
vt 0.717430 0.801501
vt 0.023862 0.002693
vt 0.009097 0.003164
vt 0.008425 0.001981
vt 0.023270 0.001531
vt 0.003451 0.003792
vt 0.002741 0.002583
vt 0.008002 0.001275
vt 0.022912 0.000865
vt 0.002275 0.001825
vt 0.024795 0.004575
vt 0.052278 0.002363
vt 0.010124 0.005038
vt 0.004502 0.005654
vt 0.003435 0.006439
vt 0.002396 0.004593
vt 0.001671 0.003352
vt 0.001174 0.002529
vt 0.022682 0.000471
vt 0.051559 0.000577
vt 0.051394 0.000219
vt 0.051824 0.001215
vt 0.001840 0.041985
vt 0.001099 0.040832
vt 0.001233 0.015535
vt 0.001972 0.016791
vt 0.000555 0.039940
vt 0.000700 0.014601
vt 0.001422 0.005565
vt 0.002156 0.006835
vt 0.000904 0.004670
vt 0.001757 0.089940
vt 0.002838 0.043520
vt 0.001015 0.089031
vt 0.000465 0.088306
vt 0.000048 0.087677
vt 0.000147 0.039184
vt 0.000305 0.013840
vt 0.000528 0.003978
vt 0.003179 0.008651
vt 0.002981 0.018520
vt 0.606099 0.470943
vt 0.605786 0.496253
vt 0.602760 0.495703
vt 0.602852 0.470379
vt 0.605662 0.505880
vt 0.602726 0.505403
vt 0.601449 0.495056
vt 0.601459 0.469720
vt 0.601447 0.504837
vt 0.612100 0.471373
vt 0.606697 0.422152
vt 0.611354 0.496671
vt 0.611056 0.506240
vt 0.610983 0.507910
vt 0.605634 0.507623
vt 0.602721 0.507238
vt 0.601450 0.506776
vt 0.601029 0.506255
vt 0.601025 0.504211
vt 0.601022 0.494350
vt 0.601020 0.469006
vt 0.601480 0.421114
vt 0.601019 0.420513
vt 0.603028 0.421672
vt 0.606099 0.037423
vt 0.602852 0.037987
vt 0.602760 0.012662
vt 0.605786 0.012113
vt 0.601459 0.038645
vt 0.601449 0.013308
vt 0.602726 0.002961
vt 0.605662 0.002485
vt 0.601447 0.003526
vt 0.606697 0.086215
vt 0.612100 0.036994
vt 0.603028 0.086694
vt 0.601480 0.087251
vt 0.601019 0.087851
vt 0.601021 0.039358
vt 0.601022 0.014014
vt 0.601025 0.004152
vt 0.601029 0.002106
vt 0.601450 0.001586
vt 0.602721 0.001125
vt 0.605634 0.000741
vt 0.611056 0.002126
vt 0.610983 0.000455
vt 0.611354 0.011696
vt 0.001943 0.466032
vt 0.002086 0.491225
vt 0.001349 0.492482
vt 0.001202 0.467184
vt 0.002275 0.501181
vt 0.001542 0.502451
vt 0.000816 0.493415
vt 0.000659 0.468076
vt 0.001025 0.503346
vt 0.002940 0.464497
vt 0.001836 0.418077
vt 0.003095 0.489496
vt 0.003298 0.499365
vt 0.003555 0.501577
vt 0.002517 0.503423
vt 0.001792 0.504664
vt 0.001296 0.505487
vt 0.000945 0.506081
vt 0.000649 0.504037
vt 0.000421 0.494175
vt 0.000251 0.468831
vt 0.000545 0.419710
vt 0.000128 0.420338
vt 0.001095 0.418985
vt 0.023984 0.505313
vt 0.023392 0.506475
vt 0.008547 0.506031
vt 0.009218 0.504849
vt 0.023034 0.507141
vt 0.008124 0.506737
vt 0.002863 0.505432
vt 0.003572 0.504224
vt 0.002397 0.506190
vt 0.052399 0.505629
vt 0.024915 0.503431
vt 0.051947 0.506777
vt 0.051682 0.507415
vt 0.051517 0.507772
vt 0.022805 0.507533
vt 0.007844 0.507179
vt 0.002076 0.506700
vt 0.004622 0.502362
vt 0.010245 0.502975
vt 0.734007 0.277981
vt 0.734025 0.293026
vt 0.731140 0.292875
vt 0.731130 0.277848
vt 0.734048 0.298851
vt 0.731153 0.298689
vt 0.729882 0.292684
vt 0.729875 0.277685
vt 0.729893 0.298480
vt 0.739290 0.278078
vt 0.733994 0.249145
vt 0.739326 0.293135
vt 0.739369 0.298966
vt 0.739416 0.300144
vt 0.734074 0.300025
vt 0.731169 0.299856
vt 0.729907 0.299634
vt 0.001821 0.507128
vt 0.000667 0.506601
vt 0.729480 0.298224
vt 0.729468 0.292457
vt 0.729460 0.277496
vt 0.729870 0.248922
vt 0.729454 0.248784
vt 0.731123 0.249044
vt 0.734013 0.022338
vt 0.731135 0.022470
vt 0.731146 0.007443
vt 0.734032 0.007292
vt 0.729880 0.022632
vt 0.729889 0.007633
vt 0.731159 0.001628
vt 0.734054 0.001467
vt 0.729900 0.001836
vt 0.733998 0.051173
vt 0.739296 0.022241
vt 0.731127 0.051274
vt 0.729874 0.051396
vt 0.729459 0.051534
vt 0.729465 0.022821
vt 0.729474 0.007860
vt 0.729486 0.002092
vt 0.298465 0.507058
vt 0.298207 0.506629
vt 0.299339 0.506011
vt 0.299618 0.506530
vt 0.729914 0.000682
vt 0.731175 0.000460
vt 0.734080 0.000292
vt 0.739375 0.001352
vt 0.739423 0.000174
vt 0.739332 0.007183
vt 0.276297 0.505253
vt 0.291062 0.504782
vt 0.291735 0.505964
vt 0.276890 0.506415
vt 0.296708 0.504154
vt 0.297418 0.505363
vt 0.292158 0.506669
vt 0.277248 0.507080
vt 0.297886 0.506120
vt 0.275364 0.503371
vt 0.247881 0.505583
vt 0.290035 0.502909
vt 0.295656 0.502293
vt 0.296723 0.501508
vt 0.297763 0.503353
vt 0.298489 0.504593
vt 0.298986 0.505416
vt 0.292440 0.507112
vt 0.277479 0.507472
vt 0.248601 0.507368
vt 0.248767 0.507725
vt 0.248335 0.506730
vt 0.298319 0.465961
vt 0.299060 0.467113
vt 0.298926 0.492411
vt 0.298187 0.491155
vt 0.299605 0.468005
vt 0.299461 0.493344
vt 0.298738 0.502380
vt 0.298003 0.501111
vt 0.299256 0.503275
vt 0.298402 0.418006
vt 0.297321 0.464427
vt 0.299144 0.418914
vt 0.299696 0.419639
vt 0.300114 0.420267
vt 0.300014 0.468760
vt 0.299856 0.494104
vt 0.299633 0.503966
vt 0.296980 0.499295
vt 0.297178 0.489426
vt 0.670316 0.470942
vt 0.670002 0.496253
vt 0.666977 0.495703
vt 0.667069 0.470378
vt 0.669879 0.505881
vt 0.666943 0.505405
vt 0.665666 0.495058
vt 0.665676 0.469720
vt 0.665665 0.504840
vt 0.676316 0.471371
vt 0.670913 0.422150
vt 0.675570 0.496669
vt 0.675273 0.506239
vt 0.675201 0.507911
vt 0.669852 0.507625
vt 0.666939 0.507241
vt 0.665669 0.506780
vt 0.665248 0.506260
vt 0.665243 0.504215
vt 0.665240 0.494353
vt 0.665238 0.469008
vt 0.665696 0.421115
vt 0.665237 0.420515
vt 0.667245 0.421671
vt 0.664302 0.465601
vt 0.664721 0.465332
vt 0.664912 0.489821
vt 0.664654 0.490119
vt 0.665032 0.465117
vt 0.665134 0.489584
vt 0.665080 0.498994
vt 0.664912 0.499307
vt 0.665236 0.498746
vt 0.663822 0.418103
vt 0.663739 0.465940
vt 0.664510 0.417892
vt 0.664942 0.417723
vt 0.300257 0.415570
vt 0.300579 0.415427
vt 0.300652 0.462788
vt 0.300348 0.462964
vt 0.300746 0.487247
vt 0.300473 0.487431
vt 0.300860 0.496417
vt 0.300638 0.496594
vt 0.300861 0.498065
vt 0.300474 0.496841
vt 0.300748 0.498335
vt 0.665229 0.500486
vt 0.665106 0.500814
vt 0.664740 0.499690
vt 0.664977 0.501200
vt 0.664361 0.490491
vt 0.322647 0.462403
vt 0.322673 0.486909
vt 0.307645 0.486995
vt 0.307603 0.462508
vt 0.322692 0.496207
vt 0.307682 0.496254
vt 0.301863 0.487105
vt 0.301798 0.462637
vt 0.301932 0.496315
vt 0.351509 0.462322
vt 0.322620 0.415087
vt 0.351524 0.486843
vt 0.351535 0.496171
vt 0.351539 0.497902
vt 0.322700 0.497902
vt 0.307699 0.497897
vt 0.301968 0.497888
vt 0.301742 0.415298
vt 0.307563 0.415184
vt 0.322654 0.499172
vt 0.307609 0.499037
vt 0.307647 0.498647
vt 0.322675 0.498751
vt 0.301804 0.498866
vt 0.301865 0.498511
vt 0.307683 0.498269
vt 0.322693 0.498327
vt 0.301932 0.498189
vt 0.322635 0.499591
vt 0.351515 0.499267
vt 0.307578 0.499443
vt 0.301757 0.499259
vt 0.300594 0.499048
vt 0.300658 0.498662
vt 0.351535 0.498365
vt 0.351526 0.498821
vt 0.676601 0.786509
vt 0.676476 0.801553
vt 0.673549 0.801515
vt 0.673644 0.786488
vt 0.676322 0.807358
vt 0.673427 0.807297
vt 0.672224 0.801480
vt 0.672273 0.786470
vt 0.672156 0.807230
vt 0.681934 0.786528
vt 0.676692 0.757647
vt 0.681799 0.801584
vt 0.681638 0.807405
vt 0.681457 0.808568
vt 0.676141 0.808504
vt 0.673268 0.808414
vt 0.672046 0.808301
vt 0.671518 0.808301
vt 0.671707 0.807195
vt 0.671701 0.801464
vt 0.671696 0.786462
vt 0.672308 0.757628
vt 0.671692 0.757624
vt 0.673712 0.757636
vt 0.653366 0.502637
vt 0.655971 0.506321
vt 0.655569 0.507558
vt 0.652773 0.506385
vt 0.657095 0.507799
vt 0.656759 0.508083
vt 0.655288 0.508134
vt 0.652425 0.507914
vt 0.656499 0.508275
vt 0.654317 0.495578
vt 0.648553 0.495658
vt 0.656535 0.504109
vt 0.657514 0.507394
vt 0.657863 0.508034
vt 0.657463 0.508157
vt 0.657123 0.508274
vt 0.671586 0.808687
vt 0.671233 0.808414
vt 0.671855 0.808523
vt 0.673058 0.808687
vt 0.655090 0.508366
vt 0.652213 0.508315
vt 0.647114 0.507587
vt 0.646891 0.508270
vt 0.647588 0.504252
vt 0.670367 0.786509
vt 0.670808 0.786488
vt 0.670916 0.801515
vt 0.670507 0.801553
vt 0.671251 0.786470
vt 0.671311 0.801480
vt 0.671055 0.807297
vt 0.670681 0.807358
vt 0.671393 0.807230
vt 0.670264 0.757647
vt 0.669927 0.786528
vt 0.670731 0.757636
vt 0.671208 0.757628
vt 0.670888 0.808504
vt 0.670268 0.807405
vt 0.670483 0.808568
vt 0.670081 0.801584
vt 0.653366 0.005732
vt 0.652773 0.001983
vt 0.655569 0.000810
vt 0.655971 0.002047
vt 0.652425 0.000453
vt 0.655288 0.000233
vt 0.656760 0.000285
vt 0.657095 0.000569
vt 0.656499 0.000091
vt 0.648553 0.012711
vt 0.654317 0.012791
vt 0.647588 0.004116
vt 0.647114 0.000780
vt 0.646891 0.000096
vt 0.652213 0.000052
vt 0.655090 0.000000
vt 0.783707 0.300322
vt 0.783499 0.300049
vt 0.784722 0.299937
vt 0.784911 0.300158
vt 0.785249 0.299937
vt 0.785179 0.300322
vt 0.785534 0.300049
vt 0.657123 0.000092
vt 0.657463 0.000210
vt 0.657514 0.000974
vt 0.657863 0.000333
vt 0.656535 0.004260
vt 0.780169 0.278144
vt 0.783126 0.278123
vt 0.783220 0.293151
vt 0.780293 0.293188
vt 0.784497 0.278105
vt 0.784546 0.293115
vt 0.783342 0.298932
vt 0.780445 0.298993
vt 0.784612 0.298865
vt 0.780079 0.249283
vt 0.774835 0.278163
vt 0.783059 0.249272
vt 0.784464 0.249263
vt 0.785080 0.249260
vt 0.785075 0.278098
vt 0.785069 0.293099
vt 0.785062 0.298830
vt 0.780625 0.300139
vt 0.775128 0.299040
vt 0.775307 0.300203
vt 0.774968 0.293219
vt 0.786403 0.278144
vt 0.786261 0.293188
vt 0.785853 0.293151
vt 0.785962 0.278123
vt 0.786086 0.298993
vt 0.785713 0.298932
vt 0.785458 0.293115
vt 0.785519 0.278105
vt 0.785376 0.298865
vt 0.786841 0.278163
vt 0.786506 0.249283
vt 0.786686 0.293220
vt 0.786498 0.299040
vt 0.786282 0.300203
vt 0.785878 0.300139
vt 0.785563 0.249263
vt 0.786040 0.249272
vt 0.322571 0.041659
vt 0.307526 0.041558
vt 0.307560 0.017071
vt 0.322587 0.017153
vt 0.301721 0.041431
vt 0.301778 0.016963
vt 0.307593 0.007813
vt 0.322603 0.007854
vt 0.301843 0.007752
vt 0.322561 0.088974
vt 0.351433 0.041729
vt 0.307504 0.088882
vt 0.301683 0.088769
vt 0.300519 0.088639
vt 0.300575 0.041278
vt 0.300661 0.016820
vt 0.300771 0.007651
vt 0.300771 0.006002
vt 0.301878 0.006179
vt 0.307609 0.006170
vt 0.322611 0.006159
vt 0.351446 0.007880
vt 0.351449 0.006148
vt 0.351439 0.017208
vt 0.664302 0.042768
vt 0.664654 0.018250
vt 0.664912 0.018548
vt 0.664721 0.043037
vt 0.664912 0.009062
vt 0.665080 0.009374
vt 0.665134 0.018784
vt 0.665032 0.043251
vt 0.665236 0.009622
vt 0.663739 0.042430
vt 0.663822 0.090267
vt 0.664361 0.017878
vt 0.664740 0.008679
vt 0.664977 0.007167
vt 0.665106 0.007553
vt 0.665229 0.007880
vt 0.300385 0.007224
vt 0.300658 0.005731
vt 0.300549 0.007472
vt 0.300387 0.016634
vt 0.300271 0.041101
vt 0.300197 0.088495
vt 0.664510 0.090477
vt 0.664942 0.090646
vt 0.322563 0.004888
vt 0.322585 0.005310
vt 0.307557 0.005418
vt 0.307519 0.005028
vt 0.322603 0.005734
vt 0.307593 0.005797
vt 0.301775 0.005556
vt 0.301714 0.005200
vt 0.301842 0.005879
vt 0.351425 0.004782
vt 0.322544 0.004468
vt 0.351436 0.005228
vt 0.351445 0.005685
vt 0.300568 0.005403
vt 0.301667 0.004806
vt 0.300504 0.005017
vt 0.307488 0.004621
vt 0.717581 0.005728
vt 0.716988 0.001980
vt 0.719785 0.000807
vt 0.720186 0.002044
vt 0.716641 0.000452
vt 0.719504 0.000232
vt 0.720975 0.000283
vt 0.721310 0.000567
vt 0.720715 0.000091
vt 0.712768 0.012707
vt 0.718531 0.012787
vt 0.711803 0.004113
vt 0.711329 0.000779
vt 0.711108 0.000096
vt 0.716429 0.000052
vt 0.719306 -0.000000
vt 0.673058 0.508365
vt 0.673268 0.508638
vt 0.672046 0.508750
vt 0.671855 0.508529
vt 0.671518 0.508750
vt 0.671586 0.508365
vt 0.671233 0.508638
vt 0.721339 0.000092
vt 0.721679 0.000210
vt 0.721730 0.000972
vt 0.722079 0.000332
vt 0.720750 0.004256
vt 0.676601 0.530543
vt 0.673644 0.530564
vt 0.673549 0.515536
vt 0.676476 0.515499
vt 0.672273 0.530582
vt 0.672224 0.515572
vt 0.673427 0.509755
vt 0.676322 0.509693
vt 0.672156 0.509822
vt 0.676692 0.559405
vt 0.681934 0.530524
vt 0.673712 0.559415
vt 0.672308 0.559424
vt 0.671692 0.559428
vt 0.671696 0.530589
vt 0.671701 0.515588
vt 0.671707 0.509857
vt 0.676141 0.508548
vt 0.681638 0.509647
vt 0.681457 0.508484
vt 0.681799 0.515467
vt 0.670367 0.530543
vt 0.670507 0.515499
vt 0.670916 0.515536
vt 0.670808 0.530564
vt 0.670681 0.509693
vt 0.671055 0.509755
vt 0.671311 0.515572
vt 0.671251 0.530582
vt 0.671393 0.509822
vt 0.669927 0.530524
vt 0.670264 0.559405
vt 0.670081 0.515467
vt 0.670268 0.509647
vt 0.670483 0.508484
vt 0.670888 0.508548
vt 0.671208 0.559424
vt 0.670731 0.559415
vt 0.728516 0.042764
vt 0.728869 0.018246
vt 0.729127 0.018545
vt 0.728936 0.043033
vt 0.729127 0.009059
vt 0.729296 0.009372
vt 0.729349 0.018782
vt 0.729248 0.043248
vt 0.729452 0.009620
vt 0.727953 0.042425
vt 0.728037 0.090262
vt 0.728576 0.017874
vt 0.728956 0.008676
vt 0.729193 0.007166
vt 0.729321 0.007551
vt 0.729446 0.007880
vt 0.600796 0.496785
vt 0.600523 0.498278
vt 0.600309 0.497823
vt 0.600632 0.496537
vt 0.600411 0.496360
vt 0.600794 0.487375
vt 0.600521 0.487190
vt 0.600910 0.462907
vt 0.600607 0.462731
vt 0.600983 0.415513
vt 0.600662 0.415370
vt 0.728725 0.090472
vt 0.729157 0.090643
vt 0.578619 0.499124
vt 0.578598 0.498702
vt 0.593625 0.498593
vt 0.593663 0.498983
vt 0.578580 0.498278
vt 0.593590 0.498215
vt 0.599407 0.498454
vt 0.599468 0.498810
vt 0.599340 0.498132
vt 0.549757 0.499230
vt 0.578638 0.499543
vt 0.549747 0.498784
vt 0.549738 0.498327
vt 0.549735 0.497865
vt 0.578573 0.497853
vt 0.593574 0.497842
vt 0.599304 0.497832
vt 0.600613 0.498606
vt 0.599514 0.499203
vt 0.600677 0.498991
vt 0.593694 0.499389
vt 0.578613 0.462354
vt 0.593657 0.462454
vt 0.593623 0.486941
vt 0.578596 0.486860
vt 0.599462 0.462580
vt 0.599405 0.487049
vt 0.593590 0.496200
vt 0.578580 0.496159
vt 0.599340 0.496259
vt 0.578623 0.415039
vt 0.549751 0.462284
vt 0.593679 0.415130
vt 0.599500 0.415242
vt 0.549738 0.496134
vt 0.549745 0.486806
vt 0.728516 0.465595
vt 0.728936 0.465327
vt 0.729127 0.489816
vt 0.728869 0.490114
vt 0.729248 0.465113
vt 0.729349 0.489580
vt 0.729296 0.498990
vt 0.729127 0.499303
vt 0.729452 0.498743
vt 0.728037 0.418097
vt 0.727953 0.465934
vt 0.728725 0.417887
vt 0.729157 0.417718
vt 0.600924 0.088438
vt 0.600603 0.088582
vt 0.600530 0.041221
vt 0.600833 0.041044
vt 0.600435 0.016763
vt 0.600708 0.016577
vt 0.600322 0.007594
vt 0.600543 0.007416
vt 0.600321 0.005945
vt 0.600706 0.007167
vt 0.600433 0.005674
vt 0.729446 0.500484
vt 0.729321 0.500812
vt 0.728956 0.499685
vt 0.729193 0.501197
vt 0.728576 0.490486
vt 0.578536 0.041610
vt 0.578510 0.017104
vt 0.593538 0.017017
vt 0.593580 0.041504
vt 0.578491 0.007805
vt 0.593501 0.007758
vt 0.599319 0.016906
vt 0.599385 0.041374
vt 0.599251 0.007696
vt 0.549675 0.041692
vt 0.578564 0.088926
vt 0.549659 0.017170
vt 0.549649 0.007842
vt 0.549645 0.006111
vt 0.578483 0.006111
vt 0.593484 0.006115
vt 0.599215 0.006123
vt 0.599440 0.088713
vt 0.593620 0.088828
vt 0.578529 0.004839
vt 0.593573 0.004973
vt 0.593535 0.005364
vt 0.578508 0.005261
vt 0.599378 0.005143
vt 0.599317 0.005500
vt 0.593500 0.005742
vt 0.578490 0.005685
vt 0.599250 0.005822
vt 0.578547 0.004419
vt 0.549667 0.004744
vt 0.593604 0.004567
vt 0.599424 0.004750
vt 0.600587 0.004960
vt 0.600523 0.005346
vt 0.549648 0.005648
vt 0.549657 0.005191
vt 0.717581 0.502632
vt 0.720186 0.506317
vt 0.719785 0.507554
vt 0.716988 0.506381
vt 0.721310 0.507795
vt 0.720975 0.508080
vt 0.719504 0.508131
vt 0.716641 0.507911
vt 0.720715 0.508273
vt 0.718531 0.495572
vt 0.712768 0.495653
vt 0.720750 0.504104
vt 0.721730 0.507390
vt 0.722079 0.508032
vt 0.721679 0.508154
vt 0.721339 0.508273
vt 0.785186 0.000000
vt 0.785540 0.000273
vt 0.785062 0.000488
vt 0.784918 0.000164
vt 0.784728 0.000386
vt 0.783713 0.000000
vt 0.783505 0.000273
vt 0.719306 0.508365
vt 0.716429 0.508313
vt 0.711329 0.507584
vt 0.711108 0.508268
vt 0.711803 0.504248
vt 0.786408 0.022178
vt 0.785967 0.022200
vt 0.785859 0.007172
vt 0.786268 0.007134
vt 0.785525 0.022217
vt 0.785464 0.007207
vt 0.785719 0.001390
vt 0.786092 0.001329
vt 0.785382 0.001457
vt 0.786511 0.051040
vt 0.786847 0.022160
vt 0.786045 0.051051
vt 0.785567 0.051060
vt 0.785084 0.051063
vt 0.785081 0.022225
vt 0.785075 0.007224
vt 0.785068 0.001493
vt 0.785884 0.000183
vt 0.786504 0.001282
vt 0.786289 0.000119
vt 0.786693 0.007103
vt 0.780175 0.022178
vt 0.780299 0.007134
vt 0.783226 0.007172
vt 0.783132 0.022200
vt 0.780452 0.001329
vt 0.783348 0.001390
vt 0.784552 0.007207
vt 0.784503 0.022217
vt 0.784619 0.001457
vt 0.774841 0.022159
vt 0.780083 0.051040
vt 0.774974 0.007103
vt 0.775134 0.001282
vt 0.775313 0.000119
vt 0.780631 0.000183
vt 0.784468 0.051060
vt 0.783064 0.051051
vt 0.203434 0.002135
vt 0.150019 0.002083
vt 0.150019 0.000947
vt 0.203680 0.000995
vt 0.096603 0.002160
vt 0.096357 0.001021
vt 0.150019 0.000330
vt 0.203822 0.000373
vt 0.096216 0.000399
vt 0.096130 0.000062
vt 0.150019 0.000000
vt 0.203909 0.000036
vt 0.726887 0.604562
vt 0.726889 0.658525
vt 0.725639 0.658525
vt 0.725637 0.604497
vt 0.726887 0.712488
vt 0.725637 0.712553
vt 0.722776 0.658525
vt 0.722773 0.604442
vt 0.722773 0.712608
vt 0.727301 0.604635
vt 0.727303 0.658525
vt 0.727301 0.712415
vt 0.607531 0.162379
vt 0.607978 0.254184
vt 0.603407 0.254183
vt 0.603274 0.162653
vt 0.607531 0.345988
vt 0.603274 0.345713
vt 0.601526 0.254183
vt 0.601510 0.162971
vt 0.601510 0.345394
vt 0.601019 0.345051
vt 0.601018 0.254182
vt 0.601019 0.163313
vt 0.000466 0.344521
vt 0.000424 0.254008
vt 0.000980 0.254008
vt 0.001020 0.344115
vt 0.000422 0.163495
vt 0.000977 0.163901
vt 0.001727 0.254016
vt 0.001762 0.343614
vt 0.001719 0.164403
vt 0.000044 0.344877
vt 0.000000 0.254008
vt -0.000000 0.163138
vt 0.096725 0.505811
vt 0.150140 0.505863
vt 0.150141 0.506999
vt 0.096479 0.506950
vt 0.203556 0.505786
vt 0.203803 0.506925
vt 0.150142 0.507615
vt 0.096339 0.507572
vt 0.203944 0.507546
vt 0.204032 0.507882
vt 0.150142 0.507944
vt 0.096252 0.507908
vt 0.729868 0.204122
vt 0.729868 0.150159
vt 0.731119 0.150159
vt 0.731120 0.204187
vt 0.729870 0.096196
vt 0.731122 0.096131
vt 0.733985 0.150159
vt 0.733986 0.204242
vt 0.733989 0.096077
vt 0.729452 0.204048
vt 0.729452 0.150159
vt 0.729454 0.096269
vt 0.671746 0.162378
vt 0.672194 0.254182
vt 0.667623 0.254182
vt 0.667491 0.162653
vt 0.671746 0.345986
vt 0.667491 0.345712
vt 0.665743 0.254183
vt 0.665726 0.162972
vt 0.665726 0.345394
vt 0.665236 0.345053
vt 0.665236 0.254184
vt 0.665236 0.163316
vt 0.299694 0.163424
vt 0.299736 0.253937
vt 0.299180 0.253937
vt 0.299139 0.163831
vt 0.299738 0.344449
vt 0.299183 0.344044
vt 0.298435 0.253945
vt 0.298397 0.164332
vt 0.298440 0.343543
vt 0.300117 0.163067
vt 0.300161 0.253936
vt 0.300161 0.344805
vt 0.199640 0.054468
vt 0.150031 0.054487
vt 0.150025 0.031165
vt 0.199643 0.031150
vt 0.100422 0.054492
vt 0.100408 0.031173
vt 0.150023 0.022244
vt 0.199659 0.022233
vt 0.100387 0.022256
vt 0.199647 0.099379
vt 0.150042 0.099397
vt 0.100436 0.099402
vt 0.100353 0.020549
vt 0.150023 0.020532
vt 0.199693 0.020526
vt 0.199752 0.019996
vt 0.150023 0.019998
vt 0.150022 0.019238
vt 0.199878 0.019241
vt 0.100293 0.020020
vt 0.100167 0.019265
vt 0.150022 0.018005
vt 0.200116 0.018015
vt 0.099928 0.018038
vt 0.009022 0.339223
vt 0.008962 0.254007
vt 0.009762 0.254007
vt 0.009820 0.338922
vt 0.008981 0.168792
vt 0.009779 0.169092
vt 0.010467 0.254007
vt 0.010521 0.338756
vt 0.010480 0.169258
vt 0.011186 0.169347
vt 0.011179 0.254007
vt 0.011227 0.338666
vt 0.012711 0.338604
vt 0.012671 0.254006
vt 0.018411 0.254005
vt 0.018444 0.338557
vt 0.012670 0.169408
vt 0.018403 0.169452
vt 0.032544 0.254001
vt 0.032569 0.338522
vt 0.032529 0.169481
vt 0.059191 0.169496
vt 0.059211 0.253995
vt 0.059232 0.338495
vt 0.100519 0.453479
vt 0.150127 0.453460
vt 0.150133 0.476782
vt 0.100516 0.476797
vt 0.199736 0.453455
vt 0.199750 0.476774
vt 0.150135 0.485703
vt 0.100499 0.485714
vt 0.199772 0.485691
vt 0.100511 0.408568
vt 0.150116 0.408550
vt 0.199722 0.408545
vt 0.199805 0.487398
vt 0.150136 0.487415
vt 0.100466 0.487421
vt 0.100406 0.487951
vt 0.150136 0.487949
vt 0.150136 0.488709
vt 0.100280 0.488706
vt 0.199865 0.487927
vt 0.199991 0.488682
vt 0.150136 0.489942
vt 0.100042 0.489932
vt 0.200230 0.489909
vt 0.291136 0.168724
vt 0.291196 0.253940
vt 0.290397 0.253940
vt 0.290339 0.169025
vt 0.291177 0.339155
vt 0.290380 0.338855
vt 0.289691 0.253940
vt 0.289637 0.169191
vt 0.289678 0.338690
vt 0.288972 0.338600
vt 0.288979 0.253940
vt 0.288931 0.169281
vt 0.287447 0.169343
vt 0.287488 0.253941
vt 0.281747 0.253942
vt 0.281714 0.169390
vt 0.287488 0.338539
vt 0.281755 0.338495
vt 0.267615 0.253946
vt 0.267589 0.169425
vt 0.267630 0.338466
vt 0.240967 0.338451
vt 0.240947 0.253952
vt 0.240926 0.169453
vt 0.295941 0.045422
vt 0.294505 0.047616
vt 0.294284 0.023274
vt 0.295758 0.020721
vt 0.293070 0.049748
vt 0.292812 0.025767
vt 0.293995 0.013799
vt 0.295518 0.011023
vt 0.292474 0.016528
vt 0.292044 0.014716
vt 0.293628 0.011830
vt 0.295214 0.008910
vt 0.294102 0.008197
vt 0.292449 0.011227
vt 0.286820 0.010754
vt 0.288482 0.007639
vt 0.290800 0.014235
vt 0.285161 0.013859
vt 0.272376 0.010403
vt 0.273920 0.007224
vt 0.270833 0.013582
vt 0.006990 0.049816
vt 0.005553 0.047684
vt 0.005762 0.023342
vt 0.007236 0.025835
vt 0.004116 0.045491
vt 0.004288 0.020790
vt 0.006047 0.013868
vt 0.007570 0.016596
vt 0.004523 0.011092
vt 0.004825 0.008979
vt 0.006413 0.011898
vt 0.007999 0.014783
vt 0.009243 0.014302
vt 0.007592 0.011294
vt 0.013220 0.010819
vt 0.014881 0.013924
vt 0.005938 0.008265
vt 0.011557 0.007705
vt 0.027665 0.010461
vt 0.029209 0.013639
vt 0.026119 0.007283
vt 0.029325 0.494365
vt 0.027782 0.497544
vt 0.013338 0.497193
vt 0.014998 0.494088
vt 0.026238 0.500723
vt 0.011676 0.500308
vt 0.007709 0.496720
vt 0.009359 0.493712
vt 0.006057 0.499750
vt 0.004944 0.499037
vt 0.006530 0.496117
vt 0.008114 0.493231
vt 0.007685 0.491419
vt 0.006163 0.494147
vt 0.005874 0.484673
vt 0.007346 0.482179
vt 0.004640 0.496924
vt 0.004401 0.487226
vt 0.005653 0.460331
vt 0.007089 0.458199
vt 0.004217 0.462525
vt 0.293168 0.458131
vt 0.294605 0.460263
vt 0.294396 0.484605
vt 0.292923 0.482112
vt 0.296042 0.462456
vt 0.295871 0.487156
vt 0.294111 0.494079
vt 0.292588 0.491351
vt 0.295636 0.496855
vt 0.295333 0.498968
vt 0.293745 0.496049
vt 0.292160 0.493164
vt 0.290916 0.493645
vt 0.292567 0.496653
vt 0.286938 0.497128
vt 0.285277 0.494023
vt 0.294220 0.499681
vt 0.288601 0.500242
vt 0.272494 0.497486
vt 0.270949 0.494308
vt 0.274040 0.500664
vt 0.722347 0.026441
vt 0.721250 0.028917
vt 0.722289 0.009307
vt 0.723037 0.008811
vt 0.719863 0.022712
vt 0.721488 0.007313
vt 0.722811 0.001854
vt 0.723419 0.001950
vt 0.722238 0.001475
vt 0.723078 0.023162
vt 0.722542 0.000453
vt 0.723061 0.000589
vt 0.723628 0.000764
vt 0.724046 0.002068
vt 0.724234 0.001000
vt 0.723697 0.008104
vt 0.668769 0.509597
vt 0.669314 0.509602
vt 0.669159 0.515437
vt 0.668640 0.515433
vt 0.669814 0.509618
vt 0.669635 0.515447
vt 0.669030 0.530506
vt 0.668535 0.530503
vt 0.669488 0.530512
vt 0.668305 0.508415
vt 0.668919 0.508416
vt 0.668175 0.509596
vt 0.669492 0.508424
vt 0.670015 0.508444
vt 0.667981 0.530503
vt 0.668067 0.515433
vt 0.676747 0.604366
vt 0.676766 0.658526
vt 0.673767 0.658526
vt 0.673753 0.604371
vt 0.676747 0.712686
vt 0.673753 0.712681
vt 0.672336 0.658526
vt 0.672329 0.604374
vt 0.672329 0.712678
vt 0.671689 0.712676
vt 0.671688 0.658526
vt 0.671689 0.604376
vt 0.671183 0.604374
vt 0.671174 0.658526
vt 0.670669 0.658526
vt 0.670684 0.604371
vt 0.671183 0.712678
vt 0.670684 0.712681
vt 0.670182 0.658526
vt 0.670202 0.604366
vt 0.670202 0.712686
vt 0.655648 0.485653
vt 0.657035 0.479448
vt 0.658074 0.499058
vt 0.657273 0.501052
vt 0.658132 0.481924
vt 0.658822 0.499554
vt 0.658595 0.506511
vt 0.658023 0.506890
vt 0.659204 0.506415
vt 0.658864 0.485203
vt 0.659482 0.500261
vt 0.659830 0.506298
vt 0.660018 0.507366
vt 0.659412 0.507602
vt 0.658845 0.507777
vt 0.658326 0.507913
vt 0.669814 0.807434
vt 0.669314 0.807449
vt 0.669159 0.801614
vt 0.669635 0.801604
vt 0.668769 0.807454
vt 0.668640 0.801618
vt 0.669030 0.786546
vt 0.669488 0.786540
vt 0.668535 0.786548
vt 0.670015 0.808607
vt 0.669492 0.808627
vt 0.668919 0.808635
vt 0.668305 0.808636
vt 0.668175 0.807455
vt 0.668067 0.801618
vt 0.667981 0.786548
vt 0.724634 0.027750
vt 0.723948 0.030853
vt 0.724851 0.010702
vt 0.725474 0.010150
vt 0.723502 0.027017
vt 0.724277 0.009369
vt 0.725305 0.002996
vt 0.725923 0.003318
vt 0.724676 0.002496
vt 0.725254 0.024575
vt 0.724869 0.001314
vt 0.725514 0.001705
vt 0.726145 0.002164
vt 0.726503 0.003698
vt 0.726742 0.002685
vt 0.726052 0.009649
vt 0.666209 0.509596
vt 0.666871 0.509596
vt 0.666767 0.515433
vt 0.666095 0.515432
vt 0.667535 0.509596
vt 0.667434 0.515433
vt 0.666689 0.530503
vt 0.666010 0.530502
vt 0.667357 0.530503
vt 0.665740 0.508415
vt 0.666354 0.508415
vt 0.665578 0.509595
vt 0.667001 0.508415
vt 0.667659 0.508415
vt 0.665355 0.530502
vt 0.665451 0.515432
vt 0.659287 0.481348
vt 0.659733 0.477511
vt 0.660636 0.497663
vt 0.660062 0.498997
vt 0.660420 0.480614
vt 0.661260 0.498215
vt 0.661090 0.505369
vt 0.660461 0.505869
vt 0.661708 0.505047
vt 0.661040 0.483790
vt 0.661838 0.498716
vt 0.662287 0.504667
vt 0.662527 0.505681
vt 0.661930 0.506202
vt 0.661298 0.506661
vt 0.660653 0.507052
vt 0.667535 0.807455
vt 0.666871 0.807455
vt 0.666767 0.801618
vt 0.667434 0.801618
vt 0.666209 0.807455
vt 0.666095 0.801618
vt 0.666689 0.786548
vt 0.667357 0.786548
vt 0.666010 0.786548
vt 0.667659 0.808636
vt 0.667001 0.808635
vt 0.666354 0.808635
vt 0.665740 0.808635
vt 0.665578 0.807454
vt 0.665451 0.801618
vt 0.665355 0.786548
vt 0.726281 0.029687
vt 0.725764 0.032598
vt 0.726889 0.012659
vt 0.727310 0.012282
vt 0.725518 0.028599
vt 0.726496 0.011132
vt 0.727475 0.005081
vt 0.727874 0.005569
vt 0.727019 0.004371
vt 0.726725 0.026665
vt 0.727285 0.003258
vt 0.727763 0.003865
vt 0.728169 0.004484
vt 0.728199 0.006058
vt 0.728496 0.005095
vt 0.727660 0.011911
vt 0.599563 0.501795
vt 0.599562 0.502419
vt 0.593726 0.502525
vt 0.593727 0.501899
vt 0.599562 0.503037
vt 0.593725 0.503153
vt 0.578656 0.502607
vt 0.578657 0.501980
vt 0.578655 0.503242
vt 0.600744 0.501059
vt 0.600744 0.501668
vt 0.599564 0.501192
vt 0.600743 0.502286
vt 0.600742 0.502891
vt 0.600741 0.503463
vt 0.599560 0.503624
vt 0.593724 0.503753
vt 0.578654 0.503851
vt 0.578658 0.501392
vt 0.593727 0.501303
vt 0.661303 0.479766
vt 0.661549 0.475767
vt 0.662674 0.495706
vt 0.662281 0.497233
vt 0.662067 0.478678
vt 0.663095 0.496083
vt 0.663259 0.503285
vt 0.662804 0.503994
vt 0.663659 0.502797
vt 0.662511 0.481699
vt 0.663445 0.496454
vt 0.663984 0.502307
vt 0.664280 0.503271
vt 0.663953 0.503882
vt 0.663547 0.504501
vt 0.663069 0.505108
vt 0.301703 0.503094
vt 0.301704 0.502476
vt 0.307541 0.502580
vt 0.307540 0.503207
vt 0.301705 0.501852
vt 0.307542 0.501953
vt 0.322611 0.502656
vt 0.322610 0.503291
vt 0.322612 0.502028
vt 0.300521 0.503520
vt 0.300522 0.502948
vt 0.301702 0.503681
vt 0.300523 0.502343
vt 0.300524 0.501725
vt 0.300524 0.501116
vt 0.301705 0.501248
vt 0.307542 0.501357
vt 0.322613 0.501440
vt 0.322609 0.503899
vt 0.307539 0.503807
vt 0.727280 0.041580
vt 0.726808 0.038116
vt 0.728003 0.015939
vt 0.728261 0.017299
vt 0.726759 0.031162
vt 0.727848 0.013577
vt 0.728621 0.007579
vt 0.728789 0.008204
vt 0.728438 0.006789
vt 0.728741 0.005677
vt 0.728924 0.006222
vt 0.729067 0.006720
vt 0.599543 0.499636
vt 0.599558 0.500111
vt 0.593724 0.500268
vt 0.593714 0.499814
vt 0.599563 0.500629
vt 0.593727 0.500760
vt 0.578656 0.500398
vt 0.578650 0.499962
vt 0.578658 0.500868
vt 0.600716 0.499435
vt 0.600736 0.499934
vt 0.600743 0.500478
vt 0.662544 0.477203
vt 0.662593 0.470248
vt 0.663788 0.492426
vt 0.663634 0.494788
vt 0.663066 0.466785
vt 0.664046 0.491066
vt 0.664406 0.500786
vt 0.664222 0.501576
vt 0.664574 0.500162
vt 0.664851 0.501645
vt 0.664708 0.502144
vt 0.664526 0.502689
vt 0.301707 0.500686
vt 0.301712 0.500168
vt 0.307547 0.500322
vt 0.307543 0.500815
vt 0.301728 0.499693
vt 0.307558 0.499868
vt 0.322616 0.500446
vt 0.322613 0.500917
vt 0.322622 0.500011
vt 0.300526 0.500535
vt 0.300533 0.499991
vt 0.300554 0.499492
vt 0.396471 0.462268
vt 0.450630 0.462243
vt 0.450635 0.486776
vt 0.396480 0.486799
vt 0.504790 0.462248
vt 0.504790 0.486778
vt 0.450636 0.496128
vt 0.396485 0.496145
vt 0.504788 0.496124
vt 0.504787 0.497877
vt 0.450637 0.497888
vt 0.396486 0.497897
vt 0.396485 0.498382
vt 0.450637 0.498381
vt 0.450637 0.498864
vt 0.396481 0.498859
vt 0.504788 0.498362
vt 0.504792 0.498838
vt 0.450637 0.499330
vt 0.396477 0.499320
vt 0.504796 0.499299
vt 0.726759 0.477196
vt 0.726808 0.470242
vt 0.728003 0.492420
vt 0.727848 0.494782
vt 0.727280 0.466778
vt 0.728261 0.491060
vt 0.728621 0.500781
vt 0.728438 0.501572
vt 0.728789 0.500157
vt 0.726725 0.481693
vt 0.729067 0.501642
vt 0.728924 0.502141
vt 0.728741 0.502686
vt 0.728199 0.502302
vt 0.728496 0.503268
vt 0.727660 0.496448
vt 0.599473 0.003320
vt 0.599468 0.003839
vt 0.593633 0.003686
vt 0.593637 0.003192
vt 0.599453 0.004315
vt 0.593623 0.004141
vt 0.578565 0.003563
vt 0.578567 0.003091
vt 0.578559 0.003999
vt 0.600653 0.002887
vt 0.600653 0.003470
vt 0.599473 0.002756
vt 0.600646 0.004015
vt 0.600626 0.004514
vt 0.578567 0.002566
vt 0.593637 0.002648
vt 0.504713 0.041746
vt 0.450554 0.041771
vt 0.450549 0.017237
vt 0.504704 0.017215
vt 0.396394 0.041766
vt 0.396394 0.017236
vt 0.450547 0.007886
vt 0.504699 0.007869
vt 0.396396 0.007890
vt 0.396397 0.006137
vt 0.450547 0.006125
vt 0.504697 0.006116
vt 0.504698 0.005631
vt 0.450547 0.005632
vt 0.450547 0.005149
vt 0.504702 0.005154
vt 0.396395 0.005651
vt 0.396391 0.005174
vt 0.450546 0.004682
vt 0.504706 0.004692
vt 0.396387 0.004713
vt 0.663066 0.041585
vt 0.662593 0.038122
vt 0.663788 0.015944
vt 0.664046 0.017304
vt 0.662544 0.031167
vt 0.663634 0.013581
vt 0.664406 0.007583
vt 0.664574 0.008207
vt 0.664222 0.006792
vt 0.662511 0.026671
vt 0.663445 0.011916
vt 0.663984 0.006062
vt 0.664280 0.005096
vt 0.664526 0.005679
vt 0.664708 0.006223
vt 0.664851 0.006722
vt 0.301637 0.004372
vt 0.301622 0.003896
vt 0.307457 0.003741
vt 0.307468 0.004195
vt 0.301616 0.003376
vt 0.307453 0.003247
vt 0.322526 0.003611
vt 0.322532 0.004048
vt 0.322523 0.003140
vt 0.300464 0.004571
vt 0.300443 0.004072
vt 0.300435 0.003527
vt 0.300433 0.002944
vt 0.301615 0.002812
vt 0.307452 0.002703
vt 0.322522 0.002614
vt 0.725517 0.479759
vt 0.725764 0.475760
vt 0.726889 0.495700
vt 0.726496 0.497227
vt 0.726281 0.478671
vt 0.727310 0.496077
vt 0.727475 0.503280
vt 0.727019 0.503990
vt 0.727874 0.502792
vt 0.725254 0.483783
vt 0.728169 0.503878
vt 0.727763 0.504498
vt 0.727285 0.505104
vt 0.726503 0.504663
vt 0.726742 0.505678
vt 0.726052 0.498710
vt 0.599470 0.000902
vt 0.599471 0.001523
vt 0.593635 0.001420
vt 0.593634 0.000789
vt 0.599472 0.002150
vt 0.593636 0.002050
vt 0.578565 0.001345
vt 0.578564 0.000707
vt 0.578566 0.001976
vt 0.600649 0.000471
vt 0.600650 0.001046
vt 0.599469 0.000310
vt 0.600652 0.001654
vt 0.600652 0.002275
vt 0.578562 0.000094
vt 0.593632 0.000185
vt 0.662067 0.029692
vt 0.661549 0.032603
vt 0.662674 0.012663
vt 0.663095 0.012287
vt 0.661303 0.028604
vt 0.662281 0.011136
vt 0.663260 0.005084
vt 0.663659 0.005572
vt 0.662804 0.004374
vt 0.661040 0.024580
vt 0.661838 0.009653
vt 0.662287 0.003701
vt 0.662527 0.002686
vt 0.663069 0.003260
vt 0.663547 0.003867
vt 0.663953 0.004486
vt 0.301614 0.002206
vt 0.301613 0.001580
vt 0.307450 0.001475
vt 0.307451 0.002104
vt 0.301612 0.000958
vt 0.307449 0.000843
vt 0.322520 0.001393
vt 0.322521 0.002024
vt 0.322519 0.000755
vt 0.300433 0.002332
vt 0.300432 0.001711
vt 0.300431 0.001103
vt 0.300429 0.000527
vt 0.301610 0.000367
vt 0.307447 0.000240
vt 0.322517 0.000142
vt 0.723502 0.481342
vt 0.723948 0.477505
vt 0.724851 0.497658
vt 0.724277 0.498991
vt 0.724634 0.480608
vt 0.725474 0.498209
vt 0.725305 0.505364
vt 0.724676 0.505865
vt 0.725923 0.505043
vt 0.723078 0.485197
vt 0.726145 0.506199
vt 0.725514 0.506658
vt 0.724869 0.507049
vt 0.724046 0.506293
vt 0.724234 0.507363
vt 0.723697 0.500255
vt 0.789231 0.001231
vt 0.789892 0.001231
vt 0.789996 0.007068
vt 0.789332 0.007068
vt 0.790549 0.001231
vt 0.790664 0.007067
vt 0.790075 0.022138
vt 0.789410 0.022138
vt 0.790750 0.022137
vt 0.788461 0.000050
vt 0.789105 0.000050
vt 0.788593 0.001231
vt 0.789759 0.000050
vt 0.790402 0.000050
vt 0.791013 0.000049
vt 0.791176 0.001230
vt 0.791304 0.007067
vt 0.791400 0.022137
vt 0.788789 0.022138
vt 0.788703 0.007068
vt 0.660420 0.027756
vt 0.659733 0.030859
vt 0.660636 0.010706
vt 0.661260 0.010155
vt 0.659287 0.027022
vt 0.660062 0.009373
vt 0.661090 0.002999
vt 0.661708 0.003321
vt 0.660461 0.002499
vt 0.658864 0.023167
vt 0.659482 0.008108
vt 0.659831 0.002071
vt 0.660018 0.001002
vt 0.660653 0.001316
vt 0.661298 0.001706
vt 0.661930 0.002165
vt 0.790542 0.299089
vt 0.789885 0.299090
vt 0.789990 0.293253
vt 0.790658 0.293253
vt 0.789224 0.299090
vt 0.789326 0.293253
vt 0.790070 0.278183
vt 0.790745 0.278183
vt 0.789404 0.278183
vt 0.791006 0.300270
vt 0.790396 0.300270
vt 0.791169 0.299089
vt 0.789752 0.300270
vt 0.789098 0.300271
vt 0.788455 0.300271
vt 0.788587 0.299090
vt 0.788696 0.293254
vt 0.788783 0.278184
vt 0.791395 0.278183
vt 0.791298 0.293253
vt 0.719863 0.485647
vt 0.721250 0.479442
vt 0.722289 0.499053
vt 0.721488 0.501047
vt 0.722347 0.481917
vt 0.723037 0.499548
vt 0.722811 0.506507
vt 0.722238 0.506886
vt 0.723419 0.506411
vt 0.723628 0.507599
vt 0.723061 0.507774
vt 0.722542 0.507911
vt 0.786959 0.001253
vt 0.787457 0.001238
vt 0.787614 0.007073
vt 0.787138 0.007083
vt 0.788001 0.001232
vt 0.788131 0.007069
vt 0.787742 0.022141
vt 0.787286 0.022147
vt 0.788237 0.022139
vt 0.786755 0.000079
vt 0.787278 0.000059
vt 0.787849 0.000052
vt 0.658133 0.026446
vt 0.657036 0.028922
vt 0.658074 0.009311
vt 0.658822 0.008815
vt 0.655648 0.022717
vt 0.657273 0.007317
vt 0.658595 0.001857
vt 0.659204 0.001953
vt 0.658023 0.001478
vt 0.658326 0.000454
vt 0.658845 0.000591
vt 0.659412 0.000766
vt 0.787994 0.299090
vt 0.787450 0.299084
vt 0.787607 0.293250
vt 0.788125 0.293253
vt 0.786952 0.299069
vt 0.787132 0.293239
vt 0.787737 0.278181
vt 0.788231 0.278183
vt 0.787281 0.278175
vt 0.787843 0.300270
vt 0.787271 0.300263
vt 0.786749 0.300242
vt 0.780025 0.204321
vt 0.780008 0.150161
vt 0.783008 0.150161
vt 0.783020 0.204317
vt 0.780028 0.096002
vt 0.783022 0.096006
vt 0.784439 0.150161
vt 0.784445 0.204313
vt 0.784447 0.096010
vt 0.785086 0.096011
vt 0.785086 0.150161
vt 0.785084 0.204312
vt 0.785590 0.204313
vt 0.785600 0.150161
vt 0.786105 0.150161
vt 0.786088 0.204317
vt 0.785592 0.096010
vt 0.786090 0.096006
vt 0.786591 0.150161
vt 0.786569 0.204321
vt 0.786572 0.096002
vt 0.621206 0.472200
vt 0.631578 0.476238
vt 0.629854 0.498396
vt 0.619845 0.497098
vt 0.641079 0.485394
vt 0.639598 0.501165
vt 0.629147 0.506755
vt 0.619299 0.506487
vt 0.638954 0.507157
vt 0.638732 0.508236
vt 0.628949 0.508188
vt 0.619160 0.508090
vt 0.709252 0.807402
vt 0.699511 0.807433
vt 0.699624 0.801599
vt 0.709329 0.801568
vt 0.689770 0.807432
vt 0.689915 0.801602
vt 0.699721 0.786533
vt 0.709394 0.786504
vt 0.690038 0.786538
vt 0.709168 0.808581
vt 0.699387 0.808611
vt 0.689611 0.808605
vt 0.705294 0.022971
vt 0.695793 0.032128
vt 0.694070 0.009970
vt 0.703813 0.007201
vt 0.685421 0.036166
vt 0.684061 0.011268
vt 0.693363 0.001611
vt 0.703170 0.001209
vt 0.683515 0.001880
vt 0.683377 0.000277
vt 0.693165 0.000179
vt 0.702948 0.000130
vt 0.689770 0.509619
vt 0.699511 0.509618
vt 0.699624 0.515452
vt 0.689915 0.515449
vt 0.709252 0.509648
vt 0.709329 0.515482
vt 0.699721 0.530518
vt 0.690038 0.530513
vt 0.709394 0.530547
vt 0.689611 0.508446
vt 0.699387 0.508439
vt 0.709168 0.508469
vt 0.747367 0.278138
vt 0.757043 0.278167
vt 0.757138 0.293234
vt 0.747431 0.293203
vt 0.766729 0.278173
vt 0.766850 0.293237
vt 0.757250 0.299068
vt 0.747506 0.299037
vt 0.766993 0.299067
vt 0.767151 0.300240
vt 0.757371 0.300246
vt 0.747587 0.300216
vt 0.619299 0.001880
vt 0.629147 0.001612
vt 0.629854 0.009972
vt 0.619845 0.011269
vt 0.638954 0.001210
vt 0.639598 0.007204
vt 0.631578 0.032131
vt 0.621206 0.036168
vt 0.641079 0.022975
vt 0.619160 0.000275
vt 0.628949 0.000178
vt 0.638732 0.000130
vt 0.322562 0.162900
vt 0.322575 0.252031
vt 0.307508 0.252033
vt 0.307498 0.162847
vt 0.322595 0.341162
vt 0.307530 0.341220
vt 0.301675 0.252034
vt 0.301668 0.162781
vt 0.301700 0.341287
vt 0.300527 0.341360
vt 0.300498 0.252033
vt 0.300494 0.162706
vt 0.664876 0.164777
vt 0.664851 0.254184
vt 0.664204 0.254185
vt 0.664302 0.164684
vt 0.664876 0.343592
vt 0.664302 0.343686
vt 0.662979 0.254185
vt 0.663262 0.164568
vt 0.663262 0.343802
vt 0.300161 0.162625
vt 0.300161 0.252032
vt 0.300194 0.341439
vt 0.727477 0.343796
vt 0.727194 0.254179
vt 0.728418 0.254180
vt 0.728516 0.343680
vt 0.727477 0.164563
vt 0.728516 0.164679
vt 0.729066 0.254180
vt 0.729091 0.343588
vt 0.729091 0.164773
vt 0.601019 0.341382
vt 0.600687 0.341303
vt 0.601019 0.251975
vt 0.600684 0.251976
vt 0.600986 0.162568
vt 0.600654 0.162649
vt 0.599482 0.162724
vt 0.599508 0.251977
vt 0.593675 0.251979
vt 0.593653 0.162792
vt 0.599514 0.341230
vt 0.593685 0.341166
vt 0.578609 0.251982
vt 0.578589 0.162851
vt 0.578621 0.341113
vt 0.685421 0.472196
vt 0.695793 0.476233
vt 0.694070 0.498392
vt 0.684061 0.497096
vt 0.705294 0.485389
vt 0.703813 0.501160
vt 0.693363 0.506753
vt 0.683515 0.506485
vt 0.703170 0.507154
vt 0.702948 0.508235
vt 0.693165 0.508187
vt 0.683377 0.508090
vt 0.747512 0.001283
vt 0.757256 0.001252
vt 0.757144 0.007086
vt 0.747437 0.007117
vt 0.767000 0.001254
vt 0.766856 0.007084
vt 0.757048 0.022153
vt 0.747372 0.022182
vt 0.766734 0.022148
vt 0.747594 0.000103
vt 0.757378 0.000074
vt 0.767157 0.000081
vt 0.199663 0.169475
vt 0.199683 0.253962
vt 0.150079 0.253974
vt 0.150059 0.169491
vt 0.199704 0.338449
vt 0.150100 0.338456
vt 0.100476 0.253985
vt 0.100455 0.169498
vt 0.100495 0.338472
s 1
usemtl BakeMaterial
f 1432/1/1 1435/4/4 1436/3/3 1433/2/2
f 1433/2/2 1436/3/3 1437/6/6 1434/5/5
f 1435/4/4 1438/8/8 1439/7/7 1436/3/3
f 1436/3/3 1439/7/7 1440/9/9 1437/6/6
f 9/10/10 1237/12/12 1432/1/1 1020/11/11
f 1020/11/11 1432/1/1 1433/2/2 1019/13/13
f 1019/13/13 1433/2/2 1434/5/5 1018/14/14
f 1018/14/14 1434/5/5 1194/16/16 2/15/15
f 1434/5/5 1437/6/6 1193/17/17 1194/16/16
f 1437/6/6 1440/9/9 1192/18/18 1193/17/17
f 1440/9/9 1350/20/20 196/19/19 1192/18/18
f 1439/7/7 1349/21/21 1350/20/20 1440/9/9
f 1438/8/8 1348/22/22 1349/21/21 1439/7/7
f 1239/23/23 120/24/24 1348/22/22 1438/8/8
f 1238/25/25 1239/23/23 1438/8/8 1435/4/4
f 1237/12/12 1238/25/25 1435/4/4 1432/1/1
f 1441/26/26 1444/29/26 1445/28/27 1442/27/27
f 1442/27/27 1445/28/27 1446/31/28 1443/30/28
f 1444/29/26 1447/33/26 1448/32/27 1445/28/27
f 1445/28/27 1448/32/27 1449/34/28 1446/31/28
f 38/35/29 978/37/31 1441/26/26 1039/36/30
f 1039/36/30 1441/26/26 1442/27/27 1038/38/32
f 1038/38/32 1442/27/27 1443/30/28 1037/39/33
f 1037/39/33 1443/30/28 1011/41/35 19/40/34
f 1443/30/28 1446/31/28 1010/42/36 1011/41/35
f 1446/31/28 1449/34/28 1009/43/35 1010/42/36
f 1449/34/28 1048/45/33 4/44/34 1009/43/35
f 1448/32/27 1047/46/32 1048/45/33 1449/34/28
f 1447/33/26 1046/47/30 1047/46/32 1448/32/27
f 980/48/31 42/49/29 1046/47/30 1447/33/26
f 979/50/37 980/48/31 1447/33/26 1444/29/26
f 978/37/31 979/50/37 1444/29/26 1441/26/26
f 1450/51/38 1453/54/41 1454/53/40 1451/52/39
f 1451/52/39 1454/53/40 1455/56/43 1452/55/42
f 1453/54/41 1456/58/45 1457/57/44 1454/53/40
f 1454/53/40 1457/57/44 1458/59/46 1455/56/43
f 21/60/47 1291/62/49 1450/51/38 1032/61/48
f 1032/61/48 1450/51/38 1451/52/39 1031/63/50
f 1031/63/50 1451/52/39 1452/55/42 1030/64/51
f 1030/64/51 1452/55/42 1176/66/53 27/65/52
f 1452/55/42 1455/56/43 1175/67/54 1176/66/53
f 1455/56/43 1458/59/46 1174/68/55 1175/67/54
f 1458/59/46 1373/70/57 155/69/56 1174/68/55
f 1457/57/44 1372/71/58 1373/70/57 1458/59/46
f 1456/58/45 1371/72/59 1372/71/58 1457/57/44
f 1293/73/60 159/74/61 1371/72/59 1456/58/45
f 1292/75/62 1293/73/60 1456/58/45 1453/54/41
f 1291/62/49 1292/75/62 1453/54/41 1450/51/38
f 1459/76/63 1462/79/66 1463/78/65 1460/77/64
f 1460/77/64 1463/78/65 1464/81/68 1461/80/67
f 1462/79/66 1465/83/70 1466/82/69 1463/78/65
f 1463/78/65 1466/82/69 1467/84/71 1464/81/68
f 35/85/72 1234/87/74 1459/76/63 983/86/73
f 983/86/73 1459/76/63 1460/77/64 982/88/75
f 982/88/75 1460/77/64 1461/80/67 981/89/76
f 981/89/76 1461/80/67 1227/91/78 41/90/77
f 1461/80/67 1464/81/68 1226/92/79 1227/91/78
f 1464/81/68 1467/84/71 1225/93/80 1226/92/79
f 1467/84/71 1075/95/82 67/94/81 1225/93/80
f 1466/82/69 1074/96/83 1075/95/82 1467/84/71
f 1465/83/70 1073/97/84 1074/96/83 1466/82/69
f 1236/98/85 60/99/86 1073/97/84 1465/83/70
f 1235/100/87 1236/98/85 1465/83/70 1462/79/66
f 1234/87/74 1235/100/87 1462/79/66 1459/76/63
f 1468/101/88 1471/104/90 1472/103/90 1469/102/89
f 1469/102/89 1472/103/90 1473/106/90 1470/105/88
f 1471/104/90 1474/108/92 1475/107/91 1472/103/90
f 1472/103/90 1475/107/91 1476/109/92 1473/106/90
f 83/110/93 1156/112/95 1468/101/88 1100/111/94
f 1100/111/94 1468/101/88 1469/102/89 1099/113/96
f 1099/113/96 1469/102/89 1470/105/88 1098/114/94
f 1098/114/94 1470/105/88 1131/116/95 62/115/97
f 1470/105/88 1473/106/90 1130/117/90 1131/116/95
f 1473/106/90 1476/109/92 1129/118/98 1130/117/90
f 1476/109/92 1123/120/100 89/119/99 1129/118/98
f 1475/107/91 1122/121/101 1123/120/100 1476/109/92
f 1474/108/92 1121/122/100 1122/121/101 1475/107/91
f 1158/123/98 113/124/99 1121/122/100 1474/108/92
f 1157/125/90 1158/123/98 1474/108/92 1471/104/90
f 1156/112/95 1157/125/90 1471/104/90 1468/101/88
f 1477/126/102 1480/129/103 1481/128/103 1478/127/102
f 1478/127/102 1481/128/103 1482/131/103 1479/130/102
f 1480/129/103 1483/133/104 1484/132/104 1481/128/103
f 1481/128/103 1484/132/104 1485/134/104 1482/131/103
f 77/135/105 1147/137/107 1477/126/102 1092/136/106
f 1092/136/106 1477/126/102 1478/127/102 1091/138/108
f 1091/138/108 1478/127/102 1479/130/102 1090/139/106
f 1090/139/106 1479/130/102 1164/141/107 84/140/105
f 1479/130/102 1482/131/103 1163/142/109 1164/141/107
f 1482/131/103 1485/134/104 1162/143/110 1163/142/109
f 1485/134/104 1118/145/112 112/144/111 1162/143/110
f 1484/132/104 1117/146/113 1118/145/112 1485/134/104
f 1483/133/104 1116/147/112 1117/146/113 1484/132/104
f 1149/148/110 105/149/111 1116/147/112 1483/133/104
f 1148/150/109 1149/148/110 1483/133/104 1480/129/103
f 1147/137/107 1148/150/109 1480/129/103 1477/126/102
f 1486/151/114 1489/154/117 1490/153/116 1487/152/115
f 1487/152/115 1490/153/116 1491/156/119 1488/155/118
f 1489/154/117 1492/158/121 1493/157/120 1490/153/116
f 1490/153/116 1493/157/120 1494/159/122 1491/156/119
f 180/160/123 1324/162/125 1486/151/114 1405/161/124
f 1405/161/124 1486/151/114 1487/152/115 1404/163/126
f 1404/163/126 1487/152/115 1488/155/118 1403/164/127
f 1403/164/127 1488/155/118 1191/166/129 172/165/128
f 1488/155/118 1491/156/119 1190/167/130 1191/166/129
f 1491/156/119 1494/159/122 1189/168/131 1190/167/130
f 1494/159/122 1107/170/133 87/169/132 1189/168/131
f 1493/157/120 2683/171/134 1107/170/133 1494/159/122
f 1492/158/121 1106/172/135 2683/171/134 1493/157/120
f 1326/173/136 95/174/137 1106/172/135 1492/158/121
f 1325/175/138 1326/173/136 1492/158/121 1489/154/117
f 1324/162/125 1325/175/138 1489/154/117 1486/151/114
f 1495/176/139 1498/179/141 1499/178/141 1496/177/140
f 1496/177/140 1499/178/141 1500/181/141 1497/180/139
f 1498/179/141 1501/183/143 1502/182/142 1499/178/141
f 1499/178/141 1502/182/142 1503/184/143 1500/181/141
f 69/185/144 1138/187/146 1495/176/139 1081/186/145
f 1081/186/145 1495/176/139 1496/177/140 1080/188/147
f 1080/188/147 1496/177/140 1497/180/139 1079/189/145
f 1079/189/145 1497/180/139 1155/191/146 78/190/148
f 1497/180/139 1500/181/141 1154/192/141 1155/191/146
f 1500/181/141 1503/184/143 1153/193/149 1154/192/141
f 1503/184/143 1115/195/151 104/194/150 1153/193/149
f 1502/182/142 1114/196/152 1115/195/151 1503/184/143
f 1501/183/143 1113/197/151 1114/196/152 1502/182/142
f 1140/198/149 97/199/150 1113/197/151 1501/183/143
f 1139/200/141 1140/198/149 1501/183/143 1498/179/141
f 1138/187/146 1139/200/141 1498/179/141 1495/176/139
f 1504/201/153 1507/204/156 1508/203/155 1505/202/154
f 1505/202/154 1508/203/155 1509/206/158 1506/205/157
f 1507/204/156 1510/208/160 1511/207/159 1508/203/155
f 1508/203/155 1511/207/159 1512/209/161 1509/206/158
f 153/210/162 1288/212/164 1504/201/153 1414/211/163
f 1414/211/163 1504/201/153 1505/202/154 1413/213/165
f 1413/213/165 1505/202/154 1506/205/157 1412/214/166
f 1412/214/166 1506/205/157 1254/216/168 122/215/167
f 1506/205/157 1509/206/158 1253/217/169 1254/216/168
f 1509/206/158 1512/209/161 1252/218/170 1253/217/169
f 1512/209/161 1425/220/172 125/219/171 1252/218/170
f 1511/207/159 1424/221/173 1425/220/172 1512/209/161
f 1510/208/160 1423/222/174 1424/221/173 1511/207/159
f 1290/223/175 149/224/176 1423/222/174 1510/208/160
f 1289/225/177 1290/223/175 1510/208/160 1507/204/156
f 1288/212/164 1289/225/177 1507/204/156 1504/201/153
f 1513/226/178 1516/229/181 1517/228/180 1514/227/179
f 1514/227/179 1517/228/180 1518/231/183 1515/230/182
f 1516/229/181 1519/233/185 1520/232/184 1517/228/180
f 1517/228/180 1520/232/184 1521/234/186 1518/231/183
f 175/235/187 1183/237/189 1513/226/178 1382/236/188
f 1382/236/188 1513/226/178 1514/227/179 1381/238/190
f 1381/238/190 1514/227/179 1515/230/182 1380/239/191
f 1380/239/191 1515/230/182 1266/241/193 140/240/192
f 1515/230/182 1518/231/183 1265/242/194 1266/241/193
f 1518/231/183 1521/234/186 1264/243/195 1265/242/194
f 1521/234/186 1128/245/197 114/244/196 1264/243/195
f 1520/232/184 1127/246/198 1128/245/197 1521/234/186
f 1519/233/185 1126/247/199 1127/246/198 1520/232/184
f 1185/248/200 88/249/201 1126/247/199 1519/233/185
f 1184/250/202 1185/248/200 1519/233/185 1516/229/181
f 1183/237/189 1184/250/202 1516/229/181 1513/226/178
f 1522/251/203 1525/254/204 1526/253/204 1523/252/203
f 1523/252/203 1526/253/204 1527/256/204 1524/255/203
f 1525/254/204 1528/258/205 1529/257/205 1526/253/204
f 1526/253/204 1529/257/205 1530/259/205 1527/256/204
f 61/260/206 1135/262/208 1522/251/203 1078/261/207
f 1078/261/207 1522/251/203 1523/252/203 1077/263/209
f 1077/263/209 1523/252/203 1524/255/203 1076/264/207
f 1076/264/207 1524/255/203 1146/266/208 70/265/206
f 1524/255/203 1527/256/204 1145/267/210 1146/266/208
f 1527/256/204 1530/259/205 1144/268/211 1145/267/210
f 1530/259/205 1103/270/213 96/269/212 1144/268/211
f 1529/257/205 1102/271/214 1103/270/213 1530/259/205
f 1528/258/205 1101/272/213 1102/271/214 1529/257/205
f 1137/273/211 90/274/212 1101/272/213 1528/258/205
f 1136/275/210 1137/273/211 1528/258/205 1525/254/204
f 1135/262/208 1136/275/210 1525/254/204 1522/251/203
f 1531/276/215 1534/279/218 1535/278/217 1532/277/216
f 1532/277/216 1535/278/217 1536/281/220 1533/280/219
f 1534/279/218 1537/283/222 1538/282/221 1535/278/217
f 1535/278/217 1538/282/221 1539/284/223 1536/281/220
f 57/285/224 1201/287/226 1531/276/215 1003/286/225
f 1003/286/225 1531/276/215 1532/277/216 1002/288/227
f 1002/288/227 1532/277/216 1533/280/219 1001/289/228
f 1001/289/228 1533/280/219 1230/291/230 36/290/229
f 1533/280/219 1536/281/220 1229/292/231 1230/291/230
f 1536/281/220 1539/284/223 1228/293/232 1229/292/231
f 1539/284/223 1095/295/234 63/294/233 1228/293/232
f 1538/282/221 1094/296/235 1095/295/234 1539/284/223
f 1537/283/222 1093/297/236 1094/296/235 1538/282/221
f 1203/298/237 82/299/238 1093/297/236 1537/283/222
f 1202/300/239 1203/298/237 1537/283/222 1534/279/218
f 1201/287/226 1202/300/239 1534/279/218 1531/276/215
f 1540/301/240 1543/304/243 1544/303/242 1541/302/241
f 1541/302/241 1544/303/242 1545/306/245 1542/305/244
f 1543/304/243 1546/308/247 1547/307/246 1544/303/242
f 1544/303/242 1547/307/246 1548/309/248 1545/306/245
f 136/310/249 1165/312/251 1540/301/240 1362/311/250
f 1362/311/250 1540/301/240 1541/302/241 1361/313/252
f 1361/313/252 1541/302/241 1542/305/244 1360/314/253
f 1360/314/253 1542/305/244 1320/316/255 181/315/254
f 1542/305/244 1545/306/245 1319/317/256 1320/316/255
f 1545/306/245 1548/309/248 1318/318/257 1319/317/256
f 1548/309/248 1110/320/259 98/319/258 1318/318/257
f 1547/307/246 1109/321/260 1110/320/259 1548/309/248
f 1546/308/247 1108/322/261 1109/321/260 1547/307/246
f 1167/323/262 103/324/263 1108/322/261 1546/308/247
f 1166/325/264 1167/323/262 1546/308/247 1543/304/243
f 1165/312/251 1166/325/264 1543/304/243 1540/301/240
f 1549/326/265 1552/329/268 1553/328/267 1550/327/266
f 1550/327/266 1553/328/267 1554/331/270 1551/330/269
f 1552/329/268 1555/333/272 1556/332/271 1553/328/267
f 1553/328/267 1556/332/271 1557/334/273 1554/331/270
f 139/335/274 1270/337/276 1549/326/265 1428/336/275
f 1428/336/275 1549/326/265 1550/327/266 1427/338/277
f 1427/338/277 1550/327/266 1551/330/269 1426/339/278
f 1426/339/278 1551/330/269 1173/341/280 133/340/279
f 1551/330/269 1554/331/270 1172/342/281 1173/341/280
f 1554/331/270 1557/334/273 1171/343/282 1172/342/281
f 1557/334/273 1120/345/284 106/344/283 1171/343/282
f 1556/332/271 2707/346/285 1120/345/284 1557/334/273
f 1555/333/272 1119/347/286 2707/346/285 1556/332/271
f 1272/348/287 111/349/288 1119/347/286 1555/333/272
f 1271/350/289 1272/348/287 1555/333/272 1552/329/268
f 1270/337/276 1271/350/289 1552/329/268 1549/326/265
f 1558/351/290 1561/354/293 1562/353/292 1559/352/291
f 1559/352/291 1562/353/292 1563/356/295 1560/355/294
f 1561/354/293 1564/358/297 1565/357/296 1562/353/292
f 1562/353/292 1565/357/296 1566/359/298 1563/356/295
f 44/360/299 1219/362/301 1558/351/290 986/361/300
f 986/361/300 1558/351/290 1559/352/291 985/363/302
f 985/363/302 1559/352/291 1560/355/294 984/364/303
f 984/364/303 1560/355/294 1212/366/305 48/365/304
f 1560/355/294 1563/356/295 1211/367/306 1212/366/305
f 1563/356/295 1566/359/298 1210/368/307 1211/367/306
f 1566/359/298 1086/370/309 75/369/308 1210/368/307
f 1565/357/296 1085/371/310 1086/370/309 1566/359/298
f 1564/358/297 1084/372/311 1085/371/310 1565/357/296
f 1221/373/312 68/374/313 1084/372/311 1564/358/297
f 1220/375/314 1221/373/312 1564/358/297 1561/354/293
f 1219/362/301 1220/375/314 1561/354/293 1558/351/290
f 1567/376/315 1570/379/318 1571/378/317 1568/377/316
f 1568/377/316 1571/378/317 1572/381/320 1569/380/319
f 1570/379/318 1573/383/322 1574/382/321 1571/378/317
f 1571/378/317 1574/382/321 1575/384/323 1572/381/320
f 51/385/324 1216/387/326 1567/376/315 996/386/325
f 996/386/325 1567/376/315 1568/377/316 995/388/327
f 995/388/327 1568/377/316 1569/380/319 994/389/328
f 994/389/328 1569/380/319 1209/391/330 54/390/329
f 1569/380/319 1572/381/320 1208/392/331 1209/391/330
f 1572/381/320 1575/384/323 1207/393/332 1208/392/331
f 1575/384/323 1089/395/334 81/394/333 1207/393/332
f 1574/382/321 1088/396/335 1089/395/334 1575/384/323
f 1573/383/322 1087/397/336 1088/396/335 1574/382/321
f 1218/398/337 76/399/338 1087/397/336 1573/383/322
f 1217/400/339 1218/398/337 1573/383/322 1570/379/318
f 1216/387/326 1217/400/339 1570/379/318 1567/376/315
f 1576/401/340 1579/404/343 1580/403/342 1577/402/341
f 1577/402/341 1580/403/342 1581/406/345 1578/405/344
f 1579/404/343 1582/408/347 1583/407/346 1580/403/342
f 1580/403/342 1583/407/346 1584/409/348 1581/406/345
f 26/410/349 1180/412/351 1576/401/340 1023/411/350
f 1023/411/350 1576/401/340 1577/402/341 1022/413/352
f 1022/413/352 1577/402/341 1578/405/344 1021/414/353
f 1021/414/353 1578/405/344 1245/416/355 10/415/354
f 1578/405/344 1581/406/345 1244/417/356 1245/416/355
f 1581/406/345 1584/409/348 1243/418/357 1244/417/356
f 1584/409/348 1417/420/359 119/419/358 1243/418/357
f 1583/407/346 1416/421/360 1417/420/359 1584/409/348
f 1582/408/347 1415/422/361 1416/421/360 1583/407/346
f 1182/423/362 152/424/363 1415/422/361 1582/408/347
f 1181/425/364 1182/423/362 1582/408/347 1579/404/343
f 1180/412/351 1181/425/364 1579/404/343 1576/401/340
f 1585/426/365 1588/429/368 1589/428/367 1586/427/366
f 1586/427/366 1589/428/367 1590/431/370 1587/430/369
f 1588/429/368 1591/433/372 1592/432/371 1589/428/367
f 1589/428/367 1592/432/371 1593/434/373 1590/431/370
f 146/435/374 1279/437/376 1585/426/365 1420/436/375
f 1420/436/375 1585/426/365 1586/427/366 1419/438/377
f 1419/438/377 1586/427/366 1587/430/369 1418/439/378
f 1418/439/378 1587/430/369 1263/441/380 128/440/379
f 1587/430/369 1590/431/370 1262/442/381 1263/441/380
f 1590/431/370 1593/434/373 1261/443/382 1262/442/381
f 1593/434/373 1431/445/384 134/444/383 1261/443/382
f 1592/432/371 1430/446/385 1431/445/384 1593/434/373
f 1591/433/372 1429/447/386 1430/446/385 1592/432/371
f 1281/448/387 142/449/388 1429/447/386 1591/433/372
f 1280/450/389 1281/448/387 1591/433/372 1588/429/368
f 1279/437/376 1280/450/389 1588/429/368 1585/426/365
f 1594/451/390 1597/454/393 1598/453/392 1595/452/391
f 1595/452/391 1598/453/392 1599/456/395 1596/455/394
f 1597/454/393 1600/458/397 1601/457/396 1598/453/392
f 1598/453/392 1601/457/396 1602/459/398 1599/456/395
f 168/460/399 1309/462/401 1594/451/390 1376/461/400
f 1376/461/400 1594/451/390 1595/452/391 1375/463/402
f 1375/463/402 1595/452/391 1596/455/394 1374/464/403
f 1374/464/403 1596/455/394 1275/466/405 147/465/404
f 1596/455/394 1599/456/395 1274/467/406 1275/466/405
f 1599/456/395 1602/459/398 1273/468/407 1274/467/406
f 1602/459/398 1386/470/409 141/469/408 1273/468/407
f 1601/457/396 1385/471/410 1386/470/409 1602/459/398
f 1600/458/397 1384/472/411 1385/471/410 1601/457/396
f 1311/473/412 174/474/413 1384/472/411 1600/458/397
f 1310/475/414 1311/473/412 1600/458/397 1597/454/393
f 1309/462/401 1310/475/414 1597/454/393 1594/451/390
f 1603/476/415 1606/479/418 1607/478/417 1604/477/416
f 1604/477/416 1607/478/417 5241/481/420 1605/480/419
f 1606/479/418 1608/483/415 1609/482/421 1607/478/417
f 1607/478/417 1609/482/421 1610/484/422 5241/481/420
f 56/485/423 997/487/425 1603/476/415 1072/486/424
f 1072/486/424 1603/476/415 1604/477/416 1071/488/426
f 1071/488/426 1604/477/416 1605/480/419 1070/489/427
f 1070/489/427 1605/480/419 1036/491/429 28/490/428
f 1605/480/419 5241/481/420 1035/492/430 1036/491/429
f 5241/481/420 1610/484/422 1034/493/431 1035/492/430
f 1610/484/422 1045/495/427 20/494/428 1034/493/431
f 1609/482/421 1044/496/426 1045/495/427 1610/484/422
f 1608/483/415 1043/497/424 1044/496/426 1609/482/421
f 999/498/425 37/499/432 1043/497/424 1608/483/415
f 998/500/433 999/498/425 1608/483/415 1606/479/418
f 997/487/425 998/500/433 1606/479/418 1603/476/415
f 1611/501/434 1614/504/437 1615/503/436 1612/502/435
f 1612/502/435 1615/503/436 1616/506/439 1613/505/438
f 1614/504/437 1617/508/441 1618/507/440 1615/503/436
f 1615/503/436 1618/507/440 1619/509/442 1616/506/439
f 194/510/443 1342/512/445 1611/501/434 1389/511/444
f 1389/511/444 1611/501/434 1612/502/435 1388/513/446
f 1388/513/446 1612/502/435 1613/505/438 1387/514/447
f 1387/514/447 1613/505/438 1308/516/449 161/515/448
f 1613/505/438 1616/506/439 1307/517/450 1308/516/449
f 1616/506/439 1619/509/442 1306/518/451 1307/517/450
f 1619/509/442 1402/520/453 166/519/452 1306/518/451
f 1618/507/440 1401/521/446 1402/520/453 1619/509/442
f 1617/508/441 1400/522/454 1401/521/446 1618/507/440
f 1344/523/455 190/524/456 1400/522/454 1617/508/441
f 1343/525/457 1344/523/455 1617/508/441 1614/504/437
f 1342/512/445 1343/525/457 1614/504/437 1611/501/434
f 1620/526/458 1623/529/461 1624/528/460 1621/527/459
f 1621/527/459 1624/528/460 1625/531/463 1622/530/462
f 1623/529/461 1626/533/465 1627/532/464 1624/528/460
f 1624/528/460 1627/532/464 1628/534/466 1625/531/463
f 160/535/467 1300/537/469 1620/526/458 1368/536/468
f 1368/536/468 1620/526/458 1621/527/459 1367/538/470
f 1367/538/470 1621/527/459 1622/530/462 1366/539/471
f 1366/539/471 1622/530/462 1284/541/473 154/540/472
f 1622/530/462 1625/531/463 1283/542/474 1284/541/473
f 1625/531/463 1628/534/466 1282/543/475 1283/542/474
f 1628/534/466 1379/545/477 148/544/476 1282/543/475
f 1627/532/464 1378/546/478 1379/545/477 1628/534/466
f 1626/533/465 1377/547/479 1378/546/478 1627/532/464
f 1302/548/480 167/549/481 1377/547/479 1626/533/465
f 1301/550/482 1302/548/480 1626/533/465 1623/529/461
f 1300/537/469 1301/550/482 1623/529/461 1620/526/458
f 1629/551/483 1632/554/486 5259/553/485 1630/552/484
f 1630/552/484 5259/553/485 1633/556/488 1631/555/487
f 1632/554/486 1634/558/490 1635/557/489 5259/553/485
f 5259/553/485 1635/557/489 1636/559/491 1633/556/488
f 43/560/492 988/562/494 1629/551/483 1054/561/493
f 1054/561/493 1629/551/483 1630/552/484 1053/563/495
f 1053/563/495 1630/552/484 1631/555/487 1052/564/496
f 1052/564/496 1631/555/487 1014/566/498 3/565/497
f 1631/555/487 1633/556/488 1013/567/499 1014/566/498
f 1633/556/488 1636/559/491 1012/568/498 1013/567/499
f 1636/559/491 1057/570/496 12/569/497 1012/568/498
f 1635/557/489 1056/571/495 1057/570/496 1636/559/491
f 1634/558/490 1055/572/493 1056/571/495 1635/557/489
f 990/573/500 49/574/501 1055/572/493 1634/558/490
f 989/575/502 990/573/500 1634/558/490 1632/554/486
f 988/562/494 989/575/502 1632/554/486 1629/551/483
f 1637/576/503 1640/579/506 1641/578/505 1638/577/504
f 1638/577/504 1641/578/505 1642/581/508 1639/580/507
f 1640/579/506 1643/583/510 1644/582/509 1641/578/505
f 1641/578/505 1644/582/509 1645/584/511 1642/581/508
f 187/585/512 1333/587/514 1637/576/503 1398/586/513
f 1398/586/513 1637/576/503 1638/577/504 1397/588/515
f 1397/588/515 1638/577/504 1639/580/507 1396/589/516
f 1396/589/516 1639/580/507 1317/591/518 169/590/517
f 1639/580/507 1642/581/508 1316/592/519 1317/591/518
f 1642/581/508 1645/584/511 1315/593/520 1316/592/519
f 1645/584/511 1411/595/522 173/594/521 1315/593/520
f 1644/582/509 1410/596/523 1411/595/522 1645/584/511
f 1643/583/510 1409/597/524 1410/596/523 1644/582/509
f 1335/598/525 183/599/526 1409/597/524 1643/583/510
f 1334/600/527 1335/598/525 1643/583/510 1640/579/506
f 1333/587/514 1334/600/527 1640/579/506 1637/576/503
f 1646/601/528 1649/604/528 1650/603/529 1647/602/529
f 1647/602/529 1650/603/529 1651/606/530 1648/605/530
f 1649/604/528 1652/608/528 1653/607/529 1650/603/529
f 1650/603/529 1653/607/529 1654/609/530 1651/606/530
f 50/610/531 991/612/533 1646/601/528 1063/611/532
f 1063/611/532 1646/601/528 1647/602/529 1062/613/534
f 1062/613/534 1647/602/529 1648/605/530 1061/614/535
f 1061/614/535 1648/605/530 1029/616/537 11/615/536
f 1648/605/530 1651/606/530 1028/617/538 1029/616/537
f 1651/606/530 1654/609/530 1027/618/537 1028/617/538
f 1654/609/530 1066/620/535 29/619/536 1027/618/537
f 1653/607/529 1065/621/534 1066/620/535 1654/609/530
f 1652/608/528 1064/622/532 1065/621/534 1653/607/529
f 993/623/533 55/624/531 1064/622/532 1652/608/528
f 992/625/539 993/623/533 1652/608/528 1649/604/528
f 991/612/533 992/625/539 1649/604/528 1646/601/528
f 1655/626/540 1658/629/543 1659/628/542 1656/627/541
f 1656/627/541 1659/628/542 1660/631/545 1657/630/544
f 1658/629/543 1661/633/547 1662/632/546 1659/628/542
f 1659/628/542 1662/632/546 1663/634/548 1660/631/545
f 121/635/549 1246/637/551 1655/626/540 1347/636/550
f 1347/636/550 1655/626/540 1656/627/541 1346/638/552
f 1346/638/552 1656/627/541 1657/630/544 1345/639/553
f 1345/639/553 1657/630/544 1338/641/555 195/640/554
f 1657/630/544 1660/631/545 1337/642/556 1338/641/555
f 1660/631/545 1663/634/548 1336/643/557 1337/642/556
f 1663/634/548 1359/645/559 189/644/558 1336/643/557
f 1662/632/546 1358/646/560 1359/645/559 1663/634/548
f 1661/633/547 1357/647/561 1358/646/560 1662/632/546
f 1248/648/562 126/649/563 1357/647/561 1661/633/547
f 1247/650/564 1248/648/562 1661/633/547 1658/629/543
f 1246/637/551 1247/650/564 1658/629/543 1655/626/540
f 1664/651/565 1667/654/568 1668/653/567 1665/652/566
f 1665/652/566 1668/653/567 1669/656/570 1666/655/569
f 1667/654/568 1670/658/572 1671/657/571 1668/653/567
f 1668/653/567 1671/657/571 1672/659/573 1669/656/570
f 127/660/574 1255/662/576 1664/651/565 1353/661/575
f 1353/661/575 1664/651/565 1665/652/566 1352/663/577
f 1352/663/577 1665/652/566 1666/655/569 1351/664/578
f 1351/664/578 1666/655/569 1329/666/580 188/665/579
f 1666/655/569 1669/656/570 1328/667/581 1329/666/580
f 1669/656/570 1672/659/573 1327/668/582 1328/667/581
f 1672/659/573 1365/670/584 182/669/583 1327/668/582
f 1671/657/571 1364/671/585 1365/670/584 1672/659/573
f 1670/658/572 1363/672/586 1364/671/585 1671/657/571
f 1257/673/587 135/674/588 1363/672/586 1670/658/572
f 1256/675/589 1257/673/587 1670/658/572 1667/654/568
f 1255/662/576 1256/675/589 1667/654/568 1664/651/565
f 1674/676/590 1676/678/592 1675/677/591
f 1673/679/593 1677/681/595 1678/680/594 1674/676/590
f 1674/676/590 1678/680/594 1676/678/592
f 1/682/596 201/685/598 1673/684/593 202/683/597
f 202/683/597 1673/684/593 1674/687/590 203/686/599
f 203/686/599 1674/687/590 1675/689/591 204/688/600
f 204/688/600 1675/689/591 205/691/602 5/690/601
f 1675/677/591 1676/678/592 206/693/603 205/692/602
f 1676/678/592 207/694/604 206/693/603
f 1676/678/592 208/696/606 6/695/605 207/694/604
f 1678/680/594 1702/697/607 208/696/606 1676/678/592
f 1677/681/595 1702/697/607 1678/680/594
f 200/698/608 232/699/609 1677/681/595
f 201/685/598 200/701/608 1677/700/595 1673/684/593
f 1679/702/610 1682/705/613 1683/704/612 1680/703/611
f 1680/703/611 1683/704/612 1684/707/615 1681/706/614
f 1682/705/613 1685/709/617 1686/708/616 1683/704/612
f 1683/704/612 1686/708/616 1687/710/618 1684/707/615
f 2/15/15 211/712/620 1679/702/610 212/711/619
f 212/711/619 1679/702/610 1680/703/611 213/713/621
f 213/713/621 1680/703/611 1681/706/614 214/714/622
f 214/715/622 1681/718/614 215/717/624 7/716/623
f 1681/718/614 1684/720/615 216/719/625 215/717/624
f 1684/720/615 1687/722/618 217/721/626 216/719/625
f 1687/722/618 207/694/604 6/695/605 217/721/626
f 1686/723/616 206/693/603 207/694/604 1687/722/618
f 1685/709/617 205/725/602 206/724/603 1686/708/616
f 209/726/627 5/727/601 205/725/602 1685/709/617
f 210/728/628 209/726/627 1685/709/617 1682/705/613
f 211/712/620 210/728/628 1682/705/613 1679/702/610
f 1688/729/629 1691/732/632 1692/731/631 1689/730/630
f 1689/730/630 1692/731/631 1693/734/634 1690/733/633
f 1691/732/632 1694/736/636 1695/735/635 1692/731/631
f 1692/731/631 1695/735/635 1696/737/637 1693/734/634
f 3/565/497 220/739/639 1688/729/629 221/738/638
f 221/738/638 1688/729/629 1689/730/630 222/740/640
f 222/740/640 1689/730/630 1690/733/633 223/741/641
f 223/741/641 1690/733/633 224/743/643 8/742/642
f 1690/733/633 1693/734/634 225/744/644 224/743/643
f 1693/734/634 1696/737/637 226/745/645 225/744/644
f 1696/737/637 217/721/626 6/695/605 226/745/645
f 1695/735/635 216/719/625 217/721/626 1696/737/637
f 1694/736/636 215/717/624 216/719/625 1695/735/635
f 218/746/646 7/716/623 215/717/624 1694/736/636
f 219/747/647 218/746/646 1694/736/636 1691/732/632
f 220/739/639 219/747/647 1691/732/632 1688/729/629
f 1697/748/648 1700/751/651 1701/750/650 1698/749/649
f 1698/749/649 1701/750/650 1702/697/607 1699/752/652
f 1700/751/651 1703/754/654 1704/753/653 1701/750/650
f 1701/750/650 1704/753/653 1705/755/655 1702/697/607
f 4/44/34 229/757/657 1697/748/648 230/756/656
f 230/756/656 1697/748/648 1698/749/649 231/758/658
f 231/758/658 1698/749/649 1699/752/652 232/699/609
f 232/699/609 1699/752/652 1677/681/595
f 1699/752/652 1702/697/607 1677/681/595
f 1702/697/607 1705/755/655 208/696/606
f 1705/755/655 226/745/645 6/695/605 208/696/606
f 1704/753/653 225/744/644 226/745/645 1705/755/655
f 1703/754/654 224/743/643 225/744/644 1704/753/653
f 227/759/659 8/742/642 224/743/643 1703/754/654
f 228/760/660 227/759/659 1703/754/654 1700/751/651
f 229/757/657 228/760/660 1700/751/651 1697/748/648
f 1706/761/661 1709/764/664 1710/763/663 1707/762/662
f 1707/762/662 1710/763/663 1711/766/666 1708/765/665
f 1709/764/664 1712/768/668 1713/767/667 1710/763/663
f 1710/763/663 1713/767/667 1714/769/669 1711/766/666
f 9/10/10 235/771/671 1706/761/661 236/770/670
f 236/770/670 1706/761/661 1707/762/662 237/772/672
f 237/772/672 1707/762/662 1708/765/665 238/773/673
f 238/773/673 1708/765/665 239/775/675 13/774/674
f 1708/765/665 1711/766/666 240/776/676 239/775/675
f 1711/777/666 1714/780/669 241/779/677 240/778/676
f 1714/780/669 242/782/679 14/781/678 241/779/677
f 1713/783/667 243/784/680 242/782/679 1714/780/669
f 1712/785/668 244/786/681 243/784/680 1713/783/667
f 233/787/682 17/788/683 244/786/681 1712/785/668
f 234/789/684 233/790/682 1712/768/668 1709/764/664
f 235/771/671 234/789/684 1709/764/664 1706/761/661
f 1715/791/685 1716/793/687 250/792/686
f 1716/793/687 1717/795/689 1718/794/688
f 1716/793/687 1718/794/688 250/792/686
f 10/415/354 247/798/691 1715/797/685 248/796/690
f 248/799/690 1715/791/685 249/801/693 15/800/692
f 1715/791/685 250/792/686 249/801/693
f 250/792/686 1718/794/688 251/802/694
f 1718/794/688 241/779/677 14/781/678 251/802/694
f 1718/794/688 240/778/676 241/779/677
f 1717/795/689 239/803/675 240/778/676 1718/794/688
f 245/804/695 13/807/674 239/806/675 1717/805/689
f 246/808/696 245/804/695 1717/805/689 1716/809/687
f 247/798/691 246/808/696 1716/809/687 1715/797/685
f 1719/810/697 1722/813/700 1723/812/699 1720/811/698
f 1720/811/698 1723/812/699 1724/815/702 1721/814/701
f 1722/813/700 249/801/693 250/792/686 1723/812/699
f 1723/812/699 250/792/686 1725/816/703 1724/815/702
f 11/615/536 253/818/705 1719/810/697 254/817/704
f 254/817/704 1719/810/697 1720/811/698 255/819/706
f 255/819/706 1720/811/698 1721/814/701 256/820/707
f 256/820/707 1721/814/701 257/822/709 16/821/708
f 1721/814/701 1724/815/702 258/823/710 257/822/709
f 1724/815/702 1725/816/703 259/824/711 258/823/710
f 1725/816/703 251/802/694 14/781/678 259/824/711
f 250/792/686 251/802/694 1725/816/703
f 252/825/712 15/800/692 249/801/693 1722/813/700
f 253/818/705 252/825/712 1722/813/700 1719/810/697
f 1726/826/713 1729/829/716 1730/828/715 1727/827/714
f 1727/827/714 1730/828/715 1731/831/718 1728/830/717
f 1729/829/716 1732/833/720 1733/832/719 1730/828/715
f 1730/828/715 1733/832/719 1734/834/721 1731/831/718
f 12/569/497 262/836/722 1726/826/713 263/835/639
f 263/835/639 1726/826/713 1727/827/714 264/837/647
f 264/837/647 1727/827/714 1728/830/717 265/838/723
f 265/838/723 1728/830/717 244/786/681 17/788/683
f 1728/830/717 1731/831/718 243/784/680 244/786/681
f 1731/831/718 1734/834/721 242/782/679 243/784/680
f 1734/834/721 259/824/711 14/781/678 242/782/679
f 1733/832/719 258/823/710 259/824/711 1734/834/721
f 1732/833/720 257/822/709 258/823/710 1733/832/719
f 260/839/724 16/821/708 257/822/709 1732/833/720
f 261/840/725 260/839/724 1732/833/720 1729/829/716
f 262/836/722 261/840/725 1729/829/716 1726/826/713
f 1735/841/726 1737/844/729 1738/843/728 1736/842/727
f 1737/844/729 1739/846/731 1740/845/730
f 1737/844/729 1740/845/730 1738/843/728
f 18/847/732 268/850/734 1735/849/726 269/848/733
f 269/848/733 1735/849/726 1736/852/727 270/851/735
f 1738/843/728 1740/845/730 271/853/736
f 1740/845/730 272/855/738 22/854/737 271/853/736
f 1740/845/730 273/856/739 272/855/738
f 1739/846/731 274/857/740 273/856/739 1740/845/730
f 266/858/741 25/861/742 274/860/740 1739/859/731
f 267/862/743 266/858/741 1739/859/731 1737/863/729
f 268/850/734 267/862/743 1737/863/729 1735/849/726
f 1741/864/744 1744/867/747 1745/866/746 1742/865/745
f 1742/865/745 1745/866/746 1746/869/749 1743/868/748
f 1744/867/747 1747/871/751 1748/870/750 1745/866/746
f 1745/866/746 1748/870/750 1749/872/752 1746/869/749
f 19/40/34 277/874/754 1741/864/744 278/873/753
f 278/873/753 1741/864/744 1742/865/745 279/875/755
f 279/875/755 1742/865/745 1743/868/748 280/876/756
f 280/876/756 1743/868/748 281/878/758 23/877/757
f 1743/868/748 1746/869/749 282/879/759 281/878/758
f 1746/869/749 1749/872/752 283/880/760 282/879/759
f 1749/872/752 271/853/736 22/854/737 283/880/760
f 1748/870/750 1738/843/728 271/853/736 1749/872/752
f 1747/871/751 1736/842/727 1738/843/728 1748/870/750
f 275/881/761 270/882/735 1736/842/727 1747/871/751
f 276/883/762 275/881/761 1747/871/751 1744/867/747
f 277/874/754 276/883/762 1744/867/747 1741/864/744
f 1750/884/763 1753/887/766 1754/886/765 1751/885/764
f 1751/885/764 1754/886/765 1755/889/768 1752/888/767
f 1753/887/766 1756/891/770 1757/890/769 1754/886/765
f 1754/886/765 1757/890/769 1758/892/771 1755/889/768
f 20/494/428 286/894/773 1750/884/763 287/893/772
f 287/893/772 1750/884/763 1751/885/764 288/895/774
f 288/895/774 1751/885/764 1752/888/767 289/896/775
f 289/896/775 1752/888/767 290/898/777 24/897/776
f 1752/888/767 1755/889/768 291/899/778 290/898/777
f 1755/889/768 1758/892/771 292/900/779 291/899/778
f 1758/892/771 283/880/760 22/854/737 292/900/779
f 1757/890/769 282/879/759 283/880/760 1758/892/771
f 1756/891/770 281/878/758 282/879/759 1757/890/769
f 284/901/780 23/877/757 281/878/758 1756/891/770
f 285/902/781 284/901/780 1756/891/770 1753/887/766
f 286/894/773 285/902/781 1753/887/766 1750/884/763
f 1759/903/782 1762/906/785 1763/905/784 1760/904/783
f 1760/904/783 1763/905/784 1764/908/787 1761/907/786
f 1762/906/785 1765/910/789 1766/909/788 1763/905/784
f 1763/905/784 1766/909/788 1767/911/790 1764/908/787
f 21/60/47 295/913/792 1759/903/782 296/912/791
f 296/912/791 1759/903/782 1760/904/783 297/914/793
f 297/914/793 1760/904/783 1761/907/786 298/915/794
f 298/915/794 1761/907/786 274/917/740 25/916/742
f 1761/907/786 1764/908/787 273/918/739 274/917/740
f 1764/919/787 1767/920/790 272/855/738 273/856/739
f 1767/920/790 292/900/779 22/854/737 272/855/738
f 1766/921/788 291/899/778 292/900/779 1767/920/790
f 1765/922/789 290/898/777 291/899/778 1766/921/788
f 293/923/795 24/897/776 290/898/777 1765/922/789
f 294/924/796 293/925/795 1765/910/789 1762/906/785
f 295/913/792 294/924/796 1762/906/785 1759/903/782
f 1769/926/797 1771/928/799 1770/927/798
f 1768/929/800 307/931/802 1772/930/801 1769/926/797
f 1769/926/797 1772/930/801 306/932/803 1771/928/799
f 26/410/349 299/935/805 1768/934/800 300/933/804
f 300/933/804 1768/934/800 1769/937/797 301/936/806
f 301/936/806 1769/937/797 1770/939/798 302/938/807
f 302/938/807 1770/939/798 303/941/809 30/940/808
f 1770/927/798 1771/928/799 304/943/810 303/942/809
f 1771/928/799 306/932/803 305/944/811 304/943/810
f 306/932/803 31/945/812 305/944/811
f 299/946/805 34/947/813 307/931/802 1768/929/800
f 1773/948/814 1776/951/817 1777/950/816 1774/949/815
f 1774/949/815 1777/950/816 1778/953/819 1775/952/818
f 1776/951/817 1779/955/821 1780/954/820 1777/950/816
f 1777/950/816 1780/954/820 1781/956/822 1778/953/819
f 27/65/52 310/958/824 1773/948/814 311/957/823
f 311/957/823 1773/948/814 1774/949/815 312/959/825
f 312/959/825 1774/949/815 1775/952/818 313/960/826
f 313/961/826 1775/964/818 314/963/828 32/962/827
f 1775/964/818 1778/966/819 315/965/829 314/963/828
f 1778/966/819 1781/968/822 316/967/830 315/965/829
f 1781/968/822 305/944/811 31/945/812 316/967/830
f 1780/969/820 304/943/810 305/944/811 1781/968/822
f 1779/955/821 303/971/809 304/970/810 1780/954/820
f 308/972/831 30/973/808 303/971/809 1779/955/821
f 309/974/832 308/972/831 1779/955/821 1776/951/817
f 310/958/824 309/974/832 1776/951/817 1773/948/814
f 1782/975/833 1785/978/836 1786/977/835 1783/976/834
f 1783/976/834 1786/977/835 1787/980/838 1784/979/837
f 1785/978/836 1788/982/840 1789/981/839 1786/977/835
f 1786/977/835 1789/981/839 1790/983/841 1787/980/838
f 28/490/428 319/985/772 1782/975/833 320/984/842
f 320/984/842 1782/975/833 1783/976/834 321/986/843
f 321/986/843 1783/976/834 1784/979/837 322/987/844
f 322/987/844 1784/979/837 323/989/846 33/988/845
f 1784/979/837 1787/980/838 324/990/847 323/989/846
f 1787/980/838 1790/983/841 325/991/848 324/990/847
f 1790/983/841 316/967/830 31/945/812 325/991/848
f 1789/981/839 315/965/829 316/967/830 1790/983/841
f 1788/982/840 314/963/828 315/965/829 1789/981/839
f 317/992/849 32/962/827 314/963/828 1788/982/840
f 318/993/850 317/992/849 1788/982/840 1785/978/836
f 319/985/772 318/993/850 1785/978/836 1782/975/833
f 1791/994/851 1793/997/854 1794/996/853 1792/995/852
f 1792/995/852 1794/996/853 1795/998/855 307/931/802
f 1793/997/854 1796/1000/857 1797/999/856 1794/996/853
f 1794/996/853 1797/999/856 1798/1001/858 1795/998/855
f 29/619/536 328/1003/860 1791/994/851 329/1002/859
f 329/1002/859 1791/994/851 1792/995/852 330/1004/861
f 330/1004/861 1792/995/852 307/931/802 34/947/813
f 307/931/802 1795/998/855 1772/930/801
f 1795/998/855 1798/1001/858 306/932/803 1772/930/801
f 1798/1001/858 325/991/848 31/945/812 306/932/803
f 1797/999/856 324/990/847 325/991/848 1798/1001/858
f 1796/1000/857 323/989/846 324/990/847 1797/999/856
f 326/1005/862 33/988/845 323/989/846 1796/1000/857
f 327/1006/863 326/1005/862 1796/1000/857 1793/997/854
f 328/1003/860 327/1006/863 1793/997/854 1791/994/851
f 1799/1007/864 1802/1010/867 1803/1009/866 1800/1008/865
f 1800/1008/865 1803/1009/866 1804/1012/869 1801/1011/868
f 1802/1010/867 341/1014/871 340/1013/870 1803/1009/866
f 1803/1009/866 340/1013/870 1805/1015/872 1804/1012/869
f 35/85/72 333/1017/874 1799/1007/864 334/1016/873
f 334/1016/873 1799/1007/864 1800/1008/865 335/1018/875
f 335/1018/875 1800/1008/865 1801/1011/868 336/1019/876
f 336/1019/876 1801/1011/868 337/1021/878 39/1020/877
f 1801/1011/868 1804/1012/869 338/1022/879 337/1021/878
f 1804/1012/869 1805/1015/872 339/1023/880 338/1022/879
f 1805/1015/872 1829/1025/882 355/1024/881 339/1023/880
f 340/1013/870 1829/1025/882 1805/1015/872
f 331/1026/883 361/1027/884 341/1014/871
f 332/1028/885 331/1026/883 341/1014/871 1802/1010/867
f 333/1017/874 332/1028/885 1802/1010/867 1799/1007/864
f 1806/1029/886 1809/1032/889 1810/1031/888 1807/1030/887
f 1807/1030/887 1810/1031/888 1811/1034/891 1808/1033/890
f 1809/1032/889 1812/1036/893 1813/1035/892 1810/1031/888
f 1810/1031/888 1813/1035/892 1814/1037/894 1811/1034/891
f 36/290/229 344/1039/896 1806/1029/886 345/1038/895
f 345/1038/895 1806/1029/886 1807/1030/887 346/1040/897
f 346/1040/897 1807/1030/887 1808/1033/890 347/1041/898
f 1811/1034/891 1814/1037/894 1822/1042/899
f 1814/1037/894 339/1044/880 355/1043/881 1822/1042/899
f 1813/1035/892 338/1045/879 339/1044/880 1814/1037/894
f 1812/1036/893 337/1046/878 338/1045/879 1813/1035/892
f 342/1047/900 39/1048/877 337/1046/878 1812/1036/893
f 343/1049/901 342/1047/900 1812/1036/893 1809/1032/889
f 344/1039/896 343/1049/901 1809/1032/889 1806/1029/886
f 1815/1050/902 1818/1053/905 1819/1052/904 1816/1051/903
f 1816/1051/903 1819/1052/904 1820/1055/907 1817/1054/906
f 1818/1053/905 1821/1056/908 1819/1052/904
f 1819/1052/904 1821/1056/908 1822/1057/899 1820/1055/907
f 37/499/432 349/1059/910 1815/1050/902 350/1058/909
f 350/1058/909 1815/1050/902 1816/1051/903 351/1060/911
f 351/1060/911 1816/1051/903 1817/1054/906 352/1061/912
f 352/1061/912 1817/1054/906 353/1063/914 40/1062/913
f 1817/1054/906 1820/1055/907 354/1064/915 353/1063/914
f 1820/1055/907 1822/1057/899 355/1065/881 354/1064/915
f 1821/1066/908 1811/1034/891 1822/1042/899
f 1818/1053/905 1808/1068/890 1811/1067/891 1821/1056/908
f 348/1069/916 347/1070/898 1808/1068/890 1818/1053/905
f 349/1059/910 348/1069/916 1818/1053/905 1815/1050/902
f 1823/1071/917 1825/1074/920 1826/1073/919 1824/1072/918
f 1824/1072/918 1826/1073/919 340/1076/870 341/1075/871
f 1825/1074/920 1827/1078/922 1828/1077/921 1826/1073/919
f 1826/1073/919 1828/1077/921 1829/1079/882 340/1076/870
f 38/35/29 358/1081/924 1823/1071/917 359/1080/923
f 359/1080/923 1823/1071/917 1824/1072/918 360/1082/925
f 360/1082/925 1824/1072/918 341/1075/871 361/1083/884
f 1828/1077/921 354/1064/915 355/1065/881 1829/1079/882
f 1827/1078/922 353/1063/914 354/1064/915 1828/1077/921
f 356/1084/926 40/1062/913 353/1063/914 1827/1078/922
f 357/1085/927 356/1084/926 1827/1078/922 1825/1074/920
f 358/1081/924 357/1085/927 1825/1074/920 1823/1071/917
f 1830/1086/928 1832/1089/931 1833/1088/930 1831/1087/929
f 1831/1087/929 1833/1088/930 1834/1091/933 367/1090/932
f 1832/1089/931 1835/1093/935 1836/1092/934 1833/1088/930
f 1833/1088/930 1836/1092/934 368/1094/936 1834/1091/933
f 41/90/77 364/1096/938 1830/1086/928 365/1095/937
f 365/1095/937 1830/1086/928 1831/1087/929 366/1097/939
f 366/1097/939 1831/1087/929 367/1090/932 45/1098/940
f 367/1090/932 1834/1091/933 1843/1099/941
f 1834/1091/933 368/1094/936 1843/1099/941
f 368/1094/936 369/1101/943 379/1100/942
f 1836/1092/934 370/1102/944 369/1101/943 368/1094/936
f 1835/1093/935 371/1103/945 370/1102/944 1836/1092/934
f 362/1104/946 47/1105/947 371/1103/945 1835/1093/935
f 363/1106/948 362/1104/946 1835/1093/935 1832/1089/931
f 364/1096/938 363/1106/948 1832/1089/931 1830/1086/928
f 1837/1107/949 1840/1110/952 1841/1109/951 1838/1108/950
f 1838/1108/950 1841/1109/951 1842/1112/954 1839/1111/953
f 1840/1110/952 367/1114/932 1843/1113/941 1841/1109/951
f 1841/1109/951 1843/1113/941 368/1115/936 1842/1112/954
f 42/49/29 373/1117/923 1837/1107/949 374/1116/955
f 374/1116/955 1837/1107/949 1838/1108/950 375/1118/956
f 375/1118/956 1838/1108/950 1839/1111/953 376/1119/957
f 376/1119/957 1839/1111/953 377/1121/959 46/1120/958
f 1839/1111/953 1842/1112/954 378/1122/960 377/1121/959
f 1842/1112/954 368/1115/936 379/1123/942 378/1122/960
f 372/1124/961 45/1125/940 367/1114/932 1840/1110/952
f 373/1117/923 372/1124/961 1840/1110/952 1837/1107/949
f 1844/1126/962 1846/1129/965 1847/1128/964 1845/1127/963
f 1845/1127/963 1847/1128/964 1848/1130/966
f 1846/1129/965 1849/1132/968 1850/1131/967 1847/1128/964
f 1847/1128/964 1850/1131/967 1851/1133/969 1848/1130/966
f 43/560/492 382/1135/971 1844/1126/962 383/1134/970
f 383/1134/970 1844/1126/962 1845/1127/963 384/1136/972
f 384/1137/972 1845/1140/963 1858/1139/974 385/1138/973
f 1845/1140/963 1848/1142/966 1859/1141/975 1858/1139/974
f 1848/1142/966 1851/1143/969 1859/1141/975
f 1850/1131/967 378/1122/960 379/1123/942 1851/1133/969
f 1849/1132/968 377/1121/959 378/1122/960 1850/1131/967
f 380/1144/976 46/1120/958 377/1121/959 1849/1132/968
f 381/1145/977 380/1144/976 1849/1132/968 1846/1129/965
f 382/1135/971 381/1145/977 1846/1129/965 1844/1126/962
f 1852/1146/978 1855/1149/981 1856/1148/980 1853/1147/979
f 1853/1147/979 1856/1148/980 1857/1151/983 1854/1150/982
f 1855/1149/981 1858/1139/974 1859/1141/975 1856/1148/980
f 1856/1148/980 1859/1141/975 1860/1152/984 1857/1151/983
f 44/360/299 387/1154/986 1852/1146/978 388/1153/985
f 388/1153/985 1852/1146/978 1853/1147/979 389/1155/987
f 389/1155/987 1853/1147/979 1854/1150/982 390/1156/988
f 390/1156/988 1854/1150/982 371/1158/945 47/1157/947
f 1854/1150/982 1857/1151/983 370/1159/944 371/1158/945
f 1857/1151/983 1860/1152/984 369/1160/943 370/1159/944
f 1860/1152/984 1851/1143/969 379/1161/942 369/1160/943
f 1859/1141/975 1851/1143/969 1860/1152/984
f 386/1162/989 385/1138/973 1858/1139/974 1855/1149/981
f 387/1154/986 386/1162/989 1855/1149/981 1852/1146/978
f 1861/1163/990 1864/1166/993 1865/1165/992 1862/1164/991
f 1862/1164/991 1865/1165/992 1866/1168/995 1863/1167/994
f 1864/1166/993 1867/1170/997 1868/1169/996 1865/1165/992
f 1865/1165/992 1868/1169/996 1869/1171/998 1866/1168/995
f 48/365/304 393/1173/1000 1861/1163/990 394/1172/999
f 394/1172/999 1861/1163/990 1862/1164/991 395/1174/1001
f 395/1174/1001 1862/1164/991 1863/1167/994 396/1175/1002
f 1868/1169/996 398/1177/1004 397/1176/1003 1869/1171/998
f 1867/1170/997 399/1178/1005 398/1177/1004 1868/1169/996
f 391/1179/1006 53/1180/1007 399/1178/1005 1867/1170/997
f 392/1181/1008 391/1179/1006 1867/1170/997 1864/1166/993
f 393/1173/1000 392/1181/1008 1864/1166/993 1861/1163/990
f 1870/1182/1009 1875/1185/1012 1873/1184/1011 1871/1183/1010
f 1871/1183/1010 1873/1184/1011 1874/1187/1014 1872/1186/1013
f 1875/1185/1012 1876/1188/1015 1873/1184/1011
f 1873/1184/1011 1876/1188/1015 1877/1189/1016 1874/1187/1014
f 49/574/501 401/1191/1018 1870/1182/1009 402/1190/1017
f 402/1190/1017 1870/1182/1009 1871/1183/1010 403/1192/1019
f 403/1192/1019 1871/1183/1010 1872/1186/1013 404/1193/1020
f 404/1193/1020 1872/1186/1013 405/1195/1022 52/1194/1021
f 1872/1186/1013 1874/1187/1014 406/1196/1023 405/1195/1022
f 1874/1187/1014 1877/1189/1016 407/1197/1024 406/1196/1023
f 1877/1198/1016 1869/1171/998 397/1176/1003 407/1199/1024
f 1876/1200/1015 1866/1168/995 1869/1171/998 1877/1198/1016
f 1875/1201/1012 1863/1167/994 1866/1168/995 1876/1200/1015
f 400/1202/1025 396/1175/1002 1863/1167/994 1875/1201/1012
f 401/1191/1018 400/1203/1025 1875/1185/1012 1870/1182/1009
f 1878/1204/1026 1881/1207/1029 1882/1206/1028 1879/1205/1027
f 1879/1205/1027 1882/1206/1028 1883/1209/1031 1880/1208/1030
f 1881/1207/1029 1884/1211/1033 1885/1210/1032 1882/1206/1028
f 1882/1206/1028 1885/1210/1032 1886/1212/1034 1883/1209/1031
f 50/610/531 410/1214/1036 1878/1204/1026 411/1213/1035
f 411/1213/1035 1878/1204/1026 1879/1205/1027 412/1215/1037
f 412/1215/1037 1879/1205/1027 1880/1208/1030 413/1216/1038
f 413/1217/1038 1880/1220/1030 1893/1219/1040 414/1218/1039
f 1880/1220/1030 1883/1222/1031 1894/1221/1041 1893/1219/1040
f 1883/1222/1031 1886/1224/1034 1895/1223/1042 1894/1221/1041
f 1886/1224/1034 407/1226/1024 397/1225/1003 1895/1223/1042
f 1885/1210/1032 406/1196/1023 407/1197/1024 1886/1212/1034
f 1884/1211/1033 405/1195/1022 406/1196/1023 1885/1210/1032
f 408/1227/1043 52/1194/1021 405/1195/1022 1884/1211/1033
f 409/1228/1044 408/1227/1043 1884/1211/1033 1881/1207/1029
f 410/1214/1036 409/1228/1044 1881/1207/1029 1878/1204/1026
f 1887/1229/1045 1890/1232/1048 1891/1231/1047 1888/1230/1046
f 1888/1230/1046 1891/1231/1047 1892/1234/1050 1889/1233/1049
f 1890/1232/1048 1893/1219/1040 1894/1221/1041 1891/1231/1047
f 1891/1231/1047 1894/1221/1041 1895/1223/1042 1892/1234/1050
f 51/385/324 416/1236/1052 1887/1229/1045 417/1235/1051
f 417/1235/1051 1887/1229/1045 1888/1230/1046 418/1237/1053
f 418/1237/1053 1888/1230/1046 1889/1233/1049 419/1238/1054
f 419/1238/1054 1889/1233/1049 399/1240/1005 53/1239/1007
f 1889/1233/1049 1892/1234/1050 398/1241/1004 399/1240/1005
f 1892/1234/1050 1895/1223/1042 397/1225/1003 398/1241/1004
f 415/1242/1055 414/1218/1039 1893/1219/1040 1890/1232/1048
f 416/1236/1052 415/1242/1055 1890/1232/1048 1887/1229/1045
f 1896/1243/1056 1899/1246/1059 1900/1245/1058 1897/1244/1057
f 1897/1244/1057 1900/1245/1058 1901/1248/1061 1898/1247/1060
f 1899/1246/1059 1902/1250/1063 1903/1249/1062 1900/1245/1058
f 1900/1245/1058 1903/1249/1062 426/1251/1064 1901/1248/1061
f 54/390/329 422/1253/1066 1896/1243/1056 423/1252/1065
f 423/1252/1065 1896/1243/1056 1897/1244/1057 424/1254/1067
f 424/1254/1067 1897/1244/1057 1898/1247/1060 425/1255/1068
f 425/1255/1068 1898/1247/1060 430/1256/1069
f 1898/1247/1060 1901/1248/1061 1911/1257/1070
f 1901/1248/1061 426/1251/1064 1911/1257/1070
f 1903/1249/1062 428/1259/1072 427/1258/1071 426/1251/1064
f 1902/1250/1063 429/1260/1073 428/1259/1072 1903/1249/1062
f 420/1261/1074 59/1262/1075 429/1260/1073 1902/1250/1063
f 421/1263/1076 420/1261/1074 1902/1250/1063 1899/1246/1059
f 422/1253/1066 421/1263/1076 1899/1246/1059 1896/1243/1056
f 1904/1264/1077 1907/1267/1080 1908/1266/1079 1905/1265/1078
f 1905/1265/1078 1908/1266/1079 1909/1269/1082 1906/1268/1081
f 1907/1267/1080 1910/1271/1083 1911/1270/1070 1908/1266/1079
f 1908/1266/1079 1911/1270/1070 426/1272/1064 1909/1269/1082
f 55/624/531 432/1274/1035 1904/1264/1077 433/1273/1084
f 433/1273/1084 1904/1264/1077 1905/1265/1078 434/1275/1085
f 434/1275/1085 1905/1265/1078 1906/1268/1081 435/1276/1086
f 435/1276/1086 1906/1268/1081 436/1278/1088 58/1277/1087
f 1906/1268/1081 1909/1269/1082 437/1279/1089 436/1278/1088
f 1909/1269/1082 426/1272/1064 438/1280/1090 437/1279/1089
f 426/1251/1064 427/1258/1071 438/1281/1090
f 1910/1282/1083 1898/1247/1060 1911/1257/1070
f 430/1256/1069 1898/1247/1060 1910/1282/1083
f 431/1283/1091 430/1284/1069 1910/1271/1083 1907/1267/1080
f 432/1274/1035 431/1283/1091 1907/1267/1080 1904/1264/1077
f 1912/1285/1092 1914/1288/1095 1915/1287/1094 1913/1286/1093
f 1913/1286/1093 1915/1287/1094 1916/1289/1096
f 1914/1288/1095 1917/1291/1098 1918/1290/1097 1915/1287/1094
f 1915/1287/1094 1918/1290/1097 1919/1292/1099 1916/1289/1096
f 56/485/423 441/1294/1101 1912/1285/1092 442/1293/1100
f 442/1293/1100 1912/1285/1092 1913/1286/1093 443/1295/1102
f 443/1296/1102 1913/1298/1093 444/1297/1103
f 1919/1299/1099 438/1301/1090 427/1300/1071
f 1918/1290/1097 437/1279/1089 438/1280/1090 1919/1292/1099
f 1917/1291/1098 436/1278/1088 437/1279/1089 1918/1290/1097
f 439/1302/1104 58/1277/1087 436/1278/1088 1917/1291/1098
f 440/1303/1105 439/1302/1104 1917/1291/1098 1914/1288/1095
f 441/1294/1101 440/1303/1105 1914/1288/1095 1912/1285/1092
f 1920/1304/1106 1923/1307/1109 1924/1306/1108 1921/1305/1107
f 1921/1305/1107 1924/1306/1108 1925/1309/1111 1922/1308/1110
f 1923/1307/1109 1926/1311/1113 1927/1310/1112 1924/1306/1108
f 1924/1306/1108 1927/1310/1112 1928/1312/1114 1925/1309/1111
f 57/285/224 446/1314/1116 1920/1304/1106 447/1313/1115
f 447/1313/1115 1920/1304/1106 1921/1305/1107 448/1315/1117
f 448/1315/1117 1921/1305/1107 1922/1308/1110 449/1316/1118
f 449/1316/1118 1922/1308/1110 429/1318/1073 59/1317/1075
f 1922/1308/1110 1925/1309/1111 428/1319/1072 429/1318/1073
f 1925/1309/1111 1928/1312/1114 427/1300/1071 428/1319/1072
f 1928/1312/1114 1919/1299/1099 427/1300/1071
f 1927/1310/1112 1916/1320/1096 1919/1299/1099 1928/1312/1114
f 1926/1311/1113 1913/1298/1093 1916/1320/1096 1927/1310/1112
f 444/1297/1103 1913/1298/1093 1926/1311/1113
f 445/1321/1119 444/1297/1103 1926/1311/1113 1923/1307/1109
f 446/1314/1116 445/1321/1119 1923/1307/1109 1920/1304/1106
f 1929/1322/1120 1932/1325/1123 1933/1324/1122 1930/1323/1121
f 1930/1323/1121 1933/1324/1122 1934/1327/1125 1931/1326/1124
f 1932/1325/1123 1935/1329/1127 1936/1328/1126 1933/1324/1122
f 1933/1324/1122 1936/1328/1126 1937/1330/1128 1934/1327/1125
f 60/99/86 452/1332/1130 1929/1322/1120 453/1331/1129
f 453/1331/1129 1929/1322/1120 1930/1323/1121 454/1333/1131
f 454/1333/1131 1930/1323/1121 1931/1326/1124 455/1334/1132
f 455/1334/1132 1931/1326/1124 1944/1336/1134 459/1335/1133
f 1931/1326/1124 1934/1327/1125 1945/1337/1135 1944/1336/1134
f 1934/1327/1125 1937/1330/1128 1946/1338/1136 1945/1337/1135
f 1937/1339/1128 456/1342/1138 467/1341/1137 1946/1340/1136
f 1936/1328/1126 457/1344/1139 456/1343/1138 1937/1330/1128
f 1935/1329/1127 458/1345/1140 457/1344/1139 1936/1328/1126
f 450/1346/1141 66/1347/1142 458/1345/1140 1935/1329/1127
f 451/1348/1143 450/1346/1141 1935/1329/1127 1932/1325/1123
f 452/1332/1130 451/1348/1143 1932/1325/1123 1929/1322/1120
f 1938/1349/1144 1941/1352/1147 1942/1351/1146 1939/1350/1145
f 1939/1350/1145 1942/1351/1146 1943/1354/1149 1940/1353/1148
f 1941/1352/1147 1944/1356/1134 1945/1355/1135 1942/1351/1146
f 1942/1351/1146 1945/1355/1135 1946/1340/1136 1943/1354/1149
f 61/260/206 461/1358/1151 1938/1349/1144 462/1357/1150
f 462/1357/1150 1938/1349/1144 1939/1350/1145 463/1359/1152
f 463/1359/1152 1939/1350/1145 1940/1353/1148 464/1360/1153
f 464/1360/1153 1940/1353/1148 465/1362/1155 64/1361/1154
f 1940/1353/1148 1943/1354/1149 466/1363/1156 465/1362/1155
f 1943/1354/1149 1946/1340/1136 467/1341/1137 466/1363/1156
f 460/1364/1157 459/1365/1133 1944/1356/1134 1941/1352/1147
f 461/1358/1151 460/1364/1157 1941/1352/1147 1938/1349/1144
f 1947/1366/1158 1949/1369/1161 1950/1368/1160 1948/1367/1159
f 1948/1367/1159 1950/1368/1160 1951/1370/1162
f 1949/1369/1161 1952/1372/1164 1953/1371/1163 1950/1368/1160
f 1950/1368/1160 1953/1371/1163 1954/1373/1165 1951/1370/1162
f 62/115/97 470/1375/1167 1947/1366/1158 471/1374/1166
f 471/1374/1166 1947/1366/1158 1948/1367/1159 472/1376/1168
f 472/1376/1168 1948/1367/1159 473/1378/1170 65/1377/1169
f 1948/1367/1159 1951/1370/1162 473/1378/1170
f 1953/1371/1163 466/1363/1156 467/1341/1137 1954/1373/1165
f 1952/1372/1164 465/1362/1155 466/1363/1156 1953/1371/1163
f 468/1379/1171 64/1361/1154 465/1362/1155 1952/1372/1164
f 469/1380/1172 468/1379/1171 1952/1372/1164 1949/1369/1161
f 470/1375/1167 469/1380/1172 1949/1369/1161 1947/1366/1158
f 1955/1381/1173 1958/1384/1176 1959/1383/1175 1956/1382/1174
f 1956/1382/1174 1959/1383/1175 1960/1386/1178 1957/1385/1177
f 1958/1384/1176 473/1388/1170 1961/1387/1179 1959/1383/1175
f 1959/1383/1175 1961/1387/1179 1962/1389/1180 1960/1386/1178
f 63/294/233 475/1391/1182 1955/1381/1173 476/1390/1181
f 476/1390/1181 1955/1381/1173 1956/1382/1174 477/1392/1183
f 477/1392/1183 1956/1382/1174 1957/1385/1177 478/1393/1184
f 478/1393/1184 1957/1385/1177 458/1395/1140 66/1394/1142
f 1957/1385/1177 1960/1386/1178 457/1396/1139 458/1395/1140
f 1960/1386/1178 1962/1389/1180 456/1397/1138 457/1396/1139
f 1962/1389/1180 1954/1399/1165 467/1398/1137 456/1397/1138
f 1961/1387/1179 1951/1400/1162 1954/1399/1165 1962/1389/1180
f 473/1388/1170 1951/1400/1162 1961/1387/1179
f 474/1401/1185 65/1402/1169 473/1388/1170 1958/1384/1176
f 475/1391/1182 474/1401/1185 1958/1384/1176 1955/1381/1173
f 1963/1403/1186 1966/1406/1189 1967/1405/1188 1964/1404/1187
f 1964/1404/1187 1967/1405/1188 1968/1408/1191 1965/1407/1190
f 1966/1406/1189 1969/1410/1193 1970/1409/1192 1967/1405/1188
f 1967/1405/1188 1970/1409/1192 1971/1411/1194 1968/1408/1191
f 67/94/81 480/1413/1196 1963/1403/1186 481/1412/1195
f 481/1412/1195 1963/1403/1186 1964/1404/1187 482/1414/1197
f 482/1414/1197 1964/1404/1187 1965/1407/1190 483/1415/1198
f 483/1415/1198 1965/1407/1190 484/1417/1200 71/1416/1199
f 1965/1407/1190 1968/1408/1191 485/1418/1201 484/1417/1200
f 1968/1408/1191 1971/1411/1194 486/1419/1202 485/1418/1201
f 1971/1420/1194 1993/1423/1204 501/1422/1203 486/1421/1202
f 1970/1409/1192 1990/1425/1205 1993/1424/1204 1971/1411/1194
f 1969/1410/1193 1987/1426/1206 1990/1425/1205 1970/1409/1192
f 74/1427/1207 1987/1426/1206 1969/1410/1193
f 479/1428/1208 74/1427/1207 1969/1410/1193 1966/1406/1189
f 480/1413/1196 479/1428/1208 1966/1406/1189 1963/1403/1186
f 1972/1429/1209 1975/1432/1212 1976/1431/1211 1973/1430/1210
f 1973/1430/1210 1976/1431/1211 492/1434/1214 1974/1433/1213
f 1975/1432/1212 1977/1436/1216 1978/1435/1215 1976/1431/1211
f 1976/1431/1211 1978/1435/1215 493/1437/1217 492/1434/1214
f 68/374/313 489/1439/1219 1972/1429/1209 490/1438/1218
f 490/1438/1218 1972/1429/1209 1973/1430/1210 491/1440/1220
f 491/1440/1220 1973/1430/1210 1974/1433/1213 72/1441/1221
f 493/1437/1217 486/1443/1202 501/1442/1203
f 1978/1435/1215 485/1444/1201 486/1443/1202 493/1437/1217
f 1977/1436/1216 484/1445/1200 485/1444/1201 1978/1435/1215
f 487/1446/1222 71/1447/1199 484/1445/1200 1977/1436/1216
f 488/1448/1223 487/1446/1222 1977/1436/1216 1975/1432/1212
f 489/1439/1219 488/1448/1223 1975/1432/1212 1972/1429/1209
f 1979/1449/1224 1984/1452/1227 1982/1451/1226 1980/1450/1225
f 1980/1450/1225 1982/1451/1226 1983/1454/1229 1981/1453/1228
f 1984/1452/1227 492/1455/1214 1982/1451/1226
f 1982/1451/1226 492/1455/1214 493/1456/1217 1983/1454/1229
f 69/185/144 495/1458/1231 1979/1449/1224 496/1457/1230
f 496/1457/1230 1979/1449/1224 1980/1450/1225 497/1459/1232
f 497/1459/1232 1980/1450/1225 1981/1453/1228 498/1460/1233
f 498/1460/1233 1981/1453/1228 499/1462/1235 73/1461/1234
f 1981/1453/1228 1983/1454/1229 500/1463/1236 499/1462/1235
f 1983/1454/1229 493/1456/1217 501/1422/1203 500/1463/1236
f 1984/1464/1227 1974/1433/1213 492/1434/1214
f 494/1465/1237 72/1467/1221 1974/1466/1213 1984/1452/1227
f 495/1458/1231 494/1465/1237 1984/1452/1227 1979/1449/1224
f 1985/1468/1238 1988/1471/1241 1989/1470/1240 1986/1469/1239
f 1986/1469/1239 1989/1470/1240 1990/1473/1205 1987/1472/1206
f 1988/1471/1241 1991/1475/1243 1992/1474/1242 1989/1470/1240
f 1989/1470/1240 1992/1474/1242 1993/1423/1204 1990/1473/1205
f 70/265/206 504/1477/1244 1985/1468/1238 505/1476/1151
f 505/1476/1151 1985/1468/1238 1986/1469/1239 506/1478/1245
f 506/1478/1245 1986/1469/1239 1987/1472/1206 74/1479/1207
f 1992/1474/1242 500/1463/1236 501/1422/1203 1993/1423/1204
f 1991/1475/1243 499/1462/1235 500/1463/1236 1992/1474/1242
f 502/1480/1246 73/1461/1234 499/1462/1235 1991/1475/1243
f 503/1481/1247 502/1480/1246 1991/1475/1243 1988/1471/1241
f 504/1477/1244 503/1481/1247 1988/1471/1241 1985/1468/1238
f 1994/1482/1248 1997/1485/1251 1998/1484/1250 1995/1483/1249
f 1995/1483/1249 1998/1484/1250 1999/1487/1253 1996/1486/1252
f 1997/1485/1251 2000/1489/1255 2001/1488/1254 1998/1484/1250
f 1998/1484/1250 2001/1488/1254 2002/1490/1256 1999/1487/1253
f 75/369/308 509/1492/1258 1994/1482/1248 510/1491/1257
f 510/1491/1257 1994/1482/1248 1995/1483/1249 511/1493/1259
f 511/1493/1259 1995/1483/1249 1996/1486/1252 512/1494/1260
f 512/1494/1260 1996/1486/1252 513/1496/1262 79/1495/1261
f 1996/1486/1252 1999/1487/1253 514/1497/1263 513/1496/1262
f 1999/1487/1253 2002/1490/1256 515/1498/1264 514/1497/1263
f 2002/1490/1256 2028/1499/1265 515/1498/1264
f 2001/1488/1254 2025/1500/1266 2028/1499/1265 2002/1490/1256
f 2000/1489/1255 2025/1500/1266 2001/1488/1254
f 508/1501/1267 507/1502/1268 2000/1489/1255 1997/1485/1251
f 509/1492/1258 508/1501/1267 1997/1485/1251 1994/1482/1248
f 2003/1503/1269 2006/1506/1272 2007/1505/1271 2004/1504/1270
f 2004/1504/1270 2007/1505/1271 2008/1508/1274 2005/1507/1273
f 2006/1506/1272 2009/1510/1276 2010/1509/1275 2007/1505/1271
f 2007/1505/1271 2010/1509/1275 2011/1511/1277 2008/1508/1274
f 76/399/338 518/1513/1279 2003/1503/1269 519/1512/1278
f 519/1512/1278 2003/1503/1269 2004/1504/1270 520/1514/1280
f 520/1514/1280 2004/1504/1270 2005/1507/1273 521/1515/1281
f 521/1515/1281 2005/1507/1273 522/1516/1282
f 2008/1508/1274 2011/1511/1277 2020/1517/1283
f 2011/1518/1277 515/1520/1264 2020/1519/1283
f 2010/1509/1275 514/1522/1263 515/1521/1264 2011/1511/1277
f 2009/1510/1276 513/1523/1262 514/1522/1263 2010/1509/1275
f 516/1524/1284 79/1525/1261 513/1523/1262 2009/1510/1276
f 517/1526/1285 516/1524/1284 2009/1510/1276 2006/1506/1272
f 518/1513/1279 517/1526/1285 2006/1506/1272 2003/1503/1269
f 2012/1527/1286 2015/1530/1289 2016/1529/1288 2013/1528/1287
f 2013/1528/1287 2016/1529/1288 2017/1532/1291 2014/1531/1290
f 2015/1530/1289 2018/1534/1293 2019/1533/1292 2016/1529/1288
f 2016/1529/1288 2019/1533/1292 2020/1535/1283 2017/1532/1291
f 77/135/105 524/1537/1295 2012/1527/1286 525/1536/1294
f 525/1536/1294 2012/1527/1286 2013/1528/1287 526/1538/1296
f 526/1538/1296 2013/1528/1287 2014/1531/1290 527/1539/1297
f 527/1539/1297 2014/1531/1290 528/1541/1299 80/1540/1298
f 2014/1531/1290 2017/1532/1291 529/1542/1300 528/1541/1299
f 2017/1532/1291 2020/1535/1283 530/1543/1301 529/1542/1300
f 2020/1544/1283 515/1546/1264 530/1545/1301
f 2019/1547/1292 2008/1508/1274 2020/1517/1283
f 2018/1548/1293 2005/1507/1273 2008/1508/1274 2019/1547/1292
f 522/1516/1282 2005/1507/1273 2018/1548/1293
f 523/1549/1302 522/1550/1282 2018/1534/1293 2015/1530/1289
f 524/1537/1295 523/1549/1302 2015/1530/1289 2012/1527/1286
f 2021/1551/1303 2023/1554/1306 2024/1553/1305 2022/1552/1304
f 2022/1552/1304 2024/1553/1305 2025/1555/1266
f 2023/1554/1306 2026/1557/1308 2027/1556/1307 2024/1553/1305
f 2024/1553/1305 2027/1556/1307 2028/1558/1265 2025/1555/1266
f 78/190/148 533/1560/1310 2021/1551/1303 534/1559/1309
f 534/1559/1309 2021/1551/1303 2022/1552/1304 535/1561/1311
f 535/1561/1311 2022/1552/1304 2000/1563/1255 507/1562/1268
f 2022/1552/1304 2025/1555/1266 2000/1563/1255
f 2028/1499/1265 530/1564/1301 515/1498/1264
f 2027/1556/1307 529/1542/1300 530/1543/1301 2028/1558/1265
f 2026/1557/1308 528/1541/1299 529/1542/1300 2027/1556/1307
f 531/1565/1312 80/1540/1298 528/1541/1299 2026/1557/1308
f 532/1566/1313 531/1565/1312 2026/1557/1308 2023/1554/1306
f 533/1560/1310 532/1566/1313 2023/1554/1306 2021/1551/1303
f 2029/1567/1314 2032/1570/1317 2033/1569/1316 2030/1568/1315
f 2030/1568/1315 2033/1569/1316 2034/1572/1319 2031/1571/1318
f 2032/1570/1317 2035/1574/1321 2036/1573/1320 2033/1569/1316
f 2033/1569/1316 2036/1573/1320 2037/1575/1322 2034/1572/1319
f 81/394/333 538/1577/1324 2029/1567/1314 539/1576/1323
f 539/1576/1323 2029/1567/1314 2030/1568/1315 540/1578/1325
f 540/1578/1325 2030/1568/1315 2031/1571/1318 541/1579/1326
f 541/1579/1326 2031/1571/1318 542/1581/1328 85/1580/1327
f 2031/1571/1318 2034/1572/1319 543/1582/1329 542/1581/1328
f 2034/1572/1319 2037/1575/1322 544/1583/1330 543/1582/1329
f 2037/1584/1322 2063/1586/1331 544/1585/1330
f 2036/1573/1320 2060/1588/1332 2063/1587/1331 2037/1575/1322
f 2035/1574/1321 2060/1588/1332 2036/1573/1320
f 536/1589/1333 564/1590/1334 2035/1574/1321
f 537/1591/1335 536/1589/1333 2035/1574/1321 2032/1570/1317
f 538/1577/1324 537/1591/1335 2032/1570/1317 2029/1567/1314
f 2038/1592/1336 2041/1595/1339 2042/1594/1338 2039/1593/1337
f 2039/1593/1337 2042/1594/1338 2043/1597/1341 2040/1596/1340
f 2041/1595/1339 2044/1599/1343 2045/1598/1342 2042/1594/1338
f 2042/1594/1338 2045/1598/1342 2046/1600/1344 2043/1597/1341
f 82/299/238 547/1602/1346 2038/1592/1336 548/1601/1345
f 548/1601/1345 2038/1592/1336 2039/1593/1337 549/1603/1347
f 549/1603/1347 2039/1593/1337 2040/1596/1340 550/1604/1348
f 2040/1596/1340 2043/1597/1341 2053/1605/1349
f 2043/1597/1341 2046/1600/1344 2054/1606/1350 2053/1605/1349
f 2046/1600/1344 544/1607/1330 2054/1606/1350
f 2045/1598/1342 543/1608/1329 544/1607/1330 2046/1600/1344
f 2044/1599/1343 542/1609/1328 543/1608/1329 2045/1598/1342
f 545/1610/1351 85/1611/1327 542/1609/1328 2044/1599/1343
f 546/1612/1352 545/1610/1351 2044/1599/1343 2041/1595/1339
f 547/1602/1346 546/1612/1352 2041/1595/1339 2038/1592/1336
f 2047/1613/1353 2050/1616/1356 2051/1615/1355 2048/1614/1354
f 2048/1614/1354 2051/1615/1355 2052/1618/1358 2049/1617/1357
f 2050/1616/1356 2053/1619/1349 2051/1615/1355
f 2051/1615/1355 2053/1619/1349 2054/1620/1350 2052/1618/1358
f 83/110/93 552/1622/1360 2047/1613/1353 553/1621/1359
f 553/1621/1359 2047/1613/1353 2048/1614/1354 554/1623/1361
f 554/1623/1361 2048/1614/1354 2049/1617/1357 555/1624/1362
f 555/1624/1362 2049/1617/1357 556/1626/1364 86/1625/1363
f 2049/1617/1357 2052/1618/1358 557/1627/1365 556/1626/1364
f 2052/1618/1358 2054/1620/1350 558/1628/1366 557/1627/1365
f 2054/1606/1350 544/1607/1330 558/1629/1366
f 2050/1616/1356 2040/1630/1340 2053/1619/1349
f 551/1631/1367 550/1632/1348 2040/1630/1340 2050/1616/1356
f 552/1622/1360 551/1631/1367 2050/1616/1356 2047/1613/1353
f 2055/1633/1368 2058/1636/1371 2059/1635/1370 2056/1634/1369
f 2056/1634/1369 2059/1635/1370 2060/1638/1332 2057/1637/1372
f 2058/1636/1371 2061/1640/1374 2062/1639/1373 2059/1635/1370
f 2059/1635/1370 2062/1639/1373 2063/1641/1331 2060/1638/1332
f 84/140/105 561/1643/1375 2055/1633/1368 562/1642/1295
f 562/1642/1295 2055/1633/1368 2056/1634/1369 563/1644/1376
f 563/1644/1376 2056/1634/1369 2057/1637/1372 564/1645/1334
f 564/1590/1334 2057/1646/1372 2035/1574/1321
f 2057/1646/1372 2060/1588/1332 2035/1574/1321
f 2063/1647/1331 558/1649/1366 544/1648/1330
f 2062/1639/1373 557/1627/1365 558/1628/1366 2063/1641/1331
f 2061/1640/1374 556/1626/1364 557/1627/1365 2062/1639/1373
f 559/1650/1377 86/1625/1363 556/1626/1364 2061/1640/1374
f 560/1651/1378 559/1650/1377 2061/1640/1374 2058/1636/1371
f 561/1643/1375 560/1651/1378 2058/1636/1371 2055/1633/1368
f 2066/1652/1379 2067/1654/1381 2065/1653/1380
f 2064/1655/1382 2068/1656/1383 2066/1652/1379
f 87/169/132 566/1659/1385 2064/1658/1382 567/1657/1384
f 567/1657/1384 2064/1658/1382 2066/1661/1379 568/1660/1386
f 568/1660/1386 2066/1661/1379 2065/1663/1380 569/1662/1387
f 569/1664/1387 2065/1653/1380 570/1666/1389 91/1665/1388
f 2065/1653/1380 2067/1654/1381 571/1667/1390 570/1666/1389
f 2067/1654/1381 572/1668/1391 571/1667/1390
f 2067/1654/1381 573/1670/1393 92/1669/1392 572/1668/1391
f 2066/1652/1379 574/1671/1394 573/1670/1393 2067/1654/1381
f 2068/1656/1383 2089/1672/1395 574/1671/1394 2066/1652/1379
f 565/1673/1396 2089/1672/1395 2068/1656/1383
f 566/1674/1385 565/1673/1396 2068/1656/1383 2064/1655/1382
f 2069/1675/1397 2072/1678/1400 2073/1677/1399 2070/1676/1398
f 2070/1676/1398 2073/1677/1399 2074/1680/1402 2071/1679/1401
f 2072/1678/1400 2075/1682/1404 2076/1681/1403 2073/1677/1399
f 2073/1677/1399 2076/1681/1403 2077/1683/1405 2074/1680/1402
f 88/249/201 577/1685/1407 2069/1675/1397 578/1684/1406
f 578/1684/1406 2069/1675/1397 2070/1676/1398 579/1686/1408
f 579/1687/1408 2070/1690/1398 2071/1689/1401 580/1688/1409
f 580/1688/1409 2071/1689/1401 581/1692/1411 93/1691/1410
f 2071/1689/1401 2074/1694/1402 582/1693/1412 581/1692/1411
f 2074/1694/1402 2077/1696/1405 583/1695/1413 582/1693/1412
f 2077/1696/1405 572/1668/1391 92/1669/1392 583/1695/1413
f 2076/1697/1403 571/1667/1390 572/1668/1391 2077/1696/1405
f 2075/1682/1404 570/1699/1389 571/1698/1390 2076/1681/1403
f 575/1700/1414 91/1701/1388 570/1699/1389 2075/1682/1404
f 576/1702/1415 575/1700/1414 2075/1682/1404 2072/1678/1400
f 577/1685/1407 576/1702/1415 2072/1678/1400 2069/1675/1397
f 2078/1703/1416 2081/1706/1419 2082/1705/1418 2079/1704/1417
f 2079/1704/1417 2082/1705/1418 2083/1708/1421 2080/1707/1420
f 2081/1706/1419 2084/1710/1423 2085/1709/1422 2082/1705/1418
f 2082/1705/1418 2085/1709/1422 2086/1711/1424 2083/1708/1421
f 89/119/99 586/1713/1426 2078/1703/1416 587/1712/1425
f 587/1712/1425 2078/1703/1416 2079/1704/1417 588/1714/1427
f 588/1714/1427 2079/1704/1417 2080/1707/1420 589/1715/1428
f 589/1715/1428 2080/1707/1420 590/1717/1430 94/1716/1429
f 2080/1707/1420 2083/1708/1421 591/1718/1431 590/1717/1430
f 2083/1708/1421 2086/1711/1424 592/1719/1432 591/1718/1431
f 2086/1711/1424 583/1695/1413 92/1669/1392 592/1719/1432
f 2085/1709/1422 582/1693/1412 583/1695/1413 2086/1711/1424
f 2084/1710/1423 581/1692/1411 582/1693/1412 2085/1709/1422
f 584/1720/1433 93/1691/1410 581/1692/1411 2084/1710/1423
f 585/1721/1434 584/1720/1433 2084/1710/1423 2081/1706/1419
f 586/1713/1426 585/1721/1434 2081/1706/1419 2078/1703/1416
f 2087/1722/1435 2090/1725/1438 2091/1724/1437 2088/1723/1436
f 2088/1723/1436 2091/1724/1437 574/1671/1394 2089/1672/1395
f 2090/1725/1438 2092/1727/1440 2093/1726/1439 2091/1724/1437
f 2091/1724/1437 2093/1726/1439 2094/1728/1441 574/1671/1394
f 90/274/212 595/1730/1443 2087/1722/1435 596/1729/1442
f 596/1729/1442 2087/1722/1435 2088/1723/1436 597/1731/1444
f 597/1731/1444 2088/1723/1436 2089/1672/1395 598/1732/1445
f 598/1732/1445 2089/1672/1395 565/1673/1396
f 574/1671/1394 2094/1728/1441 573/1670/1393
f 2094/1728/1441 592/1719/1432 92/1669/1392 573/1670/1393
f 2093/1726/1439 591/1718/1431 592/1719/1432 2094/1728/1441
f 2092/1727/1440 590/1717/1430 591/1718/1431 2093/1726/1439
f 593/1733/1446 94/1716/1429 590/1717/1430 2092/1727/1440
f 594/1734/1447 593/1733/1446 2092/1727/1440 2090/1725/1438
f 595/1730/1443 594/1734/1447 2090/1725/1438 2087/1722/1435
f 2095/1735/1448 2097/1737/1450 2096/1736/1449
f 2097/1737/1450 2098/1739/1452 2099/1738/1451
f 95/174/137 601/1742/1454 2095/1741/1448 602/1740/1453
f 602/1740/1453 2095/1741/1448 603/1743/1455
f 603/1744/1455 2095/1735/1448 2096/1736/1449
f 2096/1736/1449 2097/1737/1450 2107/1745/1456
f 2097/1737/1450 2099/1738/1451 604/1746/1457 2107/1745/1456
f 2099/1738/1451 605/1748/1459 99/1747/1458 604/1746/1457
f 2099/1738/1451 606/1749/1460 605/1748/1459
f 2098/1739/1452 607/1750/1461 606/1749/1460 2099/1738/1451
f 599/1751/1462 102/1752/1463 607/1750/1461 2098/1739/1452
f 600/1753/1464 599/1756/1462 2098/1755/1452 2097/1754/1450
f 601/1742/1454 600/1753/1464 2097/1754/1450 2095/1741/1448
f 2100/1757/1465 2103/1760/1468 2104/1759/1467 2101/1758/1466
f 2101/1758/1466 2104/1759/1467 2105/1762/1470 2102/1761/1469
f 2103/1760/1468 2106/1763/1471 2107/1745/1456 2104/1759/1467
f 2104/1759/1467 2107/1745/1456 2108/1764/1472 2105/1762/1470
f 96/269/212 610/1766/1474 2100/1757/1465 611/1765/1473
f 611/1765/1473 2100/1757/1465 2101/1758/1466 612/1767/1475
f 612/1767/1475 2101/1758/1466 2102/1761/1469 613/1768/1476
f 613/1768/1476 2102/1761/1469 614/1770/1478 100/1769/1477
f 2102/1761/1469 2105/1762/1470 615/1771/1479 614/1770/1478
f 2105/1762/1470 2108/1764/1472 616/1772/1480 615/1771/1479
f 2108/1764/1472 604/1746/1457 99/1747/1458 616/1772/1480
f 2107/1745/1456 604/1746/1457 2108/1764/1472
f 2106/1763/1471 2096/1736/1449 2107/1745/1456
f 608/1773/1481 603/1744/1455 2096/1736/1449 2106/1763/1471
f 609/1774/1482 608/1773/1481 2106/1763/1471 2103/1760/1468
f 610/1766/1474 609/1774/1482 2103/1760/1468 2100/1757/1465
f 2109/1775/1483 2112/1778/1486 2113/1777/1485 2110/1776/1484
f 2110/1776/1484 2113/1777/1485 2114/1780/1488 2111/1779/1487
f 2112/1778/1486 2115/1782/1490 2116/1781/1489 2113/1777/1485
f 2113/1777/1485 2116/1781/1489 2117/1783/1491 2114/1780/1488
f 97/199/150 619/1785/1493 2109/1775/1483 620/1784/1492
f 620/1784/1492 2109/1775/1483 2110/1776/1484 621/1786/1494
f 621/1786/1494 2110/1776/1484 2111/1779/1487 622/1787/1495
f 622/1787/1495 2111/1779/1487 623/1789/1497 101/1788/1496
f 2111/1779/1487 2114/1780/1488 624/1790/1498 623/1789/1497
f 2114/1780/1488 2117/1783/1491 625/1791/1499 624/1790/1498
f 2117/1783/1491 616/1772/1480 99/1747/1458 625/1791/1499
f 2116/1781/1489 615/1771/1479 616/1772/1480 2117/1783/1491
f 2115/1782/1490 614/1770/1478 615/1771/1479 2116/1781/1489
f 617/1792/1500 100/1769/1477 614/1770/1478 2115/1782/1490
f 618/1793/1501 617/1792/1500 2115/1782/1490 2112/1778/1486
f 619/1785/1493 618/1793/1501 2112/1778/1486 2109/1775/1483
f 2118/1794/1502 2121/1797/1505 2122/1796/1504 2119/1795/1503
f 2119/1795/1503 2122/1796/1504 2123/1799/1507 2120/1798/1506
f 2121/1800/1505 2124/1803/1509 2125/1802/1508 2122/1801/1504
f 2122/1796/1504 2125/1805/1508 2126/1804/1510 2123/1799/1507
f 98/319/258 628/1807/1512 2118/1794/1502 629/1806/1511
f 629/1806/1511 2118/1794/1502 2119/1795/1503 630/1808/1513
f 630/1808/1513 2119/1795/1503 2120/1798/1506 631/1809/1514
f 631/1809/1514 2120/1798/1506 607/1811/1461 102/1810/1463
f 2120/1798/1506 2123/1799/1507 606/1812/1460 607/1811/1461
f 2123/1813/1507 2126/1814/1510 605/1748/1459 606/1749/1460
f 2126/1814/1510 625/1791/1499 99/1747/1458 605/1748/1459
f 2125/1802/1508 624/1790/1498 625/1791/1499 2126/1814/1510
f 2124/1803/1509 623/1789/1497 624/1790/1498 2125/1802/1508
f 626/1815/1515 101/1788/1496 623/1789/1497 2124/1803/1509
f 627/1816/1516 626/1815/1515 2124/1803/1509 2121/1800/1505
f 628/1807/1512 627/1817/1516 2121/1797/1505 2118/1794/1502
f 2127/1818/1517 2130/1821/1520 2131/1820/1519 2128/1819/1518
f 2128/1822/1518 2131/1825/1519 2132/1824/1522 2129/1823/1521
f 2130/1821/1520 2133/1827/1524 2134/1826/1523 2131/1820/1519
f 2131/1820/1519 2134/1826/1523 2135/1829/1525 2132/1828/1522
f 103/324/263 634/1831/1527 2127/1818/1517 635/1830/1526
f 635/1830/1526 2127/1818/1517 2128/1819/1518 636/1832/1528
f 636/1833/1528 2128/1822/1518 2129/1823/1521 637/1834/1529
f 637/1834/1529 2129/1823/1521 638/1836/1531 107/1835/1530
f 2129/1823/1521 2132/1824/1522 639/1837/1532 638/1836/1531
f 2132/1824/1522 2135/1839/1525 640/1838/1533 639/1837/1532
f 2135/1839/1525 641/1841/1535 108/1840/1534 640/1838/1533
f 2134/1842/1523 642/1843/1536 641/1841/1535 2135/1839/1525
f 2133/1827/1524 643/1845/1537 642/1844/1536 2134/1826/1523
f 632/1846/1538 110/1847/1539 643/1845/1537 2133/1827/1524
f 633/1848/1540 632/1846/1538 2133/1827/1524 2130/1821/1520
f 634/1831/1527 633/1848/1540 2130/1821/1520 2127/1818/1517
f 2136/1849/1541 2139/1852/1544 2140/1851/1543 2137/1850/1542
f 2137/1850/1542 2140/1851/1543 2141/1854/1546 2138/1853/1545
f 2139/1852/1544 2142/1856/1548 2143/1855/1547 2140/1851/1543
f 2140/1851/1543 2143/1855/1547 2144/1857/1549 2141/1854/1546
f 104/194/150 646/1859/1492 2136/1849/1541 647/1858/1550
f 647/1858/1550 2136/1849/1541 2137/1850/1542 648/1860/1551
f 648/1860/1551 2137/1850/1542 2138/1853/1545 649/1861/1552
f 649/1861/1552 2138/1853/1545 650/1863/1554 109/1862/1553
f 2138/1853/1545 2141/1854/1546 651/1864/1555 650/1863/1554
f 2141/1854/1546 2144/1857/1549 652/1865/1556 651/1864/1555
f 2144/1857/1549 640/1838/1533 108/1840/1534 652/1865/1556
f 2143/1855/1547 639/1837/1532 640/1838/1533 2144/1857/1549
f 2142/1856/1548 638/1836/1531 639/1837/1532 2143/1855/1547
f 644/1866/1557 107/1835/1530 638/1836/1531 2142/1856/1548
f 645/1867/1558 644/1866/1557 2142/1856/1548 2139/1852/1544
f 646/1859/1492 645/1867/1558 2139/1852/1544 2136/1849/1541
f 2145/1868/1559 2148/1871/1562 2149/1870/1561 2146/1869/1560
f 2146/1869/1560 2149/1870/1561 2150/1873/1564 2147/1872/1563
f 2148/1871/1562 2151/1875/1566 2152/1874/1565 2149/1870/1561
f 2149/1870/1561 2152/1874/1565 2153/1876/1567 2150/1873/1564
f 105/149/111 655/1878/1569 2145/1868/1559 656/1877/1568
f 656/1877/1568 2145/1868/1559 2146/1869/1560 657/1879/1570
f 657/1879/1570 2146/1869/1560 2147/1872/1563 658/1880/1571
f 2150/1873/1564 2153/1876/1567 659/1881/1572
f 2153/1876/1567 652/1865/1556 108/1840/1534 659/1881/1572
f 2152/1874/1565 651/1864/1555 652/1865/1556 2153/1876/1567
f 2151/1875/1566 650/1863/1554 651/1864/1555 2152/1874/1565
f 653/1882/1573 109/1862/1553 650/1863/1554 2151/1875/1566
f 654/1883/1574 653/1882/1573 2151/1875/1566 2148/1871/1562
f 655/1878/1569 654/1883/1574 2148/1871/1562 2145/1868/1559
f 2154/1884/1575 2158/1887/1578 2159/1886/1577 2155/1885/1576
f 2155/1885/1576 2159/1886/1577 2157/1889/1580 2156/1888/1579
f 2159/1886/1577 659/1881/1572 2157/1889/1580
f 106/344/283 661/1892/1582 2154/1891/1575 662/1890/1581
f 662/1890/1581 2154/1891/1575 2155/1894/1576 663/1893/1583
f 663/1893/1583 2155/1894/1576 2156/1896/1579 664/1895/1584
f 664/1897/1584 2156/1888/1579 643/1899/1537 110/1898/1539
f 2156/1888/1579 2157/1889/1580 642/1843/1536 643/1899/1537
f 2157/1889/1580 659/1881/1572 641/1841/1535 642/1843/1536
f 659/1881/1572 108/1840/1534 641/1841/1535
f 2159/1886/1577 2150/1873/1564 659/1881/1572
f 2158/1887/1578 2147/1872/1563 2150/1873/1564 2159/1886/1577
f 660/1900/1585 658/1880/1571 2147/1872/1563 2158/1887/1578
f 661/1901/1582 660/1900/1585 2158/1887/1578 2154/1884/1575
f 2160/1902/1586 2162/1905/1589 2163/1904/1588 2161/1903/1587
f 2162/1905/1589 2164/1907/1591 2165/1906/1590 2163/1904/1588
f 2163/1904/1588 2165/1906/1590 669/1908/1592
f 111/349/288 667/1911/1594 2160/1910/1586 668/1909/1593
f 668/1912/1593 2160/1902/1586 2161/1903/1587
f 668/1912/1593 2161/1903/1587 2172/1914/1596 673/1913/1595
f 2161/1903/1587 2163/1904/1588 2173/1915/1597 2172/1914/1596
f 2163/1904/1588 669/1908/1592 2173/1915/1597
f 669/1908/1592 670/1917/1599 115/1916/1598
f 2165/1906/1590 671/1918/1600 670/1917/1599 669/1908/1592
f 2164/1907/1591 672/1919/1601 671/1918/1600 2165/1906/1590
f 665/1920/1602 118/1921/1603 672/1919/1601 2164/1907/1591
f 666/1922/1604 665/1925/1602 2164/1924/1591 2162/1923/1589
f 667/1911/1594 666/1922/1604 2162/1923/1589 2160/1910/1586
f 2166/1926/1605 2169/1929/1608 2170/1928/1607 2167/1927/1606
f 2167/1927/1606 2170/1928/1607 2171/1931/1610 2168/1930/1609
f 2169/1929/1608 2172/1914/1596 2173/1915/1597 2170/1928/1607
f 2170/1928/1607 2173/1915/1597 2174/1932/1611 2171/1931/1610
f 112/144/111 675/1934/1613 2166/1926/1605 676/1933/1612
f 676/1933/1612 2166/1926/1605 2167/1927/1606 677/1935/1614
f 677/1935/1614 2167/1927/1606 2168/1930/1609 678/1936/1615
f 678/1936/1615 2168/1930/1609 679/1938/1617 116/1937/1616
f 2168/1930/1609 2171/1931/1610 680/1939/1618 679/1938/1617
f 2171/1931/1610 2174/1932/1611 681/1940/1619 680/1939/1618
f 2174/1932/1611 669/1908/1592 115/1916/1598 681/1940/1619
f 2173/1915/1597 669/1908/1592 2174/1932/1611
f 674/1941/1620 673/1913/1595 2172/1914/1596 2169/1929/1608
f 675/1934/1613 674/1941/1620 2169/1929/1608 2166/1926/1605
f 2175/1942/1621 2178/1945/1624 2179/1944/1623 2176/1943/1622
f 2176/1943/1622 2179/1944/1623 2180/1947/1626 2177/1946/1625
f 2178/1945/1624 2181/1949/1628 2182/1948/1627 2179/1944/1623
f 2179/1944/1623 2182/1948/1627 2183/1950/1629 2180/1947/1626
f 113/124/99 684/1952/1630 2175/1942/1621 685/1951/1426
f 685/1951/1426 2175/1942/1621 2176/1943/1622 686/1953/1434
f 686/1953/1434 2176/1943/1622 2177/1946/1625 687/1954/1631
f 687/1954/1631 2177/1946/1625 688/1956/1633 117/1955/1632
f 2177/1946/1625 2180/1947/1626 689/1957/1634 688/1956/1633
f 2180/1947/1626 2183/1950/1629 690/1958/1635 689/1957/1634
f 2183/1950/1629 681/1940/1619 115/1916/1598 690/1958/1635
f 2182/1948/1627 680/1939/1618 681/1940/1619 2183/1950/1629
f 2181/1949/1628 679/1938/1617 680/1939/1618 2182/1948/1627
f 682/1959/1636 116/1937/1616 679/1938/1617 2181/1949/1628
f 683/1960/1637 682/1959/1636 2181/1949/1628 2178/1945/1624
f 684/1952/1630 683/1960/1637 2178/1945/1624 2175/1942/1621
f 2184/1961/1638 2187/1964/1641 2188/1963/1640 2185/1962/1639
f 2185/1962/1639 2188/1963/1640 2189/1966/1643 2186/1965/1642
f 2187/1964/1641 2190/1968/1645 2191/1967/1644 2188/1963/1640
f 2188/1963/1640 2191/1967/1644 2192/1969/1646 2189/1966/1643
f 114/244/196 693/1971/1648 2184/1961/1638 694/1970/1647
f 694/1970/1647 2184/1961/1638 2185/1962/1639 695/1972/1649
f 695/1972/1649 2185/1962/1639 2186/1965/1642 696/1973/1650
f 696/1973/1650 2186/1965/1642 672/1975/1601 118/1974/1603
f 2186/1965/1642 2189/1966/1643 671/1976/1600 672/1975/1601
f 2189/1977/1643 2192/1978/1646 670/1917/1599 671/1918/1600
f 2192/1978/1646 690/1958/1635 115/1916/1598 670/1917/1599
f 2191/1979/1644 689/1957/1634 690/1958/1635 2192/1978/1646
f 2190/1980/1645 688/1956/1633 689/1957/1634 2191/1979/1644
f 691/1981/1651 117/1955/1632 688/1956/1633 2190/1980/1645
f 692/1982/1652 691/1981/1651 2190/1980/1645 2187/1983/1641
f 693/1971/1648 692/1984/1652 2187/1964/1641 2184/1961/1638
f 2193/1985/1653 2197/1987/1655 2194/1986/1654
f 2194/1986/1654 2197/1987/1655 2195/1988/1656
f 2193/1985/1653 2196/1989/1657 2197/1987/1655
f 2197/1987/1655 2198/1990/1658 2195/1988/1656
f 119/419/358 698/1992/1660 2193/1985/1653 699/1991/1659
f 699/1991/1659 2193/1985/1653 2194/1986/1654 700/1993/1661
f 700/1993/1661 2194/1986/1654 2195/1988/1656 701/1994/1662
f 701/1994/1662 2195/1988/1656 702/1996/1664 123/1995/1663
f 2195/1988/1656 2198/1990/1658 703/1997/1665 702/1996/1664
f 2198/1990/1658 2216/1999/1667 715/1998/1666 703/1997/1665
f 2197/1987/1655 2214/2000/1668 2216/1999/1667 2198/1990/1658
f 2196/1989/1657 2214/2000/1668 2197/1987/1655
f 697/2001/1669 720/2002/1670 2196/1989/1657
f 698/1992/1660 697/2001/1669 2196/1989/1657 2193/1985/1653
f 2199/2003/1671 2201/2006/1674 2202/2005/1673 2200/2004/1672
f 2201/2006/1674 2203/2008/1676 2204/2007/1675 2202/2005/1673
f 120/24/24 706/2010/1678 2199/2003/1671 707/2009/1677
f 707/2009/1677 2199/2003/1671 2200/2004/1672 708/2011/1679
f 708/2011/1679 2200/2004/1672 2208/2013/1681 709/2012/1680
f 2200/2004/1672 2202/2005/1673 2209/2014/1682 2208/2013/1681
f 2202/2005/1673 2204/2007/1675 2210/2015/1683 2209/2014/1682
f 2204/2007/1675 703/2017/1665 715/2016/1666 2210/2015/1683
f 2203/2008/1676 702/2018/1664 703/2017/1665 2204/2007/1675
f 704/2019/1684 123/2020/1663 702/2018/1664 2203/2008/1676
f 705/2021/1685 704/2019/1684 2203/2008/1676 2201/2006/1674
f 706/2010/1678 705/2021/1685 2201/2006/1674 2199/2003/1671
f 2205/2022/1686 2208/2013/1681 2209/2014/1682 2206/2023/1687
f 2206/2023/1687 2209/2014/1682 2210/2015/1683 2207/2024/1688
f 121/635/549 710/2026/1690 2205/2022/1686 711/2025/1689
f 711/2025/1689 2205/2022/1686 2206/2023/1687 712/2027/1691
f 712/2027/1691 2206/2023/1687 2207/2024/1688 713/2028/1692
f 713/2028/1692 2207/2024/1688 714/2030/1694 124/2029/1693
f 2207/2024/1688 2210/2015/1683 715/2016/1666 714/2030/1694
f 710/2026/1690 709/2012/1680 2208/2013/1681 2205/2022/1686
f 2211/2031/1695 2213/2033/1697 2214/2000/1668 2212/2032/1696
f 2213/2033/1697 2215/2034/1698 2216/1999/1667 2214/2000/1668
f 122/215/167 718/2036/1700 2211/2031/1695 719/2035/1699
f 719/2035/1699 2211/2031/1695 2212/2032/1696 720/2002/1670
f 720/2002/1670 2212/2032/1696 2196/1989/1657
f 2212/2032/1696 2214/2000/1668 2196/1989/1657
f 2215/2034/1698 714/2037/1694 715/1998/1666 2216/1999/1667
f 716/2038/1701 124/2039/1693 714/2037/1694 2215/2034/1698
f 717/2040/1702 716/2038/1701 2215/2034/1698 2213/2033/1697
f 718/2036/1700 717/2040/1702 2213/2033/1697 2211/2031/1695
f 2219/2041/1703 2220/2043/1705 2217/2042/1704
f 2218/2044/1706 728/2046/1708 727/2045/1707 2219/2041/1703
f 2219/2041/1703 727/2045/1707 2220/2043/1705
f 125/219/171 722/2048/1710 2218/2044/1706 723/2047/1709
f 723/2047/1709 2218/2044/1706 2219/2041/1703 724/2049/1711
f 724/2049/1711 2219/2041/1703 2217/2042/1704 725/2050/1712
f 725/2050/1712 2217/2042/1704 726/2052/1714 129/2051/1713
f 2217/2042/1704 2220/2043/1705 726/2052/1714
f 2220/2043/1705 130/2053/1715 726/2052/1714
f 2220/2043/1705 2234/2054/1716 130/2053/1715
f 727/2045/1707 2234/2054/1716 2220/2043/1705
f 721/2055/1717 743/2056/1718 728/2046/1708
f 721/2055/1717 728/2046/1708 2218/2044/1706
f 722/2048/1710 721/2055/1717 2218/2044/1706
f 2221/2057/1719 2223/2060/1722 2224/2059/1721 2222/2058/1720
f 2223/2060/1722 2225/2061/1723 2224/2059/1721
f 2224/2059/1721 2225/2061/1723 733/2062/1724
f 126/649/563 731/2064/1726 2221/2057/1719 732/2063/1725
f 732/2063/1725 2221/2057/1719 2222/2058/1720
f 732/2063/1725 2222/2058/1720 131/2065/1727
f 131/2065/1727 2222/2058/1720 2229/2066/1728
f 2222/2058/1720 2224/2059/1721 2230/2067/1729 2229/2066/1728
f 2224/2059/1721 733/2062/1724 2230/2067/1729
f 2225/2061/1723 726/2069/1714 130/2068/1715 733/2062/1724
f 729/2070/1730 129/2071/1713 726/2069/1714 2225/2061/1723
f 730/2072/1731 729/2070/1730 2225/2061/1723 2223/2060/1722
f 731/2064/1726 730/2072/1731 2223/2060/1722 2221/2057/1719
f 2226/2073/1732 2229/2066/1728 2230/2067/1729 2227/2074/1733
f 2227/2074/1733 2230/2067/1729 2228/2075/1734
f 2230/2067/1729 733/2062/1724 2228/2075/1734
f 127/660/574 734/2077/1736 2226/2073/1732 735/2076/1735
f 735/2076/1735 2226/2073/1732 2227/2074/1733 736/2078/1737
f 736/2078/1737 2227/2074/1733 2228/2075/1734 737/2079/1738
f 737/2079/1738 2228/2075/1734 738/2081/1740 132/2080/1739
f 2228/2075/1734 733/2062/1724 130/2068/1715 738/2081/1740
f 734/2077/1736 131/2065/1727 2229/2066/1728
f 734/2077/1736 2229/2066/1728 2226/2073/1732
f 2231/2082/1741 2232/2083/1742 727/2045/1707 728/2046/1708
f 2232/2083/1742 2233/2084/1743 2234/2054/1716
f 2232/2083/1742 2234/2054/1716 727/2045/1707
f 128/440/379 741/2086/1745 2231/2082/1741 742/2085/1744
f 742/2085/1744 2231/2082/1741 743/2056/1718
f 743/2056/1718 2231/2082/1741 728/2046/1708
f 2234/2054/1716 738/2087/1740 130/2053/1715
f 2233/2084/1743 738/2087/1740 2234/2054/1716
f 739/2088/1746 132/2089/1739 738/2087/1740 2233/2084/1743
f 740/2090/1747 739/2088/1746 2233/2084/1743 2232/2083/1742
f 741/2086/1745 740/2090/1747 2232/2083/1742 2231/2082/1741
f 2235/2091/1695 2237/2094/1697 2238/2093/1668 2236/2092/1696
f 2237/2094/1697 2239/2096/1698 2240/2095/1667 2238/2093/1668
f 133/340/279 746/2098/1748 2235/2091/1695 747/2097/1699
f 747/2097/1699 2235/2091/1695 2236/2092/1696 748/2099/1670
f 2239/2096/1698 750/2101/1694 749/2100/1749 2240/2095/1667
f 744/2102/1750 138/2103/1751 750/2101/1694 2239/2096/1698
f 745/2104/1752 744/2102/1750 2239/2096/1698 2237/2094/1697
f 746/2098/1748 745/2104/1752 2237/2094/1697 2235/2091/1695
f 2241/2105/1753 2244/2108/1756 2245/2107/1755 2242/2106/1754
f 2242/2106/1754 2245/2107/1755 2246/2110/1758 2243/2109/1757
f 134/444/383 752/2112/1760 2241/2105/1753 753/2111/1759
f 753/2111/1759 2241/2105/1753 2242/2106/1754 754/2113/1761
f 754/2113/1761 2242/2106/1754 2243/2109/1757 755/2114/1762
f 755/2114/1762 2243/2109/1757 756/2116/1764 137/2115/1763
f 2243/2109/1757 757/2117/1765 756/2116/1764
f 2243/2109/1757 2246/2110/1758 757/2117/1765
f 2246/2110/1758 2240/2095/1667 749/2100/1749 757/2117/1765
f 2245/2107/1755 2238/2093/1668 2240/2095/1667 2246/2110/1758
f 2244/2108/1756 2236/2092/1696 2238/2093/1668 2245/2107/1755
f 751/2118/1766 748/2099/1670 2236/2092/1696 2244/2108/1756
f 752/2112/1760 751/2118/1766 2244/2108/1756 2241/2105/1753
f 2247/2119/1671 2249/2122/1768 2250/2121/1767 2248/2120/1672
f 2249/2122/1768 2251/2124/1770 2252/2123/1769
f 2249/2122/1768 2252/2123/1769 2250/2121/1767
f 135/674/588 760/2126/1771 2247/2119/1671 761/2125/1677
f 761/2125/1677 2247/2119/1671 2248/2120/1672 762/2127/1679
f 762/2127/1679 2248/2120/1672 2256/2129/1772 763/2128/1680
f 2248/2120/1672 2250/2121/1767 2257/2130/1773 2256/2129/1772
f 2250/2121/1767 2252/2123/1769 2258/2131/1683 2257/2130/1773
f 2252/2123/1769 757/2133/1765 749/2132/1749 2258/2131/1683
f 2251/2124/1770 756/2134/1764 757/2133/1765 2252/2123/1769
f 758/2135/1774 137/2136/1763 756/2134/1764 2251/2124/1770
f 759/2137/1775 758/2135/1774 2251/2124/1770 2249/2122/1768
f 760/2126/1771 759/2137/1775 2249/2122/1768 2247/2119/1671
f 2253/2138/1686 2256/2129/1772 2257/2130/1773 2254/2139/1776
f 2254/2139/1776 2257/2130/1773 2258/2131/1683 2255/2140/1688
f 136/310/249 764/2142/1778 2253/2138/1686 765/2141/1777
f 765/2141/1777 2253/2138/1686 2254/2139/1776 766/2143/1779
f 766/2143/1779 2254/2139/1776 2255/2140/1688 767/2144/1780
f 767/2144/1780 2255/2140/1688 750/2146/1694 138/2145/1751
f 2255/2140/1688 2258/2131/1683 749/2132/1749 750/2146/1694
f 764/2142/1778 763/2128/1680 2256/2129/1772 2253/2138/1686
f 2259/2147/1781 2262/2150/1784 775/2149/1783 2260/2148/1782
f 2260/2148/1782 775/2149/1783 2261/2151/1785
f 139/335/274 769/2153/1787 2259/2147/1781 770/2152/1786
f 770/2152/1786 2259/2147/1781 2260/2148/1782 771/2154/1788
f 771/2154/1788 2260/2148/1782 2261/2151/1785 772/2155/1789
f 772/2155/1789 2261/2151/1785 773/2157/1791 143/2156/1790
f 2261/2151/1785 144/2158/1792 773/2157/1791
f 2261/2151/1785 774/2159/1793 144/2158/1792
f 775/2149/1783 774/2159/1793 2261/2151/1785
f 769/2153/1787 768/2160/1794 2262/2150/1784 2259/2147/1781
f 2263/2161/1795 2265/2164/1798 2266/2163/1797 2264/2162/1796
f 2265/2164/1798 2267/2165/1799 2266/2163/1797
f 140/240/192 778/2167/1801 2263/2161/1795 779/2166/1800
f 779/2166/1800 2263/2161/1795 2264/2162/1796 780/2168/1802
f 2266/2163/1797 2267/2165/1799 2272/2169/1803
f 2267/2165/1799 144/2170/1792 2272/2169/1803
f 2267/2165/1799 773/2171/1791 144/2170/1792
f 776/2172/1804 143/2173/1790 773/2171/1791 2267/2165/1799
f 777/2174/1805 776/2172/1804 2267/2165/1799 2265/2164/1798
f 778/2167/1801 777/2174/1805 2265/2164/1798 2263/2161/1795
f 2268/2175/1806 2271/2177/1808 2270/2176/1807
f 2270/2176/1807 2272/2169/1803 2269/2178/1809
f 141/469/408 781/2180/1811 2268/2175/1806 782/2179/1810
f 782/2179/1810 2268/2175/1806 2270/2176/1807 783/2181/1812
f 783/2181/1812 2270/2176/1807 2269/2178/1809 784/2182/1813
f 784/2182/1813 2269/2178/1809 785/2184/1815 145/2183/1814
f 2269/2178/1809 2272/2169/1803 785/2184/1815
f 2272/2169/1803 144/2170/1792 785/2184/1815
f 2270/2176/1807 2266/2163/1797 2272/2169/1803
f 2271/2177/1808 2264/2162/1796 2266/2163/1797 2270/2176/1807
f 781/2180/1811 780/2168/1802 2264/2162/1796 2271/2177/1808
f 781/2180/1811 2271/2177/1808 2268/2175/1806
f 2273/2185/1816 2275/2187/1818 775/2149/1783 2274/2186/1817
f 2275/2187/1818 2276/2188/1819 774/2159/1793 775/2149/1783
f 142/449/388 788/2190/1821 2273/2185/1816 789/2189/1820
f 789/2189/1820 2273/2185/1816 790/2191/1822
f 790/2191/1822 2273/2185/1816 2274/2186/1817
f 790/2191/1822 2274/2186/1817 2262/2150/1784 768/2160/1794
f 2274/2186/1817 775/2149/1783 2262/2150/1784
f 2276/2188/1819 785/2192/1815 144/2158/1792 774/2159/1793
f 786/2193/1823 145/2194/1814 785/2192/1815 2276/2188/1819
f 787/2195/1824 786/2193/1823 2276/2188/1819 2275/2187/1818
f 788/2190/1821 787/2195/1824 2275/2187/1818 2273/2185/1816
f 2279/2196/1825 2280/2198/1827 2277/2197/1826
f 146/435/374 792/2201/1830 2278/2200/1829 793/2199/1828
f 793/2199/1828 2278/2200/1829 2279/2196/1825 794/2202/1831
f 794/2202/1831 2279/2196/1825 2277/2197/1826 795/2203/1832
f 795/2203/1832 2277/2197/1826 796/2205/1834 150/2204/1833
f 2277/2197/1826 2280/2198/1827 797/2206/1835 796/2205/1834
f 2279/2196/1825 2294/2207/1836 2280/2198/1827
f 2278/2200/1829 2292/2208/1837 2294/2207/1836 2279/2196/1825
f 791/2209/1838 2292/2208/1837 2278/2200/1829
f 792/2201/1830 791/2209/1838 2278/2200/1829
f 2281/2210/1839 2283/2213/1842 2284/2212/1841 2282/2211/1840
f 2283/2213/1842 2285/2214/1843 2284/2212/1841
f 147/465/404 800/2216/1845 2281/2210/1839 801/2215/1844
f 801/2215/1844 2281/2210/1839 2282/2211/1840 802/2217/1846
f 2284/2212/1841 2285/2214/1843 803/2218/1847
f 2285/2214/1843 797/2219/1835 803/2218/1847
f 2285/2214/1843 796/2220/1834 797/2219/1835
f 798/2221/1848 150/2222/1833 796/2220/1834 2285/2214/1843
f 799/2223/1849 798/2221/1848 2285/2214/1843 2283/2213/1842
f 800/2216/1845 799/2223/1849 2283/2213/1842 2281/2210/1839
f 2286/2224/1850 2289/2227/1853 2290/2226/1852 2287/2225/1851
f 2287/2225/1851 2290/2226/1852 803/2218/1847 2288/2228/1854
f 148/544/476 804/2230/1856 2286/2224/1850 805/2229/1855
f 805/2229/1855 2286/2224/1850 2287/2225/1851 806/2231/1857
f 806/2231/1857 2287/2225/1851 2288/2228/1854 807/2232/1858
f 807/2232/1858 2288/2228/1854 808/2234/1860 151/2233/1859
f 2288/2228/1854 803/2218/1847 808/2234/1860
f 803/2218/1847 797/2219/1835 808/2234/1860
f 2290/2226/1852 2284/2212/1841 803/2218/1847
f 2289/2227/1853 2282/2211/1840 2284/2212/1841 2290/2226/1852
f 804/2230/1856 802/2217/1846 2282/2211/1840 2289/2227/1853
f 804/2230/1856 2289/2227/1853 2286/2224/1850
f 2291/2235/1861 2293/2236/1862 2294/2207/1836 2292/2208/1837
f 2293/2236/1862 2295/2237/1863 2294/2207/1836
f 2294/2207/1836 2295/2237/1863 2296/2238/1864
f 149/224/176 811/2240/1866 2291/2235/1861 812/2239/1865
f 812/2239/1865 2291/2235/1861 2292/2208/1837
f 812/2239/1865 2292/2208/1837 813/2241/1867
f 813/2241/1867 2292/2208/1837 791/2209/1838
f 2294/2207/1836 2296/2238/1864 2280/2198/1827
f 2296/2238/1864 808/2242/1860 797/2206/1835 2280/2198/1827
f 2295/2237/1863 808/2242/1860 2296/2238/1864
f 809/2243/1868 151/2244/1859 808/2242/1860 2295/2237/1863
f 810/2245/1869 809/2243/1868 2295/2237/1863 2293/2236/1862
f 811/2240/1866 810/2245/1869 2293/2236/1862 2291/2235/1861
f 2297/2246/1870 2298/2249/1873 820/2248/1872 819/2247/1871
f 2298/2249/1873 2299/2251/1875 2300/2250/1874
f 2298/2249/1873 2300/2250/1874 820/2248/1872
f 152/424/363 816/2253/1876 2297/2246/1870 817/2252/1820
f 817/2252/1820 2297/2246/1870 818/2254/1822
f 818/2254/1822 2297/2246/1870 819/2247/1871
f 818/2254/1822 819/2247/1871 822/2255/1877
f 820/2248/1872 2300/2250/1874 2304/2256/1878
f 2300/2250/1874 821/2258/1880 828/2257/1879 2304/2256/1878
f 2299/2251/1875 821/2258/1880 2300/2250/1874
f 814/2259/1881 157/2260/1882 821/2258/1880 2299/2251/1875
f 815/2261/1883 814/2259/1881 2299/2251/1875 2298/2249/1873
f 816/2253/1876 815/2261/1883 2298/2249/1873 2297/2246/1870
f 2303/2262/1884 820/2248/1872 2301/2263/1885
f 2301/2263/1885 820/2248/1872 2304/2256/1878 2302/2264/1886
f 153/210/162 823/2266/1888 2303/2262/1884 824/2265/1887
f 824/2265/1887 2303/2262/1884 2301/2263/1885 825/2267/1889
f 825/2267/1889 2301/2263/1885 2302/2264/1886 826/2268/1890
f 826/2268/1890 2302/2264/1886 827/2270/1892 156/2269/1891
f 2302/2264/1886 2304/2256/1878 828/2257/1879 827/2270/1892
f 2303/2262/1884 819/2247/1871 820/2248/1872
f 822/2255/1877 819/2247/1871 2303/2262/1884
f 823/2266/1888 822/2255/1877 2303/2262/1884
f 2305/2271/1893 2306/2274/1896 2307/2273/1895 834/2272/1894
f 2306/2274/1896 2308/2276/1898 835/2275/1897 2307/2273/1895
f 154/540/472 831/2278/1900 2305/2271/1893 832/2277/1899
f 832/2277/1899 2305/2271/1893 834/2272/1894 833/2279/1901
f 834/2272/1894 2307/2273/1895 2312/2280/1902
f 2307/2273/1895 835/2275/1897 2312/2280/1902
f 2308/2276/1898 827/2282/1892 828/2281/1879 835/2275/1897
f 829/2283/1903 156/2284/1891 827/2282/1892 2308/2276/1898
f 830/2285/1904 829/2283/1903 2308/2276/1898 2306/2274/1896
f 831/2278/1900 830/2285/1904 2306/2274/1896 2305/2271/1893
f 2310/2286/1905 2312/2280/1902 2309/2287/1906
f 2309/2287/1906 2312/2280/1902 2311/2288/1907
f 2310/2286/1905 834/2272/1894 2312/2280/1902
f 2312/2280/1902 835/2275/1897 2311/2288/1907
f 155/69/56 836/2290/1909 2310/2286/1905 837/2289/1908
f 837/2289/1908 2310/2286/1905 2309/2287/1906 838/2291/1910
f 838/2291/1910 2309/2287/1906 2311/2288/1907 839/2292/1911
f 839/2292/1911 2311/2288/1907 821/2294/1880 157/2293/1882
f 2311/2288/1907 835/2275/1897 821/2294/1880
f 835/2275/1897 828/2281/1879 821/2294/1880
f 836/2290/1909 833/2279/1901 834/2272/1894
f 836/2290/1909 834/2272/1894 2310/2286/1905
f 2315/2295/1912 2316/2297/1914 2313/2296/1913
f 2314/2298/1915 847/2300/1917 846/2299/1916 2315/2295/1912
f 2315/2295/1912 846/2299/1916 2316/2297/1914
f 158/2301/1918 840/2303/1920 2314/2298/1915 841/2302/1919
f 841/2302/1919 2314/2298/1915 2315/2295/1912 842/2304/1921
f 842/2304/1921 2315/2295/1912 2313/2296/1913 843/2305/1922
f 843/2305/1922 2313/2296/1913 844/2307/1924 162/2306/1923
f 2313/2296/1913 2316/2297/1914 845/2308/1925 844/2307/1924
f 2316/2297/1914 2332/2310/1927 857/2309/1926 845/2308/1925
f 846/2299/1916 2332/2310/1927 2316/2297/1914
f 840/2303/1920 165/2311/1928 847/2300/1917 2314/2298/1915
f 2317/2312/1929 2319/2315/1932 2320/2314/1931 2318/2313/1930
f 2319/2315/1932 2321/2317/1934 2322/2316/1933 2320/2314/1931
f 159/74/61 850/2319/1936 2317/2312/1929 851/2318/1935
f 851/2318/1935 2317/2312/1929 2318/2313/1930
f 851/2318/1935 2318/2313/1930 163/2320/1937
f 163/2320/1937 2318/2313/1930 2326/2321/1938
f 2318/2313/1930 2320/2314/1931 2327/2322/1939 2326/2321/1938
f 2320/2314/1931 2322/2316/1933 2328/2323/1940 2327/2322/1939
f 2322/2316/1933 845/2325/1925 857/2324/1926 2328/2323/1940
f 2321/2317/1934 844/2326/1924 845/2325/1925 2322/2316/1933
f 848/2327/1941 162/2328/1923 844/2326/1924 2321/2317/1934
f 849/2329/1942 848/2327/1941 2321/2317/1934 2319/2315/1932
f 850/2319/1936 849/2329/1942 2319/2315/1932 2317/2312/1929
f 2323/2330/1943 2326/2321/1938 2327/2322/1939 2324/2331/1944
f 2324/2331/1944 2327/2322/1939 2328/2323/1940 2325/2332/1945
f 160/535/467 852/2334/1947 2323/2330/1943 853/2333/1946
f 853/2333/1946 2323/2330/1943 2324/2331/1944 854/2335/1948
f 854/2335/1948 2324/2331/1944 2325/2332/1945 855/2336/1949
f 855/2336/1949 2325/2332/1945 856/2338/1951 164/2337/1950
f 2325/2332/1945 2328/2323/1940 856/2338/1951
f 2328/2323/1940 857/2324/1926 856/2338/1951
f 852/2334/1947 163/2320/1937 2326/2321/1938
f 852/2334/1947 2326/2321/1938 2323/2330/1943
f 2329/2339/1952 2330/2340/1953 847/2300/1917
f 2330/2340/1953 2331/2341/1954 2332/2310/1927
f 161/515/448 860/2343/1956 2329/2339/1952 861/2342/1955
f 861/2342/1955 2329/2339/1952 847/2300/1917
f 861/2342/1955 847/2300/1917 165/2311/1928
f 847/2300/1917 2330/2340/1953 846/2299/1916
f 2330/2340/1953 2332/2310/1927 846/2299/1916
f 2331/2341/1954 856/2344/1951 857/2309/1926 2332/2310/1927
f 858/2345/1957 164/2346/1950 856/2344/1951 2331/2341/1954
f 859/2347/1958 858/2345/1957 2331/2341/1954 2330/2340/1953
f 860/2343/1956 859/2347/1958 2330/2340/1953 2329/2339/1952
f 2333/2348/1959 2336/2351/1962 2337/2350/1961 2334/2349/1960
f 2334/2349/1960 2337/2350/1961 2338/2353/1964 2335/2352/1963
f 166/519/452 863/2355/1966 2333/2348/1959 864/2354/1965
f 864/2354/1965 2333/2348/1959 2334/2349/1960 865/2356/1967
f 865/2356/1967 2334/2349/1960 2335/2352/1963 866/2357/1968
f 866/2357/1968 2335/2352/1963 867/2359/1970 170/2358/1969
f 2335/2352/1963 868/2360/1971 867/2359/1970
f 2335/2352/1963 2338/2353/1964 868/2360/1971
f 2338/2353/1964 2356/2362/1973 879/2361/1972 868/2360/1971
f 2337/2350/1961 2356/2362/1973 2338/2353/1964
f 2336/2351/1962 2352/2363/1974 2337/2350/1961
f 862/2364/1975 884/2365/1976 2352/2363/1974 2336/2351/1962
f 863/2355/1966 862/2364/1975 2336/2351/1962 2333/2348/1959
f 2339/2366/1977 2341/2369/1980 2342/2368/1979 2340/2367/1978
f 2341/2369/1980 2343/2371/1982 2344/2370/1981
f 2341/2369/1980 2344/2370/1981 2342/2368/1979
f 167/549/481 871/2373/1984 2339/2366/1977 872/2372/1983
f 872/2372/1983 2339/2366/1977 2340/2367/1978
f 872/2372/1983 2340/2367/1978 2348/2375/1986 873/2374/1985
f 2340/2367/1978 2342/2368/1979 2349/2376/1987 2348/2375/1986
f 2342/2368/1979 2344/2370/1981 2350/2377/1988 2349/2376/1987
f 2344/2370/1981 868/2379/1971 879/2378/1972 2350/2377/1988
f 2343/2371/1982 867/2380/1970 868/2379/1971 2344/2370/1981
f 869/2381/1989 170/2382/1969 867/2380/1970 2343/2371/1982
f 870/2383/1990 869/2381/1989 2343/2371/1982 2341/2369/1980
f 871/2373/1984 870/2383/1990 2341/2369/1980 2339/2366/1977
f 2345/2384/1991 2348/2375/1986 2349/2376/1987 2346/2385/1992
f 2346/2385/1992 2349/2376/1987 2350/2377/1988 2347/2386/1993
f 168/460/399 874/2388/1995 2345/2384/1991 875/2387/1994
f 875/2387/1994 2345/2384/1991 2346/2385/1992 876/2389/1996
f 876/2389/1996 2346/2385/1992 2347/2386/1993 877/2390/1997
f 877/2390/1997 2347/2386/1993 878/2392/1999 171/2391/1998
f 2347/2386/1993 2350/2377/1988 879/2378/1972 878/2392/1999
f 874/2388/1995 873/2374/1985 2348/2375/1986 2345/2384/1991
f 2351/2393/2000 2353/2395/2002 2354/2394/2001 2352/2363/1974
f 2353/2395/2002 2355/2396/2003 2356/2362/1973 2354/2394/2001
f 169/590/517 882/2398/2005 2351/2393/2000 883/2397/2004
f 883/2397/2004 2351/2393/2000 2352/2363/1974 884/2365/1976
f 2352/2363/1974 2354/2394/2001 2337/2350/1961
f 2354/2394/2001 2356/2362/1973 2337/2350/1961
f 2355/2396/2003 878/2399/1999 879/2361/1972 2356/2362/1973
f 880/2400/2006 171/2401/1998 878/2399/1999 2355/2396/2003
f 881/2402/2007 880/2400/2006 2355/2396/2003 2353/2395/2002
f 882/2398/2005 881/2402/2007 2353/2395/2002 2351/2393/2000
f 2357/2403/2008 2358/2406/2011 890/2405/2010 889/2404/2009
f 2358/2406/2011 2359/2408/2013 891/2407/2012 890/2405/2010
f 172/165/128 887/2410/2015 2357/2403/2008 888/2409/2014
f 888/2409/2014 2357/2403/2008 889/2404/2009 176/2411/1928
f 2359/2408/2013 892/2413/2017 177/2412/2016 891/2407/2012
f 885/2414/2018 179/2415/2019 892/2413/2017 2359/2408/2013
f 886/2416/2020 885/2414/2018 2359/2408/2013 2358/2406/2011
f 887/2410/2015 886/2416/2020 2358/2406/2011 2357/2403/2008
f 2360/2417/1915 889/2404/2009 890/2405/2010 2361/2418/2021
f 2361/2418/2021 890/2405/2010 891/2407/2012 2362/2419/2022
f 173/594/521 893/2421/1920 2360/2417/1915 894/2420/2023
f 894/2420/2023 2360/2417/1915 2361/2418/2021 895/2422/2024
f 895/2422/2024 2361/2418/2021 2362/2419/2022 896/2423/2025
f 896/2423/2025 2362/2419/2022 897/2425/2027 178/2424/2026
f 2362/2419/2022 891/2407/2012 177/2412/2016 897/2425/2027
f 893/2421/1920 176/2411/1928 889/2404/2009 2360/2417/1915
f 2363/2426/2028 2365/2429/2031 2366/2428/2030 2364/2427/2029
f 2365/2429/2031 2367/2430/2032 2366/2428/2030
f 2366/2428/2030 2367/2430/2032 903/2431/2033
f 174/474/413 900/2433/2035 2363/2426/2028 901/2432/2034
f 901/2432/2034 2363/2426/2028 2364/2427/2029 902/2434/2036
f 902/2434/2036 2364/2427/2029 2371/2436/2038 904/2435/2037
f 2364/2427/2029 2366/2428/2030 2372/2437/2039 2371/2436/2038
f 2366/2428/2030 903/2431/2033 2372/2437/2039
f 2367/2430/2032 897/2439/2027 177/2438/2016 903/2431/2033
f 898/2440/2040 178/2441/2026 897/2439/2027 2367/2430/2032
f 899/2442/2041 898/2440/2040 2367/2430/2032 2365/2429/2031
f 900/2433/2035 899/2442/2041 2365/2429/2031 2363/2426/2028
f 2368/2443/2042 2371/2436/2038 2372/2437/2039 2369/2444/2043
f 2369/2444/2043 2372/2437/2039 2370/2445/2044
f 175/235/187 905/2447/2046 2368/2443/2042 906/2446/2045
f 906/2446/2045 2368/2443/2042 2369/2444/2043 907/2448/2047
f 907/2448/2047 2369/2444/2043 2370/2445/2044 908/2449/2048
f 908/2449/2048 2370/2445/2044 892/2451/2017 179/2450/2019
f 2370/2445/2044 177/2438/2016 892/2451/2017
f 2370/2445/2044 903/2431/2033 177/2438/2016
f 2372/2437/2039 903/2431/2033 2370/2445/2044
f 905/2447/2046 904/2435/2037 2371/2436/2038
f 905/2447/2046 2371/2436/2038 2368/2443/2042
f 2373/2452/2049 2376/2454/2051 2375/2453/2050
f 2375/2453/2050 2377/2456/2053 2374/2455/2052
f 180/160/123 910/2458/2055 2373/2452/2049 911/2457/2054
f 911/2457/2054 2373/2452/2049 2375/2453/2050 912/2459/2056
f 912/2459/2056 2375/2453/2050 2374/2455/2052 913/2460/2057
f 913/2460/2057 2374/2455/2052 914/2462/2059 184/2461/2058
f 2374/2455/2052 2377/2456/2053 185/2463/2060 914/2462/2059
f 2375/2453/2050 915/2464/2061 2377/2456/2053
f 2376/2454/2051 915/2464/2061 2375/2453/2050
f 910/2458/2055 909/2465/2062 2376/2454/2051 2373/2452/2049
f 2378/2466/2063 2379/2468/2065 2380/2467/2064
f 2379/2468/2065 2381/2469/2066 2380/2467/2064
f 2380/2467/2064 2381/2469/2066 2382/2470/2067
f 181/315/254 918/2472/2069 2378/2466/2063 919/2471/2068
f 919/2471/2068 2378/2466/2063 920/2473/2070
f 920/2473/2070 2378/2466/2063 921/2474/2071
f 2378/2466/2063 2380/2467/2064 921/2474/2071
f 2381/2469/2066 914/2476/2059 185/2475/2060 2382/2470/2067
f 916/2477/2072 184/2478/2058 914/2476/2059 2381/2469/2066
f 917/2479/2073 916/2477/2072 2381/2469/2066 2379/2468/2065
f 918/2472/2069 917/2479/2073 2379/2468/2065 2378/2466/2063
f 2383/2480/2074 2386/2482/2076 2384/2481/2075
f 2384/2481/2075 2386/2482/2076 2385/2483/2077
f 2383/2480/2074 921/2474/2071 2386/2482/2076
f 2386/2482/2076 2387/2484/2078 2385/2483/2077
f 182/669/583 923/2486/2080 2383/2480/2074 924/2485/2079
f 924/2485/2079 2383/2480/2074 2384/2481/2075 925/2487/2081
f 925/2487/2081 2384/2481/2075 2385/2483/2077 926/2488/2082
f 926/2488/2082 2385/2483/2077 927/2490/2084 186/2489/2083
f 2385/2483/2077 2387/2484/2078 185/2475/2060 927/2490/2084
f 2387/2484/2078 2382/2470/2067 185/2475/2060
f 2386/2482/2076 2380/2467/2064 2382/2470/2067 2387/2484/2078
f 921/2474/2071 2380/2467/2064 2386/2482/2076
f 922/2491/2085 920/2473/2070 921/2474/2071
f 923/2486/2080 922/2491/2085 921/2474/2071 2383/2480/2074
f 2388/2492/2086 2390/2494/2088 2389/2493/2087
f 2389/2493/2087 2390/2494/2088 915/2464/2061
f 2390/2494/2088 2391/2496/2090 2392/2495/2089
f 2390/2494/2088 2392/2495/2089 915/2464/2061
f 183/599/526 930/2498/2092 2388/2492/2086 931/2497/2091
f 931/2497/2091 2388/2492/2086 2389/2493/2087
f 931/2497/2091 2389/2493/2087 2376/2454/2051 909/2465/2062
f 2389/2493/2087 915/2464/2061 2376/2454/2051
f 915/2464/2061 2392/2495/2089 2377/2456/2053
f 2392/2495/2089 185/2463/2060 2377/2456/2053
f 2392/2495/2089 927/2499/2084 185/2463/2060
f 2391/2496/2090 927/2499/2084 2392/2495/2089
f 928/2500/2093 186/2501/2083 927/2499/2084 2391/2496/2090
f 929/2502/2094 928/2500/2093 2391/2496/2090 2390/2494/2088
f 930/2498/2092 929/2502/2094 2390/2494/2088 2388/2492/2086
f 2393/2503/2095 2397/2505/2097 2394/2504/2096
f 2394/2504/2096 2397/2505/2097 2395/2506/2098
f 2393/2503/2095 2396/2507/2099 2397/2505/2097
f 2397/2505/2097 2398/2508/2100 2395/2506/2098
f 187/585/512 933/2510/2102 2393/2503/2095 934/2509/2101
f 934/2509/2101 2393/2503/2095 2394/2504/2096 935/2511/2103
f 935/2511/2103 2394/2504/2096 2395/2506/2098 936/2512/2104
f 936/2512/2104 2395/2506/2098 937/2514/2106 191/2513/2105
f 2395/2506/2098 938/2515/2107 937/2514/2106
f 2395/2506/2098 2398/2508/2100 938/2515/2107
f 2398/2508/2100 2414/2516/2108 938/2515/2107
f 2397/2505/2097 2414/2516/2108 2398/2508/2100
f 933/2510/2102 932/2517/2109 2396/2507/2099 2393/2503/2095
f 2399/2518/2110 2401/2521/2113 2402/2520/2112 2400/2519/2111
f 2401/2521/2113 2403/2522/2114 2402/2520/2112
f 2402/2520/2112 2403/2522/2114 944/2523/2115
f 188/665/579 941/2525/2117 2399/2518/2110 942/2524/2116
f 942/2524/2116 2399/2518/2110 2400/2519/2111 943/2526/2118
f 2403/2522/2114 938/2527/2107 944/2523/2115
f 2403/2522/2114 937/2528/2106 938/2527/2107
f 939/2529/2119 191/2530/2105 937/2528/2106 2403/2522/2114
f 940/2531/2120 939/2529/2119 2403/2522/2114 2401/2521/2113
f 941/2525/2117 940/2531/2120 2401/2521/2113 2399/2518/2110
f 2404/2532/2121 2407/2535/2124 2408/2534/2123 2405/2533/2122
f 2405/2533/2122 2408/2534/2123 2406/2536/2125
f 2408/2534/2123 944/2523/2115 2406/2536/2125
f 189/644/558 946/2538/2127 2404/2532/2121 947/2537/2126
f 947/2537/2126 2404/2532/2121 2405/2533/2122 948/2539/2128
f 948/2539/2128 2405/2533/2122 2406/2536/2125 949/2540/2129
f 949/2540/2129 2406/2536/2125 950/2542/2131 192/2541/2130
f 2406/2536/2125 951/2543/2132 950/2542/2131
f 2406/2536/2125 944/2523/2115 951/2543/2132
f 944/2523/2115 938/2527/2107 951/2543/2132
f 2408/2534/2123 2402/2520/2112 944/2523/2115
f 2407/2535/2124 2400/2519/2111 2402/2520/2112 2408/2534/2123
f 945/2544/2133 943/2526/2118 2400/2519/2111 2407/2535/2124
f 946/2538/2127 945/2544/2133 2407/2535/2124 2404/2532/2121
f 2409/2545/2134 2411/2547/2136 2412/2546/2135
f 2409/2545/2134 2412/2546/2135 2410/2548/2137
f 2411/2547/2136 2413/2549/2138 2414/2516/2108 2412/2546/2135
f 190/524/456 954/2551/2140 2409/2545/2134 955/2550/2139
f 955/2550/2139 2409/2545/2134 2410/2548/2137 956/2552/2141
f 956/2552/2141 2410/2548/2137 2396/2507/2099 932/2517/2109
f 2410/2548/2137 2412/2546/2135 2397/2505/2097 2396/2507/2099
f 2412/2546/2135 2414/2516/2108 2397/2505/2097
f 2414/2516/2108 951/2553/2132 938/2515/2107
f 2413/2549/2138 950/2554/2131 951/2553/2132 2414/2516/2108
f 952/2555/2142 192/2556/2130 950/2554/2131 2413/2549/2138
f 953/2557/2143 952/2555/2142 2413/2549/2138 2411/2547/2136
f 954/2551/2140 953/2557/2143 2411/2547/2136 2409/2545/2134
f 2415/2558/2144 2416/2560/2146 2417/2559/2145
f 2416/2560/2146 2418/2562/2148 2419/2561/2147 2417/2559/2145
f 193/2563/2149 959/2565/2151 2415/2558/2144 960/2564/2150
f 960/2564/2150 2415/2558/2144 197/2566/2152
f 197/2566/2152 2415/2558/2144 2423/2567/2153
f 2415/2558/2144 2417/2559/2145 2423/2567/2153
f 2417/2559/2145 2419/2561/2147 2425/2568/2154
f 2419/2561/2147 961/2570/2156 967/2569/2155 2425/2568/2154
f 2418/2562/2148 961/2570/2156 2419/2561/2147
f 957/2571/2157 199/2572/2158 961/2570/2156 2418/2562/2148
f 958/2573/2159 957/2571/2157 2418/2562/2148 2416/2560/2146
f 959/2565/2151 958/2573/2159 2416/2560/2146 2415/2558/2144
f 2420/2574/2160 2423/2567/2153 2424/2576/2162 2421/2575/2161
f 2421/2575/2161 2424/2576/2162 2425/2568/2154 2422/2577/2163
f 194/510/443 962/2579/2165 2420/2574/2160 963/2578/2164
f 963/2578/2164 2420/2574/2160 2421/2575/2161 964/2580/2166
f 964/2580/2166 2421/2575/2161 2422/2577/2163 965/2581/2167
f 965/2581/2167 2422/2577/2163 966/2583/2169 198/2582/2168
f 2422/2577/2163 2425/2568/2154 967/2569/2155 966/2583/2169
f 2424/2576/2162 2417/2559/2145 2425/2568/2154
f 2423/2567/2153 2417/2559/2145 2424/2576/2162
f 962/2579/2165 197/2566/2152 2423/2567/2153 2420/2574/2160
f 2426/2584/2170 2428/2587/2173 2429/2586/2172 2427/2585/2171
f 2428/2587/2173 2430/2588/2174 2429/2586/2172
f 2429/2586/2172 2430/2588/2174 2431/2589/2175
f 195/640/554 970/2591/2177 2426/2584/2170 971/2590/2176
f 971/2590/2176 2426/2584/2170 2427/2585/2171
f 971/2590/2176 2427/2585/2171 972/2592/2178
f 972/2592/2178 2427/2585/2171 2435/2593/2179
f 2427/2585/2171 2429/2586/2172 2435/2593/2179
f 2430/2588/2174 966/2595/2169 967/2594/2155 2431/2589/2175
f 968/2596/2180 198/2597/2168 966/2595/2169 2430/2588/2174
f 969/2598/2181 968/2596/2180 2430/2588/2174 2428/2587/2173
f 970/2591/2177 969/2598/2181 2428/2587/2173 2426/2584/2170
f 2432/2599/2182 2435/2593/2179 2434/2600/2183
f 2434/2600/2183 2436/2602/2185 2433/2601/2184
f 196/19/19 974/2604/2187 2432/2599/2182 975/2603/2186
f 975/2603/2186 2432/2599/2182 2434/2600/2183 976/2605/2188
f 976/2605/2188 2434/2600/2183 2433/2601/2184 977/2606/2189
f 977/2606/2189 2433/2601/2184 961/2608/2156 199/2607/2158
f 2433/2601/2184 2436/2602/2185 961/2608/2156
f 2436/2602/2185 2431/2589/2175 967/2594/2155 961/2608/2156
f 2434/2600/2183 2429/2586/2172 2431/2589/2175 2436/2602/2185
f 2435/2593/2179 2429/2586/2172 2434/2600/2183
f 973/2609/2190 972/2592/2178 2435/2593/2179
f 974/2604/2187 973/2609/2190 2435/2593/2179
f 974/2604/2187 2435/2593/2179 2432/2599/2182
f 2437/2610/2191 2440/2613/2194 2441/2612/2193 2438/2611/2192
f 2438/2611/2192 2441/2612/2193 2442/2615/2195 2439/2614/2191
f 2440/2613/2194 2443/2617/2197 2444/2616/2196 2441/2612/2193
f 2441/2612/2193 2444/2616/2196 2445/2618/2198 2442/2615/2195
f 38/35/29 359/1080/923 2437/2610/2191 978/37/31
f 978/37/31 2437/2610/2191 2438/2611/2192 979/50/37
f 979/50/37 2438/2611/2192 2439/2614/2191 980/48/31
f 980/48/31 2439/2614/2191 373/1117/923 42/49/29
f 2439/2614/2191 2442/2615/2195 372/1124/961 373/1117/923
f 2442/2615/2195 2445/2618/2198 45/1125/940 372/1124/961
f 2445/2619/2198 2448/2620/2199 45/1098/940
f 2444/2621/2196 2448/2620/2199 2445/2619/2198
f 360/1082/925 361/1083/884 2443/2617/2197 2440/2613/2194
f 359/1080/923 360/1082/925 2440/2613/2194 2437/2610/2191
f 2446/2622/2200 2449/2625/2203 2450/2624/2202 2447/2623/2201
f 2447/2623/2201 2450/2624/2202 2451/2626/2204 2448/2620/2199
f 2449/2625/2203 2452/2628/2206 2453/2627/2205 2450/2624/2202
f 2450/2624/2202 2453/2627/2205 2454/2629/2207 2451/2626/2204
f 361/1027/884 331/1026/883 2446/2622/2200 2443/2630/2197
f 2443/2630/2197 2446/2622/2200 2447/2623/2201 2444/2621/2196
f 2444/2621/2196 2447/2623/2201 2448/2620/2199
f 2448/2620/2199 2451/2626/2204 366/1097/939 45/1098/940
f 2451/2626/2204 2454/2629/2207 365/1095/937 366/1097/939
f 2454/2629/2207 981/89/76 41/90/77 365/1095/937
f 2453/2627/2205 982/88/75 981/89/76 2454/2629/2207
f 2452/2628/2206 983/86/73 982/88/75 2453/2627/2205
f 333/1017/874 35/85/72 983/86/73 2452/2628/2206
f 332/1028/885 333/1017/874 2452/2628/2206 2449/2625/2203
f 331/1026/883 332/1028/885 2449/2625/2203 2446/2622/2200
f 2455/2631/2208 2458/2634/2211 2459/2633/2210 2456/2632/2209
f 2456/2632/2209 2459/2633/2210 2460/2636/2213 2457/2635/2212
f 2458/2634/2211 2461/2638/2215 987/2637/2214 2459/2633/2210
f 2459/2633/2210 987/2637/2214 2462/2639/2216 2460/2636/2213
f 48/365/304 394/1172/999 2455/2631/2208 984/364/303
f 984/364/303 2455/2631/2208 2456/2632/2209 985/363/302
f 985/363/302 2456/2632/2209 2457/2635/2212 986/361/300
f 986/361/300 2457/2635/2212 387/1154/986 44/360/299
f 2457/2635/2212 2460/2636/2213 386/1162/989 387/1154/986
f 2460/2636/2213 2462/2639/2216 385/1138/973 386/1162/989
f 395/1174/1001 396/1175/1002 2461/2638/2215 2458/2634/2211
f 394/1172/999 395/1174/1001 2458/2634/2211 2455/2631/2208
f 2463/2640/2217 2465/2642/2218 987/2641/2214
f 987/2641/2214 2465/2642/2218 2464/2643/2217
f 2463/2640/2217 2466/2644/2219 2465/2642/2218
f 2465/2642/2218 2467/2645/2220 2464/2643/2217
f 396/1175/1002 400/1202/1025 2463/2646/2217 2461/2638/2215
f 2461/2638/2215 2463/2646/2217 987/2637/2214
f 987/2637/2214 2464/2647/2217 2462/2639/2216
f 2462/2639/2216 2464/2647/2217 384/1137/972 385/1138/973
f 2464/2643/2217 2467/2645/2220 383/1134/970 384/1136/972
f 2467/2645/2220 988/562/494 43/560/492 383/1134/970
f 2465/2642/2218 989/575/502 988/562/494 2467/2645/2220
f 2466/2644/2219 990/573/500 989/575/502 2465/2642/2218
f 401/1191/1018 49/574/501 990/573/500 2466/2644/2219
f 400/1203/1025 401/1191/1018 2466/2644/2219 2463/2640/2217
f 2468/2648/2221 2471/2651/2224 2472/2650/2223 2469/2649/2222
f 2469/2649/2222 2472/2650/2223 2473/2653/2224 2470/2652/2221
f 2471/2651/2224 2474/2655/2226 2475/2654/2225 2472/2650/2223
f 2472/2650/2223 2475/2654/2225 2476/2656/2227 2473/2653/2224
f 50/610/531 411/1213/1035 2468/2648/2221 991/612/533
f 991/612/533 2468/2648/2221 2469/2649/2222 992/625/539
f 992/625/539 2469/2649/2222 2470/2652/2221 993/623/533
f 993/623/533 2470/2652/2221 432/1274/1035 55/624/531
f 2470/2652/2221 2473/2653/2224 431/1283/1091 432/1274/1035
f 2473/2653/2224 2476/2656/2227 430/1284/1069 431/1283/1091
f 2476/2657/2227 2479/2658/2228 430/1256/1069
f 2475/2659/2225 2478/2660/2229 2479/2658/2228 2476/2657/2227
f 2474/2661/2226 2477/2662/2230 2478/2660/2229 2475/2659/2225
f 413/1217/1038 414/1218/1039 2477/2662/2230 2474/2661/2226
f 412/1215/1037 413/1216/1038 2474/2655/2226 2471/2651/2224
f 411/1213/1035 412/1215/1037 2471/2651/2224 2468/2648/2221
f 2477/2662/2230 2480/2664/2232 2481/2663/2231 2478/2660/2229
f 2478/2660/2229 2481/2663/2231 2482/2665/2233 2479/2658/2228
f 2480/2664/2232 2483/2667/2235 2484/2666/2234 2481/2663/2231
f 2481/2663/2231 2484/2666/2234 2485/2668/2236 2482/2665/2233
f 2479/2658/2228 425/1255/1068 430/1256/1069
f 2479/2658/2228 2482/2665/2233 424/1254/1067 425/1255/1068
f 2482/2665/2233 2485/2668/2236 423/1252/1065 424/1254/1067
f 2485/2668/2236 994/389/328 54/390/329 423/1252/1065
f 2484/2666/2234 995/388/327 994/389/328 2485/2668/2236
f 2483/2667/2235 996/386/325 995/388/327 2484/2666/2234
f 416/1236/1052 51/385/324 996/386/325 2483/2667/2235
f 415/1242/1055 416/1236/1052 2483/2667/2235 2480/2664/2232
f 414/1218/1039 415/1242/1055 2480/2664/2232 2477/2662/2230
f 2486/2669/2237 2489/2672/2240 2490/2671/2239 2487/2670/2238
f 2487/2670/2238 2490/2671/2239 2491/2674/2242 2488/2673/2241
f 2489/2672/2240 1000/2675/2243 2490/2671/2239
f 56/485/423 442/1293/1100 2486/2669/2237 997/487/425
f 997/487/425 2486/2669/2237 2487/2670/2238 998/500/433
f 998/500/433 2487/2670/2238 2488/2673/2241 999/498/425
f 999/498/425 2488/2673/2241 349/1059/910 37/499/432
f 2488/2673/2241 2491/2674/2242 348/1069/916 349/1059/910
f 2491/2676/2242 2493/2678/2244 347/1041/898 348/2677/916
f 2490/2679/2239 2492/2680/2245 2493/2678/2244 2491/2676/2242
f 1000/2681/2243 2492/2680/2245 2490/2679/2239
f 443/1296/1102 444/1297/1103 1000/2681/2243
f 443/1295/1102 1000/2675/2243 2489/2672/2240
f 442/1293/1100 443/1295/1102 2489/2672/2240 2486/2669/2237
f 1000/2681/2243 2494/2683/2247 2495/2682/2246 2492/2680/2245
f 2492/2680/2245 2495/2682/2246 2496/2684/2248 2493/2678/2244
f 2494/2683/2247 2497/2686/2250 2498/2685/2249 2495/2682/2246
f 2495/2682/2246 2498/2685/2249 2499/2687/2251 2496/2684/2248
f 2493/2678/2244 2496/2684/2248 346/1040/897 347/1041/898
f 2496/2684/2248 2499/2687/2251 345/1038/895 346/1040/897
f 2499/2687/2251 1001/289/228 36/290/229 345/1038/895
f 2498/2685/2249 1002/288/227 1001/289/228 2499/2687/2251
f 2497/2686/2250 1003/286/225 1002/288/227 2498/2685/2249
f 446/1314/1116 57/285/224 1003/286/225 2497/2686/2250
f 445/1321/1119 446/1314/1116 2497/2686/2250 2494/2683/2247
f 444/1297/1103 445/1321/1119 2494/2683/2247 1000/2681/2243
f 2500/2688/2252 2501/2690/2254 1005/2689/2253
f 1005/2689/2253 2501/2690/2254 2502/2691/2255
f 2500/2688/2252 2503/2692/2256 2501/2690/2254
f 18/847/732 269/848/733 2500/2688/2252 1004/2693/2257
f 1004/2693/2257 2500/2688/2252 1005/2689/2253
f 1005/2689/2253 2502/2691/2255 1006/2694/2258
f 1006/2694/2258 2502/2691/2255 201/685/598 1/682/596
f 2502/2691/2255 200/701/608 201/685/598
f 2502/2695/2255 1007/2696/2259 232/699/609 200/698/608
f 2501/2697/2254 1008/2698/2260 1007/2696/2259 2502/2695/2255
f 2503/2699/2256 1008/2698/2260 2501/2697/2254
f 269/848/733 270/851/735 2503/2692/2256 2500/2688/2252
f 2504/2700/2261 2505/2702/2263 2506/2701/2262 1008/2698/2260
f 1008/2698/2260 2506/2701/2262 2507/2703/2264 1007/2696/2259
f 2505/2702/2263 2508/2705/2266 2509/2704/2265 2506/2701/2262
f 2506/2701/2262 2509/2704/2265 2510/2706/2266 2507/2703/2264
f 270/882/735 275/881/761 2504/2700/2261 2503/2699/2256
f 2503/2699/2256 2504/2700/2261 1008/2698/2260
f 1007/2696/2259 2507/2703/2264 231/758/658 232/699/609
f 2507/2703/2264 2510/2706/2266 230/756/656 231/758/658
f 2510/2706/2266 1009/43/35 4/44/34 230/756/656
f 2509/2704/2265 1010/42/36 1009/43/35 2510/2706/2266
f 2508/2705/2266 1011/41/35 1010/42/36 2509/2704/2265
f 277/874/754 19/40/34 1011/41/35 2508/2705/2266
f 276/883/762 277/874/754 2508/2705/2266 2505/2702/2263
f 275/881/761 276/883/762 2505/2702/2263 2504/2700/2261
f 2511/2707/2267 2514/2709/2269 2512/2708/2268
f 2512/2708/2268 2515/2711/2270 2513/2710/2267
f 2514/2709/2269 1017/2713/2272 1016/2712/2271 2512/2708/2268
f 2512/2708/2268 1016/2712/2271 1015/2714/2273 2515/2711/2270
f 12/569/497 263/835/639 2511/2707/2267 1012/568/498
f 1012/568/498 2511/2707/2267 2512/2708/2268 1013/567/499
f 1013/567/499 2512/2708/2268 2513/2710/2267 1014/566/498
f 1014/566/498 2513/2710/2267 220/739/639 3/565/497
f 2513/2710/2267 2515/2711/2270 219/747/647 220/739/639
f 2515/2711/2270 1015/2714/2273 218/746/646 219/747/647
f 1015/2714/2273 7/716/623 218/746/646
f 265/838/723 17/788/683 1017/2713/2272
f 264/837/647 265/838/723 1017/2713/2272 2514/2709/2269
f 263/835/639 264/837/647 2514/2709/2269 2511/2707/2267
f 1017/2713/2272 2518/2716/2275 2516/2715/2274 1016/2712/2271
f 1016/2712/2271 2516/2715/2274 2517/2717/2276
f 17/788/683 233/787/682 1017/2713/2272
f 1016/2712/2271 2517/2717/2276 1015/2714/2273
f 1015/2714/2273 2517/2717/2276 214/715/622 7/716/623
f 2517/2718/2276 213/713/621 214/714/622
f 2517/2718/2276 212/711/619 213/713/621
f 2517/2718/2276 1018/14/14 2/15/15 212/711/619
f 2516/2719/2274 1019/13/13 1018/14/14 2517/2718/2276
f 2518/2720/2275 1020/11/11 1019/13/13 2516/2719/2274
f 235/771/671 9/10/10 1020/11/11 2518/2720/2275
f 234/789/684 235/771/671 2518/2720/2275
f 233/790/682 234/789/684 2518/2720/2275 1017/2721/2272
f 2521/2722/2277 1024/2724/2279 2519/2723/2278
f 10/415/354 248/796/690 2520/2725/2280 1021/414/353
f 1021/414/353 2520/2725/2280 2521/2726/2277 1022/413/352
f 1022/413/352 2521/2726/2277 2519/2727/2278 1023/411/350
f 1023/411/350 2519/2727/2278 299/935/805 26/410/349
f 2519/2723/2278 1024/2724/2279 34/947/813 299/946/805
f 2521/2722/2277 1025/2728/2281 1024/2724/2279
f 2520/2729/2280 1026/2730/2282 1025/2728/2281 2521/2722/2277
f 248/799/690 15/800/692 1026/2730/2282 2520/2729/2280
f 1026/2730/2282 2522/2732/2284 2523/2731/2283 1025/2728/2281
f 1025/2728/2281 2523/2731/2283 2524/2733/2285 1024/2724/2279
f 2522/2732/2284 2525/2735/2287 2526/2734/2286 2523/2731/2283
f 2523/2731/2283 2526/2734/2286 2527/2736/2287 2524/2733/2285
f 1024/2724/2279 2524/2733/2285 330/1004/861 34/947/813
f 2524/2733/2285 2527/2736/2287 329/1002/859 330/1004/861
f 2527/2736/2287 1027/618/537 29/619/536 329/1002/859
f 2526/2734/2286 1028/617/538 1027/618/537 2527/2736/2287
f 2525/2735/2287 1029/616/537 1028/617/538 2526/2734/2286
f 253/818/705 11/615/536 1029/616/537 2525/2735/2287
f 252/825/712 253/818/705 2525/2735/2287 2522/2732/2284
f 15/800/692 252/825/712 2522/2732/2284 1026/2730/2282
f 2528/2737/2288 2530/2738/2289 1031/63/50
f 1031/63/50 2530/2738/2289 2529/2739/2290
f 2528/2737/2288 2531/2741/2292 1033/2740/2291 2530/2738/2289
f 2530/2738/2289 1033/2740/2291 2532/2742/2293 2529/2739/2290
f 27/65/52 311/957/823 2528/2737/2288 1030/64/51
f 1030/64/51 2528/2737/2288 1031/63/50
f 1031/63/50 2529/2739/2290 1032/61/48
f 1032/61/48 2529/2739/2290 295/913/792 21/60/47
f 2529/2739/2290 294/924/796 295/913/792
f 2529/2739/2290 2532/2742/2293 293/925/795 294/924/796
f 2532/2743/2293 24/897/776 293/923/795
f 313/961/826 32/962/827 2531/2744/2292
f 312/959/825 313/960/826 2531/2741/2292 2528/2737/2288
f 311/957/823 312/959/825 2528/2737/2288
f 2533/2745/2294 2535/2748/2296 2536/2747/2295 1033/2746/2291
f 1033/2746/2291 2536/2747/2295 2537/2750/2296 2534/2749/2297
f 2535/2748/2296 2538/2751/2298 2536/2747/2295
f 2536/2747/2295 2539/2752/2298 2537/2750/2296
f 32/962/827 317/992/849 2533/2745/2294 2531/2744/2292
f 2531/2744/2292 2533/2745/2294 1033/2746/2291
f 1033/2746/2291 2534/2749/2297 2532/2743/2293
f 2532/2743/2293 2534/2749/2297 289/896/775 24/897/776
f 2534/2749/2297 2537/2750/2296 288/895/774 289/896/775
f 2537/2750/2296 2539/2752/2298 287/893/772 288/895/774
f 2539/2752/2298 1034/493/431 20/494/428 287/893/772
f 2536/2747/2295 1035/492/430 1034/493/431 2539/2752/2298
f 2538/2751/2298 1036/491/429 1035/492/430 2536/2747/2295
f 319/985/772 28/490/428 1036/491/429 2538/2751/2298
f 318/993/850 319/985/772 2538/2751/2298 2535/2748/2296
f 317/992/849 318/993/850 2535/2748/2296 2533/2745/2294
f 2540/2753/33 2543/2756/2300 2544/2755/2299 2541/2754/32
f 2541/2754/32 2544/2755/2299 2545/2758/2302 2542/2757/2301
f 2543/2756/2300 2546/2760/2304 2547/2759/2303 2544/2755/2299
f 2544/2755/2299 2547/2759/2303 2548/2761/2305 2545/2758/2302
f 19/40/34 278/873/753 2540/2753/33 1037/39/33
f 1037/39/33 2540/2753/33 2541/2754/32 1038/38/32
f 1038/38/32 2541/2754/32 2542/2757/2301 1039/36/30
f 1039/36/30 2542/2757/2301 358/1081/924 38/35/29
f 2542/2757/2301 2545/2758/2302 357/1085/927 358/1081/924
f 2545/2758/2302 2548/2761/2305 356/1084/926 357/1085/927
f 2548/2761/2305 1040/2762/2306 40/1062/913 356/1084/926
f 2547/2759/2303 1041/2763/2307 1040/2762/2306 2548/2761/2305
f 2546/2760/2304 1042/2764/2308 1041/2763/2307 2547/2759/2303
f 280/876/756 23/877/757 1042/2764/2308 2546/2760/2304
f 279/875/755 280/876/756 2546/2760/2304 2543/2756/2300
f 278/873/753 279/875/755 2543/2756/2300 2540/2753/33
f 2549/2765/2309 2552/2768/2311 2553/2767/426 2550/2766/2310
f 2550/2766/2310 2553/2767/426 2554/2770/2313 2551/2769/2312
f 2552/2768/2311 2555/2772/2314 2556/2771/426 2553/2767/426
f 2553/2767/426 2556/2771/426 2557/2773/2315 2554/2770/2313
f 23/877/757 284/901/780 2549/2765/2309 1042/2764/2308
f 1042/2764/2308 2549/2765/2309 2550/2766/2310 1041/2763/2307
f 1041/2763/2307 2550/2766/2310 2551/2769/2312 1040/2762/2306
f 1040/2762/2306 2551/2769/2312 352/1061/912 40/1062/913
f 2551/2769/2312 2554/2770/2313 351/1060/911 352/1061/912
f 2554/2770/2313 2557/2773/2315 350/1058/909 351/1060/911
f 2557/2773/2315 1043/497/424 37/499/432 350/1058/909
f 2556/2771/426 1044/496/426 1043/497/424 2557/2773/2315
f 2555/2772/2314 1045/495/427 1044/496/426 2556/2771/426
f 286/894/773 20/494/428 1045/495/427 2555/2772/2314
f 285/902/781 286/894/773 2555/2772/2314 2552/2768/2311
f 284/901/780 285/902/781 2552/2768/2311 2549/2765/2309
f 2558/2774/2301 2561/2777/2316 2562/2776/2299 2559/2775/32
f 2559/2775/32 2562/2776/2299 2563/2779/2317 2560/2778/33
f 2561/2777/2316 2564/2781/2319 2565/2780/2318 2562/2776/2299
f 2562/2776/2299 2565/2780/2318 2566/2782/2320 2563/2779/2317
f 42/49/29 374/1116/955 2558/2774/2301 1046/47/30
f 1046/47/30 2558/2774/2301 2559/2775/32 1047/46/32
f 1047/46/32 2559/2775/32 2560/2778/33 1048/45/33
f 1048/45/33 2560/2778/33 229/757/657 4/44/34
f 2560/2778/33 2563/2779/2317 228/760/660 229/757/657
f 2563/2779/2317 2566/2782/2320 227/759/659 228/760/660
f 2566/2782/2320 1049/2783/2321 8/742/642 227/759/659
f 2565/2780/2318 1050/2784/2322 1049/2783/2321 2566/2782/2320
f 2564/2781/2319 1051/2785/2323 1050/2784/2322 2565/2780/2318
f 376/1119/957 46/1120/958 1051/2785/2323 2564/2781/2319
f 375/1118/956 376/1119/957 2564/2781/2319 2561/2777/2316
f 374/1116/955 375/1118/956 2561/2777/2316 2558/2774/2301
f 2567/2786/2324 2570/2789/2326 2571/2788/495 2568/2787/2325
f 2568/2787/2325 2571/2788/495 2572/2791/2328 2569/2790/2327
f 2570/2789/2326 2573/2793/2329 2574/2792/495 2571/2788/495
f 2571/2788/495 2574/2792/495 2575/2794/2330 2572/2791/2328
f 46/1120/958 380/1144/976 2567/2786/2324 1051/2785/2323
f 1051/2785/2323 2567/2786/2324 2568/2787/2325 1050/2784/2322
f 1050/2784/2322 2568/2787/2325 2569/2790/2327 1049/2783/2321
f 1049/2783/2321 2569/2790/2327 223/741/641 8/742/642
f 2569/2790/2327 2572/2791/2328 222/740/640 223/741/641
f 2572/2791/2328 2575/2794/2330 221/738/638 222/740/640
f 2575/2794/2330 1052/564/496 3/565/497 221/738/638
f 2574/2792/495 1053/563/495 1052/564/496 2575/2794/2330
f 2573/2793/2329 1054/561/493 1053/563/495 2574/2792/495
f 382/1135/971 43/560/492 1054/561/493 2573/2793/2329
f 381/1145/977 382/1135/971 2573/2793/2329 2570/2789/2326
f 380/1144/976 381/1145/977 2570/2789/2326 2567/2786/2324
f 2576/2795/2331 2579/2798/2332 2580/2797/495 2577/2796/495
f 2577/2796/495 2580/2797/495 2581/2800/2333 2578/2799/2330
f 2579/2798/2332 2582/2802/2335 2583/2801/2334 2580/2797/495
f 2580/2797/495 2583/2801/2334 2584/2803/2336 2581/2800/2333
f 49/574/501 402/1190/1017 2576/2795/2331 1055/572/493
f 1055/572/493 2576/2795/2331 2577/2796/495 1056/571/495
f 1056/571/495 2577/2796/495 2578/2799/2330 1057/570/496
f 1057/570/496 2578/2799/2330 262/836/722 12/569/497
f 2578/2799/2330 2581/2800/2333 261/840/725 262/836/722
f 2581/2800/2333 2584/2803/2336 260/839/724 261/840/725
f 2584/2803/2336 1058/2804/2337 16/821/708 260/839/724
f 2583/2801/2334 1059/2805/2338 1058/2804/2337 2584/2803/2336
f 2582/2802/2335 1060/2806/2339 1059/2805/2338 2583/2801/2334
f 404/1193/1020 52/1194/1021 1060/2806/2339 2582/2802/2335
f 403/1192/1019 404/1193/1020 2582/2802/2335 2579/2798/2332
f 402/1190/1017 403/1192/1019 2579/2798/2332 2576/2795/2331
f 2585/2807/2340 2588/2810/2343 2589/2809/2342 2586/2808/2341
f 2586/2808/2341 2589/2809/2342 2590/2812/2345 2587/2811/2344
f 2588/2810/2343 2591/2814/2346 2592/2813/534 2589/2809/2342
f 2589/2809/2342 2592/2813/534 2593/2815/535 2590/2812/2345
f 52/1194/1021 408/1227/1043 2585/2807/2340 1060/2806/2339
f 1060/2806/2339 2585/2807/2340 2586/2808/2341 1059/2805/2338
f 1059/2805/2338 2586/2808/2341 2587/2811/2344 1058/2804/2337
f 1058/2804/2337 2587/2811/2344 256/820/707 16/821/708
f 2587/2811/2344 2590/2812/2345 255/819/706 256/820/707
f 2590/2812/2345 2593/2815/535 254/817/704 255/819/706
f 2593/2815/535 1061/614/535 11/615/536 254/817/704
f 2592/2813/534 1062/613/534 1061/614/535 2593/2815/535
f 2591/2814/2346 1063/611/532 1062/613/534 2592/2813/534
f 410/1214/1036 50/610/531 1063/611/532 2591/2814/2346
f 409/1228/1044 410/1214/1036 2591/2814/2346 2588/2810/2343
f 408/1227/1043 409/1228/1044 2588/2810/2343 2585/2807/2340
f 2594/2816/2346 2597/2819/2347 2598/2818/2342 2595/2817/534
f 2595/2817/534 2598/2818/2342 2599/2821/2348 2596/2820/535
f 2597/2819/2347 2600/2823/2350 2601/2822/2349 2598/2818/2342
f 2598/2818/2342 2601/2822/2349 2602/2824/2351 2599/2821/2348
f 55/624/531 433/1273/1084 2594/2816/2346 1064/622/532
f 1064/622/532 2594/2816/2346 2595/2817/534 1065/621/534
f 1065/621/534 2595/2817/534 2596/2820/535 1066/620/535
f 1066/620/535 2596/2820/535 328/1003/860 29/619/536
f 2596/2820/535 2599/2821/2348 327/1006/863 328/1003/860
f 2599/2821/2348 2602/2824/2351 326/1005/862 327/1006/863
f 2602/2824/2351 1067/2825/2352 33/988/845 326/1005/862
f 2601/2822/2349 1068/2826/2353 1067/2825/2352 2602/2824/2351
f 2600/2823/2350 1069/2827/2354 1068/2826/2353 2601/2822/2349
f 435/1276/1086 58/1277/1087 1069/2827/2354 2600/2823/2350
f 434/1275/1085 435/1276/1086 2600/2823/2350 2597/2819/2347
f 433/1273/1084 434/1275/1085 2597/2819/2347 2594/2816/2346
f 2603/2828/2355 2606/2831/2357 2607/2830/426 2604/2829/2356
f 2604/2829/2356 2607/2830/426 2608/2833/2359 2605/2832/2358
f 2606/2831/2357 2609/2835/2360 2610/2834/426 2607/2830/426
f 2607/2830/426 2610/2834/426 2611/2836/2314 2608/2833/2359
f 58/1277/1087 439/1302/1104 2603/2828/2355 1069/2827/2354
f 1069/2827/2354 2603/2828/2355 2604/2829/2356 1068/2826/2353
f 1068/2826/2353 2604/2829/2356 2605/2832/2358 1067/2825/2352
f 1067/2825/2352 2605/2832/2358 322/987/844 33/988/845
f 2605/2832/2358 2608/2833/2359 321/986/843 322/987/844
f 2608/2833/2359 2611/2836/2314 320/984/842 321/986/843
f 2611/2836/2314 1070/489/427 28/490/428 320/984/842
f 2610/2834/426 1071/488/426 1070/489/427 2611/2836/2314
f 2609/2835/2360 1072/486/424 1071/488/426 2610/2834/426
f 441/1294/1101 56/485/423 1072/486/424 2609/2835/2360
f 440/1303/1105 441/1294/1101 2609/2835/2360 2606/2831/2357
f 439/1302/1104 440/1303/1105 2606/2831/2357 2603/2828/2355
f 2612/2837/2361 2615/2840/2364 2616/2839/2363 2613/2838/2362
f 2613/2838/2362 2616/2839/2363 2617/2842/2366 2614/2841/2365
f 2615/2840/2364 2618/2844/2368 2619/2843/2367 2616/2839/2363
f 2616/2839/2363 2619/2843/2367 2620/2845/2369 2617/2842/2366
f 60/99/86 453/1331/1129 2612/2837/2361 1073/97/84
f 1073/97/84 2612/2837/2361 2613/2838/2362 1074/96/83
f 1074/96/83 2613/2838/2362 2614/2841/2365 1075/95/82
f 1075/95/82 2614/2841/2365 480/1413/1196 67/94/81
f 2614/2841/2365 2617/2842/2366 479/1428/1208 480/1413/1196
f 2617/2842/2366 2620/2845/2369 74/1427/1207 479/1428/1208
f 2620/2846/2369 2623/2847/2370 74/1479/1207
f 2619/2848/2367 2622/2849/2371 2623/2847/2370 2620/2846/2369
f 2618/2850/2368 2621/2851/2372 2622/2849/2371 2619/2848/2367
f 455/2852/1132 459/1365/1133 2621/2851/2372 2618/2850/2368
f 454/1333/1131 455/1334/1132 2618/2844/2368 2615/2840/2364
f 453/1331/1129 454/1333/1131 2615/2840/2364 2612/2837/2361
f 2621/2851/2372 2624/2854/2374 2625/2853/2373 2622/2849/2371
f 2622/2849/2371 2625/2853/2373 2626/2855/2375 2623/2847/2370
f 2624/2854/2374 2627/2857/2377 2628/2856/2376 2625/2853/2373
f 2625/2853/2373 2628/2856/2376 2629/2858/2377 2626/2855/2375
f 2623/2847/2370 2626/2855/2375 506/1478/1245 74/1479/1207
f 2626/2855/2375 2629/2858/2377 505/1476/1151 506/1478/1245
f 2629/2858/2377 1076/264/207 70/265/206 505/1476/1151
f 2628/2856/2376 1077/263/209 1076/264/207 2629/2858/2377
f 2627/2857/2377 1078/261/207 1077/263/209 2628/2856/2376
f 461/1358/1151 61/260/206 1078/261/207 2627/2857/2377
f 460/1364/1157 461/1358/1151 2627/2857/2377 2624/2854/2374
f 459/1365/1133 460/1364/1157 2624/2854/2374 2621/2851/2372
f 2630/2859/2378 2634/2861/2380 2631/2860/2379
f 2631/2860/2379 2633/2863/2382 2632/2862/2381
f 2634/2861/2380 1083/2864/2383 2631/2860/2379
f 2631/2860/2379 1083/2864/2383 2633/2863/2382
f 78/190/148 534/1559/1309 2630/2859/2378 1079/189/145
f 1079/189/145 2630/2859/2378 2631/2860/2379 1080/188/147
f 1080/188/147 2631/2860/2379 2632/2862/2381 1081/186/145
f 1081/186/145 2632/2862/2381 495/1458/1231 69/185/144
f 2632/2862/2381 2633/2863/2382 494/1465/1237 495/1458/1231
f 2633/2863/2382 1082/2865/2384 72/1467/1221 494/1465/1237
f 1083/2864/2383 1082/2865/2384 2633/2863/2382
f 535/1561/1311 507/1562/1268 2634/2861/2380
f 534/1559/1309 535/1561/1311 2634/2861/2380 2630/2859/2378
f 2635/2866/2385 2636/2869/2387 2637/2868/2386 1083/2867/2383
f 1083/2867/2383 2637/2868/2386 2638/2871/2388 1082/2870/2384
f 2636/2869/2387 2639/2873/2390 2640/2872/2389 2637/2868/2386
f 2637/2868/2386 2640/2872/2389 2641/2874/2391 2638/2871/2388
f 507/1502/1268 2635/2866/2385 2634/2875/2380
f 2634/2875/2380 2635/2866/2385 1083/2867/2383
f 1082/2870/2384 2638/2871/2388 491/1440/1220 72/1441/1221
f 2638/2871/2388 2641/2874/2391 490/1438/1218 491/1440/1220
f 2641/2874/2391 1084/372/311 68/374/313 490/1438/1218
f 2640/2872/2389 1085/371/310 1084/372/311 2641/2874/2391
f 2639/2873/2390 1086/370/309 1085/371/310 2640/2872/2389
f 509/1492/1258 75/369/308 1086/370/309 2639/2873/2390
f 508/1501/1267 509/1492/1258 2639/2873/2390 2636/2869/2387
f 507/1502/1268 508/1501/1267 2636/2869/2387 2635/2866/2385
f 2642/2876/2392 2645/2879/2395 2646/2878/2394 2643/2877/2393
f 2643/2877/2393 2646/2878/2394 2647/2881/2397 2644/2880/2396
f 2645/2879/2395 2648/2883/2399 2649/2882/2398 2646/2878/2394
f 2646/2878/2394 2649/2882/2398 2650/2884/2400 2647/2881/2397
f 76/399/338 519/1512/1278 2642/2876/2392 1087/397/336
f 1087/397/336 2642/2876/2392 2643/2877/2393 1088/396/335
f 1088/396/335 2643/2877/2393 2644/2880/2396 1089/395/334
f 1089/395/334 2644/2880/2396 538/1577/1324 81/394/333
f 2644/2880/2396 2647/2881/2397 537/1591/1335 538/1577/1324
f 2647/2881/2397 2650/2884/2400 536/1589/1333 537/1591/1335
f 2650/2884/2400 2653/2885/2401 564/1590/1334 536/1589/1333
f 2649/2882/2398 2652/2886/2402 2653/2885/2401 2650/2884/2400
f 2648/2883/2399 2651/2887/2403 2652/2886/2402 2649/2882/2398
f 521/1515/1281 522/1516/1282 2651/2887/2403 2648/2883/2399
f 520/1514/1280 521/1515/1281 2648/2883/2399 2645/2879/2395
f 519/1512/1278 520/1514/1280 2645/2879/2395 2642/2876/2392
f 2651/2888/2403 2654/2891/2405 2655/2890/2404 2652/2889/2402
f 2652/2889/2402 2655/2890/2404 2656/2893/2405 2653/2892/2401
f 2654/2891/2405 2657/2895/2407 2658/2894/2406 2655/2890/2404
f 2655/2890/2404 2658/2894/2406 2659/2896/2407 2656/2893/2405
f 2653/2892/2401 2656/2893/2405 563/1644/1376 564/1645/1334
f 2656/2893/2405 2659/2896/2407 562/1642/1295 563/1644/1376
f 2659/2896/2407 1090/139/106 84/140/105 562/1642/1295
f 2658/2894/2406 1091/138/108 1090/139/106 2659/2896/2407
f 2657/2895/2407 1092/136/106 1091/138/108 2658/2894/2406
f 524/1537/1295 77/135/105 1092/136/106 2657/2895/2407
f 523/1549/1302 524/1537/1295 2657/2895/2407 2654/2891/2405
f 522/1550/1282 523/1549/1302 2654/2891/2405 2651/2888/2403
f 2660/2897/2408 2663/2900/2411 2664/2899/2410 2661/2898/2409
f 2661/2898/2409 2664/2899/2410 2665/2902/2413 2662/2901/2412
f 2663/2900/2411 1097/2904/2415 2666/2903/2414 2664/2899/2410
f 2664/2899/2410 2666/2903/2414 1096/2905/2416 2665/2902/2413
f 82/299/238 548/1601/1345 2660/2897/2408 1093/297/236
f 1093/297/236 2660/2897/2408 2661/2898/2409 1094/296/235
f 1094/296/235 2661/2898/2409 2662/2901/2412 1095/295/234
f 1095/295/234 2662/2901/2412 475/1391/1182 63/294/233
f 2662/2901/2412 2665/2902/2413 474/1401/1185 475/1391/1182
f 2665/2902/2413 1096/2905/2416 65/1402/1169 474/1401/1185
f 2666/2903/2414 2667/2906/2417 1096/2905/2416
f 1097/2904/2415 2667/2906/2417 2666/2903/2414
f 549/1603/1347 550/1604/1348 1097/2904/2415 2663/2900/2411
f 548/1601/1345 549/1603/1347 2663/2900/2411 2660/2897/2408
f 2668/2907/2418 2671/2909/2419 2667/2908/2417
f 2667/2908/2417 2671/2909/2419 2669/2910/2420
f 2668/2907/2418 2670/2911/2421 2671/2909/2419
f 2671/2909/2419 2672/2912/2422 2669/2910/2420
f 550/1632/1348 551/1631/1367 2668/2907/2418 1097/2913/2415
f 1097/2913/2415 2668/2907/2418 2667/2908/2417
f 2667/2908/2417 2669/2910/2420 1096/2914/2416
f 1096/2914/2416 2669/2910/2420 472/1376/1168 65/1377/1169
f 2669/2910/2420 2672/2912/2422 471/1374/1166 472/1376/1168
f 2672/2912/2422 1098/114/94 62/115/97 471/1374/1166
f 2671/2909/2419 1099/113/96 1098/114/94 2672/2912/2422
f 2670/2911/2421 1100/111/94 1099/113/96 2671/2909/2419
f 552/1622/1360 83/110/93 1100/111/94 2670/2911/2421
f 551/1631/1367 552/1622/1360 2670/2911/2421 2668/2907/2418
f 2673/2915/2423 2676/2918/2426 2677/2917/2425 2674/2916/2424
f 2674/2916/2424 2677/2917/2425 2678/2920/2427 2675/2919/2423
f 2676/2918/2426 1105/2922/2429 2679/2921/2428 2677/2917/2425
f 2677/2917/2425 2679/2921/2428 1104/2923/2430 2678/2920/2427
f 90/274/212 596/1729/1442 2673/2915/2423 1101/272/213
f 1101/272/213 2673/2915/2423 2674/2916/2424 1102/271/214
f 1102/271/214 2674/2916/2424 2675/2919/2423 1103/270/213
f 1103/270/213 2675/2919/2423 610/1766/1474 96/269/212
f 2675/2919/2423 2678/2920/2427 609/1774/1482 610/1766/1474
f 2678/2920/2427 1104/2923/2430 608/1773/1481 609/1774/1482
f 1104/2923/2430 603/1744/1455 608/1773/1481
f 2679/2921/2428 2680/2924/2431 1104/2923/2430
f 1105/2922/2429 2680/2924/2431 2679/2921/2428
f 598/1732/1445 565/1673/1396 1105/2922/2429
f 597/1731/1444 598/1732/1445 1105/2922/2429 2676/2918/2426
f 596/1729/1442 597/1731/1444 2676/2918/2426 2673/2915/2423
f 2681/2925/2432 2683/171/134 2680/2926/2431
f 2680/2926/2431 2683/171/134 2682/2927/2433
f 565/1673/1396 2681/2928/2432 1105/2922/2429
f 1105/2922/2429 2681/2928/2432 2680/2924/2431
f 2680/2924/2431 2682/2929/2433 1104/2923/2430
f 1104/2923/2430 2682/2929/2433 603/1744/1455
f 2682/2927/2433 602/1740/1453 603/1743/1455
f 2682/2927/2433 1106/172/135 95/174/137 602/1740/1453
f 2683/171/134 1106/172/135 2682/2927/2433
f 2681/2925/2432 1107/170/133 2683/171/134
f 566/1659/1385 87/169/132 1107/170/133 2681/2925/2432
f 565/2930/1396 566/1659/1385 2681/2925/2432
f 2684/2931/2434 2687/2933/2436 2685/2932/2435
f 2687/2934/2436 1112/2936/2437 2685/2935/2435
f 2685/2935/2435 1112/2936/2437 1111/2938/2439 2686/2937/2438
f 103/324/263 635/1830/1526 2684/2931/2434 1108/322/261
f 1108/322/261 2684/2931/2434 2685/2932/2435 1109/321/260
f 1109/321/260 2685/2932/2435 2686/2939/2438 1110/320/259
f 1110/320/259 2686/2939/2438 628/1807/1512 98/319/258
f 2686/2939/2438 627/1817/1516 628/1807/1512
f 2686/2937/2438 1111/2938/2439 626/1815/1515 627/1816/1516
f 1111/2938/2439 101/1788/1496 626/1815/1515
f 2687/2934/2436 2688/2940/2440 1112/2936/2437
f 637/1834/1529 107/1835/1530 2688/2940/2440 2687/2934/2436
f 636/1833/1528 637/1834/1529 2687/2934/2436
f 635/1830/1526 636/1832/1528 2687/2933/2436 2684/2931/2434
f 2688/2940/2440 2689/2942/2442 2690/2941/2441
f 2690/2941/2441 2691/2943/2443 1111/2938/2439
f 2689/2942/2442 2692/2944/2444 2690/2941/2441
f 2690/2941/2441 2693/2945/2444 2691/2943/2443
f 107/1835/1530 644/1866/1557 2688/2940/2440
f 2688/2940/2440 2690/2941/2441 1112/2936/2437
f 1112/2936/2437 2690/2941/2441 1111/2938/2439
f 1111/2938/2439 622/1787/1495 101/1788/1496
f 1111/2938/2439 2691/2943/2443 621/1786/1494 622/1787/1495
f 2691/2943/2443 2693/2945/2444 620/1784/1492 621/1786/1494
f 2693/2945/2444 1113/197/151 97/199/150 620/1784/1492
f 2690/2941/2441 1114/196/152 1113/197/151 2693/2945/2444
f 2692/2944/2444 1115/195/151 1114/196/152 2690/2941/2441
f 646/1859/1492 104/194/150 1115/195/151 2692/2944/2444
f 645/1867/1558 646/1859/1492 2692/2944/2444 2689/2942/2442
f 644/1866/1557 645/1867/1558 2689/2942/2442 2688/2940/2440
f 2694/2946/2445 2697/2949/2448 2698/2948/2447 2695/2947/2446
f 2695/2947/2446 2698/2948/2447 2699/2951/2449 2696/2950/2445
f 2697/2949/2448 2700/2953/2451 2701/2952/2450 2698/2948/2447
f 2698/2948/2447 2701/2952/2450 2702/2954/2452 2699/2951/2449
f 105/149/111 656/1877/1568 2694/2946/2445 1116/147/112
f 1116/147/112 2694/2946/2445 2695/2947/2446 1117/146/113
f 1117/146/113 2695/2947/2446 2696/2950/2445 1118/145/112
f 1118/145/112 2696/2950/2445 675/1934/1613 112/144/111
f 2696/2950/2445 2699/2951/2449 674/1941/1620 675/1934/1613
f 2699/2951/2449 2702/2954/2452 673/1913/1595 674/1941/1620
f 657/1879/1570 658/1880/1571 2700/2953/2451 2697/2949/2448
f 656/1877/1568 657/1879/1570 2697/2949/2448 2694/2946/2445
f 2703/2955/2453 2707/346/285 2704/2956/2454
f 2704/2956/2454 2707/346/285 2705/2957/2455
f 2703/2955/2453 2706/2958/2456 2707/346/285
f 2707/346/285 2708/2959/2457 2705/2957/2455
f 658/1880/1571 660/1900/1585 2703/2960/2453 2700/2953/2451
f 2700/2953/2451 2703/2960/2453 2704/2961/2454 2701/2952/2450
f 2701/2952/2450 2704/2961/2454 2705/2962/2455 2702/2954/2452
f 2702/2954/2452 2705/2962/2455 668/1912/1593 673/1913/1595
f 2705/2957/2455 2708/2959/2457 668/1909/1593
f 2708/2959/2457 1119/347/286 111/349/288 668/1909/1593
f 2707/346/285 1119/347/286 2708/2959/2457
f 2706/2958/2456 1120/345/284 2707/346/285
f 661/1892/1582 106/344/283 1120/345/284 2706/2958/2456
f 660/2963/1585 661/1892/1582 2706/2958/2456 2703/2955/2453
f 2709/2964/2458 2712/2967/2461 2714/2966/2460 2710/2965/2459
f 2710/2965/2459 2714/2966/2460 2713/2969/2461 2711/2968/2458
f 2712/2967/2461 1125/2970/2462 2714/2966/2460
f 2714/2966/2460 1124/2971/2463 2713/2969/2461
f 113/124/99 685/1951/1426 2709/2964/2458 1121/122/100
f 1121/122/100 2709/2964/2458 2710/2965/2459 1122/121/101
f 1122/121/101 2710/2965/2459 2711/2968/2458 1123/120/100
f 1123/120/100 2711/2968/2458 586/1713/1426 89/119/99
f 2711/2968/2458 2713/2969/2461 585/1721/1434 586/1713/1426
f 2713/2969/2461 1124/2971/2463 584/1720/1433 585/1721/1434
f 1124/2971/2463 93/1691/1410 584/1720/1433
f 687/1954/1631 117/1955/1632 1125/2970/2462
f 686/1953/1434 687/1954/1631 1125/2970/2462 2712/2967/2461
f 685/1951/1426 686/1953/1434 2712/2967/2461 2709/2964/2458
f 1125/2970/2462 2715/2973/2465 2716/2972/2464
f 2716/2972/2464 2717/2974/2466 1124/2971/2463
f 2715/2975/2465 1127/246/198 2716/2976/2464
f 2716/2976/2464 1127/246/198 2717/2977/2466
f 117/1955/1632 691/1981/1651 1125/2970/2462
f 1125/2970/2462 2716/2972/2464 2714/2966/2460
f 2714/2966/2460 2716/2972/2464 1124/2971/2463
f 1124/2971/2463 580/1688/1409 93/1691/1410
f 1124/2971/2463 2717/2974/2466 579/1687/1408 580/1688/1409
f 2717/2977/2466 578/1684/1406 579/1686/1408
f 2717/2977/2466 1126/247/199 88/249/201 578/1684/1406
f 1127/246/198 1126/247/199 2717/2977/2466
f 2715/2975/2465 1128/245/197 1127/246/198
f 693/1971/1648 114/244/196 1128/245/197 2715/2975/2465
f 692/1984/1652 693/1971/1648 2715/2975/2465
f 691/1981/1651 692/1982/1652 2715/2973/2465 1125/2970/2462
f 2718/2978/2467 2721/2981/2468 2722/2980/90 2719/2979/90
f 2719/2979/90 2722/2980/90 2723/2983/2470 2720/2982/2469
f 2721/2981/2468 2724/2985/2472 2725/2984/2471 2722/2980/90
f 2722/2980/90 2725/2984/2471 2726/2986/2473 2723/2983/2470
f 89/119/99 587/1712/1425 2718/2978/2467 1129/118/98
f 1129/118/98 2718/2978/2467 2719/2979/90 1130/117/90
f 1130/117/90 2719/2979/90 2720/2982/2469 1131/116/95
f 1131/116/95 2720/2982/2469 470/1375/1167 62/115/97
f 2720/2982/2469 2723/2983/2470 469/1380/1172 470/1375/1167
f 2723/2983/2470 2726/2986/2473 468/1379/1171 469/1380/1172
f 2726/2986/2473 1132/2987/2474 64/1361/1154 468/1379/1171
f 2725/2984/2471 1133/2988/2475 1132/2987/2474 2726/2986/2473
f 2724/2985/2472 1134/2989/2476 1133/2988/2475 2725/2984/2471
f 589/1715/1428 94/1716/1429 1134/2989/2476 2724/2985/2472
f 588/1714/1427 589/1715/1428 2724/2985/2472 2721/2981/2468
f 587/1712/1425 588/1714/1427 2721/2981/2468 2718/2978/2467
f 2727/2990/2477 2730/2993/2480 2731/2992/2479 2728/2991/2478
f 2728/2991/2478 2731/2992/2479 2732/2995/2482 2729/2994/2481
f 2730/2993/2480 2733/2997/211 2734/2996/210 2731/2992/2479
f 2731/2992/2479 2734/2996/210 2735/2998/2483 2732/2995/2482
f 94/1716/1429 593/1733/1446 2727/2990/2477 1134/2989/2476
f 1134/2989/2476 2727/2990/2477 2728/2991/2478 1133/2988/2475
f 1133/2988/2475 2728/2991/2478 2729/2994/2481 1132/2987/2474
f 1132/2987/2474 2729/2994/2481 464/1360/1153 64/1361/1154
f 2729/2994/2481 2732/2995/2482 463/1359/1152 464/1360/1153
f 2732/2995/2482 2735/2998/2483 462/1357/1150 463/1359/1152
f 2735/2998/2483 1135/262/208 61/260/206 462/1357/1150
f 2734/2996/210 1136/275/210 1135/262/208 2735/2998/2483
f 2733/2997/211 1137/273/211 1136/275/210 2734/2996/210
f 595/1730/1443 90/274/212 1137/273/211 2733/2997/211
f 594/1734/1447 595/1730/1443 2733/2997/211 2730/2993/2480
f 593/1733/1446 594/1734/1447 2730/2993/2480 2727/2990/2477
f 2736/2999/2484 2739/3002/2485 2740/3001/141 2737/3000/141
f 2737/3000/141 2740/3001/141 2741/3004/2487 2738/3003/2486
f 2739/3002/2485 2742/3006/2489 2743/3005/2488 2740/3001/141
f 2740/3001/141 2743/3005/2488 2744/3007/2490 2741/3004/2487
f 69/185/144 496/1457/1230 2736/2999/2484 1138/187/146
f 1138/187/146 2736/2999/2484 2737/3000/141 1139/200/141
f 1139/200/141 2737/3000/141 2738/3003/2486 1140/198/149
f 1140/198/149 2738/3003/2486 619/1785/1493 97/199/150
f 2738/3003/2486 2741/3004/2487 618/1793/1501 619/1785/1493
f 2741/3004/2487 2744/3007/2490 617/1792/1500 618/1793/1501
f 2744/3007/2490 1141/3008/2491 100/1769/1477 617/1792/1500
f 2743/3005/2488 1142/3009/2492 1141/3008/2491 2744/3007/2490
f 2742/3006/2489 1143/3010/2493 1142/3009/2492 2743/3005/2488
f 498/1460/1233 73/1461/1234 1143/3010/2493 2742/3006/2489
f 497/1459/1232 498/1460/1233 2742/3006/2489 2739/3002/2485
f 496/1457/1230 497/1459/1232 2739/3002/2485 2736/2999/2484
f 2745/3011/2494 2748/3014/2496 2749/3013/2479 2746/3012/2495
f 2746/3012/2495 2749/3013/2479 2750/3016/2498 2747/3015/2497
f 2748/3014/2496 2751/3018/2483 2752/3017/210 2749/3013/2479
f 2749/3013/2479 2752/3017/210 2753/3019/211 2750/3016/2498
f 73/1461/1234 502/1480/1246 2745/3011/2494 1143/3010/2493
f 1143/3010/2493 2745/3011/2494 2746/3012/2495 1142/3009/2492
f 1142/3009/2492 2746/3012/2495 2747/3015/2497 1141/3008/2491
f 1141/3008/2491 2747/3015/2497 613/1768/1476 100/1769/1477
f 2747/3015/2497 2750/3016/2498 612/1767/1475 613/1768/1476
f 2750/3016/2498 2753/3019/211 611/1765/1473 612/1767/1475
f 2753/3019/211 1144/268/211 96/269/212 611/1765/1473
f 2752/3017/210 1145/267/210 1144/268/211 2753/3019/211
f 2751/3018/2483 1146/266/208 1145/267/210 2752/3017/210
f 504/1477/1244 70/265/206 1146/266/208 2751/3018/2483
f 503/1481/1247 504/1477/1244 2751/3018/2483 2748/3014/2496
f 502/1480/1246 503/1481/1247 2748/3014/2496 2745/3011/2494
f 2754/3020/2499 2757/3023/2501 2758/3022/2500 2755/3021/109
f 2755/3021/109 2758/3022/2500 2759/3025/2502 2756/3024/110
f 2757/3023/2501 2760/3027/2504 2761/3026/2503 2758/3022/2500
f 2758/3022/2500 2761/3026/2503 2762/3028/2505 2759/3025/2502
f 77/135/105 525/1536/1294 2754/3020/2499 1147/137/107
f 1147/137/107 2754/3020/2499 2755/3021/109 1148/150/109
f 1148/150/109 2755/3021/109 2756/3024/110 1149/148/110
f 1149/148/110 2756/3024/110 655/1878/1569 105/149/111
f 2756/3024/110 2759/3025/2502 654/1883/1574 655/1878/1569
f 2759/3025/2502 2762/3028/2505 653/1882/1573 654/1883/1574
f 2762/3028/2505 1150/3029/2506 109/1862/1553 653/1882/1573
f 2761/3026/2503 1151/3030/2507 1150/3029/2506 2762/3028/2505
f 2760/3027/2504 1152/3031/2508 1151/3030/2507 2761/3026/2503
f 527/1539/1297 80/1540/1298 1152/3031/2508 2760/3027/2504
f 526/1538/1296 527/1539/1297 2760/3027/2504 2757/3023/2501
f 525/1536/1294 526/1538/1296 2757/3023/2501 2754/3020/2499
f 2763/3032/2509 2766/3035/2511 2767/3034/141 2764/3033/2510
f 2764/3033/2510 2767/3034/141 2768/3037/2513 2765/3036/2512
f 2766/3035/2511 2769/3039/2514 2770/3038/141 2767/3034/141
f 2767/3034/141 2770/3038/141 2771/3040/2486 2768/3037/2513
f 80/1540/1298 531/1565/1312 2763/3032/2509 1152/3031/2508
f 1152/3031/2508 2763/3032/2509 2764/3033/2510 1151/3030/2507
f 1151/3030/2507 2764/3033/2510 2765/3036/2512 1150/3029/2506
f 1150/3029/2506 2765/3036/2512 649/1861/1552 109/1862/1553
f 2765/3036/2512 2768/3037/2513 648/1860/1551 649/1861/1552
f 2768/3037/2513 2771/3040/2486 647/1858/1550 648/1860/1551
f 2771/3040/2486 1153/193/149 104/194/150 647/1858/1550
f 2770/3038/141 1154/192/141 1153/193/149 2771/3040/2486
f 2769/3039/2514 1155/191/146 1154/192/141 2770/3038/141
f 533/1560/1310 78/190/148 1155/191/146 2769/3039/2514
f 532/1566/1313 533/1560/1310 2769/3039/2514 2766/3035/2511
f 531/1565/1312 532/1566/1313 2766/3035/2511 2763/3032/2509
f 2772/3041/2515 2775/3044/2516 2776/3043/90 2773/3042/90
f 2773/3042/90 2776/3043/90 2777/3046/2517 2774/3045/2467
f 2775/3044/2516 2778/3048/2519 2779/3047/2518 2776/3043/90
f 2776/3043/90 2779/3047/2518 2780/3049/2520 2777/3046/2517
f 83/110/93 553/1621/1359 2772/3041/2515 1156/112/95
f 1156/112/95 2772/3041/2515 2773/3042/90 1157/125/90
f 1157/125/90 2773/3042/90 2774/3045/2467 1158/123/98
f 1158/123/98 2774/3045/2467 684/1952/1630 113/124/99
f 2774/3045/2467 2777/3046/2517 683/1960/1637 684/1952/1630
f 2777/3046/2517 2780/3049/2520 682/1959/1636 683/1960/1637
f 2780/3049/2520 1159/3050/2521 116/1937/1616 682/1959/1636
f 2779/3047/2518 1160/3051/2522 1159/3050/2521 2780/3049/2520
f 2778/3048/2519 1161/3052/2523 1160/3051/2522 2779/3047/2518
f 555/1624/1362 86/1625/1363 1161/3052/2523 2778/3048/2519
f 554/1623/1361 555/1624/1362 2778/3048/2519 2775/3044/2516
f 553/1621/1359 554/1623/1361 2775/3044/2516 2772/3041/2515
f 2781/3053/2524 2784/3056/2526 2785/3055/2500 2782/3054/2525
f 2782/3054/2525 2785/3055/2500 2786/3058/2528 2783/3057/2527
f 2784/3056/2526 2787/3060/2499 2788/3059/109 2785/3055/2500
f 2785/3055/2500 2788/3059/109 2789/3061/110 2786/3058/2528
f 86/1625/1363 559/1650/1377 2781/3053/2524 1161/3052/2523
f 1161/3052/2523 2781/3053/2524 2782/3054/2525 1160/3051/2522
f 1160/3051/2522 2782/3054/2525 2783/3057/2527 1159/3050/2521
f 1159/3050/2521 2783/3057/2527 678/1936/1615 116/1937/1616
f 2783/3057/2527 2786/3058/2528 677/1935/1614 678/1936/1615
f 2786/3058/2528 2789/3061/110 676/1933/1612 677/1935/1614
f 2789/3061/110 1162/143/110 112/144/111 676/1933/1612
f 2788/3059/109 1163/142/109 1162/143/110 2789/3061/110
f 2787/3060/2499 1164/141/107 1163/142/109 2788/3059/109
f 561/1643/1375 84/140/105 1164/141/107 2787/3060/2499
f 560/1651/1378 561/1643/1375 2787/3060/2499 2784/3056/2526
f 559/1650/1377 560/1651/1378 2784/3056/2526 2781/3053/2524
f 2790/3062/2529 2793/3065/2532 2794/3064/2531 2791/3063/2530
f 2791/3063/2530 2794/3064/2531 2795/3067/2534 2792/3066/2533
f 2793/3065/2532 2796/3069/2536 2797/3068/2535 2794/3064/2531
f 2794/3064/2531 2797/3068/2535 2798/3070/2537 2795/3067/2534
f 136/310/249 765/2141/1777 2790/3062/2529 1165/312/251
f 1165/312/251 2790/3062/2529 2791/3063/2530 1166/325/264
f 1166/325/264 2791/3063/2530 2792/3066/2533 1167/323/262
f 1167/323/262 2792/3066/2533 634/1831/1527 103/324/263
f 2792/3066/2533 2795/3067/2534 633/1848/1540 634/1831/1527
f 2795/3067/2534 2798/3070/2537 632/1846/1538 633/1848/1540
f 2798/3070/2537 1168/3071/2538 110/1847/1539 632/1846/1538
f 2797/3068/2535 1169/3072/2539 1168/3071/2538 2798/3070/2537
f 2796/3069/2536 1170/3073/2540 1169/3072/2539 2797/3068/2535
f 767/2144/1780 138/2145/1751 1170/3073/2540 2796/3069/2536
f 766/2143/1779 767/2144/1780 2796/3069/2536 2793/3065/2532
f 765/2141/1777 766/2143/1779 2793/3065/2532 2790/3062/2529
f 2799/3074/2541 2802/3077/2544 2803/3076/2543 2800/3075/2542
f 2800/3075/2542 2803/3076/2543 2804/3079/2546 2801/3078/2545
f 2802/3077/2544 2805/3081/2548 2806/3080/2547 2803/3076/2543
f 2803/3076/2543 2806/3080/2547 2807/3082/2549 2804/3079/2546
f 138/2103/1751 744/2102/1750 2799/3074/2541 1170/3083/2540
f 1170/3083/2540 2799/3074/2541 2800/3075/2542 1169/3084/2539
f 1169/3084/2539 2800/3075/2542 2801/3078/2545 1168/3085/2538
f 1168/3085/2538 2801/3078/2545 664/1895/1584 110/3086/1539
f 2801/3078/2545 2804/3079/2546 663/1893/1583 664/1895/1584
f 2804/3079/2546 2807/3082/2549 662/1890/1581 663/1893/1583
f 2807/3082/2549 1171/343/282 106/344/283 662/1890/1581
f 2806/3080/2547 1172/342/281 1171/343/282 2807/3082/2549
f 2805/3081/2548 1173/341/280 1172/342/281 2806/3080/2547
f 746/2098/1748 133/340/279 1173/341/280 2805/3081/2548
f 745/2104/1752 746/2098/1748 2805/3081/2548 2802/3077/2544
f 744/2102/1750 745/2104/1752 2802/3077/2544 2799/3074/2541
f 2808/3087/2550 2811/3090/2553 2812/3089/2552 2809/3088/2551
f 2809/3088/2551 2812/3089/2552 2813/3092/2555 2810/3091/2554
f 2811/3090/2553 2814/3094/2557 2815/3093/2556 2812/3089/2552
f 2812/3089/2552 2815/3093/2556 2816/3095/2558 2813/3092/2555
f 155/69/56 837/2289/1908 2808/3087/2550 1174/68/55
f 1174/68/55 2808/3087/2550 2809/3088/2551 1175/67/54
f 1175/67/54 2809/3088/2551 2810/3091/2554 1176/66/53
f 1176/66/53 2810/3091/2554 310/958/824 27/65/52
f 2810/3091/2554 2813/3092/2555 309/974/832 310/958/824
f 2813/3092/2555 2816/3095/2558 308/972/831 309/974/832
f 2816/3095/2558 1177/3096/2559 30/973/808 308/972/831
f 2815/3093/2556 1178/3097/2560 1177/3096/2559 2816/3095/2558
f 2814/3094/2557 1179/3098/2561 1178/3097/2560 2815/3093/2556
f 839/2292/1911 157/2293/1882 1179/3098/2561 2814/3094/2557
f 838/2291/1910 839/2292/1911 2814/3094/2557 2811/3090/2553
f 837/2289/1908 838/2291/1910 2811/3090/2553 2808/3087/2550
f 2817/3099/2562 2820/3102/2565 2821/3101/2564 2818/3100/2563
f 2818/3100/2563 2821/3101/2564 2822/3104/2567 2819/3103/2566
f 2820/3102/2565 2823/3106/2569 2824/3105/2568 2821/3101/2564
f 2821/3101/2564 2824/3105/2568 2825/3107/2570 2822/3104/2567
f 157/2260/1882 814/2259/1881 2817/3099/2562 1179/3108/2561
f 1179/3108/2561 2817/3099/2562 2818/3100/2563 1178/3109/2560
f 1178/3109/2560 2818/3100/2563 2819/3103/2566 1177/3110/2559
f 1177/3110/2559 2819/3103/2566 302/938/807 30/940/808
f 2819/3103/2566 2822/3104/2567 301/936/806 302/938/807
f 2822/3104/2567 2825/3107/2570 300/933/804 301/936/806
f 2825/3107/2570 1180/412/351 26/410/349 300/933/804
f 2824/3105/2568 1181/425/364 1180/412/351 2825/3107/2570
f 2823/3106/2569 1182/423/362 1181/425/364 2824/3105/2568
f 816/2253/1876 152/424/363 1182/423/362 2823/3106/2569
f 815/2261/1883 816/2253/1876 2823/3106/2569 2820/3102/2565
f 814/2259/1881 815/2261/1883 2820/3102/2565 2817/3099/2562
f 2826/3111/2571 2829/3114/2574 2830/3113/2573 2827/3112/2572
f 2827/3112/2572 2830/3113/2573 2831/3116/2576 2828/3115/2575
f 2829/3114/2574 2832/3118/2578 2833/3117/2577 2830/3113/2573
f 2830/3113/2573 2833/3117/2577 2834/3119/2579 2831/3116/2576
f 175/235/187 906/2446/2045 2826/3111/2571 1183/237/189
f 1183/237/189 2826/3111/2571 2827/3112/2572 1184/250/202
f 1184/250/202 2827/3112/2572 2828/3115/2575 1185/248/200
f 1185/248/200 2828/3115/2575 577/1685/1407 88/249/201
f 2828/3115/2575 2831/3116/2576 576/1702/1415 577/1685/1407
f 2831/3116/2576 2834/3119/2579 575/1700/1414 576/1702/1415
f 2834/3119/2579 1186/3120/2580 91/1701/1388 575/1700/1414
f 2833/3117/2577 1187/3121/2581 1186/3120/2580 2834/3119/2579
f 2832/3118/2578 1188/3122/2582 1187/3121/2581 2833/3117/2577
f 908/2449/2048 179/2450/2019 1188/3122/2582 2832/3118/2578
f 907/2448/2047 908/2449/2048 2832/3118/2578 2829/3114/2574
f 906/2446/2045 907/2448/2047 2829/3114/2574 2826/3111/2571
f 2835/3123/2583 2838/3126/2586 2839/3125/2585 2836/3124/2584
f 2836/3124/2584 2839/3125/2585 2840/3128/2588 2837/3127/2587
f 2838/3126/2586 2841/3130/2590 2842/3129/2589 2839/3125/2585
f 2839/3125/2585 2842/3129/2589 2843/3131/2591 2840/3128/2588
f 179/2415/2019 885/2414/2018 2835/3123/2583 1188/3132/2582
f 1188/3132/2582 2835/3123/2583 2836/3124/2584 1187/3133/2581
f 1187/3133/2581 2836/3124/2584 2837/3127/2587 1186/3134/2580
f 1186/3134/2580 2837/3127/2587 569/1662/1387 91/3135/1388
f 2837/3127/2587 2840/3128/2588 568/1660/1386 569/1662/1387
f 2840/3128/2588 2843/3131/2591 567/1657/1384 568/1660/1386
f 2843/3131/2591 1189/168/131 87/169/132 567/1657/1384
f 2842/3129/2589 1190/167/130 1189/168/131 2843/3131/2591
f 2841/3130/2590 1191/166/129 1190/167/130 2842/3129/2589
f 887/2410/2015 172/165/128 1191/166/129 2841/3130/2590
f 886/2416/2020 887/2410/2015 2841/3130/2590 2838/3126/2586
f 885/2414/2018 886/2416/2020 2838/3126/2586 2835/3123/2583
f 2844/3136/2592 2847/3139/2595 2848/3138/2594 2845/3137/2593
f 2845/3137/2593 2848/3138/2594 2849/3141/2597 2846/3140/2596
f 2847/3139/2595 2850/3143/2599 2851/3142/2598 2848/3138/2594
f 2848/3138/2594 2851/3142/2598 2852/3144/2600 2849/3141/2597
f 196/19/19 975/2603/2186 2844/3136/2592 1192/18/18
f 1192/18/18 2844/3136/2592 2845/3137/2593 1193/17/17
f 1193/17/17 2845/3137/2593 2846/3140/2596 1194/16/16
f 1194/16/16 2846/3140/2596 211/712/620 2/15/15
f 2846/3140/2596 2849/3141/2597 210/728/628 211/712/620
f 2849/3141/2597 2852/3144/2600 209/726/627 210/728/628
f 2852/3144/2600 1195/3145/2601 5/727/601 209/726/627
f 2851/3142/2598 1196/3146/2602 1195/3145/2601 2852/3144/2600
f 2850/3143/2599 1197/3147/2603 1196/3146/2602 2851/3142/2598
f 977/2606/2189 199/2607/2158 1197/3147/2603 2850/3143/2599
f 976/2605/2188 977/2606/2189 2850/3143/2599 2847/3139/2595
f 975/2603/2186 976/2605/2188 2847/3139/2595 2844/3136/2592
f 2853/3148/2604 2856/3151/2607 2857/3150/2606 2854/3149/2605
f 2854/3149/2605 2857/3150/2606 2858/3153/2609 2855/3152/2608
f 2856/3151/2607 2859/3155/2611 2860/3154/2610 2857/3150/2606
f 2857/3150/2606 2860/3154/2610 2861/3156/2612 2858/3153/2609
f 199/2572/2158 957/2571/2157 2853/3148/2604 1197/3157/2603
f 1197/3157/2603 2853/3148/2604 2854/3149/2605 1196/3158/2602
f 1196/3158/2602 2854/3149/2605 2855/3152/2608 1195/3159/2601
f 1195/3159/2601 2855/3152/2608 204/688/600 5/690/601
f 2855/3152/2608 2858/3153/2609 203/686/599 204/688/600
f 2858/3153/2609 2861/3156/2612 202/683/597 203/686/599
f 2861/3156/2612 1198/3160/2613 1/682/596 202/683/597
f 2860/3154/2610 1199/3161/2614 1198/3160/2613 2861/3156/2612
f 2859/3155/2611 1200/3162/2615 1199/3161/2614 2860/3154/2610
f 959/2565/2151 193/2563/2149 1200/3162/2615 2859/3155/2611
f 958/2573/2159 959/2565/2151 2859/3155/2611 2856/3151/2607
f 957/2571/2157 958/2573/2159 2856/3151/2607 2853/3148/2604
f 2862/3163/2616 2865/3166/2619 2866/3165/2618 2863/3164/2617
f 2863/3164/2617 2866/3165/2618 2867/3168/2621 2864/3167/2620
f 2865/3166/2619 2868/3170/2622 2869/3169/2115 2866/3165/2618
f 2866/3165/2618 2869/3169/2115 2870/3171/2623 2867/3168/2621
f 57/285/224 447/1313/1115 2862/3163/2616 1201/287/226
f 1201/287/226 2862/3163/2616 2863/3164/2617 1202/300/239
f 1202/300/239 2863/3164/2617 2864/3167/2620 1203/298/237
f 1203/298/237 2864/3167/2620 547/1602/1346 82/299/238
f 2864/3167/2620 2867/3168/2621 546/1612/1352 547/1602/1346
f 2867/3168/2621 2870/3171/2623 545/1610/1351 546/1612/1352
f 2870/3171/2623 1204/3172/2624 85/1611/1327 545/1610/1351
f 2869/3169/2115 1205/3173/2625 1204/3172/2624 2870/3171/2623
f 2868/3170/2622 1206/3174/2626 1205/3173/2625 2869/3169/2115
f 449/1316/1118 59/1317/1075 1206/3174/2626 2868/3170/2622
f 448/1315/1117 449/1316/1118 2868/3170/2622 2865/3166/2619
f 447/1313/1115 448/1315/1117 2865/3166/2619 2862/3163/2616
f 2871/3175/2627 2874/3178/2630 2875/3177/2629 2872/3176/2628
f 2872/3176/2628 2875/3177/2629 2876/3180/2632 2873/3179/2631
f 2874/3178/2630 2877/3182/2634 2878/3181/2633 2875/3177/2629
f 2875/3177/2629 2878/3181/2633 2879/3183/2635 2876/3180/2632
f 59/1262/1075 420/1261/1074 2871/3175/2627 1206/3184/2626
f 1206/3184/2626 2871/3175/2627 2872/3176/2628 1205/3185/2625
f 1205/3185/2625 2872/3176/2628 2873/3179/2631 1204/3186/2624
f 1204/3186/2624 2873/3179/2631 541/1579/1326 85/1580/1327
f 2873/3179/2631 2876/3180/2632 540/1578/1325 541/1579/1326
f 2876/3180/2632 2879/3183/2635 539/1576/1323 540/1578/1325
f 2879/3183/2635 1207/393/332 81/394/333 539/1576/1323
f 2878/3181/2633 1208/392/331 1207/393/332 2879/3183/2635
f 2877/3182/2634 1209/391/330 1208/392/331 2878/3181/2633
f 422/1253/1066 54/390/329 1209/391/330 2877/3182/2634
f 421/1263/1076 422/1253/1066 2877/3182/2634 2874/3178/2630
f 420/1261/1074 421/1263/1076 2874/3178/2630 2871/3175/2627
f 2880/3187/2636 2883/3190/2639 2884/3189/2638 2881/3188/2637
f 2881/3188/2637 2884/3189/2638 2885/3192/2641 2882/3191/2640
f 2883/3190/2639 2886/3194/2643 2887/3193/2642 2884/3189/2638
f 2884/3189/2638 2887/3193/2642 2888/3195/2644 2885/3192/2641
f 75/369/308 510/1491/1257 2880/3187/2636 1210/368/307
f 1210/368/307 2880/3187/2636 2881/3188/2637 1211/367/306
f 1211/367/306 2881/3188/2637 2882/3191/2640 1212/366/305
f 1212/366/305 2882/3191/2640 393/1173/1000 48/365/304
f 2882/3191/2640 2885/3192/2641 392/1181/1008 393/1173/1000
f 2885/3192/2641 2888/3195/2644 391/1179/1006 392/1181/1008
f 2888/3195/2644 1213/3196/2645 53/1180/1007 391/1179/1006
f 2887/3193/2642 1214/3197/2646 1213/3196/2645 2888/3195/2644
f 2886/3194/2643 1215/3198/2647 1214/3197/2646 2887/3193/2642
f 512/1494/1260 79/1495/1261 1215/3198/2647 2886/3194/2643
f 511/1493/1259 512/1494/1260 2886/3194/2643 2883/3190/2639
f 510/1491/1257 511/1493/1259 2883/3190/2639 2880/3187/2636
f 2889/3199/2648 2892/3202/2651 2893/3201/2650 2890/3200/2649
f 2890/3200/2649 2893/3201/2650 2894/3204/2653 2891/3203/2652
f 2892/3202/2651 2895/3206/2655 2896/3205/2654 2893/3201/2650
f 2893/3201/2650 2896/3205/2654 2897/3207/2656 2894/3204/2653
f 79/1525/1261 516/1524/1284 2889/3199/2648 1215/3208/2647
f 1215/3208/2647 2889/3199/2648 2890/3200/2649 1214/3209/2646
f 1214/3209/2646 2890/3200/2649 2891/3203/2652 1213/3210/2645
f 1213/3210/2645 2891/3203/2652 419/1238/1054 53/1239/1007
f 2891/3203/2652 2894/3204/2653 418/1237/1053 419/1238/1054
f 2894/3204/2653 2897/3207/2656 417/1235/1051 418/1237/1053
f 2897/3207/2656 1216/387/326 51/385/324 417/1235/1051
f 2896/3205/2654 1217/400/339 1216/387/326 2897/3207/2656
f 2895/3206/2655 1218/398/337 1217/400/339 2896/3205/2654
f 518/1513/1279 76/399/338 1218/398/337 2895/3206/2655
f 517/1526/1285 518/1513/1279 2895/3206/2655 2892/3202/2651
f 516/1524/1284 517/1526/1285 2892/3202/2651 2889/3199/2648
f 2898/3211/2657 2901/3214/2660 2902/3213/2659 2899/3212/2658
f 2899/3212/2658 2902/3213/2659 2903/3216/2662 2900/3215/2661
f 2901/3214/2660 2904/3218/2664 2905/3217/2663 2902/3213/2659
f 2902/3213/2659 2905/3217/2663 2906/3219/2665 2903/3216/2662
f 44/360/299 388/1153/985 2898/3211/2657 1219/362/301
f 1219/362/301 2898/3211/2657 2899/3212/2658 1220/375/314
f 1220/375/314 2899/3212/2658 2900/3215/2661 1221/373/312
f 1221/373/312 2900/3215/2661 489/1439/1219 68/374/313
f 2900/3215/2661 2903/3216/2662 488/1448/1223 489/1439/1219
f 2903/3216/2662 2906/3219/2665 487/1446/1222 488/1448/1223
f 2906/3219/2665 1222/3220/2666 71/1447/1199 487/1446/1222
f 2905/3217/2663 1223/3221/2667 1222/3220/2666 2906/3219/2665
f 2904/3218/2664 1224/3222/2668 1223/3221/2667 2905/3217/2663
f 390/1156/988 47/1157/947 1224/3222/2668 2904/3218/2664
f 389/1155/987 390/1156/988 2904/3218/2664 2901/3214/2660
f 388/1153/985 389/1155/987 2901/3214/2660 2898/3211/2657
f 2907/3223/2669 2910/3226/2672 2911/3225/2671 2908/3224/2670
f 2908/3224/2670 2911/3225/2671 2912/3228/2674 2909/3227/2673
f 2910/3226/2672 2913/3230/2676 2914/3229/2675 2911/3225/2671
f 2911/3225/2671 2914/3229/2675 2915/3231/2677 2912/3228/2674
f 47/1105/947 362/1104/946 2907/3223/2669 1224/3232/2668
f 1224/3232/2668 2907/3223/2669 2908/3224/2670 1223/3233/2667
f 1223/3233/2667 2908/3224/2670 2909/3227/2673 1222/3234/2666
f 1222/3234/2666 2909/3227/2673 483/1415/1198 71/1416/1199
f 2909/3227/2673 2912/3228/2674 482/1414/1197 483/1415/1198
f 2912/3228/2674 2915/3231/2677 481/1412/1195 482/1414/1197
f 2915/3231/2677 1225/93/80 67/94/81 481/1412/1195
f 2914/3229/2675 1226/92/79 1225/93/80 2915/3231/2677
f 2913/3230/2676 1227/91/78 1226/92/79 2914/3229/2675
f 364/1096/938 41/90/77 1227/91/78 2913/3230/2676
f 363/1106/948 364/1096/938 2913/3230/2676 2910/3226/2672
f 362/1104/946 363/1106/948 2910/3226/2672 2907/3223/2669
f 2916/3235/2678 2919/3238/2681 2920/3237/2680 2917/3236/2679
f 2917/3236/2679 2920/3237/2680 2921/3240/2683 2918/3239/2682
f 2919/3238/2681 2922/3242/2685 2923/3241/2684 2920/3237/2680
f 2920/3237/2680 2923/3241/2684 2924/3243/2686 2921/3240/2683
f 63/294/233 476/1390/1181 2916/3235/2678 1228/293/232
f 1228/293/232 2916/3235/2678 2917/3236/2679 1229/292/231
f 1229/292/231 2917/3236/2679 2918/3239/2682 1230/291/230
f 1230/291/230 2918/3239/2682 344/1039/896 36/290/229
f 2918/3239/2682 2921/3240/2683 343/1049/901 344/1039/896
f 2921/3240/2683 2924/3243/2686 342/1047/900 343/1049/901
f 2924/3243/2686 1231/3244/2687 39/1048/877 342/1047/900
f 2923/3241/2684 1232/3245/2688 1231/3244/2687 2924/3243/2686
f 2922/3242/2685 1233/3246/2689 1232/3245/2688 2923/3241/2684
f 478/1393/1184 66/1394/1142 1233/3246/2689 2922/3242/2685
f 477/1392/1183 478/1393/1184 2922/3242/2685 2919/3238/2681
f 476/1390/1181 477/1392/1183 2919/3238/2681 2916/3235/2678
f 2925/3247/2690 2928/3250/2693 2929/3249/2692 2926/3248/2691
f 2926/3248/2691 2929/3249/2692 2930/3252/2695 2927/3251/2694
f 2928/3250/2693 2931/3254/2696 2932/3253/1708 2929/3249/2692
f 2929/3249/2692 2932/3253/1708 2933/3255/2697 2930/3252/2695
f 66/1347/1142 450/1346/1141 2925/3247/2690 1233/3256/2689
f 1233/3256/2689 2925/3247/2690 2926/3248/2691 1232/3257/2688
f 1232/3257/2688 2926/3248/2691 2927/3251/2694 1231/3258/2687
f 1231/3258/2687 2927/3251/2694 336/1019/876 39/1020/877
f 2927/3251/2694 2930/3252/2695 335/1018/875 336/1019/876
f 2930/3252/2695 2933/3255/2697 334/1016/873 335/1018/875
f 2933/3255/2697 1234/87/74 35/85/72 334/1016/873
f 2932/3253/1708 1235/100/87 1234/87/74 2933/3255/2697
f 2931/3254/2696 1236/98/85 1235/100/87 2932/3253/1708
f 452/1332/1130 60/99/86 1236/98/85 2931/3254/2696
f 451/1348/1143 452/1332/1130 2931/3254/2696 2928/3250/2693
f 450/1346/1141 451/1348/1143 2928/3250/2693 2925/3247/2690
f 2934/3259/2698 2937/3262/2701 2938/3261/2700 2935/3260/2699
f 2935/3260/2699 2938/3261/2700 2939/3264/2703 2936/3263/2702
f 2937/3262/2701 2940/3266/2705 2941/3265/2704 2938/3261/2700
f 2938/3261/2700 2941/3265/2704 2942/3267/2706 2939/3264/2703
f 9/10/10 236/770/670 2934/3259/2698 1237/12/12
f 1237/12/12 2934/3259/2698 2935/3260/2699 1238/25/25
f 1238/25/25 2935/3260/2699 2936/3263/2702 1239/23/23
f 1239/23/23 2936/3263/2702 706/2010/1678 120/24/24
f 2936/3263/2702 2939/3264/2703 705/2021/1685 706/2010/1678
f 2939/3264/2703 2942/3267/2706 704/2019/1684 705/2021/1685
f 2942/3267/2706 1240/3268/2707 123/2020/1663 704/2019/1684
f 2941/3265/2704 1241/3269/2708 1240/3268/2707 2942/3267/2706
f 2940/3266/2705 1242/3270/2709 1241/3269/2708 2941/3265/2704
f 238/773/673 13/774/674 1242/3270/2709 2940/3266/2705
f 237/772/672 238/773/673 2940/3266/2705 2937/3262/2701
f 236/770/670 237/772/672 2937/3262/2701 2934/3259/2698
f 2943/3271/2710 2946/3274/2713 2947/3273/2712 2944/3272/2711
f 2944/3272/2711 2947/3273/2712 2948/3276/2715 2945/3275/2714
f 2946/3274/2713 2949/3278/2717 2950/3277/2716 2947/3273/2712
f 2947/3273/2712 2950/3277/2716 2951/3279/2718 2948/3276/2715
f 13/807/674 245/804/695 2943/3271/2710 1242/3280/2709
f 1242/3280/2709 2943/3271/2710 2944/3272/2711 1241/3281/2708
f 1241/3281/2708 2944/3272/2711 2945/3275/2714 1240/3282/2707
f 1240/3282/2707 2945/3275/2714 701/1994/1662 123/1995/1663
f 2945/3275/2714 2948/3276/2715 700/1993/1661 701/1994/1662
f 2948/3276/2715 2951/3279/2718 699/1991/1659 700/1993/1661
f 2951/3279/2718 1243/418/357 119/419/358 699/1991/1659
f 2950/3277/2716 1244/417/356 1243/418/357 2951/3279/2718
f 2949/3278/2717 1245/416/355 1244/417/356 2950/3277/2716
f 247/798/691 10/415/354 1245/416/355 2949/3278/2717
f 246/808/696 247/798/691 2949/3278/2717 2946/3274/2713
f 245/804/695 246/808/696 2946/3274/2713 2943/3271/2710
f 2952/3283/2719 2955/3286/2721 2956/3285/2720 2953/3284/2529
f 2953/3284/2529 2956/3285/2720 2957/3288/2723 2954/3287/2722
f 2955/3286/2721 2958/3290/2725 2959/3289/2724 2956/3285/2720
f 2956/3285/2720 2959/3289/2724 2960/3291/2726 2957/3288/2723
f 121/635/549 711/2025/1689 2952/3283/2719 1246/637/551
f 1246/637/551 2952/3283/2719 2953/3284/2529 1247/650/564
f 1247/650/564 2953/3284/2529 2954/3287/2722 1248/648/562
f 1248/648/562 2954/3287/2722 731/2064/1726 126/649/563
f 2954/3287/2722 2957/3288/2723 730/2072/1731 731/2064/1726
f 2957/3288/2723 2960/3291/2726 729/2070/1730 730/2072/1731
f 2960/3291/2726 1249/3292/2727 129/2071/1713 729/2070/1730
f 2959/3289/2724 1250/3293/2728 1249/3292/2727 2960/3291/2726
f 2958/3290/2725 1251/3294/2729 1250/3293/2728 2959/3289/2724
f 713/2028/1692 124/2029/1693 1251/3294/2729 2958/3290/2725
f 712/2027/1691 713/2028/1692 2958/3290/2725 2955/3286/2721
f 711/2025/1689 712/2027/1691 2955/3286/2721 2952/3283/2719
f 2961/3295/2730 2964/3298/2733 2965/3297/2732 2962/3296/2731
f 2962/3296/2731 2965/3297/2732 2966/3300/2735 2963/3299/2734
f 2964/3298/2733 2967/3302/2737 2968/3301/2736 2965/3297/2732
f 2965/3297/2732 2968/3301/2736 2969/3303/2738 2966/3300/2735
f 124/2039/1693 716/2038/1701 2961/3295/2730 1251/3304/2729
f 1251/3304/2729 2961/3295/2730 2962/3296/2731 1250/3305/2728
f 1250/3305/2728 2962/3296/2731 2963/3299/2734 1249/3306/2727
f 1249/3306/2727 2963/3299/2734 725/2050/1712 129/2051/1713
f 2963/3299/2734 2966/3300/2735 724/2049/1711 725/2050/1712
f 2966/3300/2735 2969/3303/2738 723/2047/1709 724/2049/1711
f 2969/3303/2738 1252/218/170 125/219/171 723/2047/1709
f 2968/3301/2736 1253/217/169 1252/218/170 2969/3303/2738
f 2967/3302/2737 1254/216/168 1253/217/169 2968/3301/2736
f 718/2036/1700 122/215/167 1254/216/168 2967/3302/2737
f 717/2040/1702 718/2036/1700 2967/3302/2737 2964/3298/2733
f 716/2038/1701 717/2040/1702 2964/3298/2733 2961/3295/2730
f 2970/3307/2739 2973/3310/2742 2974/3309/2741 2971/3308/2740
f 2971/3308/2740 2974/3309/2741 2975/3312/2744 2972/3311/2743
f 2973/3310/2742 2976/3314/2746 2977/3313/2745 2974/3309/2741
f 2974/3309/2741 2977/3313/2745 2978/3315/2747 2975/3312/2744
f 127/660/574 735/2076/1735 2970/3307/2739 1255/662/576
f 1255/662/576 2970/3307/2739 2971/3308/2740 1256/675/589
f 1256/675/589 2971/3308/2740 2972/3311/2743 1257/673/587
f 1257/673/587 2972/3311/2743 760/2126/1771 135/674/588
f 2972/3311/2743 2975/3312/2744 759/2137/1775 760/2126/1771
f 2975/3312/2744 2978/3315/2747 758/2135/1774 759/2137/1775
f 2978/3315/2747 1258/3316/2748 137/2136/1763 758/2135/1774
f 2977/3313/2745 1259/3317/2749 1258/3316/2748 2978/3315/2747
f 2976/3314/2746 1260/3318/2750 1259/3317/2749 2977/3313/2745
f 737/2079/1738 132/2080/1739 1260/3318/2750 2976/3314/2746
f 736/2078/1737 737/2079/1738 2976/3314/2746 2973/3310/2742
f 735/2076/1735 736/2078/1737 2973/3310/2742 2970/3307/2739
f 2979/3319/2751 2982/3322/2754 2983/3321/2753 2980/3320/2752
f 2980/3320/2752 2983/3321/2753 2984/3324/2756 2981/3323/2755
f 2982/3322/2754 2985/3326/2758 2986/3325/2757 2983/3321/2753
f 2983/3321/2753 2986/3325/2757 2987/3327/2759 2984/3324/2756
f 132/2089/1739 739/2088/1746 2979/3319/2751 1260/3328/2750
f 1260/3328/2750 2979/3319/2751 2980/3320/2752 1259/3329/2749
f 1259/3329/2749 2980/3320/2752 2981/3323/2755 1258/3330/2748
f 1258/3330/2748 2981/3323/2755 755/2114/1762 137/2115/1763
f 2981/3323/2755 2984/3324/2756 754/2113/1761 755/2114/1762
f 2984/3324/2756 2987/3327/2759 753/2111/1759 754/2113/1761
f 2987/3327/2759 1261/443/382 134/444/383 753/2111/1759
f 2986/3325/2757 1262/442/381 1261/443/382 2987/3327/2759
f 2985/3326/2758 1263/441/380 1262/442/381 2986/3325/2757
f 741/2086/1745 128/440/379 1263/441/380 2985/3326/2758
f 740/2090/1747 741/2086/1745 2985/3326/2758 2982/3322/2754
f 739/2088/1746 740/2090/1747 2982/3322/2754 2979/3319/2751
f 2988/3331/2760 2991/3334/2763 2992/3333/2762 2989/3332/2761
f 2989/3332/2761 2992/3333/2762 2993/3336/2765 2990/3335/2764
f 2991/3334/2763 2994/3338/2767 2995/3337/2766 2992/3333/2762
f 2992/3333/2762 2995/3337/2766 2996/3339/2768 2993/3336/2765
f 114/244/196 694/1970/1647 2988/3331/2760 1264/243/195
f 1264/243/195 2988/3331/2760 2989/3332/2761 1265/242/194
f 1265/242/194 2989/3332/2761 2990/3335/2764 1266/241/193
f 1266/241/193 2990/3335/2764 778/2167/1801 140/240/192
f 2990/3335/2764 2993/3336/2765 777/2174/1805 778/2167/1801
f 2993/3336/2765 2996/3339/2768 776/2172/1804 777/2174/1805
f 2996/3339/2768 1267/3340/2769 143/2173/1790 776/2172/1804
f 2995/3337/2766 1268/3341/2770 1267/3340/2769 2996/3339/2768
f 2994/3338/2767 1269/3342/2771 1268/3341/2770 2995/3337/2766
f 696/1973/1650 118/1974/1603 1269/3342/2771 2994/3338/2767
f 695/1972/1649 696/1973/1650 2994/3338/2767 2991/3334/2763
f 694/1970/1647 695/1972/1649 2991/3334/2763 2988/3331/2760
f 2997/3343/2772 3000/3346/2775 3001/3345/2774 2998/3344/2773
f 2998/3344/2773 3001/3345/2774 3002/3348/2777 2999/3347/2776
f 3000/3346/2775 3003/3350/2779 3004/3349/2778 3001/3345/2774
f 3001/3345/2774 3004/3349/2778 3005/3351/2780 3002/3348/2777
f 118/3352/1603 665/1925/1602 2997/3343/2772 1269/3353/2771
f 1269/3353/2771 2997/3343/2772 2998/3344/2773 1268/3354/2770
f 1268/3354/2770 2998/3344/2773 2999/3347/2776 1267/3355/2769
f 1267/3355/2769 2999/3347/2776 772/2155/1789 143/2156/1790
f 2999/3347/2776 3002/3348/2777 771/2154/1788 772/2155/1789
f 3002/3348/2777 3005/3351/2780 770/2152/1786 771/2154/1788
f 3005/3351/2780 1270/337/276 139/335/274 770/2152/1786
f 3004/3349/2778 1271/350/289 1270/337/276 3005/3351/2780
f 3003/3350/2779 1272/348/287 1271/350/289 3004/3349/2778
f 667/1911/1594 111/349/288 1272/348/287 3003/3350/2779
f 666/1922/1604 667/1911/1594 3003/3350/2779 3000/3346/2775
f 665/1925/1602 666/1922/1604 3000/3346/2775 2997/3343/2772
f 3006/3356/2781 3009/3359/2783 3010/3358/2782 3007/3357/2550
f 3007/3357/2550 3010/3358/2782 3011/3361/2785 3008/3360/2784
f 3009/3359/2783 3012/3363/2787 3013/3362/2786 3010/3358/2782
f 3010/3358/2782 3013/3362/2786 3014/3364/2788 3011/3361/2785
f 141/469/408 782/2179/1810 3006/3356/2781 1273/468/407
f 1273/468/407 3006/3356/2781 3007/3357/2550 1274/467/406
f 1274/467/406 3007/3357/2550 3008/3360/2784 1275/466/405
f 1275/466/405 3008/3360/2784 800/2216/1845 147/465/404
f 3008/3360/2784 3011/3361/2785 799/2223/1849 800/2216/1845
f 3011/3361/2785 3014/3364/2788 798/2221/1848 799/2223/1849
f 3014/3364/2788 1276/3365/2789 150/2222/1833 798/2221/1848
f 3013/3362/2786 1277/3366/2790 1276/3365/2789 3014/3364/2788
f 3012/3363/2787 1278/3367/2791 1277/3366/2790 3013/3362/2786
f 784/2182/1813 145/2183/1814 1278/3367/2791 3012/3363/2787
f 783/2181/1812 784/2182/1813 3012/3363/2787 3009/3359/2783
f 782/2179/1810 783/2181/1812 3009/3359/2783 3006/3356/2781
f 3015/3368/2792 3018/3371/2795 3019/3370/2794 3016/3369/2793
f 3016/3369/2793 3019/3370/2794 3020/3373/2797 3017/3372/2796
f 3018/3371/2795 3021/3375/2799 3022/3374/2798 3019/3370/2794
f 3019/3370/2794 3022/3374/2798 3023/3376/2800 3020/3373/2797
f 145/2194/1814 786/2193/1823 3015/3368/2792 1278/3377/2791
f 1278/3377/2791 3015/3368/2792 3016/3369/2793 1277/3378/2790
f 1277/3378/2790 3016/3369/2793 3017/3372/2796 1276/3379/2789
f 1276/3379/2789 3017/3372/2796 795/2203/1832 150/2204/1833
f 3017/3372/2796 3020/3373/2797 794/2202/1831 795/2203/1832
f 3020/3373/2797 3023/3376/2800 793/2199/1828 794/2202/1831
f 3023/3376/2800 1279/437/376 146/435/374 793/2199/1828
f 3022/3374/2798 1280/450/389 1279/437/376 3023/3376/2800
f 3021/3375/2799 1281/448/387 1280/450/389 3022/3374/2798
f 788/2190/1821 142/449/388 1281/448/387 3021/3375/2799
f 787/2195/1824 788/2190/1821 3021/3375/2799 3018/3371/2795
f 786/2193/1823 787/2195/1824 3018/3371/2795 3015/3368/2792
f 3024/3380/2801 3027/3383/2804 3028/3382/2803 3025/3381/2802
f 3025/3381/2802 3028/3382/2803 3029/3385/2806 3026/3384/2805
f 3027/3383/2804 3030/3387/2808 3031/3386/2807 3028/3382/2803
f 3028/3382/2803 3031/3386/2807 3032/3388/2809 3029/3385/2806
f 148/544/476 805/2229/1855 3024/3380/2801 1282/543/475
f 1282/543/475 3024/3380/2801 3025/3381/2802 1283/542/474
f 1283/542/474 3025/3381/2802 3026/3384/2805 1284/541/473
f 1284/541/473 3026/3384/2805 831/2278/1900 154/540/472
f 3026/3384/2805 3029/3385/2806 830/2285/1904 831/2278/1900
f 3029/3385/2806 3032/3388/2809 829/2283/1903 830/2285/1904
f 3032/3388/2809 1285/3389/2810 156/2284/1891 829/2283/1903
f 3031/3386/2807 1286/3390/2811 1285/3389/2810 3032/3388/2809
f 3030/3387/2808 1287/3391/2812 1286/3390/2811 3031/3386/2807
f 807/2232/1858 151/2233/1859 1287/3391/2812 3030/3387/2808
f 806/2231/1857 807/2232/1858 3030/3387/2808 3027/3383/2804
f 805/2229/1855 806/2231/1857 3027/3383/2804 3024/3380/2801
f 3033/3392/2813 3036/3395/2816 3037/3394/2815 3034/3393/2814
f 3034/3393/2814 3037/3394/2815 3038/3397/2818 3035/3396/2817
f 3036/3395/2816 3039/3399/2820 3040/3398/2819 3037/3394/2815
f 3037/3394/2815 3040/3398/2819 3041/3400/2821 3038/3397/2818
f 151/2244/1859 809/2243/1868 3033/3392/2813 1287/3401/2812
f 1287/3401/2812 3033/3392/2813 3034/3393/2814 1286/3402/2811
f 1286/3402/2811 3034/3393/2814 3035/3396/2817 1285/3403/2810
f 1285/3403/2810 3035/3396/2817 826/2268/1890 156/2269/1891
f 3035/3396/2817 3038/3397/2818 825/2267/1889 826/2268/1890
f 3038/3397/2818 3041/3400/2821 824/2265/1887 825/2267/1889
f 3041/3400/2821 1288/212/164 153/210/162 824/2265/1887
f 3040/3398/2819 1289/225/177 1288/212/164 3041/3400/2821
f 3039/3399/2820 1290/223/175 1289/225/177 3040/3398/2819
f 811/2240/1866 149/224/176 1290/223/175 3039/3399/2820
f 810/2245/1869 811/2240/1866 3039/3399/2820 3036/3395/2816
f 809/2243/1868 810/2245/1869 3036/3395/2816 3033/3392/2813
f 3042/3404/2822 3045/3407/2825 3046/3406/2824 3043/3405/2823
f 3043/3405/2823 3046/3406/2824 3047/3409/2827 3044/3408/2826
f 3045/3407/2825 3048/3411/2829 3049/3410/2828 3046/3406/2824
f 3046/3406/2824 3049/3410/2828 3050/3412/2830 3047/3409/2827
f 21/60/47 296/912/791 3042/3404/2822 1291/62/49
f 1291/62/49 3042/3404/2822 3043/3405/2823 1292/75/62
f 1292/75/62 3043/3405/2823 3044/3408/2826 1293/73/60
f 1293/73/60 3044/3408/2826 850/2319/1936 159/74/61
f 3044/3408/2826 3047/3409/2827 849/2329/1942 850/2319/1936
f 3047/3409/2827 3050/3412/2830 848/2327/1941 849/2329/1942
f 3050/3412/2830 1294/3413/2831 162/2328/1923 848/2327/1941
f 3049/3410/2828 1295/3414/2832 1294/3413/2831 3050/3412/2830
f 3048/3411/2829 1296/3415/2833 1295/3414/2832 3049/3410/2828
f 298/915/794 25/916/742 1296/3415/2833 3048/3411/2829
f 297/914/793 298/915/794 3048/3411/2829 3045/3407/2825
f 296/912/791 297/914/793 3045/3407/2825 3042/3404/2822
f 3051/3416/2834 3054/3419/2837 3055/3418/2836 3052/3417/2835
f 3052/3417/2835 3055/3418/2836 3056/3421/2839 3053/3420/2838
f 3054/3419/2837 3057/3423/2841 3058/3422/2840 3055/3418/2836
f 3055/3418/2836 3058/3422/2840 3059/3424/2842 3056/3421/2839
f 25/861/742 266/858/741 3051/3416/2834 1296/3425/2833
f 1296/3425/2833 3051/3416/2834 3052/3417/2835 1295/3426/2832
f 1295/3426/2832 3052/3417/2835 3053/3420/2838 1294/3427/2831
f 1294/3427/2831 3053/3420/2838 843/2305/1922 162/2306/1923
f 3053/3420/2838 3056/3421/2839 842/2304/1921 843/2305/1922
f 3056/3421/2839 3059/3424/2842 841/2302/1919 842/2304/1921
f 3059/3424/2842 1297/3428/2843 158/2301/1918 841/2302/1919
f 3058/3422/2840 1298/3429/2844 1297/3428/2843 3059/3424/2842
f 3057/3423/2841 1299/3430/2845 1298/3429/2844 3058/3422/2840
f 268/850/734 18/847/732 1299/3430/2845 3057/3423/2841
f 267/862/743 268/850/734 3057/3423/2841 3054/3419/2837
f 266/858/741 267/862/743 3054/3419/2837 3051/3416/2834
f 3060/3431/2846 3063/3434/2848 3064/3433/2847 3061/3432/2571
f 3061/3432/2571 3064/3433/2847 3065/3436/2850 3062/3435/2849
f 3063/3434/2848 3066/3438/2852 3067/3437/2851 3064/3433/2847
f 3064/3433/2847 3067/3437/2851 3068/3439/2853 3065/3436/2850
f 160/535/467 853/2333/1946 3060/3431/2846 1300/537/469
f 1300/537/469 3060/3431/2846 3061/3432/2571 1301/550/482
f 1301/550/482 3061/3432/2571 3062/3435/2849 1302/548/480
f 1302/548/480 3062/3435/2849 871/2373/1984 167/549/481
f 3062/3435/2849 3065/3436/2850 870/2383/1990 871/2373/1984
f 3065/3436/2850 3068/3439/2853 869/2381/1989 870/2383/1990
f 3068/3439/2853 1303/3440/2854 170/2382/1969 869/2381/1989
f 3067/3437/2851 1304/3441/2855 1303/3440/2854 3068/3439/2853
f 3066/3438/2852 1305/3442/2856 1304/3441/2855 3067/3437/2851
f 855/2336/1949 164/2337/1950 1305/3442/2856 3066/3438/2852
f 854/2335/1948 855/2336/1949 3066/3438/2852 3063/3434/2848
f 853/2333/1946 854/2335/1948 3063/3434/2848 3060/3431/2846
f 3069/3443/2857 3072/3446/2860 3073/3445/2859 3070/3444/2858
f 3070/3444/2858 3073/3445/2859 3074/3448/2862 3071/3447/2861
f 3072/3446/2860 3075/3450/2864 3076/3449/2863 3073/3445/2859
f 3073/3445/2859 3076/3449/2863 3077/3451/2865 3074/3448/2862
f 164/2346/1950 858/2345/1957 3069/3443/2857 1305/3452/2856
f 1305/3452/2856 3069/3443/2857 3070/3444/2858 1304/3453/2855
f 1304/3453/2855 3070/3444/2858 3071/3447/2861 1303/3454/2854
f 1303/3454/2854 3071/3447/2861 866/2357/1968 170/2358/1969
f 3071/3447/2861 3074/3448/2862 865/2356/1967 866/2357/1968
f 3074/3448/2862 3077/3451/2865 864/2354/1965 865/2356/1967
f 3077/3451/2865 1306/518/451 166/519/452 864/2354/1965
f 3076/3449/2863 1307/517/450 1306/518/451 3077/3451/2865
f 3075/3450/2864 1308/516/449 1307/517/450 3076/3449/2863
f 860/2343/1956 161/515/448 1308/516/449 3075/3450/2864
f 859/2347/1958 860/2343/1956 3075/3450/2864 3072/3446/2860
f 858/2345/1957 859/2347/1958 3072/3446/2860 3069/3443/2857
f 3078/3455/2866 3081/3458/2869 3082/3457/2868 3079/3456/2867
f 3079/3456/2867 3082/3457/2868 3083/3460/2871 3080/3459/2870
f 3081/3458/2869 3084/3462/2873 3085/3461/2872 3082/3457/2868
f 3082/3457/2868 3085/3461/2872 3086/3463/2874 3083/3460/2871
f 168/460/399 875/2387/1994 3078/3455/2866 1309/462/401
f 1309/462/401 3078/3455/2866 3079/3456/2867 1310/475/414
f 1310/475/414 3079/3456/2867 3080/3459/2870 1311/473/412
f 1311/473/412 3080/3459/2870 900/2433/2035 174/474/413
f 3080/3459/2870 3083/3460/2871 899/2442/2041 900/2433/2035
f 3083/3460/2871 3086/3463/2874 898/2440/2040 899/2442/2041
f 3086/3463/2874 1312/3464/2875 178/2441/2026 898/2440/2040
f 3085/3461/2872 1313/3465/2876 1312/3464/2875 3086/3463/2874
f 3084/3462/2873 1314/3466/2877 1313/3465/2876 3085/3461/2872
f 877/2390/1997 171/2391/1998 1314/3466/2877 3084/3462/2873
f 876/2389/1996 877/2390/1997 3084/3462/2873 3081/3458/2869
f 875/2387/1994 876/2389/1996 3081/3458/2869 3078/3455/2866
f 3087/3467/2878 3090/3470/2881 3091/3469/2880 3088/3468/2879
f 3088/3468/2879 3091/3469/2880 3092/3472/2883 3089/3471/2882
f 3090/3470/2881 3093/3474/2885 3094/3473/2884 3091/3469/2880
f 3091/3469/2880 3094/3473/2884 3095/3475/2886 3092/3472/2883
f 171/2401/1998 880/2400/2006 3087/3467/2878 1314/3476/2877
f 1314/3476/2877 3087/3467/2878 3088/3468/2879 1313/3477/2876
f 1313/3477/2876 3088/3468/2879 3089/3471/2882 1312/3478/2875
f 1312/3478/2875 3089/3471/2882 896/2423/2025 178/2424/2026
f 3089/3471/2882 3092/3472/2883 895/2422/2024 896/2423/2025
f 3092/3472/2883 3095/3475/2886 894/2420/2023 895/2422/2024
f 3095/3475/2886 1315/593/520 173/594/521 894/2420/2023
f 3094/3473/2884 1316/592/519 1315/593/520 3095/3475/2886
f 3093/3474/2885 1317/591/518 1316/592/519 3094/3473/2884
f 882/2398/2005 169/590/517 1317/591/518 3093/3474/2885
f 881/2402/2007 882/2398/2005 3093/3474/2885 3090/3470/2881
f 880/2400/2006 881/2402/2007 3090/3470/2881 3087/3467/2878
f 3096/3479/2887 3099/3482/2890 3100/3481/2889 3097/3480/2888
f 3097/3480/2888 3100/3481/2889 3101/3484/2892 3098/3483/2891
f 3099/3482/2890 3102/3486/2894 3103/3485/2893 3100/3481/2889
f 3100/3481/2889 3103/3485/2893 3104/3487/2895 3101/3484/2892
f 98/319/258 629/1806/1511 3096/3479/2887 1318/318/257
f 1318/318/257 3096/3479/2887 3097/3480/2888 1319/317/256
f 1319/317/256 3097/3480/2888 3098/3483/2891 1320/316/255
f 1320/316/255 3098/3483/2891 918/2472/2069 181/315/254
f 3098/3483/2891 3101/3484/2892 917/2479/2073 918/2472/2069
f 3101/3484/2892 3104/3487/2895 916/2477/2072 917/2479/2073
f 3104/3487/2895 1321/3488/2896 184/2478/2058 916/2477/2072
f 3103/3485/2893 1322/3489/2897 1321/3488/2896 3104/3487/2895
f 3102/3486/2894 1323/3490/2898 1322/3489/2897 3103/3485/2893
f 631/1809/1514 102/1810/1463 1323/3490/2898 3102/3486/2894
f 630/1808/1513 631/1809/1514 3102/3486/2894 3099/3482/2890
f 629/1806/1511 630/1808/1513 3099/3482/2890 3096/3479/2887
f 3105/3491/2899 3108/3494/2902 3109/3493/2901 3106/3492/2900
f 3106/3492/2900 3109/3493/2901 3110/3496/2904 3107/3495/2903
f 3108/3494/2902 3111/3498/2906 3112/3497/2905 3109/3493/2901
f 3109/3493/2901 3112/3497/2905 3113/3499/2907 3110/3496/2904
f 102/3500/1463 599/1756/1462 3105/3491/2899 1323/3501/2898
f 1323/3501/2898 3105/3491/2899 3106/3492/2900 1322/3502/2897
f 1322/3502/2897 3106/3492/2900 3107/3495/2903 1321/3503/2896
f 1321/3503/2896 3107/3495/2903 913/2460/2057 184/2461/2058
f 3107/3495/2903 3110/3496/2904 912/2459/2056 913/2460/2057
f 3110/3496/2904 3113/3499/2907 911/2457/2054 912/2459/2056
f 3113/3499/2907 1324/162/125 180/160/123 911/2457/2054
f 3112/3497/2905 1325/175/138 1324/162/125 3113/3499/2907
f 3111/3498/2906 1326/173/136 1325/175/138 3112/3497/2905
f 601/1742/1454 95/174/137 1326/173/136 3111/3498/2906
f 600/1753/1464 601/1742/1454 3111/3498/2906 3108/3494/2902
f 599/1756/1462 600/1753/1464 3108/3494/2902 3105/3491/2899
f 3114/3504/2908 3117/3507/2910 3118/3506/2909 3115/3505/2592
f 3115/3505/2592 3118/3506/2909 3119/3509/2912 3116/3508/2911
f 3117/3507/2910 3120/3511/2914 3121/3510/2913 3118/3506/2909
f 3118/3506/2909 3121/3510/2913 3122/3512/2915 3119/3509/2912
f 182/669/583 924/2485/2079 3114/3504/2908 1327/668/582
f 1327/668/582 3114/3504/2908 3115/3505/2592 1328/667/581
f 1328/667/581 3115/3505/2592 3116/3508/2911 1329/666/580
f 1329/666/580 3116/3508/2911 941/2525/2117 188/665/579
f 3116/3508/2911 3119/3509/2912 940/2531/2120 941/2525/2117
f 3119/3509/2912 3122/3512/2915 939/2529/2119 940/2531/2120
f 3122/3512/2915 1330/3513/2916 191/2530/2105 939/2529/2119
f 3121/3510/2913 1331/3514/2917 1330/3513/2916 3122/3512/2915
f 3120/3511/2914 1332/3515/2918 1331/3514/2917 3121/3510/2913
f 926/2488/2082 186/2489/2083 1332/3515/2918 3120/3511/2914
f 925/2487/2081 926/2488/2082 3120/3511/2914 3117/3507/2910
f 924/2485/2079 925/2487/2081 3117/3507/2910 3114/3504/2908
f 3123/3516/2919 3126/3519/2922 3127/3518/2921 3124/3517/2920
f 3124/3517/2920 3127/3518/2921 3128/3521/2924 3125/3520/2923
f 3126/3519/2922 3129/3523/2926 3130/3522/2925 3127/3518/2921
f 3127/3518/2921 3130/3522/2925 3131/3524/2927 3128/3521/2924
f 186/2501/2083 928/2500/2093 3123/3516/2919 1332/3525/2918
f 1332/3525/2918 3123/3516/2919 3124/3517/2920 1331/3526/2917
f 1331/3526/2917 3124/3517/2920 3125/3520/2923 1330/3527/2916
f 1330/3527/2916 3125/3520/2923 936/2512/2104 191/2513/2105
f 3125/3520/2923 3128/3521/2924 935/2511/2103 936/2512/2104
f 3128/3521/2924 3131/3524/2927 934/2509/2101 935/2511/2103
f 3131/3524/2927 1333/587/514 187/585/512 934/2509/2101
f 3130/3522/2925 1334/600/527 1333/587/514 3131/3524/2927
f 3129/3523/2926 1335/598/525 1334/600/527 3130/3522/2925
f 930/2498/2092 183/599/526 1335/598/525 3129/3523/2926
f 929/2502/2094 930/2498/2092 3129/3523/2926 3126/3519/2922
f 928/2500/2093 929/2502/2094 3126/3519/2922 3123/3516/2919
f 3132/3528/2928 3135/3531/2931 3136/3530/2930 3133/3529/2929
f 3133/3529/2929 3136/3530/2930 3137/3533/2933 3134/3532/2932
f 3135/3531/2931 3138/3535/2935 3139/3534/2934 3136/3530/2930
f 3136/3530/2930 3139/3534/2934 3140/3536/2936 3137/3533/2933
f 189/644/558 947/2537/2126 3132/3528/2928 1336/643/557
f 1336/643/557 3132/3528/2928 3133/3529/2929 1337/642/556
f 1337/642/556 3133/3529/2929 3134/3532/2932 1338/641/555
f 1338/641/555 3134/3532/2932 970/2591/2177 195/640/554
f 3134/3532/2932 3137/3533/2933 969/2598/2181 970/2591/2177
f 3137/3533/2933 3140/3536/2936 968/2596/2180 969/2598/2181
f 3140/3536/2936 1339/3537/2937 198/2597/2168 968/2596/2180
f 3139/3534/2934 1340/3538/2938 1339/3537/2937 3140/3536/2936
f 3138/3535/2935 1341/3539/2939 1340/3538/2938 3139/3534/2934
f 949/2540/2129 192/2541/2130 1341/3539/2939 3138/3535/2935
f 948/2539/2128 949/2540/2129 3138/3535/2935 3135/3531/2931
f 947/2537/2126 948/2539/2128 3135/3531/2931 3132/3528/2928
f 3141/3540/2940 3144/3543/2943 3145/3542/2942 3142/3541/2941
f 3142/3541/2941 3145/3542/2942 3146/3545/2945 3143/3544/2944
f 3144/3543/2943 3147/3547/2947 3148/3546/2946 3145/3542/2942
f 3145/3542/2942 3148/3546/2946 3149/3548/2948 3146/3545/2945
f 192/2556/2130 952/2555/2142 3141/3540/2940 1341/3549/2939
f 1341/3549/2939 3141/3540/2940 3142/3541/2941 1340/3550/2938
f 1340/3550/2938 3142/3541/2941 3143/3544/2944 1339/3551/2937
f 1339/3551/2937 3143/3544/2944 965/2581/2167 198/2582/2168
f 3143/3544/2944 3146/3545/2945 964/2580/2166 965/2581/2167
f 3146/3545/2945 3149/3548/2948 963/2578/2164 964/2580/2166
f 3149/3548/2948 1342/512/445 194/510/443 963/2578/2164
f 3148/3546/2946 1343/525/457 1342/512/445 3149/3548/2948
f 3147/3547/2947 1344/523/455 1343/525/457 3148/3546/2946
f 954/2551/2140 190/524/456 1344/523/455 3147/3547/2947
f 953/2557/2143 954/2551/2140 3147/3547/2947 3144/3543/2943
f 952/2555/2142 953/2557/2143 3144/3543/2943 3141/3540/2940
f 3150/3552/2949 3153/3555/2952 3154/3554/2951 3151/3553/2950
f 3151/3553/2950 3154/3554/2951 3155/3557/2954 3152/3556/2953
f 195/640/554 971/2590/2176 3150/3552/2949 1345/639/553
f 1345/639/553 3150/3552/2949 3151/3553/2950 1346/638/552
f 1346/638/552 3151/3553/2950 3152/3556/2953 1347/636/550
f 1347/636/550 3152/3556/2953 710/2026/1690 121/635/549
f 3152/3556/2953 3155/3557/2954 709/2012/1680 710/2026/1690
f 971/2590/2176 972/2592/2178 3153/3555/2952 3150/3552/2949
f 3156/3558/2955 3159/3560/2957 3157/3559/2956
f 3157/3559/2956 3161/3562/2959 3158/3561/2958
f 3159/3560/2957 3160/3563/2960 3157/3559/2956
f 3157/3559/2956 3160/3563/2960 3161/3562/2959
f 972/2592/2178 973/2609/2190 3156/3558/2955 3153/3555/2952
f 3153/3555/2952 3156/3558/2955 3157/3559/2956 3154/3554/2951
f 3154/3554/2951 3157/3559/2956 3158/3561/2958 3155/3557/2954
f 3155/3557/2954 3158/3561/2958 708/2011/1679 709/2012/1680
f 3158/3561/2958 3161/3562/2959 707/2009/1677 708/2011/1679
f 3161/3562/2959 1348/22/22 120/24/24 707/2009/1677
f 3160/3563/2960 1349/21/21 1348/22/22 3161/3562/2959
f 3159/3560/2957 1350/20/20 1349/21/21 3160/3563/2960
f 974/2604/2187 196/19/19 1350/20/20 3159/3560/2957
f 973/2609/2190 974/2604/2187 3159/3560/2957 3156/3558/2955
f 3162/3564/2961 1356/3567/2964 1355/3566/2963 3163/3565/2962
f 3163/3565/2962 1355/3566/2963 1354/3569/220 3164/3568/2965
f 188/665/579 942/2524/2116 3162/3564/2961 1351/664/578
f 1351/664/578 3162/3564/2961 3163/3565/2962 1352/663/577
f 1352/663/577 3163/3565/2962 3164/3568/2965 1353/661/575
f 1353/661/575 3164/3568/2965 734/2077/1736 127/660/574
f 3164/3568/2965 1354/3569/220 131/2065/1727 734/2077/1736
f 943/2526/2118 1356/3567/2964 3162/3564/2961
f 942/2524/2116 943/2526/2118 3162/3564/2961
f 1356/3567/2964 3167/3571/2967 3165/3570/2966 1355/3566/2963
f 1355/3566/2963 3165/3570/2966 3166/3572/2968 1354/3569/220
f 943/2526/2118 945/2544/2133 1356/3567/2964
f 1354/3569/220 3166/3572/2968 732/2063/1725 131/2065/1727
f 3166/3572/2968 1357/647/561 126/649/563 732/2063/1725
f 3165/3570/2966 1358/646/560 1357/647/561 3166/3572/2968
f 3167/3571/2967 1359/645/559 1358/646/560 3165/3570/2966
f 946/2538/2127 189/644/558 1359/645/559 3167/3571/2967
f 945/2544/2133 946/2538/2127 3167/3571/2967
f 945/2544/2133 3167/3571/2967 1356/3567/2964
f 3168/3573/2969 3171/3576/2952 3172/3575/2951 3169/3574/2950
f 3169/3574/2950 3172/3575/2951 3173/3578/2970 3170/3577/2953
f 181/315/254 919/2471/2068 3168/3573/2969 1360/314/253
f 1360/314/253 3168/3573/2969 3169/3574/2950 1361/313/252
f 1361/313/252 3169/3574/2950 3170/3577/2953 1362/311/250
f 1362/311/250 3170/3577/2953 764/2142/1778 136/310/249
f 3170/3577/2953 3173/3578/2970 763/2128/1680 764/2142/1778
f 919/2471/2068 920/2473/2070 3171/3576/2952 3168/3573/2969
f 3174/3579/2971 3177/3582/2957 3178/3581/2973 3175/3580/2972
f 3175/3580/2972 3178/3581/2973 3179/3584/2959 3176/3583/2974
f 920/2473/2070 922/2491/2085 3174/3579/2971 3171/3576/2952
f 3171/3576/2952 3174/3579/2971 3175/3580/2972 3172/3575/2951
f 3172/3575/2951 3175/3580/2972 3176/3583/2974 3173/3578/2970
f 3173/3578/2970 3176/3583/2974 762/2127/1679 763/2128/1680
f 3176/3583/2974 3179/3584/2959 761/2125/1677 762/2127/1679
f 3179/3584/2959 1363/672/586 135/674/588 761/2125/1677
f 3178/3581/2973 1364/671/585 1363/672/586 3179/3584/2959
f 3177/3582/2957 1365/670/584 1364/671/585 3178/3581/2973
f 923/2486/2080 182/669/583 1365/670/584 3177/3582/2957
f 922/2491/2085 923/2486/2080 3177/3582/2957 3174/3579/2971
f 3180/3585/2975 3183/3588/2978 1370/3587/2977 3181/3586/2976
f 3181/3586/2976 1370/3587/2977 1369/3590/2980 3182/3589/2979
f 154/540/472 832/2277/1899 3180/3585/2975 1366/539/471
f 1366/539/471 3180/3585/2975 3181/3586/2976 1367/538/470
f 1367/538/470 3181/3586/2976 3182/3589/2979 1368/536/468
f 1368/536/468 3182/3589/2979 852/2334/1947 160/535/467
f 3182/3589/2979 1369/3590/2980 163/2320/1937 852/2334/1947
f 3183/3588/2978 3184/3591/2981 1370/3587/2977
f 833/2279/1901 3184/3591/2981 3183/3588/2978
f 832/2277/1899 833/2279/1901 3183/3588/2978 3180/3585/2975
f 3184/3591/2981 3185/3592/2982 1370/3587/2977
f 1370/3587/2977 3185/3592/2982 3186/3593/2983 1369/3590/2980
f 3184/3591/2981 3187/3594/2984 3185/3592/2982
f 833/2279/1901 836/2290/1909 3184/3591/2981
f 1369/3590/2980 3186/3593/2983 851/2318/1935 163/2320/1937
f 3186/3593/2983 1371/72/59 159/74/61 851/2318/1935
f 3185/3592/2982 1372/71/58 1371/72/59 3186/3593/2983
f 3187/3594/2984 1373/70/57 1372/71/58 3185/3592/2982
f 836/2290/1909 155/69/56 1373/70/57 3187/3594/2984
f 836/2290/1909 3187/3594/2984 3184/3591/2981
f 3188/3595/2985 3191/3598/2988 3192/3597/2987 3189/3596/2986
f 3189/3596/2986 3192/3597/2987 3193/3600/2990 3190/3599/2989
f 147/465/404 801/2215/1844 3188/3595/2985 1374/464/403
f 1374/464/403 3188/3595/2985 3189/3596/2986 1375/463/402
f 1375/463/402 3189/3596/2986 3190/3599/2989 1376/461/400
f 1376/461/400 3190/3599/2989 874/2388/1995 168/460/399
f 3190/3599/2989 3193/3600/2990 873/2374/1985 874/2388/1995
f 3191/3598/2988 3194/3601/2991 3192/3597/2987
f 802/2217/1846 3194/3601/2991 3191/3598/2988
f 801/2215/1844 802/2217/1846 3191/3598/2988 3188/3595/2985
f 3194/3601/2991 3197/3603/2993 3195/3602/2992
f 3195/3602/2992 3199/3605/2995 3196/3604/2994
f 3197/3603/2993 3198/3606/2996 3195/3602/2992
f 3195/3602/2992 3198/3606/2996 3199/3605/2995
f 802/2217/1846 804/2230/1856 3194/3601/2991
f 3194/3601/2991 3195/3602/2992 3192/3597/2987
f 3192/3597/2987 3195/3602/2992 3196/3604/2994 3193/3600/2990
f 3193/3600/2990 3196/3604/2994 872/2372/1983 873/2374/1985
f 3196/3604/2994 3199/3605/2995 872/2372/1983
f 3199/3605/2995 1377/547/479 167/549/481 872/2372/1983
f 3198/3606/2996 1378/546/478 1377/547/479 3199/3605/2995
f 3197/3603/2993 1379/545/477 1378/546/478 3198/3606/2996
f 804/2230/1856 148/544/476 1379/545/477 3197/3603/2993
f 804/2230/1856 3197/3603/2993 3194/3601/2991
f 3200/3607/2997 3204/3609/2999 3201/3608/2998
f 3201/3608/2998 3204/3609/2999 3202/3610/3000
f 3200/3607/2997 3203/3611/3001 3204/3609/2999
f 3204/3609/2999 1383/3612/3002 3202/3610/3000
f 140/240/192 779/2166/1800 3200/3607/2997 1380/239/191
f 1380/239/191 3200/3607/2997 3201/3608/2998 1381/238/190
f 1381/238/190 3201/3608/2998 3202/3610/3000 1382/236/188
f 1382/236/188 3202/3610/3000 905/2447/2046 175/235/187
f 3202/3610/3000 1383/3612/3002 904/2435/2037 905/2447/2046
f 779/2166/1800 780/2168/1802 3203/3611/3001 3200/3607/2997
f 3206/3613/3003 3207/3614/3004 1383/3612/3002
f 3205/3615/3005 3208/3617/3007 3209/3616/3006 3206/3613/3003
f 3206/3613/3003 3209/3616/3006 3207/3614/3004
f 780/2168/1802 781/2180/1811 3205/3615/3005 3203/3611/3001
f 3203/3611/3001 3205/3615/3005 3206/3613/3003 3204/3609/2999
f 3204/3609/2999 3206/3613/3003 1383/3612/3002
f 1383/3612/3002 902/2434/2036 904/2435/2037
f 1383/3612/3002 3207/3614/3004 902/2434/2036
f 3207/3614/3004 901/2432/2034 902/2434/2036
f 3207/3614/3004 1384/472/411 174/474/413 901/2432/2034
f 3209/3616/3006 1385/471/410 1384/472/411 3207/3614/3004
f 3208/3617/3007 1386/470/409 1385/471/410 3209/3616/3006
f 781/2180/1811 141/469/408 1386/470/409 3208/3617/3007
f 781/2180/1811 3208/3617/3007 3205/3615/3005
f 3212/3618/3008 1390/3620/3010 3210/3619/3009
f 161/515/448 861/2342/1955 3211/3621/3011 1387/514/447
f 1387/514/447 3211/3621/3011 3212/3618/3008 1388/513/446
f 1388/513/446 3212/3618/3008 3210/3619/3009 1389/511/444
f 1389/511/444 3210/3619/3009 962/2579/2165 194/510/443
f 3210/3619/3009 1390/3620/3010 197/2566/2152 962/2579/2165
f 3212/3618/3008 1391/3622/317 1390/3620/3010
f 3211/3621/3011 1392/3623/3012 1391/3622/317 3212/3618/3008
f 861/2342/1955 165/2311/1928 1392/3623/3012 3211/3621/3011
f 1392/3623/3012 3213/3625/3014 3214/3624/3013 1391/3622/317
f 1391/3622/317 3214/3624/3013 3215/3626/3015 1390/3620/3010
f 1390/3620/3010 3215/3626/3015 960/2564/2150 197/2566/2152
f 3215/3626/3015 1393/3627/3016 193/2563/2149 960/2564/2150
f 3214/3624/3013 1394/3628/3017 1393/3627/3016 3215/3626/3015
f 3213/3625/3014 1395/3629/3018 1394/3628/3017 3214/3624/3013
f 840/2303/1920 158/2301/1918 1395/3629/3018 3213/3625/3014
f 165/2311/1928 840/2303/1920 3213/3625/3014 1392/3623/3012
f 3216/3630/3019 3219/3632/3021 3218/3631/3020
f 3218/3631/3020 3220/3634/3023 3217/3633/3022
f 169/590/517 883/2397/2004 3216/3630/3019 1396/589/516
f 1396/589/516 3216/3630/3019 3218/3631/3020 1397/588/515
f 1397/588/515 3218/3631/3020 3217/3633/3022 1398/586/513
f 1398/586/513 3217/3633/3022 933/2510/2102 187/585/512
f 3217/3633/3022 3220/3634/3023 932/2517/2109 933/2510/2102
f 3218/3631/3020 1399/3635/3024 3220/3634/3023
f 3219/3632/3021 1399/3635/3024 3218/3631/3020
f 883/2397/2004 884/2365/1976 3219/3632/3021 3216/3630/3019
f 3221/3636/3025 3224/3638/3027 3222/3637/3026
f 884/2365/1976 862/2364/1975 3221/3636/3025 3219/3632/3021
f 3219/3632/3021 3221/3636/3025 3222/3637/3026 1399/3635/3024
f 1399/3635/3024 3222/3637/3026 3223/3639/3028 3220/3634/3023
f 3220/3634/3023 3223/3639/3028 956/2552/2141 932/2517/2109
f 3223/3639/3028 955/2550/2139 956/2552/2141
f 3223/3639/3028 1400/522/454 190/524/456 955/2550/2139
f 3222/3637/3026 1401/521/446 1400/522/454 3223/3639/3028
f 3224/3638/3027 1402/520/453 1401/521/446 3222/3637/3026
f 863/2355/1966 166/519/452 1402/520/453 3224/3638/3027
f 862/2364/1975 863/2355/1966 3224/3638/3027 3221/3636/3025
f 3225/3640/3011 1408/3643/3012 1407/3642/3030 3226/3641/3029
f 3226/3641/3029 1407/3642/3030 3227/3644/3031
f 172/165/128 888/2409/2014 3225/3640/3011 1403/164/127
f 1403/164/127 3225/3640/3011 3226/3641/3029 1404/163/126
f 1404/163/126 3226/3641/3029 3227/3644/3031 1405/161/124
f 1405/161/124 3227/3644/3031 910/2458/2055 180/160/123
f 3227/3644/3031 909/2465/2062 910/2458/2055
f 3227/3644/3031 1406/3645/3032 909/2465/2062
f 1407/3642/3030 1406/3645/3032 3227/3644/3031
f 888/2409/2014 176/2411/1928 1408/3643/3012 3225/3640/3011
f 1408/3643/3012 3228/3647/3014 3229/3646/3033 1407/3642/3030
f 1407/3642/3030 3229/3646/3033 3230/3648/3034
f 1407/3642/3030 3230/3648/3034 1406/3645/3032
f 1406/3645/3032 3230/3648/3034 931/2497/2091 909/2465/2062
f 3230/3648/3034 1409/597/524 183/599/526 931/2497/2091
f 3229/3646/3033 1410/596/523 1409/597/524 3230/3648/3034
f 3228/3647/3014 1411/595/522 1410/596/523 3229/3646/3033
f 893/2421/1920 173/594/521 1411/595/522 3228/3647/3014
f 176/2411/1928 893/2421/1920 3228/3647/3014 1408/3643/3012
f 3231/3649/3035 3234/3652/3038 3235/3651/3037 3232/3650/3036
f 3232/3650/3036 3235/3651/3037 3236/3654/3040 3233/3653/3039
f 122/215/167 719/2035/1699 3231/3649/3035 1412/214/166
f 1412/214/166 3231/3649/3035 3232/3650/3036 1413/213/165
f 1413/213/165 3232/3650/3036 3233/3653/3039 1414/211/163
f 1414/211/163 3233/3653/3039 823/2266/1888 153/210/162
f 3233/3653/3039 3236/3654/3040 822/2255/1877 823/2266/1888
f 719/2035/1699 720/2002/1670 3234/3652/3038 3231/3649/3035
f 3237/3655/3041 3240/3657/3043 3239/3656/3042
f 3239/3656/3042 3241/3659/3045 3238/3658/3044
f 720/2002/1670 697/2001/1669 3237/3655/3041 3234/3652/3038
f 3234/3652/3038 3237/3655/3041 3239/3656/3042 3235/3651/3037
f 3235/3651/3037 3239/3656/3042 3238/3658/3044 3236/3654/3040
f 3236/3654/3040 3238/3658/3044 818/2254/1822 822/2255/1877
f 3238/3658/3044 3241/3659/3045 817/2252/1820 818/2254/1822
f 3241/3659/3045 1415/422/361 152/424/363 817/2252/1820
f 3239/3656/3042 1416/421/360 1415/422/361 3241/3659/3045
f 3240/3657/3043 1417/420/359 1416/421/360 3239/3656/3042
f 698/1992/1660 119/419/358 1417/420/359 3240/3657/3043
f 698/1992/1660 3240/3657/3043 3237/3655/3041
f 697/2001/1669 698/1992/1660 3237/3655/3041
f 3243/3660/3046 1422/3663/3049 1421/3662/3048 3244/3661/3047
f 3244/3661/3047 1421/3662/3048 3245/3665/3051 3242/3664/3050
f 128/440/379 742/2085/1744 3243/3660/3046 1418/439/378
f 1418/439/378 3243/3660/3046 3244/3661/3047 1419/438/377
f 1419/438/377 3244/3661/3047 3242/3664/3050 1420/436/375
f 1420/436/375 3242/3664/3050 792/2201/1830 146/435/374
f 3242/3664/3050 3245/3665/3051 791/2209/1838 792/2201/1830
f 743/2056/1718 1422/3663/3049 3243/3660/3046
f 742/2085/1744 743/2056/1718 3243/3660/3046
f 1422/3663/3049 3247/3667/3053 3248/3666/3052 1421/3662/3048
f 1421/3662/3048 3248/3666/3052 3249/3669/3055 3246/3668/3054
f 743/2056/1718 721/2055/1717 1422/3663/3049
f 1421/3662/3048 3246/3668/3054 3245/3665/3051
f 3245/3665/3051 3246/3668/3054 813/2241/1867 791/2209/1838
f 3246/3668/3054 3249/3669/3055 812/2239/1865 813/2241/1867
f 3249/3669/3055 1423/222/174 149/224/176 812/2239/1865
f 3248/3666/3052 1424/221/173 1423/222/174 3249/3669/3055
f 3247/3667/3053 1425/220/172 1424/221/173 3248/3666/3052
f 722/2048/1710 125/219/171 1425/220/172 3247/3667/3053
f 721/2055/1717 722/2048/1710 3247/3667/3053
f 721/2055/1717 3247/3667/3053 1422/3663/3049
f 3250/3670/3035 3253/3673/3057 3254/3672/3056 3251/3671/3036
f 3251/3671/3036 3254/3672/3056 3255/3675/3058 3252/3674/3039
f 133/340/279 747/2097/1699 3250/3670/3035 1426/339/278
f 1426/339/278 3250/3670/3035 3251/3671/3036 1427/338/277
f 1427/338/277 3251/3671/3036 3252/3674/3039 1428/336/275
f 1428/336/275 3252/3674/3039 769/2153/1787 139/335/274
f 3252/3674/3039 3255/3675/3058 768/2160/1794 769/2153/1787
f 747/2097/1699 748/2099/1670 3253/3673/3057 3250/3670/3035
f 3256/3676/3059 3259/3678/3061 3257/3677/3060
f 3259/3678/3061 3260/3679/3062 3257/3677/3060
f 3257/3677/3060 3260/3679/3062 3261/3681/3064 3258/3680/3063
f 748/2099/1670 751/2118/1766 3256/3676/3059 3253/3673/3057
f 3253/3673/3057 3256/3676/3059 3257/3677/3060 3254/3672/3056
f 3254/3672/3056 3257/3677/3060 3258/3680/3063 3255/3675/3058
f 3255/3675/3058 3258/3680/3063 790/2191/1822 768/2160/1794
f 3258/3680/3063 3261/3681/3064 789/2189/1820 790/2191/1822
f 3261/3681/3064 1429/447/386 142/449/388 789/2189/1820
f 3260/3679/3062 1430/446/385 1429/447/386 3261/3681/3064
f 3259/3678/3061 1431/445/384 1430/446/385 3260/3679/3062
f 752/2112/1760 134/444/383 1431/445/384 3259/3678/3061
f 751/2118/1766 752/2112/1760 3259/3678/3061 3256/3676/3059
f 3262/3682/3065 3265/3685/3068 3266/3684/3067 3263/3683/3066
f 3263/3683/3066 3266/3684/3067 3267/3687/3070 3264/3686/3069
f 3265/3685/3068 3268/3689/3072 3269/3688/3071 3266/3684/3067
f 3266/3684/3067 3269/3688/3071 3270/3690/3073 3267/3687/3070
f 1/682/596 1198/3160/2613 3262/3682/3065 1006/2694/2258
f 1006/2694/2258 3262/3682/3065 3263/3683/3066 1005/2689/2253
f 1005/2689/2253 3263/3683/3066 3264/3686/3069 1004/2693/2257
f 1004/2693/2257 3264/3686/3069 1299/3430/2845 18/847/732
f 3264/3686/3069 3267/3687/3070 1298/3429/2844 1299/3430/2845
f 3267/3687/3070 3270/3690/3073 1297/3428/2843 1298/3429/2844
f 3270/3690/3073 1395/3629/3018 158/2301/1918 1297/3428/2843
f 3269/3688/3071 1394/3628/3017 1395/3629/3018 3270/3690/3073
f 3268/3689/3072 1393/3627/3016 1394/3628/3017 3269/3688/3071
f 1200/3162/2615 193/2563/2149 1393/3627/3016 3268/3689/3072
f 1199/3161/2614 1200/3162/2615 3268/3689/3072 3265/3685/3068
f 1198/3160/2613 1199/3161/2614 3265/3685/3068 3262/3682/3065
f 3793/3691/3074 4445/3694/3077 4443/3693/3076 3788/3692/3075
f 3788/3692/3075 4443/3693/3076 4444/3696/3079 3789/3695/3078
f 3639/3697/3080 3647/3699/3082 3793/3691/3074 4003/3698/3081
f 4003/3698/3081 3793/3691/3074 3788/3692/3075
f 3789/3695/3078 3652/3701/3084 3644/3700/3083
f 3789/3695/3078 4444/3696/3079 3439/3702/3085 3652/3701/3084
f 3647/3699/3082 3422/3703/3086 4445/3694/3077 3793/3691/3074
f 3795/3704/3087 3818/3707/3090 3794/3706/3089 3796/3705/3088
f 3797/3708/3091 3796/3705/3088 3794/3706/3089 3798/3709/3092
f 3799/3710/3093 3798/3709/3092 3794/3706/3089 3800/3711/3094
f 3801/3712/3095 3800/3711/3094 3794/3706/3089 3802/3713/3096
f 3803/3714/3097 3802/3713/3096 3794/3706/3089 3804/3715/3098
f 3805/3716/3099 3804/3715/3098 3794/3706/3089 3806/3717/3100
f 3807/3718/3101 3806/3717/3100 3794/3706/3089 3808/3719/3102
f 3809/3720/3103 3808/3719/3102 3794/3706/3089 3810/3721/3104
f 3811/3722/3103 3810/3721/3104 3794/3706/3089 3812/3723/3102
f 3813/3724/3105 3812/3723/3102 3794/3706/3089 3814/3725/3106
f 3815/3726/3107 3814/3725/3106 3794/3706/3089 3816/3727/3108
f 3817/3728/3109 3816/3727/3108 3794/3706/3089 3818/3707/3090
f 4024/3729/3110 3701/3731/3112 3795/3704/3087 3853/3730/3111
f 3853/3730/3111 3795/3704/3087 3796/3705/3088 3519/3732/3113
f 3701/3731/3112 3702/3733/3114 3818/3707/3090 3795/3704/3087
f 4044/3734/3115 4217/3736/3117 3797/3708/3091 3748/3735/3116
f 3748/3735/3116 3797/3708/3091 3798/3709/3092 3747/3737/3118
f 4217/3736/3117 3519/3732/3113 3796/3705/3088 3797/3708/3091
f 3390/3738/3119 3746/3740/3121 3799/3710/3093 3852/3739/3120
f 3852/3739/3120 3799/3710/3093 3800/3711/3094 4270/3741/3122
f 3746/3740/3121 3747/3737/3118 3798/3709/3092 3799/3710/3093
f 3556/3742/3123 4271/3744/3125 3801/3712/3095 3709/3743/3124
f 3709/3743/3124 3801/3712/3095 3802/3713/3096 3708/3745/3126
f 4271/3744/3125 4270/3741/3122 3800/3711/3094 3801/3712/3095
f 3315/3746/65 3707/3748/65 3803/3714/3097 3691/3747/65
f 3691/3747/65 3803/3714/3097 3804/3715/3098 3690/3749/3127
f 3707/3748/65 3708/3745/3126 3802/3713/3096 3803/3714/3097
f 3689/3750/65 3805/3716/3099 3806/3717/3100 3680/3751/3128
f 3689/3750/65 3690/3749/3127 3804/3715/3098 3805/3716/3099
f 3321/3752/65 3679/3754/3129 3807/3718/3101 3669/3753/3123
f 3669/3753/3123 3807/3718/3101 3808/3719/3102 3668/3755/3130
f 3679/3754/3129 3680/3751/3128 3806/3717/3100 3807/3718/3101
f 3319/3756/3131 3667/3758/3133 3809/3720/3103 3715/3757/3132
f 3715/3757/3132 3809/3720/3103 3810/3721/3104 3714/3759/3134
f 3667/3758/3133 3668/3755/3130 3808/3719/3102 3809/3720/3103
f 3298/3760/3131 3713/3762/3132 3811/3722/3103 3613/3761/3133
f 3613/3761/3133 3811/3722/3103 3812/3723/3102 3612/3763/3130
f 3713/3762/3132 3714/3759/3134 3810/3721/3104 3811/3722/3103
f 3302/3764/65 3611/3766/3123 3813/3724/3105 3637/3765/3129
f 3637/3765/3129 3813/3724/3105 3814/3725/3106 3636/3767/3135
f 3611/3766/3123 3612/3763/3130 3812/3723/3102 3813/3724/3105
f 3635/3768/65 3815/3726/3107 3816/3727/3108 3646/3769/3127
f 3635/3768/65 3636/3767/3135 3814/3725/3106 3815/3726/3107
f 3300/3770/65 3645/3772/65 3817/3728/3109 3703/3771/65
f 3703/3771/65 3817/3728/3109 3818/3707/3090 3702/3733/3114
f 3645/3772/65 3646/3769/3127 3816/3727/3108 3817/3728/3109
f 3820/3773/3136 3851/3776/3139 3819/3775/3138 3821/3774/3137
f 3822/3777/3140 3821/3774/3137 3819/3775/3138 3823/3778/3141
f 3824/3779/3142 3823/3778/3141 3819/3775/3138 3825/3780/3143
f 3826/3781/3144 3825/3780/3143 3819/3775/3138 3827/3782/3145
f 3828/3783/3146 3827/3782/3145 3819/3775/3138 3829/3784/3147
f 3830/3785/3148 3829/3784/3147 3819/3775/3138 3831/3786/3149
f 3832/3787/3150 3831/3786/3149 3819/3775/3138 3833/3788/3151
f 3834/3789/3150 3833/3788/3151 3819/3775/3138 3835/3790/3149
f 3836/3791/3152 3835/3790/3149 3819/3775/3138 3837/3792/3153
f 3838/3793/3154 3837/3792/3153 3819/3775/3138 3839/3794/3155
f 3840/3795/3156 3839/3794/3155 3819/3775/3138 3841/3796/3157
f 3842/3797/3158 3841/3796/3157 3819/3775/3138 3843/3798/3159
f 3844/3799/3160 3843/3798/3159 3819/3775/3138 3845/3800/3161
f 3846/3801/3162 3845/3800/3161 3819/3775/3138 3847/3802/3163
f 3848/3803/3164 3847/3802/3163 3819/3775/3138 3849/3804/3165
f 3850/3805/3166 3849/3804/3165 3819/3775/3138 3851/3776/3139
f 4024/3806/3167 3853/3807/3168 3820/3773/3136
f 4024/3806/3167 3820/3773/3136 3821/3774/3137
f 3853/3807/3168 3519/3808/3169 3851/3776/3139 3820/3773/3136
f 4024/3806/3167 3822/3777/3140 3823/3778/3141
f 4024/3806/3167 3821/3774/3137 3822/3777/3140
f 4024/3806/3167 3824/3779/3142 3740/3809/3170
f 3740/3809/3170 3824/3779/3142 3825/3780/3143 3741/3810/3171
f 4024/3806/3167 3823/3778/3141 3824/3779/3142
f 4035/3811/3172 4608/3812/3171 3826/3781/3144
f 4035/3811/3172 3826/3781/3144 3827/3782/3145
f 4608/3812/3171 3741/3810/3171 3825/3780/3143 3826/3781/3144
f 4035/3811/3172 3828/3783/3146 3829/3784/3147
f 4035/3811/3172 3827/3782/3145 3828/3783/3146
f 3525/3813/3173 4034/3815/3174 3830/3785/3148 3742/3814/3173
f 3742/3814/3173 3830/3785/3148 3831/3786/3149 3743/3816/3175
f 4034/3815/3174 4035/3811/3172 3829/3784/3147 3830/3785/3148
f 3275/3817/3173 4235/3819/210 3832/3787/3150 3508/3818/3176
f 3508/3818/3176 3832/3787/3150 3833/3788/3151 4204/3820/3176
f 4235/3819/210 3743/3816/3175 3831/3786/3149 3832/3787/3150
f 3273/3821/3173 4205/3823/3176 3834/3789/3150 3744/3822/210
f 3744/3822/210 3834/3789/3150 3835/3790/3149 4295/3824/3177
f 4205/3823/3176 4204/3820/3176 3833/3788/3151 3834/3789/3150
f 3381/3825/3178 3911/3827/3180 3836/3791/3152 3544/3826/3179
f 3544/3826/3179 3836/3791/3152 3837/3792/3153 3545/3828/2479
f 3911/3827/3180 4295/3824/3177 3835/3790/3149 3836/3791/3152
f 3545/3828/2479 3838/3793/3154 3839/3794/3155 4077/3829/3173
f 3545/3828/2479 3837/3792/3153 3838/3793/3154
f 3543/3830/3181 4288/3832/3183 3840/3795/3156 4262/3831/3182
f 4262/3831/3182 3840/3795/3156 3841/3796/3157 3745/3833/3184
f 4288/3832/3183 4077/3829/3173 3839/3794/3155 3840/3795/3156
f 3555/3834/3171 4263/3836/3186 3842/3797/3158 4066/3835/3185
f 4066/3835/3185 3842/3797/3158 3843/3798/3159 4071/3837/3187
f 4263/3836/3186 3745/3833/3184 3841/3796/3157 3842/3797/3158
f 4313/3838/3188 3844/3799/3160 3845/3800/3161
f 4313/3838/3188 4071/3837/3187 3843/3798/3159 3844/3799/3160
f 3556/3839/3189 4074/3841/3191 3846/3801/3162 4271/3840/3190
f 4271/3840/3190 3846/3801/3162 3847/3802/3163 4270/3842/3192
f 4074/3841/3191 4313/3838/3188 3845/3800/3161 3846/3801/3162
f 3390/3843/3119 3852/3845/3193 3848/3803/3164 3746/3844/3121
f 3746/3844/3121 3848/3803/3164 3849/3804/3165 3747/3846/3118
f 3852/3845/3193 4270/3842/3192 3847/3802/3163 3848/3803/3164
f 4044/3847/3115 3748/3849/3116 3850/3805/3166 4217/3848/3194
f 4217/3848/3194 3850/3805/3166 3851/3776/3139 3519/3808/3169
f 3748/3849/3116 3747/3846/3118 3849/3804/3165 3850/3805/3166
f 4270/3741/65 4272/3850/65 3852/3739/3195
f 3852/3851/3195 3551/3853/3197 3390/3852/3196
f 3852/3739/3195 4086/3855/3198 3551/3854/3197
f 3852/3739/3195 4272/3850/65 3389/3856/65 4086/3855/3198
f 3854/3857/3199 3857/3860/292 3858/3859/292 3855/3858/292
f 3855/3858/292 3858/3859/292 3859/3862/292 3856/3861/292
f 3857/3860/292 3860/3864/292 3861/3863/292 3858/3859/292
f 3858/3859/292 3861/3863/292 3862/3865/292 3859/3862/292
f 4035/3866/3200 3602/3868/3201 3854/3857/3199 4608/3867/3201
f 4608/3867/3201 3854/3857/3199 3855/3858/292 3741/3869/292
f 3741/3869/292 3855/3858/292 3856/3861/292 3740/3870/292
f 3740/3870/292 3856/3861/292 3605/3872/292 4024/3871/292
f 3856/3861/292 3859/3862/292 3755/3873/292 3605/3872/292
f 3859/3862/292 3862/3865/292 4373/3874/292 3755/3873/292
f 3862/3865/292 3756/3876/292 3606/3875/292 4373/3874/292
f 3861/3863/292 3757/3877/292 3756/3876/292 3862/3865/292
f 3860/3864/292 3758/3878/292 3757/3877/292 3861/3863/292
f 3764/3879/292 3604/3880/292 3758/3878/292 3860/3864/292
f 3601/3881/292 3764/3879/292 3860/3864/292 3857/3860/292
f 3602/3868/3201 3601/3881/292 3857/3860/292 3854/3857/3199
f 3863/3882/217 3866/3885/217 3867/3884/217 3864/3883/217
f 3864/3883/217 3867/3884/217 3868/3887/217 3865/3886/217
f 3866/3885/217 3869/3889/217 3870/3888/217 3867/3884/217
f 3867/3884/217 3870/3888/217 3871/3890/3202 3868/3887/217
f 3301/3891/217 3698/3893/217 3863/3882/217 3655/3892/217
f 3655/3892/217 3863/3882/217 3864/3883/217 3654/3894/217
f 3654/3894/217 3864/3883/217 3865/3886/217 3653/3895/217
f 3653/3895/217 3865/3886/217 3723/3897/217 3306/3896/217
f 3865/3886/217 3868/3887/217 3722/3898/217 3723/3897/217
f 3868/3887/217 3871/3890/3202 3721/3899/3203 3722/3898/217
f 3871/3890/3202 4608/3901/3205 4035/3900/3204 3721/3899/3203
f 3870/3888/217 3741/3902/217 4608/3901/3205 3871/3890/3202
f 3869/3889/217 3740/3903/217 3741/3902/217 3870/3888/217
f 3700/3904/217 4024/3905/3110 3740/3903/217 3869/3889/217
f 3699/3906/217 3700/3904/217 3869/3889/217 3866/3885/217
f 3698/3893/217 3699/3906/217 3866/3885/217 3863/3882/217
f 3873/3907/317 3896/3910/317 3872/3909/317 3874/3908/317
f 3875/3911/317 3874/3908/317 3872/3909/317 3876/3912/317
f 3877/3913/317 3876/3912/317 3872/3909/317 3878/3914/317
f 3879/3915/317 3878/3914/317 3872/3909/317 3880/3916/317
f 3881/3917/317 3880/3916/317 3872/3909/317 3882/3918/317
f 3883/3919/317 3882/3918/317 3872/3909/317 3884/3920/317
f 3885/3921/317 3884/3920/317 3872/3909/317 3886/3922/317
f 3887/3923/317 3886/3922/317 3872/3909/317 3888/3924/317
f 3889/3925/317 3888/3924/317 3872/3909/317 3890/3926/317
f 3891/3927/317 3890/3926/317 3872/3909/317 3892/3928/317
f 3893/3929/317 3892/3928/317 3872/3909/317 3894/3930/317
f 3895/3931/317 3894/3930/317 3872/3909/317 3896/3910/317
f 3381/3932/317 3737/3934/317 3873/3907/317 3911/3933/317
f 3911/3933/317 3873/3907/317 3874/3908/317 4295/3935/317
f 3737/3934/317 3738/3936/317 3896/3910/317 3873/3907/317
f 3273/3937/317 3744/3939/317 3875/3911/317 4205/3938/317
f 4205/3938/317 3875/3911/317 3876/3912/317 4204/3940/317
f 3744/3939/317 4295/3935/317 3874/3908/317 3875/3911/317
f 3275/3941/317 3508/3943/317 3877/3913/317 4235/3942/317
f 4235/3942/317 3877/3913/317 3878/3914/317 3743/3944/317
f 3508/3943/317 4204/3940/317 3876/3912/317 3877/3913/317
f 3525/3945/317 3742/3947/317 3879/3915/317 3718/3946/317
f 3718/3946/317 3879/3915/317 3880/3916/317 3717/3948/317
f 3742/3947/317 3743/3944/317 3878/3914/317 3879/3915/317
f 3305/3949/317 3716/3951/317 3881/3917/317 3650/3950/317
f 3650/3950/317 3881/3917/317 3882/3918/317 3649/3952/317
f 3716/3951/317 3717/3948/317 3880/3916/317 3881/3917/317
f 3648/3953/317 3883/3919/317 3884/3920/317 3641/3954/317
f 3648/3953/317 3649/3952/317 3882/3918/317 3883/3919/317
f 3312/3955/317 3640/3957/317 3885/3921/317 3627/3956/317
f 3627/3956/317 3885/3921/317 3886/3922/317 3626/3958/317
f 3640/3957/317 3641/3954/317 3884/3920/317 3885/3921/317
f 3309/3959/317 3625/3961/317 3887/3923/317 3726/3960/317
f 3726/3960/317 3887/3923/317 3888/3924/317 3725/3962/317
f 3625/3961/317 3626/3958/317 3886/3922/317 3887/3923/317
f 3322/3963/317 3724/3965/317 3889/3925/317 3659/3964/317
f 3659/3964/317 3889/3925/317 3890/3926/317 3658/3966/317
f 3724/3965/317 3725/3962/317 3888/3924/317 3889/3925/317
f 3328/3967/317 3657/3969/317 3891/3927/317 3676/3968/317
f 3676/3968/317 3891/3927/317 3892/3928/317 3675/3970/317
f 3657/3969/317 3658/3966/317 3890/3926/317 3891/3927/317
f 3686/3971/317 3893/3929/317 3894/3930/317 3685/3972/317
f 3686/3971/317 3675/3970/317 3892/3928/317 3893/3929/317
f 3325/3973/317 3684/3975/317 3895/3931/317 3739/3974/317
f 3739/3974/317 3895/3931/317 3896/3910/317 3738/3936/317
f 3684/3975/317 3685/3972/317 3894/3930/317 3895/3931/317
f 3897/3976/3171 3900/3979/3207 3901/3978/3206 3898/3977/3171
f 3898/3977/3171 3901/3978/3206 3902/3981/3208 3899/3980/3171
f 3900/3979/3207 4279/3983/3210 4280/3982/3209 3901/3978/3206
f 3901/3978/3206 4280/3982/3209 4281/3984/3211 3902/3981/3208
f 3271/3985/3171 3552/3987/3171 3897/3976/3171 3749/3986/3171
f 3749/3986/3171 3897/3976/3171 3898/3977/3171 3750/3988/3171
f 3750/3988/3171 3898/3977/3171 3899/3980/3171 3751/3989/3171
f 3751/3989/3171 3899/3980/3171 3548/3991/3171 3274/3990/3171
f 3899/3980/3171 3902/3981/3208 3547/3992/3212 3548/3991/3171
f 3902/3981/3208 4281/3984/3211 3546/3993/3213 3547/3992/3212
f 4281/3984/3211 3408/3994/3214 3546/3993/3213
f 3554/3995/3215 3392/3996/3216 4279/3983/3210
f 3553/3997/3217 3554/3995/3215 4279/3983/3210 3900/3979/3207
f 3552/3987/3171 3553/3997/3217 3900/3979/3207 3897/3976/3171
f 3903/3998/3196 3906/4001/3196 3907/4000/3196 3904/3999/3196
f 3904/3999/3196 3907/4000/3196 3905/4002/3218
f 3906/4001/3196 3908/4004/3196 3909/4003/3219 3907/4000/3196
f 3907/4000/3196 3909/4003/3219 3905/4002/3218
f 3272/4005/3196 3528/4007/3196 3903/3998/3196 3752/4006/3196
f 3752/4006/3196 3903/3998/3196 3904/3999/3196 3753/4008/3196
f 3753/4008/3196 3904/3999/3196 3905/4002/3218
f 3908/4004/3196 3754/4009/3196 3909/4003/3196
f 3530/4010/3220 4228/4011/3222 3754/4009/3221 3908/4004/3196
f 3529/4012/3196 3530/4010/3220 3908/4004/3196 3906/4001/3196
f 3528/4007/3196 3529/4012/3196 3906/4001/3196 3903/3998/3196
f 3910/4013/65 4104/4016/3224 3912/4015/3223 3398/4014/317
f 3398/4014/317 3912/4015/3223 3911/4017/317
f 4104/4018/3224 4255/4021/317 3913/4020/3225 3912/4019/3223
f 3912/4019/3223 3913/4020/3225 3911/4022/317
f 3273/4023/65 3549/4023/3225 3910/4023/65 3744/4023/317
f 3744/3939/317 3910/4025/65 3398/4024/317 4295/3935/317
f 4295/3935/317 3398/4024/317 3911/3933/317
f 4097/4026/317 3398/4024/317 4255/4027/317
f 3550/4028/65 4097/4026/317 4255/4027/317 4104/4029/3224
f 3549/4030/3225 3550/4028/65 4104/4029/3224 3910/4025/65
f 3914/4031/292 3917/4034/292 3918/4033/292 3915/4032/292
f 3915/4032/292 3918/4033/292 3919/4036/292 3916/4035/292
f 3917/4034/292 3920/4038/292 3921/4037/292 3918/4033/292
f 3918/4033/292 3921/4037/292 3922/4039/292 3919/4036/292
f 3555/4040/292 3704/4042/292 3914/4031/292 4263/4041/292
f 4263/4041/292 3914/4031/292 3915/4032/292 3745/4043/292
f 3745/4043/292 3915/4032/292 3916/4035/292 4262/4044/292
f 4262/4044/292 3916/4035/292 3734/4046/292 3543/4045/292
f 3916/4035/292 3919/4036/292 3733/4047/292 3734/4046/292
f 3919/4036/292 3922/4039/292 3732/4048/292 3733/4047/292
f 3922/4039/292 3695/4050/292 3326/4049/292 3732/4048/292
f 3921/4037/292 3694/4051/292 3695/4050/292 3922/4039/292
f 3920/4038/292 3693/4052/292 3694/4051/292 3921/4037/292
f 3706/4053/292 3316/4054/292 3693/4052/292 3920/4038/292
f 3705/4055/292 3706/4053/292 3920/4038/292 3917/4034/292
f 3704/4042/292 3705/4055/292 3917/4034/292 3914/4031/292
f 3624/4056/3226 3924/4058/3228 3923/4057/3227
f 3923/4057/3227 3925/4060/3228 3623/4059/3229
f 3924/4058/3228 3926/4061/3230 3923/4057/3227
f 3923/4057/3227 3926/4061/3230 3925/4060/3228
f 3623/4059/3229 3925/4060/3228 3633/4062/3231
f 3925/4060/3228 3632/4063/3232 3633/4062/3231
f 3925/4060/3228 3785/4065/3234 3313/4064/3233 3632/4063/3232
f 3926/4061/3230 3786/4066/3235 3785/4065/3234 3925/4060/3228
f 3924/4058/3228 3787/4067/3236 3786/4066/3235 3926/4061/3230
f 3619/4068/3232 3303/4069/3237 3787/4067/3236 3924/4058/3228
f 3618/4070/3227 3619/4068/3232 3924/4058/3228
f 3618/4070/3227 3924/4058/3228 3624/4056/3226
f 3927/4071/65 3930/4074/65 3931/4073/65 3928/4072/65
f 3928/4072/65 3931/4073/65 3932/4076/65 3929/4075/65
f 3930/4074/65 3933/4078/65 3934/4077/65 3931/4073/65
f 3931/4073/65 3934/4077/65 3935/4079/65 3932/4076/65
f 3283/4080/65 3577/4082/65 3927/4071/65 3539/4081/65
f 3539/4081/65 3927/4071/65 3928/4072/65 3538/4083/65
f 3538/4083/65 3928/4072/65 3929/4075/65 3537/4084/65
f 3537/4084/65 3929/4075/65 3570/4086/65 3286/4085/65
f 3929/4075/65 3932/4076/65 3569/4087/65 3570/4086/65
f 3932/4076/65 3935/4079/65 3568/4088/65 3569/4087/65
f 3935/4079/65 3776/4090/65 3294/4089/65 3568/4088/65
f 3934/4077/65 3777/4091/65 3776/4090/65 3935/4079/65
f 3933/4078/65 3778/4092/65 3777/4091/65 3934/4077/65
f 3579/4093/65 3291/4094/65 3778/4092/65 3933/4078/65
f 3578/4095/65 3579/4093/65 3933/4078/65 3930/4074/65
f 3577/4082/65 3578/4095/65 3930/4074/65 3927/4071/65
f 3936/4096/317 3939/4099/317 3940/4098/317 3937/4097/317
f 3937/4097/317 3940/4098/317 3941/4101/317 3938/4100/317
f 3939/4099/317 3942/4103/317 3943/4102/317 3940/4098/317
f 3940/4098/317 3943/4102/317 3944/4104/317 3941/4101/317
f 3288/4105/317 3557/4107/317 3936/4096/317 3533/4106/317
f 3533/4106/317 3936/4096/317 3937/4097/317 3532/4108/317
f 3532/4108/317 3937/4097/317 3938/4100/317 3531/4109/317
f 3531/4109/317 3938/4100/317 3591/4111/317 3284/4110/317
f 3938/4100/317 3941/4101/317 3590/4112/317 3591/4111/317
f 3941/4101/317 3944/4104/317 3589/4113/317 3590/4112/317
f 3944/4104/317 3779/4115/317 3292/4114/317 3589/4113/317
f 3943/4102/317 3780/4116/317 3779/4115/317 3944/4104/317
f 3942/4103/317 3781/4117/317 3780/4116/317 3943/4102/317
f 3559/4118/317 3297/4119/317 3781/4117/317 3942/4103/317
f 3558/4120/317 3559/4118/317 3942/4103/317 3939/4099/317
f 3557/4107/317 3558/4120/317 3939/4099/317 3936/4096/317
f 3945/4121/3238 3948/4124/3238 3949/4123/3238 3946/4122/3238
f 3946/4122/3238 3949/4123/3238 3950/4126/3238 3947/4125/3238
f 3948/4124/3238 3951/4128/3238 3952/4127/3238 3949/4123/3238
f 3949/4123/3238 3952/4127/3238 3953/4129/3238 3950/4126/3238
f 3287/4130/3238 3574/4132/3238 3945/4121/3238 3542/4131/3238
f 3542/4131/3238 3945/4121/3238 3946/4122/3238 3541/4133/3238
f 3541/4133/3238 3946/4122/3238 3947/4125/3238 3540/4134/3238
f 3540/4134/3238 3947/4125/3238 3566/4136/3238 3289/4135/3238
f 3947/4125/3238 3950/4126/3238 3565/4137/3238 3566/4136/3238
f 3950/4126/3238 3953/4129/3238 3564/4138/3238 3565/4137/3238
f 3953/4129/3238 3782/4140/3238 3296/4139/3238 3564/4138/3238
f 3952/4127/3238 3783/4141/3238 3782/4140/3238 3953/4129/3238
f 3951/4128/3238 3784/4142/3238 3783/4141/3238 3952/4127/3238
f 3576/4143/3238 3295/4144/3238 3784/4142/3238 3951/4128/3238
f 3575/4145/3238 3576/4143/3238 3951/4128/3238 3948/4124/3238
f 3574/4132/3238 3575/4145/3238 3948/4124/3238 3945/4121/3238
f 3954/4146/217 3957/4149/217 3958/4148/217 3955/4147/3239
f 3955/4147/3239 3958/4148/217 3959/4151/217 3956/4150/3240
f 3957/4149/217 3960/4153/217 3961/4152/217 3958/4148/217
f 3958/4148/217 3961/4152/217 3962/4154/217 3959/4151/217
f 4044/4155/3241 3760/4157/217 3954/4146/217 3524/4156/3242
f 3524/4156/3242 3954/4146/217 3955/4147/3239 4231/4158/3243
f 4231/4158/3243 3955/4147/3239 3956/4150/3240 3905/4159/3244
f 3905/4159/3244 3956/4150/3240 3597/4161/3246 4241/4160/3245
f 3956/4150/3240 3959/4151/217 3598/4162/217 3597/4161/3246
f 3959/4151/217 3962/4154/217 4365/4163/217 3598/4162/217
f 3962/4154/217 3770/4165/217 3599/4164/217 4365/4163/217
f 3961/4152/217 3771/4166/217 3770/4165/217 3962/4154/217
f 3960/4153/217 3772/4167/217 3771/4166/217 3961/4152/217
f 3608/4168/217 3607/4169/217 3772/4167/217 3960/4153/217
f 3759/4170/217 3608/4168/217 3960/4153/217 3957/4149/217
f 3760/4157/217 3759/4170/217 3957/4149/217 3954/4146/217
f 3963/4171/3247 3966/4174/65 3967/4173/65 3964/4172/65
f 3964/4172/65 3967/4173/65 3968/4176/65 3965/4175/3248
f 3966/4174/65 3969/4178/65 3970/4177/65 3967/4173/65
f 3967/4173/65 3970/4177/65 3971/4179/65 3968/4176/65
f 4044/3734/3249 3760/4180/3251 3963/4171/3247 4217/3736/3250
f 4217/3736/3250 3963/4171/3247 3964/4172/65 3519/3732/65
f 3519/3732/65 3964/4172/65 3965/4175/3248 3853/3730/3252
f 3853/3730/3252 3965/4175/3248 3605/4181/3252 4024/3729/3253
f 3965/4175/3248 3968/4176/65 3755/4182/65 3605/4181/3252
f 3968/4176/65 3971/4179/65 4373/4183/65 3755/4182/65
f 3971/4179/65 3761/4185/65 3606/4184/65 4373/4183/65
f 3970/4177/65 3762/4186/65 3761/4185/65 3971/4179/65
f 3969/4178/65 3763/4187/65 3762/4186/65 3970/4177/65
f 3608/4188/65 3607/4189/65 3763/4187/65 3969/4178/65
f 3759/4190/65 3608/4188/65 3969/4178/65 3966/4174/65
f 3760/4180/3251 3759/4190/65 3966/4174/65 3963/4171/3247
f 3972/4191/292 3975/4194/292 3976/4193/292 3973/4192/292
f 3973/4192/292 3976/4193/292 3977/4196/292 3974/4195/292
f 3975/4194/292 3978/4198/292 3979/4197/292 3976/4193/292
f 3976/4193/292 3979/4197/292 3980/4199/292 3977/4196/292
f 3285/4200/292 3594/4202/292 3972/4191/292 3536/4201/292
f 3536/4201/292 3972/4191/292 3973/4192/292 3535/4203/292
f 3535/4203/292 3973/4192/292 3974/4195/292 3534/4204/292
f 3534/4204/292 3974/4195/292 3586/4206/292 3282/4205/292
f 3974/4195/292 3977/4196/292 3585/4207/292 3586/4206/292
f 3977/4196/292 3980/4199/292 3584/4208/292 3585/4207/292
f 3980/4199/292 3773/4210/292 3290/4209/292 3584/4208/292
f 3979/4197/292 3774/4211/292 3773/4210/292 3980/4199/292
f 3978/4198/292 3775/4212/292 3774/4211/292 3979/4197/292
f 3596/4213/292 3293/4214/292 3775/4212/292 3978/4198/292
f 3595/4215/292 3596/4213/292 3978/4198/292 3975/4194/292
f 3594/4202/292 3595/4215/292 3975/4194/292 3972/4191/292
f 3981/4216/317 3984/4219/317 3985/4218/317 3982/4217/317
f 3982/4217/317 3985/4218/317 3986/4221/317 3983/4220/317
f 3984/4219/317 3987/4223/317 3988/4222/317 3985/4218/317
f 3985/4218/317 3988/4222/317 3989/4224/317 3986/4221/317
f 3277/4225/3254 3765/4227/3255 3981/4216/317 3523/4226/317
f 3523/4226/317 3981/4216/317 3982/4217/317 3522/4228/317
f 3522/4228/317 3982/4217/317 3983/4220/317 3521/4229/317
f 3521/4229/317 3983/4220/317 3600/4231/3257 3279/4230/3256
f 3983/4220/317 3986/4221/317 3766/4232/3225 3600/4231/3257
f 3986/4221/317 3989/4224/317 4365/4233/317 3766/4232/3225
f 3989/4224/317 3767/4235/317 3599/4234/317 4365/4233/317
f 3988/4222/317 3768/4236/317 3767/4235/317 3989/4224/317
f 3987/4223/317 3769/4237/317 3768/4236/317 3988/4222/317
f 3764/4238/317 3604/4239/317 3769/4237/317 3987/4223/317
f 4369/4240/3258 3764/4238/317 3987/4223/317 3984/4219/317
f 3765/4227/3255 4369/4240/3258 3984/4219/317 3981/4216/317
f 3990/4241/3196 3993/4244/3196 3994/4243/3196 3991/4242/3196
f 3991/4242/3196 3994/4243/3196 3995/4246/3196 3992/4245/3196
f 3993/4244/3196 3996/4248/3196 3997/4247/3196 3994/4243/3196
f 3994/4243/3196 3997/4247/3196 3998/4249/3196 3995/4246/3196
f 3318/4250/3196 3710/4252/3196 3990/4241/3196 3666/4251/3196
f 3666/4251/3196 3990/4241/3196 3991/4242/3196 3665/4253/3196
f 3665/4253/3196 3991/4242/3196 3992/4245/3196 3664/4254/3196
f 3664/4254/3196 3992/4245/3196 3731/4256/3196 3323/4255/3196
f 3992/4245/3196 3995/4246/3196 3730/4257/3196 3731/4256/3196
f 3995/4246/3196 3998/4249/3196 3729/4258/3196 3730/4257/3196
f 3998/4249/3196 3622/4260/3196 3308/4259/3196 3729/4258/3196
f 3997/4247/3196 3621/4261/3196 3622/4260/3196 3998/4249/3196
f 3996/4248/3196 3620/4262/3196 3621/4261/3196 3997/4247/3196
f 3712/4263/3196 3299/4264/3196 3620/4262/3196 3996/4248/3196
f 3711/4265/3196 3712/4263/3196 3996/4248/3196 3993/4244/3196
f 3710/4252/3196 3711/4265/3196 3993/4244/3196 3990/4241/3196
f 3999/4266/3259 3696/4269/3262 4521/4268/3261 4000/4267/3260
f 4000/4267/3260 4521/4268/3261 3697/4270/3263
f 4000/4267/3260 3697/4270/3263 3790/4271/3264
f 3790/4271/3264 3697/4270/3263 3692/4272/3265
f 3697/4270/3263 3317/4273/3266 3692/4272/3265
f 3688/4274/3267 3327/4275/3268 3696/4269/3262 3999/4266/3259
f 3787/4067/3236 4003/3698/3081 4001/4276/3269 3786/4066/3235
f 3786/4066/3235 4001/4276/3269 4002/4277/3270 3785/4065/3234
f 4003/3698/3081 3788/3692/3075 4001/4276/3269
f 4001/4276/3269 3788/3692/3075 3789/3695/3078 4002/4277/3270
f 3785/4065/3234 4002/4277/3270 3644/3700/3083 3313/4064/3233
f 4002/4277/3270 3789/3695/3078 3644/3700/3083
f 3303/4069/3237 3639/3697/3080 4003/3698/3081 3787/4067/3236
f 4005/4278/3271 4007/4280/3273 4004/4279/3272
f 4004/4279/3272 4007/4280/3273 4006/4281/3274
f 4007/4280/3273 3790/4271/3264 4006/4281/3274
f 3329/4282/3275 4005/4278/3271 3792/4283/3276
f 3792/4283/3276 4005/4278/3271 4004/4279/3272
f 4004/4279/3272 4006/4281/3274 3791/4284/3277
f 3791/4284/3277 4006/4281/3274 3683/4285/3278
f 4006/4281/3274 3682/4286/3279 3683/4285/3278
f 4006/4281/3274 3790/4271/3264 3682/4286/3279
f 3790/4271/3264 3692/4272/3265 3682/4286/3279
f 4007/4280/3273 4000/4267/3260 3790/4271/3264
f 4005/4278/3271 3999/4266/3259 4000/4267/3260 4007/4280/3273
f 3678/4287/3280 3688/4274/3267 3999/4266/3259 4005/4278/3271
f 3329/4282/3275 3678/4287/3280 4005/4278/3271
f 4008/4288/3281 4011/4291/3283 4012/4290/3282 4009/4289/3281
f 4009/4289/3281 4012/4290/3282 4013/4293/3282 4010/4292/3281
f 4009/4289/3281 4010/4292/3281 4467/4294/3284
f 4467/4294/3284 4010/4292/3281 3673/4295/3285
f 4010/4292/3281 4013/4293/3282 3672/4296/3286 3673/4295/3285
f 4013/4293/3282 3791/4284/3277 3683/4285/3278 3672/4296/3286
f 4012/4290/3282 4004/4279/3272 3791/4284/3277 4013/4293/3282
f 4011/4291/3283 3792/4283/3276 4004/4279/3272 4012/4290/3282
f 3663/4297/3287 3329/4282/3275 3792/4283/3276 4011/4291/3283
f 3662/4298/3281 3663/4297/3287 4011/4291/3283 4008/4288/3281
f 4220/4299/317 4015/4301/317 3363/4300/3288
f 3363/4300/3288 4015/4301/317 4241/4303/3289 4014/4302/65
f 4220/4299/317 3520/4304/3290 4015/4301/317
f 4015/4305/317 3520/4022/3290 4219/4307/317 4241/4306/3289
f 3525/3945/317 4220/4308/317 3742/3947/317
f 3742/3947/317 4220/4308/317 3363/4309/3288 3743/3944/317
f 3743/3944/317 3363/4309/3288 4014/4310/65 4235/3942/317
f 4235/4311/317 4014/4306/65 3527/4313/3225 3275/4312/217
f 4014/4314/65 4241/4314/3289 3526/4314/65 3527/4314/3225
f 4241/4315/3289 4219/4318/317 4055/4317/317 3526/4316/65
f 4219/4318/317 3363/4309/317 4055/4317/317
f 4016/4319/292 4019/4322/3292 4020/4321/292 4017/4320/3291
f 4017/4320/3291 4020/4321/292 4021/4324/3294 4018/4323/3293
f 4019/4322/3292 4022/4326/3296 4023/4325/3295 4020/4321/292
f 4020/4321/292 4023/4325/3295 4024/4327/3297 4021/4324/3294
f 4024/4328/217 3332/4331/3292 4016/4330/292 3333/4329/3298
f 3333/4332/3298 4016/4319/292 4017/4320/3291 3334/4333/292
f 3334/4333/292 4017/4320/3291 4018/4323/3293 3335/4334/3196
f 3331/4335/3292 3276/4336/3299 4022/4326/3296 4019/4322/3292
f 3332/4337/3292 3331/4335/3292 4019/4322/3292 4016/4319/292
f 4025/4338/3300 4018/4323/3293 4021/4324/3294 4024/4327/3297
f 4024/4328/3297 3333/4329/3301 4025/4339/3300
f 3334/4340/217 3335/4342/3196 4018/4341/3293
f 3333/4329/3301 3334/4340/217 4018/4341/3293 4025/4339/3300
f 3336/4343/3302 4024/4345/3297 3338/4344/3303
f 3336/4346/217 3338/4348/217 3337/4347/217
f 4026/4349/3304 3338/4352/3303 4023/4351/3295 4022/4350/3296
f 3338/4352/3303 4024/4353/3297 4023/4351/3295
f 4024/4354/3305 3336/4357/3307 4026/4356/3304 3332/4355/3306
f 3332/4358/3306 4026/4361/3304 4022/4360/3296 3331/4359/3308
f 3331/4359/3308 4022/4360/3296 3276/4362/3299
f 3336/4363/3307 3338/4352/3303 4026/4349/3304
f 4027/4364/3309 4029/4367/3312 4030/4366/3311 4028/4365/3310
f 4028/4365/3310 4030/4366/3311 4031/4369/3314 4033/4368/3313
f 4029/4367/3312 4037/4371/3316 4039/4370/3315 4030/4366/3311
f 4030/4366/3311 4039/4370/3315 4035/4372/3317 4031/4369/3314
f 4035/3866/3318 3340/4375/3320 4027/4374/3309 3341/4373/3319
f 3341/4376/3319 4027/4364/3309 4028/4365/3310 3343/4377/217
f 3343/4377/217 4028/4365/3310 4033/4368/3313 3342/4378/217
f 3339/4379/3321 3348/4380/3322 4037/4371/3316 4029/4367/3312
f 3340/4381/3320 3339/4379/3321 4029/4367/3312 4027/4364/3309
f 4032/4382/3323 4033/4368/3313 4031/4369/3314
f 4035/4383/3317 3341/4386/3324 4032/4385/3323 4031/4384/3314
f 3343/4377/217 3342/4378/217 4033/4368/3313
f 3341/4387/3324 3343/4390/217 4033/4389/3313 4032/4388/3323
f 4036/4391/317 4038/4394/317 4039/4393/3315 4037/4392/3316
f 4038/4394/317 4034/4396/317 4035/4395/3317 4039/4393/3315
f 3277/4225/3254 3345/4398/317 4036/4391/317 3346/4397/317
f 3346/4397/317 4036/4391/317 4037/4392/3316 3347/4399/318
f 3347/4399/318 4037/4392/3316 3348/4400/3322
f 3344/4401/317 3525/3945/317 4034/4396/317 4038/4394/317
f 3345/4398/317 3344/4401/317 4038/4394/317 4036/4391/317
f 4040/4402/3325 4046/4405/3328 4050/4404/3327 4041/4403/3326
f 4041/4403/3326 4050/4404/3327 4044/4406/3329
f 4046/4407/3328 4047/4409/3330 4050/4408/3327
f 4044/3734/3331 3356/4412/3333 4040/4411/3325 3349/4410/3332
f 3349/4413/3332 4040/4402/3325 4041/4403/3326
f 3349/4413/3332 4041/4403/3326 3350/4414/3334
f 3356/4415/3333 3357/4416/3335 4046/4405/3328 4040/4402/3325
f 3349/4417/3336 3350/4420/3334 4041/4419/3326 4044/4418/3329
f 4042/4421/3337 3351/4423/3339 4043/4422/3338
f 4043/4424/3338 3351/4427/3339 4052/4426/3310 4051/4425/3241
f 3351/4427/3339 4044/4428/3329 4052/4426/3310
f 4228/4429/3222 3355/4432/3341 4042/4431/3337 3352/4430/3340
f 3352/4433/3340 4042/4421/3337 4043/4422/3338 3353/4434/3342
f 3353/4435/3342 4043/4424/3338 4051/4425/3241 3278/4436/3343
f 3355/4432/3341 3351/4437/3339 4042/4431/3337
f 4045/4438/217 4048/4441/3344 4049/4440/217 4046/4439/217
f 4046/4439/217 4049/4440/217 4050/4443/3327 4047/4442/3330
f 4048/4441/3344 4051/4425/3241 4052/4426/3310 4049/4440/217
f 4049/4440/217 4052/4426/3310 4044/4428/3329 4050/4443/3327
f 4044/4444/3241 3355/4447/3345 4045/4446/217 3356/4445/217
f 3356/4448/217 4045/4438/217 4046/4439/217 3357/4449/217
f 3357/4449/217 4046/4439/217 4047/4442/217 3358/4450/217
f 3354/4451/3343 3278/4436/3343 4051/4425/3241 4048/4441/3344
f 3355/4452/3345 3354/4451/3343 4048/4441/3344 4045/4438/217
f 4053/4453/317 3364/4456/3347 4056/4455/3346 4054/4454/317
f 4054/4454/317 4056/4455/3346 4241/4315/3348 4055/4317/317
f 3279/4230/3256 3360/4458/317 4053/4453/317 3361/4457/317
f 3361/4457/317 4053/4453/317 4054/4454/317 3362/4459/317
f 3362/4459/317 4054/4454/317 4055/4317/317 3363/4309/317
f 3359/4460/317 3281/4461/3349 3364/4456/3347
f 3360/4458/317 3359/4460/317 3364/4456/3347 4053/4453/317
f 4057/4462/3350 4241/4465/3348 4063/4464/3352 4060/4463/3351
f 4060/4466/3351 4063/4468/3352 4062/4467/3353
f 4241/4160/3348 4057/4470/3350 3366/4469/3354
f 3366/4471/3354 4057/4462/3350 4060/4463/3351 3365/4472/3355
f 3365/4473/217 4060/4466/217 4062/4467/217 3280/4474/217
f 4058/4475/3356 4060/4463/3359 4061/4477/3358 4059/4476/3357
f 4059/4476/3357 4061/4477/3358 4056/4479/3346 3364/4478/3347
f 4060/4463/3359 4062/4480/3353 4063/4464/3352 4061/4477/3358
f 4061/4477/3358 4063/4464/3352 4241/4465/3348 4056/4479/3346
f 4241/4160/3360 3366/4469/3362 4058/4482/3356 3367/4481/3361
f 3367/4483/3361 4058/4475/3356 4059/4476/3357 3368/4484/3292
f 3368/4484/3292 4059/4476/3357 3364/4478/3347 3281/4485/3349
f 3366/4471/3362 3365/4472/3363 4060/4463/3359 4058/4475/3356
f 4064/4486/292 4067/4489/292 4068/4488/292 4065/4487/292
f 4065/4487/292 4068/4488/292 4071/4491/292 4066/4490/3291
f 4067/4489/292 4069/4493/3364 4070/4492/3364 4068/4488/292
f 4068/4488/292 4070/4492/3364 4313/4494/3365 4071/4491/292
f 3282/4205/292 3371/4496/292 4064/4486/292 3372/4495/292
f 3372/4495/292 4064/4486/292 4065/4487/292 3373/4497/292
f 3373/4497/292 4065/4487/292 4066/4490/3291 3555/4040/3291
f 3370/4498/292 3369/4499/3364 4069/4493/3364 4067/4489/292
f 3371/4496/292 3370/4498/292 4067/4489/292 4064/4486/292
f 4072/4500/3366 4073/4503/3366 4070/4502/3364 4069/4501/3364
f 4073/4503/3366 4074/4505/3367 4313/4504/3365 4070/4502/3364
f 3283/4080/65 3375/4507/65 4072/4500/3366 3376/4506/3366
f 3376/4506/3366 4072/4500/3366 4069/4501/3364 3369/4508/3364
f 3374/4509/65 3556/3742/65 4074/4505/3367 4073/4503/3366
f 3375/4507/65 3374/4509/65 4073/4503/3366 4072/4500/3366
f 4075/4510/3368 4080/4513/3371 4083/4512/3370 4076/4511/3369
f 4076/4511/3369 4083/4512/3370 3545/4515/3373 3544/4514/3372
f 3284/4110/317 3378/4517/3374 4075/4510/3368 3379/4516/317
f 3379/4516/317 4075/4510/3368 4076/4511/3369 3380/4518/317
f 3380/4518/317 4076/4511/3369 3544/4514/3372 3381/3932/317
f 3378/4517/3374 3377/4519/3375 4080/4513/3371 4075/4510/3368
f 4078/4520/292 4081/4523/292 4082/4522/3377 4079/4521/3376
f 4079/4521/3376 4082/4522/3377 4083/4525/3370 4080/4524/3371
f 4081/4523/292 4288/4527/3291 4077/4526/3378 4082/4522/3377
f 4082/4522/3377 4077/4526/3378 3545/4528/3373 4083/4525/3370
f 3285/4200/292 3383/4530/292 4078/4520/292 3384/4529/292
f 3384/4529/292 4078/4520/292 4079/4521/3376 3385/4531/3379
f 3385/4531/3379 4079/4521/3376 4080/4524/3371 3377/4532/3375
f 3382/4533/292 3543/4045/3291 4288/4527/3291 4081/4523/292
f 3383/4530/292 3382/4533/292 4081/4523/292 4078/4520/292
f 4084/4534/3380 4089/4537/3381 4092/4536/3381 4085/4535/3380
f 4085/4535/3380 4092/4536/3381 3390/3738/3383 4086/3855/3382
f 3286/4085/65 3386/4539/3380 4084/4534/3380 3387/4538/65
f 3387/4538/65 4084/4534/3380 4085/4535/3380 3388/4540/65
f 3388/4540/65 4085/4535/3380 4086/3855/3382 3389/3856/65
f 3386/4539/3380 3397/4541/3381 4089/4537/3381 4084/4534/3380
f 4087/4542/3238 4090/4545/2963 4091/4544/3238 4088/4543/3238
f 4088/4543/3238 4091/4544/3238 4092/4547/3381 4089/4546/3381
f 4090/4545/2963 3391/4549/3385 4093/4548/3384 4091/4544/3238
f 4091/4544/3238 4093/4548/3384 3390/4550/3383 4092/4547/3381
f 3287/4130/3238 3394/4552/3238 4087/4542/3238 3395/4551/3238
f 3395/4551/3238 4087/4542/3238 4088/4543/3238 3396/4553/3238
f 3396/4553/3238 4088/4543/3238 4089/4546/3381 3397/4554/3381
f 3393/4555/3238 3392/4556/3216 3391/4549/3385 4090/4545/2963
f 3394/4552/3238 3393/4555/3238 4090/4545/2963 4087/4542/3238
f 4094/4557/317 4096/4560/317 3403/4559/3387 4095/4558/3386
f 4096/4560/317 4097/4026/317 4104/4029/3224 3403/4559/3387
f 3288/4105/317 3400/4562/317 4094/4557/317 3401/4561/317
f 3401/4561/317 4094/4557/317 4095/4558/3386 3402/4563/3388
f 3399/4564/317 3398/4024/317 4097/4026/317 4096/4560/317
f 3400/4562/317 3399/4564/317 4096/4560/317 4094/4557/317
f 4098/4565/3238 4101/4568/3390 4102/4567/3389 4099/4566/3238
f 4099/4566/3238 4102/4567/3389 4103/4570/3392 4100/4569/3391
f 4101/4568/3390 4095/4572/3386 3403/4571/3387 4102/4567/3389
f 4102/4567/3389 3403/4571/3387 4104/4573/3224 4103/4570/3392
f 3289/4135/3238 3405/4575/3238 4098/4565/3238 3406/4574/3238
f 3406/4574/3238 4098/4565/3238 4099/4566/3238 3407/4576/3238
f 3407/4576/3238 4099/4566/3238 4100/4569/3391 3408/4577/3214
f 3404/4578/3393 3402/4579/3388 4095/4572/3386 4101/4568/3390
f 3405/4575/3238 3404/4578/3393 4101/4568/3390 4098/4565/3238
f 3298/3760/3131 3409/4582/3396 4111/4581/3395 3410/4580/3394
f 3410/4580/3394 4111/4581/3395 3411/4583/3397
f 3409/4582/3396 4112/4584/3398 4111/4581/3395
f 4105/4585/3196 4108/4588/3196 4109/4587/3196 4106/4586/3196
f 4106/4586/3196 4109/4587/3196 4110/4590/3400 4107/4589/3399
f 4108/4588/3196 4111/4592/3395 4112/4591/3398 4109/4587/3196
f 4109/4587/3196 4112/4591/3398 4113/4593/3401 4110/4590/3400
f 3299/4264/3196 3413/4595/3196 4105/4585/3196 3414/4594/3196
f 3414/4594/3196 4105/4585/3196 4106/4586/3196 3415/4596/3196
f 3415/4596/3196 4106/4586/3196 4107/4589/3399 3416/4597/426
f 3416/4597/426 4107/4589/3399 4114/4599/3403 3417/4598/3402
f 4107/4589/3399 4110/4590/3400 4115/4600/3404 4114/4599/3403
f 4110/4590/3400 4113/4593/3401 4116/4601/3405 4115/4600/3404
f 3412/4602/3196 3411/4603/3397 4111/4592/3395 4108/4588/3196
f 3413/4595/3196 3412/4602/3196 4108/4588/3196 4105/4585/3196
f 3618/4070/3227 3417/4598/3402 4114/4599/3403 4387/4604/3231
f 4387/4604/3231 4114/4599/3403 4115/4600/3404
f 4117/4605/3406 4119/4608/3409 4128/4607/3408 4118/4606/3407
f 4118/4606/3407 4128/4607/3408 4122/4609/3410
f 4119/4608/3409 4125/4610/3411 4128/4607/3408
f 3300/3770/65 3419/4612/65 4117/4605/3406 3420/4611/65
f 3420/4611/65 4117/4605/3406 4118/4606/3407 3421/4613/3412
f 3421/4613/3412 4118/4606/3407 4122/4609/3410
f 3418/4614/3413 3427/4615/3414 4125/4610/3411 4119/4608/3409
f 3419/4612/65 3418/4614/3413 4119/4608/3409 4117/4605/3406
f 4123/4616/217 4126/4619/3416 4127/4618/3415 4124/4617/217
f 4124/4617/217 4127/4618/3415 4128/4621/3408 4125/4620/3411
f 4126/4619/3416 4120/4623/3418 4121/4622/3417 4127/4618/3415
f 4127/4618/3415 4121/4622/3417 4122/4624/3410 4128/4621/3408
f 3301/3891/217 3424/4626/217 4123/4616/217 3425/4625/217
f 3425/4625/217 4123/4616/217 4124/4617/217 3426/4627/217
f 3426/4627/217 4124/4617/217 4125/4620/3411 3427/4628/3414
f 3423/4629/3416 3422/4630/3086 4120/4623/3418 4126/4619/3416
f 3424/4626/217 3423/4629/3416 4126/4619/3416 4123/4616/217
f 4129/4631/317 4131/4634/317 3433/4633/3419 4130/4632/317
f 4130/4632/317 3433/4633/3419 3432/4635/3225
f 4131/4634/317 3434/4636/3420 3433/4633/3419
f 3305/3949/317 3429/4638/317 4129/4631/317 3430/4637/317
f 3430/4637/317 4129/4631/317 4130/4632/317 3431/4639/317
f 3431/4639/317 4130/4632/317 3432/4635/3225 3307/4640/3225
f 3428/4641/317 3434/4636/3420 4131/4634/317
f 3429/4638/317 3428/4641/317 4131/4634/317 4129/4631/317
f 4132/4642/217 4134/4645/217 4135/4644/3422 4133/4643/3421
f 4133/4643/3421 4135/4644/3422 4137/4647/3424 4136/4646/3423
f 4134/4645/217 3432/4649/3225 3433/4648/3419 4135/4644/3422
f 4135/4644/3422 3433/4648/3419 3434/4650/3420 4137/4647/3424
f 3306/3896/217 3436/4652/217 4132/4642/217 3437/4651/217
f 3437/4651/217 4132/4642/217 4133/4643/3421 3438/4653/3425
f 3438/4653/3425 4133/4643/3421 4136/4646/3423 3439/4654/3085
f 3435/4655/217 3307/4656/3225 3432/4649/3225 4134/4645/217
f 3436/4652/217 3435/4655/217 4134/4645/217 4132/4642/217
f 4138/4657/3196 4140/4660/3196 4141/4659/3427 4139/4658/3426
f 4139/4658/3426 4141/4659/3427 4144/4662/3429 4146/4661/3428
f 4140/4660/3196 4142/4664/3431 4143/4663/3430 4141/4659/3427
f 4141/4659/3427 4143/4663/3430 4145/4665/3432 4144/4662/3429
f 3308/4259/3196 3442/4667/3196 4138/4657/3196 3443/4666/3196
f 3443/4666/3196 4138/4657/3196 4139/4658/3426 3444/4668/3433
f 3444/4668/3433 4139/4658/3426 4146/4661/3428 3445/4669/3434
f 3445/4670/3434 4146/4672/3428 3446/4671/3435
f 4143/4663/3430 3448/4674/3437 3310/4673/3436 4145/4665/3432
f 4142/4664/3431 4147/4675/3438 3448/4674/3437 4143/4663/3430
f 3440/4676/3439 3449/4677/3440 4147/4675/3438 4142/4664/3431
f 3441/4678/3196 3440/4676/3439 4142/4664/3431 4140/4660/3196
f 3442/4667/3196 3441/4678/3196 4140/4660/3196 4138/4657/3196
f 3447/4679/317 4146/4672/3428 4144/4680/3429
f 3309/3959/317 3446/4671/3435 3447/4679/317
f 3446/4671/3435 4146/4672/3428 3447/4679/317
f 3633/4062/3231 4406/4681/3441 4147/4675/3438 3449/4677/3440
f 4406/4681/3441 3448/4674/3437 4147/4675/3438
f 4148/4682/3442 4150/4685/3445 4157/4684/3444 4149/4683/3443
f 4149/4683/3443 4157/4684/3444 4156/4686/3446
f 4150/4685/3445 3460/4687/3447 4157/4684/3444
f 3315/3746/65 3451/4689/65 4148/4682/3442 3452/4688/65
f 3452/4688/65 4148/4682/3442 4149/4683/3443 3453/4690/3448
f 3453/4690/3448 4149/4683/3443 4156/4686/3446 3454/4691/3449
f 3450/4692/3450 3460/4687/3447 4150/4685/3445
f 3451/4689/65 3450/4692/3450 4150/4685/3445 4148/4682/3442
f 4151/4693/292 4154/4696/292 4155/4695/292 4152/4694/292
f 4152/4694/292 4155/4695/292 3459/4698/3452 4153/4697/3451
f 4154/4696/292 4156/4700/3446 4157/4699/3444 4155/4695/292
f 4155/4695/292 4157/4699/3444 3460/4701/3447 3459/4698/3452
f 3316/4054/292 3456/4703/292 4151/4693/292 3457/4702/292
f 3457/4702/292 4151/4693/292 4152/4694/292 3458/4704/3453
f 3458/4704/3453 4152/4694/292 4153/4697/3451 3317/4705/3266
f 3455/4706/292 3454/4707/3449 4156/4700/3446 4154/4696/292
f 3456/4703/292 3455/4706/292 4154/4696/292 4151/4693/292
f 4158/4708/3196 4161/4711/3196 4162/4710/3196 4159/4709/3196
f 4159/4709/3196 4162/4710/3196 4163/4713/3454 4160/4712/3395
f 4161/4711/3196 4164/4715/3456 4165/4714/3455 4162/4710/3196
f 4162/4710/3196 4165/4714/3455 4166/4716/3457 4163/4713/3454
f 3318/4250/3196 3463/4718/3196 4158/4708/3196 3464/4717/3196
f 3464/4717/3196 4158/4708/3196 4159/4709/3196 3465/4719/3196
f 3465/4719/3196 4159/4709/3196 4160/4712/3395 3466/4720/3458
f 4165/4714/3455 4167/4722/3460 4168/4721/3459 4166/4716/3457
f 4164/4715/3456 3469/4723/3461 4167/4722/3460 4165/4714/3455
f 3461/4724/3462 3470/4725/3463 3469/4723/3461 4164/4715/3456
f 3462/4726/3196 3461/4724/3462 4164/4715/3456 4161/4711/3196
f 3463/4718/3196 3462/4726/3196 4161/4711/3196 4158/4708/3196
f 3319/3756/3131 3467/4729/3394 4160/4728/3395 3468/4727/3396
f 3468/4727/3396 4160/4728/3395 4163/4730/3454
f 4166/4731/65 4168/4733/65 4474/4732/65
f 3467/4729/3394 3466/4734/3458 4160/4728/3395
f 3673/4295/3285 3469/4723/3461 3470/4725/3463
f 4476/4735/3464 4474/4736/3465 4168/4721/3459 4167/4722/3460
f 3469/4723/3461 4476/4735/3464 4167/4722/3460
f 3322/3963/317 4169/4738/3467 3472/4737/3466
f 4451/4739/317 3471/4741/3469 4170/4740/3468
f 4169/4738/3467 4451/4739/317 4170/4740/3468
f 4171/4742/3196 4174/4745/2266 4175/4744/3470 4172/4743/3196
f 4172/4743/3196 4175/4744/3470 4176/4747/3472 4173/4746/3471
f 4174/4745/2266 4169/4749/3467 4170/4748/3468 4175/4744/3470
f 4175/4744/3470 4170/4748/3468 3471/4750/3469 4176/4747/3472
f 3323/4255/3196 3475/4752/3196 4171/4742/3196 3476/4751/3196
f 3476/4751/3196 4171/4742/3196 4172/4743/3196 3477/4753/3196
f 3477/4753/3196 4172/4743/3196 4173/4746/3471 3478/4754/3471
f 3478/4754/3471 4173/4746/3471 4177/4756/3284 3479/4755/3284
f 4173/4746/3471 4176/4747/3472 4178/4757/3473 4177/4756/3284
f 4176/4747/3472 3471/4750/3469 3324/4758/3474 4178/4757/3473
f 3473/4759/3475 3472/4737/3466 4169/4738/3467
f 3474/4760/3476 3473/4761/3475 4169/4749/3467 4174/4745/2266
f 3475/4752/3196 3474/4760/3476 4174/4745/2266 4171/4742/3196
f 3662/4298/3281 3479/4755/3284 4177/4756/3284 4455/4762/3281
f 4455/4762/3281 4177/4756/3284 4178/4757/3473 4453/4763/3477
f 4453/4763/3477 4178/4757/3473 3324/4758/3474
f 4179/4764/317 4181/4767/317 4182/4766/3479 4180/4765/3478
f 4180/4765/3478 4182/4766/3479 4189/4769/3481 3687/4768/3480
f 4181/4767/317 4183/4770/3482 4182/4766/3479
f 3325/3973/317 3482/4772/317 4179/4764/317 3483/4771/317
f 3483/4771/317 4179/4764/317 4180/4765/3478 3484/4773/317
f 3484/4773/317 4180/4765/3478 3687/4768/3480
f 3481/4774/317 3480/4775/3483 4183/4770/3482 4181/4767/317
f 3482/4772/317 3481/4774/317 4181/4767/317 4179/4764/317
f 4505/4776/3484 3687/4778/3480 4189/4777/3481
f 4184/4779/292 4186/4782/3487 4187/4781/3486 4185/4780/3485
f 4185/4780/3485 4187/4781/3486 4182/4784/3479 4183/4783/3482
f 4186/4782/3487 4188/4786/3488 4505/4785/3484 4187/4781/3486
f 4187/4781/3486 4505/4785/3484 4189/4787/3481 4182/4784/3479
f 3326/4049/292 3486/4789/292 4184/4779/292 3487/4788/292
f 3487/4788/292 4184/4779/292 4185/4780/3485 3488/4790/3489
f 3488/4790/3489 4185/4780/3485 4183/4783/3482 3480/4791/3483
f 3485/4792/292 3327/4793/3268 4188/4786/3488 4186/4782/3487
f 3486/4789/292 3485/4792/292 4186/4782/3487 4184/4779/292
f 4190/4794/3196 4193/4797/3490 4194/4796/3490 4191/4795/3196
f 4191/4795/3196 4194/4796/3490 4195/4799/3196 4192/4798/3196
f 4193/4797/3490 4197/4801/3492 4196/4800/3491 4194/4796/3490
f 4194/4796/3490 4196/4800/3491 4195/4799/3196
f 3390/3852/3196 3491/4803/3493 4190/4794/3196 3492/4802/3196
f 3492/4802/3196 4190/4794/3196 4191/4795/3196 3493/4804/3196
f 3493/4804/3196 4191/4795/3196 4192/4798/3196 3494/4805/3196
f 3494/4805/3196 4192/4798/3196 3495/4806/3196 3272/4005/3196
f 4192/4798/3196 4195/4799/3196 3496/4807/3196 3495/4806/3196
f 4195/4799/3196 3497/4808/3196 3496/4807/3196
f 3489/4809/3144 3500/4811/3176 4197/4810/3492
f 3490/4812/217 3489/4809/3144 4197/4810/3492 4193/4813/3490
f 3491/4803/3493 3490/4814/217 4193/4797/3490 4190/4794/3196
s 0
f 4197/4810/3172 4199/4816/3172 4196/4815/3172
f 4196/4815/3171 4199/4816/3171 4200/4818/3171 4198/4817/3171
f 4197/4810/3171 4201/4820/3171 4202/4819/3171 4199/4816/3171
f 4199/4816/3171 4202/4819/3171 4203/4821/3171 4200/4818/3171
f 4196/4800/3494 4198/4822/3494 4195/4799/3494
f 4195/4799/3196 4198/4822/3196 3501/4823/3196 3497/4808/3196
f 4198/4817/3495 4200/4818/3495 3502/4825/3495 3501/4824/3495
f 4200/4818/3171 4203/4821/3171 3503/4826/3171 3502/4825/3171
f 4203/4821/3171 3504/4827/3171 4044/3847/3171 3503/4826/3171
f 4202/4819/3171 3505/4828/3171 3504/4827/3171 4203/4821/3171
f 4201/4820/3171 3506/4829/3171 3505/4828/3171 4202/4819/3171
f 3498/4830/3171 3271/3985/3171 3506/4829/3171 4201/4820/3171
f 3499/4831/3171 3498/4830/3171 4201/4820/3171 4197/4810/3171
f 3500/4811/3171 3499/4831/3171 4197/4810/3171
s 1
f 3275/3941/217 3513/4833/217 4206/4832/217 3508/3943/217
f 3508/3943/217 4206/4832/217 4204/3940/217
f 4205/4347/3496 3509/4835/3497 3273/4834/65
f 4205/4347/3496 3510/4836/3498 3509/4835/3497
f 3513/4833/217 3507/4837/217 4206/4832/217
s 0
f 4206/4838/3171 4207/4840/3171 4208/4839/3171 4204/3820/3171
f 4204/3820/3172 4208/4839/3172 4209/4841/3172 4205/3823/3172
f 4207/4840/3171 4210/4843/3171 4211/4842/3171 4208/4839/3171
f 4208/4839/3171 4211/4842/3171 4212/4844/3171 4209/4841/3171
f 4205/3823/3171 4209/4841/3171 3514/4846/3171 3510/4845/3171
f 4209/4841/3171 4212/4844/3171 3515/4847/3171 3514/4846/3171
f 4212/4844/3171 3516/4848/3171 3274/3990/3171 3515/4847/3171
f 4211/4842/3171 3517/4849/3171 3516/4848/3171 4212/4844/3171
f 4210/4843/3144 3518/4850/3144 3517/4849/3144 4211/4842/3144
f 3511/4851/3173 4241/4852/3173 3518/4850/3173 4210/4843/3173
f 3512/4853/3171 3511/4851/3171 4210/4843/3171 4207/4840/3171
f 3513/4854/3171 3512/4853/3171 4207/4840/3171 4206/4838/3171
s 1
f 4213/4855/3499 4214/4857/3501 3741/4856/3500
f 3741/4858/3502 4215/4860/3504 4216/4859/3503
f 4035/3866/3505 3341/4373/3507 4213/4861/3499 4608/3867/3506
f 4608/3867/3506 4213/4861/3499 3741/3869/3500
f 3741/3869/3502 4216/4862/3503 3740/3870/3298
f 3740/3870/3298 4216/4862/3503 3333/4863/3298 4024/3871/3298
f 4216/4859/3503 4215/4860/3504 3334/4340/3508 3333/4329/3298
f 4215/4860/3504 3335/4342/3343 3334/4340/3508
f 3343/4864/3509 3342/4866/292 4214/4865/3501
f 3341/4376/3507 3343/4377/3509 4214/4857/3501 4213/4855/3499
f 4044/3734/3510 3349/4410/3512 4217/3736/3511
f 3519/3732/65 4218/4867/3514 3853/3730/3513
f 3853/4868/3513 4218/4871/3514 3336/4870/3516 4024/4869/3515
f 4218/4872/3514 3337/4874/317 3336/4873/3516
f 3349/4413/3512 3350/4414/317 4217/4875/3511
f 4220/4308/317 4221/4878/317 4222/4877/317 3520/4876/3290
f 3520/4876/3290 4222/4877/317 4223/4879/317 4219/4318/317
f 4221/4878/317 4224/4881/317 4225/4880/317 4222/4877/317
f 4222/4877/317 4225/4880/317 4226/4882/317 4223/4879/317
f 4219/4318/317 4223/4879/317 3362/4459/317 3363/4309/317
f 4223/4879/317 4226/4882/317 3361/4457/317 3362/4459/317
f 4226/4882/317 3521/4229/317 3279/4230/3256 3361/4457/317
f 4225/4880/317 3522/4228/317 3521/4229/317 4226/4882/317
f 4224/4881/317 3523/4226/317 3522/4228/317 4225/4880/317
f 3345/4398/317 3277/4225/3254 3523/4226/317 4224/4881/317
f 3344/4401/317 3345/4398/317 4224/4881/317 4221/4878/317
f 3525/3945/317 3344/4401/317 4221/4878/317 4220/4308/317
f 3908/4004/3196 4228/4011/3493 4231/4883/3243 3909/4003/3219
f 3909/4003/3219 4231/4883/3243 4229/4885/3518 4227/4884/3517
f 4228/4886/3493 4230/4888/3519 4231/4887/3243
f 4228/4889/3222 3352/4892/3340 3908/4891/3196 3754/4890/3221
f 3909/4003/3219 4227/4884/3517 3905/4002/3218
f 3905/4002/3520 4227/4884/3522 3366/4894/3521 4241/4893/3520
f 4227/4895/3522 4229/4896/3524 3365/4472/3523 3366/4471/3521
f 4229/4896/3524 3280/4897/3525 3365/4472/3523
f 3353/4435/3342 3278/4436/3343 4230/4888/3519 4228/4886/3493
f 3352/4433/3340 3353/4434/3342 4228/4011/3493 3908/4004/3196
f 4230/4888/3519 4232/4898/3526 4231/4887/3243
f 4231/4871/3243 4227/4900/3527 4229/4899/3518
f 4231/4901/3243 3905/4350/3244 4227/4902/3527
f 4232/4903/3526 3524/4905/3242 4231/4904/3243
f 3355/4447/3345 4044/4444/3241 3524/4905/3242 4232/4903/3526
f 3354/4451/3343 3355/4452/3345 4232/4898/3526 4230/4888/3519
f 3278/4436/3343 3354/4451/3343 4230/4888/3519
f 4233/4906/217 4235/4909/3528 4236/4908/3225 4234/4907/3497
f 4234/4910/3497 4236/4910/3225 4239/4910/3497
f 4235/4909/3528 4238/4912/3497 4237/4911/3223 4236/4908/3225
f 4236/4908/3225 4237/4911/3223 4239/4913/3497
f 4241/4914/3348 3511/4915/317 4233/4906/217
f 4241/4910/3348 4233/4910/217 4234/4910/3497
f 4241/4910/3348 4234/4910/3497 4239/4910/3497
f 3513/4916/217 3507/4917/217 4238/4912/217
f 3512/4918/217 3513/4916/217 4238/4912/3497 4235/4909/3528
f 3511/4915/317 3512/4918/217 4235/4909/3528 4233/4906/217
f 4238/4912/3497 4240/4919/3225 4236/4908/217 4237/4911/3223
f 4237/4911/3223 4236/4908/217 4241/4914/3348 4239/4913/3497
f 4236/4920/217 3526/4923/65 4055/4922/317 4241/4921/3348
f 4240/4314/3225 3527/4314/3225 3526/4314/65 4236/4314/217
f 3513/4924/217 3275/4312/217 3527/4313/3225 4240/4925/3225
f 3513/4910/217 4240/4910/3225 4238/4910/3497
f 4246/4926/3490 4244/4928/3493 4242/4927/3529
f 4242/4927/3529 4244/4928/3493 4245/4930/3493 4243/4929/3530
f 4246/4926/3490 4247/4931/3196 4244/4928/3493
f 4244/4928/3493 4247/4931/3196 4248/4932/3196 4245/4930/3493
f 4044/4933/3329 4246/4926/3490 4242/4927/3529
f 4044/3847/3329 4242/4935/3529 4243/4934/3530
f 4044/3847/3329 4243/4934/3530 3503/4826/3531
f 4243/4929/3530 4245/4930/3493 3502/4937/3196 3503/4936/3531
f 4245/4930/3493 4248/4932/3196 3501/4823/3494 3502/4937/3196
f 4248/4932/3196 3497/4808/3196 3501/4823/3494
f 4246/4926/3490 4249/4939/3532 4250/4938/3196 4247/4931/3196
f 4247/4931/3196 4250/4938/3196 4251/4940/3196 4248/4932/3196
f 4249/4939/3532 4252/4942/3533 4253/4941/3196 4250/4938/3196
f 4250/4938/3196 4253/4941/3196 4254/4943/3196 4251/4940/3196
f 4248/4932/3196 4251/4940/3196 3496/4807/3196 3497/4808/3196
f 4251/4940/3196 4254/4943/3196 3495/4806/3196 3496/4807/3196
f 4254/4943/3196 3528/4007/3196 3272/4005/3196 3495/4806/3196
f 4253/4941/3196 3529/4012/3196 3528/4007/3196 4254/4943/3196
f 4252/4942/3533 3530/4010/3220 3529/4012/3196 4253/4941/3196
f 3355/4944/3341 4228/4011/3222 3530/4010/3220 4252/4942/3533
f 3351/4423/3339 3355/4944/3341 4252/4942/3533 4249/4939/3532
f 4044/4933/3329 3351/4423/3339 4249/4939/3532 4246/4926/3490
f 4255/4027/317 4256/4947/317 4257/4946/317 3913/4945/3225
f 3913/4945/3225 4257/4946/317 4258/4948/317 3911/3933/317
f 4256/4947/317 4259/4950/317 4260/4949/317 4257/4946/317
f 4257/4946/317 4260/4949/317 4261/4951/317 4258/4948/317
f 3911/3933/317 4258/4948/317 3380/4518/317 3381/3932/317
f 4258/4948/317 4261/4951/317 3379/4516/317 3380/4518/317
f 4261/4951/317 3531/4109/317 3284/4110/317 3379/4516/317
f 4260/4949/317 3532/4108/317 3531/4109/317 4261/4951/317
f 4259/4950/317 3533/4106/317 3532/4108/317 4260/4949/317
f 3400/4562/317 3288/4105/317 3533/4106/317 4259/4950/317
f 3399/4564/317 3400/4562/317 4259/4950/317 4256/4947/317
f 3398/4024/317 3399/4564/317 4256/4947/317 4255/4027/317
f 4262/4044/3291 4264/4953/292 4265/4952/292 3745/4043/3291
f 3745/4043/3291 4265/4952/292 4266/4954/292 4263/4041/3291
f 4264/4953/292 4267/4956/292 4268/4955/292 4265/4952/292
f 4265/4952/292 4268/4955/292 4269/4957/292 4266/4954/292
f 4263/4041/3291 4266/4954/292 3373/4497/292 3555/4040/3291
f 4266/4954/292 4269/4957/292 3372/4495/292 3373/4497/292
f 4269/4957/292 3534/4204/292 3282/4205/292 3372/4495/292
f 4268/4955/292 3535/4203/292 3534/4204/292 4269/4957/292
f 4267/4956/292 3536/4201/292 3535/4203/292 4268/4955/292
f 3383/4530/292 3285/4200/292 3536/4201/292 4267/4956/292
f 3382/4533/292 3383/4530/292 4267/4956/292 4264/4953/292
f 3543/4045/3291 3382/4533/292 4264/4953/292 4262/4044/3291
f 4271/3744/65 4273/4959/65 4274/4958/65 4270/3741/65
f 4270/3741/65 4274/4958/65 4275/4960/65 4272/3850/65
f 4273/4959/65 4276/4962/65 4277/4961/65 4274/4958/65
f 4274/4958/65 4277/4961/65 4278/4963/65 4275/4960/65
f 4272/3850/65 4275/4960/65 3388/4540/65 3389/3856/65
f 4275/4960/65 4278/4963/65 3387/4538/65 3388/4540/65
f 4278/4963/65 3537/4084/65 3286/4085/65 3387/4538/65
f 4277/4961/65 3538/4083/65 3537/4084/65 4278/4963/65
f 4276/4962/65 3539/4081/65 3538/4083/65 4277/4961/65
f 3375/4507/65 3283/4080/65 3539/4081/65 4276/4962/65
f 3374/4509/65 3375/4507/65 4276/4962/65 4273/4959/65
f 3556/3742/65 3374/4509/65 4273/4959/65 4271/3744/65
f 4279/4964/3210 4282/4967/3238 4283/4966/3238 4280/4965/3209
f 4280/4965/3209 4283/4966/3238 4284/4969/3238 4281/4968/3211
f 4282/4967/3238 4285/4971/3238 4286/4970/3238 4283/4966/3238
f 4283/4966/3238 4286/4970/3238 4287/4972/3238 4284/4969/3238
f 4281/4968/3211 4284/4969/3238 3407/4576/3238 3408/4577/3214
f 4284/4969/3238 4287/4972/3238 3406/4574/3238 3407/4576/3238
f 4287/4972/3238 3540/4134/3238 3289/4135/3238 3406/4574/3238
f 4286/4970/3238 3541/4133/3238 3540/4134/3238 4287/4972/3238
f 4285/4971/3238 3542/4131/3238 3541/4133/3238 4286/4970/3238
f 3394/4552/3238 3287/4130/3238 3542/4131/3238 4285/4971/3238
f 3393/4555/3238 3394/4552/3238 4285/4971/3238 4282/4967/3238
f 3392/4556/3216 3393/4555/3238 4282/4967/3238 4279/4964/3210
f 4289/4973/3534 4292/4976/3535 4293/4975/3171 4290/4974/3171
f 4290/4974/3171 4293/4975/3171 4294/4978/3171 4291/4977/3171
f 4292/4976/3535 4295/3824/3537 4296/4979/3536 4293/4975/3171
f 4293/4975/3171 4296/4979/3536 4297/4980/3530 4294/4978/3171
f 3408/3994/3214 4100/4981/3391 4289/4973/3534 3546/3993/3213
f 3546/3993/3213 4289/4973/3534 4290/4974/3171 3547/3992/3212
f 3547/3992/3212 4290/4974/3171 4291/4977/3171 3548/3991/3171
f 3548/3991/3171 4291/4977/3171 3515/4847/3171 3274/3990/3171
f 4291/4977/3171 4294/4978/3171 3514/4846/3171 3515/4847/3171
f 4294/4978/3171 4297/4980/3530 3510/4845/3498 3514/4846/3171
f 4103/4982/3392 4104/4983/3224 4295/3824/3537 4292/4976/3535
f 4100/4981/3391 4103/4982/3392 4292/4976/3535 4289/4973/3534
f 4295/4984/3537 4104/4987/3224 4298/4986/3497 4296/4985/3536
f 4296/4988/3536 4298/4991/3497 4299/4990/3223 4297/4989/3530
f 4297/4989/3530 4299/4990/3223 3509/4993/3497 3510/4992/3498
f 4299/4990/3223 3549/4995/3225 3273/4994/65 3509/4993/3497
f 4298/4991/3497 3550/4996/65 3549/4995/3225 4299/4990/3223
f 4104/4987/3224 4097/4998/317 3550/4997/65 4298/4986/3497
f 3390/3843/3383 4302/5000/3530 4300/4999/3538
f 4300/5001/3538 4302/5004/3530 4303/5003/3530 4301/5002/3493
f 3390/3843/3383 4304/5006/3539 4305/5005/3171 4302/5000/3530
f 4302/5000/3530 4305/5005/3171 4306/5008/3171 4303/5007/3530
f 3389/5009/3540 4086/5011/3382 3390/5010/3383
f 3389/5012/3540 3390/3843/3383 4300/4999/3538 4086/5013/3198
f 4086/3855/3198 4300/5015/3538 4301/5014/3493 3551/3854/3197
f 3551/3853/3197 4301/5016/3493 3491/4803/3493 3390/3852/3196
f 4301/5016/3493 4303/5017/3530 3490/4814/217 3491/4803/3493
f 4303/5007/3530 4306/5008/3171 3489/4809/3144 3490/4812/217
f 4306/5008/3171 3500/4811/3176 3489/4809/3144
f 4304/5006/3539 4307/5019/3541 4308/5018/3171 4305/5005/3171
f 4305/5005/3171 4308/5018/3171 4309/5020/3171 4306/5008/3171
f 4307/5019/3541 4310/5022/3542 4311/5021/3171 4308/5018/3171
f 4308/5018/3171 4311/5021/3171 4312/5023/3171 4309/5020/3171
f 4306/5008/3171 4309/5020/3171 3499/4831/3171 3500/4811/3176
f 4309/5020/3171 4312/5023/3171 3498/4830/3171 3499/4831/3171
f 4312/5023/3171 3552/3987/3171 3271/3985/3171 3498/4830/3171
f 4311/5021/3171 3553/3997/3217 3552/3987/3171 4312/5023/3171
f 4310/5022/3542 3554/3995/3215 3553/3997/3217 4311/5021/3171
f 3391/5024/3385 3392/3996/3216 3554/3995/3215 4310/5022/3542
f 4093/5025/3384 3391/5024/3385 4310/5022/3542 4307/5019/3541
f 3390/3843/3383 4093/5025/3384 4307/5019/3541 4304/5006/3539
f 4314/5026/3543 4317/5029/3546 4319/5028/3545 4315/5027/3544
f 4315/5027/3544 4319/5028/3545 4318/5031/3548 4316/5030/3547
f 3288/4105/317 3401/4561/317 4314/5026/3543 3557/4107/317
f 3557/4107/317 4314/5026/3543 4315/5027/3544 3558/4120/317
f 3558/4120/317 4315/5027/3544 4316/5030/3547 3559/4118/317
f 3559/4118/317 4316/5030/3547 3560/5032/317 3297/4119/317
f 4316/5030/3547 4318/5031/3548 3561/5033/3549 3560/5032/317
f 3401/4561/317 3402/4563/3388 4317/5029/3546 4314/5026/3543
f 4317/5034/3546 4320/5037/3551 4321/5036/3550 4319/5035/3545
f 4319/5035/3545 4321/5036/3550 4322/5039/3552 4318/5038/3548
f 4320/5037/3551 4323/5041/3238 4324/5040/3238 4321/5036/3550
f 4321/5036/3550 4324/5040/3238 4325/5042/3238 4322/5039/3552
f 4318/5038/3548 4322/5039/3552 3562/5044/3553 3561/5043/3549
f 4322/5039/3552 4325/5042/3238 3563/5045/3238 3562/5044/3553
f 4325/5042/3238 3564/4138/3238 3296/4139/3238 3563/5045/3238
f 4324/5040/3238 3565/4137/3238 3564/4138/3238 4325/5042/3238
f 4323/5041/3238 3566/4136/3238 3565/4137/3238 4324/5040/3238
f 3405/4575/3238 3289/4135/3238 3566/4136/3238 4323/5041/3238
f 3404/4578/3393 3405/4575/3238 4323/5041/3238 4320/5037/3551
f 3402/4579/3388 3404/4578/3393 4320/5037/3551 4317/5034/3546
f 4326/5046/3380 4329/5049/3381 4330/5048/3381 4327/5047/3380
f 4327/5047/3380 4330/5048/3381 4331/5051/3381 4328/5050/3380
f 3294/4089/65 3567/5052/3380 4326/5046/3380 3568/4088/65
f 3568/4088/65 4326/5046/3380 4327/5047/3380 3569/4087/65
f 3569/4087/65 4327/5047/3380 4328/5050/3380 3570/4086/65
f 3570/4086/65 4328/5050/3380 3386/4539/3380 3286/4085/65
f 4328/5050/3380 4331/5051/3381 3397/4541/3381 3386/4539/3380
f 3567/5052/3380 3573/5053/3381 4329/5049/3381 4326/5046/3380
f 4329/5054/3381 4332/5057/3238 4333/5056/3238 4330/5055/3381
f 4330/5055/3381 4333/5056/3238 4334/5059/3238 4331/5058/3381
f 4332/5057/3238 4335/5061/3238 4336/5060/3238 4333/5056/3238
f 4333/5056/3238 4336/5060/3238 4337/5062/3238 4334/5059/3238
f 4331/5058/3381 4334/5059/3238 3396/4553/3238 3397/4554/3381
f 4334/5059/3238 4337/5062/3238 3395/4551/3238 3396/4553/3238
f 4337/5062/3238 3574/4132/3238 3287/4130/3238 3395/4551/3238
f 4336/5060/3238 3575/4145/3238 3574/4132/3238 4337/5062/3238
f 4335/5061/3238 3576/4143/3238 3575/4145/3238 4336/5060/3238
f 3571/5063/3238 3295/4144/3238 3576/4143/3238 4335/5061/3238
f 3572/5064/3238 3571/5063/3238 4335/5061/3238 4332/5057/3238
f 3573/5065/3381 3572/5064/3238 4332/5057/3238 4329/5054/3381
f 4338/5066/3366 4341/5069/3364 4342/5068/3364 4339/5067/3366
f 4339/5067/3366 4342/5068/3364 4343/5071/3364 4340/5070/3366
f 3283/4080/65 3376/4506/3366 4338/5066/3366 3577/4082/65
f 3577/4082/65 4338/5066/3366 4339/5067/3366 3578/4095/65
f 3578/4095/65 4339/5067/3366 4340/5070/3366 3579/4093/65
f 3579/4093/65 4340/5070/3366 3580/5072/3366 3291/4094/65
f 4340/5070/3366 4343/5071/3364 3581/5073/3364 3580/5072/3366
f 3376/4506/3366 3369/4508/3364 4341/5069/3364 4338/5066/3366
f 4341/5074/3364 4344/5077/292 4345/5076/292 4342/5075/3364
f 4342/5075/3364 4345/5076/292 4346/5079/292 4343/5078/3364
f 4344/5077/292 4347/5081/292 4348/5080/292 4345/5076/292
f 4345/5076/292 4348/5080/292 4349/5082/292 4346/5079/292
f 4343/5078/3364 4346/5079/292 3582/5084/292 3581/5083/3364
f 4346/5079/292 4349/5082/292 3583/5085/292 3582/5084/292
f 4349/5082/292 3584/4208/292 3290/4209/292 3583/5085/292
f 4348/5080/292 3585/4207/292 3584/4208/292 4349/5082/292
f 4347/5081/292 3586/4206/292 3585/4207/292 4348/5080/292
f 3371/4496/292 3282/4205/292 3586/4206/292 4347/5081/292
f 3370/4498/292 3371/4496/292 4347/5081/292 4344/5077/292
f 3369/4499/3364 3370/4498/292 4344/5077/292 4341/5074/3364
f 4350/5086/317 4354/5089/3555 4355/5088/3554 4351/5087/317
f 4351/5087/317 4355/5088/3554 4353/5091/3556 4352/5090/317
f 3292/4114/317 3588/5092/317 4350/5086/317 3589/4113/317
f 3589/4113/317 4350/5086/317 4351/5087/317 3590/4112/317
f 3590/4112/317 4351/5087/317 4352/5090/317 3591/4111/317
f 3591/4111/317 4352/5090/317 3378/4517/3374 3284/4110/317
f 4352/5090/317 4353/5091/3556 3377/4519/3375 3378/4517/3374
f 3588/5092/317 3587/5093/3557 4354/5089/3555 4350/5086/317
f 4354/5094/3555 4356/5097/3559 4357/5096/3558 4355/5095/3554
f 4355/5095/3554 4357/5096/3558 4358/5099/3560 4353/5098/3556
f 4356/5097/3559 4359/5101/292 4360/5100/292 4357/5096/3558
f 4357/5096/3558 4360/5100/292 4361/5102/292 4358/5099/3560
f 4353/5098/3556 4358/5099/3560 3385/4531/3379 3377/4532/3375
f 4358/5099/3560 4361/5102/292 3384/4529/292 3385/4531/3379
f 4361/5102/292 3594/4202/292 3285/4200/292 3384/4529/292
f 4360/5100/292 3595/4215/292 3594/4202/292 4361/5102/292
f 4359/5101/292 3596/4213/292 3595/4215/292 4360/5100/292
f 3592/5103/292 3293/4214/292 3596/4213/292 4359/5101/292
f 3593/5104/3561 3592/5103/292 4359/5101/292 4356/5097/3559
f 3587/5105/3557 3593/5104/3561 4356/5097/3559 4354/5094/3555
f 4362/5106/3562 4363/5108/3564 4364/5107/3563
f 4241/4160/3360 3367/4481/3361 4362/5109/3562 3597/4161/3565
f 3597/4161/3565 4362/5109/3562 4364/5110/3563 3598/4162/3566
f 3598/5111/3566 4364/5113/3563 4365/5112/317
f 3368/4484/3292 3281/4485/3349 4363/5108/3564
f 3367/4483/3361 3368/4484/3292 4363/5108/3564 4362/5106/3562
f 3279/4230/3567 4366/5115/3568 4364/5114/3563
f 3281/4485/3349 3279/5116/3567 4363/5108/3564
f 4363/5108/3564 3279/5116/3567 4364/5107/3563
f 4364/5113/3563 3766/5117/3225 4365/5112/317
f 4366/5118/3568 3600/5121/3257 3766/5120/3225 4364/5119/3563
f 3360/5122/317 3279/5123/3256 3600/5121/3257 4366/5118/3568
f 3359/4460/317 3360/4458/317 4366/5115/3568 3279/4230/3567
f 3281/4461/3349 3359/4460/317 3279/4230/3567
f 3764/5124/317 4368/5126/3570 3601/5125/3569
f 3601/5127/3569 4368/5130/3570 3603/5129/3572 4367/5128/3571
f 3764/5131/317 4369/5133/3258 4368/5132/3570
f 4368/5132/3570 4369/5133/3258 3603/5134/3572
f 3601/3881/3569 4367/5135/3571 3602/3868/3573
f 3602/3868/3573 4367/5135/3571 3340/4375/3320 4035/3866/3318
f 4367/5128/3571 3603/5129/3572 3339/4379/3321 3340/4381/3320
f 3603/5129/3572 3348/4380/3322 3339/4379/3321
f 4369/4240/3258 4370/5137/3574 3603/5136/3572
f 3603/5136/3572 3347/4399/318 3348/4400/3322
f 3603/5136/3572 4370/5137/3574 3346/4397/317 3347/4399/318
f 4370/5138/3574 3765/5141/3255 3277/5140/3254 3346/5139/317
f 4369/5142/3258 3765/5141/3255 4370/5138/3574
f 4374/5143/3575 4372/5145/3576 4371/5144/217
f 4024/3871/3292 3332/5147/3292 4374/5146/3575 3605/3872/3292
f 3605/3872/3292 4374/5146/3575 4371/5148/217 3755/3873/292
f 3755/5149/292 4371/5151/217 4373/5150/217
f 3331/4359/3577 3276/4362/217 4372/5145/3576
f 3332/4358/3292 3331/4359/3577 4372/5145/3576 4374/5143/3575
f 3608/5152/3578 3609/5154/3578 3759/5153/3578
f 3759/4170/3579 4376/5155/3581 3760/4157/3580
f 3760/4157/3580 4376/5155/3581 3356/5156/3580 4044/4155/3580
f 4376/5157/3581 4375/5160/292 3357/5159/292 3356/5158/3580
f 4375/5160/292 3358/5161/292 3357/5159/292
f 3609/5162/3582 3759/4170/3582 4376/5155/3582 4375/5163/3582
f 4377/5164/65 4380/5167/3584 4381/5166/3583 4378/5165/65
f 4378/5165/65 4381/5166/3583 4382/5169/3586 4379/5168/3585
f 4380/5167/3584 4383/5171/3587 4116/5170/3405 4381/5166/3583
f 4381/5166/3583 4116/5170/3405 4382/5169/3586
f 3302/3764/65 3610/5172/65 4377/5164/65 3611/3766/3123
f 3611/3766/3123 4377/5164/65 4378/5165/65 3612/3763/3130
f 3612/3763/3130 4378/5165/65 4379/5168/3585 3613/3761/3133
f 3613/3761/3133 4379/5168/3585 3409/4582/3396 3298/3760/3131
f 4379/5168/3585 4382/5169/3586 4112/4584/3398 3409/4582/3396
f 4382/5169/3586 4116/5170/3405 4113/5173/3401 4112/4584/3398
f 4383/5174/3588 3617/5176/3588 3614/5175/3588
f 4411/5177/3589 4383/5171/3587 4380/5167/3584
f 3610/5172/65 4411/5177/3589 4380/5167/3584 4377/5164/65
f 4383/5178/3587 4384/5180/3591 4385/5179/3590
f 4384/5180/3591 4386/5181/3592 4387/4604/3231 4385/5179/3590
f 4383/5178/3587 4385/5179/3590 4115/4600/3404 4116/4601/3405
f 4385/5179/3590 4387/4604/3231 4115/4600/3404
f 4386/5181/3592 3619/4068/3232 3618/4070/3227 4387/4604/3231
f 3615/5182/3593 3303/4069/3237 3619/4068/3232 4386/5181/3592
f 3616/5183/3594 3615/5182/3593 4386/5181/3592 4384/5180/3591
f 3617/5184/3595 3616/5183/3594 4384/5180/3591 4383/5178/3587
f 4388/5185/3196 4391/5188/3196 4392/5187/3196 4389/5186/3196
f 4389/5186/3196 4392/5187/3196 4393/5190/3196 4390/5189/3196
f 4391/5188/3196 4394/5192/3597 4395/5191/3596 4392/5187/3196
f 4392/5187/3196 4395/5191/3596 4396/5193/3596 4393/5190/3196
f 3299/4264/3196 3414/4594/3196 4388/5185/3196 3620/4262/3196
f 3620/4262/3196 4388/5185/3196 4389/5186/3196 3621/4261/3196
f 3621/4261/3196 4389/5186/3196 4390/5189/3196 3622/4260/3196
f 3622/4260/3196 4390/5189/3196 3442/4667/3196 3308/4259/3196
f 4390/5189/3196 4393/5190/3196 3441/4678/3196 3442/4667/3196
f 4393/5190/3196 4396/5193/3596 3440/4676/3439 3441/4678/3196
f 4396/5193/3596 3623/4059/3229 3449/4677/3440 3440/4676/3439
f 4395/5191/3596 4397/5194/3598 3623/4059/3229 4396/5193/3596
f 4394/5192/3597 3624/4056/3226 4397/5194/3598 4395/5191/3596
f 3416/4597/426 3417/4598/3402 3624/4056/3226 4394/5192/3597
f 3415/4596/3196 3416/4597/426 4394/5192/3597 4391/5188/3196
f 3414/4594/3196 3415/4596/3196 4391/5188/3196 4388/5185/3196
f 3623/4059/3229 3633/4062/3231 3449/4677/3440
f 4397/5194/3598 3923/4057/3227 3623/4059/3229
f 3624/4056/3226 3923/4057/3227 4397/5194/3598
f 3417/4598/3402 3618/4070/3227 3624/4056/3226
f 4398/5195/317 4401/5198/317 4402/5197/317 4399/5196/317
f 4399/5196/317 4402/5197/317 4403/5200/317 4400/5199/317
f 4401/5198/317 3310/5201/3436 4402/5197/317
f 4402/5197/317 3310/5201/3436 4404/5202/3599 4403/5200/317
f 3309/3959/317 3447/4679/317 4398/5195/317 3625/3961/317
f 3625/3961/317 4398/5195/317 4399/5196/317 3626/3958/317
f 3626/3958/317 4399/5196/317 4400/5199/317 3627/3956/317
f 3627/3956/317 4400/5199/317 3628/5203/317 3312/3955/317
f 4400/5199/317 4403/5200/317 3629/5204/317 3628/5203/317
f 4403/5200/317 4404/5202/3599 3630/5205/3600 3629/5204/317
f 4144/4680/3429 4145/5206/3432 3310/5201/3436 4401/5198/317
f 3447/4679/317 4144/4680/3429 4401/5198/317 4398/5195/317
f 4404/5207/3599 3448/4674/3437 4405/5208/3601
f 4404/5207/3599 4405/5208/3601 3630/5209/3600
f 3448/4674/3437 4406/4681/3441 4405/5208/3601
f 4405/5208/3601 4406/4681/3441 4407/5210/3602
f 3630/5209/3600 4405/5208/3601 4420/5212/3604 3314/5211/3603
f 4405/5208/3601 4407/5210/3602 3631/5213/3605 4420/5212/3604
f 4407/5210/3602 3632/4063/3232 3313/4064/3233 3631/5213/3605
f 4406/4681/3441 3633/4062/3231 3632/4063/3232 4407/5210/3602
f 3310/4673/3436 3448/4674/3437 4404/5207/3599
f 4408/5214/65 4427/5216/3606 4411/5177/3589 4409/5215/65
f 4409/5215/65 4411/5177/3589 4410/5217/65
f 4427/5216/3606 4412/5219/3607 3617/5218/3595 4411/5177/3589
f 3304/5220/65 3634/5221/3608 4408/5214/65 3635/3768/65
f 3635/3768/65 4408/5214/65 4409/5215/65 3636/3767/3135
f 3636/3767/3135 4409/5215/65 4410/5217/65 3637/3765/3129
f 3637/3765/3129 4410/5217/65 3610/5172/65 3302/3764/65
f 4410/5217/65 4411/5177/3589 3610/5172/65
f 4411/5177/3589 3617/5218/3595 4383/5171/3587
f 4412/5222/3607 4413/5223/3609 3617/5184/3595
f 4113/5224/3610 4413/5227/3609 4412/5226/3607 4427/5225/3606
f 3634/5228/3608 4113/5224/3611 4427/5225/3606 4408/5229/65
f 4413/5223/3609 4414/5230/3612 3616/5183/3594 3617/5184/3595
f 4414/5230/3612 4415/5231/3613 3615/5182/3593 3616/5183/3594
f 4415/5231/3613 3639/3697/3080 3303/4069/3237 3615/5182/3593
f 3638/5232/3614 3639/3697/3080 4415/5231/3613
f 4414/5230/3612 3638/5232/3614 4415/5231/3613
f 4416/5233/317 3629/5204/317 4417/5234/317
f 4417/5234/317 3629/5204/317 4433/5236/3616 4418/5235/3615
f 3629/5204/317 3630/5205/3600 4419/5237/3617
f 3629/5204/317 4419/5237/3617 4433/5236/3616
f 3312/3955/317 3628/5203/317 4416/5233/317 3640/3957/317
f 3640/3957/317 4416/5233/317 4417/5234/317 3641/3954/317
f 3641/3954/317 4417/5234/317 4418/5235/3615 3648/3953/317
f 3648/5238/317 4418/5241/3615 3642/5240/3618 3311/5239/3580
f 4418/5241/3615 4433/5243/3616 4145/5242/3432 3642/5240/3618
f 4433/5243/3616 4419/5245/3617 4435/5244/3619 4145/5242/3432
f 3630/5205/3600 3314/5246/3603 4419/5237/3617
f 3628/5203/317 3629/5204/317 4416/5233/317
f 4419/5247/3617 4420/5212/3604 4435/5248/3619
f 4435/5248/3619 4420/5212/3604 4421/5249/3620
f 4420/5212/3604 3631/5213/3605 4422/5250/3621
f 4420/5212/3604 4422/5250/3621 3643/5251/3622 4421/5249/3620
f 4422/5250/3621 3644/3700/3083 3643/5251/3622
f 3631/5213/3605 3313/4064/3233 3644/3700/3083 4422/5250/3621
f 3314/5211/3603 4420/5212/3604 4419/5247/3617
f 4423/5252/65 4426/5254/3624 4427/5216/3623 4424/5253/65
f 4424/5253/65 4427/5216/3623 4425/5255/3625
f 4426/5254/3624 4413/5256/3609 4427/5216/3623
f 3300/3770/65 3420/4611/65 4423/5252/65 3645/3772/65
f 3645/3772/65 4423/5252/65 4424/5253/65 3646/3769/3127
f 3646/3769/3127 4424/5253/65 4425/5255/3625 3635/3768/65
f 3635/3768/65 4425/5255/3625 3634/5221/3608 3304/5220/65
f 4425/5255/3625 4427/5216/3623 4113/5173/3611 3634/5221/3608
f 4427/5216/3623 4413/5256/3609 4113/5173/3610
f 4413/5256/3609 4122/4609/3410 4428/5257/3626
f 3421/4613/3412 4122/4609/3410 4413/5256/3609 4426/5254/3624
f 3420/4611/65 3421/4613/3412 4426/5254/3624 4423/5252/65
f 4122/5258/3410 4121/5261/3417 4429/5260/3627 4428/5259/3626
f 4121/5261/3417 4120/5262/3418 3638/5232/3614 4429/5260/3627
f 4428/5259/3626 4429/5260/3627 4414/5230/3612 4413/5223/3609
f 4429/5260/3627 3638/5232/3614 4414/5230/3612
f 3638/5232/3614 3647/3699/3082 3639/3697/3080
f 4120/5262/3418 3422/3703/3086 3647/3699/3082 3638/5232/3614
f 4430/5263/317 4433/5236/317 4431/5264/317
f 4431/5264/317 4433/5236/317 4434/5266/317 4432/5265/317
f 4433/5236/317 4435/5267/3619 4434/5266/317
f 3311/5268/3580 3642/5269/3618 4430/5263/317 3648/3953/317
f 3648/3953/317 4430/5263/317 4431/5264/317 3649/3952/317
f 3649/3952/317 4431/5264/317 4432/5265/317 3650/3950/317
f 3650/3950/317 4432/5265/317 3429/4638/317 3305/3949/317
f 4432/5265/317 4434/5266/317 3428/4641/317 3429/4638/317
f 4434/5266/317 4435/5267/3619 3434/4636/3420 3428/4641/317
f 4435/5267/3619 3651/5270/3628 3434/4636/3420
f 4145/5206/3432 4435/5267/3619 4433/5236/317
f 3642/5269/3618 4145/5206/3432 4433/5236/317 4430/5263/317
f 3651/5271/3628 4436/5274/3629 4137/5273/3424 3434/5272/3420
f 4436/5274/3629 3643/5251/3622 4136/5275/3423 4137/5273/3424
f 3643/5251/3622 3652/3701/3084 3439/3702/3085 4136/5275/3423
f 3643/5251/3622 3644/3700/3083 3652/3701/3084
f 4421/5249/3620 3643/5251/3622 4436/5274/3629
f 4435/5248/3619 4421/5249/3620 4436/5274/3629 3651/5271/3628
f 4437/5276/217 4440/5279/3630 4441/5278/3630 4438/5277/217
f 4438/5277/217 4441/5278/3630 4442/5281/3631 4439/5280/217
f 4440/5279/3630 4444/5283/3079 4443/5282/3076 4441/5278/3630
f 4441/5278/3630 4443/5282/3076 4445/5284/3077 4442/5281/3631
f 3306/3896/217 3437/4651/217 4437/5276/217 3653/3895/217
f 3653/3895/217 4437/5276/217 4438/5277/217 3654/3894/217
f 3654/3894/217 4438/5277/217 4439/5280/217 3655/3892/217
f 3655/3892/217 4439/5280/217 3424/4626/217 3301/3891/217
f 4439/5280/217 4442/5281/3631 3423/4629/3416 3424/4626/217
f 4442/5281/3631 4445/5284/3077 3422/4630/3086 3423/4629/3416
f 3438/4653/3425 3439/4654/3085 4444/5283/3079 4440/5279/3630
f 3437/4651/217 3438/4653/3425 4440/5279/3630 4437/5276/217
f 4446/5285/317 4449/5288/317 4450/5287/317 4447/5286/317
f 4447/5286/317 4450/5287/317 4451/4739/317 4448/5289/317
f 4449/5288/317 3660/5291/3632 3324/5290/317 4450/5287/317
f 4450/5287/317 3324/5290/317 3471/4741/3469 4451/4739/317
f 3328/3967/317 3656/5292/317 4446/5285/317 3657/3969/317
f 3657/3969/317 4446/5285/317 4447/5286/317 3658/3966/317
f 3658/3966/317 4447/5286/317 4448/5289/317 3659/3964/317
f 3659/3964/317 4448/5289/317 4169/4738/3467 3322/3963/317
f 4448/5289/317 4451/4739/317 4169/4738/3467
f 3471/4741/317 3660/5291/317 3324/5290/317
f 4483/5293/317 4485/5294/3633 3660/5291/3632 4449/5288/317
f 3656/5292/317 4483/5293/317 4449/5288/317 4446/5285/317
f 4485/5295/3633 4452/5297/3634 4453/4763/3477 3660/5296/3632
f 4452/5297/3634 4454/5298/3635 4453/4763/3477
f 4453/4763/3477 4454/5298/3635 4455/4762/3281
f 3660/5296/3632 4453/4763/3477 3324/4758/3474
f 4454/5298/3635 3663/4297/3287 3662/4298/3281 4455/4762/3281
f 4488/5299/3636 3329/4282/3275 3663/4297/3287 4454/5298/3635
f 3661/5300/3637 4488/5299/3636 4454/5298/3635 4452/5297/3634
f 4485/5295/3633 3661/5300/3637 4452/5297/3634
f 4456/5301/3196 4459/5304/3196 4460/5303/3196 4457/5302/3196
f 4457/5302/3196 4460/5303/3196 4461/5306/3196 4458/5305/3196
f 4459/5304/3196 4462/5308/3471 4463/5307/3471 4460/5303/3196
f 4460/5303/3196 4463/5307/3471 4464/5309/3471 4461/5306/3196
f 3323/4255/3196 3476/4751/3196 4456/5301/3196 3664/4254/3196
f 3664/4254/3196 4456/5301/3196 4457/5302/3196 3665/4253/3196
f 3665/4253/3196 4457/5302/3196 4458/5305/3196 3666/4251/3196
f 3666/4251/3196 4458/5305/3196 3463/4718/3196 3318/4250/3196
f 4458/5305/3196 4461/5306/3196 3462/4726/3196 3463/4718/3196
f 4461/5306/3196 4464/5309/3471 3461/4724/3462 3462/4726/3196
f 4464/5309/3471 4467/4294/3284 3470/4725/3463 3461/4724/3462
f 4463/5307/3471 4466/5310/3284 4467/4294/3284 4464/5309/3471
f 4462/5308/3471 4465/5311/3284 4466/5310/3284 4463/5307/3471
f 3478/4754/3471 3479/4755/3284 4465/5311/3284 4462/5308/3471
f 3477/4753/3196 3478/4754/3471 4462/5308/3471 4459/5304/3196
f 3476/4751/3196 3477/4753/3196 4459/5304/3196 4456/5301/3196
f 4467/4294/3284 3673/4295/3285 3470/4725/3463
f 4466/5310/3284 4009/4289/3281 4467/4294/3284
f 4465/5311/3284 4008/4288/3281 4009/4289/3281 4466/5310/3284
f 3479/4755/3284 3662/4298/3281 4008/4288/3281 4465/5311/3284
f 4468/5312/3638 4471/5315/3640 4472/5314/3639 4469/5313/65
f 4469/5313/65 4472/5314/3639 4473/5317/3641 4470/5316/65
f 4471/5315/3640 4168/4733/3642 4474/4732/3465 4472/5314/3639
f 4472/5314/3639 4474/4732/3465 4473/5317/3641
f 3319/3756/3131 3468/4727/3396 4468/5312/3638 3667/3758/3133
f 3667/3758/3133 4468/5312/3638 4469/5313/65 3668/3755/3130
f 3668/3755/3130 4469/5313/65 4470/5316/65 3669/3753/3123
f 3669/3753/3123 4470/5316/65 3670/5318/65 3321/3752/65
f 4470/5316/65 4473/5317/3641 3671/5319/3643 3670/5318/65
f 4473/5317/3641 4474/4732/3465 4475/5320/3644 3671/5319/3643
f 4163/4730/3454 4166/4731/3457 4168/4733/3642 4471/5315/3640
f 3468/4727/3396 4163/4730/3454 4471/5315/3640 4468/5312/3638
f 4474/4736/3465 4476/4735/3464 4477/5322/3645 4475/5321/3644
f 4476/4735/3464 4478/5323/3646 4477/5322/3645
f 4475/5321/3644 4477/5322/3645 4495/5325/3648 4493/5324/3647
f 4477/5322/3645 4478/5323/3646 4497/5326/3649 4495/5325/3648
f 4478/5323/3646 3672/4296/3286 3683/4285/3278 4497/5326/3649
f 4478/5323/3646 3673/4295/3285 3672/4296/3286
f 3469/4723/3461 3673/4295/3285 4478/5323/3646
f 4476/4735/3464 3469/4723/3461 4478/5323/3646
f 4479/5327/3650 4482/5329/317 4483/5293/317 4480/5328/317
f 4480/5328/317 4483/5293/317 4481/5330/317
f 4482/5329/317 4484/5331/3651 4483/5293/317
f 4483/5293/317 4484/5331/3651 4485/5294/3633
f 3330/5332/3652 3674/5335/317 4479/5334/3650 3686/5333/317
f 3686/3971/317 4479/5327/3650 4480/5328/317 3675/3970/317
f 3675/3970/317 4480/5328/317 4481/5330/317 3676/3968/317
f 3676/3968/317 4481/5330/317 3656/5292/317 3328/3967/317
f 4481/5330/317 4483/5293/317 3656/5292/317
f 4503/5336/317 4504/5337/3653 4484/5331/3651 4482/5329/317
f 3674/5338/317 4503/5336/317 4482/5329/317 4479/5327/3650
f 4504/5339/3653 3677/5341/3655 4486/5340/3654
f 4504/5339/3653 4486/5340/3654 4484/5342/3651
f 3677/5341/3655 4487/5343/3656 4486/5340/3654
f 4486/5340/3654 4487/5343/3656 4488/5299/3636
f 4484/5342/3651 4486/5340/3654 3661/5300/3637 4485/5295/3633
f 4486/5340/3654 4488/5299/3636 3661/5300/3637
f 4487/5343/3656 3678/4287/3280 3329/4282/3275 4488/5299/3636
f 4506/5344/3657 3688/4274/3267 3678/4287/3280 4487/5343/3656
f 3677/5341/3655 4506/5344/3657 4487/5343/3656
f 4489/5345/65 3671/5319/3643 4490/5346/65
f 4490/5346/65 3671/5319/3643 4492/5348/3659 4491/5347/3658
f 3671/5319/3643 4475/5320/3644 4493/5349/3647
f 3671/5319/3643 4493/5349/3647 4492/5348/3659
f 3321/3752/65 3670/5318/65 4489/5345/65 3679/3754/3129
f 3679/3754/3129 4489/5345/65 4490/5346/65 3680/3751/3128
f 3680/3751/3128 4490/5346/65 4491/5347/3658 3689/3750/65
f 3689/4416/65 4491/5352/3658 3681/5351/3661 3320/5350/3660
f 4491/5352/3658 4492/5354/3659 4166/5353/3662 3681/5351/3661
f 4492/5354/3659 4493/5356/3647 4494/5355/3663 4166/5353/3662
f 3670/5318/65 3671/5319/3643 4489/5345/65
f 4493/5324/3647 4495/5325/3648 4496/5358/3664 4494/5357/3663
f 4495/5325/3648 4497/5326/3649 4498/5359/3664 4496/5358/3664
f 4494/5357/3663 4496/5358/3664 4513/5361/3666 4512/5360/3665
f 4496/5358/3664 4498/5359/3664 4514/5362/3667 4513/5361/3666
f 4498/5359/3664 3682/4286/3279 3692/4272/3265 4514/5362/3667
f 4497/5326/3649 3683/4285/3278 3682/4286/3279 4498/5359/3664
f 4499/5363/317 4502/5365/317 4503/5336/317 4500/5364/317
f 4500/5364/317 4503/5336/317 4501/5366/317
f 4502/5365/317 4504/5337/3653 4503/5336/317
f 3325/3973/317 3483/4771/317 4499/5363/317 3684/3975/317
f 3684/3975/317 4499/5363/317 4500/5364/317 3685/3972/317
f 3685/3972/317 4500/5364/317 4501/5366/317 3686/3971/317
f 3686/3971/317 4501/5366/317 3674/5338/317 3330/5367/3652
f 4501/5366/317 4503/5336/317 3674/5338/317
f 3484/4773/317 3687/4768/3480 4504/5337/3653 4502/5365/317
f 3483/4771/317 3484/4773/317 4502/5365/317 4499/5363/317
f 4505/4776/3484 4188/5368/3488 4506/5344/3657
f 3687/4778/3480 4505/4776/3484 3677/5341/3655 4504/5339/3653
f 4505/4776/3484 4506/5344/3657 3677/5341/3655
f 4188/5368/3488 3327/4275/3268 3688/4274/3267 4506/5344/3657
f 4507/5369/3668 4510/5371/3669 4508/5370/65
f 4508/5370/65 4510/5371/3669 4511/5373/3670 4509/5372/65
f 4510/5371/3669 4494/5375/3663 4512/5374/3671 4511/5373/3670
f 3320/5376/3660 3681/5377/3661 4507/5369/3668 3689/3750/65
f 3689/3750/65 4507/5369/3668 4508/5370/65 3690/3749/3127
f 3690/3749/3127 4508/5370/65 4509/5372/65 3691/3747/65
f 3691/3747/65 4509/5372/65 3451/4689/65 3315/3746/65
f 4509/5372/65 4511/5373/3670 3450/4692/3450 3451/4689/65
f 4511/5373/3670 4512/5374/3671 3460/4687/3447 3450/4692/3450
f 4494/5378/3672 3460/5380/3672 4512/5379/3672
f 4166/4731/3662 4494/5375/3663 4510/5371/3669
f 3681/5377/3661 4166/4731/3662 4510/5371/3669 4507/5369/3668
f 4512/5360/3665 4513/5361/3666 3459/5382/3452 3460/5381/3447
f 4513/5361/3666 4514/5362/3667 4153/5383/3451 3459/5382/3452
f 4514/5362/3667 3692/4272/3265 3317/4273/3266 4153/5383/3451
f 4515/5384/292 4518/5387/3674 4519/5386/3673 4516/5385/292
f 4516/5385/292 4519/5386/3673 4520/5389/292 4517/5388/292
f 4518/5387/3674 3697/5391/3263 4521/5390/3261 4519/5386/3673
f 4519/5386/3673 4521/5390/3261 3696/5392/3262 4520/5389/292
f 3316/4054/292 3457/4702/292 4515/5384/292 3693/4052/292
f 3693/4052/292 4515/5384/292 4516/5385/292 3694/4051/292
f 3694/4051/292 4516/5385/292 4517/5388/292 3695/4050/292
f 3695/4050/292 4517/5388/292 3486/4789/292 3326/4049/292
f 4517/5388/292 4520/5389/292 3485/4792/292 3486/4789/292
f 4520/5389/292 3696/5392/3262 3327/4793/3268 3485/4792/292
f 3458/4704/3453 3317/4705/3266 3697/5391/3263 4518/5387/3674
f 3457/4702/292 3458/4704/3453 4518/5387/3674 4515/5384/292
f 4522/5393/217 4525/5396/217 4526/5395/217 4523/5394/217
f 4523/5394/217 4526/5395/217 4527/5398/3675 4524/5397/217
f 4525/5396/217 4528/5400/3677 4529/5399/3676 4526/5395/217
f 4526/5395/217 4529/5399/3676 4527/5398/3675
f 3301/3891/217 3425/4625/217 4522/5393/217 3698/3893/217
f 3698/3893/217 4522/5393/217 4523/5394/217 3699/3906/217
f 3699/3906/217 4523/5394/217 4524/5397/217 3700/3904/217
f 3700/3904/217 4524/5397/217 4024/3905/3110
f 4524/5397/217 4527/5398/3675 4024/3905/3110
f 3426/4627/217 3427/4628/3414 4528/5400/3677 4525/5396/217
f 3425/4625/217 3426/4627/217 4525/5396/217 4522/5393/217
f 4530/5401/3678 4533/5404/3680 4534/5403/65 4531/5402/3679
f 4531/5402/3679 4534/5403/65 4535/5406/3682 4532/5405/3681
f 4533/5404/3680 4536/5408/65 4537/5407/65 4534/5403/65
f 4534/5403/65 4537/5407/65 4538/5409/3682 4535/5406/3682
f 3427/4615/3414 4530/5401/3678 4528/5410/3677
f 4528/5410/3677 4530/5401/3678 4531/5402/3679 4529/5411/3676
f 4529/5411/3676 4531/5402/3679 4532/5405/3681 4527/5412/3675
f 4527/5398/3675 4532/5413/3681 4024/3905/3110
f 4532/5405/3681 4535/5406/3682 4024/3729/3110
f 4535/5406/3682 4538/5409/3682 4024/3729/3110
f 4538/5409/3682 3701/3731/3112 4024/3729/3110
f 4537/5407/65 3702/3733/3114 3701/3731/3112 4538/5409/3682
f 4536/5408/65 3703/3771/65 3702/3733/3114 4537/5407/65
f 3419/4612/65 3300/3770/65 3703/3771/65 4536/5408/65
f 3418/4614/3413 3419/4612/65 4536/5408/65 4533/5404/3680
f 3427/4615/3414 3418/4614/3413 4533/5404/3680 4530/5401/3678
f 4539/5414/292 4542/5417/292 4543/5416/292 4540/5415/292
f 4540/5415/292 4543/5416/292 4544/5419/292 4541/5418/292
f 4542/5417/292 4545/5421/3684 4546/5420/3683 4543/5416/292
f 4543/5416/292 4546/5420/3683 4547/5422/3685 4544/5419/292
f 3555/4040/292 4066/4490/292 4539/5414/292 3704/4042/292
f 3704/4042/292 4539/5414/292 4540/5415/292 3705/4055/292
f 3705/4055/292 4540/5415/292 4541/5418/292 3706/4053/292
f 3706/4053/292 4541/5418/292 3456/4703/292 3316/4054/292
f 4541/5418/292 4544/5419/292 3455/4706/292 3456/4703/292
f 4544/5419/292 4547/5422/3685 3454/4707/3449 3455/4706/292
f 4071/4491/292 4313/4494/3686 4545/5421/3684 4542/5417/292
f 4066/4490/292 4071/4491/292 4542/5417/292 4539/5414/292
f 4545/5423/3684 4550/5426/3689 4551/5425/3688 4548/5424/3687
f 4548/5424/3687 4551/5425/3688 4552/5428/3691 4549/5427/3690
f 4550/5426/3689 4553/5430/3692 4554/5429/65 4551/5425/3688
f 4551/5425/3688 4554/5429/65 4555/5431/65 4552/5428/3691
f 4545/5423/3684 4548/5424/3687 4546/5432/3683
f 4546/5432/3683 4548/5424/3687 4549/5427/3690 4547/5433/3685
f 4547/5433/3685 4549/5427/3690 3454/4691/3449
f 4549/5427/3690 4552/5428/3691 3453/4690/3448 3454/4691/3449
f 4552/5428/3691 4555/5431/65 3452/4688/65 3453/4690/3448
f 4555/5431/65 3707/3748/65 3315/3746/65 3452/4688/65
f 4554/5429/65 3708/3745/3126 3707/3748/65 4555/5431/65
f 4553/5430/3692 3709/3743/3124 3708/3745/3126 4554/5429/65
f 4074/4505/3693 3556/3742/3123 3709/3743/3124 4553/5430/3692
f 4313/4504/3686 4074/4505/3693 4553/5430/3692 4550/5426/3689
f 4313/4504/3686 4550/5426/3689 4545/5423/3684
f 4556/5434/3196 4559/5437/3196 4560/5436/3196 4557/5435/3196
f 4557/5435/3196 4560/5436/3196 4561/5439/3196 4558/5438/3196
f 4559/5437/3196 4562/5441/3695 4563/5440/3694 4560/5436/3196
f 4560/5436/3196 4563/5440/3694 4564/5442/3696 4561/5439/3196
f 3318/4250/3196 3464/4717/3196 4556/5434/3196 3710/4252/3196
f 3710/4252/3196 4556/5434/3196 4557/5435/3196 3711/4265/3196
f 3711/4265/3196 4557/5435/3196 4558/5438/3196 3712/4263/3196
f 3712/4263/3196 4558/5438/3196 3413/4595/3196 3299/4264/3196
f 4558/5438/3196 4561/5439/3196 3412/4602/3196 3413/4595/3196
f 4561/5439/3196 4564/5442/3696 3411/4603/3397 3412/4602/3196
f 3465/4719/3196 3466/4720/3458 4562/5441/3695 4559/5437/3196
f 3464/4717/3196 3465/4719/3196 4559/5437/3196 4556/5434/3196
f 4562/5443/3695 4565/5446/3698 4566/5445/3697 4563/5444/3694
f 4563/5444/3694 4566/5445/3697 4567/5448/3699 4564/5447/3696
f 4564/5447/3696 4567/5448/3699 3410/4580/3394 3411/4583/3397
f 4567/5448/3699 3713/3762/3132 3298/3760/3131 3410/4580/3394
f 4566/5445/3697 3714/3759/3134 3713/3762/3132 4567/5448/3699
f 4565/5446/3698 3715/3757/3132 3714/3759/3134 4566/5445/3697
f 3467/4729/3394 3319/3756/3131 3715/3757/3132 4565/5446/3698
f 3466/4734/3458 3467/4729/3394 4565/5446/3698 4562/5443/3695
f 4568/5449/317 4571/5452/317 4572/5451/317 4569/5450/317
f 4569/5450/317 4572/5451/317 4573/5454/317 4570/5453/317
f 4571/5452/317 4574/5456/317 4575/5455/317 4572/5451/317
f 4572/5451/317 4575/5455/317 4576/5457/3700 4573/5454/317
f 3305/3949/317 3430/4637/317 4568/5449/317 3716/3951/317
f 3716/3951/317 4568/5449/317 4569/5450/317 3717/3948/317
f 3717/3948/317 4569/5450/317 4570/5453/317 3718/3946/317
f 3718/3946/317 4570/5453/317 4034/4396/317 3525/3945/317
f 4570/5453/317 4573/5454/317 4035/4395/3204 4034/4396/317
f 4573/5454/317 4576/5457/3700 4035/4395/3204
f 4575/5455/317 3719/5458/3701 4576/5457/3700
f 4574/5456/317 3720/5459/3225 3719/5458/3701 4575/5455/317
f 3307/4640/3225 3720/5459/3225 4574/5456/317
f 3431/4639/317 3307/4640/3225 4574/5456/317 4571/5452/317
f 3430/4637/317 3431/4639/317 4571/5452/317 4568/5449/317
f 3720/5460/3225 4577/5463/217 4578/5462/3702 3719/5461/3701
f 3719/5461/3701 4578/5462/3702 4579/5465/3703 4576/5464/3700
f 4577/5463/217 4580/5467/217 4581/5466/217 4578/5462/3702
f 4578/5462/3702 4581/5466/217 4582/5468/3704 4579/5465/3703
f 4576/5464/3700 4579/5465/3703 4035/3900/3204
f 4579/5465/3703 4582/5468/3704 4035/3900/3204
f 4582/5468/3704 3721/3899/3203 4035/3900/3204
f 4581/5466/217 3722/3898/217 3721/3899/3203 4582/5468/3704
f 4580/5467/217 3723/3897/217 3722/3898/217 4581/5466/217
f 3436/4652/217 3306/3896/217 3723/3897/217 4580/5467/217
f 3435/4655/217 3436/4652/217 4580/5467/217 4577/5463/217
f 3307/4656/3225 3435/4655/217 4577/5463/217 3720/5460/3225
f 4583/5469/317 3728/5472/3706 4586/5471/3705 4584/5470/317
f 4584/5470/317 4586/5471/3705 3727/5474/3706 4585/5473/317
f 3322/3963/317 3472/4737/3466 4583/5469/317 3724/3965/317
f 3724/3965/317 4583/5469/317 4584/5470/317 3725/3962/317
f 3725/3962/317 4584/5470/317 4585/5473/317 3726/3960/317
f 3726/3960/317 4585/5473/317 3446/4671/3435 3309/3959/317
f 4585/5473/317 3727/5474/3706 3446/4671/3435
f 3472/4737/3466 3728/5472/3706 4583/5469/317
f 3728/5475/3706 4587/5478/3708 4588/5477/3707 4586/5476/3705
f 4586/5476/3705 4588/5477/3707 4589/5480/3708 3727/5479/3706
f 4587/5478/3708 4590/5482/3196 4591/5481/3196 4588/5477/3707
f 4588/5477/3707 4591/5481/3196 4592/5483/3196 4589/5480/3708
f 3472/4737/3466 3473/4759/3475 3728/5472/3706
f 3727/5474/3706 3445/4670/3434 3446/4671/3435
f 3727/5479/3706 4589/5480/3708 3444/4668/3433 3445/4669/3434
f 4589/5480/3708 4592/5483/3196 3443/4666/3196 3444/4668/3433
f 4592/5483/3196 3729/4258/3196 3308/4259/3196 3443/4666/3196
f 4591/5481/3196 3730/4257/3196 3729/4258/3196 4592/5483/3196
f 4590/5482/3196 3731/4256/3196 3730/4257/3196 4591/5481/3196
f 3475/4752/3196 3323/4255/3196 3731/4256/3196 4590/5482/3196
f 3474/4760/3476 3475/4752/3196 4590/5482/3196 4587/5478/3708
f 3473/4761/3475 3474/4760/3476 4587/5478/3708 3728/5475/3706
f 4593/5484/292 4596/5487/3710 4597/5486/3709 4594/5485/292
f 4594/5485/292 4597/5486/3709 4598/5489/3711 4595/5488/292
f 4596/5487/3710 3736/5491/3713 3735/5490/3712 4597/5486/3709
f 4597/5486/3709 3735/5490/3712 4601/5492/3714 4598/5489/3711
f 3326/4049/292 3487/4788/292 4593/5484/292 3732/4048/292
f 3732/4048/292 4593/5484/292 4594/5485/292 3733/4047/292
f 3733/4047/292 4594/5485/292 4595/5488/292 3734/4046/292
f 3734/4046/292 4595/5488/292 4288/4527/292 3543/4045/292
f 4595/5488/292 4598/5489/3711 4077/4526/3715 4288/4527/292
f 4598/5489/3711 4601/5492/3714 3545/4528/3716 4077/4526/3715
f 3488/4790/3489 3480/4791/3483 3736/5491/3713 4596/5487/3710
f 3487/4788/292 3488/4790/3489 4596/5487/3710 4593/5484/292
f 4599/5493/317 4602/5496/317 4603/5495/317 4600/5494/317
f 4600/5494/317 4603/5495/317 4604/5498/317 4601/5497/3714
f 4602/5496/317 4605/5500/317 4606/5499/317 4603/5495/317
f 4603/5495/317 4606/5499/317 4607/5501/317 4604/5498/317
f 3480/4775/3483 4599/5493/317 3736/5502/3713
f 3736/5502/3713 4599/5493/317 4600/5494/317 3735/5503/3712
f 3735/5503/3712 4600/5494/317 4601/5497/3714
f 4601/5497/3714 4604/5498/317 3545/4515/3716
f 4604/5498/317 4607/5501/317 3544/4514/317 3545/4515/3716
f 4607/5501/317 3737/3934/317 3381/3932/317 3544/4514/317
f 4606/5499/317 3738/3936/317 3737/3934/317 4607/5501/317
f 4605/5500/317 3739/3974/317 3738/3936/317 4606/5499/317
f 3482/4772/317 3325/3973/317 3739/3974/317 4605/5500/317
f 3481/4774/317 3482/4772/317 4605/5500/317 4602/5496/317
f 3480/4775/3483 3481/4774/317 4602/5496/317 4599/5493/317
f 5657/5504/3717 5660/5507/3720 5661/5506/3719 5658/5505/3718
f 5658/5505/3718 5661/5506/3719 5662/5509/3722 5659/5508/3721
f 5660/5507/3720 5663/5511/3724 5664/5510/3723 5661/5506/3719
f 5661/5506/3719 5664/5510/3723 5665/5512/3725 5662/5509/3722
f 4717/5513/3726 5345/5515/3728 5657/5504/3717 5356/5514/3727
f 5356/5514/3727 5657/5504/3717 5658/5505/3718 5355/5516/3729
f 5355/5516/3729 5658/5505/3718 5659/5508/3721 5354/5517/3730
f 5354/5517/3730 5659/5508/3721 5371/5519/3732 4681/5518/3731
f 5659/5508/3721 5662/5509/3722 5370/5520/3733 5371/5519/3732
f 5662/5509/3722 5665/5512/3725 5369/5521/3734 5370/5520/3733
f 5665/5512/3725 5642/5523/3736 4692/5522/3735 5369/5521/3734
f 5664/5510/3723 5643/5524/3737 5642/5523/3736 5665/5512/3725
f 5663/5511/3724 5644/5525/3738 5643/5524/3737 5664/5510/3723
f 5347/5526/3739 4729/5527/3740 5644/5525/3738 5663/5511/3724
f 5346/5528/3741 5347/5526/3739 5663/5511/3724 5660/5507/3720
f 5345/5515/3728 5346/5528/3741 5660/5507/3720 5657/5504/3717
f 5667/5529/3742 5690/5532/3745 5666/5531/3744 5668/5530/3743
f 5669/5533/3746 5668/5530/3743 5666/5531/3744 5670/5534/3747
f 5671/5535/3748 5670/5534/3747 5666/5531/3744 5672/5536/3749
f 5673/5537/3750 5672/5536/3749 5666/5531/3744 5674/5538/3751
f 5675/5539/3752 5674/5538/3751 5666/5531/3744 5676/5540/3753
f 5677/5541/3754 5676/5540/3753 5666/5531/3744 5678/5542/3755
f 5679/5543/3756 5678/5542/3755 5666/5531/3744 5680/5544/3757
f 5681/5545/3758 5680/5544/3757 5666/5531/3744 5682/5546/3759
f 5683/5547/3760 5682/5546/3759 5666/5531/3744 5684/5548/3761
f 5685/5549/3762 5684/5548/3761 5666/5531/3744 5686/5550/3763
f 5687/5551/3764 5686/5550/3763 5666/5531/3744 5688/5552/3765
f 5689/5553/3766 5688/5552/3765 5666/5531/3744 5690/5532/3745
f 4694/5554/3767 5609/5556/3769 5667/5529/3742 5569/5555/3768
f 5569/5555/3768 5667/5529/3742 5668/5530/3743 5568/5557/3770
f 5609/5556/3769 5610/5558/3771 5690/5532/3745 5667/5529/3742
f 4706/5559/3772 5567/5561/3774 5669/5533/3746 5545/5560/3773
f 5545/5560/3773 5669/5533/3746 5670/5534/3747 5544/5562/3775
f 5567/5561/3774 5568/5557/3770 5668/5530/3743 5669/5533/3746
f 4709/5563/3776 5543/5565/3778 5671/5535/3748 5515/5564/3777
f 5515/5564/3777 5671/5535/3748 5672/5536/3749 5514/5566/3779
f 5543/5565/3778 5544/5562/3775 5670/5534/3747 5671/5535/3748
f 4712/5567/3780 5513/5569/3782 5673/5537/3750 5485/5568/3781
f 5485/5568/3781 5673/5537/3750 5674/5538/3751 5484/5570/3783
f 5513/5569/3782 5514/5566/3779 5672/5536/3749 5673/5537/3750
f 4701/5571/3784 5483/5573/3786 5675/5539/3752 5620/5572/3785
f 5620/5572/3785 5675/5539/3752 5676/5540/3753 5619/5574/3787
f 5483/5573/3786 5484/5570/3783 5674/5538/3751 5675/5539/3752
f 4673/5575/3788 5618/5577/3790 5677/5541/3754 5443/5576/3789
f 5443/5576/3789 5677/5541/3754 5678/5542/3755 5442/5578/3791
f 5618/5577/3790 5619/5574/3787 5676/5540/3753 5677/5541/3754
f 4685/5579/3792 5441/5581/3794 5679/5543/3756 5419/5580/3793
f 5419/5580/3793 5679/5543/3756 5680/5544/3757 5418/5582/3795
f 5441/5581/3794 5442/5578/3791 5678/5542/3755 5679/5543/3756
f 4688/5583/3796 5417/5585/3798 5681/5545/3758 5389/5584/3797
f 5389/5584/3797 5681/5545/3758 5682/5546/3759 5388/5586/3799
f 5417/5585/3798 5418/5582/3795 5680/5544/3757 5681/5545/3758
f 4691/5587/3800 5387/5589/3802 5683/5547/3760 5359/5588/3801
f 5359/5588/3801 5683/5547/3760 5684/5548/3761 5358/5590/3803
f 5387/5589/3802 5388/5586/3799 5682/5546/3759 5683/5547/3760
f 4680/5591/3804 5357/5593/3806 5685/5549/3762 5587/5592/3805
f 5587/5592/3805 5685/5549/3762 5686/5550/3763 5586/5594/3807
f 5357/5593/3806 5358/5590/3803 5684/5548/3761 5685/5549/3762
f 4649/5595/3808 5585/5597/3810 5687/5551/3764 5236/5596/3809
f 5236/5596/3809 5687/5551/3764 5688/5552/3765 5235/5598/3811
f 5585/5597/3810 5586/5594/3807 5686/5550/3763 5687/5551/3764
f 4655/5599/3812 5234/5601/3814 5689/5553/3766 5611/5600/3813
f 5611/5600/3813 5689/5553/3766 5690/5532/3745 5610/5558/3771
f 5234/5601/3814 5235/5598/3811 5688/5552/3765 5689/5553/3766
f 5691/5602/3815 5694/5605/3818 5695/5604/3817 5692/5603/3816
f 5692/5603/3816 5695/5604/3817 5696/5607/3820 5693/5606/3819
f 5694/5605/3818 5697/5609/3821 5698/5608/3030 5695/5604/3817
f 5695/5604/3817 5698/5608/3030 5699/5610/3822 5696/5607/3820
f 4658/5611/3823 5603/5613/3825 5691/5602/3815 5251/5612/3824
f 5251/5612/3824 5691/5602/3815 5692/5603/3816 5250/5614/3826
f 5250/5614/3826 5692/5603/3816 5693/5606/3819 5249/5615/3827
f 5249/5615/3827 5693/5606/3819 5638/5617/3829 4664/5616/3828
f 5693/5606/3819 5696/5607/3820 5637/5618/3830 5638/5617/3829
f 5696/5607/3820 5699/5610/3822 5636/5619/3831 5637/5618/3830
f 5699/5610/3822 5578/5621/3833 4745/5620/3832 5636/5619/3831
f 5698/5608/3030 5577/5622/3834 5578/5621/3833 5699/5610/3822
f 5697/5609/3821 5576/5623/3835 5577/5622/3834 5698/5608/3030
f 5605/5624/3836 4695/5625/3837 5576/5623/3835 5697/5609/3821
f 5604/5626/3838 5605/5624/3836 5697/5609/3821 5694/5605/3818
f 5603/5613/3825 5604/5626/3838 5694/5605/3818 5691/5602/3815
f 5700/5627/3839 5703/5630/3842 5704/5629/3841 5701/5628/3840
f 5701/5628/3840 5704/5629/3841 5705/5632/3844 5702/5631/3843
f 5703/5630/3842 5706/5634/3846 5707/5633/3845 5704/5629/3841
f 5704/5629/3841 5707/5633/3845 5708/5635/3847 5705/5632/3844
f 4735/5636/3848 5438/5638/3850 5700/5627/3839 5639/5637/3849
f 5639/5637/3849 5700/5627/3839 5701/5628/3840 5640/5639/3851
f 5640/5639/3851 5701/5628/3840 5702/5631/3843 5641/5640/3852
f 5641/5640/3852 5702/5631/3843 5449/5642/3854 4686/5641/3853
f 5702/5631/3843 5705/5632/3844 5448/5643/3855 5449/5642/3854
f 5705/5632/3844 5708/5635/3847 5447/5644/3856 5448/5643/3855
f 5708/5635/3847 5458/5646/3858 4675/5645/3857 5447/5644/3856
f 5707/5633/3845 5457/5647/3859 5458/5646/3858 5708/5635/3847
f 5706/5634/3846 5456/5648/3860 5457/5647/3859 5707/5633/3845
f 5440/5649/3861 4722/5650/3862 5456/5648/3860 5706/5634/3846
f 5439/5651/3863 5440/5649/3861 5706/5634/3846 5703/5630/3842
f 5438/5638/3850 5439/5651/3863 5703/5630/3842 5700/5627/3839
f 5709/5652/3864 5712/5655/3866 5713/5654/3865 5710/5653/3864
f 5710/5653/3864 5713/5654/3865 5714/5657/3866 5711/5656/3864
f 5712/5655/3866 5715/5659/3868 2465/5658/3867 5713/5654/3865
f 5713/5654/3865 2465/5658/3867 5716/5660/3868 5714/5657/3866
f 4625/5661/3869 5324/5663/3864 5709/5652/3864 5290/5662/3869
f 5290/5662/3869 5709/5652/3864 5710/5653/3864 5289/5664/3869
f 5289/5664/3869 5710/5653/3864 5711/5656/3864 5288/5665/3869
f 5288/5665/3869 5711/5656/3864 5299/5667/3864 4631/5666/3869
f 5711/5656/3864 5714/5657/3866 5298/5668/3870 5299/5667/3864
f 5714/5657/3866 5716/5660/3868 5297/5669/3871 5298/5668/3870
f 5716/5660/3868 5260/5671/3873 4639/5670/3872 5297/5669/3871
f 2465/5658/3867 5259/5672/3874 5260/5671/3873 5716/5660/3868
f 5715/5659/3868 5258/5673/3875 5259/5672/3874 2465/5658/3867
f 5326/5674/3876 4666/5675/3877 5258/5673/3875 5715/5659/3868
f 5325/5676/3870 5326/5674/3876 5715/5659/3868 5712/5655/3866
f 5324/5663/3864 5325/5676/3870 5712/5655/3866 5709/5652/3864
f 5717/5677/3878 5720/5680/3879 5721/5679/3879 5718/5678/3878
f 5718/5678/3878 5721/5679/3879 5722/5682/3879 5719/5681/3878
f 5720/5680/3879 5723/5684/3880 5724/5683/3880 5721/5679/3879
f 5721/5679/3879 5724/5683/3880 5725/5685/3880 5722/5682/3879
f 4630/5686/3176 5303/5688/3881 5717/5677/3878 5269/5687/3176
f 5269/5687/3176 5717/5677/3878 5718/5678/3878 5268/5689/3176
f 5268/5689/3176 5718/5678/3878 5719/5681/3878 5267/5690/3176
f 5267/5690/3176 5719/5681/3878 5314/5692/3881 4616/5691/3176
f 5719/5681/3878 5722/5682/3879 5313/5693/3882 5314/5692/3881
f 5722/5682/3879 5725/5685/3880 5312/5694/3880 5313/5693/3882
f 5725/5685/3880 5227/5696/3884 4647/5695/3883 5312/5694/3880
f 5724/5683/3880 5226/5697/3885 5227/5696/3884 5725/5685/3880
f 5723/5684/3880 5225/5698/3885 5226/5697/3885 5724/5683/3880
f 5305/5699/3880 4640/5700/3886 5225/5698/3885 5723/5684/3880
f 5304/5701/3882 5305/5699/3880 5723/5684/3880 5720/5680/3879
f 5303/5688/3881 5304/5701/3882 5720/5680/3879 5717/5677/3878
f 5726/5702/3887 5729/5705/3889 5730/5704/3888 5727/5703/3887
f 5727/5703/3887 5730/5704/3888 5731/5707/3890 5728/5706/3887
f 5729/5705/3889 5732/5709/3892 998/5708/3891 5730/5704/3888
f 5730/5704/3888 998/5708/3891 5733/5710/3893 5731/5707/3890
f 4618/5711/3894 5306/5713/3887 5726/5702/3887 5272/5712/3894
f 5272/5712/3894 5726/5702/3887 5727/5703/3887 5271/5714/3894
f 5271/5714/3894 5727/5703/3887 5728/5706/3887 5270/5715/3894
f 5270/5715/3894 5728/5706/3887 5323/5717/3887 4609/5716/3894
f 5728/5706/3887 5731/5707/3890 5322/5718/3895 5323/5717/3887
f 5731/5707/3890 5733/5710/3893 5321/5719/3896 5322/5718/3895
f 5733/5710/3893 5242/5721/3898 4656/5720/3897 5321/5719/3896
f 998/5708/3891 5241/5722/3899 5242/5721/3898 5733/5710/3893
f 5732/5709/3892 5240/5723/3900 5241/5722/3899 998/5708/3891
f 5308/5724/3901 4648/5725/3902 5240/5723/3900 5732/5709/3892
f 5307/5726/3895 5308/5724/3901 5732/5709/3892 5729/5705/3889
f 5306/5713/3887 5307/5726/3895 5729/5705/3889 5726/5702/3887
f 5734/5727/3903 5737/5730/3905 5738/5729/3904 5735/5728/3130
f 5735/5728/3130 5738/5729/3904 5739/5732/3907 5736/5731/3906
f 5737/5730/3905 5740/5734/3909 5741/5733/3908 5738/5729/3904
f 5738/5729/3904 5741/5733/3908 5742/5735/3910 5739/5732/3907
f 4679/5736/3911 5591/5738/3913 5734/5727/3903 5350/5737/3912
f 5350/5737/3912 5734/5727/3903 5735/5728/3130 5349/5739/3914
f 5349/5739/3914 5735/5728/3130 5736/5731/3906 5348/5740/3915
f 5348/5740/3915 5736/5731/3906 5602/5742/3917 4716/5741/3916
f 5736/5731/3906 5739/5732/3907 5601/5743/3918 5602/5742/3917
f 5739/5732/3907 5742/5735/3910 5600/5744/3919 5601/5743/3918
f 5742/5735/3910 5233/5746/3921 4637/5745/3920 5600/5744/3919
f 5741/5733/3908 5232/5747/3922 5233/5746/3921 5742/5735/3910
f 5740/5734/3909 5231/5748/3923 5232/5747/3922 5741/5733/3908
f 5593/5749/3924 4646/5750/3925 5231/5748/3923 5740/5734/3909
f 5592/5751/3926 5593/5749/3924 5740/5734/3909 5737/5730/3905
f 5591/5738/3913 5592/5751/3926 5737/5730/3905 5734/5727/3903
f 5743/5752/3927 5746/5755/3930 5747/5754/3929 5744/5753/3928
f 5744/5753/3928 5747/5754/3929 5748/5757/3932 5745/5756/3931
f 5746/5755/3930 5749/5759/3934 5750/5758/3933 5747/5754/3929
f 5747/5754/3929 5750/5758/3933 5751/5760/3935 5748/5757/3932
f 4732/5761/3936 5414/5763/3938 5743/5752/3927 5645/5762/3937
f 5645/5762/3937 5743/5752/3927 5744/5753/3928 5646/5764/3939
f 5646/5764/3939 5744/5753/3928 5745/5756/3931 5647/5765/3940
f 5647/5765/3940 5745/5756/3931 5431/5767/3942 4689/5766/3941
f 5745/5756/3931 5748/5757/3932 5430/5768/3943 5431/5767/3942
f 5748/5757/3932 5751/5760/3935 5429/5769/3944 5430/5768/3943
f 5751/5760/3935 5641/5640/3852 4686/5641/3853 5429/5769/3944
f 5750/5758/3933 5640/5639/3851 5641/5640/3852 5751/5760/3935
f 5749/5759/3934 5639/5637/3849 5640/5639/3851 5750/5758/3933
f 5416/5770/3945 4735/5636/3848 5639/5637/3849 5749/5759/3934
f 5415/5771/3946 5416/5770/3945 5749/5759/3934 5746/5755/3930
f 5414/5763/3938 5415/5771/3946 5746/5755/3930 5743/5752/3927
f 5752/5772/3947 5755/5775/3950 5756/5774/3949 5753/5773/3948
f 5753/5773/3948 5756/5774/3949 5757/5777/3952 5754/5776/3951
f 5755/5775/3950 5758/5779/3954 5759/5778/3953 5756/5774/3949
f 5756/5774/3949 5759/5778/3953 5760/5780/3955 5757/5777/3952
f 4757/5781/3956 5564/5783/3958 5752/5772/3947 5648/5782/3957
f 5648/5782/3957 5752/5772/3947 5753/5773/3948 5649/5784/3959
f 5649/5784/3959 5753/5773/3948 5754/5776/3951 5650/5785/3960
f 5650/5785/3960 5754/5776/3951 5575/5787/3962 4707/5786/3961
f 5754/5776/3951 5757/5777/3952 5574/5788/3963 5575/5787/3962
f 5757/5777/3952 5760/5780/3955 5573/5789/3964 5574/5788/3963
f 5760/5780/3955 5584/5791/3966 4696/5790/3965 5573/5789/3964
f 5759/5778/3953 5583/5792/3967 5584/5791/3966 5760/5780/3955
f 5758/5779/3954 5582/5793/3968 5583/5792/3967 5759/5778/3953
f 5566/5794/3969 4744/5795/3970 5582/5793/3968 5758/5779/3954
f 5565/5796/3971 5566/5794/3969 5758/5779/3954 5755/5775/3950
f 5564/5783/3958 5565/5796/3971 5755/5775/3950 5752/5772/3947
f 5761/5797/3972 5764/5800/3975 5765/5799/3974 5762/5798/3973
f 5762/5798/3973 5765/5799/3974 5766/5802/3977 5763/5801/3976
f 5764/5800/3975 5767/5804/3979 5768/5803/3978 5765/5799/3974
f 5765/5799/3974 5768/5803/3978 5769/5805/3980 5766/5802/3977
f 4729/5527/3740 5384/5806/3981 5761/5797/3972 5644/5525/3738
f 5644/5525/3738 5761/5797/3972 5762/5798/3973 5643/5524/3737
f 5643/5524/3737 5762/5798/3973 5763/5801/3976 5642/5523/3736
f 5642/5523/3736 5763/5801/3976 5401/5807/3982 4692/5522/3735
f 5763/5801/3976 5766/5802/3977 5400/5808/3983 5401/5807/3982
f 5766/5802/3977 5769/5805/3980 5399/5809/3984 5400/5808/3983
f 5769/5805/3980 5647/5811/3940 4689/5810/3941 5399/5809/3984
f 5768/5803/3978 5646/5812/3939 5647/5811/3940 5769/5805/3980
f 5767/5804/3979 5645/5813/3937 5646/5812/3939 5768/5803/3978
f 5386/5814/3985 4732/5815/3936 5645/5813/3937 5767/5804/3979
f 5385/5816/3986 5386/5814/3985 5767/5804/3979 5764/5800/3975
f 5384/5806/3981 5385/5816/3986 5764/5800/3975 5761/5797/3972
f 5770/5817/3987 5773/5820/486 5774/5819/3196 5771/5818/3494
f 5771/5818/3494 5774/5819/3196 5775/5822/3989 5772/5821/3988
f 5773/5820/486 5776/5824/3991 5777/5823/3990 5774/5819/3196
f 5774/5819/3196 5777/5823/3990 5778/5825/3992 5775/5822/3989
f 4700/5826/3993 5612/5828/3994 5770/5817/3987 5476/5827/2334
f 5476/5827/2334 5770/5817/3987 5771/5818/3494 5475/5829/3492
f 5475/5829/3492 5771/5818/3494 5772/5821/3988 5474/5830/2356
f 5474/5830/2356 5772/5821/3988 5629/5832/3996 4738/5831/3995
f 5772/5821/3988 5775/5822/3989 5628/5833/3997 5629/5832/3996
f 5775/5822/3989 5778/5825/3992 5627/5834/3439 5628/5833/3997
f 5778/5825/3992 5452/5836/2310 4723/5835/3998 5627/5834/3439
f 5777/5823/3990 5451/5837/3999 5452/5836/2310 5778/5825/3992
f 5776/5824/3991 5450/5838/2325 5451/5837/3999 5777/5823/3990
f 5614/5839/3462 4674/5840/4000 5450/5838/2325 5776/5824/3991
f 5613/5841/4001 5614/5839/3462 5776/5824/3991 5773/5820/486
f 5612/5828/3994 5613/5841/4001 5773/5820/486 5770/5817/3987
f 5779/5842/4002 5782/5845/4005 5783/5844/4004 5780/5843/4003
f 5780/5843/4003 5783/5844/4004 5784/5847/4007 5781/5846/4006
f 5782/5845/4005 5785/5849/4009 5786/5848/4008 5783/5844/4004
f 5783/5844/4004 5786/5848/4008 5787/5850/4010 5784/5847/4007
f 4754/5851/4011 5540/5853/4013 5779/5842/4002 5654/5852/4012
f 5654/5852/4012 5779/5842/4002 5780/5843/4003 5655/5854/4014
f 5655/5854/4014 5780/5843/4003 5781/5846/4006 5656/5855/4015
f 5656/5855/4015 5781/5846/4006 5557/5857/4017 4710/5856/4016
f 5781/5846/4006 5784/5847/4007 5556/5858/4018 5557/5857/4017
f 5784/5847/4007 5787/5850/4010 5555/5859/4019 5556/5858/4018
f 5787/5850/4010 5650/5785/3960 4707/5786/3961 5555/5859/4019
f 5786/5848/4008 5649/5784/3959 5650/5785/3960 5787/5850/4010
f 5785/5849/4009 5648/5782/3957 5649/5784/3959 5786/5848/4008
f 5542/5860/4020 4757/5781/3956 5648/5782/3957 5785/5849/4009
f 5541/5861/4021 5542/5860/4020 5785/5849/4009 5782/5845/4005
f 5540/5853/4013 5541/5861/4021 5782/5845/4005 5779/5842/4002
f 5788/5862/4022 5791/5865/4025 5792/5864/4024 5789/5863/4023
f 5789/5863/4023 5792/5864/4024 5793/5867/4027 5790/5866/4026
f 5791/5865/4025 5794/5869/4029 5795/5868/4028 5792/5864/4024
f 5792/5864/4024 5795/5868/4028 5796/5870/4030 5793/5867/4027
f 4751/5871/4031 5510/5873/4033 5788/5862/4022 5653/5872/4032
f 5653/5872/4032 5788/5862/4022 5789/5863/4023 5652/5874/4034
f 5652/5874/4034 5789/5863/4023 5790/5866/4026 5651/5875/4035
f 5651/5875/4035 5790/5866/4026 5527/5877/4037 4713/5876/4036
f 5790/5866/4026 5793/5867/4027 5526/5878/4038 5527/5877/4037
f 5793/5867/4027 5796/5870/4030 5525/5879/4039 5526/5878/4038
f 5796/5870/4030 5656/5881/4015 4710/5880/4016 5525/5879/4039
f 5795/5868/4028 5655/5882/4014 5656/5881/4015 5796/5870/4030
f 5794/5869/4029 5654/5883/4012 5655/5882/4014 5795/5868/4028
f 5512/5884/4040 4754/5885/4011 5654/5883/4012 5794/5869/4029
f 5511/5886/4041 5512/5884/4040 5794/5869/4029 5791/5865/4025
f 5510/5873/4033 5511/5886/4041 5791/5865/4025 5788/5862/4022
f 5797/5887/4042 5800/5890/4045 5801/5889/4044 5798/5888/4043
f 5798/5888/4043 5801/5889/4044 5802/5892/4047 5799/5891/4046
f 5800/5890/4045 5803/5894/4049 5804/5893/4048 5801/5889/4044
f 5801/5889/4044 5804/5893/4048 5805/5895/4050 5802/5892/4047
f 4739/5896/4051 5471/5898/4053 5797/5887/4042 5482/5897/4052
f 5482/5897/4052 5797/5887/4042 5798/5888/4043 5481/5899/4054
f 5481/5899/4054 5798/5888/4043 5799/5891/4046 5480/5900/4055
f 5480/5900/4055 5799/5891/4046 5497/5902/4057 4702/5901/4056
f 5799/5891/4046 5802/5892/4047 5496/5903/4058 5497/5902/4057
f 5802/5892/4047 5805/5895/4050 5495/5904/4059 5496/5903/4058
f 5805/5895/4050 5651/5875/4035 4713/5876/4036 5495/5904/4059
f 5804/5893/4048 5652/5874/4034 5651/5875/4035 5805/5895/4050
f 5803/5894/4049 5653/5872/4032 5652/5874/4034 5804/5893/4048
f 5473/5905/4060 4751/5871/4031 5653/5872/4032 5803/5894/4049
f 5472/5906/4061 5473/5905/4060 5803/5894/4049 5800/5890/4045
f 5471/5898/4053 5472/5906/4061 5800/5890/4045 5797/5887/4042
f 5807/5907/4062 5830/5910/4065 5806/5909/4064 5808/5908/4063
f 5809/5911/4066 5808/5908/4063 5806/5909/4064 5810/5912/4067
f 5811/5913/4068 5810/5912/4067 5806/5909/4064 5812/5914/4069
f 5813/5915/4070 5812/5914/4069 5806/5909/4064 5814/5916/4071
f 5815/5917/4072 5814/5916/4071 5806/5909/4064 5816/5918/4073
f 5817/5919/4074 5816/5918/4073 5806/5909/4064 5818/5920/4075
f 5819/5921/4076 5818/5920/4075 5806/5909/4064 5820/5922/4077
f 5821/5923/4078 5820/5922/4077 5806/5909/4064 5822/5924/4079
f 5823/5925/4080 5822/5924/4079 5806/5909/4064 5824/5926/4081
f 5825/5927/4082 5824/5926/4081 5806/5909/4064 5826/5928/4083
f 5827/5929/4084 5826/5928/4083 5806/5909/4064 5828/5930/4085
f 5829/5931/4086 5828/5930/4085 5806/5909/4064 5830/5910/4065
f 4737/5932/4087 5621/5934/4089 5807/5907/4062 5464/5933/4088
f 5464/5933/4088 5807/5907/4062 5808/5908/4063 5463/5935/4090
f 5621/5934/4089 5622/5936/4091 5830/5910/4065 5807/5907/4062
f 4750/5937/4092 5462/5939/4094 5809/5911/4066 5503/5938/4093
f 5503/5938/4093 5809/5911/4066 5810/5912/4067 5502/5940/4095
f 5462/5939/4094 5463/5935/4090 5808/5908/4063 5809/5911/4066
f 4753/5941/4096 5501/5943/4098 5811/5913/4068 5533/5942/4097
f 5533/5942/4097 5811/5913/4068 5812/5914/4069 5532/5944/4099
f 5501/5943/4098 5502/5940/4095 5810/5912/4067 5811/5913/4068
f 4756/5945/4100 5531/5947/4102 5813/5915/4070 5560/5946/4101
f 5560/5946/4101 5813/5915/4070 5814/5916/4071 5559/5948/4103
f 5531/5947/4102 5532/5944/4099 5812/5914/4069 5813/5915/4070
f 4743/5949/4104 5558/5951/4106 5815/5917/4072 5632/5950/4105
f 5632/5950/4105 5815/5917/4072 5816/5918/4073 5631/5952/4107
f 5558/5951/4106 5559/5948/4103 5814/5916/4071 5815/5917/4072
f 4667/5953/4108 5630/5955/4110 5817/5919/4074 5254/5954/4109
f 5254/5954/4109 5817/5919/4074 5818/5920/4075 5253/5956/4111
f 5630/5955/4110 5631/5952/4107 5816/5918/4073 5817/5919/4074
f 4638/5957/4112 5252/5959/4114 5819/5921/4076 5596/5958/4113
f 5596/5958/4113 5819/5921/4076 5820/5922/4077 5595/5960/4115
f 5252/5959/4114 5253/5956/4111 5818/5920/4075 5819/5921/4076
f 4715/5961/4116 5594/5963/4118 5821/5923/4078 5338/5962/4117
f 5338/5962/4117 5821/5923/4078 5822/5924/4079 5337/5964/4119
f 5594/5963/4118 5595/5960/4115 5820/5922/4077 5821/5923/4078
f 4728/5965/4120 5336/5967/4122 5823/5925/4080 5377/5966/4121
f 5377/5966/4121 5823/5925/4080 5824/5926/4081 5376/5968/4123
f 5336/5967/4122 5337/5964/4119 5822/5924/4079 5823/5925/4080
f 4731/5969/4124 5375/5971/4126 5825/5927/4082 5407/5970/4125
f 5407/5970/4125 5825/5927/4082 5826/5928/4083 5406/5972/4127
f 5375/5971/4126 5376/5968/4123 5824/5926/4081 5825/5927/4082
f 4734/5973/4128 5405/5975/4130 5827/5929/4084 5434/5974/4129
f 5434/5974/4129 5827/5929/4084 5828/5930/4085 5433/5976/4131
f 5405/5975/4130 5406/5972/4127 5826/5928/4083 5827/5929/4084
f 4721/5977/4132 5432/5979/4134 5829/5931/4086 5623/5978/4133
f 5623/5978/4133 5829/5931/4086 5830/5910/4065 5622/5936/4091
f 5432/5979/4134 5433/5976/4131 5828/5930/4085 5829/5931/4086
f 5831/5980/4135 5834/5983/4136 5835/5982/4136 5832/5981/4135
f 5832/5981/4135 5835/5982/4136 5836/5985/4136 5833/5984/4135
f 5834/5983/4136 5837/5987/4137 5838/5986/4137 5835/5982/4136
f 5835/5982/4136 5838/5986/4137 5839/5988/4137 5836/5985/4136
f 4611/5989/3177 5315/5991/4138 5831/5980/4135 5287/5990/3177
f 5287/5990/3177 5831/5980/4135 5832/5981/4135 5286/5992/3177
f 5286/5992/3177 5832/5981/4135 5833/5984/4135 5285/5993/3177
f 5285/5993/3177 5833/5984/4135 5332/5995/4138 4623/5994/3177
f 5833/5984/4135 5836/5985/4136 5331/5996/4139 5332/5995/4138
f 5836/5985/4136 5839/5988/4137 5330/5997/4137 5331/5996/4139
f 5839/5988/4137 5245/5999/4141 4665/5998/4140 5330/5997/4137
f 5838/5986/4137 5244/6000/4141 5245/5999/4141 5839/5988/4137
f 5837/5987/4137 5243/6001/4141 5244/6000/4141 5838/5986/4137
f 5317/6002/4137 4657/6003/4142 5243/6001/4141 5837/5987/4137
f 5316/6004/4139 5317/6002/4137 5837/5987/4137 5834/5983/4136
f 5315/5991/4138 5316/6004/4139 5834/5983/4136 5831/5980/4135
f 5840/6005/3171 5843/6008/3171 5844/6007/3171 5841/6006/3171
f 5841/6006/3171 5844/6007/3171 5845/6010/3171 5842/6009/3171
f 5843/6008/3171 5846/6012/3171 5847/6011/3171 5844/6007/3171
f 5844/6007/3171 5847/6011/3171 5848/6013/3171 5845/6010/3171
f 4609/5716/3894 4761/6015/3894 5840/6005/3171 4762/6014/3171
f 4762/6014/3171 5840/6005/3171 5841/6006/3171 4763/6016/3171
f 4763/6016/3171 5841/6006/3171 5842/6009/3171 4764/6017/3171
f 4764/6017/3171 5842/6009/3171 4765/6019/3171 4612/6018/3171
f 5842/6009/3171 5845/6010/3171 4766/6020/3171 4765/6019/3171
f 5845/6010/3171 5848/6013/3171 4767/6021/3171 4766/6020/3171
f 5848/6013/3171 4768/6023/3171 4613/6022/3171 4767/6021/3171
f 5847/6011/3171 4769/6024/3171 4768/6023/3171 5848/6013/3171
f 5846/6012/3171 4770/6025/3171 4769/6024/3171 5847/6011/3171
f 4759/6026/4143 4615/6027/4144 4770/6025/3171 5846/6012/3171
f 4760/6028/3894 4759/6026/4143 5846/6012/3171 5843/6008/3171
f 4761/6015/3894 4760/6028/3894 5843/6008/3171 5840/6005/3171
f 5849/6029/3171 5852/6032/3171 5853/6031/3171 5850/6030/3171
f 5850/6030/3171 5853/6031/3171 5854/6034/3171 5851/6033/3171
f 5852/6032/3171 5855/6036/3171 5856/6035/3171 5853/6031/3171
f 5853/6031/3171 5856/6035/3171 5857/6037/3171 5854/6034/3171
f 4610/6038/3171 4773/6040/3171 5849/6029/3171 4774/6039/3171
f 4774/6039/3171 5849/6029/3171 5850/6030/3171 4775/6041/3171
f 4775/6041/3171 5850/6030/3171 5851/6033/3171 4776/6042/3171
f 4776/6042/3171 5851/6033/3171 4777/6044/3171 4614/6043/3171
f 5851/6033/3171 5854/6034/3171 4778/6045/3171 4777/6044/3171
f 5854/6034/3171 5857/6037/3171 4779/6046/3171 4778/6045/3171
f 5857/6037/3171 4767/6021/3171 4613/6022/3171 4779/6046/3171
f 5856/6035/3171 4766/6020/3171 4767/6021/3171 5857/6037/3171
f 5855/6036/3171 4765/6019/3171 4766/6020/3171 5856/6035/3171
f 4771/6047/3171 4612/6018/3171 4765/6019/3171 5855/6036/3171
f 4772/6048/3171 4771/6047/3171 5855/6036/3171 5852/6032/3171
f 4773/6040/3171 4772/6048/3171 5852/6032/3171 5849/6029/3171
f 5858/6049/3171 5861/6052/3171 5862/6051/3171 5859/6050/3171
f 5859/6050/3171 5862/6051/3171 5863/6054/3171 5860/6053/3171
f 5861/6052/3171 5864/6056/3171 5865/6055/3171 5862/6051/3171
f 5862/6051/3171 5865/6055/3171 5866/6057/3171 5863/6054/3171
f 4611/5989/3177 4782/6059/3171 5858/6049/3171 4783/6058/3177
f 4783/6058/3177 5858/6049/3171 5859/6050/3171 4784/6060/3177
f 4784/6060/3177 5859/6050/3171 5860/6053/3171 4785/6061/3177
f 4785/6061/3177 5860/6053/3171 4770/6025/3171 4615/6027/4144
f 5860/6053/3171 5863/6054/3171 4769/6024/3171 4770/6025/3171
f 5863/6054/3171 5866/6057/3171 4768/6023/3171 4769/6024/3171
f 5866/6057/3171 4779/6046/3171 4613/6022/3171 4768/6023/3171
f 5865/6055/3171 4778/6045/3171 4779/6046/3171 5866/6057/3171
f 5864/6056/3171 4777/6044/3171 4778/6045/3171 5865/6055/3171
f 4780/6062/3171 4614/6043/3171 4777/6044/3171 5864/6056/3171
f 4781/6063/3171 4780/6062/3171 5864/6056/3171 5861/6052/3171
f 4782/6059/3171 4781/6063/3171 5861/6052/3171 5858/6049/3171
f 5867/6064/3171 5870/6067/3171 5871/6066/3171 5868/6065/3171
f 5868/6065/3171 5871/6066/3171 5872/6069/3171 5869/6068/3171
f 5870/6067/3171 5873/6071/3171 5874/6070/3171 5871/6066/3171
f 5871/6066/3171 5874/6070/3171 5875/6072/3171 5872/6069/3171
f 4616/5691/3176 4788/6074/3176 5867/6064/3171 4789/6073/3171
f 4789/6073/3171 5867/6064/3171 5868/6065/3171 4790/6075/3171
f 4790/6075/3171 5868/6065/3171 5869/6068/3171 4791/6076/3171
f 4791/6076/3171 5869/6068/3171 4792/6078/3171 4619/6077/3171
f 5869/6068/3171 5872/6069/3171 4793/6079/3171 4792/6078/3171
f 5872/6069/3171 5875/6072/3171 4794/6080/3171 4793/6079/3171
f 5875/6072/3171 4795/6082/3171 4620/6081/3171 4794/6080/3171
f 5874/6070/3171 4796/6083/3171 4795/6082/3171 5875/6072/3171
f 5873/6071/3171 4797/6084/3171 4796/6083/3171 5874/6070/3171
f 4786/6085/3176 4622/6086/4145 4797/6084/3171 5873/6071/3171
f 4787/6087/3176 4786/6085/3176 5873/6071/3171 5870/6067/3171
f 4788/6074/3176 4787/6087/3176 5870/6067/3171 5867/6064/3171
f 5876/6088/3171 5879/6091/3171 5880/6090/3171 5877/6089/3171
f 5877/6089/3171 5880/6090/3171 5881/6093/3171 5878/6092/3171
f 5879/6091/3171 5882/6095/3171 5883/6094/3171 5880/6090/3171
f 5880/6090/3171 5883/6094/3171 5884/6096/3171 5881/6093/3171
f 4617/6097/3171 4800/6099/3171 5876/6088/3171 4801/6098/3171
f 4801/6098/3171 5876/6088/3171 5877/6089/3171 4802/6100/3171
f 4802/6100/3171 5877/6089/3171 5878/6092/3171 4803/6101/3171
f 4803/6101/3171 5878/6092/3171 4804/6103/3171 4621/6102/3171
f 5878/6092/3171 5881/6093/3171 4805/6104/3171 4804/6103/3171
f 5881/6093/3171 5884/6096/3171 4806/6105/3171 4805/6104/3171
f 5884/6096/3171 4794/6080/3171 4620/6081/3171 4806/6105/3171
f 5883/6094/3171 4793/6079/3171 4794/6080/3171 5884/6096/3171
f 5882/6095/3171 4792/6078/3171 4793/6079/3171 5883/6094/3171
f 4798/6106/3171 4619/6077/3171 4792/6078/3171 5882/6095/3171
f 4799/6107/3171 4798/6106/3171 5882/6095/3171 5879/6091/3171
f 4800/6099/3171 4799/6107/3171 5879/6091/3171 5876/6088/3171
f 5885/6108/3171 5888/6111/3171 5889/6110/3171 5886/6109/3171
f 5886/6109/3171 5889/6110/3171 5890/6113/3171 5887/6112/3171
f 5888/6111/3171 5891/6115/3171 5892/6114/3171 5889/6110/3171
f 5889/6110/3171 5892/6114/3171 5893/6116/3171 5890/6113/3171
f 4618/5711/3894 4809/6118/3171 5885/6108/3171 4810/6117/3894
f 4810/6117/3894 5885/6108/3171 5886/6109/3171 4811/6119/3894
f 4811/6119/3894 5886/6109/3171 5887/6112/3171 4812/6120/3145
f 4812/6120/3145 5887/6112/3171 4797/6084/3171 4622/6086/4145
f 5887/6112/3171 5890/6113/3171 4796/6083/3171 4797/6084/3171
f 5890/6113/3171 5893/6116/3171 4795/6082/3171 4796/6083/3171
f 5893/6116/3171 4806/6105/3171 4620/6081/3171 4795/6082/3171
f 5892/6114/3171 4805/6104/3171 4806/6105/3171 5893/6116/3171
f 5891/6115/3171 4804/6103/3171 4805/6104/3171 5892/6114/3171
f 4807/6121/3171 4621/6102/3171 4804/6103/3171 5891/6115/3171
f 4808/6122/3171 4807/6121/3171 5891/6115/3171 5888/6111/3171
f 4809/6118/3171 4808/6122/3171 5888/6111/3171 5885/6108/3171
f 5894/6123/3171 5897/6126/3171 5898/6125/3171 5895/6124/3171
f 5895/6124/3171 5898/6125/3171 5899/6128/3171 5896/6127/3171
f 5897/6126/3171 5900/6130/3171 5901/6129/3171 5898/6125/3171
f 5898/6125/3171 5901/6129/3171 5902/6131/3171 5899/6128/3171
f 4623/5994/3177 4815/6133/3177 5894/6123/3171 4816/6132/3171
f 4816/6132/3171 5894/6123/3171 5895/6124/3171 4817/6134/3171
f 4817/6134/3171 5895/6124/3171 5896/6127/3171 4818/6135/3171
f 4818/6135/3171 5896/6127/3171 4819/6137/3171 4626/6136/3171
f 5896/6127/3171 5899/6128/3171 4820/6138/3171 4819/6137/3171
f 5899/6128/3171 5902/6131/3171 4821/6139/3171 4820/6138/3171
f 5902/6131/3171 4822/6141/3171 4627/6140/3171 4821/6139/3171
f 5901/6129/3171 4823/6142/3171 4822/6141/3171 5902/6131/3171
f 5900/6130/3171 4824/6143/3171 4823/6142/3171 5901/6129/3171
f 4813/6144/3177 4629/6145/4146 4824/6143/3171 5900/6130/3171
f 4814/6146/3177 4813/6144/3177 5900/6130/3171 5897/6126/3171
f 4815/6133/3177 4814/6146/3177 5897/6126/3171 5894/6123/3171
f 5903/6147/3171 5906/6150/3171 5907/6149/3171 5904/6148/3171
f 5904/6148/3171 5907/6149/3171 5908/6152/3171 5905/6151/3171
f 5906/6150/3171 5909/6154/3171 5910/6153/3171 5907/6149/3171
f 5907/6149/3171 5910/6153/3171 5911/6155/3171 5908/6152/3171
f 4624/6156/3171 4827/6158/3171 5903/6147/3171 4828/6157/3171
f 4828/6157/3171 5903/6147/3171 5904/6148/3171 4829/6159/3171
f 4829/6159/3171 5904/6148/3171 5905/6151/3171 4830/6160/3171
f 4830/6160/3171 5905/6151/3171 4831/6162/3171 4628/6161/3171
f 5905/6151/3171 5908/6152/3171 4832/6163/3171 4831/6162/3171
f 5908/6152/3171 5911/6155/3171 4833/6164/3171 4832/6163/3171
f 5911/6155/3171 4821/6139/3171 4627/6140/3171 4833/6164/3171
f 5910/6153/3171 4820/6138/3171 4821/6139/3171 5911/6155/3171
f 5909/6154/3171 4819/6137/3171 4820/6138/3171 5910/6153/3171
f 4825/6165/3171 4626/6136/3171 4819/6137/3171 5909/6154/3171
f 4826/6166/3171 4825/6165/3171 5909/6154/3171 5906/6150/3171
f 4827/6158/3171 4826/6166/3171 5906/6150/3171 5903/6147/3171
f 5912/6167/3171 5915/6170/3171 5916/6169/3171 5913/6168/3171
f 5913/6168/3171 5916/6169/3171 5917/6172/3171 5914/6171/3171
f 5915/6170/3171 5918/6174/3171 5919/6173/3171 5916/6169/3171
f 5916/6169/3171 5919/6173/3171 5920/6175/3171 5917/6172/3171
f 4625/5661/3869 4836/6177/3171 5912/6167/3171 4837/6176/3869
f 4837/6176/3869 5912/6167/3171 5913/6168/3171 4838/6178/3869
f 4838/6178/3869 5913/6168/3171 5914/6171/3171 4839/6179/4147
f 4839/6179/4147 5914/6171/3171 4824/6143/3171 4629/6145/4146
f 5914/6171/3171 5917/6172/3171 4823/6142/3171 4824/6143/3171
f 5917/6172/3171 5920/6175/3171 4822/6141/3171 4823/6142/3171
f 5920/6175/3171 4833/6164/3171 4627/6140/3171 4822/6141/3171
f 5919/6173/3171 4832/6163/3171 4833/6164/3171 5920/6175/3171
f 5918/6174/3171 4831/6162/3171 4832/6163/3171 5919/6173/3171
f 4834/6180/3171 4628/6161/3171 4831/6162/3171 5918/6174/3171
f 4835/6181/3171 4834/6180/3171 5918/6174/3171 5915/6170/3171
f 4836/6177/3171 4835/6181/3171 5915/6170/3171 5912/6167/3171
f 5921/6182/3171 5924/6185/3171 5925/6184/3171 5922/6183/3171
f 5922/6183/3171 5925/6184/3171 5926/6187/3171 5923/6186/3171
f 5924/6185/3171 5927/6189/3171 5928/6188/3171 5925/6184/3171
f 5925/6184/3171 5928/6188/3171 5929/6190/3171 5926/6187/3171
f 4630/5686/3176 4842/6192/3171 5921/6182/3171 4843/6191/3176
f 4843/6191/3176 5921/6182/3171 5922/6183/3171 4844/6193/3176
f 4844/6193/3176 5922/6183/3171 5923/6186/3171 4845/6194/3176
f 4845/6194/3176 5923/6186/3171 4846/6196/3171 4633/6195/4148
f 5923/6186/3171 5926/6187/3171 4847/6197/3171 4846/6196/3171
f 5926/6187/3171 5929/6190/3171 4848/6198/3171 4847/6197/3171
f 5929/6190/3171 4849/6200/3171 4634/6199/3171 4848/6198/3171
f 5928/6188/3171 4850/6201/3171 4849/6200/3171 5929/6190/3171
f 5927/6189/3171 4851/6202/3171 4850/6201/3171 5928/6188/3171
f 4840/6203/3171 4636/6204/3171 4851/6202/3171 5927/6189/3171
f 4841/6205/3171 4840/6203/3171 5927/6189/3171 5924/6185/3171
f 4842/6192/3171 4841/6205/3171 5924/6185/3171 5921/6182/3171
f 5930/6206/3171 5933/6209/3171 5934/6208/3171 5931/6207/3171
f 5931/6207/3171 5934/6208/3171 5935/6211/3171 5932/6210/3171
f 5933/6209/3171 5936/6213/3171 5937/6212/3171 5934/6208/3171
f 5934/6208/3171 5937/6212/3171 5938/6214/3171 5935/6211/3171
f 4631/5666/3869 4854/6216/3869 5930/6206/3171 4855/6215/3171
f 4855/6215/3171 5930/6206/3171 5931/6207/3171 4856/6217/3171
f 4856/6217/3171 5931/6207/3171 5932/6210/3171 4857/6218/3171
f 4857/6218/3171 5932/6210/3171 4858/6220/3171 4635/6219/3171
f 5932/6210/3171 5935/6211/3171 4859/6221/3171 4858/6220/3171
f 5935/6211/3171 5938/6214/3171 4860/6222/3171 4859/6221/3171
f 5938/6214/3171 4848/6198/3171 4634/6199/3171 4860/6222/3171
f 5937/6212/3171 4847/6197/3171 4848/6198/3171 5938/6214/3171
f 5936/6213/3171 4846/6196/3171 4847/6197/3171 5937/6212/3171
f 4852/6223/3155 4633/6195/4148 4846/6196/3171 5936/6213/3171
f 4853/6224/3869 4852/6223/3155 5936/6213/3171 5933/6209/3171
f 4854/6216/3869 4853/6224/3869 5933/6209/3171 5930/6206/3171
f 5939/6225/3171 5942/6228/3171 5943/6227/3171 5940/6226/3171
f 5940/6226/3171 5943/6227/3171 5944/6230/3171 5941/6229/3171
f 5942/6228/3171 5945/6232/3171 5946/6231/3171 5943/6227/3171
f 5943/6227/3171 5946/6231/3171 5947/6233/3171 5944/6230/3171
f 4632/6234/3171 4863/6236/3171 5939/6225/3171 4864/6235/3171
f 4864/6235/3171 5939/6225/3171 5940/6226/3171 4865/6237/3171
f 4865/6237/3171 5940/6226/3171 5941/6229/3171 4866/6238/3171
f 4866/6238/3171 5941/6229/3171 4851/6202/3171 4636/6204/3171
f 5941/6229/3171 5944/6230/3171 4850/6201/3171 4851/6202/3171
f 5944/6230/3171 5947/6233/3171 4849/6200/3171 4850/6201/3171
f 5947/6233/3171 4860/6222/3171 4634/6199/3171 4849/6200/3171
f 5946/6231/3171 4859/6221/3171 4860/6222/3171 5947/6233/3171
f 5945/6232/3171 4858/6220/3171 4859/6221/3171 5946/6231/3171
f 4861/6239/3171 4635/6219/3171 4858/6220/3171 5945/6232/3171
f 4862/6240/3171 4861/6239/3171 5945/6232/3171 5942/6228/3171
f 4863/6236/3171 4862/6240/3171 5942/6228/3171 5939/6225/3171
f 5948/6241/4149 5951/6244/4152 5952/6243/4151 5949/6242/4150
f 5949/6242/4150 5952/6243/4151 5953/6246/4154 5950/6245/4153
f 5951/6244/4152 5954/6248/4156 5955/6247/4155 5952/6243/4151
f 5952/6243/4151 5955/6247/4155 5956/6249/4157 5953/6246/4154
f 4637/5745/3920 4869/6251/4159 5948/6241/4149 4870/6250/4158
f 4870/6250/4158 5948/6241/4149 5949/6242/4150 4871/6252/4160
f 4871/6252/4160 5949/6242/4150 5950/6245/4153 4872/6253/4161
f 4872/6253/4161 5950/6245/4153 4873/6255/4163 4641/6254/4162
f 5950/6245/4153 5953/6246/4154 4874/6256/4164 4873/6255/4163
f 5953/6246/4154 5956/6249/4157 4875/6257/4165 4874/6256/4164
f 5956/6258/4157 4876/6261/4167 4642/6260/4166 4875/6259/4165
f 5955/6262/4155 4877/6263/4168 4876/6261/4167 5956/6258/4157
f 5954/6248/4156 4878/6265/4169 4877/6264/4168 5955/6247/4155
f 4867/6266/4170 4645/6267/4171 4878/6265/4169 5954/6248/4156
f 4868/6268/4172 4867/6266/4170 5954/6248/4156 5951/6244/4152
f 4869/6251/4159 4868/6268/4172 5951/6244/4152 5948/6241/4149
f 5957/6269/4173 5960/6272/4176 5961/6271/4175 5958/6270/4174
f 5958/6270/4174 5961/6271/4175 5962/6274/4178 5959/6273/4177
f 5960/6272/4176 5963/6276/4180 5964/6275/4179 5961/6271/4175
f 5961/6271/4175 5964/6275/4179 5965/6277/4181 5962/6274/4178
f 4638/5957/4112 4881/6279/4183 5957/6269/4173 4882/6278/4182
f 4882/6278/4182 5957/6269/4173 5958/6270/4174 4883/6280/4184
f 4883/6280/4184 5958/6270/4174 5959/6273/4177 4884/6281/4185
f 4884/6281/4185 5959/6273/4177 4885/6283/4187 4643/6282/4186
f 5959/6273/4177 5962/6274/4178 4886/6284/4188 4885/6283/4187
f 5962/6274/4178 5965/6277/4181 4887/6285/4189 4886/6284/4188
f 5965/6277/4181 4875/6287/4165 4642/6286/4166 4887/6285/4189
f 5964/6275/4179 4874/6288/4164 4875/6287/4165 5965/6277/4181
f 5963/6276/4180 4873/6289/4163 4874/6288/4164 5964/6275/4179
f 4879/6290/4190 4641/6291/4162 4873/6289/4163 5963/6276/4180
f 4880/6292/4191 4879/6290/4190 5963/6276/4180 5960/6272/4176
f 4881/6279/4183 4880/6292/4191 5960/6272/4176 5957/6269/4173
f 5966/6293/4192 5969/6296/4195 5970/6295/4194 5967/6294/4193
f 5967/6294/4193 5970/6295/4194 5971/6298/4197 5968/6297/4196
f 5969/6296/4195 5972/6300/4199 5973/6299/4198 5970/6295/4194
f 5970/6295/4194 5973/6299/4198 5974/6301/4200 5971/6298/4197
f 4639/5670/3872 4890/6303/4202 5966/6293/4192 4891/6302/4201
f 4891/6302/4201 5966/6293/4192 5967/6294/4193 4892/6304/4203
f 4892/6304/4203 5967/6294/4193 5968/6297/4196 4893/6305/4204
f 4893/6305/4204 5968/6297/4196 4894/6307/4206 4644/6306/4205
f 5968/6297/4196 5971/6298/4197 4895/6308/4207 4894/6307/4206
f 5971/6298/4197 5974/6301/4200 4896/6309/4208 4895/6308/4207
f 5974/6301/4200 4887/6310/4189 4642/6260/4166 4896/6309/4208
f 5973/6299/4198 4886/6311/4188 4887/6310/4189 5974/6301/4200
f 5972/6300/4199 4885/6312/4187 4886/6311/4188 5973/6299/4198
f 4888/6313/4209 4643/6314/4186 4885/6312/4187 5972/6300/4199
f 4889/6315/4210 4888/6313/4209 5972/6300/4199 5969/6296/4195
f 4890/6303/4202 4889/6315/4210 5969/6296/4195 5966/6293/4192
f 5975/6316/4211 5978/6319/4214 5979/6318/4213 5976/6317/4212
f 5976/6317/4212 5979/6318/4213 5980/6321/4216 5977/6320/4215
f 5978/6319/4214 5981/6323/4218 5982/6322/4217 5979/6318/4213
f 5979/6318/4213 5982/6322/4217 5983/6324/4219 5980/6321/4216
f 4640/5700/3886 4899/6326/4221 5975/6316/4211 4900/6325/4220
f 4900/6325/4220 5975/6316/4211 5976/6317/4212 4901/6327/4222
f 4901/6327/4222 5976/6317/4212 5977/6320/4215 4902/6328/4223
f 4902/6328/4223 5977/6320/4215 4878/6330/4169 4645/6329/4171
f 5977/6320/4215 5980/6321/4216 4877/6263/4168 4878/6330/4169
f 5980/6321/4216 5983/6324/4219 4876/6261/4167 4877/6263/4168
f 5983/6324/4219 4896/6309/4208 4642/6260/4166 4876/6261/4167
f 5982/6322/4217 4895/6308/4207 4896/6309/4208 5983/6324/4219
f 5981/6323/4218 4894/6307/4206 4895/6308/4207 5982/6322/4217
f 4897/6331/4224 4644/6306/4205 4894/6307/4206 5981/6323/4218
f 4898/6332/4225 4897/6331/4224 5981/6323/4218 5978/6319/4214
f 4899/6326/4221 4898/6332/4225 5978/6319/4214 5975/6316/4211
f 5984/6333/4226 5987/6336/4229 5988/6335/4228 5985/6334/4227
f 5985/6334/4227 5988/6335/4228 5989/6338/4231 5986/6337/4230
f 5987/6336/4229 5990/6340/4233 5991/6339/4232 5988/6335/4228
f 5988/6335/4228 5991/6339/4232 5992/6341/4234 5989/6338/4231
f 4646/5750/3925 4905/6343/4236 5984/6333/4226 4906/6342/4235
f 4906/6342/4235 5984/6333/4226 5985/6334/4227 4907/6344/4237
f 4907/6344/4237 5985/6334/4227 5986/6337/4230 4908/6345/4238
f 4908/6345/4238 5986/6337/4230 4909/6347/4240 4650/6346/4239
f 5986/6337/4230 5989/6338/4231 4910/6348/4241 4909/6347/4240
f 5989/6349/4231 5992/6352/4234 4911/6351/4242 4910/6350/4241
f 5992/6352/4234 4912/6354/4244 4651/6353/4243 4911/6351/4242
f 5991/6339/4232 4913/6356/4245 4912/6355/4244 5992/6341/4234
f 5990/6340/4233 4914/6357/4246 4913/6356/4245 5991/6339/4232
f 4903/6358/4247 4654/6359/4248 4914/6357/4246 5990/6340/4233
f 4904/6360/4249 4903/6358/4247 5990/6340/4233 5987/6336/4229
f 4905/6343/4236 4904/6360/4249 5987/6336/4229 5984/6333/4226
f 5993/6361/4250 5996/6364/4253 5997/6363/4252 5994/6362/4251
f 5994/6362/4251 5997/6363/4252 5998/6366/4255 5995/6365/4254
f 5996/6364/4253 5999/6368/4257 6000/6367/4256 5997/6363/4252
f 5997/6363/4252 6000/6367/4256 6001/6369/4258 5998/6366/4255
f 4647/5695/3883 4917/6371/4260 5993/6361/4250 4918/6370/4259
f 4918/6370/4259 5993/6361/4250 5994/6362/4251 4919/6372/4261
f 4919/6372/4261 5994/6362/4251 5995/6365/4254 4920/6373/4262
f 4920/6373/4262 5995/6365/4254 4921/6375/4264 4652/6374/4263
f 5995/6365/4254 5998/6366/4255 4922/6376/4265 4921/6375/4264
f 5998/6366/4255 6001/6369/4258 4923/6377/4266 4922/6376/4265
f 6001/6369/4258 4911/6351/4242 4651/6353/4243 4923/6377/4266
f 6000/6367/4256 4910/6350/4241 4911/6351/4242 6001/6369/4258
f 5999/6368/4257 4909/6378/4240 4910/6350/4241 6000/6367/4256
f 4915/6379/4267 4650/6380/4239 4909/6378/4240 5999/6368/4257
f 4916/6381/4268 4915/6379/4267 5999/6368/4257 5996/6364/4253
f 4917/6371/4260 4916/6381/4268 5996/6364/4253 5993/6361/4250
f 6002/6382/4269 6005/6385/4272 6006/6384/4271 6003/6383/4270
f 6003/6383/4270 6006/6384/4271 6007/6387/4274 6004/6386/4273
f 6005/6385/4272 6008/6389/4276 6009/6388/4275 6006/6384/4271
f 6006/6384/4271 6009/6388/4275 6010/6390/4277 6007/6387/4274
f 4648/5725/3902 4926/6392/4279 6002/6382/4269 4927/6391/4278
f 4927/6391/4278 6002/6382/4269 6003/6383/4270 4928/6393/4280
f 4928/6393/4280 6003/6383/4270 6004/6386/4273 4929/6394/4281
f 4929/6394/4281 6004/6386/4273 4930/6396/4283 4653/6395/4282
f 6004/6386/4273 6007/6387/4274 4931/6397/4284 4930/6396/4283
f 6007/6387/4274 6010/6390/4277 4932/6398/4285 4931/6397/4284
f 6010/6390/4277 4923/6377/4266 4651/6353/4243 4932/6398/4285
f 6009/6388/4275 4922/6376/4265 4923/6377/4266 6010/6390/4277
f 6008/6389/4276 4921/6375/4264 4922/6376/4265 6009/6388/4275
f 4924/6399/4286 4652/6374/4263 4921/6375/4264 6008/6389/4276
f 4925/6400/4287 4924/6399/4286 6008/6389/4276 6005/6385/4272
f 4926/6392/4279 4925/6400/4287 6005/6385/4272 6002/6382/4269
f 6011/6401/4288 6014/6404/4291 6015/6403/4290 6012/6402/4289
f 6012/6402/4289 6015/6403/4290 6016/6406/4293 6013/6405/4292
f 6014/6404/4291 6017/6408/4295 6018/6407/4294 6015/6403/4290
f 6015/6403/4290 6018/6407/4294 6019/6409/4296 6016/6406/4293
f 4649/5595/3808 4935/6411/4298 6011/6401/4288 4936/6410/4297
f 4936/6410/4297 6011/6401/4288 6012/6402/4289 4937/6412/4299
f 4937/6412/4299 6012/6402/4289 6013/6405/4292 4938/6413/4300
f 4938/6413/4300 6013/6405/4292 4914/6415/4246 4654/6414/4248
f 6013/6405/4292 6016/6406/4293 4913/6416/4245 4914/6415/4246
f 6016/6406/4293 6019/6409/4296 4912/6417/4244 4913/6416/4245
f 6019/6409/4296 4932/6419/4285 4651/6418/4243 4912/6417/4244
f 6018/6407/4294 4931/6420/4284 4932/6419/4285 6019/6409/4296
f 6017/6408/4295 4930/6421/4283 4931/6420/4284 6018/6407/4294
f 4933/6422/4301 4653/6423/4282 4930/6421/4283 6017/6408/4295
f 4934/6424/4302 4933/6422/4301 6017/6408/4295 6014/6404/4291
f 4935/6411/4298 4934/6424/4302 6014/6404/4291 6011/6401/4288
f 6020/6425/4303 6023/6428/4306 6024/6427/4305 6021/6426/4304
f 6021/6426/4304 6024/6427/4305 6025/6430/4308 6022/6429/4307
f 6023/6428/4306 6026/6432/4310 6027/6431/4309 6024/6427/4305
f 6024/6427/4305 6027/6431/4309 6028/6433/4311 6025/6430/4308
f 4655/5599/3812 4941/6435/4313 6020/6425/4303 4942/6434/4312
f 4942/6434/4312 6020/6425/4303 6021/6426/4304 4943/6436/4314
f 4943/6436/4314 6021/6426/4304 6022/6429/4307 4944/6437/4315
f 4944/6437/4315 6022/6429/4307 4945/6439/4317 4659/6438/4316
f 6022/6429/4307 6025/6430/4308 4946/6440/4318 4945/6439/4317
f 6025/6430/4308 6028/6433/4311 4947/6441/4319 4946/6440/4318
f 6028/6433/4311 4948/6443/4321 4660/6442/4320 4947/6441/4319
f 6027/6431/4309 4949/6444/4322 4948/6443/4321 6028/6433/4311
f 6026/6432/4310 4950/6445/4323 4949/6444/4322 6027/6431/4309
f 4939/6446/4324 4663/6447/4325 4950/6445/4323 6026/6432/4310
f 4940/6448/4326 4939/6446/4324 6026/6432/4310 6023/6428/4306
f 4941/6435/4313 4940/6448/4326 6023/6428/4306 6020/6425/4303
f 6029/6449/4327 6032/6452/4330 6033/6451/4329 6030/6450/4328
f 6030/6450/4328 6033/6451/4329 6034/6454/4332 6031/6453/4331
f 6032/6452/4330 6035/6456/4334 6036/6455/4333 6033/6451/4329
f 6033/6451/4329 6036/6455/4333 6037/6457/4335 6034/6454/4332
f 4656/5720/3897 4953/6459/4337 6029/6449/4327 4954/6458/4336
f 4954/6458/4336 6029/6449/4327 6030/6450/4328 4955/6460/4338
f 4955/6460/4338 6030/6450/4328 6031/6453/4331 4956/6461/4339
f 4956/6461/4339 6031/6453/4331 4957/6463/4341 4661/6462/4340
f 6031/6453/4331 6034/6454/4332 4958/6464/4342 4957/6463/4341
f 6034/6454/4332 6037/6457/4335 4959/6465/4343 4958/6464/4342
f 6037/6457/4335 4947/6467/4319 4660/6466/4320 4959/6465/4343
f 6036/6455/4333 4946/6468/4318 4947/6467/4319 6037/6457/4335
f 6035/6456/4334 4945/6469/4317 4946/6468/4318 6036/6455/4333
f 4951/6470/4344 4659/6471/4316 4945/6469/4317 6035/6456/4334
f 4952/6472/4345 4951/6470/4344 6035/6456/4334 6032/6452/4330
f 4953/6459/4337 4952/6472/4345 6032/6452/4330 6029/6449/4327
f 6038/6473/4346 6041/6476/4349 6042/6475/4348 6039/6474/4347
f 6039/6474/4347 6042/6475/4348 6043/6478/4351 6040/6477/4350
f 6041/6476/4349 6044/6480/4353 6045/6479/4352 6042/6475/4348
f 6042/6475/4348 6045/6479/4352 6046/6481/4354 6043/6478/4351
f 4657/6003/4142 4962/6483/4356 6038/6473/4346 4963/6482/4355
f 4963/6482/4355 6038/6473/4346 6039/6474/4347 4964/6484/4357
f 4964/6484/4357 6039/6474/4347 6040/6477/4350 4965/6485/4358
f 4965/6485/4358 6040/6477/4350 4966/6487/4360 4662/6486/4359
f 6040/6477/4350 6043/6478/4351 4967/6488/4361 4966/6487/4360
f 6043/6478/4351 6046/6481/4354 4968/6489/4362 4967/6488/4361
f 6046/6481/4354 4959/6465/4343 4660/6466/4320 4968/6489/4362
f 6045/6479/4352 4958/6464/4342 4959/6465/4343 6046/6481/4354
f 6044/6480/4353 4957/6463/4341 4958/6464/4342 6045/6479/4352
f 4960/6490/4363 4661/6462/4340 4957/6463/4341 6044/6480/4353
f 4961/6491/4364 4960/6490/4363 6044/6480/4353 6041/6476/4349
f 4962/6483/4356 4961/6491/4364 6041/6476/4349 6038/6473/4346
f 6047/6492/4365 6050/6495/4368 6051/6494/4367 6048/6493/4366
f 6048/6493/4366 6051/6494/4367 6052/6497/4370 6049/6496/4369
f 6050/6495/4368 6053/6499/4372 6054/6498/4371 6051/6494/4367
f 6051/6494/4367 6054/6498/4371 6055/6500/4373 6052/6497/4370
f 4658/5611/3823 4971/6502/4375 6047/6492/4365 4972/6501/4374
f 4972/6501/4374 6047/6492/4365 6048/6493/4366 4973/6503/4376
f 4973/6503/4376 6048/6493/4366 6049/6496/4369 4974/6504/4377
f 4974/6504/4377 6049/6496/4369 4950/6506/4323 4663/6505/4325
f 6049/6496/4369 6052/6497/4370 4949/6507/4322 4950/6506/4323
f 6052/6497/4370 6055/6500/4373 4948/6508/4321 4949/6507/4322
f 6055/6509/4373 4968/6489/4362 4660/6466/4320 4948/6510/4321
f 6054/6498/4371 4967/6512/4361 4968/6511/4362 6055/6500/4373
f 6053/6499/4372 4966/6513/4360 4967/6512/4361 6054/6498/4371
f 4969/6514/4378 4662/6515/4359 4966/6513/4360 6053/6499/4372
f 4970/6516/4379 4969/6514/4378 6053/6499/4372 6050/6495/4368
f 4971/6502/4375 4970/6516/4379 6050/6495/4368 6047/6492/4365
f 6056/6517/4380 6059/6520/4383 6060/6519/4382 6057/6518/4381
f 6057/6518/4381 6060/6519/4382 6061/6522/4385 6058/6521/4384
f 6059/6520/4383 6062/6524/4387 6063/6523/4386 6060/6519/4382
f 6060/6519/4382 6063/6523/4386 6064/6525/4388 6061/6522/4385
f 4664/5616/3828 4977/6527/4390 6056/6517/4380 4978/6526/4389
f 4978/6526/4389 6056/6517/4380 6057/6518/4381 4979/6528/4391
f 4979/6528/4391 6057/6518/4381 6058/6521/4384 4980/6529/4392
f 4980/6529/4392 6058/6521/4384 4981/6531/4394 4668/6530/4393
f 6058/6521/4384 6061/6522/4385 4982/6532/4395 4981/6531/4394
f 6061/6522/4385 6064/6525/4388 4983/6533/4396 4982/6532/4395
f 6064/6534/4388 4984/6537/4398 4669/6536/4397 4983/6535/4396
f 6063/6523/4386 4985/6539/4399 4984/6538/4398 6064/6525/4388
f 6062/6524/4387 4986/6540/4400 4985/6539/4399 6063/6523/4386
f 4975/6541/4401 4672/6542/4402 4986/6540/4400 6062/6524/4387
f 4976/6543/4403 4975/6541/4401 6062/6524/4387 6059/6520/4383
f 4977/6527/4390 4976/6543/4403 6059/6520/4383 6056/6517/4380
f 6065/6544/4404 6068/6547/4407 6069/6546/4406 6066/6545/4405
f 6066/6545/4405 6069/6546/4406 6070/6549/4409 6067/6548/4408
f 6068/6547/4407 6071/6551/4411 6072/6550/4410 6069/6546/4406
f 6069/6546/4406 6072/6550/4410 6073/6552/4412 6070/6549/4409
f 4665/5998/4140 4989/6554/4414 6065/6544/4404 4990/6553/4413
f 4990/6553/4413 6065/6544/4404 6066/6545/4405 4991/6555/4415
f 4991/6555/4415 6066/6545/4405 6067/6548/4408 4992/6556/4416
f 4992/6556/4416 6067/6548/4408 4993/6558/4418 4670/6557/4417
f 6067/6548/4408 6070/6549/4409 4994/6559/4419 4993/6558/4418
f 6070/6549/4409 6073/6552/4412 4995/6560/4420 4994/6559/4419
f 6073/6552/4412 4983/6535/4396 4669/6536/4397 4995/6560/4420
f 6072/6550/4410 4982/6561/4395 4983/6535/4396 6073/6552/4412
f 6071/6551/4411 4981/6562/4394 4982/6561/4395 6072/6550/4410
f 4987/6563/4421 4668/6564/4393 4981/6562/4394 6071/6551/4411
f 4988/6565/4422 4987/6563/4421 6071/6551/4411 6068/6547/4407
f 4989/6554/4414 4988/6565/4422 6068/6547/4407 6065/6544/4404
f 6074/6566/4423 6077/6569/4426 6078/6568/4425 6075/6567/4424
f 6075/6567/4424 6078/6568/4425 6079/6571/4428 6076/6570/4427
f 6077/6569/4426 6080/6573/4430 6081/6572/4429 6078/6568/4425
f 6078/6568/4425 6081/6572/4429 6082/6574/4431 6079/6571/4428
f 4666/5675/3877 4998/6576/4433 6074/6566/4423 4999/6575/4432
f 4999/6575/4432 6074/6566/4423 6075/6567/4424 5000/6577/4434
f 5000/6577/4434 6075/6567/4424 6076/6570/4427 5001/6578/4435
f 5001/6578/4435 6076/6570/4427 5002/6580/4437 4671/6579/4436
f 6076/6570/4427 6079/6571/4428 5003/6581/4438 5002/6580/4437
f 6079/6571/4428 6082/6574/4431 5004/6582/4439 5003/6581/4438
f 6082/6574/4431 4995/6560/4420 4669/6536/4397 5004/6582/4439
f 6081/6572/4429 4994/6559/4419 4995/6560/4420 6082/6574/4431
f 6080/6573/4430 4993/6558/4418 4994/6559/4419 6081/6572/4429
f 4996/6583/4440 4670/6557/4417 4993/6558/4418 6080/6573/4430
f 4997/6584/4441 4996/6583/4440 6080/6573/4430 6077/6569/4426
f 4998/6576/4433 4997/6584/4441 6077/6569/4426 6074/6566/4423
f 6083/6585/4442 6086/6588/4445 6087/6587/4444 6084/6586/4443
f 6084/6586/4443 6087/6587/4444 6088/6590/4447 6085/6589/4446
f 6086/6588/4445 6089/6592/4449 6090/6591/4448 6087/6587/4444
f 6087/6587/4444 6090/6591/4448 6091/6593/4450 6088/6590/4447
f 4667/5953/4108 5007/6595/4452 6083/6585/4442 5008/6594/4451
f 5008/6594/4451 6083/6585/4442 6084/6586/4443 5009/6596/4453
f 5009/6596/4453 6084/6586/4443 6085/6589/4446 5010/6597/4454
f 5010/6597/4454 6085/6589/4446 4986/6599/4400 4672/6598/4402
f 6085/6589/4446 6088/6590/4447 4985/6600/4399 4986/6599/4400
f 6088/6590/4447 6091/6593/4450 4984/6601/4398 4985/6600/4399
f 6091/6593/4450 5004/6603/4439 4669/6602/4397 4984/6601/4398
f 6090/6591/4448 5003/6604/4438 5004/6603/4439 6091/6593/4450
f 6089/6592/4449 5002/6605/4437 5003/6604/4438 6090/6591/4448
f 5005/6606/4455 4671/6607/4436 5002/6605/4437 6089/6592/4449
f 5006/6608/4456 5005/6606/4455 6089/6592/4449 6086/6588/4445
f 5007/6595/4452 5006/6608/4456 6086/6588/4445 6083/6585/4442
f 6092/6609/4457 6095/6612/4460 6096/6611/4459 6093/6610/4458
f 6093/6610/4458 6096/6611/4459 6097/6614/4462 6094/6613/4461
f 6095/6612/4460 6098/6616/4464 6099/6615/4463 6096/6611/4459
f 6096/6611/4459 6099/6615/4463 6100/6617/4465 6097/6614/4462
f 4673/5575/3788 5013/6619/4467 6092/6609/4457 5014/6618/4466
f 5014/6618/4466 6092/6609/4457 6093/6610/4458 5015/6620/4468
f 5015/6620/4468 6093/6610/4458 6094/6613/4461 5016/6621/4469
f 5016/6622/4469 6094/6625/4461 5017/6624/4471 4676/6623/4470
f 6094/6625/4461 6097/6627/4462 5018/6626/4472 5017/6624/4471
f 6097/6627/4462 6100/6629/4465 5019/6628/4473 5018/6626/4472
f 6100/6629/4465 5020/6630/4474 5019/6628/4473
f 6099/6631/4463 5021/6632/4475 5020/6630/4474 6100/6629/4465
f 6098/6616/4464 5022/6634/4476 5021/6633/4475 6099/6615/4463
f 5011/6635/4477 4678/6636/4478 5022/6634/4476 6098/6616/4464
f 5012/6637/4479 5011/6635/4477 6098/6616/4464 6095/6612/4460
f 5013/6619/4467 5012/6637/4479 6095/6612/4460 6092/6609/4457
f 6101/6638/4480 6104/6641/4483 6105/6640/4482 6102/6639/4481
f 6102/6639/4481 6105/6640/4482 6106/6643/4485 6103/6642/4484
f 6104/6641/4483 6107/6645/4487 6108/6644/4486 6105/6640/4482
f 6105/6640/4482 6108/6644/4486 6109/6646/4488 6106/6643/4485
f 4674/5840/4000 5025/6648/4490 6101/6638/4480 5026/6647/4489
f 5026/6647/4489 6101/6638/4480 6102/6639/4481 5027/6649/4491
f 5027/6649/4491 6102/6639/4481 6103/6642/4484 5028/6650/4492
f 5028/6650/4492 6103/6642/4484 5029/6652/4494 4677/6651/4493
f 6103/6642/4484 6106/6643/4485 5030/6653/4495 5029/6652/4494
f 6106/6643/4485 6109/6646/4488 5031/6654/4496 5030/6653/4495
f 6109/6646/4488 5019/6628/4473 5020/6630/4474 5031/6654/4496
f 6108/6644/4486 5018/6626/4472 5019/6628/4473 6109/6646/4488
f 6107/6645/4487 5017/6624/4471 5018/6626/4472 6108/6644/4486
f 5023/6655/4497 4676/6623/4470 5017/6624/4471 6107/6645/4487
f 5024/6656/4498 5023/6655/4497 6107/6645/4487 6104/6641/4483
f 5025/6648/4490 5024/6656/4498 6104/6641/4483 6101/6638/4480
f 6110/6657/4499 6113/6660/4502 6114/6659/4501 6111/6658/4500
f 6111/6658/4500 6114/6659/4501 6115/6662/4504 6112/6661/4503
f 6113/6660/4502 6116/6664/4506 6117/6663/4505 6114/6659/4501
f 6114/6659/4501 6117/6663/4505 6118/6665/4507 6115/6662/4504
f 4675/5645/3857 5034/6667/4509 6110/6657/4499 5035/6666/4508
f 5035/6666/4508 6110/6657/4499 6111/6658/4500 5036/6668/4510
f 5036/6668/4510 6111/6658/4500 6112/6661/4503 5037/6669/4511
f 5037/6669/4511 6112/6661/4503 5022/6671/4476 4678/6670/4478
f 6112/6661/4503 6115/6662/4504 5021/6632/4475 5022/6671/4476
f 6115/6662/4504 6118/6665/4507 5020/6630/4474 5021/6632/4475
f 6118/6665/4507 5031/6654/4496 5020/6630/4474
f 6117/6663/4505 5030/6653/4495 5031/6654/4496 6118/6665/4507
f 6116/6664/4506 5029/6652/4494 5030/6653/4495 6117/6663/4505
f 5032/6672/4512 4677/6651/4493 5029/6652/4494 6116/6664/4506
f 5033/6673/4513 5032/6672/4512 6116/6664/4506 6113/6660/4502
f 5034/6667/4509 5033/6673/4513 6113/6660/4502 6110/6657/4499
f 6119/6674/4514 6122/6677/4517 6123/6676/4516 6120/6675/4515
f 6120/6675/4515 6123/6676/4516 6124/6679/4519 6121/6678/4518
f 6122/6677/4517 6125/6681/4521 6126/6680/4520 6123/6676/4516
f 6123/6676/4516 6126/6680/4520 6127/6682/4522 6124/6679/4519
f 4679/5736/3911 5040/6684/4524 6119/6674/4514 5041/6683/4523
f 5041/6683/4523 6119/6674/4514 6120/6675/4515 5042/6685/4525
f 5042/6685/4525 6120/6675/4515 6121/6678/4518 5043/6686/4526
f 5043/6686/4526 6121/6678/4518 5044/6688/4528 4682/6687/4527
f 6121/6678/4518 6124/6679/4519 5045/6689/4529 5044/6688/4528
f 6124/6679/4519 6127/6682/4522 5046/6690/4530 5045/6689/4529
f 6127/6682/4522 5047/6692/4532 5058/6691/4531 5046/6690/4530
f 6126/6680/4520 5048/6693/4533 5047/6692/4532 6127/6682/4522
f 6125/6681/4521 5049/6694/4534 5048/6693/4533 6126/6680/4520
f 5038/6695/4535 4684/6696/4536 5049/6694/4534 6125/6681/4521
f 5039/6697/4537 5038/6695/4535 6125/6681/4521 6122/6677/4517
f 5040/6684/4524 5039/6697/4537 6122/6677/4517 6119/6674/4514
f 6128/6698/4538 6131/6701/4541 6132/6700/4540 6129/6699/4539
f 6129/6699/4539 6132/6700/4540 6133/6703/4543 6130/6702/4542
f 6131/6701/4541 6134/6705/4545 6135/6704/4544 6132/6700/4540
f 6132/6700/4540 6135/6704/4544 6136/6706/4546 6133/6703/4543
f 4680/5591/3804 5052/6708/4548 6128/6698/4538 5053/6707/4547
f 5053/6707/4547 6128/6698/4538 6129/6699/4539 5054/6709/4549
f 5054/6709/4549 6129/6699/4539 6130/6702/4542 5055/6710/4550
f 5055/6710/4550 6130/6702/4542 5056/6712/4552 4683/6711/4551
f 6130/6702/4542 6133/6703/4543 5057/6713/4553 5056/6712/4552
f 6133/6714/4543 6136/6716/4546 5058/6691/4531 5057/6715/4553
f 6136/6716/4546 5046/6690/4530 5058/6691/4531
f 6135/6717/4544 5045/6689/4529 5046/6690/4530 6136/6716/4546
f 6134/6705/4545 5044/6719/4528 5045/6718/4529 6135/6704/4544
f 5050/6720/4554 4682/6721/4527 5044/6719/4528 6134/6705/4545
f 5051/6722/4555 5050/6720/4554 6134/6705/4545 6131/6701/4541
f 5052/6708/4548 5051/6722/4555 6131/6701/4541 6128/6698/4538
f 6137/6723/4556 6140/6726/4559 6141/6725/4558 6138/6724/4557
f 6138/6724/4557 6141/6725/4558 6142/6728/4561 6139/6727/4560
f 6140/6726/4559 6143/6730/4563 6144/6729/4562 6141/6725/4558
f 6141/6725/4558 6144/6729/4562 6145/6731/4564 6142/6728/4561
f 4681/5518/3731 5061/6733/4566 6137/6723/4556 5062/6732/4565
f 5062/6732/4565 6137/6723/4556 6138/6724/4557 5063/6734/4567
f 5063/6734/4567 6138/6724/4557 6139/6727/4560 5064/6735/4568
f 5064/6735/4568 6139/6727/4560 5049/6694/4534 4684/6696/4536
f 6139/6727/4560 6142/6728/4561 5048/6693/4533 5049/6694/4534
f 6142/6728/4561 6145/6731/4564 5047/6692/4532 5048/6693/4533
f 6145/6731/4564 5058/6691/4531 5047/6692/4532
f 6144/6729/4562 5057/6715/4553 5058/6691/4531 6145/6731/4564
f 6143/6730/4563 5056/6736/4552 5057/6715/4553 6144/6729/4562
f 5059/6737/4569 4683/6738/4551 5056/6736/4552 6143/6730/4563
f 5060/6739/4570 5059/6737/4569 6143/6730/4563 6140/6726/4559
f 5061/6733/4566 5060/6739/4570 6140/6726/4559 6137/6723/4556
f 6146/6740/4571 6149/6743/4574 6150/6742/4573 6147/6741/4572
f 6147/6741/4572 6150/6742/4573 6151/6745/4576 6148/6744/4575
f 6149/6743/4574 6152/6747/4578 6153/6746/4577 6150/6742/4573
f 6150/6742/4573 6153/6746/4577 6154/6748/4579 6151/6745/4576
f 4694/5554/3767 5067/6750/4581 6146/6740/4571 5068/6749/4580
f 5068/6749/4580 6146/6740/4571 6147/6741/4572 5069/6751/4582
f 5069/6751/4582 6147/6741/4572 6148/6744/4575 5070/6752/4583
f 5070/6752/4583 6148/6744/4575 5071/6754/4585 4697/6753/4584
f 6148/6744/4575 6151/6745/4576 5072/6755/4586 5071/6754/4585
f 6151/6756/4576 6154/6759/4579 5073/6758/4587 5072/6757/4586
f 6154/6759/4579 5074/6760/4588 5073/6758/4587
f 6153/6761/4577 5075/6762/4589 5074/6760/4588 6154/6759/4579
f 6152/6747/4578 5076/6764/4590 5075/6763/4589 6153/6746/4577
f 5065/6765/4591 4699/6766/4592 5076/6764/4590 6152/6747/4578
f 5066/6767/4593 5065/6765/4591 6152/6747/4578 6149/6743/4574
f 5067/6750/4581 5066/6767/4593 6149/6743/4574 6146/6740/4571
f 6155/6768/4594 6158/6771/4597 6159/6770/4596 6156/6769/4595
f 6156/6769/4595 6159/6770/4596 6160/6773/4599 6157/6772/4598
f 6158/6771/4597 6161/6775/4601 6162/6774/4600 6159/6770/4596
f 6159/6770/4596 6162/6774/4600 6163/6776/4602 6160/6773/4599
f 4695/5625/3837 5079/6778/4604 6155/6768/4594 5080/6777/4603
f 5080/6777/4603 6155/6768/4594 6156/6769/4595 5081/6779/4605
f 5081/6779/4605 6156/6769/4595 6157/6772/4598 5082/6780/4606
f 5082/6780/4606 6157/6772/4598 5083/6782/4608 4698/6781/4607
f 6157/6772/4598 6160/6773/4599 5084/6783/4609 5083/6782/4608
f 6160/6773/4599 6163/6776/4602 5085/6784/4610 5084/6783/4609
f 6163/6776/4602 5073/6758/4587 5074/6760/4588 5085/6784/4610
f 6162/6774/4600 5072/6757/4586 5073/6758/4587 6163/6776/4602
f 6161/6775/4601 5071/6785/4585 5072/6757/4586 6162/6774/4600
f 5077/6786/4611 4697/6787/4584 5071/6785/4585 6161/6775/4601
f 5078/6788/4612 5077/6786/4611 6161/6775/4601 6158/6771/4597
f 5079/6778/4604 5078/6788/4612 6158/6771/4597 6155/6768/4594
f 6164/6789/4613 6167/6792/4616 6168/6791/4615 6165/6790/4614
f 6165/6790/4614 6168/6791/4615 6169/6794/4618 6166/6793/4617
f 6167/6792/4616 6170/6796/4620 6171/6795/4619 6168/6791/4615
f 6168/6791/4615 6171/6795/4619 6172/6797/4621 6169/6794/4618
f 4696/5790/3965 5088/6799/4623 6164/6789/4613 5089/6798/4622
f 5089/6798/4622 6164/6789/4613 6165/6790/4614 5090/6800/4624
f 5090/6800/4624 6165/6790/4614 6166/6793/4617 5091/6801/4625
f 5091/6801/4625 6166/6793/4617 5076/6803/4590 4699/6802/4592
f 6166/6793/4617 6169/6794/4618 5075/6762/4589 5076/6803/4590
f 6169/6794/4618 6172/6797/4621 5074/6760/4588 5075/6762/4589
f 6172/6797/4621 5085/6784/4610 5074/6760/4588
f 6171/6795/4619 5084/6783/4609 5085/6784/4610 6172/6797/4621
f 6170/6796/4620 5083/6782/4608 5084/6783/4609 6171/6795/4619
f 5086/6804/4626 4698/6781/4607 5083/6782/4608 6170/6796/4620
f 5087/6805/4627 5086/6804/4626 6170/6796/4620 6167/6792/4616
f 5088/6799/4623 5087/6805/4627 6167/6792/4616 6164/6789/4613
f 6173/6806/4628 6176/6809/4631 6177/6808/4630 6174/6807/4629
f 6174/6807/4629 6177/6808/4630 6178/6811/4633 6175/6810/4632
f 6176/6809/4631 6179/6813/4635 6180/6812/4634 6177/6808/4630
f 6177/6808/4630 6180/6812/4634 6181/6814/4636 6178/6811/4633
f 4700/5826/3993 5094/6816/4638 6173/6806/4628 5095/6815/4637
f 5095/6815/4637 6173/6806/4628 6174/6807/4629 5096/6817/4639
f 5096/6817/4639 6174/6807/4629 6175/6810/4632 5097/6818/4640
f 5097/6818/4640 6175/6810/4632 5098/6820/4642 4703/6819/4641
f 6175/6810/4632 6178/6811/4633 5099/6821/4643 5098/6820/4642
f 6178/6811/4633 6181/6814/4636 5100/6822/4644 5099/6821/4643
f 6181/6814/4636 5101/6824/4646 5112/6823/4645 5100/6822/4644
f 6180/6812/4634 5102/6825/4647 5101/6824/4646 6181/6814/4636
f 6179/6813/4635 5103/6826/4648 5102/6825/4647 6180/6812/4634
f 5092/6827/4649 4705/6828/4650 5103/6826/4648 6179/6813/4635
f 5093/6829/4651 5092/6827/4649 6179/6813/4635 6176/6809/4631
f 5094/6816/4638 5093/6829/4651 6176/6809/4631 6173/6806/4628
f 6182/6830/4652 6185/6833/4655 6186/6832/4654 6183/6831/4653
f 6183/6831/4653 6186/6832/4654 6187/6835/4657 6184/6834/4656
f 6185/6833/4655 6188/6837/4461 6189/6836/4658 6186/6832/4654
f 6186/6832/4654 6189/6836/4658 6190/6838/4659 6187/6835/4657
f 4701/5571/3784 5106/6840/4661 6182/6830/4652 5107/6839/4660
f 5107/6839/4660 6182/6830/4652 6183/6831/4653 5108/6841/4662
f 5108/6841/4662 6183/6831/4653 6184/6834/4656 5109/6842/4663
f 5109/6842/4663 6184/6834/4656 5110/6844/4665 4704/6843/4664
f 6184/6834/4656 6187/6835/4657 5111/6845/4666 5110/6844/4665
f 6187/6846/4657 6190/6848/4659 5112/6823/4645 5111/6847/4666
f 6190/6848/4659 5100/6822/4644 5112/6823/4645
f 6189/6849/4658 5099/6821/4643 5100/6822/4644 6190/6848/4659
f 6188/6850/4461 5098/6820/4642 5099/6821/4643 6189/6849/4658
f 5104/6851/4667 4703/6819/4641 5098/6820/4642 6188/6850/4461
f 5105/6852/4668 5104/6853/4667 6188/6837/4461 6185/6833/4655
f 5106/6840/4661 5105/6852/4668 6185/6833/4655 6182/6830/4652
f 6191/6854/4669 6194/6857/4672 6195/6856/4671 6192/6855/4670
f 6192/6855/4670 6195/6856/4671 6196/6859/4674 6193/6858/4673
f 6194/6857/4672 6197/6861/4676 6198/6860/4675 6195/6856/4671
f 6195/6856/4671 6198/6860/4675 6199/6862/4677 6196/6859/4674
f 4702/5901/4056 5115/6864/4679 6191/6854/4669 5116/6863/4678
f 5116/6863/4678 6191/6854/4669 6192/6855/4670 5117/6865/4680
f 5117/6865/4680 6192/6855/4670 6193/6858/4673 5118/6866/4681
f 5118/6866/4681 6193/6858/4673 5103/6826/4648 4705/6828/4650
f 6193/6858/4673 6196/6859/4674 5102/6825/4647 5103/6826/4648
f 6196/6859/4674 6199/6862/4677 5101/6824/4646 5102/6825/4647
f 6199/6862/4677 5112/6823/4645 5101/6824/4646
f 6198/6860/4675 5111/6847/4666 5112/6823/4645 6199/6862/4677
f 6197/6861/4676 5110/6867/4665 5111/6847/4666 6198/6860/4675
f 5113/6868/4682 4704/6869/4664 5110/6867/4665 6197/6861/4676
f 5114/6870/4683 5113/6868/4682 6197/6861/4676 6194/6857/4672
f 5115/6864/4679 5114/6870/4683 6194/6857/4672 6191/6854/4669
f 6200/6871/4684 6203/6874/4687 6204/6873/4686 6201/6872/4685
f 6201/6872/4685 6204/6873/4686 6205/6876/4689 6202/6875/4688
f 6203/6874/4687 6206/6878/4691 6207/6877/4690 6204/6873/4686
f 6204/6873/4686 6207/6877/4690 6208/6879/4692 6205/6876/4689
f 4715/5961/4116 5121/6881/4694 6200/6871/4684 5122/6880/4693
f 5122/6880/4693 6200/6871/4684 6201/6872/4685 5123/6882/4695
f 5123/6882/4695 6201/6872/4685 6202/6875/4688 5124/6883/4696
f 5124/6883/4696 6202/6875/4688 5125/6885/4698 4718/6884/4697
f 6202/6875/4688 6205/6876/4689 5126/6886/4699 5125/6885/4698
f 6205/6887/4689 6208/6890/4692 5127/6889/4700 5126/6888/4699
f 6208/6890/4692 5128/6891/4701 5127/6889/4700
f 6207/6892/4690 5129/6893/4702 5128/6891/4701 6208/6890/4692
f 6206/6878/4691 5130/6895/4703 5129/6894/4702 6207/6877/4690
f 5119/6896/4704 4720/6897/4705 5130/6895/4703 6206/6878/4691
f 5120/6898/4706 5119/6896/4704 6206/6878/4691 6203/6874/4687
f 5121/6881/4694 5120/6898/4706 6203/6874/4687 6200/6871/4684
f 6209/6899/4707 6212/6902/4710 6213/6901/4709 6210/6900/4708
f 6210/6900/4708 6213/6901/4709 6214/6904/4712 6211/6903/4711
f 6212/6902/4710 6215/6906/4714 6216/6905/4713 6213/6901/4709
f 6213/6901/4709 6216/6905/4713 6217/6907/4715 6214/6904/4712
f 4716/5741/3916 5133/6909/4717 6209/6899/4707 5134/6908/4716
f 5134/6908/4716 6209/6899/4707 6210/6900/4708 5135/6910/4718
f 5135/6910/4718 6210/6900/4708 6211/6903/4711 5136/6911/4719
f 5136/6911/4719 6211/6903/4711 5137/6913/4721 4719/6912/4720
f 6211/6903/4711 6214/6904/4712 5138/6914/4722 5137/6913/4721
f 6214/6904/4712 6217/6907/4715 5139/6915/4723 5138/6914/4722
f 6217/6907/4715 5127/6889/4700 5128/6891/4701 5139/6915/4723
f 6216/6905/4713 5126/6888/4699 5127/6889/4700 6217/6907/4715
f 6215/6906/4714 5125/6916/4698 5126/6888/4699 6216/6905/4713
f 5131/6917/4724 4718/6918/4697 5125/6916/4698 6215/6906/4714
f 5132/6919/4725 5131/6917/4724 6215/6906/4714 6212/6902/4710
f 5133/6909/4717 5132/6919/4725 6212/6902/4710 6209/6899/4707
f 6218/6920/4726 6221/6923/4729 6222/6922/4728 6219/6921/4727
f 6219/6921/4727 6222/6922/4728 6223/6925/4731 6220/6924/4730
f 6221/6923/4729 6224/6927/4733 6225/6926/4732 6222/6922/4728
f 6222/6922/4728 6225/6926/4732 6226/6928/4734 6223/6925/4731
f 4717/5513/3726 5142/6930/4736 6218/6920/4726 5143/6929/4735
f 5143/6929/4735 6218/6920/4726 6219/6921/4727 5144/6931/4737
f 5144/6931/4737 6219/6921/4727 6220/6924/4730 5145/6932/4738
f 5145/6932/4738 6220/6924/4730 5130/6934/4703 4720/6933/4705
f 6220/6924/4730 6223/6925/4731 5129/6893/4702 5130/6934/4703
f 6223/6925/4731 6226/6928/4734 5128/6891/4701 5129/6893/4702
f 6226/6928/4734 5139/6915/4723 5128/6891/4701
f 6225/6926/4732 5138/6914/4722 5139/6915/4723 6226/6928/4734
f 6224/6927/4733 5137/6913/4721 5138/6914/4722 6225/6926/4732
f 5140/6935/4739 4719/6912/4720 5137/6913/4721 6224/6927/4733
f 5141/6936/4740 5140/6935/4739 6224/6927/4733 6221/6923/4729
f 5142/6930/4736 5141/6936/4740 6221/6923/4729 6218/6920/4726
f 6227/6937/4741 6230/6940/4744 6231/6939/4743 6228/6938/4742
f 6228/6938/4742 6231/6939/4743 6232/6942/4746 6229/6941/4745
f 6230/6940/4744 6233/6944/4748 6234/6943/4747 6231/6939/4743
f 6231/6939/4743 6234/6943/4747 6235/6945/4749 6232/6942/4746
f 4721/5977/4132 5148/6947/4751 6227/6937/4741 5149/6946/4750
f 5149/6946/4750 6227/6937/4741 6228/6938/4742 5150/6948/4752
f 5150/6948/4752 6228/6938/4742 6229/6941/4745 5151/6949/4753
f 5151/6949/4753 6229/6941/4745 5152/6951/4755 4724/6950/4754
f 6229/6941/4745 6232/6942/4746 5153/6952/4756 5152/6951/4755
f 6232/6953/4746 6235/6956/4749 4725/6955/4757 5153/6954/4756
f 6235/6956/4749 5154/6957/4758 4725/6955/4757
f 6234/6958/4747 5155/6959/4759 5154/6957/4758 6235/6956/4749
f 6233/6960/4748 5156/6961/4760 5155/6959/4759 6234/6958/4747
f 5146/6962/4761 4727/6963/4762 5156/6961/4760 6233/6960/4748
f 5147/6964/4763 5146/6965/4761 6233/6944/4748 6230/6940/4744
f 5148/6947/4751 5147/6964/4763 6230/6940/4744 6227/6937/4741
f 6236/6966/4764 6239/6969/4767 6240/6968/4766 6237/6967/4765
f 6237/6967/4765 6240/6968/4766 6241/6971/4769 6238/6970/4768
f 6239/6969/4767 6242/6973/4771 6243/6972/4770 6240/6968/4766
f 6240/6968/4766 6243/6972/4770 6244/6974/4772 6241/6971/4769
f 4722/5650/3862 5159/6976/4774 6236/6966/4764 5160/6975/4773
f 5160/6975/4773 6236/6966/4764 6237/6967/4765 5161/6977/4775
f 5161/6977/4775 6237/6967/4765 6238/6970/4768 5162/6978/4776
f 5162/6978/4776 6238/6970/4768 5163/6980/4778 4726/6979/4777
f 6238/6970/4768 6241/6971/4769 5164/6981/4779 5163/6980/4778
f 6241/6971/4769 6244/6974/4772 5165/6982/4780 5164/6981/4779
f 6244/6974/4772 4725/6955/4757 5165/6982/4780
f 6243/6972/4770 5153/6954/4756 4725/6955/4757 6244/6974/4772
f 6242/6973/4771 5152/6983/4755 5153/6954/4756 6243/6972/4770
f 5157/6984/4781 4724/6985/4754 5152/6983/4755 6242/6973/4771
f 5158/6986/4782 5157/6984/4781 6242/6973/4771 6239/6969/4767
f 5159/6976/4774 5158/6986/4782 6239/6969/4767 6236/6966/4764
f 6245/6987/4783 6248/6990/4786 6249/6989/4785 6246/6988/4784
f 6246/6988/4784 6249/6989/4785 6250/6992/4788 6247/6991/4787
f 6248/6990/4786 6251/6994/4790 6252/6993/4789 6249/6989/4785
f 6249/6989/4785 6252/6993/4789 6253/6995/4791 6250/6992/4788
f 4723/5835/3998 5168/6997/4793 6245/6987/4783 5169/6996/4792
f 5169/6996/4792 6245/6987/4783 6246/6988/4784 5170/6998/4794
f 5170/6998/4794 6246/6988/4784 6247/6991/4787 5171/6999/4795
f 5171/6999/4795 6247/6991/4787 5156/6961/4760 4727/6963/4762
f 6247/6991/4787 6250/6992/4788 5155/6959/4759 5156/6961/4760
f 6250/6992/4788 6253/6995/4791 5154/6957/4758 5155/6959/4759
f 6253/6995/4791 5165/6982/4780 4725/6955/4757 5154/6957/4758
f 6252/6993/4789 5164/6981/4779 5165/6982/4780 6253/6995/4791
f 6251/6994/4790 5163/6980/4778 5164/6981/4779 6252/6993/4789
f 5166/7000/4796 4726/6979/4777 5163/6980/4778 6251/6994/4790
f 5167/7001/4797 5166/7000/4796 6251/6994/4790 6248/6990/4786
f 5168/6997/4793 5167/7001/4797 6248/6990/4786 6245/6987/4783
f 6254/7002/4798 6257/7005/4801 6258/7004/4800 6255/7003/4799
f 6255/7003/4799 6258/7004/4800 6259/7007/4802 6256/7006/4748
f 6257/7005/4801 6260/7009/4804 6261/7008/4803 6258/7004/4800
f 6258/7004/4800 6261/7008/4803 6262/7010/4805 6259/7007/4802
f 4737/5932/4087 5174/7012/4807 6254/7002/4798 5175/7011/4806
f 5175/7011/4806 6254/7002/4798 6255/7003/4799 5176/7013/4808
f 5176/7013/4808 6255/7003/4799 6256/7006/4748 5177/7014/4809
f 5177/7015/4809 6256/7018/4748 5178/7017/4811 4740/7016/4810
f 6256/7018/4748 6259/7020/4802 5179/7019/4812 5178/7017/4811
f 6259/7020/4802 6262/7022/4805 5180/7021/4813 5179/7019/4812
f 6262/7022/4805 5181/7023/4814 5180/7021/4813
f 6261/7024/4803 5182/7025/4815 5181/7023/4814 6262/7022/4805
f 6260/7009/4804 5183/7027/4816 5182/7026/4815 6261/7008/4803
f 5172/7028/4817 4742/7029/4818 5183/7027/4816 6260/7009/4804
f 5173/7030/4819 5172/7028/4817 6260/7009/4804 6257/7005/4801
f 5174/7012/4807 5173/7030/4819 6257/7005/4801 6254/7002/4798
f 6263/7031/4820 6266/7034/4823 6267/7033/4822 6264/7032/4821
f 6264/7032/4821 6267/7033/4822 6268/7036/4825 6265/7035/4824
f 6266/7034/4823 6269/7038/4827 6270/7037/4826 6267/7033/4822
f 6267/7033/4822 6270/7037/4826 6271/7039/4828 6268/7036/4825
f 4738/5831/3995 5186/7041/4830 6263/7031/4820 5187/7040/4829
f 5187/7040/4829 6263/7031/4820 6264/7032/4821 5188/7042/4831
f 5188/7042/4831 6264/7032/4821 6265/7035/4824 5189/7043/4832
f 5189/7043/4832 6265/7035/4824 5190/7045/4834 4741/7044/4833
f 6265/7035/4824 6268/7036/4825 5191/7046/4835 5190/7045/4834
f 6268/7036/4825 6271/7039/4828 5192/7047/4836 5191/7046/4835
f 6271/7039/4828 5180/7021/4813 5181/7023/4814 5192/7047/4836
f 6270/7037/4826 5179/7019/4812 5180/7021/4813 6271/7039/4828
f 6269/7038/4827 5178/7017/4811 5179/7019/4812 6270/7037/4826
f 5184/7048/4837 4740/7016/4810 5178/7017/4811 6269/7038/4827
f 5185/7049/4838 5184/7048/4837 6269/7038/4827 6266/7034/4823
f 5186/7041/4830 5185/7049/4838 6266/7034/4823 6263/7031/4820
f 6272/7050/4839 6275/7053/4842 6276/7052/4841 6273/7051/4840
f 6273/7051/4840 6276/7052/4841 6277/7055/4844 6274/7054/4843
f 6275/7053/4842 6278/7057/4846 6279/7056/4845 6276/7052/4841
f 6276/7052/4841 6279/7056/4845 6280/7058/4847 6277/7055/4844
f 4739/5896/4051 5195/7060/4849 6272/7050/4839 5196/7059/4848
f 5196/7059/4848 6272/7050/4839 6273/7051/4840 5197/7061/4850
f 5197/7061/4850 6273/7051/4840 6274/7054/4843 5198/7062/4851
f 5198/7062/4851 6274/7054/4843 5183/7064/4816 4742/7063/4818
f 6274/7054/4843 6277/7055/4844 5182/7025/4815 5183/7064/4816
f 6277/7055/4844 6280/7058/4847 5181/7023/4814 5182/7025/4815
f 6280/7058/4847 5192/7047/4836 5181/7023/4814
f 6279/7056/4845 5191/7046/4835 5192/7047/4836 6280/7058/4847
f 6278/7057/4846 5190/7045/4834 5191/7046/4835 6279/7056/4845
f 5193/7065/4852 4741/7044/4833 5190/7045/4834 6278/7057/4846
f 5194/7066/4853 5193/7065/4852 6278/7057/4846 6275/7053/4842
f 5195/7060/4849 5194/7066/4853 6275/7053/4842 6272/7050/4839
f 6281/7067/4854 6284/7070/4857 6285/7069/4856 6282/7068/4855
f 6282/7068/4855 6285/7069/4856 6286/7072/4859 6283/7071/4858
f 6284/7070/4857 6287/7074/4861 6288/7073/4860 6285/7069/4856
f 6285/7069/4856 6288/7073/4860 6289/7075/4862 6286/7072/4859
f 4743/5949/4104 5201/7077/4864 6281/7067/4854 5202/7076/4863
f 5202/7076/4863 6281/7067/4854 6282/7068/4855 5203/7078/4865
f 5203/7078/4865 6282/7068/4855 6283/7071/4858 5204/7079/4866
f 5204/7079/4866 6283/7071/4858 5205/7081/4868 4746/7080/4867
f 6283/7071/4858 6286/7072/4859 5206/7082/4869 5205/7081/4868
f 6286/7083/4859 6289/7086/4862 4747/7085/4870 5206/7084/4869
f 6289/7086/4862 5207/7087/4871 4747/7085/4870
f 6288/7088/4860 5208/7089/4872 5207/7087/4871 6289/7086/4862
f 6287/7074/4861 5209/7091/4873 5208/7090/4872 6288/7073/4860
f 5199/7092/4874 4749/7093/4875 5209/7091/4873 6287/7074/4861
f 5200/7094/4876 5199/7092/4874 6287/7074/4861 6284/7070/4857
f 5201/7077/4864 5200/7094/4876 6284/7070/4857 6281/7067/4854
f 6290/7095/4877 6293/7098/4880 6294/7097/4879 6291/7096/4878
f 6291/7096/4878 6294/7097/4879 6295/7100/4882 6292/7099/4881
f 6293/7098/4880 6296/7102/4884 6297/7101/4883 6294/7097/4879
f 6294/7097/4879 6297/7101/4883 6298/7103/4885 6295/7100/4882
f 4744/5795/3970 5212/7105/4887 6290/7095/4877 5213/7104/4886
f 5213/7104/4886 6290/7095/4877 6291/7096/4878 5214/7106/4888
f 5214/7106/4888 6291/7096/4878 6292/7099/4881 5215/7107/4889
f 5215/7107/4889 6292/7099/4881 5216/7109/4891 4748/7108/4890
f 6292/7099/4881 6295/7100/4882 5217/7110/4892 5216/7109/4891
f 6295/7100/4882 6298/7103/4885 5218/7111/4893 5217/7110/4892
f 6298/7103/4885 4747/7085/4870 5218/7111/4893
f 6297/7101/4883 5206/7084/4869 4747/7085/4870 6298/7103/4885
f 6296/7102/4884 5205/7112/4868 5206/7084/4869 6297/7101/4883
f 5210/7113/4894 4746/7114/4867 5205/7112/4868 6296/7102/4884
f 5211/7115/4895 5210/7113/4894 6296/7102/4884 6293/7098/4880
f 5212/7105/4887 5211/7115/4895 6293/7098/4880 6290/7095/4877
f 6299/7116/4896 6302/7119/4899 6303/7118/4898 6300/7117/4897
f 6300/7117/4897 6303/7118/4898 6304/7121/4901 6301/7120/4900
f 6302/7119/4899 6305/7123/4903 6306/7122/4902 6303/7118/4898
f 6303/7118/4898 6306/7122/4902 6307/7124/4904 6304/7121/4901
f 4745/5620/3832 5221/7126/4906 6299/7116/4896 5222/7125/4905
f 5222/7125/4905 6299/7116/4896 6300/7117/4897 5223/7127/4907
f 5223/7127/4907 6300/7117/4897 6301/7120/4900 5224/7128/4908
f 5224/7128/4908 6301/7120/4900 5209/7130/4873 4749/7129/4875
f 6301/7120/4900 6304/7121/4901 5208/7089/4872 5209/7130/4873
f 6304/7121/4901 6307/7124/4904 5207/7087/4871 5208/7089/4872
f 6307/7124/4904 5218/7111/4893 4747/7085/4870 5207/7087/4871
f 6306/7122/4902 5217/7110/4892 5218/7111/4893 6307/7124/4904
f 6305/7123/4903 5216/7109/4891 5217/7110/4892 6306/7122/4902
f 5219/7131/4909 4748/7108/4890 5216/7109/4891 6305/7123/4903
f 5220/7132/4910 5219/7131/4909 6305/7123/4903 6302/7119/4899
f 5221/7126/4906 5220/7132/4910 6302/7119/4899 6299/7116/4896
f 6308/7133/4911 6311/7136/4914 6312/7135/4913 6309/7134/4912
f 6309/7134/4912 6312/7135/4913 6313/7138/4916 6310/7137/4915
f 6311/7136/4914 6314/7140/4918 6315/7139/4917 6312/7135/4913
f 6312/7135/4913 6315/7139/4917 6316/7141/4919 6313/7138/4916
f 4640/5700/3886 4900/6325/4220 6308/7133/4911 5225/5698/3885
f 5225/5698/3885 6308/7133/4911 6309/7134/4912 5226/5697/3885
f 5226/5697/3885 6309/7134/4912 6310/7137/4915 5227/5696/3884
f 5227/5696/3884 6310/7137/4915 4917/6371/4260 4647/5695/3883
f 6310/7137/4915 6313/7138/4916 4916/6381/4268 4917/6371/4260
f 6313/7138/4916 6316/7141/4919 4915/6379/4267 4916/6381/4268
f 6316/7141/4919 5228/7142/4920 4650/6380/4239 4915/6379/4267
f 6315/7139/4917 5229/7143/4921 5228/7142/4920 6316/7141/4919
f 6314/7140/4918 5230/7144/4922 5229/7143/4921 6315/7139/4917
f 4902/6328/4223 4645/6329/4171 5230/7144/4922 6314/7140/4918
f 4901/6327/4222 4902/6328/4223 6314/7140/4918 6311/7136/4914
f 4900/6325/4220 4901/6327/4222 6311/7136/4914 6308/7133/4911
f 6317/7145/4923 6320/7148/4926 6321/7147/4925 6318/7146/4924
f 6318/7146/4924 6321/7147/4925 6322/7150/4928 6319/7149/4927
f 6320/7148/4926 6323/7152/4930 6324/7151/4929 6321/7147/4925
f 6321/7147/4925 6324/7151/4929 6325/7153/4931 6322/7150/4928
f 4645/6267/4171 4867/6266/4170 6317/7145/4923 5230/7154/4922
f 5230/7154/4922 6317/7145/4923 6318/7146/4924 5229/7155/4921
f 5229/7155/4921 6318/7146/4924 6319/7149/4927 5228/7156/4920
f 5228/7156/4920 6319/7149/4927 4908/6345/4238 4650/6346/4239
f 6319/7149/4927 6322/7150/4928 4907/6344/4237 4908/6345/4238
f 6322/7150/4928 6325/7153/4931 4906/6342/4235 4907/6344/4237
f 6325/7153/4931 5231/5748/3923 4646/5750/3925 4906/6342/4235
f 6324/7151/4929 5232/5747/3922 5231/5748/3923 6325/7153/4931
f 6323/7152/4930 5233/5746/3921 5232/5747/3922 6324/7151/4929
f 4869/6251/4159 4637/5745/3920 5233/5746/3921 6323/7152/4930
f 4868/6268/4172 4869/6251/4159 6323/7152/4930 6320/7148/4926
f 4867/6266/4170 4868/6268/4172 6320/7148/4926 6317/7145/4923
f 6326/7157/4932 6329/7160/4935 6330/7159/4934 6327/7158/4933
f 6327/7158/4933 6330/7159/4934 6331/7162/4937 6328/7161/4936
f 6329/7160/4935 6332/7164/4939 6333/7163/4938 6330/7159/4934
f 6330/7159/4934 6333/7163/4938 6334/7165/4940 6331/7162/4937
f 4655/5599/3812 4942/6434/4312 6326/7157/4932 5234/5601/3814
f 5234/5601/3814 6326/7157/4932 6327/7158/4933 5235/5598/3811
f 5235/5598/3811 6327/7158/4933 6328/7161/4936 5236/5596/3809
f 5236/5596/3809 6328/7161/4936 4935/6411/4298 4649/5595/3808
f 6328/7161/4936 6331/7162/4937 4934/6424/4302 4935/6411/4298
f 6331/7162/4937 6334/7165/4940 4933/6422/4301 4934/6424/4302
f 6334/7165/4940 5237/7166/4941 4653/6423/4282 4933/6422/4301
f 6333/7163/4938 5238/7167/4942 5237/7166/4941 6334/7165/4940
f 6332/7164/4939 5239/7168/4943 5238/7167/4942 6333/7163/4938
f 4944/6437/4315 4659/6438/4316 5239/7168/4943 6332/7164/4939
f 4943/6436/4314 4944/6437/4315 6332/7164/4939 6329/7160/4935
f 4942/6434/4312 4943/6436/4314 6329/7160/4935 6326/7157/4932
f 6335/7169/4944 6338/7172/4947 6339/7171/4946 6336/7170/4945
f 6336/7170/4945 6339/7171/4946 6340/7174/4949 6337/7173/4948
f 6338/7172/4947 6341/7176/4951 2536/7175/4950 6339/7171/4946
f 6339/7171/4946 2536/7175/4950 6342/7177/4952 6340/7174/4949
f 4659/6471/4316 4951/6470/4344 6335/7169/4944 5239/7178/4943
f 5239/7178/4943 6335/7169/4944 6336/7170/4945 5238/7179/4942
f 5238/7179/4942 6336/7170/4945 6337/7173/4948 5237/7180/4941
f 5237/7180/4941 6337/7173/4948 4929/6394/4281 4653/6395/4282
f 6337/7173/4948 6340/7174/4949 4928/6393/4280 4929/6394/4281
f 6340/7174/4949 6342/7177/4952 4927/6391/4278 4928/6393/4280
f 6342/7177/4952 5240/5723/3900 4648/5725/3902 4927/6391/4278
f 2536/7175/4950 5241/5722/3899 5240/5723/3900 6342/7177/4952
f 6341/7176/4951 5242/5721/3898 5241/5722/3899 2536/7175/4950
f 4953/6459/4337 4656/5720/3897 5242/5721/3898 6341/7176/4951
f 4952/6472/4345 4953/6459/4337 6341/7176/4951 6338/7172/4947
f 4951/6470/4344 4952/6472/4345 6338/7172/4947 6335/7169/4944
f 6343/7181/4953 6346/7184/4956 6347/7183/4955 6344/7182/4954
f 6344/7182/4954 6347/7183/4955 6348/7186/4958 6345/7185/4957
f 6346/7184/4956 6349/7188/4960 6350/7187/4959 6347/7183/4955
f 6347/7183/4955 6350/7187/4959 6351/7189/4961 6348/7186/4958
f 4657/6003/4142 4963/6482/4355 6343/7181/4953 5243/6001/4141
f 5243/6001/4141 6343/7181/4953 6344/7182/4954 5244/6000/4141
f 5244/6000/4141 6344/7182/4954 6345/7185/4957 5245/5999/4141
f 5245/5999/4141 6345/7185/4957 4989/6554/4414 4665/5998/4140
f 6345/7185/4957 6348/7186/4958 4988/6565/4422 4989/6554/4414
f 6348/7186/4958 6351/7189/4961 4987/6563/4421 4988/6565/4422
f 6351/7189/4961 5246/7190/4962 4668/6564/4393 4987/6563/4421
f 6350/7187/4959 5247/7191/4963 5246/7190/4962 6351/7189/4961
f 6349/7188/4960 5248/7192/4964 5247/7191/4963 6350/7187/4959
f 4965/6485/4358 4662/6486/4359 5248/7192/4964 6349/7188/4960
f 4964/6484/4357 4965/6485/4358 6349/7188/4960 6346/7184/4956
f 4963/6482/4355 4964/6484/4357 6346/7184/4956 6343/7181/4953
f 6352/7193/4965 6355/7196/4968 6356/7195/4967 6353/7194/4966
f 6353/7194/4966 6356/7195/4967 6357/7198/4970 6354/7197/4969
f 6355/7196/4968 6358/7200/4972 6359/7199/4971 6356/7195/4967
f 6356/7195/4967 6359/7199/4971 6360/7201/4973 6357/7198/4970
f 4662/6515/4359 4969/6514/4378 6352/7193/4965 5248/7202/4964
f 5248/7202/4964 6352/7193/4965 6353/7194/4966 5247/7203/4963
f 5247/7203/4963 6353/7194/4966 6354/7197/4969 5246/7204/4962
f 5246/7204/4962 6354/7197/4969 4980/6529/4392 4668/6530/4393
f 6354/7197/4969 6357/7198/4970 4979/6528/4391 4980/6529/4392
f 6357/7198/4970 6360/7201/4973 4978/6526/4389 4979/6528/4391
f 6360/7201/4973 5249/5615/3827 4664/5616/3828 4978/6526/4389
f 6359/7199/4971 5250/5614/3826 5249/5615/3827 6360/7201/4973
f 6358/7200/4972 5251/5612/3824 5250/5614/3826 6359/7199/4971
f 4971/6502/4375 4658/5611/3823 5251/5612/3824 6358/7200/4972
f 4970/6516/4379 4971/6502/4375 6358/7200/4972 6355/7196/4968
f 4969/6514/4378 4970/6516/4379 6355/7196/4968 6352/7193/4965
f 6361/7205/4974 6364/7208/4977 6365/7207/4976 6362/7206/4975
f 6362/7206/4975 6365/7207/4976 6366/7210/4979 6363/7209/4978
f 6364/7208/4977 6367/7212/4981 6368/7211/4980 6365/7207/4976
f 6365/7207/4976 6368/7211/4980 6369/7213/4982 6366/7210/4979
f 4638/5957/4112 4882/6278/4182 6361/7205/4974 5252/5959/4114
f 5252/5959/4114 6361/7205/4974 6362/7206/4975 5253/5956/4111
f 5253/5956/4111 6362/7206/4975 6363/7209/4978 5254/5954/4109
f 5254/5954/4109 6363/7209/4978 5007/6595/4452 4667/5953/4108
f 6363/7209/4978 6366/7210/4979 5006/6608/4456 5007/6595/4452
f 6366/7210/4979 6369/7213/4982 5005/6606/4455 5006/6608/4456
f 6369/7213/4982 5255/7214/4983 4671/6607/4436 5005/6606/4455
f 6368/7211/4980 5256/7215/4984 5255/7214/4983 6369/7213/4982
f 6367/7212/4981 5257/7216/4985 5256/7215/4984 6368/7211/4980
f 4884/6281/4185 4643/6282/4186 5257/7216/4985 6367/7212/4981
f 4883/6280/4184 4884/6281/4185 6367/7212/4981 6364/7208/4977
f 4882/6278/4182 4883/6280/4184 6364/7208/4977 6361/7205/4974
f 6370/7217/4986 6373/7220/4989 6374/7219/4988 6371/7218/4987
f 6371/7218/4987 6374/7219/4988 6375/7222/4991 6372/7221/4990
f 6373/7220/4989 6376/7224/4993 1013/7223/4992 6374/7219/4988
f 6374/7219/4988 1013/7223/4992 6377/7225/4994 6375/7222/4991
f 4643/6314/4186 4888/6313/4209 6370/7217/4986 5257/7226/4985
f 5257/7226/4985 6370/7217/4986 6371/7218/4987 5256/7227/4984
f 5256/7227/4984 6371/7218/4987 6372/7221/4990 5255/7228/4983
f 5255/7228/4983 6372/7221/4990 5001/6578/4435 4671/6579/4436
f 6372/7221/4990 6375/7222/4991 5000/6577/4434 5001/6578/4435
f 6375/7222/4991 6377/7225/4994 4999/6575/4432 5000/6577/4434
f 6377/7225/4994 5258/5673/3875 4666/5675/3877 4999/6575/4432
f 1013/7223/4992 5259/5672/3874 5258/5673/3875 6377/7225/4994
f 6376/7224/4993 5260/5671/3873 5259/5672/3874 1013/7223/4992
f 4890/6303/4202 4639/5670/3872 5260/5671/3873 6376/7224/4993
f 4889/6315/4210 4890/6303/4202 6376/7224/4993 6373/7220/4989
f 4888/6313/4209 4889/6315/4210 6373/7220/4989 6370/7217/4986
f 6378/7229/3171 6381/7232/3171 6382/7231/3171 6379/7230/3171
f 6379/7230/3171 6382/7231/3171 6383/7234/3171 6380/7233/3171
f 6381/7232/3171 6384/7236/3171 6385/7235/3171 6382/7231/3171
f 6382/7231/3171 6385/7235/3171 6386/7237/3171 6383/7234/3171
f 4632/6234/3171 4864/6235/3171 6378/7229/3171 5261/7238/3171
f 5261/7238/3171 6378/7229/3171 6379/7230/3171 5262/7239/3171
f 5262/7239/3171 6379/7230/3171 6380/7233/3171 5263/7240/3171
f 5263/7240/3171 6380/7233/3171 4800/6099/3171 4617/6097/3171
f 6380/7233/3171 6383/7234/3171 4799/6107/3171 4800/6099/3171
f 6383/7234/3171 6386/7237/3171 4798/6106/3171 4799/6107/3171
f 6386/7237/3171 5264/7241/3171 4619/6077/3171 4798/6106/3171
f 6385/7235/3171 5265/7242/3171 5264/7241/3171 6386/7237/3171
f 6384/7236/3171 5266/7243/3171 5265/7242/3171 6385/7235/3171
f 4866/6238/3171 4636/6204/3171 5266/7243/3171 6384/7236/3171
f 4865/6237/3171 4866/6238/3171 6384/7236/3171 6381/7232/3171
f 4864/6235/3171 4865/6237/3171 6381/7232/3171 6378/7229/3171
f 6387/7244/3171 6390/7247/3171 6391/7246/3171 6388/7245/3171
f 6388/7245/3171 6391/7246/3171 6392/7249/3171 6389/7248/3171
f 6390/7247/3171 6393/7251/3171 6394/7250/3171 6391/7246/3171
f 6391/7246/3171 6394/7250/3171 6395/7252/3171 6392/7249/3171
f 4636/6204/3171 4840/6203/3171 6387/7244/3171 5266/7243/3171
f 5266/7243/3171 6387/7244/3171 6388/7245/3171 5265/7242/3171
f 5265/7242/3171 6388/7245/3171 6389/7248/3171 5264/7241/3171
f 5264/7241/3171 6389/7248/3171 4791/6076/3171 4619/6077/3171
f 6389/7248/3171 6392/7249/3171 4790/6075/3171 4791/6076/3171
f 6392/7249/3171 6395/7252/3171 4789/6073/3171 4790/6075/3171
f 6395/7252/3171 5267/5690/3176 4616/5691/3176 4789/6073/3171
f 6394/7250/3171 5268/5689/3176 5267/5690/3176 6395/7252/3171
f 6393/7251/3171 5269/5687/3176 5268/5689/3176 6394/7250/3171
f 4842/6192/3171 4630/5686/3176 5269/5687/3176 6393/7251/3171
f 4841/6205/3171 4842/6192/3171 6393/7251/3171 6390/7247/3171
f 4840/6203/3171 4841/6205/3171 6390/7247/3171 6387/7244/3171
f 6396/7253/3171 6399/7256/3171 6400/7255/3171 6397/7254/3171
f 6397/7254/3171 6400/7255/3171 6401/7258/3171 6398/7257/3171
f 6399/7256/3171 6402/7260/3171 6403/7259/3171 6400/7255/3171
f 6400/7255/3171 6403/7259/3171 6404/7261/3171 6401/7258/3171
f 4609/5716/3894 4762/6014/3171 6396/7253/3171 5270/5715/3894
f 5270/5715/3894 6396/7253/3171 6397/7254/3171 5271/5714/3894
f 5271/5714/3894 6397/7254/3171 6398/7257/3171 5272/5712/3894
f 5272/5712/3894 6398/7257/3171 4809/6118/3171 4618/5711/3894
f 6398/7257/3171 6401/7258/3171 4808/6122/3171 4809/6118/3171
f 6401/7258/3171 6404/7261/3171 4807/6121/3171 4808/6122/3171
f 6404/7261/3171 5273/7262/3171 4621/6102/3171 4807/6121/3171
f 6403/7259/3171 5274/7263/3171 5273/7262/3171 6404/7261/3171
f 6402/7260/3171 5275/7264/3171 5274/7263/3171 6403/7259/3171
f 4764/6017/3171 4612/6018/3171 5275/7264/3171 6402/7260/3171
f 4763/6016/3171 4764/6017/3171 6402/7260/3171 6399/7256/3171
f 4762/6014/3171 4763/6016/3171 6399/7256/3171 6396/7253/3171
f 6405/7265/3171 6408/7268/3171 6409/7267/3171 6406/7266/3171
f 6406/7266/3171 6409/7267/3171 6410/7270/3171 6407/7269/3171
f 6408/7268/3171 6411/7272/3171 6412/7271/3171 6409/7267/3171
f 6409/7267/3171 6412/7271/3171 6413/7273/3171 6410/7270/3171
f 4612/6018/3171 4771/6047/3171 6405/7265/3171 5275/7264/3171
f 5275/7264/3171 6405/7265/3171 6406/7266/3171 5274/7263/3171
f 5274/7263/3171 6406/7266/3171 6407/7269/3171 5273/7262/3171
f 5273/7262/3171 6407/7269/3171 4803/6101/3171 4621/6102/3171
f 6407/7269/3171 6410/7270/3171 4802/6100/3171 4803/6101/3171
f 6410/7270/3171 6413/7273/3171 4801/6098/3171 4802/6100/3171
f 6413/7273/3171 5276/7274/3171 4617/6097/3171 4801/6098/3171
f 6412/7271/3171 5277/7275/3171 5276/7274/3171 6413/7273/3171
f 6411/7272/3171 5278/7276/3171 5277/7275/3171 6412/7271/3171
f 4773/6040/3171 4610/6038/3171 5278/7276/3171 6411/7272/3171
f 4772/6048/3171 4773/6040/3171 6411/7272/3171 6408/7268/3171
f 4771/6047/3171 4772/6048/3171 6408/7268/3171 6405/7265/3171
f 6414/7277/3171 6417/7280/3171 6418/7279/3171 6415/7278/3171
f 6415/7278/3171 6418/7279/3171 6419/7282/3171 6416/7281/3171
f 6417/7280/3171 6420/7284/3171 6421/7283/3171 6418/7279/3171
f 6418/7279/3171 6421/7283/3171 6422/7285/3171 6419/7282/3171
f 4610/6038/3171 4774/6039/3171 6414/7277/3171 5279/7286/3171
f 5279/7286/3171 6414/7277/3171 6415/7278/3171 5280/7287/3171
f 5280/7287/3171 6415/7278/3171 6416/7281/3171 5281/7288/3171
f 5281/7288/3171 6416/7281/3171 4827/6158/3171 4624/6156/3171
f 6416/7281/3171 6419/7282/3171 4826/6166/3171 4827/6158/3171
f 6419/7282/3171 6422/7285/3171 4825/6165/3171 4826/6166/3171
f 6422/7285/3171 5282/7289/3171 4626/6136/3171 4825/6165/3171
f 6421/7283/3171 5283/7290/3171 5282/7289/3171 6422/7285/3171
f 6420/7284/3171 5284/7291/3171 5283/7290/3171 6421/7283/3171
f 4776/6042/3171 4614/6043/3171 5284/7291/3171 6420/7284/3171
f 4775/6041/3171 4776/6042/3171 6420/7284/3171 6417/7280/3171
f 4774/6039/3171 4775/6041/3171 6417/7280/3171 6414/7277/3171
f 6423/7292/3171 6426/7295/3171 6427/7294/3171 6424/7293/3171
f 6424/7293/3171 6427/7294/3171 6428/7297/3171 6425/7296/3171
f 6426/7295/3171 6429/7299/3171 6430/7298/3171 6427/7294/3171
f 6427/7294/3171 6430/7298/3171 6431/7300/3171 6428/7297/3171
f 4614/6043/3171 4780/6062/3171 6423/7292/3171 5284/7291/3171
f 5284/7291/3171 6423/7292/3171 6424/7293/3171 5283/7290/3171
f 5283/7290/3171 6424/7293/3171 6425/7296/3171 5282/7289/3171
f 5282/7289/3171 6425/7296/3171 4818/6135/3171 4626/6136/3171
f 6425/7296/3171 6428/7297/3171 4817/6134/3171 4818/6135/3171
f 6428/7297/3171 6431/7300/3171 4816/6132/3171 4817/6134/3171
f 6431/7300/3171 5285/5993/3177 4623/5994/3177 4816/6132/3171
f 6430/7298/3171 5286/5992/3177 5285/5993/3177 6431/7300/3171
f 6429/7299/3171 5287/5990/3177 5286/5992/3177 6430/7298/3171
f 4782/6059/3171 4611/5989/3177 5287/5990/3177 6429/7299/3171
f 4781/6063/3171 4782/6059/3171 6429/7299/3171 6426/7295/3171
f 4780/6062/3171 4781/6063/3171 6426/7295/3171 6423/7292/3171
f 6432/7301/3171 6435/7304/3171 6436/7303/3171 6433/7302/3171
f 6433/7302/3171 6436/7303/3171 6437/7306/3171 6434/7305/3171
f 6435/7304/3171 6438/7308/3171 6439/7307/3171 6436/7303/3171
f 6436/7303/3171 6439/7307/3171 6440/7309/3171 6437/7306/3171
f 4631/5666/3869 4855/6215/3171 6432/7301/3171 5288/5665/3869
f 5288/5665/3869 6432/7301/3171 6433/7302/3171 5289/5664/3869
f 5289/5664/3869 6433/7302/3171 6434/7305/3171 5290/5662/3869
f 5290/5662/3869 6434/7305/3171 4836/6177/3171 4625/5661/3869
f 6434/7305/3171 6437/7306/3171 4835/6181/3171 4836/6177/3171
f 6437/7306/3171 6440/7309/3171 4834/6180/3171 4835/6181/3171
f 6440/7309/3171 5291/7310/3171 4628/6161/3171 4834/6180/3171
f 6439/7307/3171 5292/7311/3171 5291/7310/3171 6440/7309/3171
f 6438/7308/3171 5293/7312/3171 5292/7311/3171 6439/7307/3171
f 4857/6218/3171 4635/6219/3171 5293/7312/3171 6438/7308/3171
f 4856/6217/3171 4857/6218/3171 6438/7308/3171 6435/7304/3171
f 4855/6215/3171 4856/6217/3171 6435/7304/3171 6432/7301/3171
f 6441/7313/3171 6444/7316/3171 6445/7315/3171 6442/7314/3171
f 6442/7314/3171 6445/7315/3171 6446/7318/3171 6443/7317/3171
f 6444/7316/3171 6447/7320/3171 6448/7319/3171 6445/7315/3171
f 6445/7315/3171 6448/7319/3171 6449/7321/3171 6446/7318/3171
f 4635/6219/3171 4861/6239/3171 6441/7313/3171 5293/7312/3171
f 5293/7312/3171 6441/7313/3171 6442/7314/3171 5292/7311/3171
f 5292/7311/3171 6442/7314/3171 6443/7317/3171 5291/7310/3171
f 5291/7310/3171 6443/7317/3171 4830/6160/3171 4628/6161/3171
f 6443/7317/3171 6446/7318/3171 4829/6159/3171 4830/6160/3171
f 6446/7318/3171 6449/7321/3171 4828/6157/3171 4829/6159/3171
f 6449/7321/3171 5294/7322/3171 4624/6156/3171 4828/6157/3171
f 6448/7319/3171 5295/7323/3171 5294/7322/3171 6449/7321/3171
f 6447/7320/3171 5296/7324/3171 5295/7323/3171 6448/7319/3171
f 4863/6236/3171 4632/6234/3171 5296/7324/3171 6447/7320/3171
f 4862/6240/3171 4863/6236/3171 6447/7320/3171 6444/7316/3171
f 4861/6239/3171 4862/6240/3171 6444/7316/3171 6441/7313/3171
f 6450/7325/4995 6453/7328/4998 6454/7327/4997 6451/7326/4996
f 6451/7326/4996 6454/7327/4997 6455/7330/5000 6452/7329/4999
f 6453/7328/4998 6456/7332/5002 6457/7331/5001 6454/7327/4997
f 6454/7327/4997 6457/7331/5001 6458/7333/5003 6455/7330/5000
f 4639/5670/3872 4891/6302/4201 6450/7325/4995 5297/5669/3871
f 5297/5669/3871 6450/7325/4995 6451/7326/4996 5298/5668/3870
f 5298/5668/3870 6451/7326/4996 6452/7329/4999 5299/5667/3864
f 5299/5667/3864 6452/7329/4999 4854/6216/3869 4631/5666/3869
f 6452/7329/4999 6455/7330/5000 4853/6224/3869 4854/6216/3869
f 6455/7330/5000 6458/7333/5003 4852/6223/3155 4853/6224/3869
f 6458/7333/5003 5300/7334/5004 4633/6195/4148 4852/6223/3155
f 6457/7331/5001 5301/7335/5005 5300/7334/5004 6458/7333/5003
f 6456/7332/5002 5302/7336/5006 5301/7335/5005 6457/7331/5001
f 4893/6305/4204 4644/6306/4205 5302/7336/5006 6456/7332/5002
f 4892/6304/4203 4893/6305/4204 6456/7332/5002 6453/7328/4998
f 4891/6302/4201 4892/6304/4203 6453/7328/4998 6450/7325/4995
f 6459/7337/5007 6462/7340/5010 6463/7339/5009 6460/7338/5008
f 6460/7338/5008 6463/7339/5009 6464/7342/3881 6461/7341/5011
f 6462/7340/5010 6465/7344/5012 6466/7343/3882 6463/7339/5009
f 6463/7339/5009 6466/7343/3882 6467/7345/3881 6464/7342/3881
f 4644/6306/4205 4897/6331/4224 6459/7337/5007 5302/7336/5006
f 5302/7336/5006 6459/7337/5007 6460/7338/5008 5301/7335/5005
f 5301/7335/5005 6460/7338/5008 6461/7341/5011 5300/7334/5004
f 5300/7334/5004 6461/7341/5011 4845/6194/3176 4633/6195/4148
f 6461/7341/5011 6464/7342/3881 4844/6193/3176 4845/6194/3176
f 6464/7342/3881 6467/7345/3881 4843/6191/3176 4844/6193/3176
f 6467/7345/3881 5303/5688/3881 4630/5686/3176 4843/6191/3176
f 6466/7343/3882 5304/5701/3882 5303/5688/3881 6467/7345/3881
f 6465/7344/5012 5305/5699/3880 5304/5701/3882 6466/7343/3882
f 4899/6326/4221 4640/5700/3886 5305/5699/3880 6465/7344/5012
f 4898/6332/4225 4899/6326/4221 6465/7344/5012 6462/7340/5010
f 4897/6331/4224 4898/6332/4225 6462/7340/5010 6459/7337/5007
f 6468/7346/5013 6471/7349/5016 6472/7348/5015 6469/7347/5014
f 6469/7347/5014 6472/7348/5015 6473/7351/5018 6470/7350/5017
f 6471/7349/5016 6474/7353/5020 6475/7352/5019 6472/7348/5015
f 6472/7348/5015 6475/7352/5019 6476/7354/5021 6473/7351/5018
f 4618/5711/3894 4810/6117/3894 6468/7346/5013 5306/5713/3887
f 5306/5713/3887 6468/7346/5013 6469/7347/5014 5307/5726/3895
f 5307/5726/3895 6469/7347/5014 6470/7350/5017 5308/5724/3901
f 5308/5724/3901 6470/7350/5017 4926/6392/4279 4648/5725/3902
f 6470/7350/5017 6473/7351/5018 4925/6400/4287 4926/6392/4279
f 6473/7351/5018 6476/7354/5021 4924/6399/4286 4925/6400/4287
f 6476/7354/5021 5309/7355/5022 4652/6374/4263 4924/6399/4286
f 6475/7352/5019 5310/7356/5023 5309/7355/5022 6476/7354/5021
f 6474/7353/5020 5311/7357/5024 5310/7356/5023 6475/7352/5019
f 4812/6120/3145 4622/6086/4145 5311/7357/5024 6474/7353/5020
f 4811/6119/3894 4812/6120/3145 6474/7353/5020 6471/7349/5016
f 4810/6117/3894 4811/6119/3894 6471/7349/5016 6468/7346/5013
f 6477/7358/5025 6480/7361/3881 6481/7360/5027 6478/7359/5026
f 6478/7359/5026 6481/7360/5027 6482/7363/5029 6479/7362/5028
f 6480/7361/3881 6483/7365/3881 6484/7364/3882 6481/7360/5027
f 6481/7360/5027 6484/7364/3882 6485/7366/5030 6482/7363/5029
f 4622/6086/4145 4786/6085/3176 6477/7358/5025 5311/7357/5024
f 5311/7357/5024 6477/7358/5025 6478/7359/5026 5310/7356/5023
f 5310/7356/5023 6478/7359/5026 6479/7362/5028 5309/7355/5022
f 5309/7355/5022 6479/7362/5028 4920/6373/4262 4652/6374/4263
f 6479/7362/5028 6482/7363/5029 4919/6372/4261 4920/6373/4262
f 6482/7363/5029 6485/7366/5030 4918/6370/4259 4919/6372/4261
f 6485/7366/5030 5312/5694/3880 4647/5695/3883 4918/6370/4259
f 6484/7364/3882 5313/5693/3882 5312/5694/3880 6485/7366/5030
f 6483/7365/3881 5314/5692/3881 5313/5693/3882 6484/7364/3882
f 4788/6074/3176 4616/5691/3176 5314/5692/3881 6483/7365/3881
f 4787/6087/3176 4788/6074/3176 6483/7365/3881 6480/7361/3881
f 4786/6085/3176 4787/6087/3176 6480/7361/3881 6477/7358/5025
f 6486/7367/4138 6489/7370/4138 6490/7369/5031 6487/7368/4139
f 6487/7368/4139 6490/7369/5031 6491/7372/5033 6488/7371/5032
f 6489/7370/4138 6492/7374/3146 6493/7373/5034 6490/7369/5031
f 6490/7369/5031 6493/7373/5034 6494/7375/5035 6491/7372/5033
f 4611/5989/3177 4783/6058/3177 6486/7367/4138 5315/5991/4138
f 5315/5991/4138 6486/7367/4138 6487/7368/4139 5316/6004/4139
f 5316/6004/4139 6487/7368/4139 6488/7371/5032 5317/6002/4137
f 5317/6002/4137 6488/7371/5032 4962/6483/4356 4657/6003/4142
f 6488/7371/5032 6491/7372/5033 4961/6491/4364 4962/6483/4356
f 6491/7372/5033 6494/7375/5035 4960/6490/4363 4961/6491/4364
f 6494/7375/5035 5318/7376/5036 4661/6462/4340 4960/6490/4363
f 6493/7373/5034 5319/7377/5037 5318/7376/5036 6494/7375/5035
f 6492/7374/3146 5320/7378/5038 5319/7377/5037 6493/7373/5034
f 4785/6061/3177 4615/6027/4144 5320/7378/5038 6492/7374/3146
f 4784/6060/3177 4785/6061/3177 6492/7374/3146 6489/7370/4138
f 4783/6058/3177 4784/6060/3177 6489/7370/4138 6486/7367/4138
f 6495/7379/5039 6498/7382/5042 6499/7381/5041 6496/7380/5040
f 6496/7380/5040 6499/7381/5041 6500/7384/5044 6497/7383/5043
f 6498/7382/5042 6501/7386/5013 6502/7385/5045 6499/7381/5041
f 6499/7381/5041 6502/7385/5045 6503/7387/5046 6500/7384/5044
f 4615/6027/4144 4759/6026/4143 6495/7379/5039 5320/7378/5038
f 5320/7378/5038 6495/7379/5039 6496/7380/5040 5319/7377/5037
f 5319/7377/5037 6496/7380/5040 6497/7383/5043 5318/7376/5036
f 5318/7376/5036 6497/7383/5043 4956/6461/4339 4661/6462/4340
f 6497/7383/5043 6500/7384/5044 4955/6460/4338 4956/6461/4339
f 6500/7384/5044 6503/7387/5046 4954/6458/4336 4955/6460/4338
f 6503/7387/5046 5321/5719/3896 4656/5720/3897 4954/6458/4336
f 6502/7385/5045 5322/5718/3895 5321/5719/3896 6503/7387/5046
f 6501/7386/5013 5323/5717/3887 5322/5718/3895 6502/7385/5045
f 4761/6015/3894 4609/5716/3894 5323/5717/3887 6501/7386/5013
f 4760/6028/3894 4761/6015/3894 6501/7386/5013 6498/7382/5042
f 4759/6026/4143 4760/6028/3894 6498/7382/5042 6495/7379/5039
f 6504/7388/4999 6507/7391/5049 6508/7390/5048 6505/7389/5047
f 6505/7389/5047 6508/7390/5048 6509/7393/5051 6506/7392/5050
f 6507/7391/5049 6510/7395/5053 6511/7394/5052 6508/7390/5048
f 6508/7390/5048 6511/7394/5052 6512/7396/5054 6509/7393/5051
f 4625/5661/3869 4837/6176/3869 6504/7388/4999 5324/5663/3864
f 5324/5663/3864 6504/7388/4999 6505/7389/5047 5325/5676/3870
f 5325/5676/3870 6505/7389/5047 6506/7392/5050 5326/5674/3876
f 5326/5674/3876 6506/7392/5050 4998/6576/4433 4666/5675/3877
f 6506/7392/5050 6509/7393/5051 4997/6584/4441 4998/6576/4433
f 6509/7393/5051 6512/7396/5054 4996/6583/4440 4997/6584/4441
f 6512/7396/5054 5327/7397/5055 4670/6557/4417 4996/6583/4440
f 6511/7394/5052 5328/7398/5056 5327/7397/5055 6512/7396/5054
f 6510/7395/5053 5329/7399/5057 5328/7398/5056 6511/7394/5052
f 4839/6179/4147 4629/6145/4146 5329/7399/5057 6510/7395/5053
f 4838/6178/3869 4839/6179/4147 6510/7395/5053 6507/7391/5049
f 4837/6176/3869 4838/6178/3869 6507/7391/5049 6504/7388/4999
f 6513/7400/5058 6516/7403/4138 6517/7402/5060 6514/7401/5059
f 6514/7401/5059 6517/7402/5060 6518/7405/5062 6515/7404/5061
f 6516/7403/4138 6519/7407/4138 6520/7406/4139 6517/7402/5060
f 6517/7402/5060 6520/7406/4139 6521/7408/5063 6518/7405/5062
f 4629/6145/4146 4813/6144/3177 6513/7400/5058 5329/7399/5057
f 5329/7399/5057 6513/7400/5058 6514/7401/5059 5328/7398/5056
f 5328/7398/5056 6514/7401/5059 6515/7404/5061 5327/7397/5055
f 5327/7397/5055 6515/7404/5061 4992/6556/4416 4670/6557/4417
f 6515/7404/5061 6518/7405/5062 4991/6555/4415 4992/6556/4416
f 6518/7405/5062 6521/7408/5063 4990/6553/4413 4991/6555/4415
f 6521/7408/5063 5330/5997/4137 4665/5998/4140 4990/6553/4413
f 6520/7406/4139 5331/5996/4139 5330/5997/4137 6521/7408/5063
f 6519/7407/4138 5332/5995/4138 5331/5996/4139 6520/7406/4139
f 4815/6133/3177 4623/5994/3177 5332/5995/4138 6519/7407/4138
f 4814/6146/3177 4815/6133/3177 6519/7407/4138 6516/7403/4138
f 4813/6144/3177 4814/6146/3177 6516/7403/4138 6513/7400/5058
f 6522/7409/5064 6525/7412/5067 6526/7411/5066 6523/7410/5065
f 6523/7410/5065 6526/7411/5066 6527/7414/5069 6524/7413/5068
f 6525/7412/5067 6528/7416/5071 6529/7415/5070 6526/7411/5066
f 6526/7411/5066 6529/7415/5070 6530/7417/5072 6527/7414/5069
f 4728/5965/4120 5335/7418/5073 6522/7409/5064 5336/5967/4122
f 5336/5967/4122 6522/7409/5064 6523/7410/5065 5337/5964/4119
f 5337/5964/4119 6523/7410/5065 6524/7413/5068 5338/5962/4117
f 5338/5962/4117 6524/7413/5068 5121/6881/4694 4715/5961/4116
f 6524/7413/5068 6527/7414/5069 5120/6898/4706 5121/6881/4694
f 6527/7414/5069 6530/7417/5072 5119/6896/4704 5120/6898/4706
f 6530/7417/5072 5339/7419/5074 4720/6897/4705 5119/6896/4704
f 6529/7415/5070 5340/7420/5075 5339/7419/5074 6530/7417/5072
f 6528/7416/5071 5341/7421/5076 5340/7420/5075 6529/7415/5070
f 5333/7422/5077 4730/7423/5078 5341/7421/5076 6528/7416/5071
f 5334/7424/5079 5333/7422/5077 6528/7416/5071 6525/7412/5067
f 5335/7418/5073 5334/7424/5079 6525/7412/5067 6522/7409/5064
f 6531/7425/5080 6534/7428/5083 6535/7427/5082 6532/7426/5081
f 6532/7426/5081 6535/7427/5082 6536/7430/5085 6533/7429/5084
f 6534/7428/5083 6537/7432/5087 6538/7431/5086 6535/7427/5082
f 6535/7427/5082 6538/7431/5086 6539/7433/5088 6536/7430/5085
f 4730/7434/5078 5344/7436/5089 6531/7425/5080 5341/7435/5076
f 5341/7435/5076 6531/7425/5080 6532/7426/5081 5340/7437/5075
f 5340/7437/5075 6532/7426/5081 6533/7429/5084 5339/7438/5074
f 5339/7438/5074 6533/7429/5084 5145/6932/4738 4720/6933/4705
f 6533/7429/5084 6536/7430/5085 5144/6931/4737 5145/6932/4738
f 6536/7430/5085 6539/7433/5088 5143/6929/4735 5144/6931/4737
f 6539/7433/5088 5345/5515/3728 4717/5513/3726 5143/6929/4735
f 6538/7431/5086 5346/5528/3741 5345/5515/3728 6539/7433/5088
f 6537/7432/5087 5347/5526/3739 5346/5528/3741 6538/7431/5086
f 5342/7439/5090 4729/5527/3740 5347/5526/3739 6537/7432/5087
f 5343/7440/5091 5342/7439/5090 6537/7432/5087 6534/7428/5083
f 5344/7436/5089 5343/7440/5091 6534/7428/5083 6531/7425/5080
f 6540/7441/5092 6543/7444/5095 6544/7443/5094 6541/7442/5093
f 6541/7442/5093 6544/7443/5094 6545/7446/5097 6542/7445/5096
f 6543/7444/5095 6546/7448/5099 6547/7447/5098 6544/7443/5094
f 6544/7443/5094 6547/7447/5098 6548/7449/5100 6545/7446/5097
f 4716/5741/3916 5134/6908/4716 6540/7441/5092 5348/5740/3915
f 5348/5740/3915 6540/7441/5092 6541/7442/5093 5349/5739/3914
f 5349/5739/3914 6541/7442/5093 6542/7445/5096 5350/5737/3912
f 5350/5737/3912 6542/7445/5096 5040/6684/4524 4679/5736/3911
f 6542/7445/5096 6545/7446/5097 5039/6697/4537 5040/6684/4524
f 6545/7446/5097 6548/7449/5100 5038/6695/4535 5039/6697/4537
f 6548/7449/5100 5351/7450/5101 4684/6696/4536 5038/6695/4535
f 6547/7447/5098 5352/7451/5102 5351/7450/5101 6548/7449/5100
f 6546/7448/5099 5353/7452/5103 5352/7451/5102 6547/7447/5098
f 5136/6911/4719 4719/6912/4720 5353/7452/5103 6546/7448/5099
f 5135/6910/4718 5136/6911/4719 6546/7448/5099 6543/7444/5095
f 5134/6908/4716 5135/6910/4718 6543/7444/5095 6540/7441/5092
f 6549/7453/5104 6552/7456/5107 6553/7455/5106 6550/7454/5105
f 6550/7454/5105 6553/7455/5106 6554/7458/5109 6551/7457/5108
f 6552/7456/5107 6555/7460/5111 6556/7459/5110 6553/7455/5106
f 6553/7455/5106 6556/7459/5110 6557/7461/5112 6554/7458/5109
f 4719/6912/4720 5140/6935/4739 6549/7453/5104 5353/7452/5103
f 5353/7452/5103 6549/7453/5104 6550/7454/5105 5352/7451/5102
f 5352/7451/5102 6550/7454/5105 6551/7457/5108 5351/7450/5101
f 5351/7450/5101 6551/7457/5108 5064/6735/4568 4684/6696/4536
f 6551/7457/5108 6554/7458/5109 5063/6734/4567 5064/6735/4568
f 6554/7458/5109 6557/7461/5112 5062/6732/4565 5063/6734/4567
f 6557/7461/5112 5354/5517/3730 4681/5518/3731 5062/6732/4565
f 6556/7459/5110 5355/5516/3729 5354/5517/3730 6557/7461/5112
f 6555/7460/5111 5356/5514/3727 5355/5516/3729 6556/7459/5110
f 5142/6930/4736 4717/5513/3726 5356/5514/3727 6555/7460/5111
f 5141/6936/4740 5142/6930/4736 6555/7460/5111 6552/7456/5107
f 5140/6935/4739 5141/6936/4740 6552/7456/5107 6549/7453/5104
f 6558/7462/5113 6561/7465/5116 6562/7464/5115 6559/7463/5114
f 6559/7463/5114 6562/7464/5115 6563/7467/5118 6560/7466/5117
f 6561/7465/5116 6564/7469/5120 6565/7468/5119 6562/7464/5115
f 6562/7464/5115 6565/7468/5119 6566/7470/5121 6563/7467/5118
f 4680/5591/3804 5053/6707/4547 6558/7462/5113 5357/5593/3806
f 5357/5593/3806 6558/7462/5113 6559/7463/5114 5358/5590/3803
f 5358/5590/3803 6559/7463/5114 6560/7466/5117 5359/5588/3801
f 5359/5588/3801 6560/7466/5117 5360/7471/5122 4691/5587/3800
f 6560/7466/5117 6563/7467/5118 5361/7472/5123 5360/7471/5122
f 6563/7467/5118 6566/7470/5121 5362/7473/5124 5361/7472/5123
f 6566/7470/5121 5363/7475/5126 4693/7474/5125 5362/7473/5124
f 6565/7468/5119 5364/7476/5127 5363/7475/5126 6566/7470/5121
f 6564/7469/5120 5365/7477/5128 5364/7476/5127 6565/7468/5119
f 5055/6710/4550 4683/6711/4551 5365/7477/5128 6564/7469/5120
f 5054/6709/4549 5055/6710/4550 6564/7469/5120 6561/7465/5116
f 5053/6707/4547 5054/6709/4549 6561/7465/5116 6558/7462/5113
f 6567/7478/5129 6570/7481/5132 6571/7480/5131 6568/7479/5130
f 6568/7479/5130 6571/7480/5131 6572/7483/5134 6569/7482/5133
f 6570/7481/5132 6573/7485/5136 6574/7484/5135 6571/7480/5131
f 6571/7480/5131 6574/7484/5135 6575/7486/5137 6572/7483/5134
f 4683/6738/4551 5059/6737/4569 6567/7478/5129 5365/7487/5128
f 5365/7487/5128 6567/7478/5129 6568/7479/5130 5364/7488/5127
f 5364/7488/5127 6568/7479/5130 6569/7482/5133 5363/7489/5126
f 5363/7489/5126 6569/7482/5133 5366/7491/5138 4693/7490/5125
f 6569/7482/5133 6572/7483/5134 5367/7492/5139 5366/7491/5138
f 6572/7483/5134 6575/7486/5137 5368/7493/5140 5367/7492/5139
f 6575/7486/5137 5369/5521/3734 4692/5522/3735 5368/7493/5140
f 6574/7484/5135 5370/5520/3733 5369/5521/3734 6575/7486/5137
f 6573/7485/5136 5371/5519/3732 5370/5520/3733 6574/7484/5135
f 5061/6733/4566 4681/5518/3731 5371/5519/3732 6573/7485/5136
f 5060/6739/4570 5061/6733/4566 6573/7485/5136 6570/7481/5132
f 5059/6737/4569 5060/6739/4570 6570/7481/5132 6567/7478/5129
f 6576/7494/5141 6579/7497/5144 6580/7496/5143 6577/7495/5142
f 6577/7495/5142 6580/7496/5143 6581/7499/5146 6578/7498/5145
f 6579/7497/5144 6582/7501/5148 6583/7500/5147 6580/7496/5143
f 6580/7496/5143 6583/7500/5147 6584/7502/5149 6581/7499/5146
f 4731/5969/4124 5374/7503/5150 6576/7494/5141 5375/5971/4126
f 5375/5971/4126 6576/7494/5141 6577/7495/5142 5376/5968/4123
f 5376/5968/4123 6577/7495/5142 6578/7498/5145 5377/5966/4121
f 5377/5966/4121 6578/7498/5145 5335/7418/5073 4728/5965/4120
f 6578/7498/5145 6581/7499/5146 5334/7424/5079 5335/7418/5073
f 6581/7499/5146 6584/7502/5149 5333/7422/5077 5334/7424/5079
f 6584/7502/5149 5378/7504/5151 4730/7423/5078 5333/7422/5077
f 6583/7500/5147 5379/7505/5152 5378/7504/5151 6584/7502/5149
f 6582/7501/5148 5380/7506/5153 5379/7505/5152 6583/7500/5147
f 5372/7507/5154 4733/7508/5155 5380/7506/5153 6582/7501/5148
f 5373/7509/5156 5372/7507/5154 6582/7501/5148 6579/7497/5144
f 5374/7503/5150 5373/7509/5156 6579/7497/5144 6576/7494/5141
f 6585/7510/5157 6588/7513/5160 6589/7512/5159 6586/7511/5158
f 6586/7511/5158 6589/7512/5159 6590/7515/5162 6587/7514/5161
f 6588/7513/5160 6591/7517/5164 6592/7516/5163 6589/7512/5159
f 6589/7512/5159 6592/7516/5163 6593/7518/5165 6590/7515/5162
f 4733/7519/5155 5383/7521/5166 6585/7510/5157 5380/7520/5153
f 5380/7520/5153 6585/7510/5157 6586/7511/5158 5379/7522/5152
f 5379/7522/5152 6586/7511/5158 6587/7514/5161 5378/7523/5151
f 5378/7523/5151 6587/7514/5161 5344/7436/5089 4730/7434/5078
f 6587/7514/5161 6590/7515/5162 5343/7440/5091 5344/7436/5089
f 6590/7515/5162 6593/7518/5165 5342/7439/5090 5343/7440/5091
f 6593/7518/5165 5384/5806/3981 4729/5527/3740 5342/7439/5090
f 6592/7516/5163 5385/5816/3986 5384/5806/3981 6593/7518/5165
f 6591/7517/5164 5386/5814/3985 5385/5816/3986 6592/7516/5163
f 5381/7524/5167 4732/5815/3936 5386/5814/3985 6591/7517/5164
f 5382/7525/5168 5381/7524/5167 6591/7517/5164 6588/7513/5160
f 5383/7521/5166 5382/7525/5168 6588/7513/5160 6585/7510/5157
f 6594/7526/5169 6597/7529/5172 6598/7528/5171 6595/7527/5170
f 6595/7527/5170 6598/7528/5171 6599/7531/5174 6596/7530/5173
f 6597/7529/5172 6600/7533/5176 6601/7532/5175 6598/7528/5171
f 6598/7528/5171 6601/7532/5175 6602/7534/5177 6599/7531/5174
f 4691/5587/3800 5360/7471/5122 6594/7526/5169 5387/5589/3802
f 5387/5589/3802 6594/7526/5169 6595/7527/5170 5388/5586/3799
f 5388/5586/3799 6595/7527/5170 6596/7530/5173 5389/5584/3797
f 5389/5584/3797 6596/7530/5173 5390/7535/5178 4688/5583/3796
f 6596/7530/5173 6599/7531/5174 5391/7536/5179 5390/7535/5178
f 6599/7531/5174 6602/7534/5177 5392/7537/5180 5391/7536/5179
f 6602/7534/5177 5393/7539/5182 4690/7538/5181 5392/7537/5180
f 6601/7532/5175 5394/7540/5183 5393/7539/5182 6602/7534/5177
f 6600/7533/5176 5395/7541/5184 5394/7540/5183 6601/7532/5175
f 5362/7473/5124 4693/7474/5125 5395/7541/5184 6600/7533/5176
f 5361/7472/5123 5362/7473/5124 6600/7533/5176 6597/7529/5172
f 5360/7471/5122 5361/7472/5123 6597/7529/5172 6594/7526/5169
f 6603/7542/5185 6606/7545/5188 6607/7544/5187 6604/7543/5186
f 6604/7543/5186 6607/7544/5187 6608/7547/5190 6605/7546/5189
f 6606/7545/5188 6609/7549/5192 6610/7548/5191 6607/7544/5187
f 6607/7544/5187 6610/7548/5191 6611/7550/5193 6608/7547/5190
f 4693/7490/5125 5366/7491/5138 6603/7542/5185 5395/7551/5184
f 5395/7551/5184 6603/7542/5185 6604/7543/5186 5394/7552/5183
f 5394/7552/5183 6604/7543/5186 6605/7546/5189 5393/7553/5182
f 5393/7553/5182 6605/7546/5189 5396/7555/5194 4690/7554/5181
f 6605/7546/5189 6608/7547/5190 5397/7556/5195 5396/7555/5194
f 6608/7547/5190 6611/7550/5193 5398/7557/5196 5397/7556/5195
f 6611/7550/5193 5399/5809/3984 4689/5810/3941 5398/7557/5196
f 6610/7548/5191 5400/5808/3983 5399/5809/3984 6611/7550/5193
f 6609/7549/5192 5401/5807/3982 5400/5808/3983 6610/7548/5191
f 5368/7493/5140 4692/5522/3735 5401/5807/3982 6609/7549/5192
f 5367/7492/5139 5368/7493/5140 6609/7549/5192 6606/7545/5188
f 5366/7491/5138 5367/7492/5139 6606/7545/5188 6603/7542/5185
f 6612/7558/5197 6615/7561/5200 6616/7560/5199 6613/7559/5198
f 6613/7559/5198 6616/7560/5199 6617/7563/5202 6614/7562/5201
f 6615/7561/5200 6618/7565/5204 6619/7564/5203 6616/7560/5199
f 6616/7560/5199 6619/7564/5203 6620/7566/5205 6617/7563/5202
f 4734/5973/4128 5404/7567/5206 6612/7558/5197 5405/5975/4130
f 5405/5975/4130 6612/7558/5197 6613/7559/5198 5406/5972/4127
f 5406/5972/4127 6613/7559/5198 6614/7562/5201 5407/5970/4125
f 5407/5970/4125 6614/7562/5201 5374/7503/5150 4731/5969/4124
f 6614/7562/5201 6617/7563/5202 5373/7509/5156 5374/7503/5150
f 6617/7563/5202 6620/7566/5205 5372/7507/5154 5373/7509/5156
f 6620/7566/5205 5408/7568/5207 4733/7508/5155 5372/7507/5154
f 6619/7564/5203 5409/7569/5208 5408/7568/5207 6620/7566/5205
f 6618/7565/5204 5410/7570/5209 5409/7569/5208 6619/7564/5203
f 5402/7571/5210 4736/7572/5211 5410/7570/5209 6618/7565/5204
f 5403/7573/5212 5402/7571/5210 6618/7565/5204 6615/7561/5200
f 5404/7567/5206 5403/7573/5212 6615/7561/5200 6612/7558/5197
f 6621/7574/5213 6624/7577/5216 6625/7576/5215 6622/7575/5214
f 6622/7575/5214 6625/7576/5215 6626/7579/5218 6623/7578/5217
f 6624/7577/5216 6627/7581/5220 6628/7580/5219 6625/7576/5215
f 6625/7576/5215 6628/7580/5219 6629/7582/5221 6626/7579/5218
f 4736/7583/5211 5413/7585/5222 6621/7574/5213 5410/7584/5209
f 5410/7584/5209 6621/7574/5213 6622/7575/5214 5409/7586/5208
f 5409/7586/5208 6622/7575/5214 6623/7578/5217 5408/7587/5207
f 5408/7587/5207 6623/7578/5217 5383/7589/5166 4733/7588/5155
f 6623/7578/5217 6626/7579/5218 5382/7590/5168 5383/7589/5166
f 6626/7579/5218 6629/7582/5221 5381/7591/5167 5382/7590/5168
f 6629/7582/5221 5414/5763/3938 4732/5761/3936 5381/7591/5167
f 6628/7580/5219 5415/5771/3946 5414/5763/3938 6629/7582/5221
f 6627/7581/5220 5416/5770/3945 5415/5771/3946 6628/7580/5219
f 5411/7592/5223 4735/5636/3848 5416/5770/3945 6627/7581/5220
f 5412/7593/5224 5411/7592/5223 6627/7581/5220 6624/7577/5216
f 5413/7585/5222 5412/7593/5224 6624/7577/5216 6621/7574/5213
f 6630/7594/5225 6633/7597/5228 6634/7596/5227 6631/7595/5226
f 6631/7595/5226 6634/7596/5227 6635/7599/5230 6632/7598/5229
f 6633/7597/5228 6636/7601/5232 6637/7600/5231 6634/7596/5227
f 6634/7596/5227 6637/7600/5231 6638/7602/5233 6635/7599/5230
f 4688/5583/3796 5390/7535/5178 6630/7594/5225 5417/5585/3798
f 5417/5585/3798 6630/7594/5225 6631/7595/5226 5418/5582/3795
f 5418/5582/3795 6631/7595/5226 6632/7598/5229 5419/5580/3793
f 5419/5580/3793 6632/7598/5229 5420/7603/5234 4685/5579/3792
f 6632/7598/5229 6635/7599/5230 5421/7604/5235 5420/7603/5234
f 6635/7599/5230 6638/7602/5233 5422/7605/5236 5421/7604/5235
f 6638/7602/5233 5423/7607/5238 4687/7606/5237 5422/7605/5236
f 6637/7600/5231 5424/7608/5239 5423/7607/5238 6638/7602/5233
f 6636/7601/5232 5425/7609/5240 5424/7608/5239 6637/7600/5231
f 5392/7537/5180 4690/7538/5181 5425/7609/5240 6636/7601/5232
f 5391/7536/5179 5392/7537/5180 6636/7601/5232 6633/7597/5228
f 5390/7535/5178 5391/7536/5179 6633/7597/5228 6630/7594/5225
f 6639/7610/5241 6642/7613/5244 6643/7612/5243 6640/7611/5242
f 6640/7611/5242 6643/7612/5243 6644/7615/5246 6641/7614/5245
f 6642/7613/5244 6645/7617/5248 6646/7616/5247 6643/7612/5243
f 6643/7612/5243 6646/7616/5247 6647/7618/5249 6644/7615/5246
f 4690/7619/5181 5396/7621/5194 6639/7610/5241 5425/7620/5240
f 5425/7620/5240 6639/7610/5241 6640/7611/5242 5424/7622/5239
f 5424/7622/5239 6640/7611/5242 6641/7614/5245 5423/7623/5238
f 5423/7623/5238 6641/7614/5245 5426/7625/5250 4687/7624/5237
f 6641/7614/5245 6644/7615/5246 5427/7626/5251 5426/7625/5250
f 6644/7615/5246 6647/7618/5249 5428/7627/5252 5427/7626/5251
f 6647/7618/5249 5429/5769/3944 4686/5641/3853 5428/7627/5252
f 6646/7616/5247 5430/5768/3943 5429/5769/3944 6647/7618/5249
f 6645/7617/5248 5431/5767/3942 5430/5768/3943 6646/7616/5247
f 5398/7628/5196 4689/5766/3941 5431/5767/3942 6645/7617/5248
f 5397/7629/5195 5398/7628/5196 6645/7617/5248 6642/7613/5244
f 5396/7621/5194 5397/7629/5195 6642/7613/5244 6639/7610/5241
f 6648/7630/5253 6651/7633/5256 6652/7632/5255 6649/7631/5254
f 6649/7631/5254 6652/7632/5255 6653/7635/5258 6650/7634/5257
f 6651/7633/5256 6654/7637/5260 6655/7636/5259 6652/7632/5255
f 6652/7632/5255 6655/7636/5259 6656/7638/5261 6653/7635/5258
f 4721/5977/4132 5149/6946/4750 6648/7630/5253 5432/5979/4134
f 5432/5979/4134 6648/7630/5253 6649/7631/5254 5433/5976/4131
f 5433/5976/4131 6649/7631/5254 6650/7634/5257 5434/5974/4129
f 5434/5974/4129 6650/7634/5257 5404/7567/5206 4734/5973/4128
f 6650/7634/5257 6653/7635/5258 5403/7573/5212 5404/7567/5206
f 6653/7635/5258 6656/7638/5261 5402/7571/5210 5403/7573/5212
f 6656/7638/5261 5435/7639/5262 4736/7572/5211 5402/7571/5210
f 6655/7636/5259 5436/7640/5263 5435/7639/5262 6656/7638/5261
f 6654/7637/5260 5437/7641/5264 5436/7640/5263 6655/7636/5259
f 5151/6949/4753 4724/6950/4754 5437/7641/5264 6654/7637/5260
f 5150/6948/4752 5151/6949/4753 6654/7637/5260 6651/7633/5256
f 5149/6946/4750 5150/6948/4752 6651/7633/5256 6648/7630/5253
f 6657/7642/5265 6660/7645/5268 6661/7644/5267 6658/7643/5266
f 6658/7643/5266 6661/7644/5267 6662/7647/5270 6659/7646/5269
f 6660/7645/5268 6663/7649/5272 6664/7648/5271 6661/7644/5267
f 6661/7644/5267 6664/7648/5271 6665/7650/5273 6662/7647/5270
f 4724/6985/4754 5157/6984/4781 6657/7642/5265 5437/7651/5264
f 5437/7651/5264 6657/7642/5265 6658/7643/5266 5436/7652/5263
f 5436/7652/5263 6658/7643/5266 6659/7646/5269 5435/7653/5262
f 5435/7653/5262 6659/7646/5269 5413/7585/5222 4736/7583/5211
f 6659/7646/5269 6662/7647/5270 5412/7593/5224 5413/7585/5222
f 6662/7647/5270 6665/7650/5273 5411/7592/5223 5412/7593/5224
f 6665/7650/5273 5438/5638/3850 4735/5636/3848 5411/7592/5223
f 6664/7648/5271 5439/5651/3863 5438/5638/3850 6665/7650/5273
f 6663/7649/5272 5440/5649/3861 5439/5651/3863 6664/7648/5271
f 5159/6976/4774 4722/5650/3862 5440/5649/3861 6663/7649/5272
f 5158/6986/4782 5159/6976/4774 6663/7649/5272 6660/7645/5268
f 5157/6984/4781 5158/6986/4782 6660/7645/5268 6657/7642/5265
f 6666/7654/5274 6669/7657/5277 6670/7656/5276 6667/7655/5275
f 6667/7655/5275 6670/7656/5276 6671/7659/5279 6668/7658/5278
f 6669/7657/5277 6672/7661/5281 6673/7660/5280 6670/7656/5276
f 6670/7656/5276 6673/7660/5280 6674/7662/5282 6671/7659/5279
f 4685/5579/3792 5420/7603/5234 6666/7654/5274 5441/5581/3794
f 5441/5581/3794 6666/7654/5274 6667/7655/5275 5442/5578/3791
f 5442/5578/3791 6667/7655/5275 6668/7658/5278 5443/5576/3789
f 5443/5576/3789 6668/7658/5278 5013/6619/4467 4673/5575/3788
f 6668/7658/5278 6671/7659/5279 5012/6637/4479 5013/6619/4467
f 6671/7659/5279 6674/7662/5282 5011/6635/4477 5012/6637/4479
f 6674/7662/5282 5444/7663/5283 4678/6636/4478 5011/6635/4477
f 6673/7660/5280 5445/7664/5284 5444/7663/5283 6674/7662/5282
f 6672/7661/5281 5446/7665/5285 5445/7664/5284 6673/7660/5280
f 5422/7605/5236 4687/7606/5237 5446/7665/5285 6672/7661/5281
f 5421/7604/5235 5422/7605/5236 6672/7661/5281 6669/7657/5277
f 5420/7603/5234 5421/7604/5235 6669/7657/5277 6666/7654/5274
f 6675/7666/5286 6678/7669/5289 6679/7668/5288 6676/7667/5287
f 6676/7667/5287 6679/7668/5288 6680/7671/5291 6677/7670/5290
f 6678/7669/5289 6681/7673/5293 6682/7672/5292 6679/7668/5288
f 6679/7668/5288 6682/7672/5292 6683/7674/5294 6680/7671/5291
f 4687/7624/5237 5426/7625/5250 6675/7666/5286 5446/7675/5285
f 5446/7675/5285 6675/7666/5286 6676/7667/5287 5445/7676/5284
f 5445/7676/5284 6676/7667/5287 6677/7670/5290 5444/7677/5283
f 5444/7677/5283 6677/7670/5290 5037/6669/4511 4678/6670/4478
f 6677/7670/5290 6680/7671/5291 5036/6668/4510 5037/6669/4511
f 6680/7671/5291 6683/7674/5294 5035/6666/4508 5036/6668/4510
f 6683/7674/5294 5447/5644/3856 4675/5645/3857 5035/6666/4508
f 6682/7672/5292 5448/5643/3855 5447/5644/3856 6683/7674/5294
f 6681/7673/5293 5449/5642/3854 5448/5643/3855 6682/7672/5292
f 5428/7627/5252 4686/5641/3853 5449/5642/3854 6681/7673/5293
f 5427/7626/5251 5428/7627/5252 6681/7673/5293 6678/7669/5289
f 5426/7625/5250 5427/7626/5251 6678/7669/5289 6675/7666/5286
f 6684/7678/5295 6687/7681/5297 6688/7680/5296 6685/7679/2299
f 6685/7679/2299 6688/7680/5296 6689/7683/5299 6686/7682/5298
f 6687/7681/5297 6690/7685/5301 6691/7684/5300 6688/7680/5296
f 6688/7680/5296 6691/7684/5300 6692/7686/5302 6689/7683/5299
f 4674/5840/4000 5026/6647/4489 6684/7678/5295 5450/5838/2325
f 5450/5838/2325 6684/7678/5295 6685/7679/2299 5451/5837/3999
f 5451/5837/3999 6685/7679/2299 6686/7682/5298 5452/5836/2310
f 5452/5836/2310 6686/7682/5298 5168/6997/4793 4723/5835/3998
f 6686/7682/5298 6689/7683/5299 5167/7001/4797 5168/6997/4793
f 6689/7683/5299 6692/7686/5302 5166/7000/4796 5167/7001/4797
f 6692/7686/5302 5453/7687/5303 4726/6979/4777 5166/7000/4796
f 6691/7684/5300 5454/7688/5304 5453/7687/5303 6692/7686/5302
f 6690/7685/5301 5455/7689/5305 5454/7688/5304 6691/7684/5300
f 5028/6650/4492 4677/6651/4493 5455/7689/5305 6690/7685/5301
f 5027/6649/4491 5028/6650/4492 6690/7685/5301 6687/7681/5297
f 5026/6647/4489 5027/6649/4491 6687/7681/5297 6684/7678/5295
f 6693/7690/5306 6696/7693/5309 6697/7692/5308 6694/7691/5307
f 6694/7691/5307 6697/7692/5308 6698/7695/5311 6695/7694/5310
f 6696/7693/5309 6699/7697/5313 6700/7696/5312 6697/7692/5308
f 6697/7692/5308 6700/7696/5312 6701/7698/5314 6698/7695/5311
f 4677/6651/4493 5032/6672/4512 6693/7690/5306 5455/7689/5305
f 5455/7689/5305 6693/7690/5306 6694/7691/5307 5454/7688/5304
f 5454/7688/5304 6694/7691/5307 6695/7694/5310 5453/7687/5303
f 5453/7687/5303 6695/7694/5310 5162/6978/4776 4726/6979/4777
f 6695/7694/5310 6698/7695/5311 5161/6977/4775 5162/6978/4776
f 6698/7695/5311 6701/7698/5314 5160/6975/4773 5161/6977/4775
f 6701/7698/5314 5456/5648/3860 4722/5650/3862 5160/6975/4773
f 6700/7696/5312 5457/5647/3859 5456/5648/3860 6701/7698/5314
f 6699/7697/5313 5458/5646/3858 5457/5647/3859 6700/7696/5312
f 5034/6667/4509 4675/5645/3857 5458/5646/3858 6699/7697/5313
f 5033/6673/4513 5034/6667/4509 6699/7697/5313 6696/7693/5309
f 5032/6672/4512 5033/6673/4513 6696/7693/5309 6693/7690/5306
f 6702/7699/5315 6705/7702/5318 6706/7701/5317 6703/7700/5316
f 6703/7700/5316 6706/7701/5317 6707/7704/5320 6704/7703/5319
f 6705/7702/5318 6708/7706/5322 6709/7705/5321 6706/7701/5317
f 6706/7701/5317 6709/7705/5321 6710/7707/5323 6707/7704/5320
f 4750/5937/4092 5461/7708/5324 6702/7699/5315 5462/5939/4094
f 5462/5939/4094 6702/7699/5315 6703/7700/5316 5463/5935/4090
f 5463/5935/4090 6703/7700/5316 6704/7703/5319 5464/5933/4088
f 5464/5933/4088 6704/7703/5319 5174/7012/4807 4737/5932/4087
f 6704/7703/5319 6707/7704/5320 5173/7030/4819 5174/7012/4807
f 6707/7704/5320 6710/7707/5323 5172/7028/4817 5173/7030/4819
f 6710/7707/5323 5465/7709/5325 4742/7029/4818 5172/7028/4817
f 6709/7705/5321 5466/7710/5326 5465/7709/5325 6710/7707/5323
f 6708/7706/5322 5467/7711/5327 5466/7710/5326 6709/7705/5321
f 5459/7712/5328 4752/7713/5329 5467/7711/5327 6708/7706/5322
f 5460/7714/5330 5459/7712/5328 6708/7706/5322 6705/7702/5318
f 5461/7708/5324 5460/7714/5330 6705/7702/5318 6702/7699/5315
f 6711/7715/5331 6714/7718/5334 6715/7717/5333 6712/7716/5332
f 6712/7716/5332 6715/7717/5333 6716/7720/5336 6713/7719/5335
f 6714/7718/5334 6717/7722/5338 6718/7721/5337 6715/7717/5333
f 6715/7717/5333 6718/7721/5337 6719/7723/5339 6716/7720/5336
f 4752/7724/5329 5470/7726/5340 6711/7715/5331 5467/7725/5327
f 5467/7725/5327 6711/7715/5331 6712/7716/5332 5466/7727/5326
f 5466/7727/5326 6712/7716/5332 6713/7719/5335 5465/7728/5325
f 5465/7728/5325 6713/7719/5335 5198/7062/4851 4742/7063/4818
f 6713/7719/5335 6716/7720/5336 5197/7061/4850 5198/7062/4851
f 6716/7720/5336 6719/7723/5339 5196/7059/4848 5197/7061/4850
f 6719/7723/5339 5471/5898/4053 4739/5896/4051 5196/7059/4848
f 6718/7721/5337 5472/5906/4061 5471/5898/4053 6719/7723/5339
f 6717/7722/5338 5473/5905/4060 5472/5906/4061 6718/7721/5337
f 5468/7729/5341 4751/5871/4031 5473/5905/4060 6717/7722/5338
f 5469/7730/5342 5468/7729/5341 6717/7722/5338 6714/7718/5334
f 5470/7726/5340 5469/7730/5342 6714/7718/5334 6711/7715/5331
f 6720/7731/5343 6723/7734/5345 6724/7733/5344 6721/7732/2342
f 6721/7732/2342 6724/7733/5344 6725/7736/5347 6722/7735/5346
f 6723/7734/5345 6726/7738/5349 6727/7737/5348 6724/7733/5344
f 6724/7733/5344 6727/7737/5348 6728/7739/5350 6725/7736/5347
f 4738/5831/3995 5187/7040/4829 6720/7731/5343 5474/5830/2356
f 5474/5830/2356 6720/7731/5343 6721/7732/2342 5475/5829/3492
f 5475/5829/3492 6721/7732/2342 6722/7735/5346 5476/5827/2334
f 5476/5827/2334 6722/7735/5346 5094/6816/4638 4700/5826/3993
f 6722/7735/5346 6725/7736/5347 5093/6829/4651 5094/6816/4638
f 6725/7736/5347 6728/7739/5350 5092/6827/4649 5093/6829/4651
f 6728/7739/5350 5477/7740/5351 4705/6828/4650 5092/6827/4649
f 6727/7737/5348 5478/7741/5352 5477/7740/5351 6728/7739/5350
f 6726/7738/5349 5479/7742/5353 5478/7741/5352 6727/7737/5348
f 5189/7043/4832 4741/7044/4833 5479/7742/5353 6726/7738/5349
f 5188/7042/4831 5189/7043/4832 6726/7738/5349 6723/7734/5345
f 5187/7040/4829 5188/7042/4831 6723/7734/5345 6720/7731/5343
f 6729/7743/5354 6732/7746/5357 6733/7745/5356 6730/7744/5355
f 6730/7744/5355 6733/7745/5356 6734/7748/5359 6731/7747/5358
f 6732/7746/5357 6735/7750/5361 6736/7749/5360 6733/7745/5356
f 6733/7745/5356 6736/7749/5360 6737/7751/5362 6734/7748/5359
f 4741/7044/4833 5193/7065/4852 6729/7743/5354 5479/7742/5353
f 5479/7742/5353 6729/7743/5354 6730/7744/5355 5478/7741/5352
f 5478/7741/5352 6730/7744/5355 6731/7747/5358 5477/7740/5351
f 5477/7740/5351 6731/7747/5358 5118/6866/4681 4705/6828/4650
f 6731/7747/5358 6734/7748/5359 5117/6865/4680 5118/6866/4681
f 6734/7748/5359 6737/7751/5362 5116/6863/4678 5117/6865/4680
f 6737/7751/5362 5480/5900/4055 4702/5901/4056 5116/6863/4678
f 6736/7749/5360 5481/5899/4054 5480/5900/4055 6737/7751/5362
f 6735/7750/5361 5482/5897/4052 5481/5899/4054 6736/7749/5360
f 5195/7060/4849 4739/5896/4051 5482/5897/4052 6735/7750/5361
f 5194/7066/4853 5195/7060/4849 6735/7750/5361 6732/7746/5357
f 5193/7065/4852 5194/7066/4853 6732/7746/5357 6729/7743/5354
f 6738/7752/5363 6741/7755/5366 6742/7754/5365 6739/7753/5364
f 6739/7753/5364 6742/7754/5365 6743/7757/5368 6740/7756/5367
f 6741/7755/5366 6744/7759/5370 6745/7758/5369 6742/7754/5365
f 6742/7754/5365 6745/7758/5369 6746/7760/5371 6743/7757/5368
f 4701/5571/3784 5107/6839/4660 6738/7752/5363 5483/5573/3786
f 5483/5573/3786 6738/7752/5363 6739/7753/5364 5484/5570/3783
f 5484/5570/3783 6739/7753/5364 6740/7756/5367 5485/5568/3781
f 5485/5568/3781 6740/7756/5367 5486/7761/5372 4712/5567/3780
f 6740/7756/5367 6743/7757/5368 5487/7762/5373 5486/7761/5372
f 6743/7757/5368 6746/7760/5371 5488/7763/5374 5487/7762/5373
f 6746/7760/5371 5489/7765/5376 4714/7764/5375 5488/7763/5374
f 6745/7758/5369 5490/7766/5377 5489/7765/5376 6746/7760/5371
f 6744/7759/5370 5491/7767/5378 5490/7766/5377 6745/7758/5369
f 5109/6842/4663 4704/6843/4664 5491/7767/5378 6744/7759/5370
f 5108/6841/4662 5109/6842/4663 6744/7759/5370 6741/7755/5366
f 5107/6839/4660 5108/6841/4662 6741/7755/5366 6738/7752/5363
f 6747/7768/5379 6750/7771/5382 6751/7770/5381 6748/7769/5380
f 6748/7769/5380 6751/7770/5381 6752/7773/5384 6749/7772/5383
f 6750/7771/5382 6753/7775/5386 6754/7774/5385 6751/7770/5381
f 6751/7770/5381 6754/7774/5385 6755/7776/5387 6752/7773/5384
f 4704/6869/4664 5113/6868/4682 6747/7768/5379 5491/7777/5378
f 5491/7777/5378 6747/7768/5379 6748/7769/5380 5490/7778/5377
f 5490/7778/5377 6748/7769/5380 6749/7772/5383 5489/7779/5376
f 5489/7779/5376 6749/7772/5383 5492/7781/5388 4714/7780/5375
f 6749/7772/5383 6752/7773/5384 5493/7782/5389 5492/7781/5388
f 6752/7773/5384 6755/7776/5387 5494/7783/5390 5493/7782/5389
f 6755/7776/5387 5495/5904/4059 4713/5876/4036 5494/7783/5390
f 6754/7774/5385 5496/5903/4058 5495/5904/4059 6755/7776/5387
f 6753/7775/5386 5497/5902/4057 5496/5903/4058 6754/7774/5385
f 5115/6864/4679 4702/5901/4056 5497/5902/4057 6753/7775/5386
f 5114/6870/4683 5115/6864/4679 6753/7775/5386 6750/7771/5382
f 5113/6868/4682 5114/6870/4683 6750/7771/5382 6747/7768/5379
f 6756/7784/5391 6759/7787/5394 6760/7786/5393 6757/7785/5392
f 6757/7785/5392 6760/7786/5393 6761/7789/5396 6758/7788/5395
f 6759/7787/5394 6762/7791/5398 6763/7790/5397 6760/7786/5393
f 6760/7786/5393 6763/7790/5397 6764/7792/5399 6761/7789/5396
f 4753/5941/4096 5500/7793/5400 6756/7784/5391 5501/5943/4098
f 5501/5943/4098 6756/7784/5391 6757/7785/5392 5502/5940/4095
f 5502/5940/4095 6757/7785/5392 6758/7788/5395 5503/5938/4093
f 5503/5938/4093 6758/7788/5395 5461/7708/5324 4750/5937/4092
f 6758/7788/5395 6761/7789/5396 5460/7714/5330 5461/7708/5324
f 6761/7789/5396 6764/7792/5399 5459/7712/5328 5460/7714/5330
f 6764/7792/5399 5504/7794/5401 4752/7713/5329 5459/7712/5328
f 6763/7790/5397 5505/7795/5402 5504/7794/5401 6764/7792/5399
f 6762/7791/5398 5506/7796/5403 5505/7795/5402 6763/7790/5397
f 5498/7797/5404 4755/7798/5405 5506/7796/5403 6762/7791/5398
f 5499/7799/5406 5498/7797/5404 6762/7791/5398 6759/7787/5394
f 5500/7793/5400 5499/7799/5406 6759/7787/5394 6756/7784/5391
f 6765/7800/5407 6768/7803/5410 6769/7802/5409 6766/7801/5408
f 6766/7801/5408 6769/7802/5409 6770/7805/5412 6767/7804/5411
f 6768/7803/5410 6771/7807/5414 6772/7806/5413 6769/7802/5409
f 6769/7802/5409 6772/7806/5413 6773/7808/5415 6770/7805/5412
f 4755/7809/5405 5509/7811/5416 6765/7800/5407 5506/7810/5403
f 5506/7810/5403 6765/7800/5407 6766/7801/5408 5505/7812/5402
f 5505/7812/5402 6766/7801/5408 6767/7804/5411 5504/7813/5401
f 5504/7813/5401 6767/7804/5411 5470/7726/5340 4752/7724/5329
f 6767/7804/5411 6770/7805/5412 5469/7730/5342 5470/7726/5340
f 6770/7805/5412 6773/7808/5415 5468/7729/5341 5469/7730/5342
f 6773/7808/5415 5510/5873/4033 4751/5871/4031 5468/7729/5341
f 6772/7806/5413 5511/5886/4041 5510/5873/4033 6773/7808/5415
f 6771/7807/5414 5512/5884/4040 5511/5886/4041 6772/7806/5413
f 5507/7814/5417 4754/5885/4011 5512/5884/4040 6771/7807/5414
f 5508/7815/5418 5507/7814/5417 6771/7807/5414 6768/7803/5410
f 5509/7811/5416 5508/7815/5418 6768/7803/5410 6765/7800/5407
f 6774/7816/5419 6777/7819/5422 6778/7818/5421 6775/7817/5420
f 6775/7817/5420 6778/7818/5421 6779/7821/5424 6776/7820/5423
f 6777/7819/5422 6780/7823/5426 6781/7822/5425 6778/7818/5421
f 6778/7818/5421 6781/7822/5425 6782/7824/5427 6779/7821/5424
f 4712/5567/3780 5486/7761/5372 6774/7816/5419 5513/5569/3782
f 5513/5569/3782 6774/7816/5419 6775/7817/5420 5514/5566/3779
f 5514/5566/3779 6775/7817/5420 6776/7820/5423 5515/5564/3777
f 5515/5564/3777 6776/7820/5423 5516/7825/5428 4709/5563/3776
f 6776/7820/5423 6779/7821/5424 5517/7826/5429 5516/7825/5428
f 6779/7821/5424 6782/7824/5427 5518/7827/5430 5517/7826/5429
f 6782/7824/5427 5519/7829/5432 4711/7828/5431 5518/7827/5430
f 6781/7822/5425 5520/7830/5433 5519/7829/5432 6782/7824/5427
f 6780/7823/5426 5521/7831/5434 5520/7830/5433 6781/7822/5425
f 5488/7763/5374 4714/7764/5375 5521/7831/5434 6780/7823/5426
f 5487/7762/5373 5488/7763/5374 6780/7823/5426 6777/7819/5422
f 5486/7761/5372 5487/7762/5373 6777/7819/5422 6774/7816/5419
f 6783/7832/5435 6786/7835/5438 6787/7834/5437 6784/7833/5436
f 6784/7833/5436 6787/7834/5437 6788/7837/5440 6785/7836/5439
f 6786/7835/5438 6789/7839/5442 6790/7838/5441 6787/7834/5437
f 6787/7834/5437 6790/7838/5441 6791/7840/5443 6788/7837/5440
f 4714/7780/5375 5492/7781/5388 6783/7832/5435 5521/7841/5434
f 5521/7841/5434 6783/7832/5435 6784/7833/5436 5520/7842/5433
f 5520/7842/5433 6784/7833/5436 6785/7836/5439 5519/7843/5432
f 5519/7843/5432 6785/7836/5439 5522/7845/5444 4711/7844/5431
f 6785/7836/5439 6788/7837/5440 5523/7846/5445 5522/7845/5444
f 6788/7837/5440 6791/7840/5443 5524/7847/5446 5523/7846/5445
f 6791/7840/5443 5525/5879/4039 4710/5880/4016 5524/7847/5446
f 6790/7838/5441 5526/5878/4038 5525/5879/4039 6791/7840/5443
f 6789/7839/5442 5527/5877/4037 5526/5878/4038 6790/7838/5441
f 5494/7783/5390 4713/5876/4036 5527/5877/4037 6789/7839/5442
f 5493/7782/5389 5494/7783/5390 6789/7839/5442 6786/7835/5438
f 5492/7781/5388 5493/7782/5389 6786/7835/5438 6783/7832/5435
f 6792/7848/5447 6795/7851/5450 6796/7850/5449 6793/7849/5448
f 6793/7849/5448 6796/7850/5449 6797/7853/5452 6794/7852/5451
f 6795/7851/5450 6798/7855/5454 6799/7854/5453 6796/7850/5449
f 6796/7850/5449 6799/7854/5453 6800/7856/5455 6797/7853/5452
f 4756/5945/4100 5530/7857/5456 6792/7848/5447 5531/5947/4102
f 5531/5947/4102 6792/7848/5447 6793/7849/5448 5532/5944/4099
f 5532/5944/4099 6793/7849/5448 6794/7852/5451 5533/5942/4097
f 5533/5942/4097 6794/7852/5451 5500/7793/5400 4753/5941/4096
f 6794/7852/5451 6797/7853/5452 5499/7799/5406 5500/7793/5400
f 6797/7853/5452 6800/7856/5455 5498/7797/5404 5499/7799/5406
f 6800/7856/5455 5534/7858/5457 4755/7798/5405 5498/7797/5404
f 6799/7854/5453 5535/7859/5458 5534/7858/5457 6800/7856/5455
f 6798/7855/5454 5536/7860/5459 5535/7859/5458 6799/7854/5453
f 5528/7861/5460 4758/7862/5461 5536/7860/5459 6798/7855/5454
f 5529/7863/5462 5528/7861/5460 6798/7855/5454 6795/7851/5450
f 5530/7857/5456 5529/7863/5462 6795/7851/5450 6792/7848/5447
f 6801/7864/5463 6804/7867/5466 6805/7866/5465 6802/7865/5464
f 6802/7865/5464 6805/7866/5465 6806/7869/5468 6803/7868/5467
f 6804/7867/5466 6807/7871/5470 6808/7870/5469 6805/7866/5465
f 6805/7866/5465 6808/7870/5469 6809/7872/5471 6806/7869/5468
f 4758/7873/5461 5539/7875/5472 6801/7864/5463 5536/7874/5459
f 5536/7874/5459 6801/7864/5463 6802/7865/5464 5535/7876/5458
f 5535/7876/5458 6802/7865/5464 6803/7868/5467 5534/7877/5457
f 5534/7877/5457 6803/7868/5467 5509/7879/5416 4755/7878/5405
f 6803/7868/5467 6806/7869/5468 5508/7880/5418 5509/7879/5416
f 6806/7869/5468 6809/7872/5471 5507/7881/5417 5508/7880/5418
f 6809/7872/5471 5540/5853/4013 4754/5851/4011 5507/7881/5417
f 6808/7870/5469 5541/5861/4021 5540/5853/4013 6809/7872/5471
f 6807/7871/5470 5542/5860/4020 5541/5861/4021 6808/7870/5469
f 5537/7882/5473 4757/5781/3956 5542/5860/4020 6807/7871/5470
f 5538/7883/5474 5537/7882/5473 6807/7871/5470 6804/7867/5466
f 5539/7875/5472 5538/7883/5474 6804/7867/5466 6801/7864/5463
f 6810/7884/5475 6813/7887/5478 6814/7886/5477 6811/7885/5476
f 6811/7885/5476 6814/7886/5477 6815/7889/5480 6812/7888/5479
f 6813/7887/5478 6816/7891/5482 6817/7890/5481 6814/7886/5477
f 6814/7886/5477 6817/7890/5481 6818/7892/5483 6815/7889/5480
f 4709/5563/3776 5516/7825/5428 6810/7884/5475 5543/5565/3778
f 5543/5565/3778 6810/7884/5475 6811/7885/5476 5544/5562/3775
f 5544/5562/3775 6811/7885/5476 6812/7888/5479 5545/5560/3773
f 5545/5560/3773 6812/7888/5479 5546/7893/5484 4706/5559/3772
f 6812/7888/5479 6815/7889/5480 5547/7894/5485 5546/7893/5484
f 6815/7889/5480 6818/7892/5483 5548/7895/5486 5547/7894/5485
f 6818/7892/5483 5549/7897/5488 4708/7896/5487 5548/7895/5486
f 6817/7890/5481 5550/7898/5489 5549/7897/5488 6818/7892/5483
f 6816/7891/5482 5551/7899/5490 5550/7898/5489 6817/7890/5481
f 5518/7827/5430 4711/7828/5431 5551/7899/5490 6816/7891/5482
f 5517/7826/5429 5518/7827/5430 6816/7891/5482 6813/7887/5478
f 5516/7825/5428 5517/7826/5429 6813/7887/5478 6810/7884/5475
f 6819/7900/5491 6822/7903/5494 6823/7902/5493 6820/7901/5492
f 6820/7901/5492 6823/7902/5493 6824/7905/5496 6821/7904/5495
f 6822/7903/5494 6825/7907/5498 6826/7906/5497 6823/7902/5493
f 6823/7902/5493 6826/7906/5497 6827/7908/5499 6824/7905/5496
f 4711/7909/5431 5522/7911/5444 6819/7900/5491 5551/7910/5490
f 5551/7910/5490 6819/7900/5491 6820/7901/5492 5550/7912/5489
f 5550/7912/5489 6820/7901/5492 6821/7904/5495 5549/7913/5488
f 5549/7913/5488 6821/7904/5495 5552/7915/5500 4708/7914/5487
f 6821/7904/5495 6824/7905/5496 5553/7916/5501 5552/7915/5500
f 6824/7905/5496 6827/7908/5499 5554/7917/5502 5553/7916/5501
f 6827/7908/5499 5555/5859/4019 4707/5786/3961 5554/7917/5502
f 6826/7906/5497 5556/5858/4018 5555/5859/4019 6827/7908/5499
f 6825/7907/5498 5557/5857/4017 5556/5858/4018 6826/7906/5497
f 5524/7918/5446 4710/5856/4016 5557/5857/4017 6825/7907/5498
f 5523/7919/5445 5524/7918/5446 6825/7907/5498 6822/7903/5494
f 5522/7911/5444 5523/7919/5445 6822/7903/5494 6819/7900/5491
f 6828/7920/5503 6831/7923/5506 6832/7922/5505 6829/7921/5504
f 6829/7921/5504 6832/7922/5505 6833/7925/5508 6830/7924/5507
f 6831/7923/5506 6834/7927/5510 6835/7926/5509 6832/7922/5505
f 6832/7922/5505 6835/7926/5509 6836/7928/5511 6833/7925/5508
f 4743/5949/4104 5202/7076/4863 6828/7920/5503 5558/5951/4106
f 5558/5951/4106 6828/7920/5503 6829/7921/5504 5559/5948/4103
f 5559/5948/4103 6829/7921/5504 6830/7924/5507 5560/5946/4101
f 5560/5946/4101 6830/7924/5507 5530/7857/5456 4756/5945/4100
f 6830/7924/5507 6833/7925/5508 5529/7863/5462 5530/7857/5456
f 6833/7925/5508 6836/7928/5511 5528/7861/5460 5529/7863/5462
f 6836/7928/5511 5561/7929/5512 4758/7862/5461 5528/7861/5460
f 6835/7926/5509 5562/7930/5513 5561/7929/5512 6836/7928/5511
f 6834/7927/5510 5563/7931/5514 5562/7930/5513 6835/7926/5509
f 5204/7079/4866 4746/7080/4867 5563/7931/5514 6834/7927/5510
f 5203/7078/4865 5204/7079/4866 6834/7927/5510 6831/7923/5506
f 5202/7076/4863 5203/7078/4865 6831/7923/5506 6828/7920/5503
f 6837/7932/5515 6840/7935/5518 6841/7934/5517 6838/7933/5516
f 6838/7933/5516 6841/7934/5517 6842/7937/5520 6839/7936/5519
f 6840/7935/5518 6843/7939/5522 6844/7938/5521 6841/7934/5517
f 6841/7934/5517 6844/7938/5521 6845/7940/5523 6842/7937/5520
f 4746/7114/4867 5210/7113/4894 6837/7932/5515 5563/7941/5514
f 5563/7941/5514 6837/7932/5515 6838/7933/5516 5562/7942/5513
f 5562/7942/5513 6838/7933/5516 6839/7936/5519 5561/7943/5512
f 5561/7943/5512 6839/7936/5519 5539/7875/5472 4758/7873/5461
f 6839/7936/5519 6842/7937/5520 5538/7883/5474 5539/7875/5472
f 6842/7937/5520 6845/7940/5523 5537/7882/5473 5538/7883/5474
f 6845/7940/5523 5564/5783/3958 4757/5781/3956 5537/7882/5473
f 6844/7938/5521 5565/5796/3971 5564/5783/3958 6845/7940/5523
f 6843/7939/5522 5566/5794/3969 5565/5796/3971 6844/7938/5521
f 5212/7105/4887 4744/5795/3970 5566/5794/3969 6843/7939/5522
f 5211/7115/4895 5212/7105/4887 6843/7939/5522 6840/7935/5518
f 5210/7113/4894 5211/7115/4895 6840/7935/5518 6837/7932/5515
f 6846/7944/5524 6849/7947/5527 6850/7946/5526 6847/7945/5525
f 6847/7945/5525 6850/7946/5526 6851/7949/5529 6848/7948/5528
f 6849/7947/5527 6852/7951/5531 6853/7950/5530 6850/7946/5526
f 6850/7946/5526 6853/7950/5530 6854/7952/5532 6851/7949/5529
f 4706/5559/3772 5546/7893/5484 6846/7944/5524 5567/5561/3774
f 5567/5561/3774 6846/7944/5524 6847/7945/5525 5568/5557/3770
f 5568/5557/3770 6847/7945/5525 6848/7948/5528 5569/5555/3768
f 5569/5555/3768 6848/7948/5528 5067/6750/4581 4694/5554/3767
f 6848/7948/5528 6851/7949/5529 5066/6767/4593 5067/6750/4581
f 6851/7949/5529 6854/7952/5532 5065/6765/4591 5066/6767/4593
f 6854/7952/5532 5570/7953/5533 4699/6766/4592 5065/6765/4591
f 6853/7950/5530 5571/7954/5534 5570/7953/5533 6854/7952/5532
f 6852/7951/5531 5572/7955/5535 5571/7954/5534 6853/7950/5530
f 5548/7895/5486 4708/7896/5487 5572/7955/5535 6852/7951/5531
f 5547/7894/5485 5548/7895/5486 6852/7951/5531 6849/7947/5527
f 5546/7893/5484 5547/7894/5485 6849/7947/5527 6846/7944/5524
f 6855/7956/5536 6858/7959/5539 6859/7958/5538 6856/7957/5537
f 6856/7957/5537 6859/7958/5538 6860/7961/5541 6857/7960/5540
f 6858/7959/5539 6861/7963/5543 6862/7962/5542 6859/7958/5538
f 6859/7958/5538 6862/7962/5542 6863/7964/5544 6860/7961/5541
f 4708/7914/5487 5552/7915/5500 6855/7956/5536 5572/7965/5535
f 5572/7965/5535 6855/7956/5536 6856/7957/5537 5571/7966/5534
f 5571/7966/5534 6856/7957/5537 6857/7960/5540 5570/7967/5533
f 5570/7967/5533 6857/7960/5540 5091/6801/4625 4699/6802/4592
f 6857/7960/5540 6860/7961/5541 5090/6800/4624 5091/6801/4625
f 6860/7961/5541 6863/7964/5544 5089/6798/4622 5090/6800/4624
f 6863/7964/5544 5573/5789/3964 4696/5790/3965 5089/6798/4622
f 6862/7962/5542 5574/5788/3963 5573/5789/3964 6863/7964/5544
f 6861/7963/5543 5575/5787/3962 5574/5788/3963 6862/7962/5542
f 5554/7917/5502 4707/5786/3961 5575/5787/3962 6861/7963/5543
f 5553/7916/5501 5554/7917/5502 6861/7963/5543 6858/7959/5539
f 5552/7915/5500 5553/7916/5501 6858/7959/5539 6855/7956/5536
f 6864/7968/5545 6867/7971/5548 6868/7970/5547 6865/7969/5546
f 6865/7969/5546 6868/7970/5547 6869/7973/5550 6866/7972/5549
f 6867/7971/5548 6870/7975/5552 6871/7974/5551 6868/7970/5547
f 6868/7970/5547 6871/7974/5551 6872/7976/5553 6869/7973/5550
f 4695/5625/3837 5080/6777/4603 6864/7968/5545 5576/5623/3835
f 5576/5623/3835 6864/7968/5545 6865/7969/5546 5577/5622/3834
f 5577/5622/3834 6865/7969/5546 6866/7972/5549 5578/5621/3833
f 5578/5621/3833 6866/7972/5549 5221/7126/4906 4745/5620/3832
f 6866/7972/5549 6869/7973/5550 5220/7132/4910 5221/7126/4906
f 6869/7973/5550 6872/7976/5553 5219/7131/4909 5220/7132/4910
f 6872/7976/5553 5579/7977/5554 4748/7108/4890 5219/7131/4909
f 6871/7974/5551 5580/7978/5555 5579/7977/5554 6872/7976/5553
f 6870/7975/5552 5581/7979/5556 5580/7978/5555 6871/7974/5551
f 5082/6780/4606 4698/6781/4607 5581/7979/5556 6870/7975/5552
f 5081/6779/4605 5082/6780/4606 6870/7975/5552 6867/7971/5548
f 5080/6777/4603 5081/6779/4605 6867/7971/5548 6864/7968/5545
f 6873/7980/5557 6876/7983/5560 6877/7982/5559 6874/7981/5558
f 6874/7981/5558 6877/7982/5559 6878/7985/5562 6875/7984/5561
f 6876/7983/5560 6879/7987/5564 6880/7986/5563 6877/7982/5559
f 6877/7982/5559 6880/7986/5563 6881/7988/5565 6878/7985/5562
f 4698/6781/4607 5086/6804/4626 6873/7980/5557 5581/7979/5556
f 5581/7979/5556 6873/7980/5557 6874/7981/5558 5580/7978/5555
f 5580/7978/5555 6874/7981/5558 6875/7984/5561 5579/7977/5554
f 5579/7977/5554 6875/7984/5561 5215/7107/4889 4748/7108/4890
f 6875/7984/5561 6878/7985/5562 5214/7106/4888 5215/7107/4889
f 6878/7985/5562 6881/7988/5565 5213/7104/4886 5214/7106/4888
f 6881/7988/5565 5582/5793/3968 4744/5795/3970 5213/7104/4886
f 6880/7986/5563 5583/5792/3967 5582/5793/3968 6881/7988/5565
f 6879/7987/5564 5584/5791/3966 5583/5792/3967 6880/7986/5563
f 5088/6799/4623 4696/5790/3965 5584/5791/3966 6879/7987/5564
f 5087/6805/4627 5088/6799/4623 6879/7987/5564 6876/7983/5560
f 5086/6804/4626 5087/6805/4627 6876/7983/5560 6873/7980/5557
f 6882/7989/5566 6885/7992/5569 6886/7991/5568 6883/7990/5567
f 6883/7990/5567 6886/7991/5568 6887/7994/5571 6884/7993/5570
f 6885/7992/5569 6888/7996/5573 6889/7995/5572 6886/7991/5568
f 6886/7991/5568 6889/7995/5572 6890/7997/5574 6887/7994/5571
f 4649/5595/3808 4936/6410/4297 6882/7989/5566 5585/5597/3810
f 5585/5597/3810 6882/7989/5566 6883/7990/5567 5586/5594/3807
f 5586/5594/3807 6883/7990/5567 6884/7993/5570 5587/5592/3805
f 5587/5592/3805 6884/7993/5570 5052/6708/4548 4680/5591/3804
f 6884/7993/5570 6887/7994/5571 5051/6722/4555 5052/6708/4548
f 6887/7994/5571 6890/7997/5574 5050/6720/4554 5051/6722/4555
f 6890/7997/5574 5588/7998/5575 4682/6721/4527 5050/6720/4554
f 6889/7995/5572 5589/7999/5576 5588/7998/5575 6890/7997/5574
f 6888/7996/5573 5590/8000/5577 5589/7999/5576 6889/7995/5572
f 4938/6413/4300 4654/6414/4248 5590/8000/5577 6888/7996/5573
f 4937/6412/4299 4938/6413/4300 6888/7996/5573 6885/7992/5569
f 4936/6410/4297 4937/6412/4299 6885/7992/5569 6882/7989/5566
f 6891/8001/5578 6894/8004/5581 6895/8003/5580 6892/8002/5579
f 6892/8002/5579 6895/8003/5580 6896/8006/5583 6893/8005/5582
f 6894/8004/5581 6897/8008/5585 6898/8007/5584 6895/8003/5580
f 6895/8003/5580 6898/8007/5584 6899/8009/5586 6896/8006/5583
f 4654/6359/4248 4903/6358/4247 6891/8001/5578 5590/8010/5577
f 5590/8010/5577 6891/8001/5578 6892/8002/5579 5589/8011/5576
f 5589/8011/5576 6892/8002/5579 6893/8005/5582 5588/8012/5575
f 5588/8012/5575 6893/8005/5582 5043/6686/4526 4682/6687/4527
f 6893/8005/5582 6896/8006/5583 5042/6685/4525 5043/6686/4526
f 6896/8006/5583 6899/8009/5586 5041/6683/4523 5042/6685/4525
f 6899/8009/5586 5591/5738/3913 4679/5736/3911 5041/6683/4523
f 6898/8007/5584 5592/5751/3926 5591/5738/3913 6899/8009/5586
f 6897/8008/5585 5593/5749/3924 5592/5751/3926 6898/8007/5584
f 4905/6343/4236 4646/5750/3925 5593/5749/3924 6897/8008/5585
f 4904/6360/4249 4905/6343/4236 6897/8008/5585 6894/8004/5581
f 4903/6358/4247 4904/6360/4249 6894/8004/5581 6891/8001/5578
f 6900/8013/5587 6903/8016/5590 6904/8015/5589 6901/8014/5588
f 6901/8014/5588 6904/8015/5589 6905/8018/5592 6902/8017/5591
f 6903/8016/5590 6906/8020/5594 6907/8019/5593 6904/8015/5589
f 6904/8015/5589 6907/8019/5593 6908/8021/5595 6905/8018/5592
f 4715/5961/4116 5122/6880/4693 6900/8013/5587 5594/5963/4118
f 5594/5963/4118 6900/8013/5587 6901/8014/5588 5595/5960/4115
f 5595/5960/4115 6901/8014/5588 6902/8017/5591 5596/5958/4113
f 5596/5958/4113 6902/8017/5591 4881/6279/4183 4638/5957/4112
f 6902/8017/5591 6905/8018/5592 4880/6292/4191 4881/6279/4183
f 6905/8018/5592 6908/8021/5595 4879/6290/4190 4880/6292/4191
f 6908/8021/5595 5597/8022/5596 4641/6291/4162 4879/6290/4190
f 6907/8019/5593 5598/8023/5597 5597/8022/5596 6908/8021/5595
f 6906/8020/5594 5599/8024/5598 5598/8023/5597 6907/8019/5593
f 5124/6883/4696 4718/6884/4697 5599/8024/5598 6906/8020/5594
f 5123/6882/4695 5124/6883/4696 6906/8020/5594 6903/8016/5590
f 5122/6880/4693 5123/6882/4695 6903/8016/5590 6900/8013/5587
f 6909/8025/5599 6912/8028/5602 6913/8027/5601 6910/8026/5600
f 6910/8026/5600 6913/8027/5601 6914/8030/5604 6911/8029/5603
f 6912/8028/5602 6915/8032/5606 6916/8031/5605 6913/8027/5601
f 6913/8027/5601 6916/8031/5605 6917/8033/5607 6914/8030/5604
f 4718/6918/4697 5131/6917/4724 6909/8025/5599 5599/8034/5598
f 5599/8034/5598 6909/8025/5599 6910/8026/5600 5598/8035/5597
f 5598/8035/5597 6910/8026/5600 6911/8029/5603 5597/8036/5596
f 5597/8036/5596 6911/8029/5603 4872/6253/4161 4641/6254/4162
f 6911/8029/5603 6914/8030/5604 4871/6252/4160 4872/6253/4161
f 6914/8030/5604 6917/8033/5607 4870/6250/4158 4871/6252/4160
f 6917/8033/5607 5600/5744/3919 4637/5745/3920 4870/6250/4158
f 6916/8031/5605 5601/5743/3918 5600/5744/3919 6917/8033/5607
f 6915/8032/5606 5602/5742/3917 5601/5743/3918 6916/8031/5605
f 5133/6909/4717 4716/5741/3916 5602/5742/3917 6915/8032/5606
f 5132/6919/4725 5133/6909/4717 6915/8032/5606 6912/8028/5602
f 5131/6917/4724 5132/6919/4725 6912/8028/5602 6909/8025/5599
f 6918/8037/5608 6921/8040/5611 6922/8039/5610 6919/8038/5609
f 6919/8038/5609 6922/8039/5610 6923/8042/5613 6920/8041/5612
f 6921/8040/5611 6924/8044/5615 6925/8043/5614 6922/8039/5610
f 6922/8039/5610 6925/8043/5614 6926/8045/5616 6923/8042/5613
f 4658/5611/3823 4972/6501/4374 6918/8037/5608 5603/5613/3825
f 5603/5613/3825 6918/8037/5608 6919/8038/5609 5604/5626/3838
f 5604/5626/3838 6919/8038/5609 6920/8041/5612 5605/5624/3836
f 5605/5624/3836 6920/8041/5612 5079/6778/4604 4695/5625/3837
f 6920/8041/5612 6923/8042/5613 5078/6788/4612 5079/6778/4604
f 6923/8042/5613 6926/8045/5616 5077/6786/4611 5078/6788/4612
f 6926/8045/5616 5606/8046/5617 4697/6787/4584 5077/6786/4611
f 6925/8043/5614 5607/8047/5618 5606/8046/5617 6926/8045/5616
f 6924/8044/5615 5608/8048/5619 5607/8047/5618 6925/8043/5614
f 4974/6504/4377 4663/6505/4325 5608/8048/5619 6924/8044/5615
f 4973/6503/4376 4974/6504/4377 6924/8044/5615 6921/8040/5611
f 4972/6501/4374 4973/6503/4376 6921/8040/5611 6918/8037/5608
f 6927/8049/5620 6930/8052/5623 6931/8051/5622 6928/8050/5621
f 6928/8050/5621 6931/8051/5622 6932/8054/5625 6929/8053/5624
f 6930/8052/5623 6933/8056/5627 6934/8055/5626 6931/8051/5622
f 6931/8051/5622 6934/8055/5626 6935/8057/5628 6932/8054/5625
f 4663/6447/4325 4939/6446/4324 6927/8049/5620 5608/8058/5619
f 5608/8058/5619 6927/8049/5620 6928/8050/5621 5607/8059/5618
f 5607/8059/5618 6928/8050/5621 6929/8053/5624 5606/8060/5617
f 5606/8060/5617 6929/8053/5624 5070/6752/4583 4697/6753/4584
f 6929/8053/5624 6932/8054/5625 5069/6751/4582 5070/6752/4583
f 6932/8054/5625 6935/8057/5628 5068/6749/4580 5069/6751/4582
f 6935/8057/5628 5609/5556/3769 4694/5554/3767 5068/6749/4580
f 6934/8055/5626 5610/5558/3771 5609/5556/3769 6935/8057/5628
f 6933/8056/5627 5611/5600/3813 5610/5558/3771 6934/8055/5626
f 4941/6435/4313 4655/5599/3812 5611/5600/3813 6933/8056/5627
f 4940/6448/4326 4941/6435/4313 6933/8056/5627 6930/8052/5623
f 4939/6446/4324 4940/6448/4326 6930/8052/5623 6927/8049/5620
f 6936/8061/5629 6939/8064/5631 6940/8063/5630 6937/8062/5629
f 6937/8062/5629 6940/8063/5630 6941/8066/5631 6938/8065/5629
f 6939/8064/5631 6942/8068/5633 6943/8067/5632 6940/8063/5630
f 6940/8063/5630 6943/8067/5632 6944/8069/5634 6941/8066/5631
f 4700/5826/3993 5095/6815/4637 6936/8061/5629 5612/5828/3994
f 5612/5828/3994 6936/8061/5629 6937/8062/5629 5613/5841/4001
f 5613/5841/4001 6937/8062/5629 6938/8065/5629 5614/5839/3462
f 5614/5839/3462 6938/8065/5629 5025/6648/4490 4674/5840/4000
f 6938/8065/5629 6941/8066/5631 5024/6656/4498 5025/6648/4490
f 6941/8066/5631 6944/8069/5634 5023/6655/4497 5024/6656/4498
f 6944/8069/5634 5615/8070/5635 4676/6623/4470 5023/6655/4497
f 6943/8067/5632 5616/8071/5636 5615/8070/5635 6944/8069/5634
f 6942/8068/5633 5617/8072/5637 5616/8071/5636 6943/8067/5632
f 5097/6818/4640 4703/6819/4641 5617/8072/5637 6942/8068/5633
f 5096/6817/4639 5097/6818/4640 6942/8068/5633 6939/8064/5631
f 5095/6815/4637 5096/6817/4639 6939/8064/5631 6936/8061/5629
f 6945/8073/5638 6948/8076/5641 6949/8075/5640 6946/8074/5639
f 6946/8074/5639 6949/8075/5640 6950/8078/5643 6947/8077/5642
f 6948/8076/5641 6951/8080/5645 6952/8079/5644 6949/8075/5640
f 6949/8075/5640 6952/8079/5644 6953/8081/5646 6950/8078/5643
f 4703/6819/4641 5104/6851/4667 6945/8082/5638 5617/8072/5637
f 5617/8072/5637 6945/8082/5638 6946/8083/5639 5616/8071/5636
f 5616/8071/5636 6946/8083/5639 6947/8084/5642 5615/8070/5635
f 5615/8070/5635 6947/8084/5642 5016/6622/4469 4676/6623/4470
f 6947/8077/5642 6950/8078/5643 5015/6620/4468 5016/6621/4469
f 6950/8078/5643 6953/8081/5646 5014/6618/4466 5015/6620/4468
f 6953/8081/5646 5618/5577/3790 4673/5575/3788 5014/6618/4466
f 6952/8079/5644 5619/5574/3787 5618/5577/3790 6953/8081/5646
f 6951/8080/5645 5620/5572/3785 5619/5574/3787 6952/8079/5644
f 5106/6840/4661 4701/5571/3784 5620/5572/3785 6951/8080/5645
f 5105/6852/4668 5106/6840/4661 6951/8080/5645 6948/8076/5641
f 5104/6853/4667 5105/6852/4668 6948/8076/5641 6945/8073/5638
f 6954/8085/5647 6957/8088/5650 6958/8087/5649 6955/8086/5648
f 6955/8086/5648 6958/8087/5649 6959/8090/5652 6956/8089/5651
f 6957/8088/5650 6960/8092/5654 6961/8091/5653 6958/8087/5649
f 6958/8087/5649 6961/8091/5653 6962/8093/5655 6959/8090/5652
f 4737/5932/4087 5175/7011/4806 6954/8085/5647 5621/5934/4089
f 5621/5934/4089 6954/8085/5647 6955/8086/5648 5622/5936/4091
f 5622/5936/4091 6955/8086/5648 6956/8089/5651 5623/5978/4133
f 5623/5978/4133 6956/8089/5651 5148/6947/4751 4721/5977/4132
f 6956/8089/5651 6959/8090/5652 5147/6964/4763 5148/6947/4751
f 6959/8090/5652 6962/8093/5655 5146/6965/4761 5147/6964/4763
f 6962/8094/5655 5624/8095/5656 4727/6963/4762 5146/6962/4761
f 6961/8096/5653 5625/8097/5657 5624/8095/5656 6962/8094/5655
f 6960/8098/5654 5626/8099/5658 5625/8097/5657 6961/8096/5653
f 5177/7015/4809 4740/7016/4810 5626/8099/5658 6960/8098/5654
f 5176/7013/4808 5177/7014/4809 6960/8092/5654 6957/8088/5650
f 5175/7011/4806 5176/7013/4808 6957/8088/5650 6954/8085/5647
f 6963/8100/5659 6966/8103/5662 6967/8102/5661 6964/8101/5660
f 6964/8101/5660 6967/8102/5661 6968/8105/5662 6965/8104/5663
f 6966/8103/5662 6969/8107/5664 6970/8106/5664 6967/8102/5661
f 6967/8102/5661 6970/8106/5664 6971/8108/5664 6968/8105/5662
f 4740/7016/4810 5184/7048/4837 6963/8100/5659 5626/8099/5658
f 5626/8099/5658 6963/8100/5659 6964/8101/5660 5625/8097/5657
f 5625/8097/5657 6964/8101/5660 6965/8104/5663 5624/8095/5656
f 5624/8095/5656 6965/8104/5663 5171/6999/4795 4727/6963/4762
f 6965/8104/5663 6968/8105/5662 5170/6998/4794 5171/6999/4795
f 6968/8105/5662 6971/8108/5664 5169/6996/4792 5170/6998/4794
f 6971/8108/5664 5627/5834/3439 4723/5835/3998 5169/6996/4792
f 6970/8106/5664 5628/5833/3997 5627/5834/3439 6971/8108/5664
f 6969/8107/5664 5629/5832/3996 5628/5833/3997 6970/8106/5664
f 5186/7041/4830 4738/5831/3995 5629/5832/3996 6969/8107/5664
f 5185/7049/4838 5186/7041/4830 6969/8107/5664 6966/8103/5662
f 5184/7048/4837 5185/7049/4838 6966/8103/5662 6963/8100/5659
f 6972/8109/5665 6975/8112/5668 6976/8111/5667 6973/8110/5666
f 6973/8110/5666 6976/8111/5667 6977/8114/5670 6974/8113/5669
f 6975/8112/5668 6978/8116/5672 6979/8115/5671 6976/8111/5667
f 6976/8111/5667 6979/8115/5671 6980/8117/5673 6977/8114/5670
f 4667/5953/4108 5008/6594/4451 6972/8109/5665 5630/5955/4110
f 5630/5955/4110 6972/8109/5665 6973/8110/5666 5631/5952/4107
f 5631/5952/4107 6973/8110/5666 6974/8113/5669 5632/5950/4105
f 5632/5950/4105 6974/8113/5669 5201/7077/4864 4743/5949/4104
f 6974/8113/5669 6977/8114/5670 5200/7094/4876 5201/7077/4864
f 6977/8114/5670 6980/8117/5673 5199/7092/4874 5200/7094/4876
f 6980/8117/5673 5633/8118/5674 4749/7093/4875 5199/7092/4874
f 6979/8115/5671 5634/8119/5675 5633/8118/5674 6980/8117/5673
f 6978/8116/5672 5635/8120/5676 5634/8119/5675 6979/8115/5671
f 5010/6597/4454 4672/6598/4402 5635/8120/5676 6978/8116/5672
f 5009/6596/4453 5010/6597/4454 6978/8116/5672 6975/8112/5668
f 5008/6594/4451 5009/6596/4453 6975/8112/5668 6972/8109/5665
f 6981/8121/5677 6984/8124/5680 6985/8123/5679 6982/8122/5678
f 6982/8122/5678 6985/8123/5679 6986/8126/5682 6983/8125/5681
f 6984/8124/5680 6987/8128/5684 6988/8127/5683 6985/8123/5679
f 6985/8123/5679 6988/8127/5683 6989/8129/5685 6986/8126/5682
f 4672/6542/4402 4975/6541/4401 6981/8121/5677 5635/8130/5676
f 5635/8130/5676 6981/8121/5677 6982/8122/5678 5634/8131/5675
f 5634/8131/5675 6982/8122/5678 6983/8125/5681 5633/8132/5674
f 5633/8132/5674 6983/8125/5681 5224/7128/4908 4749/7129/4875
f 6983/8125/5681 6986/8126/5682 5223/7127/4907 5224/7128/4908
f 6986/8126/5682 6989/8129/5685 5222/7125/4905 5223/7127/4907
f 6989/8129/5685 5636/5619/3831 4745/5620/3832 5222/7125/4905
f 6988/8127/5683 5637/5618/3830 5636/5619/3831 6989/8129/5685
f 6987/8128/5684 5638/5617/3829 5637/5618/3830 6988/8127/5683
f 4977/6527/4390 4664/5616/3828 5638/5617/3829 6987/8128/5684
f 4976/6543/4403 4977/6527/4390 6987/8128/5684 6984/8124/5680
f 4975/6541/4401 4976/6543/4403 6984/8124/5680 6981/8121/5677
f 6990/8133/3171 6993/8136/3171 6994/8135/3171 6991/8134/3171
f 6991/8134/3171 6994/8135/3171 6995/8138/3171 6992/8137/3171
f 6993/8136/3171 6996/8140/3171 6997/8139/3171 6994/8135/3171
f 6994/8135/3171 6997/8139/3171 6998/8141/3171 6995/8138/3171
f 4632/6234/3171 5261/7238/3171 6990/8133/3171 5296/7324/3171
f 5296/7324/3171 6990/8133/3171 6991/8134/3171 5295/7323/3171
f 5295/7323/3171 6991/8134/3171 6992/8137/3171 5294/7322/3171
f 5294/7322/3171 6992/8137/3171 5281/7288/3171 4624/6156/3171
f 6992/8137/3171 6995/8138/3171 5280/7287/3171 5281/7288/3171
f 6995/8138/3171 6998/8141/3171 5279/7286/3171 5280/7287/3171
f 6998/8141/3171 5278/7276/3171 4610/6038/3171 5279/7286/3171
f 6997/8139/3171 5277/7275/3171 5278/7276/3171 6998/8141/3171
f 6996/8140/3171 5276/7274/3171 5277/7275/3171 6997/8139/3171
f 5263/7240/3171 4617/6097/3171 5276/7274/3171 6996/8140/3171
f 5262/7239/3171 5263/7240/3171 6996/8140/3171 6993/8136/3171
f 5261/7238/3171 5262/7239/3171 6993/8136/3171 6990/8133/3171
