# Blender 4.2.2 LTS
# www.blender.org
mtllib cheese.mtl
o poct_cheese_body
v 0.009991 2.631114 4.717799
v 0.085764 2.630971 4.717952
v 0.222959 2.630971 4.717956
v 0.397964 2.631159 4.717952
v 0.501358 2.631444 4.717799
v 0.008062 2.681782 4.717257
v 0.103010 2.681782 4.718150
v 0.395063 2.685044 4.718150
v 0.502056 2.680768 4.717952
v 0.009539 2.744020 4.717851
v 0.193011 2.743179 4.718150
v 0.395031 2.699522 4.718150
v 0.503234 2.715493 4.717952
v 0.010838 2.807811 4.716260
v 0.109854 2.815850 4.718150
v 0.500885 2.813401 4.717952
v 0.009973 2.865737 4.717709
v 0.041353 2.848783 4.718133
v 0.258598 2.841903 4.718150
v 0.501698 2.865893 4.717952
v 0.042311 2.630971 4.717952
v 0.045018 2.681782 4.718070
v 0.046182 2.743898 4.718136
v 0.107843 2.839444 4.718150
v 0.147109 2.681782 4.718150
v 0.144486 2.630971 4.717952
v 0.127580 2.851784 4.718150
v 0.347712 2.631027 4.717952
v 0.349008 2.853799 4.718150
v 0.296199 2.630978 4.717983
v 0.343592 2.719957 4.718150
v 0.346455 2.823500 4.718150
v 0.371455 2.631093 4.717952
v 0.382194 2.684802 4.718150
v 0.009594 2.881850 4.717799
v 0.068282 2.882187 4.717952
v 0.268041 2.882264 4.717952
v 0.501358 2.881493 4.717799
v 0.103587 2.882191 4.717952
v 0.125947 2.882194 4.717952
v 0.378939 2.882271 4.717952
v 0.346788 2.882215 4.717952
v 0.424167 2.882281 4.717952
v 0.422138 2.811928 4.718150
v 0.404270 2.803892 4.718150
v 0.368999 2.838645 4.718150
v 0.384477 2.850732 4.718150
v 0.381075 2.804865 4.718150
v 0.368485 2.820356 4.718150
v 0.406271 2.853431 4.718150
v 0.424476 2.846625 4.718150
v 0.306299 2.857107 4.718150
v 0.321037 2.631013 4.717956
v 0.310055 2.681720 4.718150
v 0.308068 2.824539 4.718150
v 0.306146 2.882233 4.717952
v 0.009865 2.776368 4.717709
v 0.223608 2.776094 4.718150
v 0.501893 2.780107 4.717952
v 0.137555 2.782119 4.718150
v 0.353827 2.779120 4.718150
v 0.406764 2.779860 4.718150
v 0.378678 2.779659 4.718150
v 0.272123 2.718442 4.718150
v 0.252382 2.740820 4.718150
v 0.340343 2.749019 4.718150
v 0.299920 2.712998 4.718150
v 0.258500 2.772450 4.718150
v 0.283706 2.791732 4.718150
v 0.315950 2.795713 4.718150
v 0.336504 2.778651 4.718150
v 0.009556 2.652254 4.717851
v 0.045188 2.652254 4.718136
v 0.222041 2.651104 4.718150
v 0.302335 2.651872 4.718150
v 0.501861 2.656215 4.717952
v 0.103073 2.652254 4.718150
v 0.147481 2.652254 4.718150
v 0.372025 2.662983 4.718150
v 0.347709 2.654064 4.718150
v 0.401219 2.669727 4.718150
v 0.321158 2.655854 4.718150
v 0.369569 2.719798 4.718150
v 0.382441 2.703691 4.718150
v 0.322548 2.726534 4.718150
v 0.322927 2.707349 4.718150
v 0.359740 2.750625 4.718150
v 0.384967 2.750141 4.718150
v 0.411381 2.751073 4.718150
v 0.503234 2.750329 4.717952
v 0.230011 2.671651 4.718150
v 0.254338 2.686757 4.718150
v 0.280319 2.685614 4.718150
v 0.297436 2.672450 4.718150
v 0.457308 2.695478 4.718150
v 0.452787 2.631187 4.717952
v 0.463443 2.882240 4.717952
v 0.466274 2.817320 4.718150
v 0.465135 2.856878 4.718150
v 0.464798 2.781042 4.718150
v 0.461869 2.750934 4.718150
v 0.435503 2.783651 4.718150
v 0.435514 2.751493 4.718150
v 0.432074 2.727892 4.718150
v 0.418611 2.666506 4.718150
v 0.424121 2.631159 4.717952
v 0.447545 2.725464 4.718150
v 0.457645 2.712443 4.718150
v 0.416579 2.724984 4.718150
v 0.400073 2.715107 4.718150
v 0.451457 2.681747 4.718150
v 0.436427 2.670574 4.718150
v 0.023273 2.806007 4.717956
v 0.026674 2.827972 4.717956
v 0.054148 2.770143 4.718150
v 0.031138 2.783380 4.718122
v 0.102103 2.793688 4.718150
v 0.083527 2.775236 4.718150
v 0.010887 2.834823 4.716260
v 0.092108 2.854338 4.718150
v 0.067833 2.855415 4.718150
v 0.214183 2.757973 4.718150
v 0.201203 2.813648 4.718150
v 0.220756 2.799497 4.718150
v 0.161461 2.743513 4.718150
v 0.141178 2.758654 4.718150
v 0.147699 2.801619 4.718150
v 0.172464 2.816444 4.718150
v 0.430069 2.830866 4.718150
v 0.177675 2.882254 4.717956
v 0.173715 2.861342 4.718150
v 0.207266 2.827225 4.718150
v 0.235574 2.829010 4.718150
v 0.269743 2.862131 4.718150
v 0.274437 2.819456 4.718150
v 0.246038 2.808071 4.718150
v 0.182859 2.838593 4.718150
v 0.146327 2.829448 4.718150
v 0.129303 2.809183 4.718150
v 0.119235 2.785958 4.718150
v 0.103434 2.748616 4.718150
v 0.160228 2.842515 4.718150
v 0.152424 2.860220 4.718150
v 0.152890 2.882243 4.717952
v 0.191183 2.683349 4.718150
v 0.188247 2.652098 4.718150
v 0.187615 2.630971 4.717952
v 0.228500 2.650622 4.718126
v 0.229515 2.630992 4.717948
v 0.298089 2.650924 4.718126
v 0.294195 2.670095 4.718129
v 0.277192 2.680079 4.718126
v 0.255915 2.679444 4.718126
v 0.236512 2.669039 4.718129
v 0.398884 2.698340 4.718133
v 0.398923 2.685621 4.718133
v 0.405371 2.675469 4.718133
v 0.417837 2.673034 4.718133
v 0.432744 2.677405 4.718133
v 0.443737 2.686625 4.718133
v 0.449761 2.697816 4.718133
v 0.450164 2.711098 4.718133
v 0.443716 2.720468 4.718133
v 0.431501 2.722723 4.718133
v 0.418128 2.719551 4.718133
v 0.405774 2.710150 4.718133
v 0.089749 2.849457 4.718140
v 0.068021 2.850453 4.718140
v 0.046032 2.842887 4.718140
v 0.030350 2.826266 4.718140
v 0.026688 2.805973 4.718140
v 0.035075 2.785947 4.718140
v 0.056017 2.775514 4.718140
v 0.080431 2.780527 4.718140
v 0.098125 2.795929 4.718140
v 0.105189 2.816628 4.718140
v 0.103424 2.836776 4.718140
v 0.164866 2.749516 4.718133
v 0.190575 2.750913 4.718133
v 0.207304 2.761683 4.718133
v 0.216785 2.777265 4.718133
v 0.215642 2.797277 4.718133
v 0.199157 2.809812 4.718133
v 0.174229 2.811028 4.718133
v 0.151639 2.799285 4.718133
v 0.142078 2.781472 4.718133
v 0.147296 2.761898 4.718133
v 0.265442 2.767548 4.718133
v 0.261360 2.742592 4.718133
v 0.275635 2.724633 4.718133
v 0.300469 2.720958 4.718133
v 0.321318 2.731092 4.718133
v 0.335754 2.752327 4.718133
v 0.332551 2.777578 4.718133
v 0.313025 2.790182 4.718133
v 0.285704 2.785989 4.718133
v 0.373338 2.836084 4.718136
v 0.373036 2.820610 4.718133
v 0.385040 2.809676 4.718133
v 0.403554 2.809089 4.718133
v 0.419125 2.816952 4.718133
v 0.425980 2.832071 4.718136
v 0.420710 2.844568 4.718136
v 0.404395 2.849891 4.718136
v 0.386245 2.847091 4.718136
v 0.366011 2.715107 4.718133
v 0.344252 2.714145 4.718133
v 0.324320 2.702954 4.718133
v 0.314818 2.680083 4.718133
v 0.324654 2.660926 4.718133
v 0.347657 2.658932 4.718133
v 0.367814 2.666913 4.718133
v 0.378324 2.684954 4.718133
v 0.378567 2.703569 4.718133
v 0.262892 2.863496 4.718129
v 0.261422 2.882250 4.717969
v 0.178464 2.861651 4.718133
v 0.187605 2.841949 4.718129
v 0.208263 2.831244 4.718129
v 0.233910 2.833420 4.718129
v 0.254508 2.845909 4.718129
v 0.238555 2.648732 4.701672
v 0.238426 2.630808 4.701488
v 0.283835 2.631120 4.701654
v 0.287979 2.649086 4.701672
v 0.285527 2.663320 4.701672
v 0.274200 2.670091 4.701672
v 0.257819 2.669556 4.701672
v 0.244155 2.662048 4.701672
v 0.408536 2.696593 4.702283
v 0.408286 2.689419 4.702287
v 0.412243 2.683832 4.702287
v 0.419806 2.683147 4.702287
v 0.428395 2.685927 4.702283
v 0.435541 2.691965 4.702283
v 0.439749 2.698921 4.702287
v 0.440503 2.706592 4.702290
v 0.436778 2.711966 4.702335
v 0.430031 2.712863 4.702412
v 0.421179 2.710115 4.702304
v 0.412924 2.703812 4.702283
v 0.084875 2.839607 4.708009
v 0.068282 2.839840 4.708009
v 0.051570 2.834073 4.708009
v 0.039761 2.821649 4.708009
v 0.037055 2.807112 4.708009
v 0.042895 2.793052 4.708009
v 0.057553 2.785878 4.708009
v 0.075810 2.789772 4.708009
v 0.089273 2.801331 4.708009
v 0.094509 2.815972 4.708009
v 0.093737 2.831397 4.708009
v 0.169646 2.759147 4.701641
v 0.187553 2.760401 4.701620
v 0.199904 2.768552 4.701710
v 0.206803 2.779746 4.701793
v 0.205768 2.792705 4.701759
v 0.193504 2.800866 4.701658
v 0.176397 2.801477 4.701609
v 0.160777 2.793292 4.701679
v 0.152991 2.780524 4.701787
v 0.157261 2.766745 4.701748
v 0.274788 2.762788 4.701787
v 0.271682 2.745444 4.701787
v 0.281073 2.733736 4.701787
v 0.298968 2.731301 4.701787
v 0.314484 2.738902 4.701787
v 0.325334 2.754564 4.701787
v 0.323413 2.771765 4.701787
v 0.310454 2.779902 4.701787
v 0.290085 2.776539 4.701787
v 0.382076 2.832214 4.706880
v 0.381489 2.821169 4.706880
v 0.389858 2.814110 4.706876
v 0.401782 2.814061 4.706876
v 0.412052 2.819943 4.706880
v 0.416506 2.829959 4.706880
v 0.413191 2.838940 4.706880
v 0.401980 2.841997 4.706880
v 0.390529 2.840094 4.706880
v 0.363513 2.710615 4.711261
v 0.344912 2.709403 4.711306
v 0.327610 2.699939 4.711497
v 0.319067 2.680716 4.711792
v 0.327614 2.664876 4.711340
v 0.347518 2.663407 4.711327
v 0.364958 2.670268 4.711369
v 0.374266 2.685388 4.711483
v 0.374436 2.701342 4.711427
v 0.252261 2.864948 4.701331
v 0.254255 2.882865 4.701512
v 0.188769 2.882149 4.701633
v 0.189352 2.863399 4.701331
v 0.196134 2.848293 4.701265
v 0.210698 2.839524 4.701206
v 0.229991 2.840861 4.701206
v 0.245125 2.851635 4.701269
v 0.248272 2.647220 4.693361
v 0.247390 2.630808 4.693021
v 0.276389 2.631117 4.693281
v 0.278116 2.647700 4.693361
v 0.277470 2.656917 4.694424
v 0.270261 2.659765 4.693361
v 0.259261 2.659648 4.693361
v 0.250485 2.656399 4.694424
v 0.415450 2.694845 4.696797
v 0.414244 2.691708 4.697228
v 0.416509 2.689092 4.697228
v 0.420227 2.690041 4.696797
v 0.424597 2.692427 4.696797
v 0.429437 2.696468 4.696797
v 0.432494 2.700251 4.696797
v 0.434169 2.703851 4.697228
v 0.432314 2.706449 4.697242
v 0.428669 2.705383 4.696818
v 0.423882 2.703058 4.696801
v 0.418455 2.698827 4.696797
v 0.077853 2.829188 4.702377
v 0.068570 2.827166 4.701606
v 0.058227 2.823087 4.701557
v 0.050608 2.815485 4.701644
v 0.047440 2.808217 4.702387
v 0.051835 2.801088 4.701668
v 0.059304 2.797572 4.701637
v 0.070352 2.800591 4.701557
v 0.079194 2.807814 4.701606
v 0.084437 2.815114 4.702377
v 0.081928 2.822951 4.701637
v 0.173468 2.769712 4.692322
v 0.183967 2.771265 4.692135
v 0.192166 2.776657 4.692719
v 0.197326 2.782025 4.694053
v 0.196214 2.789216 4.693889
v 0.189172 2.791954 4.692451
v 0.179294 2.790697 4.692076
v 0.170226 2.785989 4.692521
v 0.163750 2.779891 4.693983
v 0.165724 2.771692 4.693820
v 0.286096 2.757323 4.692851
v 0.282570 2.748908 4.694011
v 0.288167 2.744416 4.692896
v 0.297301 2.743384 4.692830
v 0.306351 2.748192 4.692851
v 0.313918 2.755944 4.694011
v 0.311417 2.764025 4.692917
v 0.306313 2.769191 4.694011
v 0.295286 2.765373 4.692851
v 0.390480 2.829309 4.701460
v 0.389365 2.824143 4.702061
v 0.394267 2.821975 4.701442
v 0.400476 2.822205 4.701442
v 0.406316 2.824313 4.702061
v 0.407462 2.828955 4.701467
v 0.406896 2.833916 4.702061
v 0.400809 2.834538 4.701442
v 0.394583 2.833461 4.701432
v 0.354904 2.697215 4.697510
v 0.347327 2.694901 4.696735
v 0.339443 2.690092 4.696759
v 0.334673 2.683561 4.697586
v 0.338815 2.677992 4.696818
v 0.347014 2.676769 4.696651
v 0.355797 2.680771 4.696679
v 0.360866 2.686309 4.697357
v 0.358965 2.692712 4.696832
v 0.241126 2.865869 4.690443
v 0.243700 2.882865 4.692670
v 0.198622 2.882159 4.692781
v 0.199626 2.864768 4.690440
v 0.202475 2.853886 4.691621
v 0.212397 2.849373 4.689630
v 0.226402 2.850221 4.689633
v 0.237672 2.855731 4.691631
v 0.258306 2.647599 4.690026
v 0.256916 2.630808 4.689314
v 0.268621 2.647783 4.690026
v 0.266675 2.631117 4.689612
v 0.351659 2.687914 4.694872
v 0.344471 2.683280 4.694862
v 0.223264 2.712773 4.718150
v 0.177112 2.713513 4.718150
v 0.147147 2.713474 4.718150
v 0.103212 2.713349 4.718150
v 0.045001 2.712891 4.718070
v 0.008062 2.712880 4.717257
v 0.301334 2.757410 4.689505
v 0.293295 2.751253 4.689481
v 0.073444 2.816931 4.699875
v 0.064821 2.810986 4.699594
v 0.056646 2.805361 4.700098
v 0.226027 2.864986 4.684536
v 0.226739 2.882865 4.688171
v 0.212164 2.864580 4.684536
v 0.212004 2.882166 4.688268
v 0.401330 2.828257 4.699927
v 0.395827 2.828003 4.699921
v 0.359393 2.703854 4.702335
v 0.345909 2.702155 4.701974
v 0.333058 2.695294 4.702141
v 0.326474 2.682015 4.702679
v 0.332537 2.670915 4.702322
v 0.347288 2.670248 4.701547
v 0.360383 2.675431 4.701658
v 0.367390 2.685937 4.701873
v 0.367533 2.697579 4.702339
v 0.400538 2.698014 4.715864
v 0.400524 2.686233 4.715864
v 0.406500 2.676898 4.715868
v 0.418097 2.674764 4.715868
v 0.431987 2.678870 4.715864
v 0.442351 2.687570 4.715864
v 0.448066 2.698059 4.715864
v 0.448528 2.710386 4.715868
v 0.442587 2.719019 4.715874
v 0.431327 2.721041 4.715885
v 0.418691 2.717949 4.715868
v 0.407011 2.709059 4.715864
v 0.089057 2.847910 4.716757
v 0.068118 2.848779 4.716757
v 0.046922 2.841487 4.716757
v 0.031840 2.825526 4.716757
v 0.028331 2.806150 4.716757
v 0.036308 2.787076 4.716757
v 0.056247 2.777164 4.716757
v 0.079691 2.782004 4.716757
v 0.096722 2.796815 4.716757
v 0.103486 2.816597 4.716757
v 0.101905 2.835997 4.716757
v 0.165585 2.751111 4.715868
v 0.190075 2.752490 4.715864
v 0.206109 2.762826 4.715864
v 0.215180 2.777672 4.715864
v 0.214085 2.796502 4.715868
v 0.198291 2.808290 4.715868
v 0.174580 2.809430 4.715864
v 0.153050 2.798250 4.715868
v 0.143805 2.781295 4.715864
v 0.148874 2.762715 4.715868
v 0.266912 2.766780 4.715864
v 0.262975 2.743030 4.715864
v 0.276473 2.726072 4.715864
v 0.300219 2.722598 4.715864
v 0.320245 2.732343 4.715864
v 0.334128 2.752709 4.715864
v 0.331133 2.776681 4.715864
v 0.312657 2.788563 4.715864
v 0.286409 2.784495 4.715864
v 0.374850 2.835434 4.716548
v 0.374460 2.820763 4.716545
v 0.385818 2.810514 4.716538
v 0.403241 2.810024 4.716531
v 0.417920 2.817535 4.716542
v 0.424375 2.831769 4.716552
v 0.419449 2.843575 4.716548
v 0.403919 2.848494 4.716545
v 0.386975 2.845843 4.716545
v 0.365490 2.714211 4.717250
v 0.344384 2.713214 4.717268
v 0.324980 2.702339 4.717292
v 0.315686 2.680194 4.717330
v 0.325227 2.661729 4.717264
v 0.347622 2.659835 4.717281
v 0.367231 2.667597 4.717285
v 0.377490 2.685069 4.717299
v 0.377716 2.703146 4.717275
v 0.350186 2.800754 4.718150
v 0.445783 2.822969 4.718150
v 0.441218 2.851537 4.718150
v 0.414640 2.865108 4.718150
v 0.379161 2.864295 4.718150
v 0.008403 2.630971 4.716125
v 0.083283 2.630784 4.715656
v 0.225818 2.630784 4.714697
v 0.397936 2.630784 4.715624
v 0.501861 2.631145 4.715624
v 0.006433 2.681782 4.715513
v 0.502702 2.680532 4.715624
v 0.007913 2.744006 4.716295
v 0.503880 2.715496 4.715624
v 0.009327 2.807835 4.714641
v 0.501531 2.813349 4.715624
v 0.008337 2.865977 4.715902
v 0.502344 2.866018 4.715624
v 0.041714 2.630784 4.715874
v 0.144072 2.630784 4.715624
v 0.347712 2.630784 4.715624
v 0.371452 2.630784 4.715624
v 0.008368 2.882305 4.716118
v 0.068250 2.882886 4.715666
v 0.265199 2.882886 4.714648
v 0.501861 2.882083 4.715624
v 0.103611 2.882886 4.715708
v 0.125965 2.882886 4.715638
v 0.378956 2.882886 4.715624
v 0.346788 2.882886 4.715624
v 0.424337 2.882886 4.715624
v 0.320985 2.630784 4.715656
v 0.306115 2.882886 4.715617
v 0.008295 2.776292 4.716118
v 0.502539 2.780093 4.715624
v 0.007757 2.652254 4.716041
v 0.502507 2.655861 4.715624
v 0.503880 2.750336 4.715624
v 0.452906 2.630784 4.715624
v 0.463471 2.882886 4.715624
v 0.424180 2.630784 4.715624
v 0.009320 2.834924 4.714596
v 0.153005 2.882886 4.715621
v 0.187653 2.630784 4.715624
v 0.180052 2.882886 4.714686
v 0.237314 2.630784 4.700407
v 0.284915 2.630784 4.700383
v 0.255162 2.882886 4.700251
v 0.187900 2.882886 4.700331
v 0.246629 2.630784 4.691753
v 0.277088 2.630784 4.691926
v 0.244165 2.882886 4.691464
v 0.198187 2.882886 4.691336
v 0.256819 2.630784 4.687938
v 0.266752 2.630784 4.687969
v 0.006454 2.712880 4.715551
v 0.226798 2.882886 4.686826
v 0.211952 2.882886 4.686802
v 0.262325 2.863583 4.717872
v 0.261078 2.881694 4.717768
v 0.182734 2.881673 4.717768
v 0.182452 2.882240 4.717973
v 0.179034 2.861748 4.717875
v 0.188029 2.842317 4.717872
v 0.208388 2.831766 4.717865
v 0.233736 2.833913 4.717865
v 0.254078 2.846271 4.717872
v 0.253991 2.882159 4.701633
v 0.188581 2.882865 4.701519
v 0.243488 2.882170 4.692781
v 0.198503 2.882865 4.692642
v 0.226694 2.882166 4.688268
v 0.211991 2.882865 4.688167
v 0.229087 2.650528 4.717827
v 0.229994 2.631256 4.717709
v 0.290783 2.631256 4.717706
v 0.291162 2.630992 4.717952
v 0.297502 2.650823 4.717827
v 0.293712 2.669716 4.717831
v 0.277039 2.679503 4.717827
v 0.256058 2.678867 4.717827
v 0.236957 2.668636 4.717827
v 0.238610 2.631124 4.701654
v 0.283921 2.630808 4.701484
v 0.247522 2.631114 4.693281
v 0.276448 2.630808 4.693045
v 0.256958 2.631114 4.689612
v 0.266651 2.630808 4.689317
v 0.260616 2.863819 4.714930
v 0.260199 2.882865 4.714968
v 0.183724 2.882139 4.714943
v 0.180806 2.862030 4.714933
v 0.189432 2.843321 4.714930
v 0.208791 2.833062 4.714922
v 0.233107 2.835066 4.714922
v 0.252542 2.847209 4.714930
v 0.259932 2.882149 4.714943
v 0.183557 2.882865 4.714975
v 0.044806 2.634386 4.718150
v 0.222542 2.634383 4.718150
v 0.297582 2.634546 4.718150
v 0.100602 2.634386 4.718150
v 0.146984 2.634386 4.718150
v 0.371542 2.636749 4.718150
v 0.347712 2.635491 4.718150
v 0.398475 2.638062 4.718150
v 0.321266 2.635245 4.718150
v 0.009803 2.634386 4.717952
v 0.423041 2.638041 4.718150
v 0.450310 2.638816 4.718150
v 0.187688 2.634386 4.718150
v 0.238475 2.634265 4.701672
v 0.284700 2.634300 4.701672
v 0.247598 2.634073 4.693305
v 0.276778 2.634175 4.693305
v 0.257191 2.634081 4.689637
v 0.267033 2.634126 4.689637
v 0.229612 2.634466 4.717827
v 0.292162 2.634494 4.717824
v 0.007975 2.634386 4.716128
v 0.229063 2.634362 4.718126
v 0.292663 2.634397 4.718126
v 0.230762 2.650212 4.714777
v 0.231085 2.630808 4.714846
v 0.289553 2.631131 4.714787
v 0.295824 2.650514 4.714777
v 0.292312 2.668622 4.714780
v 0.276580 2.677856 4.714777
v 0.256371 2.677224 4.714777
v 0.238228 2.667471 4.714777
v 0.293959 2.630784 4.714898
v 0.231471 2.631135 4.714790
v 0.289821 2.630808 4.714870
v 0.231182 2.634449 4.714777
v 0.290842 2.634473 4.714773
v 0.501861 2.636186 4.717952
v 0.502507 2.636075 4.715624
v 0.027622 2.882166 4.717952
v 0.027049 2.882886 4.715843
v 0.492477 2.684041 4.718150
v 0.493829 2.882201 4.717952
v 0.493054 2.814127 4.718150
v 0.493843 2.780288 4.718150
v 0.492085 2.631173 4.717952
v 0.493700 2.864045 4.718150
v 0.494298 2.750134 4.718150
v 0.493408 2.715322 4.718150
v 0.491251 2.661249 4.718150
v 0.493829 2.882886 4.715624
v 0.492102 2.630784 4.715624
v 0.491449 2.637284 4.718150
v 0.005745 2.630971 4.711618
v 0.082321 2.630784 4.706275
v 0.394535 2.630784 4.696176
v 0.498835 2.631131 4.692524
v 0.005085 2.681782 4.711563
v 0.499645 2.680532 4.692507
v 0.006332 2.743989 4.713255
v 0.500677 2.715496 4.692507
v 0.006975 2.807821 4.711372
v 0.498620 2.813349 4.692507
v 0.006638 2.865977 4.711524
v 0.499332 2.866049 4.692507
v 0.040880 2.630784 4.708843
v 0.141543 2.630784 4.704677
v 0.344731 2.630784 4.697742
v 0.368273 2.630784 4.697002
v 0.006798 2.882305 4.711573
v 0.067333 2.882886 4.706782
v 0.498835 2.882114 4.692527
v 0.101037 2.882886 4.706223
v 0.124804 2.882886 4.705129
v 0.375718 2.882886 4.696766
v 0.343984 2.882886 4.697718
v 0.420870 2.882886 4.695300
v 0.318553 2.630784 4.698583
v 0.305104 2.882886 4.698642
v 0.006301 2.776202 4.712838
v 0.499502 2.780093 4.692507
v 0.005259 2.652254 4.711643
v 0.499471 2.655847 4.692507
v 0.500677 2.750336 4.692507
v 0.449205 2.630784 4.694404
v 0.460612 2.882886 4.693775
v 0.420560 2.630784 4.695355
v 0.006947 2.834924 4.711083
v 0.151848 2.882886 4.704249
v 0.184144 2.630784 4.703694
v 0.176626 2.882886 4.702415
v 0.232270 2.630784 4.691516
v 0.283109 2.630784 4.688949
v 0.256725 2.882886 4.689345
v 0.185975 2.882886 4.692409
v 0.242237 2.630784 4.684662
v 0.274027 2.630784 4.683366
v 0.242814 2.882886 4.683682
v 0.198451 2.882886 4.684766
v 0.253067 2.630784 4.681305
v 0.263291 2.630784 4.680944
v 0.005321 2.712880 4.711778
v 0.226582 2.882886 4.680517
v 0.211410 2.882886 4.681118
v 0.218592 2.630784 4.701564
v 0.269111 2.882886 4.698795
v 0.005290 2.634386 4.711653
v 0.294626 2.630784 4.697961
v 0.499471 2.635995 4.692507
v 0.026594 2.882886 4.709179
v 0.490893 2.882886 4.692770
v 0.489024 2.630784 4.692875
v 0.173753 2.882886 4.667811
v 0.227163 2.882886 4.650656
v 0.202297 2.882886 4.657788
v 0.261255 2.882886 4.642137
v 0.276111 2.630784 4.630960
v 0.003744 2.681782 4.693719
v 0.003476 2.652254 4.693598
v 0.029999 2.652254 4.678154
v 0.030027 2.681782 4.678172
v 0.063018 2.681782 4.659091
v 0.063046 2.652254 4.659074
v 0.099529 2.652254 4.638010
v 0.099487 2.681782 4.638034
v 0.187650 2.647783 4.602590
v 0.195078 2.647700 4.596468
v 0.194268 2.656917 4.596357
v 0.188275 2.659765 4.600398
v 0.390817 2.700251 4.484993
v 0.391957 2.703851 4.483694
v 0.390480 2.706449 4.484847
v 0.387770 2.705383 4.487362
v 0.005359 2.712880 4.694556
v 0.030197 2.712891 4.678273
v 0.003469 2.807769 4.693601
v 0.003744 2.776125 4.693830
v 0.029189 2.804896 4.678693
v 0.121260 2.780847 4.625474
v 0.127643 2.796047 4.621792
v 0.361144 2.846528 4.486966
v 0.365990 2.830866 4.484169
v 0.379599 2.822969 4.476315
v 0.375645 2.850971 4.478597
v 0.030079 2.630971 4.678328
v 0.063147 2.630971 4.659244
v 0.063049 2.634386 4.659074
v 0.029999 2.634386 4.678154
v 0.062949 2.712981 4.659130
v 0.030162 2.743979 4.678360
v 0.062678 2.744704 4.659297
v 0.062042 2.776386 4.659734
v 0.029780 2.775431 4.678370
v 0.128963 2.630971 4.621233
v 0.143972 2.630971 4.612477
v 0.143558 2.634383 4.612592
v 0.128935 2.634386 4.621034
v 0.162260 2.777894 4.614704
v 0.165151 2.781434 4.612494
v 0.164522 2.786288 4.612856
v 0.160540 2.788021 4.615698
v 0.294764 2.631027 4.525520
v 0.317545 2.631093 4.512370
v 0.317479 2.636745 4.512176
v 0.294667 2.635491 4.525346
v 0.293500 2.823775 4.526024
v 0.312657 2.820433 4.514962
v 0.313102 2.838992 4.514705
v 0.295790 2.856506 4.524700
v 0.206181 2.630975 4.576536
v 0.270365 2.631016 4.539601
v 0.270386 2.635303 4.539369
v 0.207418 2.634487 4.575719
v 0.243443 2.752622 4.554923
v 0.353028 2.631159 4.491882
v 0.353177 2.638055 4.491549
v 0.326415 2.684801 4.506999
v 0.348876 2.685044 4.493918
v 0.348852 2.699522 4.493932
v 0.326627 2.703691 4.506877
v 0.335778 2.823900 4.515069
v 0.340618 2.821701 4.513186
v 0.342775 2.828003 4.513875
v 0.337203 2.829389 4.515108
v -0.000231 2.865844 4.696870
v 0.025496 2.857239 4.680871
v 0.017099 2.882229 4.685968
v -0.000800 2.881854 4.697451
v 0.052366 2.857152 4.665188
v 0.077245 2.857187 4.651017
v 0.078173 2.882233 4.650576
v 0.051890 2.882229 4.665744
v 0.258872 2.857114 4.546015
v 0.259053 2.882236 4.546140
v 0.326505 2.850127 4.506968
v 0.345381 2.852753 4.496069
v 0.352618 2.861019 4.491889
v 0.321898 2.860636 4.509625
v 0.428329 2.750329 4.448426
v 0.428329 2.780107 4.449736
v 0.421592 2.780277 4.453231
v 0.421352 2.750138 4.452220
v 0.295977 2.800296 4.524592
v 0.297836 2.777595 4.523519
v 0.321482 2.779659 4.509865
v 0.323559 2.804868 4.508667
v 0.428329 2.866147 4.448600
v 0.428023 2.881910 4.448763
v 0.421707 2.882316 4.452231
v 0.421616 2.864257 4.452220
v 0.279579 2.740237 4.534060
v 0.304131 2.749415 4.519881
v 0.267464 2.766498 4.541053
v 0.293966 2.882236 4.525982
v 0.261957 2.793080 4.544232
v 0.228229 2.822128 4.563706
v 0.232874 2.784335 4.561024
v 0.345808 2.779860 4.495822
v 0.343647 2.803892 4.497069
v 0.428329 2.813394 4.449736
v 0.421672 2.814092 4.453183
v 0.328579 2.750141 4.505752
v 0.200852 2.764813 4.579514
v 0.003476 2.634386 4.693598
v 0.099456 2.634386 4.638051
v 0.373335 2.631169 4.480157
v 0.396515 2.631187 4.466777
v 0.394684 2.638809 4.467584
v 0.372636 2.638100 4.480313
v 0.143124 2.651104 4.612842
v 0.149937 2.671693 4.608909
v 0.133007 2.683585 4.618682
v 0.129418 2.652098 4.620753
v 0.270546 2.656041 4.539275
v 0.259532 2.681289 4.545632
v 0.207839 2.671748 4.575480
v 0.211907 2.651577 4.573128
v 0.355008 2.669727 4.490367
v 0.316955 2.662983 4.512471
v 0.311219 2.680615 4.540168
v 0.315662 2.686281 4.536867
v 0.313967 2.692854 4.538393
v 0.308210 2.687914 4.543916
v 0.351690 2.751073 4.492407
v 0.290008 2.718922 4.528039
v 0.259070 2.725342 4.545900
v 0.271504 2.706713 4.538723
v 0.238548 2.706463 4.557747
v 0.314557 2.719690 4.513854
v 0.380922 2.727892 4.475390
v 0.394208 2.725464 4.467705
v 0.395244 2.750934 4.467268
v 0.372591 2.751493 4.480341
v 0.196499 2.712033 4.582026
v 0.170504 2.686100 4.597034
v 0.191944 2.683300 4.584655
v 0.397832 2.681706 4.465628
v 0.421318 2.661006 4.452210
v 0.422172 2.683874 4.451564
v 0.402821 2.695450 4.462727
v 0.421995 2.715326 4.450911
v 0.402904 2.712443 4.462598
v 0.397519 2.817316 4.466135
v 0.396439 2.856825 4.466614
v 0.396129 2.781038 4.466934
v 0.370698 2.783651 4.481452
v 0.359118 2.811928 4.488137
v 0.367502 2.724984 4.483138
v 0.370813 2.666516 4.481227
v 0.428329 2.715493 4.447371
v 0.352833 2.715107 4.491622
v 0.385908 2.670567 4.472510
v 0.421227 2.637235 4.452272
v 0.027938 2.829153 4.679378
v 0.002934 2.834837 4.694074
v 0.005359 2.743979 4.695102
v 0.124349 2.763597 4.623682
v 0.100950 2.857413 4.637218
v 0.101850 2.882236 4.636901
v 0.157653 2.714263 4.604455
v 0.102572 2.716208 4.636251
v 0.144107 2.807380 4.612276
v 0.163063 2.805723 4.601332
v 0.176459 2.796106 4.593595
v 0.177092 2.776261 4.593230
v 0.124509 2.857395 4.623588
v 0.097444 2.777981 4.639288
v 0.125721 2.882236 4.623119
v 0.148478 2.882236 4.609986
v 0.130318 2.715302 4.620235
v 0.180198 2.735717 4.591437
v 0.169275 2.761870 4.597743
v 0.154836 2.750471 4.606081
v 0.146706 2.634362 4.610789
v 0.146219 2.650622 4.611070
v 0.201787 2.634397 4.578989
v 0.200525 2.630992 4.579813
v 0.203110 2.670094 4.578221
v 0.206484 2.650924 4.576275
v 0.188387 2.680079 4.586723
v 0.169962 2.679444 4.597361
v 0.153154 2.669039 4.607064
v 0.354108 2.685621 4.490875
v 0.354074 2.698340 4.490896
v 0.359629 2.675469 4.487512
v 0.370416 2.673034 4.481255
v 0.383327 2.677405 4.473803
v 0.392846 2.686625 4.468306
v 0.398071 2.697816 4.465312
v 0.398464 2.711098 4.465207
v 0.392836 2.720468 4.468334
v 0.382250 2.722723 4.474424
v 0.370666 2.719551 4.481112
v 0.359980 2.710153 4.487310
v 0.135262 2.751531 4.617383
v 0.156371 2.758789 4.605216
v 0.140077 2.757764 4.614621
v 0.166971 2.766669 4.599094
v 0.172982 2.778071 4.595627
v 0.172256 2.792715 4.596044
v 0.161808 2.801884 4.602075
v 0.146015 2.802777 4.611195
v 0.131697 2.794181 4.619461
v 0.125638 2.781149 4.622959
v 0.128946 2.766825 4.621048
v 0.316607 2.820610 4.512700
v 0.316868 2.836084 4.512547
v 0.327002 2.809676 4.506700
v 0.343036 2.809089 4.497445
v 0.356523 2.816952 4.489655
v 0.362457 2.832071 4.486227
v 0.357892 2.844568 4.488863
v 0.343762 2.849891 4.497021
v 0.328044 2.847091 4.506096
v 0.291676 2.714145 4.527094
v 0.310524 2.715107 4.516216
v 0.274416 2.702954 4.537062
v 0.266189 2.680083 4.541811
v 0.274708 2.660926 4.536895
v 0.294664 2.654064 4.525350
v 0.294629 2.658932 4.525392
v 0.312084 2.666913 4.515313
v 0.321186 2.684954 4.510060
v 0.321395 2.703569 4.509938
v 0.146803 2.650528 4.610914
v 0.147262 2.634466 4.610650
v 0.149346 2.634449 4.611122
v 0.148982 2.650212 4.611331
v 0.200265 2.631256 4.580111
v 0.201432 2.634494 4.579375
v 0.201012 2.634473 4.581293
v 0.199893 2.631131 4.581932
v 0.206053 2.650823 4.576706
v 0.202770 2.669716 4.578600
v 0.202283 2.668622 4.580556
v 0.205327 2.650514 4.578801
v 0.188334 2.679503 4.586935
v 0.188661 2.677856 4.588421
v 0.170161 2.678867 4.597427
v 0.171158 2.677224 4.598528
v 0.153620 2.668636 4.606977
v 0.155447 2.667471 4.607599
v 0.356255 2.698014 4.491160
v 0.356241 2.686233 4.491167
v 0.367408 2.689419 4.493682
v 0.367630 2.696593 4.493564
v 0.361342 2.676898 4.488012
v 0.370861 2.683832 4.491744
v 0.371372 2.674764 4.482186
v 0.377445 2.683147 4.488022
v 0.383403 2.678870 4.475241
v 0.384890 2.685927 4.483742
v 0.392377 2.687570 4.470060
v 0.391050 2.691965 4.480115
v 0.397328 2.698059 4.467205
v 0.394656 2.698921 4.477947
v 0.397734 2.710386 4.466990
v 0.395292 2.706592 4.477544
v 0.392582 2.719019 4.469939
v 0.392082 2.711966 4.479434
v 0.382827 2.721041 4.475561
v 0.386252 2.712863 4.482839
v 0.371890 2.717949 4.481887
v 0.378633 2.710115 4.487338
v 0.361783 2.709059 4.487759
v 0.371455 2.703812 4.491417
v 0.141015 2.758935 4.615191
v 0.156535 2.759942 4.606234
v 0.157771 2.765866 4.612130
v 0.146522 2.764959 4.618623
v 0.166697 2.767502 4.600369
v 0.165522 2.771762 4.607655
v 0.172443 2.778370 4.597048
v 0.169855 2.779871 4.605154
v 0.171752 2.792145 4.597447
v 0.169216 2.789276 4.605522
v 0.161742 2.800772 4.603225
v 0.161503 2.795196 4.609976
v 0.146716 2.801605 4.611904
v 0.150753 2.795654 4.616181
v 0.133073 2.793427 4.619777
v 0.140935 2.789720 4.621850
v 0.127215 2.781017 4.623160
v 0.136057 2.780465 4.624668
v 0.130426 2.767426 4.621305
v 0.138743 2.770480 4.623116
v 0.318466 2.835518 4.512669
v 0.318122 2.820627 4.512874
v 0.326102 2.820356 4.514805
v 0.326683 2.832707 4.514486
v 0.328100 2.810243 4.507152
v 0.334201 2.812473 4.510324
v 0.343390 2.809749 4.498376
v 0.345711 2.812418 4.503949
v 0.356269 2.817375 4.490965
v 0.355620 2.818991 4.498452
v 0.361929 2.831807 4.487707
v 0.359921 2.830188 4.496069
v 0.357607 2.843790 4.490191
v 0.356721 2.840225 4.497841
v 0.343974 2.848765 4.498022
v 0.345885 2.843623 4.503844
v 0.329111 2.846079 4.506561
v 0.334847 2.841504 4.509966
v 0.310520 2.714211 4.517251
v 0.292232 2.713214 4.527792
v 0.295637 2.709600 4.532712
v 0.311924 2.710841 4.523352
v 0.275416 2.702339 4.537471
v 0.280405 2.700046 4.541283
v 0.267349 2.680194 4.542086
v 0.272780 2.680646 4.545334
v 0.275646 2.661729 4.537371
v 0.280482 2.664661 4.541418
v 0.295029 2.659835 4.526159
v 0.297905 2.663184 4.531388
v 0.312011 2.667597 4.516352
v 0.313140 2.670115 4.522543
v 0.320887 2.685069 4.511213
v 0.321221 2.685374 4.517738
v 0.321096 2.703149 4.511116
v 0.321395 2.701484 4.517693
v 0.223827 2.857062 4.566246
v 0.147505 2.857315 4.610313
v 0.158845 2.648731 4.612828
v 0.158775 2.634265 4.612870
v 0.168663 2.634073 4.611751
v 0.169236 2.647220 4.611390
v 0.198062 2.631120 4.590197
v 0.198809 2.634300 4.589756
v 0.193935 2.634175 4.597159
v 0.193601 2.631117 4.597368
v 0.201648 2.649086 4.588116
v 0.199521 2.663320 4.589342
v 0.189713 2.670091 4.595005
v 0.175528 2.669556 4.603198
v 0.178752 2.659648 4.605897
v 0.163695 2.662048 4.610028
v 0.170900 2.656399 4.609848
v 0.374704 2.691708 4.493661
v 0.376006 2.694845 4.493425
v 0.376844 2.689092 4.492835
v 0.380492 2.690041 4.491636
v 0.384366 2.692427 4.489604
v 0.388410 2.696468 4.486932
v 0.383747 2.703058 4.489958
v 0.378852 2.698827 4.492341
v 0.157608 2.774361 4.617390
v 0.151629 2.773357 4.620843
v 0.154912 2.787229 4.618947
v 0.149746 2.784133 4.621931
v 0.145629 2.780089 4.623765
v 0.146800 2.774576 4.623087
v 0.346190 2.821933 4.510011
v 0.351360 2.824032 4.506280
v 0.352475 2.828993 4.506412
v 0.351899 2.834299 4.505978
v 0.346482 2.834809 4.509844
v 0.340910 2.833694 4.513030
v 0.313234 2.705202 4.532816
v 0.300813 2.703354 4.540445
v 0.303687 2.695099 4.544445
v 0.310256 2.697614 4.539796
v 0.288695 2.695950 4.547234
v 0.296693 2.690200 4.548450
v 0.282230 2.681605 4.550285
v 0.292010 2.683439 4.550229
v 0.288101 2.669615 4.547342
v 0.296113 2.677773 4.548714
v 0.302338 2.668913 4.540115
v 0.303475 2.676547 4.544674
v 0.314523 2.674510 4.532941
v 0.320960 2.685850 4.528946
v 0.320849 2.698431 4.528418
v 0.186062 2.631117 4.603733
v 0.186364 2.634126 4.603545
v 0.178718 2.647599 4.607745
v 0.177842 2.634081 4.608464
v 0.301991 2.683280 4.547519
v 0.220614 2.733521 4.568104
v 0.003052 2.681782 4.695898
v 0.002761 2.652254 4.695755
v 0.003685 2.631114 4.693583
v 0.003101 2.630971 4.695508
v 0.031072 2.630784 4.680340
v 0.099536 2.630971 4.638235
v 0.064317 2.630784 4.661273
v 0.100707 2.630784 4.640265
v 0.428329 2.656173 4.448409
v 0.428329 2.636179 4.448409
v 0.429993 2.636075 4.450153
v 0.429993 2.655861 4.450153
v 0.352333 2.630784 4.494988
v 0.373008 2.630784 4.483051
v 0.004650 2.743979 4.697360
v 0.004602 2.712880 4.696790
v 0.428329 2.680740 4.448236
v 0.429993 2.680532 4.449980
v 0.429993 2.715496 4.449111
v 0.002792 2.807807 4.695898
v 0.003035 2.776136 4.696221
v 0.429993 2.750336 4.450167
v -0.000481 2.865977 4.698892
v 0.002330 2.834924 4.696308
v 0.429993 2.813349 4.451480
v 0.429993 2.866272 4.450341
v 0.130134 2.630784 4.623185
v 0.295935 2.630784 4.527549
v 0.318435 2.630784 4.514559
v 0.204764 2.630784 4.579673
v 0.271490 2.630784 4.541606
v -0.000745 2.882305 4.699202
v 0.429500 2.882337 4.450438
v 0.017915 2.882886 4.688105
v 0.395056 2.882246 4.467618
v 0.422878 2.882886 4.454260
v 0.396251 2.882886 4.469633
v 0.079361 2.882886 4.652587
v 0.053050 2.882886 4.667780
v 0.103038 2.882886 4.638920
v 0.321808 2.882236 4.509907
v 0.322996 2.882886 4.511925
v 0.295136 2.882886 4.528011
v 0.260231 2.882886 4.548172
v 0.360966 2.882243 4.487300
v 0.362294 2.882886 4.489238
v 0.225366 2.882886 4.568347
v 0.429993 2.780093 4.451480
v 0.002747 2.634386 4.695710
v 0.428023 2.631444 4.448763
v 0.421735 2.631173 4.452217
v 0.422728 2.630784 4.454347
v 0.429500 2.631145 4.450438
v 0.396453 2.630784 4.469515
v 0.149586 2.882886 4.612071
v 0.126906 2.882886 4.625141
v 0.146605 2.630784 4.613405
v 0.200105 2.630808 4.581761
v 0.158775 2.630808 4.612971
v 0.149246 2.630808 4.611140
v 0.158831 2.630784 4.615284
v 0.177682 2.630808 4.608736
v 0.168548 2.630808 4.611973
v 0.169184 2.630784 4.614596
v 0.179023 2.630784 4.611248
v 0.198177 2.630808 4.590225
v 0.193709 2.630808 4.597434
v 0.195519 2.630784 4.599286
v 0.200056 2.630784 4.591496
v 0.186111 2.630808 4.603865
v 0.187615 2.630784 4.606269
v 0.347535 2.828257 4.511119
v 0.003462 2.681782 4.702436
v 0.003094 2.652254 4.702220
v 0.003386 2.630971 4.701699
v 0.034637 2.630784 4.687674
v 0.068778 2.630784 4.669830
v 0.106627 2.630784 4.650044
v 0.348216 2.630784 4.519878
v 0.370872 2.630784 4.507742
v 0.004776 2.743979 4.704132
v 0.004473 2.712880 4.703444
v 0.439054 2.680532 4.471370
v 0.439054 2.715496 4.470613
v 0.003313 2.807807 4.702919
v 0.003355 2.776136 4.703812
v 0.439054 2.750336 4.471537
v 0.002729 2.865977 4.704170
v 0.003261 2.834924 4.702978
v 0.439054 2.813349 4.472687
v 0.439054 2.866272 4.471690
v 0.136891 2.630784 4.634226
v 0.302460 2.630784 4.544483
v 0.323493 2.630784 4.533195
v 0.219703 2.630784 4.591163
v 0.278203 2.630784 4.557577
v 0.002847 2.882305 4.704270
v 0.438550 2.882337 4.471791
v 0.057292 2.882886 4.675980
v 0.021744 2.882886 4.694956
v 0.431841 2.882886 4.475383
v 0.084215 2.882886 4.661870
v 0.107999 2.882886 4.649235
v 0.329781 2.882886 4.529835
v 0.301821 2.882886 4.544861
v 0.267717 2.882886 4.563421
v 0.369614 2.882886 4.508513
v 0.439054 2.780093 4.472687
v 0.003004 2.634386 4.701946
v 0.439054 2.655847 4.471523
v 0.395994 2.630784 4.494318
v 0.430368 2.630784 4.476130
v 0.404825 2.882886 4.489836
v 0.155614 2.882886 4.624182
v 0.132208 2.882886 4.636394
v 0.154172 2.630784 4.626916
v 0.233329 2.882886 4.582248
v 0.168482 2.630784 4.629574
v 0.180257 2.630784 4.630054
v 0.191176 2.630784 4.627285
v 0.208353 2.630784 4.614961
v 0.213596 2.630784 4.605629
v 0.200213 2.630784 4.622487
v 0.168604 2.631114 4.611800
v 0.177647 2.631114 4.608593
v 0.158897 2.631124 4.612811
v 0.149593 2.631135 4.610973
v 0.147140 2.630992 4.610636
v 0.147616 2.631256 4.610507
v 0.438550 2.631131 4.471791
v 0.439054 2.635995 4.471523
v 0.224168 2.882229 4.566287
v 0.196124 2.857128 4.582241
v 0.194904 2.882233 4.583182
v 0.196078 2.882886 4.585253
v 0.203308 2.882886 4.598521
v 0.181792 2.882886 4.610146
v 0.175087 2.882886 4.597361
v 0.173881 2.882233 4.595318
v 0.172912 2.857235 4.595644
v 0.236911 2.630996 4.558852
v 0.237551 2.634904 4.558324
v 0.232322 2.675508 4.561343
v 0.239434 2.653707 4.557237
v 0.214148 2.694026 4.571836
v 0.237752 2.630784 4.560704
v 0.246750 2.630784 4.574205
v 0.098087 2.748533 4.638854
v 0.054277 2.828337 4.664143
v 0.099122 2.827183 4.638274
v 0.123873 2.824831 4.623960
v 0.146230 2.826586 4.611049
v 0.168646 2.825655 4.598108
v 0.199667 2.819408 4.580198
v 0.259668 2.823549 4.545556
v 0.074657 2.827742 4.652476
v 0.060590 2.805323 4.660651
v 0.102819 2.803565 4.636196
v 0.004421 2.630971 4.707599
v 0.075779 2.630784 4.687820
v 0.004150 2.681782 4.707790
v 0.005165 2.743981 4.708853
v 0.004498 2.807811 4.707092
v 0.004797 2.865977 4.707870
v 0.038052 2.630784 4.697916
v 0.123977 2.630784 4.676730
v 0.005043 2.882305 4.707946
v 0.062688 2.882886 4.691391
v 0.093609 2.882886 4.684624
v 0.117970 2.882886 4.678780
v 0.004345 2.776143 4.708224
v 0.004004 2.652254 4.707787
v 0.004571 2.834924 4.707036
v 0.144392 2.882886 4.672287
v 0.160648 2.630784 4.668712
v 0.200720 2.630784 4.660901
v 0.260290 2.630784 4.642550
v 0.212175 2.630784 4.657941
v 0.247744 2.630784 4.647352
v 0.225426 2.630784 4.654283
v 0.236425 2.630784 4.651333
v 0.004862 2.712880 4.707932
v 0.186145 2.630784 4.663754
v 0.003990 2.634386 4.707738
v 0.024447 2.882886 4.702085
v 0.370743 2.630784 4.608482
v 0.475190 2.631131 4.580090
v 0.475784 2.680532 4.579916
v 0.475929 2.715496 4.579809
v 0.475638 2.813349 4.580108
v 0.475738 2.866241 4.579965
v 0.323882 2.630784 4.621038
v 0.346034 2.630784 4.615100
v 0.475190 2.882305 4.580090
v 0.353035 2.882886 4.613224
v 0.324039 2.882886 4.620941
v 0.396306 2.882886 4.601582
v 0.299858 2.630784 4.627656
v 0.293173 2.882886 4.629032
v 0.475763 2.780093 4.580108
v 0.475759 2.655847 4.579941
v 0.475929 2.750336 4.579941
v 0.422996 2.630784 4.594425
v 0.438439 2.882886 4.589988
v 0.395230 2.630784 4.601919
v 0.475759 2.635984 4.579941
v 0.467862 2.882886 4.582039
v 0.465319 2.630784 4.582772
v 0.009653 2.877664 4.717952
v 0.068160 2.874923 4.718150
v 0.268867 2.876722 4.718150
v 0.501861 2.877025 4.717952
v 0.125294 2.874766 4.718150
v 0.346809 2.875593 4.718150
v 0.422415 2.876948 4.718150
v 0.306271 2.876024 4.718150
v 0.463169 2.876173 4.718150
v 0.100714 2.874690 4.718150
v 0.176147 2.876524 4.718150
v 0.152376 2.876278 4.718150
v 0.253716 2.876997 4.701550
v 0.188720 2.876764 4.701550
v 0.242932 2.877146 4.692055
v 0.198792 2.876955 4.692051
v 0.226492 2.877101 4.686927
v 0.212029 2.877035 4.686927
v 0.261665 2.876830 4.717872
v 0.181466 2.876549 4.717875
v 0.378762 2.876917 4.718150
v 0.008173 2.877716 4.716121
v 0.502507 2.876952 4.715624
v 0.262145 2.876841 4.718129
v 0.180979 2.876559 4.718133
v 0.260356 2.876855 4.714930
v 0.182640 2.876583 4.714930
v 0.031830 2.874422 4.718150
v 0.493829 2.877271 4.718150
v 0.006589 2.877716 4.711601
v 0.499471 2.877139 4.692507
v 0.019381 2.875934 4.684426
v -0.000856 2.877688 4.697395
v 0.077891 2.875976 4.650551
v 0.051873 2.875948 4.665508
v 0.258910 2.876052 4.545994
v 0.428329 2.878435 4.448409
v 0.421606 2.877980 4.452061
v 0.293886 2.876059 4.525798
v 0.101607 2.876045 4.636821
v 0.125346 2.876055 4.623105
v 0.148200 2.876055 4.609910
v -0.000947 2.877716 4.699323
v 0.429993 2.878466 4.450153
v 0.394712 2.876149 4.467587
v 0.359302 2.876059 4.488033
v 0.321551 2.876108 4.509827
v 0.002639 2.877716 4.704368
v 0.439054 2.878466 4.471523
v 0.223831 2.876028 4.566246
v 0.194946 2.876034 4.582922
v 0.173697 2.876045 4.595190
v 0.004835 2.877716 4.708009
v 0.475759 2.878275 4.579941
v 0.014458 2.681782 4.717591
v 0.015730 2.630971 4.717952
v 0.015824 2.744294 4.718070
v 0.015872 2.862245 4.717952
v 0.015664 2.652254 4.718070
v 0.013614 2.807408 4.716785
v 0.014583 2.777383 4.717952
v 0.014399 2.833360 4.716785
v 0.014458 2.712880 4.717591
v 0.014590 2.630784 4.716079
v 0.015865 2.634386 4.718150
v 0.012259 2.882271 4.717952
v 0.011165 2.882886 4.716065
v 0.012336 2.630784 4.711091
v 0.009848 2.882886 4.711129
v 0.008385 2.652254 4.690634
v 0.008601 2.681782 4.690732
v 0.009904 2.712880 4.691409
v 0.008573 2.775941 4.690846
v 0.008306 2.807168 4.690693
v 0.004668 2.863930 4.693691
v 0.001930 2.882288 4.695553
v 0.008385 2.634386 4.690634
v 0.007666 2.833607 4.691183
v 0.009900 2.743961 4.691850
v 0.008347 2.630971 4.690804
v 0.008257 2.630784 4.692715
v 0.002219 2.882886 4.697419
v 0.009195 2.630784 4.699010
v 0.005853 2.882886 4.702839
v 0.008083 2.882886 4.707012
v 0.010741 2.630784 4.705743
v 0.013527 2.876924 4.718150
v 0.002611 2.877299 4.695008
v 0.010234 2.666224 4.717768
v 0.126753 2.666224 4.718150
v 0.273450 2.653303 4.691871
v 0.431223 2.703510 4.696245
v 0.009278 2.697347 4.717389
v 0.011179 2.792656 4.717219
v 0.133479 2.795171 4.718150
v 0.436347 2.839371 4.718150
v 0.066690 2.631531 4.718150
v 0.073250 2.697347 4.718150
v 0.071002 2.759122 4.718150
v 0.074949 2.823598 4.700567
v 0.207599 2.631531 4.718150
v 0.192712 2.785169 4.691840
v 0.359570 2.631868 4.718150
v 0.358889 2.833478 4.718150
v 0.307220 2.631635 4.718150
v 0.307828 2.756538 4.691211
v 0.384567 2.632177 4.718150
v 0.388990 2.693508 4.718150
v 0.392957 2.825915 4.700588
v 0.010946 2.873151 4.718150
v 0.082918 2.865407 4.718150
v 0.285631 2.869694 4.718150
v 0.395664 2.859112 4.718150
v 0.500708 2.765640 4.718150
v 0.369777 2.852083 4.718150
v 0.365789 2.791728 4.718150
v 0.499923 2.874999 4.718150
v 0.334732 2.631725 4.718150
v 0.346979 2.765758 4.718150
v 0.327443 2.840198 4.718150
v 0.327461 2.867248 4.718150
v 0.294893 2.807523 4.718150
v 0.392735 2.793038 4.718150
v 0.499273 2.794678 4.718150
v 0.367585 2.765640 4.718150
v 0.266453 2.797687 4.718150
v 0.338669 2.789060 4.718150
v 0.011193 2.641470 4.718150
v 0.126823 2.641470 4.718150
v 0.436813 2.632344 4.718150
v 0.073284 2.666224 4.718150
v 0.209183 2.663706 4.718150
v 0.307651 2.664790 4.718150
v 0.387875 2.676376 4.718150
v 0.356933 2.686844 4.695804
v 0.394535 2.765640 4.718150
v 0.332207 2.725693 4.718150
v 0.314005 2.707648 4.718150
v 0.352816 2.734678 4.718150
v 0.443893 2.737846 4.718150
v 0.277018 2.700936 4.718150
v 0.473355 2.680434 4.718150
v 0.475551 2.701297 4.718150
v 0.480602 2.839319 4.718150
v 0.449511 2.765640 4.718150
v 0.422308 2.855252 4.718150
v 0.417187 2.795085 4.718150
v 0.422488 2.765640 4.718150
v 0.424066 2.737592 4.718150
v 0.410721 2.652470 4.718150
v 0.501493 2.733312 4.718150
v 0.403853 2.734174 4.718150
v 0.378400 2.733330 4.718150
v 0.387659 2.708874 4.718150
v 0.464864 2.657375 4.718150
v 0.018628 2.818737 4.717271
v 0.030391 2.763750 4.718150
v 0.126777 2.768555 4.718150
v 0.024127 2.843405 4.717709
v 0.110223 2.859813 4.718150
v 0.225290 2.687060 4.718150
v 0.205091 2.880402 4.689668
v 0.126267 2.697347 4.718150
v 0.149089 2.813703 4.718150
v 0.433773 2.812789 4.718150
v 0.191534 2.823744 4.718150
v 0.253456 2.826228 4.718150
v 0.282351 2.842452 4.718150
v 0.221840 2.816087 4.718150
v 0.236849 2.788737 4.718150
v 0.145566 2.846187 4.718150
v 0.122928 2.829132 4.718150
v 0.114458 2.801856 4.718150
v 0.102357 2.775927 4.718150
v 0.166134 2.831172 4.718150
v 0.138781 2.880224 4.718150
v 0.167631 2.851138 4.718150
v 0.164564 2.869948 4.718150
v 0.165217 2.697347 4.718150
v 0.168291 2.666224 4.718150
v 0.167857 2.641470 4.718150
v 0.236939 2.761499 4.718150
v 0.195960 2.713585 4.718150
v 0.296835 2.688140 4.718150
v 0.227441 2.641397 4.718150
v 0.292246 2.631534 4.718150
v 0.298649 2.661402 4.718150
v 0.287350 2.677196 4.718150
v 0.266707 2.681942 4.718150
v 0.244847 2.676206 4.718150
v 0.230248 2.660693 4.718150
v 0.397095 2.691920 4.718150
v 0.400563 2.679284 4.718150
v 0.410732 2.672343 4.718150
v 0.425674 2.673545 4.718150
v 0.439474 2.680879 4.718150
v 0.448257 2.691496 4.718150
v 0.451721 2.704528 4.718150
v 0.448563 2.717147 4.718150
v 0.438310 2.723327 4.718150
v 0.424597 2.722823 4.718150
v 0.410971 2.716191 4.718150
v 0.400649 2.704893 4.718150
v 0.079538 2.852205 4.718150
v 0.056299 2.848692 4.718150
v 0.036266 2.836060 4.718150
v 0.026031 2.816538 4.718150
v 0.028387 2.794987 4.718150
v 0.043986 2.778168 4.718150
v 0.068643 2.775357 4.718150
v 0.091132 2.786541 4.718150
v 0.103771 2.805629 4.718150
v 0.106568 2.827367 4.718150
v 0.098612 2.845114 4.718150
v 0.177863 2.747692 4.718150
v 0.200633 2.754675 4.718150
v 0.213891 2.768332 4.718150
v 0.218908 2.787532 4.718150
v 0.209677 2.805542 4.718150
v 0.187167 2.812987 4.718150
v 0.161430 2.807237 4.718150
v 0.144124 2.791291 4.718150
v 0.142033 2.771164 4.718150
v 0.154068 2.753487 4.718150
v 0.260147 2.755152 4.718150
v 0.265758 2.731558 4.718150
v 0.287556 2.720009 4.718150
v 0.311973 2.723557 4.718150
v 0.330869 2.740108 4.718150
v 0.337418 2.765671 4.718150
v 0.324959 2.786698 4.718150
v 0.299306 2.791065 4.718150
v 0.273342 2.778870 4.718150
v 0.370483 2.828337 4.718150
v 0.377104 2.813408 4.718150
v 0.393993 2.807199 4.718150
v 0.412604 2.811129 4.718150
v 0.424799 2.823820 4.718150
v 0.425803 2.839416 4.718150
v 0.413997 2.849102 4.718150
v 0.395070 2.850502 4.718150
v 0.377824 2.843109 4.718150
v 0.355911 2.717028 4.718150
v 0.333058 2.710862 4.718150
v 0.316687 2.692493 4.718150
v 0.316625 2.668406 4.718150
v 0.335229 2.657167 4.718150
v 0.359024 2.660798 4.718150
v 0.375148 2.674754 4.718150
v 0.380877 2.694880 4.718150
v 0.374655 2.711355 4.718150
v 0.263889 2.871007 4.718150
v 0.181275 2.880370 4.718150
v 0.180566 2.851152 4.718150
v 0.196391 2.834274 4.718150
v 0.221117 2.829917 4.718150
v 0.245878 2.837863 4.718150
v 0.261026 2.854282 4.718150
v 0.229192 2.641363 4.717285
v 0.290752 2.631704 4.717281
v 0.296901 2.660662 4.717288
v 0.286336 2.675671 4.717288
v 0.266696 2.680114 4.717285
v 0.245774 2.674643 4.717288
v 0.231905 2.659922 4.717288
v 0.403398 2.692445 4.709343
v 0.405878 2.683272 4.709343
v 0.413525 2.678540 4.709346
v 0.424712 2.679722 4.709343
v 0.435281 2.685447 4.709343
v 0.442337 2.693803 4.709343
v 0.445301 2.703646 4.709343
v 0.443136 2.712887 4.709357
v 0.435802 2.717282 4.709412
v 0.425389 2.716517 4.709398
v 0.414376 2.710987 4.709343
v 0.406232 2.702148 4.709343
v 0.078451 2.845916 4.712786
v 0.058154 2.842775 4.712786
v 0.040870 2.831904 4.712786
v 0.032129 2.815402 4.712786
v 0.034060 2.797513 4.712786
v 0.046866 2.783654 4.712786
v 0.067590 2.781476 4.712786
v 0.086969 2.791138 4.712786
v 0.097775 2.807220 4.712786
v 0.100245 2.825804 4.712786
v 0.094338 2.840625 4.712786
v 0.178235 2.753939 4.709343
v 0.197249 2.759880 4.709343
v 0.208506 2.771428 4.709343
v 0.212717 2.786854 4.709343
v 0.204816 2.800956 4.709343
v 0.186069 2.806845 4.709343
v 0.164994 2.802113 4.709343
v 0.150312 2.788939 4.709343
v 0.148502 2.772342 4.709343
v 0.158706 2.758261 4.709346
v 0.266314 2.754446 4.709343
v 0.270667 2.735341 4.709343
v 0.288633 2.726121 4.709343
v 0.309370 2.729188 4.709343
v 0.325588 2.743395 4.709343
v 0.331300 2.764678 4.709343
v 0.321402 2.781615 4.709343
v 0.300025 2.784902 4.709343
v 0.277616 2.774374 4.709343
v 0.376229 2.827343 4.712021
v 0.381409 2.815322 4.712015
v 0.394927 2.810590 4.712011
v 0.409644 2.814061 4.712011
v 0.419313 2.824358 4.712018
v 0.420223 2.836887 4.712021
v 0.410582 2.844512 4.712018
v 0.395525 2.845402 4.712018
v 0.382298 2.839472 4.712018
v 0.355130 2.713606 4.714891
v 0.334566 2.707964 4.714988
v 0.319581 2.691514 4.715156
v 0.319376 2.670209 4.715062
v 0.336261 2.660402 4.714940
v 0.357854 2.663740 4.715016
v 0.372539 2.676189 4.715051
v 0.377796 2.694268 4.715044
v 0.372025 2.708906 4.714912
v 0.262246 2.871084 4.717400
v 0.182609 2.880291 4.717400
v 0.182209 2.851864 4.717403
v 0.197274 2.835747 4.717396
v 0.221027 2.831568 4.717389
v 0.244899 2.839277 4.717396
v 0.259376 2.854977 4.717400
v 0.242880 2.640397 4.696717
v 0.280451 2.631649 4.696717
v 0.282646 2.654607 4.696717
v 0.277213 2.663070 4.696717
v 0.265615 2.665704 4.696717
v 0.252611 2.662420 4.696717
v 0.244843 2.653894 4.696717
v 0.411712 2.693383 4.698458
v 0.413150 2.688706 4.698458
v 0.417576 2.686573 4.698458
v 0.423552 2.687772 4.698458
v 0.429691 2.691510 4.698458
v 0.434384 2.696669 4.698458
v 0.436552 2.702114 4.698458
v 0.435593 2.707036 4.698468
v 0.431702 2.709121 4.698524
v 0.425807 2.708002 4.698510
v 0.418799 2.704094 4.698458
v 0.413549 2.698608 4.698458
v 0.074865 2.834187 4.704239
v 0.061215 2.831828 4.704239
v 0.049336 2.824376 4.704239
v 0.043423 2.813494 4.704239
v 0.044604 2.802217 4.704239
v 0.052446 2.793653 4.704239
v 0.065926 2.792527 4.704239
v 0.079298 2.799229 4.704239
v 0.087029 2.809624 4.704239
v 0.088860 2.821579 4.704239
v 0.085087 2.831210 4.704239
v 0.178985 2.763570 4.695779
v 0.191461 2.767926 4.695946
v 0.199191 2.776268 4.696363
v 0.201585 2.786051 4.696474
v 0.196196 2.794532 4.696148
v 0.184363 2.797815 4.695800
v 0.171328 2.794362 4.695845
v 0.161527 2.785767 4.696287
v 0.159724 2.774552 4.696454
v 0.166492 2.765720 4.696082
v 0.278109 2.753557 4.696464
v 0.280322 2.742533 4.696464
v 0.291148 2.737422 4.696464
v 0.304607 2.739503 4.696464
v 0.315381 2.748978 4.696464
v 0.319310 2.762180 4.696464
v 0.313922 2.771807 4.696464
v 0.300667 2.773311 4.696464
v 0.285586 2.766200 4.696464
v 0.385512 2.826600 4.703496
v 0.388642 2.819762 4.703496
v 0.396491 2.817344 4.703496
v 0.405142 2.819856 4.703496
v 0.410850 2.825793 4.703496
v 0.411402 2.833002 4.703496
v 0.405725 2.837634 4.703496
v 0.396786 2.837964 4.703496
v 0.389087 2.834121 4.703496
v 0.351784 2.699886 4.698937
v 0.341021 2.696193 4.698812
v 0.332755 2.688154 4.699097
v 0.332273 2.678100 4.699223
v 0.341076 2.673162 4.698761
v 0.353083 2.675216 4.698510
v 0.361540 2.681713 4.698646
v 0.364197 2.690864 4.698896
v 0.360636 2.698344 4.699108
v 0.248408 2.871765 4.695682
v 0.193202 2.880367 4.696381
v 0.196325 2.857503 4.695074
v 0.205011 2.846778 4.694862
v 0.219780 2.843251 4.694716
v 0.235122 2.848814 4.694869
v 0.244707 2.859633 4.695081
v 0.271748 2.631631 4.690978
v 0.254102 2.653033 4.691871
v 0.252677 2.640119 4.690978
v 0.264240 2.654360 4.690978
v 0.262718 2.640247 4.689188
v 0.349977 2.681865 4.695230
v 0.343387 2.678982 4.695612
v 0.352983 2.693244 4.695804
v 0.345600 2.689276 4.695230
v 0.339346 2.683891 4.695804
v 0.428398 2.701127 4.696245
v 0.424017 2.697680 4.696245
v 0.419772 2.694095 4.696245
v 0.417232 2.691819 4.696245
v 0.251955 2.714086 4.718150
v 0.220544 2.740070 4.718150
v 0.169924 2.729675 4.718150
v 0.132837 2.735039 4.718150
v 0.073180 2.728518 4.718150
v 0.026191 2.728358 4.717969
v 0.292958 2.746525 4.690860
v 0.299563 2.750041 4.690162
v 0.303603 2.763722 4.691211
v 0.293799 2.758003 4.690162
v 0.287886 2.750638 4.691211
v 0.169205 2.776956 4.691700
v 0.177074 2.779436 4.690954
v 0.185951 2.782733 4.691075
v 0.079302 2.815426 4.700567
v 0.052168 2.807623 4.700668
v 0.055990 2.801074 4.700567
v 0.072058 2.808804 4.700070
v 0.066120 2.819602 4.700070
v 0.062862 2.803193 4.700174
v 0.057480 2.813745 4.700174
v 0.206452 2.857896 4.687549
v 0.232815 2.858962 4.687556
v 0.234469 2.871883 4.687622
v 0.219005 2.856586 4.685617
v 0.218915 2.871653 4.684551
v 0.007878 2.666224 4.716962
v 0.026337 2.630784 4.717361
v 0.113631 2.630784 4.717361
v 0.502507 2.644726 4.717361
v 0.411124 2.630784 4.717361
v 0.007878 2.728358 4.716962
v 0.503293 2.697239 4.717361
v 0.009605 2.792555 4.716382
v 0.504078 2.733410 4.717361
v 0.009605 2.851437 4.716382
v 0.501858 2.841310 4.717361
v 0.060093 2.630784 4.717361
v 0.167572 2.630784 4.717361
v 0.359577 2.630784 4.717361
v 0.306865 2.630784 4.717438
v 0.384473 2.630784 4.717361
v 0.008886 2.873794 4.717361
v 0.502507 2.879686 4.717361
v 0.009619 2.882886 4.717361
v 0.480727 2.882886 4.717361
v 0.087835 2.882886 4.717361
v 0.115472 2.882886 4.717361
v 0.362422 2.882886 4.717361
v 0.327461 2.882886 4.717361
v 0.400972 2.882886 4.717361
v 0.334725 2.630784 4.717361
v 0.284342 2.882886 4.717348
v 0.008886 2.760057 4.717361
v 0.501858 2.794469 4.717361
v 0.008886 2.631531 4.717361
v 0.502507 2.667270 4.717361
v 0.503293 2.765640 4.717361
v 0.499923 2.630784 4.717361
v 0.444922 2.882886 4.717361
v 0.437233 2.630784 4.717361
v 0.010328 2.821173 4.715402
v 0.167242 2.882886 4.717354
v 0.138882 2.882886 4.717361
v 0.207808 2.630784 4.717361
v 0.291600 2.630784 4.717476
v 0.182237 2.882886 4.717441
v 0.233600 2.630784 4.708478
v 0.258240 2.882886 4.708478
v 0.251896 2.630784 4.690224
v 0.242355 2.630784 4.696193
v 0.280784 2.630784 4.696231
v 0.235615 2.882886 4.689487
v 0.250068 2.882886 4.696061
v 0.192757 2.882886 4.696036
v 0.261738 2.630784 4.688369
v 0.271869 2.630784 4.690297
v 0.006867 2.697347 4.716559
v 0.219071 2.882886 4.687101
v 0.204903 2.882886 4.689428
v 0.398071 2.825074 4.700181
v 0.403668 2.826217 4.700588
v 0.403926 2.831210 4.700588
v 0.398256 2.831067 4.700181
v 0.393781 2.830227 4.700452
v 0.353910 2.707741 4.706629
v 0.337206 2.702892 4.706602
v 0.324695 2.689995 4.707057
v 0.324296 2.673287 4.707085
v 0.338113 2.665828 4.706501
v 0.355807 2.668830 4.706327
v 0.367929 2.678607 4.706501
v 0.372383 2.693011 4.706741
v 0.367647 2.704657 4.706824
v 0.398457 2.691931 4.718084
v 0.401671 2.680094 4.718084
v 0.411128 2.673659 4.718084
v 0.425306 2.674858 4.718084
v 0.438599 2.681921 4.718081
v 0.447045 2.692115 4.718084
v 0.450355 2.704521 4.718084
v 0.447468 2.716316 4.718084
v 0.437932 2.722003 4.718084
v 0.424910 2.721496 4.718084
v 0.411781 2.715096 4.718081
v 0.401855 2.704250 4.718081
v 0.079364 2.850843 4.718109
v 0.056771 2.847414 4.718109
v 0.037277 2.835146 4.718109
v 0.027372 2.816288 4.718109
v 0.029634 2.795543 4.718109
v 0.044618 2.779374 4.718109
v 0.068414 2.776702 4.718109
v 0.090218 2.787552 4.718109
v 0.102489 2.806094 4.718109
v 0.105213 2.827138 4.718109
v 0.097670 2.844127 4.718109
v 0.177828 2.749054 4.718084
v 0.199890 2.755819 4.718081
v 0.212710 2.769013 4.718081
v 0.217546 2.787382 4.718084
v 0.208756 2.804524 4.718084
v 0.187073 2.811629 4.718084
v 0.162090 2.806046 4.718084
v 0.145358 2.790707 4.718084
v 0.143360 2.771484 4.718084
v 0.154877 2.754585 4.718084
v 0.261505 2.754995 4.718084
v 0.266835 2.732388 4.718084
v 0.287792 2.721350 4.718084
v 0.311399 2.724793 4.718081
v 0.329709 2.740830 4.718081
v 0.336074 2.765453 4.718084
v 0.324178 2.785579 4.718084
v 0.299462 2.789710 4.718084
v 0.274280 2.777880 4.718081
v 0.371942 2.828375 4.718094
v 0.378070 2.814377 4.718091
v 0.394114 2.808558 4.718084
v 0.411920 2.812310 4.718088
v 0.423520 2.824324 4.718094
v 0.424535 2.838864 4.718094
v 0.413157 2.847848 4.718094
v 0.395101 2.849144 4.718091
v 0.378949 2.842196 4.718094
v 0.355519 2.715656 4.718084
v 0.333694 2.709680 4.718084
v 0.317962 2.692069 4.718084
v 0.317802 2.669167 4.718084
v 0.335632 2.658526 4.718084
v 0.358528 2.662038 4.718084
v 0.373995 2.675362 4.718084
v 0.379508 2.694647 4.718084
v 0.373460 2.710371 4.718084
v 0.362975 2.812074 4.718150
v 0.330070 2.810559 4.718150
v 0.453038 2.800195 4.718150
v 0.455129 2.838280 4.718150
v 0.442365 2.867120 4.718150
v 0.398200 2.872283 4.718150
v 0.362624 2.868982 4.718150
v 0.006106 2.666224 4.713804
v 0.008382 2.630784 4.713953
v 0.113631 2.630784 4.711983
v 0.411124 2.630784 4.711983
v 0.006482 2.728358 4.714405
v 0.503293 2.697239 4.711983
v 0.007784 2.792520 4.713932
v 0.504078 2.733410 4.711983
v 0.007857 2.851437 4.713411
v 0.501858 2.841310 4.711983
v 0.060023 2.630784 4.712494
v 0.167572 2.630784 4.711983
v 0.359577 2.630784 4.711983
v 0.307182 2.630784 4.712119
v 0.384473 2.630784 4.711983
v 0.007406 2.880568 4.713974
v 0.502507 2.875149 4.711983
v 0.046210 2.882886 4.712407
v 0.499923 2.882886 4.711983
v 0.087122 2.882886 4.712205
v 0.114764 2.882886 4.712205
v 0.362422 2.882886 4.711983
v 0.327461 2.882886 4.711983
v 0.400972 2.882886 4.711983
v 0.334725 2.630784 4.711983
v 0.007260 2.760019 4.715051
v 0.501858 2.794469 4.711983
v 0.006614 2.641470 4.714005
v 0.502507 2.667270 4.711983
v 0.503293 2.765640 4.711983
v 0.473814 2.630784 4.711983
v 0.444922 2.882886 4.711983
v 0.437233 2.630784 4.711983
v 0.008358 2.821173 4.712907
v 0.166895 2.882886 4.711969
v 0.138882 2.882886 4.711983
v 0.207568 2.630784 4.711983
v 0.285057 2.882886 4.711952
v 0.232245 2.630784 4.704583
v 0.260022 2.882886 4.704451
v 0.251649 2.630784 4.687764
v 0.241657 2.630784 4.693337
v 0.281562 2.630784 4.693407
v 0.235737 2.882886 4.687125
v 0.250749 2.882886 4.693174
v 0.192236 2.882886 4.693146
v 0.261801 2.630784 4.686038
v 0.272206 2.630784 4.687896
v 0.005603 2.697347 4.713602
v 0.219071 2.882886 4.684877
v 0.204823 2.882886 4.687021
v 0.183821 2.882886 4.704542
v 0.235424 2.882806 4.690078
v 0.249603 2.882806 4.696492
v 0.193091 2.882806 4.696485
v 0.219071 2.882806 4.687799
v 0.205028 2.882806 4.690074
v 0.257614 2.882806 4.708738
v 0.185635 2.882806 4.708738
v 0.262680 2.871063 4.718077
v 0.182293 2.880332 4.718077
v 0.181747 2.851687 4.718077
v 0.197020 2.835400 4.718077
v 0.221058 2.831203 4.718074
v 0.245197 2.838961 4.718077
v 0.259838 2.854810 4.718077
v 0.252184 2.630881 4.690881
v 0.242970 2.630881 4.696620
v 0.280305 2.630877 4.696620
v 0.261749 2.630881 4.689091
v 0.271661 2.630881 4.690881
v 0.234490 2.630881 4.708617
v 0.287073 2.630877 4.708617
v 0.228684 2.641352 4.718063
v 0.291137 2.631614 4.718063
v 0.297401 2.660871 4.718063
v 0.286624 2.676109 4.718063
v 0.266714 2.680639 4.718063
v 0.245524 2.675091 4.718063
v 0.231429 2.660144 4.718063
v 0.257559 2.880360 4.708731
v 0.184273 2.870514 4.708731
v 0.187198 2.853719 4.708731
v 0.200015 2.839291 4.708731
v 0.220687 2.835177 4.708728
v 0.241581 2.842421 4.708731
v 0.254366 2.856690 4.708731
v 0.260908 2.882806 4.717465
v 0.183008 2.882806 4.717465
v 0.185135 2.882886 4.708526
v 0.261707 2.882886 4.717431
v 0.073284 2.641470 4.718150
v 0.207255 2.641474 4.718150
v 0.359525 2.646306 4.718150
v 0.309457 2.643003 4.718150
v 0.385790 2.650771 4.718150
v 0.334795 2.644291 4.718150
v 0.011193 2.631531 4.718150
v 0.120228 2.631531 4.718150
v 0.431205 2.653123 4.718150
v 0.411097 2.632295 4.718150
v 0.167593 2.631531 4.718150
v 0.228573 2.631524 4.718150
v 0.296491 2.641516 4.718150
v 0.230203 2.631701 4.717285
v 0.294789 2.641456 4.717285
v 0.242963 2.631635 4.696717
v 0.282167 2.640619 4.696717
v 0.272752 2.640372 4.690978
v 0.252222 2.631614 4.690978
v 0.261825 2.631624 4.689188
v 0.008886 2.641470 4.717361
v 0.229723 2.631610 4.718063
v 0.295258 2.641449 4.718063
v 0.233798 2.641039 4.708631
v 0.287281 2.631680 4.708631
v 0.292312 2.658765 4.708634
v 0.283664 2.671672 4.708634
v 0.266488 2.675324 4.708631
v 0.248039 2.670539 4.708634
v 0.236258 2.657893 4.708634
v 0.229018 2.630784 4.717403
v 0.287840 2.630784 4.708519
v 0.289279 2.630784 4.704656
v 0.230147 2.630881 4.717365
v 0.290550 2.630877 4.717361
v 0.234497 2.631680 4.708631
v 0.290540 2.641119 4.708631
v 0.473515 2.632389 4.718150
v 0.502507 2.632250 4.717361
v 0.502507 2.632205 4.711983
v 0.046210 2.882886 4.717361
v 0.052102 2.863510 4.718150
v 0.480682 2.765640 4.718150
v 0.480727 2.880249 4.718150
v 0.480592 2.796523 4.718150
v 0.499923 2.668608 4.718150
v 0.500708 2.697653 4.718150
v 0.499273 2.841108 4.718150
v 0.471871 2.730679 4.718150
v 0.499923 2.645608 4.718150
v 0.499923 2.882886 4.717361
v 0.473814 2.630784 4.717361
v 0.499923 2.632305 4.718150
v 0.004512 2.666224 4.709749
v 0.502507 2.644677 4.711983
v 0.005401 2.792465 4.709846
v 0.005689 2.851437 4.709308
v 0.490049 2.841310 4.643266
v 0.155715 2.630784 4.689765
v 0.299483 2.630784 4.668986
v 0.110247 2.882886 4.695022
v 0.350016 2.882886 4.662374
v 0.387274 2.882886 4.657556
v 0.323246 2.630784 4.665835
v 0.005467 2.759963 4.711052
v 0.004512 2.641470 4.709749
v 0.490768 2.765640 4.643266
v 0.432234 2.882886 4.651264
v 0.262381 2.882886 4.679732
v 0.235542 2.630784 4.670887
v 0.232864 2.882886 4.673673
v 0.248467 2.882886 4.667398
v 0.190742 2.882886 4.676522
v 0.247174 2.630784 4.668371
v 0.217532 2.882886 4.668732
v 0.204830 2.882886 4.676101
v 0.180013 2.882886 4.689481
v 0.006614 2.631531 4.714005
v 0.240969 2.630784 4.616132
v 0.008219 2.882886 4.713915
v 0.480727 2.882886 4.711983
v 0.499923 2.630784 4.711983
v 0.006572 2.882886 4.709499
v 0.469391 2.882886 4.645969
v 0.004546 2.666224 4.692851
v 0.081400 2.666224 4.648478
v 0.191392 2.653303 4.599418
v 0.390042 2.703510 4.486080
v 0.005578 2.697347 4.693316
v 0.004536 2.792343 4.692857
v 0.113492 2.789710 4.629998
v 0.371428 2.839371 4.481032
v 0.045581 2.631531 4.669160
v 0.045549 2.697347 4.669174
v 0.045303 2.760151 4.669351
v 0.138135 2.631531 4.615722
v 0.162670 2.783467 4.615166
v 0.304937 2.631868 4.519420
v 0.304347 2.834660 4.519760
v 0.219641 2.631586 4.568664
v 0.261592 2.746219 4.544445
v 0.335452 2.632170 4.501801
v 0.337960 2.693508 4.500280
v 0.339954 2.825915 4.514732
v 0.000131 2.873453 4.696641
v 0.065339 2.868304 4.657788
v 0.336192 2.856009 4.501374
v 0.426748 2.765640 4.449851
v 0.313776 2.851715 4.514316
v 0.310322 2.791728 4.516310
v 0.426748 2.875774 4.449090
v 0.283425 2.631725 4.531840
v 0.286649 2.759588 4.529978
v 0.277133 2.841077 4.535470
v 0.277129 2.868551 4.535474
v 0.244874 2.805719 4.554096
v 0.333659 2.793038 4.502837
v 0.426748 2.794654 4.450608
v 0.311879 2.765640 4.515410
v 0.215868 2.798079 4.570845
v 0.280405 2.784950 4.533580
v 0.004546 2.641470 4.692851
v 0.081459 2.641470 4.648443
v 0.383754 2.632364 4.473914
v 0.045581 2.666224 4.669160
v 0.139507 2.663706 4.614930
v 0.252083 2.666245 4.549934
v 0.336994 2.676376 4.500835
v 0.312313 2.686844 4.540473
v 0.335215 2.765640 4.501937
v 0.275455 2.722313 4.536440
v 0.257920 2.703872 4.546564
v 0.296755 2.732041 4.524141
v 0.385509 2.737846 4.472826
v 0.411287 2.680274 4.457942
v 0.412848 2.701249 4.456695
v 0.410301 2.839343 4.458967
v 0.382827 2.765640 4.474449
v 0.359268 2.853702 4.488050
v 0.354834 2.795085 4.490611
v 0.359424 2.765640 4.487960
v 0.368339 2.737592 4.482741
v 0.364097 2.652491 4.485191
v 0.426748 2.733326 4.448399
v 0.350832 2.734174 4.492848
v 0.325018 2.733330 4.507788
v 0.336810 2.708874 4.500943
v 0.404839 2.657289 4.461681
v 0.016762 2.818661 4.685822
v 0.017679 2.759727 4.685978
v 0.111730 2.767992 4.630991
v 0.015153 2.846379 4.687024
v 0.089606 2.868402 4.643815
v 0.151997 2.687681 4.607718
v 0.081411 2.697347 4.648470
v 0.125558 2.807321 4.623008
v 0.369197 2.812789 4.482318
v 0.188383 2.789008 4.586712
v 0.108621 2.817740 4.632794
v 0.138489 2.818369 4.615517
v 0.113728 2.880287 4.629814
v 0.115827 2.697347 4.628601
v 0.116216 2.666224 4.628379
v 0.115840 2.641470 4.628594
v 0.180938 2.759418 4.591010
v 0.144058 2.716396 4.612300
v 0.210820 2.681640 4.573757
v 0.145295 2.641397 4.611588
v 0.201418 2.631534 4.579184
v 0.206963 2.661402 4.575984
v 0.197176 2.677196 4.581633
v 0.179298 2.681942 4.591955
v 0.160367 2.676206 4.602885
v 0.147724 2.660693 4.610184
v 0.352524 2.691920 4.491796
v 0.355505 2.679288 4.490010
v 0.364291 2.672343 4.484875
v 0.377233 2.673545 4.477405
v 0.389181 2.680879 4.470505
v 0.396789 2.691496 4.466114
v 0.399812 2.704528 4.464432
v 0.397074 2.717147 4.466013
v 0.388173 2.723327 4.471086
v 0.376298 2.722823 4.477944
v 0.364496 2.716191 4.484756
v 0.355581 2.704893 4.489968
v 0.148304 2.756430 4.609850
v 0.162736 2.761540 4.601520
v 0.171137 2.771533 4.596669
v 0.174316 2.785583 4.594831
v 0.168469 2.798760 4.598208
v 0.154203 2.804211 4.606446
v 0.137892 2.800004 4.615861
v 0.126923 2.788334 4.622195
v 0.125600 2.773607 4.622959
v 0.133226 2.760669 4.618557
v 0.314387 2.828337 4.513961
v 0.320123 2.813408 4.510651
v 0.334746 2.807199 4.502208
v 0.350867 2.811129 4.492900
v 0.361429 2.823820 4.486803
v 0.362294 2.839416 4.486303
v 0.352072 2.849102 4.492206
v 0.335677 2.850502 4.501669
v 0.320745 2.843109 4.510293
v 0.301765 2.717028 4.521250
v 0.281976 2.710862 4.532677
v 0.267801 2.692493 4.540859
v 0.267745 2.668406 4.540894
v 0.283855 2.657167 4.531590
v 0.304465 2.660798 4.519694
v 0.318424 2.674754 4.511630
v 0.323389 2.694880 4.508767
v 0.318000 2.711355 4.511877
v 0.147025 2.641363 4.611084
v 0.200338 2.631704 4.580306
v 0.205664 2.660662 4.577228
v 0.196513 2.675671 4.582512
v 0.179503 2.680114 4.592334
v 0.161388 2.674643 4.602791
v 0.149374 2.659922 4.609729
v 0.360831 2.692445 4.492775
v 0.362947 2.683272 4.491469
v 0.369541 2.678540 4.487578
v 0.379231 2.679722 4.481988
v 0.388382 2.685447 4.476703
v 0.394493 2.693803 4.473174
v 0.397060 2.703646 4.471690
v 0.395181 2.712887 4.472767
v 0.388813 2.717282 4.476408
v 0.379800 2.716517 4.481619
v 0.370277 2.710987 4.487154
v 0.363256 2.702148 4.491292
v 0.150319 2.761002 4.612790
v 0.162368 2.765348 4.605834
v 0.169500 2.773801 4.601714
v 0.172169 2.785086 4.600175
v 0.167162 2.795404 4.603065
v 0.155284 2.799716 4.609924
v 0.141925 2.796252 4.617633
v 0.132621 2.786611 4.623004
v 0.131475 2.774468 4.623668
v 0.137940 2.764163 4.619933
v 0.320300 2.827232 4.514413
v 0.325070 2.814446 4.511731
v 0.337508 2.809433 4.504716
v 0.351020 2.813147 4.497090
v 0.359903 2.824098 4.492066
v 0.360744 2.837432 4.491590
v 0.351874 2.845541 4.496597
v 0.338036 2.846465 4.504407
v 0.325897 2.840159 4.511262
v 0.302728 2.713606 4.524478
v 0.284870 2.707964 4.534675
v 0.271810 2.691514 4.542023
v 0.271678 2.670209 4.542207
v 0.286364 2.660402 4.533872
v 0.305027 2.663740 4.523005
v 0.317726 2.676189 4.515633
v 0.322284 2.694268 4.513013
v 0.317351 2.708906 4.516011
v 0.241504 2.882886 4.556979
v 0.163764 2.640397 4.612707
v 0.196304 2.631649 4.593921
v 0.198208 2.654607 4.592824
v 0.193500 2.663070 4.595540
v 0.183456 2.665704 4.601339
v 0.172197 2.662420 4.607839
v 0.165467 2.653894 4.611723
v 0.371855 2.693383 4.494026
v 0.373179 2.688706 4.493443
v 0.377181 2.686573 4.491518
v 0.382451 2.687772 4.488700
v 0.387718 2.691510 4.485542
v 0.391630 2.696669 4.482929
v 0.393392 2.702114 4.481644
v 0.392589 2.707036 4.482175
v 0.389358 2.709121 4.484361
v 0.384376 2.708002 4.487526
v 0.378268 2.704094 4.490958
v 0.373543 2.698608 4.493279
v 0.153779 2.768646 4.617508
v 0.161322 2.771664 4.613155
v 0.165985 2.777449 4.610462
v 0.167454 2.784279 4.609614
v 0.164192 2.790206 4.611497
v 0.157010 2.792524 4.615642
v 0.149113 2.790137 4.620204
v 0.143183 2.784137 4.623626
v 0.142123 2.776327 4.624238
v 0.146223 2.770164 4.621871
v 0.331262 2.826488 4.515542
v 0.334249 2.818887 4.513882
v 0.341778 2.816187 4.509698
v 0.350036 2.818942 4.505105
v 0.355491 2.825533 4.502072
v 0.356023 2.833548 4.501777
v 0.350585 2.838659 4.504797
v 0.342046 2.839027 4.509549
v 0.334694 2.834806 4.513638
v 0.307237 2.700779 4.540032
v 0.297339 2.696850 4.545907
v 0.289529 2.688255 4.550052
v 0.289015 2.677477 4.550191
v 0.297429 2.672224 4.545921
v 0.308662 2.674431 4.539761
v 0.316381 2.681348 4.535127
v 0.318727 2.691131 4.533455
v 0.315342 2.699126 4.535133
v 0.190131 2.631631 4.600637
v 0.174639 2.653033 4.609090
v 0.173617 2.640119 4.610170
v 0.183630 2.654360 4.604389
v 0.182737 2.640247 4.605886
v 0.306574 2.681865 4.544448
v 0.300678 2.678982 4.547411
v 0.308891 2.693244 4.542447
v 0.302783 2.689276 4.546637
v 0.297082 2.683891 4.549267
v 0.387836 2.701127 4.487905
v 0.384140 2.697680 4.490263
v 0.380335 2.694095 4.492167
v 0.377938 2.691819 4.493102
v 0.175497 2.710789 4.594151
v 0.165522 2.742450 4.599911
v 0.131801 2.734212 4.619380
v 0.116258 2.744805 4.628351
v 0.045490 2.728518 4.669208
v 0.018207 2.728358 4.686162
v 0.217577 2.711240 4.569855
v 0.240486 2.729105 4.556629
v 0.250138 2.774333 4.551056
v 0.224091 2.758483 4.566092
v 0.199549 2.735383 4.580264
v 0.149697 2.778231 4.622657
v 0.154040 2.779812 4.620148
v 0.158939 2.781914 4.617321
v 0.080455 2.790665 4.649145
v 0.044257 2.790585 4.670025
v 0.002931 2.666224 4.694306
v 0.017325 2.630784 4.686215
v 0.081859 2.630784 4.649131
v 0.429121 2.644726 4.448642
v 0.364611 2.630784 4.485886
v 0.005109 2.728358 4.695734
v 0.429121 2.697239 4.447947
v 0.002931 2.792444 4.694306
v 0.429121 2.733410 4.447947
v 0.000811 2.851437 4.696186
v 0.429121 2.841310 4.449399
v 0.045980 2.630784 4.669847
v 0.115990 2.630784 4.629425
v 0.305337 2.630784 4.520107
v 0.254526 2.630784 4.549305
v 0.335771 2.630784 4.502534
v -0.001304 2.873794 4.698062
v 0.429121 2.880694 4.448642
v -0.000516 2.882886 4.697558
v 0.410523 2.882886 4.459377
v 0.066398 2.882886 4.658060
v 0.090333 2.882886 4.644239
v 0.307804 2.882886 4.518683
v 0.277525 2.882886 4.536162
v 0.341188 2.882886 4.499408
v 0.283817 2.630784 4.532531
v 0.004018 2.759942 4.695241
v 0.429121 2.794469 4.450160
v 0.002931 2.631531 4.694306
v 0.429121 2.667270 4.448642
v 0.429121 2.765640 4.449399
v 0.427147 2.630784 4.449781
v 0.379251 2.882886 4.477433
v 0.384515 2.630784 4.474393
v 0.002931 2.821173 4.694306
v 0.137221 2.882886 4.617178
v 0.114211 2.882886 4.630453
v 0.138611 2.630784 4.616129
v 0.201022 2.630784 4.579795
v 0.152935 2.630784 4.612505
v 0.173121 2.630784 4.610868
v 0.163438 2.630784 4.613186
v 0.196711 2.630784 4.593953
v 0.182084 2.630784 4.606710
v 0.190398 2.630784 4.600852
v 0.004018 2.697347 4.694799
v 0.344589 2.825074 4.512527
v 0.349234 2.826217 4.509375
v 0.349456 2.831210 4.509247
v 0.344749 2.831067 4.512433
v 0.340736 2.830227 4.514437
v 0.305993 2.708634 4.532125
v 0.290901 2.703548 4.540887
v 0.279329 2.690099 4.547009
v 0.278936 2.672666 4.547185
v 0.291756 2.664894 4.540515
v 0.307873 2.668045 4.531444
v 0.318751 2.678245 4.524943
v 0.322652 2.693282 4.522383
v 0.318316 2.705438 4.524766
v 0.353744 2.691931 4.491180
v 0.356474 2.680094 4.489458
v 0.364611 2.673659 4.484611
v 0.376889 2.674858 4.477523
v 0.388403 2.681921 4.470877
v 0.395716 2.692115 4.466652
v 0.398610 2.704521 4.465047
v 0.396109 2.716316 4.466489
v 0.387822 2.722003 4.471210
v 0.376548 2.721496 4.477721
v 0.365177 2.715096 4.484284
v 0.356634 2.704250 4.489367
v 0.148321 2.757427 4.609927
v 0.162302 2.762378 4.601857
v 0.170425 2.772033 4.597166
v 0.173492 2.785471 4.595398
v 0.167920 2.798017 4.598611
v 0.154179 2.803218 4.606543
v 0.138347 2.799128 4.615687
v 0.127747 2.787907 4.621806
v 0.126479 2.773839 4.622539
v 0.133775 2.761475 4.618324
v 0.315683 2.828375 4.513287
v 0.320992 2.814377 4.510226
v 0.334889 2.808558 4.502212
v 0.350307 2.812310 4.493307
v 0.360351 2.824324 4.487498
v 0.361230 2.838864 4.486991
v 0.351374 2.847848 4.492682
v 0.335740 2.849144 4.501711
v 0.321753 2.842195 4.509785
v 0.301463 2.715656 4.521507
v 0.282563 2.709680 4.532423
v 0.268940 2.692069 4.540289
v 0.268801 2.669167 4.540369
v 0.284241 2.658526 4.531451
v 0.304069 2.662038 4.520007
v 0.317465 2.675362 4.512273
v 0.322243 2.694647 4.509514
v 0.317000 2.710371 4.512540
v 0.307883 2.812074 4.517717
v 0.278036 2.809628 4.534949
v 0.385880 2.800195 4.472683
v 0.387690 2.838280 4.471642
v 0.376618 2.865810 4.478034
v 0.338366 2.869006 4.500120
v 0.307585 2.868589 4.517891
v 0.002906 2.666224 4.698761
v 0.004248 2.630784 4.697694
v 0.084555 2.630784 4.653800
v 0.359990 2.630784 4.494777
v 0.004804 2.728358 4.700397
v 0.431813 2.697239 4.452613
v 0.002892 2.792444 4.699524
v 0.431813 2.733410 4.452613
v 0.001833 2.851437 4.700463
v 0.431813 2.841310 4.454069
v 0.048673 2.630784 4.674513
v 0.118686 2.630784 4.634094
v 0.308033 2.630784 4.524773
v 0.222458 2.630784 4.573652
v 0.334031 2.630784 4.509765
v 0.000693 2.880568 4.701727
v 0.431813 2.876156 4.453308
v 0.036648 2.882886 4.681455
v 0.429840 2.882886 4.454447
v 0.069091 2.882886 4.662725
v 0.093029 2.882886 4.648905
v 0.310500 2.882886 4.523349
v 0.280221 2.882886 4.540831
v 0.343883 2.882886 4.504074
v 0.286513 2.630784 4.537197
v 0.003893 2.759942 4.700317
v 0.431813 2.794469 4.454826
v 0.002788 2.641470 4.698632
v 0.431813 2.667270 4.453308
v 0.431813 2.765640 4.454069
v 0.410311 2.630784 4.465721
v 0.381944 2.882886 4.482099
v 0.381249 2.630784 4.482502
v 0.002973 2.821173 4.699202
v 0.139830 2.882886 4.621900
v 0.116907 2.882886 4.635119
v 0.141095 2.630784 4.620916
v 0.244252 2.882886 4.561632
v 0.154964 2.630784 4.618724
v 0.177724 2.630784 4.619342
v 0.167100 2.630784 4.620920
v 0.201630 2.630784 4.600922
v 0.187129 2.630784 4.615326
v 0.195481 2.630784 4.608982
v 0.003817 2.697347 4.699389
v 0.211546 2.882886 4.580538
v 0.240650 2.868541 4.556535
v 0.136248 2.868551 4.616810
v 0.173211 2.630881 4.610456
v 0.163869 2.630881 4.612700
v 0.196200 2.630877 4.594036
v 0.181921 2.630881 4.606411
v 0.190078 2.630881 4.600720
v 0.153675 2.630881 4.612001
v 0.199212 2.630877 4.585711
v 0.146393 2.641352 4.611011
v 0.200484 2.631614 4.579784
v 0.205907 2.660871 4.576651
v 0.196575 2.676109 4.582039
v 0.179329 2.680642 4.591996
v 0.160982 2.675091 4.602590
v 0.148773 2.660144 4.609639
v 0.045581 2.641470 4.669160
v 0.137836 2.641474 4.615896
v 0.304896 2.646306 4.519444
v 0.255367 2.643694 4.548037
v 0.335851 2.650761 4.501534
v 0.283480 2.644291 4.531808
v 0.004546 2.631531 4.692851
v 0.081459 2.631531 4.648443
v 0.380481 2.653144 4.475731
v 0.364187 2.632316 4.485209
v 0.115608 2.631531 4.628726
v 0.146275 2.631524 4.611022
v 0.205094 2.641516 4.577064
v 0.147901 2.631701 4.610580
v 0.203836 2.641456 4.578287
v 0.163841 2.631635 4.612665
v 0.197791 2.640619 4.593063
v 0.190999 2.640372 4.600133
v 0.173225 2.631614 4.610396
v 0.181966 2.631624 4.606331
v 0.002931 2.641470 4.694306
v 0.147296 2.631610 4.610490
v 0.204048 2.641449 4.577724
v 0.153071 2.641039 4.612342
v 0.199389 2.631680 4.585600
v 0.203746 2.658765 4.583085
v 0.196256 2.671672 4.587410
v 0.181379 2.675324 4.595999
v 0.165404 2.670539 4.605223
v 0.155200 2.657893 4.611112
v 0.146841 2.630784 4.611115
v 0.199897 2.630784 4.585368
v 0.204330 2.630784 4.590162
v 0.147831 2.630881 4.610570
v 0.200143 2.630877 4.580371
v 0.153675 2.631680 4.611994
v 0.202211 2.641119 4.583971
v 0.410044 2.632378 4.458735
v 0.429121 2.632250 4.448642
v 0.431813 2.632205 4.453308
v 0.033956 2.882886 4.676789
v 0.036874 2.867835 4.674145
v 0.409745 2.765640 4.459287
v 0.410127 2.880468 4.458689
v 0.410290 2.796495 4.459353
v 0.426748 2.668452 4.449090
v 0.426748 2.697604 4.448399
v 0.426748 2.841129 4.449851
v 0.407897 2.730689 4.459638
v 0.426748 2.645508 4.449090
v 0.427147 2.882886 4.449781
v 0.410700 2.630784 4.459277
v 0.426748 2.632298 4.449090
v 0.005095 2.630784 4.704347
v 0.093334 2.630784 4.669886
v 0.431813 2.644677 4.453308
v 0.369009 2.630784 4.554079
v 0.004942 2.728358 4.706397
v 0.456175 2.697239 4.517866
v 0.456175 2.733410 4.517866
v 0.053252 2.630784 4.685718
v 0.322642 2.630784 4.573409
v 0.244840 2.630784 4.596076
v 0.345037 2.630784 4.564074
v 0.003914 2.880568 4.706351
v 0.456175 2.876156 4.518214
v 0.040762 2.882886 4.691134
v 0.454052 2.882886 4.519089
v 0.075501 2.882886 4.677192
v 0.296470 2.882886 4.584586
v 0.456175 2.794469 4.518971
v 0.456175 2.667270 4.518214
v 0.428082 2.630784 4.529679
v 0.392495 2.630784 4.544288
v 0.003813 2.821173 4.705094
v 0.150819 2.882886 4.647939
v 0.125343 2.882886 4.657715
v 0.158911 2.630784 4.645517
v 0.263482 2.882886 4.599216
v 0.175973 2.630784 4.643266
v 0.188807 2.630784 4.643860
v 0.231537 2.630784 4.625812
v 0.222059 2.630784 4.632913
v 0.004192 2.697347 4.705601
v 0.229911 2.882886 4.614295
v 0.002764 2.631531 4.698510
v 0.456175 2.632170 4.518214
v 0.001520 2.882886 4.701276
v 0.413219 2.882886 4.464043
v 0.429840 2.630784 4.454447
v 0.490372 2.644646 4.643266
v 0.004512 2.631531 4.709749
v 0.487944 2.630784 4.643572
v 0.208777 2.882886 4.575890
v 0.208370 2.880270 4.575171
v 0.155381 2.814592 4.605765
v 0.160933 2.868547 4.602558
v 0.161680 2.882886 4.603065
v 0.164352 2.882886 4.607763
v 0.178068 2.882886 4.637068
v 0.202825 2.882886 4.626315
v 0.187289 2.882886 4.594532
v 0.184513 2.882886 4.589891
v 0.184130 2.880277 4.589165
v 0.177074 2.811382 4.593240
v 0.254345 2.631683 4.548627
v 0.222646 2.663337 4.566930
v 0.236977 2.688581 4.558654
v 0.219398 2.630784 4.569303
v 0.257340 2.630784 4.553863
v 0.222490 2.642308 4.567020
v 0.192295 2.693140 4.584454
v 0.081077 2.729178 4.648665
v 0.080362 2.761669 4.649120
v 0.065200 2.842755 4.657879
v 0.088224 2.842494 4.644628
v 0.135408 2.842042 4.617296
v 0.158598 2.841737 4.603909
v 0.184777 2.841365 4.588793
v 0.211810 2.840976 4.573187
v 0.241765 2.840973 4.555892
v 0.112099 2.842352 4.630752
v 0.040206 2.842647 4.672224
v 0.042353 2.816114 4.671088
v 0.063140 2.819119 4.659116
v 0.083961 2.814645 4.647105
v 0.003584 2.666224 4.705295
v 0.003650 2.792444 4.705737
v 0.003866 2.851437 4.705723
v 0.132420 2.630784 4.655107
v 0.100884 2.882886 4.667544
v 0.004331 2.759942 4.706640
v 0.003466 2.641470 4.705167
v 0.200921 2.630784 4.641678
v 0.212255 2.630784 4.638051
v 0.012662 2.882886 4.702902
v 0.023405 2.630784 4.706372
v 0.106728 2.630784 4.694692
v 0.005436 2.728358 4.710527
v 0.057744 2.630784 4.700675
v 0.005728 2.873794 4.709687
v 0.044392 2.882886 4.702537
v 0.083012 2.882886 4.697760
v 0.005696 2.821173 4.708989
v 0.135182 2.882886 4.691861
v 0.190919 2.630784 4.686569
v 0.212995 2.630784 4.681434
v 0.223987 2.630784 4.675163
v 0.269434 2.630784 4.667238
v 0.258094 2.630784 4.667391
v 0.004755 2.697347 4.709673
v 0.003441 2.631531 4.705045
v 0.281910 2.630784 4.668927
v 0.162913 2.882886 4.688674
v 0.456175 2.841310 4.518592
v 0.325203 2.882886 4.572343
v 0.359876 2.882886 4.557886
v 0.300289 2.630784 4.582727
v 0.456175 2.765640 4.518592
v 0.401893 2.882886 4.540605
v 0.436785 2.882886 4.526285
v 0.397088 2.630784 4.656288
v 0.490768 2.697239 4.643266
v 0.491161 2.733410 4.643266
v 0.347264 2.630784 4.662729
v 0.371330 2.630784 4.659616
v 0.490372 2.880190 4.643266
v 0.487944 2.882886 4.643572
v 0.318942 2.882886 4.665876
v 0.490049 2.794469 4.643266
v 0.490372 2.667270 4.643266
v 0.460226 2.630784 4.647633
v 0.422322 2.630784 4.653022
v 0.490372 2.632170 4.643266
v 0.456175 2.644646 4.518214
v 0.454049 2.630784 4.519089
v 0.283171 2.882886 4.670112
v 0.275590 2.630784 4.594126
v 0.018197 2.880207 4.718150
v 0.086987 2.880120 4.718150
v 0.284724 2.880350 4.718150
v 0.499923 2.879947 4.718150
v 0.327461 2.880217 4.718150
v 0.114697 2.880103 4.718150
v 0.205296 2.871452 4.687618
v 0.138270 2.867346 4.718150
v 0.166575 2.880363 4.718150
v 0.262329 2.880419 4.718150
v 0.178210 2.870107 4.718150
v 0.261019 2.880339 4.717400
v 0.179868 2.870209 4.717403
v 0.249332 2.880405 4.696381
v 0.193473 2.871077 4.695679
v 0.235223 2.880426 4.689668
v 0.219043 2.880412 4.687243
v 0.008886 2.880568 4.717361
v 0.502507 2.875149 4.717361
v 0.444467 2.880394 4.718150
v 0.400549 2.880489 4.718150
v 0.362453 2.880311 4.718150
v 0.007406 2.873794 4.713974
v 0.502507 2.879686 4.711983
v 0.261377 2.880377 4.718077
v 0.179437 2.870181 4.718077
v 0.257813 2.871310 4.708731
v 0.185499 2.880318 4.708731
v 0.047276 2.880019 4.718150
v 0.480727 2.871667 4.718150
v -0.000199 2.880551 4.696832
v 0.065891 2.880273 4.657437
v 0.426748 2.880673 4.449090
v 0.277129 2.880287 4.535474
v 0.089881 2.880280 4.643593
v 0.113284 2.868551 4.630071
v -0.001304 2.880568 4.698062
v 0.429121 2.876156 4.448642
v 0.378432 2.880308 4.476988
v 0.340399 2.880311 4.498946
v 0.307435 2.880291 4.517978
v 0.000693 2.873794 4.701727
v 0.431813 2.880694 4.453308
v 0.241049 2.880277 4.556305
v 0.136752 2.880287 4.616518
v 0.034112 2.880249 4.675771
v 0.410127 2.871938 4.458689
v 0.003914 2.873794 4.706351
v 0.456175 2.880694 4.518214
v 0.208256 2.868534 4.575237
v 0.161246 2.880284 4.602381
v 0.184283 2.868541 4.589078
v 0.005728 2.880568 4.709687
v 0.490372 2.875652 4.643266
v 0.026191 2.666224 4.717969
v 0.025739 2.697347 4.717789
v 0.019652 2.793618 4.717709
v 0.024047 2.867019 4.718150
v 0.026643 2.641470 4.718150
v 0.011735 2.820943 4.716291
v 0.010956 2.760234 4.718150
v 0.011603 2.850676 4.717219
v 0.010234 2.728358 4.717768
v 0.010543 2.630784 4.717361
v 0.016602 2.882886 4.717361
v 0.025242 2.630784 4.713453
v 0.026643 2.631531 4.718150
v 0.015939 2.882886 4.713342
v 0.014618 2.882886 4.707703
v 0.017234 2.666224 4.685524
v 0.017721 2.697347 4.685746
v 0.017123 2.791388 4.685624
v 0.011095 2.870215 4.689654
v 0.017234 2.641470 4.685524
v 0.004501 2.820936 4.692878
v 0.005575 2.759921 4.693737
v 0.002434 2.850957 4.694692
v 0.006610 2.728358 4.694199
v 0.004296 2.630784 4.693539
v 0.006999 2.882886 4.692764
v 0.018707 2.630784 4.690603
v 0.017234 2.631531 4.685524
v 0.021174 2.630784 4.698360
v 0.009382 2.882886 4.696978
v 0.004744 2.882886 4.706021
v 0.006304 2.630784 4.709430
v 0.010390 2.880534 4.718150
v 0.007607 2.880377 4.691669
v 0.008809 2.666224 4.717556
v 0.025850 2.681782 4.717834
v 0.043569 2.631531 4.718150
v 0.011029 2.630971 4.717952
v 0.221843 2.641453 4.718150
v 0.115281 2.630971 4.717952
v 0.269278 2.687268 4.718150
v 0.296491 2.631562 4.718150
v 0.500117 2.681476 4.718150
v 0.501861 2.632271 4.717952
v 0.411117 2.631162 4.717952
v 0.008809 2.728358 4.717556
v 0.027466 2.744930 4.718105
v 0.044983 2.697347 4.718060
v 0.175896 2.742561 4.718150
v 0.502647 2.697343 4.717952
v 0.010342 2.792583 4.716986
v 0.188300 2.816302 4.718150
v 0.220200 2.766311 4.718150
v 0.253723 2.756809 4.718150
v 0.503432 2.733385 4.717952
v 0.010446 2.851246 4.716986
v 0.026351 2.855859 4.718039
v 0.501212 2.841257 4.717952
v 0.061743 2.630971 4.717952
v 0.073278 2.681782 4.718150
v 0.072621 2.743971 4.718150
v 0.080462 2.856131 4.718150
v 0.093181 2.631531 4.718150
v 0.102895 2.697347 4.718150
v 0.111279 2.827913 4.718150
v 0.126597 2.681782 4.718150
v 0.167576 2.630971 4.717952
v 0.145726 2.631531 4.718150
v 0.137610 2.770365 4.718150
v 0.359573 2.631054 4.717952
v 0.355324 2.722073 4.718150
v 0.371469 2.632017 4.718150
v 0.383535 2.694647 4.718150
v 0.366918 2.829601 4.718150
v 0.327457 2.855332 4.718150
v 0.307050 2.630996 4.717969
v 0.328090 2.824418 4.718150
v 0.347712 2.631756 4.718150
v 0.345899 2.837752 4.718150
v 0.384497 2.631131 4.717952
v 0.388628 2.684864 4.718150
v 0.393624 2.803033 4.718150
v 0.395205 2.853275 4.718150
v 0.398047 2.632291 4.718150
v 0.394441 2.692316 4.718150
v 0.429017 2.839656 4.718150
v 0.009601 2.880558 4.717952
v 0.067972 2.864972 4.718150
v 0.269865 2.870653 4.718150
v 0.501861 2.875110 4.717952
v 0.124384 2.864208 4.718150
v 0.346837 2.867088 4.718150
v 0.046477 2.882166 4.717952
v 0.499923 2.882149 4.717952
v 0.087623 2.882194 4.717952
v 0.115278 2.882187 4.717952
v 0.362432 2.882240 4.717952
v 0.327461 2.882219 4.717952
v 0.400865 2.882285 4.717952
v 0.498950 2.813560 4.718150
v 0.414060 2.806570 4.718150
v 0.405253 2.793538 4.718150
v 0.361599 2.844461 4.718150
v 0.375298 2.845770 4.718150
v 0.381708 2.856815 4.718150
v 0.373137 2.812622 4.718150
v 0.359924 2.821798 4.718150
v 0.423663 2.880475 4.718150
v 0.416461 2.851218 4.718150
v 0.431654 2.848814 4.718150
v 0.334729 2.631020 4.717952
v 0.284811 2.714621 4.718150
v 0.289626 2.823862 4.718150
v 0.284543 2.882250 4.717948
v 0.321082 2.631708 4.718150
v 0.340430 2.765793 4.718150
v 0.305576 2.841528 4.718150
v 0.306421 2.868454 4.718150
v 0.009744 2.760102 4.717952
v 0.025628 2.794390 4.718039
v 0.224018 2.787900 4.718150
v 0.501212 2.794522 4.717952
v 0.107033 2.804472 4.718150
v 0.140893 2.792531 4.718150
v 0.351940 2.790394 4.718150
v 0.408852 2.765640 4.718150
v 0.379592 2.792725 4.718150
v 0.069341 2.770681 4.718150
v 0.298131 2.795804 4.718150
v 0.392610 2.779735 4.718150
v 0.499954 2.780145 4.718150
v 0.365615 2.779408 4.718150
v 0.261808 2.726809 4.718150
v 0.342292 2.732194 4.718150
v 0.331738 2.736171 4.718150
v 0.305545 2.698003 4.718150
v 0.238836 2.773902 4.718150
v 0.271185 2.784029 4.718150
v 0.311451 2.809260 4.718150
v 0.328750 2.787802 4.718150
v 0.343720 2.778929 4.718150
v 0.009803 2.641470 4.717952
v 0.045105 2.666224 4.718105
v 0.224453 2.661694 4.718150
v 0.301456 2.662490 4.718150
v 0.501861 2.667604 4.717952
v 0.103059 2.666224 4.718150
v 0.147467 2.666224 4.718150
v 0.378859 2.674886 4.718150
v 0.396880 2.678186 4.718150
v 0.313838 2.667148 4.718150
v 0.010953 2.652254 4.718053
v 0.126805 2.652254 4.718150
v 0.410551 2.666770 4.718150
v 0.073284 2.652254 4.718150
v 0.207578 2.651629 4.718150
v 0.359375 2.656608 4.718150
v 0.310041 2.653707 4.718150
v 0.386877 2.665769 4.718150
v 0.334930 2.653321 4.718150
v 0.380464 2.765640 4.718150
v 0.378466 2.711188 4.718150
v 0.332554 2.715111 4.718150
v 0.312744 2.719009 4.718150
v 0.315429 2.696475 4.718150
v 0.322722 2.716928 4.718150
v 0.356294 2.765668 4.718150
v 0.349620 2.750638 4.718150
v 0.371813 2.750315 4.718150
v 0.398335 2.750527 4.718150
v 0.502647 2.765640 4.717952
v 0.423555 2.751382 4.718150
v 0.167617 2.681782 4.718150
v 0.239653 2.679416 4.718150
v 0.290046 2.680417 4.718150
v 0.303009 2.676265 4.718150
v 0.473737 2.631183 4.717952
v 0.439881 2.727566 4.718150
v 0.444807 2.882264 4.717952
v 0.480696 2.860609 4.718150
v 0.450585 2.781524 4.718150
v 0.478469 2.749655 4.718150
v 0.455091 2.688442 4.718150
v 0.458305 2.703722 4.718150
v 0.466191 2.838266 4.718150
v 0.464169 2.765640 4.718150
v 0.463356 2.880304 4.718150
v 0.465656 2.798257 4.718150
v 0.420494 2.780246 4.718150
v 0.447917 2.751444 4.718150
v 0.435892 2.765640 4.718150
v 0.424319 2.727125 4.718150
v 0.433829 2.738037 4.718150
v 0.427231 2.667840 4.718150
v 0.437129 2.631173 4.717952
v 0.420800 2.652307 4.718150
v 0.455998 2.735800 4.718150
v 0.454889 2.720909 4.718150
v 0.474912 2.714885 4.718150
v 0.396848 2.706182 4.718150
v 0.414209 2.736359 4.718150
v 0.388736 2.701714 4.718150
v 0.364583 2.734577 4.718150
v 0.392186 2.732631 4.718150
v 0.384602 2.718307 4.718150
v 0.408817 2.721191 4.718150
v 0.499923 2.657250 4.718150
v 0.446225 2.674521 4.718150
v 0.444908 2.654836 4.718150
v 0.011547 2.807727 4.716524
v 0.023564 2.817201 4.717928
v 0.032768 2.838315 4.718039
v 0.049288 2.759421 4.718150
v 0.040296 2.774006 4.718150
v 0.023359 2.779370 4.718039
v 0.129425 2.783463 4.718150
v 0.094359 2.783425 4.718150
v 0.090402 2.764177 4.718150
v 0.011019 2.821117 4.716021
v 0.020510 2.830685 4.717382
v 0.116177 2.845016 4.718150
v 0.102722 2.880113 4.718150
v 0.101947 2.849244 4.718150
v 0.055031 2.852983 4.718150
v 0.205952 2.750496 4.718150
v 0.213141 2.808644 4.718150
v 0.231130 2.803600 4.718150
v 0.148391 2.748366 4.718150
v 0.127319 2.751924 4.718150
v 0.118512 2.814092 4.718150
v 0.158042 2.809405 4.718150
v 0.158779 2.822281 4.718150
v 0.427154 2.800546 4.718150
v 0.455136 2.819748 4.718150
v 0.427624 2.820825 4.718150
v 0.166933 2.882254 4.717948
v 0.164518 2.861300 4.718150
v 0.205383 2.820151 4.718150
v 0.194890 2.831130 4.718150
v 0.221322 2.825873 4.718150
v 0.248078 2.834451 4.718150
v 0.285179 2.858823 4.718150
v 0.266898 2.851083 4.718150
v 0.260189 2.813776 4.718150
v 0.267155 2.833378 4.718150
v 0.280020 2.804086 4.718150
v 0.239079 2.820599 4.718150
v 0.252591 2.791509 4.718150
v 0.177147 2.880367 4.718150
v 0.176796 2.850902 4.718150
v 0.134807 2.839208 4.718150
v 0.169601 2.840684 4.718150
v 0.139757 2.804858 4.718150
v 0.136679 2.820241 4.718150
v 0.109497 2.789957 4.718150
v 0.123970 2.798513 4.718150
v 0.113652 2.769239 4.718150
v 0.146122 2.697347 4.718150
v 0.178916 2.827281 4.718150
v 0.154561 2.836959 4.718150
v 0.139886 2.856947 4.718150
v 0.156184 2.850137 4.718150
v 0.138857 2.882219 4.717952
v 0.151716 2.869253 4.718150
v 0.214336 2.676063 4.718150
v 0.184259 2.725940 4.718150
v 0.168090 2.652254 4.718150
v 0.188956 2.665592 4.718150
v 0.207665 2.630971 4.717952
v 0.187862 2.641470 4.718150
v 0.230922 2.750548 4.718150
v 0.238009 2.726798 4.718150
v 0.264313 2.704584 4.718150
v 0.288410 2.697375 4.718150
v 0.227618 2.650785 4.718150
v 0.228726 2.630968 4.717962
v 0.291926 2.630971 4.717980
v 0.298993 2.651104 4.718150
v 0.294938 2.670678 4.718150
v 0.277425 2.680952 4.718150
v 0.255683 2.680309 4.718150
v 0.235824 2.669653 4.718150
v 0.399746 2.692062 4.715864
v 0.402769 2.680921 4.715868
v 0.411746 2.674931 4.715868
v 0.425143 2.676126 4.715864
v 0.437730 2.682845 4.715864
v 0.445815 2.692559 4.715864
v 0.449039 2.704299 4.715864
v 0.446343 2.715427 4.715871
v 0.437379 2.720770 4.715881
v 0.425039 2.720193 4.715878
v 0.412462 2.714023 4.715864
v 0.402998 2.703701 4.715864
v 0.397943 2.698584 4.718150
v 0.398002 2.685343 4.718150
v 0.404801 2.674649 4.718150
v 0.417861 2.672071 4.718150
v 0.433203 2.676553 4.718150
v 0.444491 2.686024 4.718150
v 0.450696 2.697573 4.718150
v 0.451092 2.711383 4.718150
v 0.444258 2.721298 4.718150
v 0.431497 2.723681 4.718150
v 0.417718 2.720433 4.718150
v 0.405048 2.710785 4.718150
v 0.079128 2.849557 4.716757
v 0.057136 2.846201 4.716757
v 0.038215 2.834299 4.716757
v 0.028613 2.816055 4.716757
v 0.030791 2.796057 4.716757
v 0.045205 2.780493 4.716757
v 0.068198 2.777949 4.716757
v 0.089367 2.788490 4.716757
v 0.101259 2.806393 4.716757
v 0.103917 2.826794 4.716757
v 0.096802 2.843213 4.716757
v 0.090142 2.850353 4.718150
v 0.067896 2.851406 4.718150
v 0.045504 2.843700 4.718150
v 0.029478 2.826697 4.718150
v 0.025729 2.805872 4.718150
v 0.034352 2.785287 4.718150
v 0.055882 2.774548 4.718150
v 0.080862 2.779666 4.718150
v 0.098938 2.795394 4.718150
v 0.106144 2.816527 4.718150
v 0.104303 2.837210 4.718150
v 0.177929 2.750329 4.715864
v 0.199198 2.756882 4.715864
v 0.211612 2.769646 4.715864
v 0.216285 2.787243 4.715864
v 0.207735 2.803593 4.715868
v 0.186816 2.810378 4.715864
v 0.162844 2.805017 4.715864
v 0.146647 2.790241 4.715868
v 0.144701 2.771710 4.715868
v 0.155867 2.755547 4.715868
v 0.164581 2.748581 4.718150
v 0.190888 2.749995 4.718150
v 0.207999 2.761019 4.718150
v 0.217723 2.777029 4.718150
v 0.216531 2.797735 4.718150
v 0.199508 2.810704 4.718150
v 0.174024 2.811973 4.718150
v 0.150944 2.799955 4.718150
v 0.141105 2.781580 4.718150
v 0.146494 2.761363 4.718150
v 0.262760 2.754853 4.715864
v 0.267836 2.733159 4.715864
v 0.288011 2.722598 4.715864
v 0.310868 2.725943 4.715864
v 0.328632 2.741501 4.715864
v 0.334826 2.765251 4.715864
v 0.323455 2.784547 4.715864
v 0.299608 2.788452 4.715864
v 0.275153 2.776966 4.715864
v 0.264584 2.767996 4.718150
v 0.260411 2.742335 4.718150
v 0.275149 2.723789 4.718150
v 0.300615 2.719999 4.718150
v 0.321947 2.730362 4.718150
v 0.336706 2.752105 4.718150
v 0.333381 2.778106 4.718150
v 0.313241 2.791127 4.718150
v 0.285290 2.786861 4.718150
v 0.373074 2.828114 4.716548
v 0.378953 2.814648 4.716542
v 0.394326 2.809117 4.716535
v 0.411319 2.812793 4.716535
v 0.422412 2.824348 4.716548
v 0.423402 2.838346 4.716552
v 0.412476 2.846962 4.716548
v 0.395212 2.848153 4.716545
v 0.379835 2.841476 4.716548
v 0.372334 2.836418 4.718150
v 0.372122 2.820217 4.718150
v 0.384654 2.808780 4.718150
v 0.403762 2.808155 4.718150
v 0.419845 2.816291 4.718150
v 0.426956 2.832071 4.718150
v 0.421446 2.845280 4.718150
v 0.404766 2.850853 4.718150
v 0.385790 2.847956 4.718150
v 0.355415 2.715086 4.717254
v 0.333937 2.709201 4.717278
v 0.318417 2.691913 4.717320
v 0.318240 2.669456 4.717295
v 0.335803 2.659050 4.717264
v 0.358336 2.662514 4.717285
v 0.373585 2.675598 4.717292
v 0.379029 2.694550 4.717288
v 0.373064 2.709965 4.717261
v 0.366664 2.716024 4.718150
v 0.344130 2.715076 4.718150
v 0.323608 2.703600 4.718150
v 0.313845 2.679958 4.718150
v 0.324070 2.660065 4.718150
v 0.347684 2.657984 4.718150
v 0.368447 2.666193 4.718150
v 0.379248 2.684860 4.718150
v 0.379515 2.703986 4.718150
v 0.263809 2.863354 4.718150
v 0.262027 2.882267 4.717969
v 0.181806 2.882257 4.717973
v 0.177557 2.861495 4.718150
v 0.186941 2.841327 4.718150
v 0.208065 2.830352 4.718150
v 0.234177 2.832558 4.718150
v 0.255176 2.845284 4.718150
v 0.238186 2.640730 4.701672
v 0.283977 2.631659 4.701672
v 0.287785 2.656851 4.701672
v 0.280826 2.667680 4.701672
v 0.266171 2.670713 4.701672
v 0.250221 2.666624 4.701672
v 0.240406 2.655961 4.701672
v 0.407890 2.692938 4.702287
v 0.409752 2.686188 4.702287
v 0.415717 2.682935 4.702287
v 0.424135 2.684113 4.702287
v 0.432262 2.688685 4.702283
v 0.438043 2.695338 4.702283
v 0.440641 2.702829 4.702287
v 0.439127 2.709746 4.702304
v 0.433731 2.712936 4.702384
v 0.425726 2.711956 4.702367
v 0.416746 2.707252 4.702283
v 0.410200 2.700237 4.702283
v 0.404131 2.697375 4.709343
v 0.403992 2.687650 4.709343
v 0.409054 2.680007 4.709346
v 0.418882 2.678555 4.709343
v 0.430385 2.682025 4.709343
v 0.439297 2.689526 4.709343
v 0.444352 2.698452 4.709343
v 0.444967 2.708694 4.709346
v 0.440013 2.715872 4.709378
v 0.430823 2.717403 4.709430
v 0.419810 2.714440 4.709357
v 0.409658 2.706706 4.709343
v 0.077103 2.840576 4.708009
v 0.059592 2.837773 4.708009
v 0.044743 2.828437 4.708009
v 0.037277 2.814492 4.708009
v 0.038858 2.799653 4.708009
v 0.049361 2.788247 4.708009
v 0.066774 2.786572 4.708009
v 0.083464 2.794914 4.708009
v 0.092782 2.808370 4.708009
v 0.094967 2.824091 4.708009
v 0.090395 2.836560 4.708009
v 0.087557 2.844579 4.712786
v 0.068240 2.845149 4.712786
v 0.048822 2.838468 4.712786
v 0.035054 2.823931 4.712786
v 0.031868 2.806529 4.712786
v 0.038969 2.789508 4.712786
v 0.056743 2.780722 4.712786
v 0.078100 2.785190 4.712786
v 0.093692 2.798691 4.712786
v 0.099772 2.816378 4.712786
v 0.098622 2.834291 4.712786
v 0.178627 2.758733 4.701616
v 0.194512 2.763875 4.701658
v 0.204125 2.773818 4.701762
v 0.207571 2.786395 4.701790
v 0.200727 2.797603 4.701706
v 0.185145 2.802252 4.701620
v 0.168000 2.798257 4.701633
v 0.155541 2.787281 4.701741
v 0.153824 2.773311 4.701787
v 0.162531 2.761919 4.701693
v 0.167315 2.754557 4.709343
v 0.189026 2.755885 4.709343
v 0.203534 2.765279 4.709343
v 0.211719 2.778550 4.709343
v 0.210688 2.794827 4.709343
v 0.196231 2.805031 4.709343
v 0.175323 2.806004 4.709343
v 0.156260 2.796109 4.709343
v 0.147581 2.780910 4.709343
v 0.152424 2.764403 4.709343
v 0.271616 2.753956 4.701787
v 0.274954 2.738579 4.701787
v 0.289671 2.731276 4.701787
v 0.307189 2.733917 4.701787
v 0.321023 2.746046 4.701787
v 0.325967 2.763674 4.701787
v 0.318174 2.777224 4.701787
v 0.300459 2.779655 4.701787
v 0.281236 2.770619 4.701787
v 0.270076 2.765126 4.709343
v 0.266463 2.743971 4.709343
v 0.278272 2.729178 4.709343
v 0.299681 2.726131 4.709343
v 0.317927 2.735032 4.709343
v 0.330622 2.753529 4.709343
v 0.328076 2.774739 4.709343
v 0.311861 2.785075 4.709343
v 0.287931 2.781274 4.709343
v 0.380631 2.826641 4.706880
v 0.384838 2.816871 4.706880
v 0.395719 2.813244 4.706876
v 0.407410 2.816340 4.706876
v 0.415151 2.824720 4.706880
v 0.415919 2.834952 4.706880
v 0.408119 2.841177 4.706880
v 0.396050 2.841730 4.706880
v 0.385623 2.836810 4.706880
v 0.377907 2.834003 4.712021
v 0.377361 2.820707 4.712018
v 0.387541 2.811761 4.712015
v 0.402616 2.811472 4.712008
v 0.415408 2.818359 4.712015
v 0.421029 2.830914 4.712021
v 0.416784 2.841633 4.712021
v 0.403029 2.845711 4.712018
v 0.388479 2.843390 4.712018
v 0.352958 2.703816 4.702141
v 0.339068 2.699491 4.701977
v 0.328507 2.689036 4.702446
v 0.328010 2.675532 4.702610
v 0.339478 2.669490 4.701887
v 0.354418 2.672169 4.701529
v 0.364708 2.680212 4.701748
v 0.368433 2.692034 4.702116
v 0.364382 2.701648 4.702405
v 0.364760 2.712842 4.714870
v 0.344582 2.711782 4.714940
v 0.325946 2.701443 4.715051
v 0.316910 2.680372 4.715193
v 0.326113 2.662920 4.714926
v 0.347587 2.661166 4.715003
v 0.366397 2.668590 4.715020
v 0.376326 2.685194 4.715072
v 0.376510 2.702482 4.714982
v 0.253400 2.871532 4.701439
v 0.188769 2.880343 4.701612
v 0.191798 2.855526 4.701286
v 0.202541 2.842810 4.701234
v 0.220301 2.838877 4.701196
v 0.238423 2.845482 4.701234
v 0.249620 2.858222 4.701290
v 0.247751 2.640157 4.693305
v 0.252198 2.631114 4.690954
v 0.276455 2.631638 4.693305
v 0.277626 2.653075 4.693532
v 0.274274 2.658168 4.693532
v 0.264931 2.660263 4.693305
v 0.254234 2.657900 4.693532
v 0.249446 2.652612 4.693532
v 0.243332 2.647825 4.696717
v 0.242970 2.631117 4.696693
v 0.280350 2.631117 4.696693
v 0.283081 2.648266 4.696717
v 0.280736 2.659564 4.696717
v 0.272151 2.665120 4.696717
v 0.258726 2.664811 4.696717
v 0.247807 2.658723 4.696717
v 0.414835 2.693206 4.696797
v 0.415748 2.690645 4.696797
v 0.418333 2.689512 4.696797
v 0.422311 2.690999 4.696797
v 0.427102 2.694366 4.696797
v 0.431216 2.698396 4.696797
v 0.433318 2.702127 4.696797
v 0.432856 2.704910 4.696801
v 0.430580 2.705942 4.696815
v 0.426428 2.704462 4.696811
v 0.421050 2.701057 4.696797
v 0.416624 2.696735 4.696797
v 0.412250 2.695933 4.698458
v 0.411993 2.690971 4.698458
v 0.415054 2.687077 4.698458
v 0.420487 2.686903 4.698458
v 0.426654 2.689276 4.698458
v 0.432366 2.694102 4.698458
v 0.435774 2.699306 4.698458
v 0.436549 2.704788 4.698462
v 0.433905 2.708576 4.698489
v 0.428999 2.708864 4.698541
v 0.422332 2.706446 4.698472
v 0.415700 2.701353 4.698458
v 0.073545 2.828083 4.701685
v 0.063300 2.825564 4.701564
v 0.053849 2.819536 4.701589
v 0.048937 2.811504 4.701710
v 0.049607 2.804955 4.701710
v 0.055024 2.798416 4.701685
v 0.064727 2.798385 4.701589
v 0.075240 2.803919 4.701564
v 0.082026 2.811730 4.701685
v 0.083207 2.818584 4.701685
v 0.079559 2.826314 4.701685
v 0.080792 2.833527 4.704239
v 0.068084 2.833513 4.704239
v 0.054791 2.828868 4.704239
v 0.045376 2.819022 4.704239
v 0.043246 2.807866 4.704239
v 0.047631 2.797245 4.704239
v 0.058672 2.791919 4.704239
v 0.073152 2.795095 4.704239
v 0.084034 2.804291 4.704239
v 0.088547 2.815346 4.704239
v 0.087772 2.827232 4.704239
v 0.178679 2.769962 4.692124
v 0.188480 2.773666 4.692368
v 0.194967 2.779732 4.693077
v 0.196162 2.785690 4.693215
v 0.192948 2.790721 4.692809
v 0.184401 2.791867 4.692183
v 0.174510 2.788671 4.692212
v 0.166631 2.782841 4.692948
v 0.165192 2.775841 4.693160
v 0.169184 2.770462 4.692694
v 0.172054 2.763799 4.695877
v 0.185913 2.764966 4.695797
v 0.195828 2.771883 4.696155
v 0.201224 2.781010 4.696492
v 0.200001 2.790766 4.696346
v 0.190780 2.796995 4.695943
v 0.177644 2.796950 4.695752
v 0.165821 2.790488 4.696036
v 0.159234 2.780389 4.696467
v 0.162361 2.769313 4.696308
v 0.284102 2.752650 4.693048
v 0.285165 2.746712 4.693048
v 0.292447 2.743019 4.692962
v 0.301960 2.745149 4.692785
v 0.310406 2.752407 4.693048
v 0.312779 2.759897 4.693048
v 0.308957 2.766818 4.693048
v 0.301449 2.767467 4.693048
v 0.289994 2.761780 4.692785
v 0.280544 2.760158 4.696464
v 0.278099 2.747359 4.696464
v 0.284700 2.739184 4.696464
v 0.298256 2.737461 4.696464
v 0.310288 2.743398 4.696464
v 0.318765 2.755492 4.696464
v 0.317528 2.767975 4.696464
v 0.308349 2.773607 4.696464
v 0.292531 2.770862 4.696464
v 0.389935 2.826572 4.701519
v 0.391714 2.823080 4.701519
v 0.397269 2.821687 4.701418
v 0.403630 2.823514 4.701519
v 0.406868 2.826617 4.701519
v 0.407219 2.831574 4.701519
v 0.404096 2.834204 4.701519
v 0.397575 2.834333 4.701418
v 0.392030 2.831793 4.701484
v 0.386499 2.830633 4.703496
v 0.386203 2.822740 4.703496
v 0.392259 2.817893 4.703496
v 0.400924 2.818029 4.703496
v 0.408626 2.822545 4.703496
v 0.411784 2.829361 4.703496
v 0.409460 2.835997 4.703496
v 0.401171 2.838193 4.703496
v 0.392707 2.836689 4.703496
v 0.351440 2.696263 4.696874
v 0.343168 2.692841 4.696700
v 0.336636 2.686667 4.696912
v 0.336310 2.680914 4.696943
v 0.342508 2.676453 4.696780
v 0.351652 2.678329 4.696624
v 0.358816 2.683717 4.696801
v 0.360192 2.689224 4.696864
v 0.356731 2.695342 4.696916
v 0.356714 2.700001 4.699069
v 0.346375 2.698465 4.698816
v 0.336292 2.692834 4.698910
v 0.331164 2.682970 4.699246
v 0.335698 2.674507 4.699052
v 0.347250 2.673562 4.698521
v 0.358024 2.677981 4.698594
v 0.363603 2.686108 4.698729
v 0.363235 2.695203 4.699052
v 0.242279 2.871918 4.691173
v 0.235358 2.882170 4.690001
v 0.198681 2.880391 4.692559
v 0.201102 2.858632 4.690394
v 0.206595 2.851652 4.690130
v 0.219293 2.848939 4.689463
v 0.232857 2.853083 4.690141
v 0.239239 2.860136 4.690404
v 0.247119 2.865570 4.695262
v 0.249502 2.882163 4.696488
v 0.193146 2.882156 4.696488
v 0.194289 2.864215 4.695258
v 0.199817 2.851503 4.694987
v 0.211726 2.843849 4.694751
v 0.227979 2.844923 4.694755
v 0.240827 2.854022 4.695001
v 0.253247 2.647283 4.691200
v 0.263510 2.647766 4.689637
v 0.258980 2.653998 4.691200
v 0.261773 2.631114 4.689165
v 0.257670 2.640185 4.689637
v 0.273391 2.647648 4.691200
v 0.269267 2.654127 4.691200
v 0.271689 2.631117 4.690954
v 0.267766 2.640314 4.689637
v 0.349303 2.691430 4.695373
v 0.342178 2.686771 4.695373
v 0.353751 2.684221 4.695373
v 0.355213 2.690287 4.695519
v 0.346295 2.680031 4.695328
v 0.347983 2.685590 4.694657
v 0.341417 2.680955 4.695470
v 0.429979 2.702395 4.696245
v 0.426428 2.699591 4.696245
v 0.421641 2.695731 4.696245
v 0.418330 2.692785 4.696245
v 0.208485 2.698626 4.718150
v 0.238885 2.698977 4.718150
v 0.182261 2.701405 4.718150
v 0.152831 2.730727 4.718150
v 0.164762 2.713210 4.718150
v 0.104452 2.730227 4.718150
v 0.127702 2.714551 4.718150
v 0.045077 2.728400 4.718105
v 0.073215 2.712922 4.718150
v 0.007812 2.697347 4.717160
v 0.025850 2.712880 4.717834
v 0.208120 2.728327 4.718150
v 0.290193 2.754380 4.690422
v 0.298378 2.761217 4.690422
v 0.303680 2.752966 4.690422
v 0.306080 2.760578 4.690686
v 0.295862 2.747862 4.690335
v 0.296988 2.754290 4.689109
v 0.290491 2.748328 4.690596
v 0.172818 2.778089 4.691242
v 0.181580 2.780989 4.690881
v 0.189794 2.784262 4.691430
v 0.054169 2.803576 4.700490
v 0.077419 2.819717 4.700362
v 0.070665 2.821788 4.700240
v 0.075977 2.812150 4.700240
v 0.069202 2.813998 4.699622
v 0.067653 2.805712 4.700053
v 0.061625 2.816952 4.700053
v 0.060416 2.807971 4.699775
v 0.058651 2.801547 4.700369
v 0.054166 2.810469 4.700393
v 0.205664 2.864750 4.686812
v 0.233767 2.865532 4.686816
v 0.225915 2.857357 4.686100
v 0.219064 2.882166 4.687688
v 0.226256 2.871765 4.685318
v 0.218890 2.864663 4.683779
v 0.212411 2.856735 4.686100
v 0.205052 2.882163 4.690001
v 0.212060 2.871553 4.685318
v 0.009299 2.630971 4.717361
v 0.083290 2.630784 4.717361
v 0.223216 2.630784 4.717372
v 0.397936 2.630784 4.717361
v 0.501861 2.631152 4.717361
v 0.007121 2.681782 4.716660
v 0.502702 2.680532 4.717361
v 0.008632 2.744006 4.717260
v 0.503880 2.715496 4.717361
v 0.010147 2.807838 4.715649
v 0.501531 2.813349 4.717361
v 0.009066 2.865977 4.717118
v 0.502344 2.866018 4.717361
v 0.041843 2.630784 4.717361
v 0.144072 2.630784 4.717361
v 0.347712 2.630784 4.717361
v 0.295890 2.630784 4.717486
v 0.371452 2.630784 4.717361
v 0.009070 2.882305 4.717361
v 0.068292 2.882886 4.717361
v 0.267707 2.882886 4.717358
v 0.501861 2.882083 4.717361
v 0.103875 2.882886 4.717361
v 0.126010 2.882886 4.717361
v 0.378956 2.882886 4.717361
v 0.346788 2.882886 4.717361
v 0.424337 2.882886 4.717361
v 0.320988 2.630784 4.717382
v 0.306098 2.882886 4.717358
v 0.009066 2.776306 4.717118
v 0.502539 2.780093 4.717361
v 0.008632 2.652254 4.717261
v 0.502507 2.655864 4.717361
v 0.503880 2.750336 4.717361
v 0.452906 2.630784 4.717361
v 0.463471 2.882886 4.717361
v 0.424180 2.630784 4.717361
v 0.010147 2.834924 4.715649
v 0.178155 2.882886 4.717372
v 0.152991 2.882886 4.717361
v 0.187643 2.630784 4.717361
v 0.237898 2.630784 4.701321
v 0.284359 2.630784 4.701307
v 0.254630 2.882886 4.701255
v 0.188300 2.882886 4.701300
v 0.247008 2.630784 4.692646
v 0.276744 2.630784 4.692747
v 0.243936 2.882886 4.692326
v 0.198344 2.882886 4.692243
v 0.256860 2.630784 4.688834
v 0.266689 2.630784 4.688852
v 0.007121 2.712880 4.716660
v 0.226770 2.882886 4.687698
v 0.211970 2.882886 4.687681
v 0.395400 2.825217 4.700282
v 0.400868 2.825428 4.700282
v 0.401084 2.831258 4.700282
v 0.404141 2.828576 4.700386
v 0.395730 2.830702 4.700251
v 0.398527 2.828027 4.699775
v 0.393329 2.828285 4.700352
v 0.361693 2.707505 4.706741
v 0.345388 2.705997 4.706560
v 0.330070 2.697774 4.706765
v 0.322347 2.681261 4.707241
v 0.329799 2.667625 4.706779
v 0.347396 2.666648 4.706327
v 0.362825 2.672704 4.706414
v 0.371115 2.685667 4.706605
v 0.371355 2.699668 4.706838
v 0.354636 2.711174 4.711261
v 0.335636 2.705886 4.711375
v 0.321621 2.690874 4.711699
v 0.321346 2.671474 4.711591
v 0.337025 2.662642 4.711288
v 0.357030 2.665814 4.711344
v 0.370705 2.677175 4.711431
v 0.375642 2.693765 4.711480
v 0.370253 2.707148 4.711337
v 0.234090 2.649580 4.708631
v 0.234240 2.630808 4.708579
v 0.287107 2.631124 4.708627
v 0.292489 2.649895 4.708634
v 0.289529 2.666450 4.708634
v 0.275670 2.674577 4.708634
v 0.256986 2.673958 4.708631
v 0.240757 2.665158 4.708634
v 0.399270 2.698243 4.718084
v 0.399298 2.685739 4.718084
v 0.405604 2.675800 4.718084
v 0.417833 2.673426 4.718084
v 0.432557 2.677756 4.718081
v 0.443428 2.686872 4.718081
v 0.449376 2.697913 4.718084
v 0.449786 2.710976 4.718084
v 0.443491 2.720131 4.718084
v 0.431501 2.722327 4.718084
v 0.418292 2.719189 4.718084
v 0.406073 2.709892 4.718081
v 0.089589 2.849088 4.718109
v 0.068070 2.850061 4.718109
v 0.046248 2.842553 4.718109
v 0.030704 2.826089 4.718109
v 0.027080 2.806014 4.718109
v 0.035367 2.786215 4.718109
v 0.056073 2.775907 4.718109
v 0.080254 2.780878 4.718109
v 0.097795 2.796148 4.718109
v 0.104796 2.816666 4.718109
v 0.103062 2.836598 4.718109
v 0.164984 2.749895 4.718084
v 0.190447 2.751288 4.718081
v 0.207019 2.761958 4.718081
v 0.216403 2.777362 4.718081
v 0.215281 2.797092 4.718084
v 0.199007 2.809447 4.718084
v 0.174316 2.810642 4.718084
v 0.151928 2.799010 4.718084
v 0.142474 2.781431 4.718084
v 0.147626 2.762117 4.718084
v 0.265793 2.767367 4.718084
v 0.261742 2.742696 4.718084
v 0.275837 2.724974 4.718084
v 0.300410 2.721347 4.718081
v 0.321065 2.731391 4.718081
v 0.335368 2.752417 4.718084
v 0.332214 2.777366 4.718084
v 0.312938 2.789797 4.718084
v 0.285870 2.785631 4.718081
v 0.373752 2.835942 4.718094
v 0.373418 2.820763 4.718091
v 0.385206 2.810038 4.718088
v 0.403467 2.809471 4.718084
v 0.418823 2.817215 4.718091
v 0.425574 2.832061 4.718094
v 0.420400 2.844276 4.718094
v 0.404242 2.849495 4.718091
v 0.386436 2.846733 4.718091
v 0.365761 2.714732 4.718084
v 0.344304 2.713763 4.718084
v 0.324605 2.702690 4.718084
v 0.315211 2.680128 4.718084
v 0.324890 2.661270 4.718084
v 0.347639 2.659317 4.718084
v 0.367557 2.667208 4.718084
v 0.377945 2.685006 4.718084
v 0.378185 2.703399 4.718084
v 0.257058 2.864312 4.708731
v 0.257816 2.882865 4.708679
v 0.185645 2.882142 4.708735
v 0.184502 2.862617 4.708731
v 0.192364 2.845409 4.708731
v 0.209628 2.835750 4.708728
v 0.231797 2.837446 4.708728
v 0.249335 2.849154 4.708731
v 0.228879 2.641373 4.717827
v 0.290988 2.631683 4.717824
v 0.297211 2.660791 4.717831
v 0.286513 2.675942 4.717831
v 0.266710 2.680437 4.717827
v 0.245621 2.674921 4.717827
v 0.231613 2.660058 4.717827
v 0.398061 2.691924 4.718133
v 0.401351 2.679861 4.718133
v 0.411010 2.673277 4.718133
v 0.425410 2.674476 4.718133
v 0.438852 2.681619 4.718133
v 0.447399 2.691937 4.718133
v 0.450755 2.704525 4.718133
v 0.447788 2.716559 4.718133
v 0.438043 2.722386 4.718133
v 0.424820 2.721882 4.718133
v 0.411548 2.715416 4.718133
v 0.401504 2.704437 4.718133
v 0.079416 2.851239 4.718140
v 0.056636 2.847785 4.718140
v 0.036985 2.835410 4.718140
v 0.026983 2.816361 4.718140
v 0.029273 2.795383 4.718140
v 0.044434 2.779023 4.718140
v 0.068479 2.776313 4.718140
v 0.090482 2.787257 4.718140
v 0.102861 2.805963 4.718140
v 0.105605 2.827207 4.718140
v 0.097945 2.844412 4.718140
v 0.177835 2.748662 4.718133
v 0.200105 2.755485 4.718133
v 0.213054 2.768816 4.718133
v 0.217938 2.787424 4.718133
v 0.209024 2.804819 4.718133
v 0.187104 2.812025 4.718133
v 0.161895 2.806390 4.718133
v 0.145000 2.790874 4.718133
v 0.142974 2.771390 4.718133
v 0.154638 2.754269 4.718133
v 0.261113 2.755040 4.718133
v 0.266526 2.732148 4.718133
v 0.287722 2.720961 4.718133
v 0.311566 2.724436 4.718133
v 0.330046 2.740622 4.718133
v 0.336463 2.765515 4.718133
v 0.324403 2.785902 4.718133
v 0.299417 2.790102 4.718133
v 0.274009 2.778168 4.718133
v 0.371518 2.828368 4.718136
v 0.377785 2.814102 4.718133
v 0.394076 2.808165 4.718133
v 0.412125 2.811969 4.718133
v 0.423899 2.824181 4.718136
v 0.424910 2.839027 4.718136
v 0.413403 2.848213 4.718136
v 0.395090 2.849540 4.718133
v 0.378623 2.842463 4.718136
v 0.355623 2.716056 4.718133
v 0.333509 2.710024 4.718133
v 0.317594 2.692194 4.718133
v 0.317462 2.668948 4.718133
v 0.335518 2.658133 4.718133
v 0.358673 2.661677 4.718133
v 0.374329 2.675181 4.718133
v 0.379905 2.694710 4.718133
v 0.373797 2.710657 4.718133
v 0.262510 2.871070 4.717872
v 0.182432 2.880301 4.717872
v 0.181921 2.851757 4.717875
v 0.197114 2.835539 4.717869
v 0.221048 2.831348 4.717865
v 0.245090 2.839086 4.717869
v 0.259668 2.854876 4.717872
v 0.348119 2.811480 4.718150
v 0.365709 2.802613 4.718150
v 0.333541 2.798739 4.718150
v 0.436886 2.827253 4.718150
v 0.442493 2.804364 4.718150
v 0.451408 2.854497 4.718150
v 0.445738 2.838825 4.718150
v 0.409807 2.858687 4.718150
v 0.431091 2.860720 4.718150
v 0.378515 2.871268 4.718150
v 0.396605 2.866084 4.718150
v 0.364482 2.860380 4.718150
v 0.007055 2.630971 4.713992
v 0.083273 2.630784 4.712112
v 0.397936 2.630784 4.711983
v 0.501861 2.631138 4.711983
v 0.005731 2.681782 4.713655
v 0.502702 2.680532 4.711983
v 0.007114 2.743999 4.714968
v 0.503880 2.715496 4.711983
v 0.008236 2.807828 4.713196
v 0.501531 2.813349 4.711983
v 0.007520 2.865977 4.713835
v 0.502344 2.866018 4.711983
v 0.041481 2.630784 4.712987
v 0.144072 2.630784 4.711983
v 0.347712 2.630784 4.711983
v 0.371452 2.630784 4.711983
v 0.007611 2.882305 4.713960
v 0.068115 2.882886 4.712143
v 0.501861 2.882083 4.711983
v 0.102812 2.882886 4.712317
v 0.125832 2.882886 4.712039
v 0.378956 2.882886 4.711983
v 0.346788 2.882886 4.711983
v 0.424337 2.882886 4.711983
v 0.321068 2.630784 4.712018
v 0.306275 2.882886 4.711977
v 0.007343 2.776250 4.714697
v 0.502539 2.780093 4.711983
v 0.006485 2.652254 4.713953
v 0.502507 2.655854 4.711983
v 0.503880 2.750336 4.711983
v 0.452906 2.630784 4.711983
v 0.463471 2.882886 4.711983
v 0.424180 2.630784 4.711983
v 0.008208 2.834924 4.713005
v 0.152904 2.882886 4.711980
v 0.187584 2.630784 4.711983
v 0.178117 2.882886 4.710107
v 0.236957 2.630784 4.698072
v 0.285398 2.630784 4.698045
v 0.255808 2.882886 4.697895
v 0.187400 2.882886 4.697982
v 0.246507 2.630784 4.690022
v 0.277317 2.630784 4.690203
v 0.244259 2.882886 4.689762
v 0.198114 2.882886 4.689626
v 0.256833 2.630784 4.686468
v 0.266835 2.630784 4.686503
v 0.005821 2.712880 4.713804
v 0.226801 2.882886 4.685440
v 0.211949 2.882886 4.685412
v 0.223720 2.630784 4.710132
v 0.268180 2.882886 4.710062
v 0.007093 2.666224 4.715777
v 0.009681 2.630784 4.716118
v 0.113631 2.630784 4.715624
v 0.502507 2.632232 4.715624
v 0.411124 2.630784 4.715624
v 0.007187 2.728358 4.715930
v 0.503293 2.697239 4.715624
v 0.008809 2.792548 4.715378
v 0.504078 2.733410 4.715624
v 0.008827 2.851437 4.715246
v 0.501858 2.841310 4.715624
v 0.060075 2.630784 4.715753
v 0.167572 2.630784 4.715624
v 0.359577 2.630784 4.715624
v 0.306851 2.630784 4.715753
v 0.384473 2.630784 4.715624
v 0.008173 2.880568 4.716121
v 0.502507 2.875149 4.715624
v 0.046210 2.882886 4.715732
v 0.499923 2.882886 4.715624
v 0.087654 2.882886 4.715680
v 0.115295 2.882886 4.715680
v 0.362422 2.882886 4.715624
v 0.327461 2.882886 4.715624
v 0.400972 2.882886 4.715624
v 0.334725 2.630784 4.715624
v 0.284415 2.882886 4.715597
v 0.008139 2.760047 4.716392
v 0.501858 2.794469 4.715624
v 0.007975 2.641470 4.716128
v 0.502507 2.667270 4.715624
v 0.503293 2.765640 4.715624
v 0.473814 2.630784 4.715624
v 0.444922 2.882886 4.715624
v 0.437233 2.630784 4.715624
v 0.009494 2.821173 4.714387
v 0.167298 2.882886 4.715614
v 0.138882 2.882886 4.715624
v 0.207839 2.630784 4.715624
v 0.288566 2.630784 4.707512
v 0.258956 2.882886 4.707338
v 0.184600 2.882886 4.707418
v 0.251694 2.630784 4.689331
v 0.241873 2.630784 4.695314
v 0.281229 2.630784 4.695380
v 0.235723 2.882886 4.688633
v 0.250440 2.882886 4.695147
v 0.192486 2.882886 4.695116
v 0.261756 2.630784 4.687476
v 0.272064 2.630784 4.689456
v 0.006211 2.697347 4.715426
v 0.219071 2.882886 4.686225
v 0.204830 2.882886 4.688532
v 0.262503 2.863558 4.718077
v 0.261141 2.882198 4.717924
v 0.182737 2.882187 4.717924
v 0.178850 2.861717 4.718077
v 0.187886 2.842206 4.718077
v 0.208346 2.831616 4.718074
v 0.233795 2.833777 4.718074
v 0.254227 2.846166 4.718077
v 0.254078 2.882806 4.701620
v 0.188723 2.882806 4.701616
v 0.243585 2.882806 4.692823
v 0.198580 2.882806 4.692812
v 0.226721 2.882806 4.688369
v 0.212001 2.882806 4.688365
v 0.235490 2.882865 4.689904
v 0.249752 2.882865 4.696356
v 0.192983 2.882865 4.696346
v 0.219071 2.882865 4.687594
v 0.204986 2.882865 4.689880
v 0.257552 2.882153 4.708735
v 0.185468 2.882865 4.708690
v 0.263045 2.871049 4.718129
v 0.181983 2.880363 4.718129
v 0.181396 2.851527 4.718133
v 0.196832 2.835069 4.718129
v 0.221076 2.830824 4.718129
v 0.245402 2.838638 4.718129
v 0.260192 2.854657 4.718129
v 0.228889 2.650556 4.718063
v 0.229869 2.631065 4.717889
v 0.290835 2.631061 4.717886
v 0.297697 2.650854 4.718063
v 0.293872 2.669841 4.718067
v 0.277091 2.679698 4.718063
v 0.256016 2.679062 4.718063
v 0.236807 2.668771 4.718063
v 0.238610 2.630881 4.701595
v 0.283779 2.630877 4.701595
v 0.247518 2.630881 4.693208
v 0.276358 2.630881 4.693208
v 0.256940 2.630881 4.689539
v 0.266648 2.630881 4.689539
v 0.252111 2.630808 4.690669
v 0.242818 2.630808 4.696464
v 0.280416 2.630808 4.696474
v 0.261742 2.630808 4.688862
v 0.271706 2.630808 4.690686
v 0.234521 2.631128 4.708627
v 0.287281 2.630808 4.708586
v 0.228302 2.641346 4.718126
v 0.291467 2.631548 4.718126
v 0.297777 2.661030 4.718129
v 0.286843 2.676439 4.718129
v 0.266714 2.681035 4.718126
v 0.245319 2.675428 4.718126
v 0.231071 2.660311 4.718126
v 0.262034 2.863621 4.717400
v 0.261165 2.882865 4.717490
v 0.182960 2.882135 4.717417
v 0.179336 2.861797 4.717403
v 0.188265 2.842491 4.717400
v 0.208457 2.831991 4.717393
v 0.233628 2.834114 4.717393
v 0.253817 2.846434 4.717400
v 0.260880 2.882149 4.717417
v 0.182765 2.882865 4.717494
v 0.260032 2.880343 4.714930
v 0.181122 2.870295 4.714930
v 0.183630 2.852392 4.714930
v 0.198055 2.836758 4.714926
v 0.220930 2.832596 4.714922
v 0.243954 2.840173 4.714926
v 0.257948 2.855467 4.714930
v 0.259970 2.882806 4.714978
v 0.183759 2.882806 4.714978
v 0.183151 2.882886 4.714860
v 0.260675 2.882886 4.714836
v 0.045216 2.641470 4.718150
v 0.222823 2.631527 4.718150
v 0.300285 2.641936 4.718150
v 0.103076 2.641470 4.718150
v 0.147442 2.641470 4.718150
v 0.371716 2.648478 4.718150
v 0.347716 2.644747 4.718150
v 0.399531 2.652373 4.718150
v 0.321721 2.644017 4.718150
v 0.009803 2.631531 4.717952
v 0.423944 2.632284 4.718150
v 0.452430 2.632399 4.718150
v 0.187619 2.631531 4.718150
v 0.238589 2.631659 4.701672
v 0.286492 2.640838 4.701672
v 0.247536 2.631617 4.693305
v 0.277581 2.640466 4.693305
v 0.256999 2.631621 4.689637
v 0.266734 2.631628 4.689637
v 0.229911 2.631680 4.717827
v 0.295077 2.641467 4.717827
v 0.007975 2.631531 4.716128
v 0.229369 2.631545 4.718126
v 0.295630 2.641449 4.718126
v 0.071638 2.634386 4.718150
v 0.207502 2.634386 4.718150
v 0.359559 2.636019 4.718150
v 0.307863 2.634904 4.718150
v 0.384918 2.637524 4.718150
v 0.334750 2.635338 4.718150
v 0.011193 2.634386 4.718150
v 0.125172 2.634386 4.718150
v 0.435201 2.638316 4.718150
v 0.410989 2.638097 4.718150
v 0.167669 2.634386 4.718150
v 0.228250 2.634362 4.718150
v 0.293469 2.634404 4.718150
v 0.229911 2.634480 4.717285
v 0.291912 2.634508 4.717285
v 0.242939 2.634154 4.696717
v 0.280944 2.634226 4.696717
v 0.272036 2.634147 4.690978
v 0.252354 2.634060 4.690978
v 0.262082 2.634105 4.689188
v 0.008886 2.634386 4.717361
v 0.229424 2.634411 4.718063
v 0.292322 2.634442 4.718063
v 0.229403 2.650469 4.717288
v 0.229800 2.630808 4.717413
v 0.290550 2.631131 4.717302
v 0.297186 2.650768 4.717288
v 0.293448 2.669508 4.717288
v 0.276956 2.679194 4.717288
v 0.256117 2.678558 4.717285
v 0.237196 2.668417 4.717288
v 0.232846 2.630784 4.707442
v 0.230227 2.631135 4.717306
v 0.290863 2.630808 4.717431
v 0.234295 2.634369 4.708631
v 0.288219 2.634393 4.708631
v 0.230526 2.641269 4.714777
v 0.289748 2.631697 4.714773
v 0.295571 2.660113 4.714780
v 0.285561 2.674510 4.714780
v 0.266634 2.678725 4.714777
v 0.246431 2.673454 4.714777
v 0.233166 2.659335 4.714777
v 0.230341 2.630784 4.714797
v 0.290495 2.630784 4.714902
v 0.295706 2.630784 4.710323
v 0.231408 2.630881 4.714828
v 0.289543 2.630877 4.714825
v 0.231446 2.631697 4.714777
v 0.293559 2.641356 4.714777
v 0.501861 2.644955 4.717952
v 0.471205 2.639435 4.718150
v 0.502507 2.644708 4.715624
v 0.502507 2.636103 4.717361
v 0.502507 2.636033 4.711983
v 0.017154 2.882215 4.717952
v 0.016282 2.882886 4.715965
v 0.027129 2.882886 4.717361
v 0.036926 2.863399 4.718150
v 0.474720 2.689839 4.718150
v 0.480727 2.882226 4.717952
v 0.480540 2.815416 4.718150
v 0.480672 2.780607 4.718150
v 0.499923 2.631162 4.717952
v 0.499759 2.865521 4.718150
v 0.501298 2.750312 4.718150
v 0.501298 2.715482 4.718150
v 0.470416 2.670480 4.718150
v 0.480727 2.882886 4.715624
v 0.499923 2.630784 4.715624
v 0.499923 2.636391 4.718150
v 0.494409 2.765640 4.718150
v 0.493829 2.880155 4.718150
v 0.493311 2.795244 4.718150
v 0.491988 2.672235 4.718150
v 0.493127 2.698768 4.718150
v 0.493315 2.840559 4.718150
v 0.492797 2.732607 4.718150
v 0.489865 2.648985 4.718150
v 0.493829 2.882886 4.717361
v 0.492102 2.630784 4.717361
v 0.492029 2.632344 4.718150
v 0.004960 2.630971 4.709670
v 0.079507 2.630784 4.697697
v 0.384338 2.630784 4.657934
v 0.489764 2.631131 4.643342
v 0.004571 2.681782 4.709729
v 0.490473 2.680532 4.643266
v 0.005662 2.743985 4.711125
v 0.491060 2.715496 4.643266
v 0.005648 2.807814 4.709232
v 0.489886 2.813349 4.643266
v 0.005717 2.865977 4.709593
v 0.490292 2.866143 4.643266
v 0.039640 2.630784 4.703583
v 0.133948 2.630784 4.691947
v 0.335799 2.630784 4.664212
v 0.358743 2.630784 4.661245
v 0.005940 2.882305 4.709642
v 0.065335 2.882886 4.699566
v 0.489764 2.882212 4.643342
v 0.097844 2.882886 4.696464
v 0.122073 2.882886 4.693472
v 0.365997 2.882886 4.660307
v 0.335584 2.882886 4.664112
v 0.410478 2.882886 4.654436
v 0.310760 2.630784 4.667471
v 0.301129 2.882886 4.667822
v 0.005248 2.776167 4.710545
v 0.490389 2.780093 4.643266
v 0.004512 2.652254 4.709749
v 0.490372 2.655847 4.643266
v 0.491060 2.750336 4.643266
v 0.438105 2.630784 4.650861
v 0.452041 2.882886 4.648338
v 0.409703 2.630784 4.654655
v 0.005672 2.834924 4.709037
v 0.148988 2.882886 4.690245
v 0.174038 2.630784 4.688015
v 0.174184 2.882886 4.688105
v 0.218699 2.630784 4.677943
v 0.275343 2.630784 4.667746
v 0.258080 2.882886 4.669747
v 0.182800 2.882886 4.681768
v 0.229414 2.630784 4.672881
v 0.263805 2.630784 4.667193
v 0.238430 2.882886 4.669698
v 0.199528 2.882886 4.674409
v 0.241688 2.630784 4.669333
v 0.252483 2.630784 4.667798
v 0.005047 2.712880 4.709850
v 0.225947 2.882886 4.669034
v 0.209777 2.882886 4.671508
v 0.204521 2.630784 4.684638
v 0.268958 2.882886 4.673749
v 0.006614 2.634386 4.714005
v 0.289751 2.630784 4.669698
v 0.490372 2.635984 4.643266
v 0.026962 2.882886 4.712852
v 0.493829 2.882886 4.711983
v 0.492102 2.630784 4.711983
v 0.005165 2.666224 4.711605
v 0.007107 2.630784 4.711507
v 0.111904 2.630784 4.705365
v 0.499471 2.644653 4.692507
v 0.407615 2.630784 4.695762
v 0.005863 2.728358 4.712553
v 0.500159 2.697239 4.692507
v 0.006617 2.792485 4.712080
v 0.500847 2.733410 4.692507
v 0.006784 2.851437 4.711296
v 0.498905 2.841310 4.692507
v 0.059419 2.630784 4.707498
v 0.164609 2.630784 4.704132
v 0.356499 2.630784 4.697374
v 0.305511 2.630784 4.699031
v 0.381187 2.630784 4.696596
v 0.006589 2.880568 4.711601
v 0.499471 2.875274 4.692507
v 0.045754 2.882886 4.707856
v 0.496928 2.882886 4.692583
v 0.085740 2.882886 4.706407
v 0.113277 2.882886 4.705723
v 0.359323 2.882886 4.697284
v 0.325331 2.882886 4.698159
v 0.397547 2.882886 4.696078
v 0.331856 2.630784 4.698149
v 0.006343 2.759988 4.713290
v 0.498905 2.794469 4.692507
v 0.005290 2.641470 4.711653
v 0.499471 2.667270 4.692507
v 0.500159 2.765640 4.692507
v 0.470416 2.630784 4.693598
v 0.441750 2.882886 4.694504
v 0.433505 2.630784 4.694945
v 0.007048 2.821173 4.711076
v 0.165585 2.882886 4.703850
v 0.137958 2.882886 4.704656
v 0.203194 2.630784 4.703332
v 0.285047 2.882886 4.699198
v 0.227173 2.630784 4.696908
v 0.261234 2.882886 4.696394
v 0.247640 2.630784 4.682595
v 0.237200 2.630784 4.687535
v 0.278668 2.630784 4.685600
v 0.235000 2.882886 4.682845
v 0.250322 2.882886 4.685478
v 0.191742 2.882886 4.687740
v 0.258174 2.630784 4.680764
v 0.268736 2.630784 4.681813
v 0.005099 2.697347 4.711535
v 0.218689 2.882886 4.680051
v 0.204837 2.882886 4.683383
v 0.182421 2.882886 4.698892
v 0.005290 2.631531 4.711653
v 0.287792 2.630784 4.693834
v 0.499471 2.632180 4.692507
v 0.007430 2.882886 4.711480
v 0.477893 2.882886 4.693184
v 0.496928 2.630784 4.692583
v 0.003448 2.634386 4.705073
v 0.023231 2.882886 4.698562
v 0.448670 2.882886 4.521323
v 0.446496 2.630784 4.522174
v 0.242543 2.882886 4.642484
v 0.213085 2.882886 4.650847
v 0.003476 2.666224 4.693598
v 0.017234 2.652254 4.685524
v 0.029999 2.666224 4.678154
v 0.004804 2.681782 4.692965
v 0.063032 2.666224 4.659081
v 0.081445 2.652254 4.648453
v 0.099519 2.666224 4.638017
v 0.081372 2.681782 4.648495
v 0.191503 2.647648 4.599720
v 0.194616 2.653075 4.596645
v 0.191711 2.658168 4.598320
v 0.187931 2.654127 4.601784
v 0.391446 2.702127 4.484430
v 0.391081 2.704910 4.484729
v 0.389302 2.705942 4.486195
v 0.389087 2.702395 4.486914
v 0.004553 2.697347 4.694084
v 0.030110 2.697347 4.678214
v 0.006353 2.712880 4.693771
v 0.003473 2.792420 4.693601
v 0.004797 2.776087 4.693077
v 0.017019 2.806074 4.685687
v 0.111595 2.779510 4.631089
v 0.123206 2.788872 4.624352
v 0.117967 2.798882 4.627409
v 0.098876 2.790439 4.638478
v 0.365076 2.839656 4.484698
v 0.371893 2.827253 4.480762
v 0.379561 2.838825 4.476335
v 0.367363 2.848425 4.483377
v 0.045682 2.630971 4.669330
v 0.063049 2.631531 4.659074
v 0.045581 2.634386 4.669160
v 0.029999 2.631531 4.678154
v 0.045574 2.681782 4.669163
v 0.062997 2.697347 4.659101
v 0.045522 2.712922 4.669191
v 0.045428 2.744228 4.669253
v 0.062466 2.760828 4.659449
v 0.044962 2.775771 4.669580
v 0.030002 2.759748 4.678352
v 0.138267 2.630971 4.615816
v 0.143801 2.631527 4.612450
v 0.138048 2.634386 4.615771
v 0.128873 2.631531 4.621069
v 0.163851 2.779916 4.613787
v 0.164546 2.783859 4.613384
v 0.162701 2.787202 4.614450
v 0.161058 2.782890 4.616094
v 0.305038 2.631054 4.519590
v 0.317458 2.632017 4.512189
v 0.304923 2.636019 4.519426
v 0.294667 2.631756 4.525350
v 0.305243 2.822093 4.519242
v 0.311299 2.829896 4.515747
v 0.306692 2.845843 4.518405
v 0.293100 2.839444 4.526253
v 0.254352 2.631010 4.548819
v 0.270292 2.631718 4.539421
v 0.220461 2.634671 4.568191
v 0.206407 2.631548 4.576303
v 0.335493 2.631131 4.502007
v 0.353000 2.632284 4.491671
v 0.335591 2.637510 4.501711
v 0.337647 2.684864 4.500460
v 0.348341 2.692316 4.494231
v 0.337741 2.701714 4.500405
v 0.327576 2.694647 4.506329
v 0.338286 2.822861 4.514427
v 0.342223 2.825217 4.513774
v 0.340395 2.828285 4.514753
v 0.336675 2.826544 4.515341
v 0.000839 2.865449 4.696078
v 0.017728 2.880266 4.685384
v -0.000314 2.882302 4.697034
v -0.000804 2.873710 4.697364
v 0.065082 2.857239 4.657952
v 0.077652 2.868304 4.650743
v 0.066072 2.882233 4.657559
v 0.051817 2.880270 4.665554
v 0.240761 2.857086 4.556469
v 0.258942 2.880284 4.545973
v 0.335796 2.852500 4.501604
v 0.348442 2.855974 4.494300
v 0.337005 2.861391 4.500905
v 0.324105 2.854397 4.508350
v 0.428329 2.765640 4.449166
v 0.426748 2.780138 4.450421
v 0.421512 2.765640 4.452780
v 0.426748 2.750315 4.449108
v 0.318556 2.845677 4.511557
v 0.309190 2.859817 4.516963
v 0.296721 2.789366 4.524162
v 0.310169 2.779408 4.516397
v 0.322277 2.792725 4.509407
v 0.310253 2.802613 4.516352
v 0.428329 2.880690 4.448409
v 0.426849 2.882333 4.449264
v 0.421606 2.874624 4.452061
v 0.426748 2.865768 4.449281
v 0.283522 2.631020 4.532013
v 0.283442 2.635338 4.531829
v 0.291561 2.745806 4.527143
v 0.300250 2.764125 4.522126
v 0.282702 2.772825 4.532257
v 0.273092 2.753220 4.537805
v 0.277359 2.824046 4.535342
v 0.277129 2.857114 4.535474
v 0.259126 2.841077 4.545869
v 0.293872 2.880287 4.525808
v 0.277227 2.882236 4.535647
v 0.260561 2.807644 4.545039
v 0.230223 2.802863 4.562556
v 0.247021 2.789467 4.552855
v 0.344498 2.793538 4.496580
v 0.334427 2.803033 4.502392
v 0.333548 2.779735 4.502899
v 0.428329 2.794518 4.449927
v 0.426748 2.813533 4.450421
v 0.421648 2.795206 4.453363
v 0.316482 2.750315 4.512745
v 0.323031 2.765640 4.508972
v 0.201891 2.792938 4.578913
v 0.218126 2.775952 4.569539
v 0.214648 2.821030 4.571547
v 0.264004 2.779575 4.543051
v 0.279078 2.796901 4.534348
v 0.003476 2.641470 4.693598
v 0.017234 2.634386 4.685524
v 0.029999 2.641470 4.678154
v 0.063049 2.641470 4.659074
v 0.081459 2.634386 4.648443
v 0.099498 2.641470 4.638031
v 0.384126 2.631180 4.473927
v 0.396105 2.632396 4.466781
v 0.382753 2.638350 4.474473
v 0.373085 2.632326 4.480073
v 0.045581 2.652254 4.669160
v 0.145212 2.661694 4.611637
v 0.143603 2.676217 4.612564
v 0.130033 2.665592 4.620402
v 0.138114 2.651629 4.615733
v 0.263357 2.667513 4.543423
v 0.246194 2.677551 4.553335
v 0.211365 2.662125 4.573441
v 0.223848 2.652525 4.566235
v 0.350450 2.678186 4.492998
v 0.323528 2.674886 4.508667
v 0.336296 2.665766 4.501249
v 0.313821 2.683627 4.538521
v 0.315023 2.689294 4.537749
v 0.310968 2.690287 4.541582
v 0.309770 2.684221 4.542437
v 0.347615 2.765640 4.494777
v 0.340395 2.750527 4.498929
v 0.285617 2.728055 4.530575
v 0.268982 2.733472 4.540178
v 0.266237 2.714388 4.541762
v 0.280093 2.714266 4.533761
v 0.249134 2.715677 4.551636
v 0.248752 2.694140 4.551855
v 0.264820 2.695530 4.542579
v 0.300678 2.721413 4.521879
v 0.309638 2.733917 4.516695
v 0.387680 2.727566 4.471485
v 0.395532 2.735803 4.466976
v 0.383334 2.751444 4.474140
v 0.376792 2.738037 4.477860
v 0.183505 2.699706 4.589526
v 0.182543 2.685319 4.590082
v 0.226690 2.699695 4.564595
v 0.408967 2.670321 4.459287
v 0.421898 2.671995 4.451873
v 0.412385 2.689724 4.457223
v 0.400920 2.688404 4.463841
v 0.422287 2.698695 4.451043
v 0.411684 2.714888 4.457216
v 0.403627 2.703708 4.462209
v 0.410384 2.815392 4.459204
v 0.421651 2.840594 4.452700
v 0.410169 2.860734 4.458759
v 0.397411 2.838273 4.466124
v 0.383754 2.781524 4.473914
v 0.371031 2.765640 4.481258
v 0.395501 2.765640 4.467226
v 0.354202 2.850829 4.490975
v 0.366869 2.858455 4.483663
v 0.352128 2.806570 4.492174
v 0.357697 2.780246 4.488957
v 0.363468 2.800546 4.485625
v 0.362235 2.751382 4.486320
v 0.359803 2.736359 4.487668
v 0.374203 2.727125 4.479268
v 0.364111 2.666773 4.485094
v 0.353518 2.652366 4.491306
v 0.364152 2.638125 4.485212
v 0.371709 2.652345 4.480796
v 0.428329 2.733389 4.447714
v 0.421050 2.732624 4.451776
v 0.426748 2.715482 4.448051
v 0.360779 2.721191 4.487019
v 0.339784 2.732631 4.499234
v 0.333214 2.718307 4.503028
v 0.323188 2.711188 4.508864
v 0.350422 2.706182 4.493015
v 0.393468 2.674500 4.468150
v 0.391251 2.654815 4.469515
v 0.408616 2.639403 4.459544
v 0.420286 2.648832 4.452807
v 0.003970 2.834583 4.693340
v 0.003466 2.821114 4.693604
v 0.004550 2.759939 4.694518
v 0.006353 2.743975 4.694293
v 0.080699 2.745434 4.648894
v 0.121747 2.772095 4.625189
v 0.027108 2.843398 4.679892
v 0.001360 2.851319 4.695467
v 0.089148 2.857287 4.644107
v 0.101707 2.880287 4.636755
v 0.090023 2.882233 4.643732
v 0.158011 2.679569 4.604247
v 0.163146 2.698928 4.601283
v 0.146091 2.700102 4.611129
v 0.099463 2.697347 4.638051
v 0.081362 2.713085 4.648498
v 0.134619 2.802235 4.617758
v 0.115347 2.813178 4.628918
v 0.376750 2.804364 4.477958
v 0.363874 2.820825 4.485393
v 0.154523 2.807265 4.606258
v 0.165606 2.813564 4.599862
v 0.170887 2.802259 4.596812
v 0.185948 2.804409 4.588120
v 0.178231 2.786489 4.592573
v 0.186132 2.771800 4.588012
v 0.112811 2.857430 4.630345
v 0.124015 2.842206 4.623873
v 0.098636 2.815145 4.638586
v 0.080229 2.777032 4.649239
v 0.113892 2.882236 4.629949
v 0.125541 2.880287 4.622994
v 0.135835 2.857353 4.617049
v 0.136919 2.882236 4.616657
v 0.116198 2.681782 4.628386
v 0.130644 2.702110 4.620048
v 0.119544 2.714343 4.626454
v 0.116039 2.652254 4.628479
v 0.115674 2.634386 4.628688
v 0.129084 2.641470 4.620947
v 0.190145 2.747581 4.585694
v 0.173934 2.768277 4.595054
v 0.173749 2.750190 4.595158
v 0.155781 2.732437 4.605532
v 0.140946 2.729967 4.614100
v 0.200869 2.678791 4.579503
v 0.142954 2.641453 4.612939
v 0.145994 2.634362 4.611185
v 0.146046 2.641346 4.611167
v 0.145448 2.650785 4.611501
v 0.202475 2.634404 4.578576
v 0.200751 2.631548 4.579587
v 0.201182 2.630971 4.579416
v 0.203750 2.670678 4.577839
v 0.206213 2.661030 4.576432
v 0.207259 2.651104 4.575813
v 0.188581 2.680952 4.586597
v 0.196745 2.676439 4.581897
v 0.169754 2.680309 4.597468
v 0.179312 2.681035 4.591965
v 0.152553 2.669653 4.607398
v 0.160784 2.675428 4.602659
v 0.148443 2.660311 4.609785
v 0.353306 2.685343 4.491330
v 0.353372 2.691924 4.491330
v 0.353254 2.698584 4.491361
v 0.359160 2.674649 4.487856
v 0.356179 2.679861 4.489593
v 0.370465 2.672071 4.481310
v 0.364503 2.673277 4.484670
v 0.378216 2.667843 4.476950
v 0.383754 2.676553 4.473639
v 0.376972 2.674476 4.477468
v 0.393524 2.686024 4.467997
v 0.388614 2.681619 4.470748
v 0.398909 2.697572 4.464905
v 0.396015 2.691937 4.466475
v 0.399277 2.711383 4.464773
v 0.398957 2.704525 4.464874
v 0.400226 2.720909 4.464192
v 0.393332 2.721298 4.468125
v 0.396387 2.716559 4.466357
v 0.382274 2.723681 4.474494
v 0.387913 2.722386 4.471152
v 0.370343 2.720433 4.481383
v 0.376462 2.721882 4.477763
v 0.359375 2.710785 4.487731
v 0.364969 2.715416 4.484402
v 0.356311 2.704437 4.489516
v 0.038809 2.856648 4.673016
v 0.029537 2.790759 4.678484
v 0.144190 2.750416 4.612227
v 0.156559 2.758119 4.605084
v 0.148297 2.757138 4.609875
v 0.139889 2.757080 4.614707
v 0.163646 2.756382 4.600991
v 0.167405 2.766182 4.598824
v 0.162409 2.762135 4.601728
v 0.173565 2.777897 4.595266
v 0.170616 2.771887 4.596992
v 0.172808 2.793048 4.595704
v 0.173711 2.785502 4.595203
v 0.162020 2.802540 4.601929
v 0.168062 2.798232 4.598465
v 0.145872 2.803468 4.611254
v 0.154172 2.803506 4.606484
v 0.131249 2.794674 4.619697
v 0.138197 2.799382 4.615708
v 0.125013 2.781229 4.623300
v 0.127490 2.788028 4.621889
v 0.128428 2.766432 4.621326
v 0.126208 2.773773 4.622629
v 0.128751 2.756333 4.621139
v 0.133598 2.761242 4.618362
v 0.211233 2.747369 4.573517
v 0.187983 2.723018 4.586941
v 0.208805 2.723157 4.574921
v 0.229442 2.719738 4.563004
v 0.251079 2.738280 4.550514
v 0.254804 2.760015 4.548363
v 0.237328 2.767784 4.558453
v 0.315808 2.820217 4.513141
v 0.315290 2.828368 4.513461
v 0.315989 2.836418 4.513037
v 0.316684 2.812622 4.512638
v 0.326658 2.808780 4.506877
v 0.320717 2.814102 4.510327
v 0.343206 2.808155 4.497323
v 0.334830 2.808165 4.502183
v 0.357134 2.816291 4.489284
v 0.350457 2.811969 4.493157
v 0.363294 2.832071 4.485726
v 0.360654 2.824181 4.487268
v 0.358524 2.845280 4.488481
v 0.361529 2.839027 4.486762
v 0.344078 2.850853 4.496819
v 0.351565 2.848213 4.492518
v 0.327645 2.847956 4.506308
v 0.335705 2.849540 4.501673
v 0.321443 2.842463 4.509907
v 0.291565 2.715076 4.527139
v 0.301525 2.716056 4.521410
v 0.311080 2.716024 4.515872
v 0.273791 2.703600 4.537402
v 0.282375 2.710024 4.532465
v 0.265338 2.679958 4.542284
v 0.268593 2.692194 4.540425
v 0.274193 2.660065 4.537169
v 0.268478 2.668948 4.540491
v 0.283598 2.653321 4.531739
v 0.294643 2.657984 4.525361
v 0.284116 2.658133 4.531461
v 0.304767 2.656607 4.519516
v 0.312622 2.666193 4.514983
v 0.304169 2.661677 4.519885
v 0.321978 2.684860 4.509580
v 0.317726 2.675181 4.512057
v 0.322211 2.703986 4.509445
v 0.322555 2.694710 4.509267
v 0.317264 2.710657 4.512321
v 0.148332 2.880287 4.609833
v 0.198594 2.841149 4.580816
v 0.146626 2.641373 4.611014
v 0.147647 2.634480 4.610726
v 0.148776 2.641269 4.611449
v 0.147206 2.650469 4.610980
v 0.200414 2.631683 4.579962
v 0.201345 2.634508 4.579726
v 0.200063 2.631697 4.581841
v 0.200161 2.631131 4.580396
v 0.205799 2.660791 4.576849
v 0.202672 2.669508 4.578954
v 0.205108 2.660113 4.578927
v 0.205910 2.650768 4.577088
v 0.196537 2.675942 4.582199
v 0.188387 2.679194 4.587202
v 0.196440 2.674510 4.583933
v 0.179385 2.680437 4.592101
v 0.170345 2.678558 4.597621
v 0.180048 2.678725 4.593397
v 0.161124 2.674921 4.602645
v 0.153957 2.668417 4.607082
v 0.162552 2.673454 4.603496
v 0.148992 2.660058 4.609649
v 0.151063 2.659335 4.610128
v 0.355581 2.692062 4.491583
v 0.361338 2.687650 4.492459
v 0.367064 2.692938 4.493880
v 0.361456 2.697375 4.492393
v 0.358145 2.680921 4.489961
v 0.365677 2.680007 4.489829
v 0.368686 2.686188 4.492967
v 0.365872 2.674931 4.485362
v 0.374182 2.678555 4.484899
v 0.373887 2.682935 4.490037
v 0.377476 2.676126 4.478663
v 0.384143 2.682025 4.479149
v 0.381204 2.684113 4.485872
v 0.388378 2.682845 4.472371
v 0.391859 2.689526 4.474695
v 0.388225 2.688685 4.481790
v 0.395379 2.692559 4.468327
v 0.396240 2.698452 4.472166
v 0.393197 2.695338 4.478830
v 0.398176 2.704299 4.466729
v 0.396769 2.708694 4.471857
v 0.395417 2.702829 4.477482
v 0.395838 2.715427 4.468073
v 0.392467 2.715872 4.474320
v 0.394107 2.709746 4.478242
v 0.388069 2.720770 4.472534
v 0.384494 2.717403 4.478889
v 0.389445 2.712936 4.480970
v 0.377382 2.720193 4.478708
v 0.374978 2.714440 4.484430
v 0.382552 2.711956 4.485034
v 0.366494 2.714023 4.485003
v 0.366202 2.706706 4.489531
v 0.374787 2.707252 4.489537
v 0.358347 2.703701 4.489846
v 0.369079 2.700237 4.492751
v 0.148839 2.758361 4.610674
v 0.157156 2.762426 4.608843
v 0.152164 2.764657 4.615368
v 0.143398 2.761454 4.616785
v 0.162319 2.763153 4.602895
v 0.166349 2.769299 4.603535
v 0.162138 2.768381 4.609607
v 0.170185 2.772495 4.598354
v 0.171536 2.779009 4.600540
v 0.168170 2.775577 4.606126
v 0.173145 2.785370 4.596642
v 0.170883 2.790922 4.600915
v 0.170345 2.784697 4.604872
v 0.167725 2.797336 4.599772
v 0.161721 2.798388 4.606206
v 0.166044 2.792830 4.607353
v 0.154471 2.802300 4.607426
v 0.148474 2.799101 4.613857
v 0.156250 2.796206 4.613008
v 0.139278 2.798378 4.616195
v 0.136391 2.791860 4.620829
v 0.145476 2.793320 4.619227
v 0.129015 2.787566 4.622122
v 0.130891 2.780736 4.624005
v 0.137652 2.785360 4.623748
v 0.127782 2.774006 4.622834
v 0.133962 2.768659 4.622233
v 0.136582 2.775239 4.624363
v 0.134859 2.762177 4.618745
v 0.142054 2.766978 4.621204
v 0.316906 2.828086 4.513565
v 0.321336 2.820161 4.513829
v 0.325282 2.826478 4.515261
v 0.321857 2.834333 4.513537
v 0.322069 2.814429 4.510609
v 0.330720 2.810670 4.508549
v 0.329347 2.815555 4.513013
v 0.335570 2.808829 4.502865
v 0.344568 2.810378 4.500735
v 0.339860 2.811507 4.507190
v 0.350474 2.812567 4.494300
v 0.356318 2.817723 4.494096
v 0.351141 2.814968 4.500937
v 0.360206 2.824282 4.488697
v 0.361481 2.831067 4.491177
v 0.358611 2.824331 4.496795
v 0.361074 2.838481 4.488196
v 0.357583 2.842487 4.493376
v 0.359358 2.835768 4.496382
v 0.351485 2.847219 4.493706
v 0.344922 2.846795 4.500519
v 0.351819 2.842717 4.500558
v 0.336334 2.848418 4.502413
v 0.331574 2.844328 4.508059
v 0.340166 2.843324 4.507016
v 0.322844 2.841650 4.510157
v 0.330112 2.837842 4.512589
v 0.301793 2.715086 4.522285
v 0.293569 2.711782 4.529706
v 0.304162 2.711397 4.527841
v 0.311080 2.712842 4.519680
v 0.283181 2.709201 4.533004
v 0.277372 2.701443 4.538931
v 0.287493 2.706050 4.537333
v 0.269719 2.691913 4.540730
v 0.269479 2.680372 4.543325
v 0.275062 2.690902 4.544128
v 0.269576 2.669456 4.540835
v 0.277584 2.662920 4.538959
v 0.274875 2.671317 4.544361
v 0.284800 2.659050 4.532083
v 0.296140 2.661166 4.528154
v 0.288744 2.662406 4.536714
v 0.304308 2.662514 4.520799
v 0.312421 2.668590 4.518735
v 0.306216 2.665617 4.526573
v 0.317511 2.675598 4.513169
v 0.320995 2.685194 4.513721
v 0.318133 2.677085 4.519586
v 0.322225 2.694550 4.510449
v 0.321200 2.702482 4.513708
v 0.322423 2.693834 4.517043
v 0.317073 2.709965 4.513458
v 0.317782 2.707342 4.519885
v 0.146358 2.815763 4.610973
v 0.158525 2.640730 4.613012
v 0.163820 2.634154 4.612675
v 0.168795 2.640157 4.611675
v 0.164157 2.647825 4.612481
v 0.198180 2.631659 4.590117
v 0.196732 2.634226 4.593675
v 0.193653 2.631638 4.597322
v 0.196221 2.631117 4.593980
v 0.201477 2.656851 4.588217
v 0.196551 2.659564 4.593779
v 0.198583 2.648266 4.592605
v 0.195450 2.667680 4.591694
v 0.189116 2.665120 4.598070
v 0.182762 2.670713 4.599021
v 0.177491 2.664811 4.604782
v 0.183675 2.660263 4.603083
v 0.168948 2.666624 4.606995
v 0.168034 2.658723 4.610243
v 0.174357 2.657900 4.608343
v 0.160447 2.655961 4.611904
v 0.170213 2.652612 4.610733
v 0.372112 2.690971 4.493911
v 0.375412 2.693205 4.493630
v 0.372352 2.695933 4.493811
v 0.374916 2.687077 4.492640
v 0.376302 2.690645 4.493341
v 0.379766 2.686903 4.490170
v 0.378751 2.689512 4.492407
v 0.385140 2.689276 4.487144
v 0.382368 2.690999 4.490715
v 0.389959 2.694102 4.484076
v 0.386485 2.694366 4.488266
v 0.392763 2.699306 4.482113
v 0.389830 2.698396 4.485834
v 0.393378 2.704788 4.481630
v 0.391192 2.708576 4.483134
v 0.387086 2.708864 4.485834
v 0.381388 2.706446 4.489287
v 0.385925 2.704462 4.488637
v 0.375496 2.701353 4.492352
v 0.381221 2.701057 4.491253
v 0.377136 2.696735 4.493032
v 0.157969 2.769615 4.615090
v 0.154596 2.773513 4.619130
v 0.149586 2.768809 4.619929
v 0.163956 2.774409 4.611633
v 0.160172 2.775934 4.615910
v 0.167218 2.780753 4.609750
v 0.166506 2.787580 4.610163
v 0.160898 2.791934 4.613398
v 0.152945 2.791937 4.617991
v 0.157820 2.787983 4.617268
v 0.145775 2.787434 4.622132
v 0.152185 2.785902 4.620523
v 0.141814 2.780389 4.624418
v 0.147706 2.782056 4.623108
v 0.143725 2.772679 4.623313
v 0.146897 2.777428 4.623574
v 0.149190 2.773867 4.622251
v 0.331911 2.822194 4.515181
v 0.332217 2.830963 4.515014
v 0.337724 2.816802 4.511953
v 0.346013 2.816934 4.507343
v 0.343331 2.821398 4.511672
v 0.353361 2.821909 4.503253
v 0.348980 2.823288 4.508337
v 0.356394 2.829514 4.501572
v 0.351913 2.826551 4.506672
v 0.354160 2.836855 4.502809
v 0.352229 2.831713 4.506492
v 0.346232 2.839277 4.507218
v 0.349394 2.834458 4.508101
v 0.338155 2.837627 4.511714
v 0.343595 2.834597 4.511519
v 0.338589 2.831967 4.514291
v 0.307321 2.705153 4.536475
v 0.302293 2.699265 4.543041
v 0.307258 2.696485 4.542217
v 0.311736 2.700898 4.537270
v 0.294410 2.700477 4.544142
v 0.292909 2.693268 4.548343
v 0.300021 2.693004 4.546602
v 0.284265 2.689189 4.549402
v 0.287972 2.682696 4.550764
v 0.294132 2.686691 4.549746
v 0.283703 2.674601 4.549517
v 0.292291 2.673642 4.548520
v 0.293823 2.680757 4.549885
v 0.294838 2.668087 4.544007
v 0.303276 2.672676 4.542853
v 0.299413 2.676220 4.546859
v 0.309013 2.670991 4.536283
v 0.313168 2.677366 4.537051
v 0.307588 2.678134 4.542329
v 0.318518 2.679670 4.530519
v 0.318250 2.686048 4.533942
v 0.321808 2.692438 4.528147
v 0.317771 2.695770 4.533806
v 0.317868 2.702822 4.530051
v 0.311952 2.695537 4.539455
v 0.190085 2.631117 4.600675
v 0.190381 2.634147 4.600491
v 0.186107 2.631628 4.603694
v 0.174055 2.647283 4.609795
v 0.179020 2.653998 4.606925
v 0.173336 2.634060 4.610330
v 0.178255 2.640185 4.608228
v 0.183318 2.647766 4.605306
v 0.182188 2.634105 4.606203
v 0.187004 2.640314 4.603177
v 0.303339 2.680031 4.546206
v 0.305132 2.685590 4.545938
v 0.299045 2.680955 4.548520
v 0.305920 2.691430 4.544660
v 0.299750 2.686771 4.548221
v 0.386210 2.699594 4.489030
v 0.382038 2.695731 4.491382
v 0.378980 2.692785 4.492713
v 0.169191 2.725374 4.597792
v 0.121834 2.736647 4.625134
v 0.062841 2.728761 4.659192
v 0.030218 2.728400 4.678328
v 0.005627 2.728358 4.695004
v 0.232103 2.743568 4.561472
v 0.151688 2.778954 4.621503
v 0.156528 2.780802 4.618713
v 0.003202 2.681782 4.694431
v 0.002781 2.666224 4.695765
v 0.002931 2.652254 4.694306
v 0.017255 2.630971 4.685697
v 0.003271 2.630971 4.694115
v 0.017717 2.630784 4.687657
v 0.030318 2.630784 4.678846
v 0.081560 2.630971 4.648616
v 0.063445 2.630784 4.659762
v 0.082731 2.630784 4.650642
v 0.099835 2.630784 4.638753
v 0.428329 2.644927 4.448409
v 0.429121 2.636103 4.448642
v 0.429993 2.644708 4.450153
v 0.429121 2.655864 4.448642
v 0.364305 2.631166 4.485372
v 0.353302 2.630784 4.492414
v 0.363656 2.630784 4.488453
v 0.373686 2.630784 4.480647
v 0.004838 2.743979 4.695831
v 0.004890 2.728358 4.697242
v 0.004838 2.712880 4.695279
v 0.428329 2.697330 4.447714
v 0.429121 2.680532 4.448468
v 0.429993 2.697239 4.449459
v 0.429121 2.715496 4.447599
v 0.002931 2.807807 4.694306
v 0.002778 2.792444 4.695957
v 0.003202 2.776136 4.694542
v 0.429993 2.733410 4.449459
v 0.429121 2.750336 4.448656
v -0.000776 2.865977 4.697593
v 0.000926 2.851437 4.697600
v 0.002399 2.834924 4.694779
v 0.428329 2.841264 4.449166
v 0.429121 2.813349 4.449969
v 0.429993 2.841310 4.450911
v 0.429121 2.866272 4.448830
v 0.046852 2.630784 4.671359
v 0.115695 2.630971 4.628907
v 0.116862 2.630784 4.630936
v 0.129269 2.630784 4.621701
v 0.295063 2.630784 4.526038
v 0.306212 2.630784 4.521618
v 0.317841 2.630784 4.512888
v 0.206022 2.630784 4.576925
v 0.255356 2.630784 4.550761
v 0.270629 2.630784 4.540109
v 0.335535 2.630784 4.504689
v -0.001110 2.882305 4.697937
v -0.000947 2.873794 4.699323
v 0.429993 2.880694 4.450153
v 0.428627 2.882337 4.448927
v 0.017102 2.882886 4.686621
v -0.000133 2.882886 4.698833
v 0.410225 2.882281 4.458859
v 0.422006 2.882886 4.452748
v 0.411395 2.882886 4.460888
v 0.395379 2.882886 4.468122
v 0.078489 2.882886 4.651076
v 0.067270 2.882886 4.659571
v 0.052178 2.882886 4.666269
v 0.102163 2.882886 4.637409
v 0.091208 2.882886 4.645750
v 0.307515 2.882236 4.518162
v 0.322124 2.882886 4.510414
v 0.308679 2.882886 4.520194
v 0.294264 2.882886 4.526500
v 0.278401 2.882886 4.537673
v 0.259355 2.882886 4.546661
v 0.340792 2.882243 4.498949
v 0.361422 2.882886 4.487727
v 0.342060 2.882886 4.500919
v 0.284693 2.630784 4.534042
v 0.242387 2.882886 4.558498
v 0.003845 2.759942 4.696853
v 0.429121 2.780093 4.449969
v 0.429993 2.794469 4.451672
v 0.003476 2.631531 4.693598
v 0.002931 2.634386 4.694306
v 0.002747 2.631531 4.695703
v 0.428329 2.667566 4.448409
v 0.429993 2.667270 4.450153
v 0.429993 2.765640 4.450911
v 0.426849 2.631162 4.449264
v 0.422047 2.630784 4.452724
v 0.428019 2.630784 4.451293
v 0.428627 2.631152 4.448927
v 0.378845 2.882240 4.476978
v 0.380123 2.882886 4.478944
v 0.383896 2.630784 4.476766
v 0.396915 2.630784 4.467233
v 0.002799 2.821173 4.695877
v 0.148763 2.882886 4.610521
v 0.138059 2.882886 4.618713
v 0.126044 2.882886 4.623622
v 0.115083 2.882886 4.631964
v 0.139459 2.630784 4.617536
v 0.144354 2.630784 4.612627
v 0.200393 2.630808 4.580184
v 0.200678 2.630784 4.581410
v 0.153467 2.630808 4.612147
v 0.148613 2.630784 4.611532
v 0.153099 2.630784 4.614295
v 0.158362 2.630784 4.613301
v 0.173197 2.630808 4.610580
v 0.168309 2.630784 4.612318
v 0.174215 2.630784 4.613172
v 0.177748 2.630784 4.608962
v 0.163775 2.630808 4.612842
v 0.164126 2.630784 4.615340
v 0.196332 2.630808 4.594039
v 0.194039 2.630784 4.597409
v 0.198191 2.630784 4.595631
v 0.198601 2.630784 4.590079
v 0.181970 2.630808 4.606509
v 0.183418 2.630784 4.608993
v 0.186257 2.630784 4.604038
v 0.190165 2.630808 4.600776
v 0.191822 2.630784 4.602930
v 0.003827 2.697347 4.696290
v 0.346958 2.825428 4.511039
v 0.345183 2.828027 4.512651
v 0.349745 2.828576 4.509316
v 0.347146 2.831258 4.510931
v 0.342525 2.830702 4.513638
v 0.312970 2.708402 4.527952
v 0.298326 2.706797 4.536648
v 0.284356 2.698212 4.544465
v 0.277098 2.680986 4.548065
v 0.284078 2.666756 4.544594
v 0.300261 2.665759 4.535835
v 0.314175 2.672089 4.527691
v 0.321579 2.685607 4.523182
v 0.321669 2.700234 4.522821
v 0.354435 2.698243 4.490746
v 0.354459 2.685739 4.490729
v 0.359841 2.675800 4.487401
v 0.370416 2.673426 4.481258
v 0.383170 2.677756 4.473896
v 0.392586 2.686872 4.468462
v 0.397745 2.697913 4.465499
v 0.398127 2.710976 4.465360
v 0.392645 2.720131 4.468441
v 0.382253 2.722327 4.474424
v 0.370816 2.719189 4.481029
v 0.360247 2.709892 4.487168
v 0.140181 2.758042 4.614625
v 0.156319 2.759063 4.605310
v 0.166818 2.766867 4.599247
v 0.172766 2.778140 4.595815
v 0.172057 2.792580 4.596225
v 0.161742 2.801616 4.602180
v 0.146094 2.802491 4.611213
v 0.131906 2.793983 4.619405
v 0.125919 2.781118 4.622862
v 0.129182 2.766985 4.620975
v 0.317250 2.835942 4.512384
v 0.316962 2.820763 4.512554
v 0.327172 2.810038 4.506662
v 0.342987 2.809471 4.497535
v 0.356283 2.817215 4.489853
v 0.362127 2.832061 4.486473
v 0.357649 2.844276 4.489058
v 0.343658 2.849495 4.497139
v 0.328236 2.846733 4.506043
v 0.310336 2.714732 4.516387
v 0.291752 2.713763 4.527115
v 0.274694 2.702690 4.536968
v 0.266557 2.680128 4.541665
v 0.274941 2.661270 4.536822
v 0.294640 2.659317 4.525451
v 0.311889 2.667208 4.515490
v 0.320887 2.685006 4.510296
v 0.321093 2.703399 4.510178
v 0.294681 2.811247 4.525340
v 0.396946 2.798249 4.466489
v 0.387697 2.819748 4.471638
v 0.384466 2.854171 4.473504
v 0.394424 2.868680 4.467754
v 0.357260 2.868398 4.489211
v 0.321662 2.880297 4.509761
v 0.003177 2.681782 4.698920
v 0.003205 2.666224 4.702276
v 0.002830 2.652254 4.698722
v 0.003136 2.630971 4.698305
v 0.019969 2.630784 4.694393
v 0.032684 2.630784 4.683442
v 0.066141 2.630784 4.664431
v 0.087897 2.630784 4.659811
v 0.102531 2.630784 4.643423
v 0.348626 2.630784 4.501336
v 0.359737 2.630784 4.513701
v 0.370180 2.630784 4.488891
v 0.004661 2.743979 4.700574
v 0.004828 2.728358 4.703885
v 0.004473 2.712880 4.699952
v 0.431813 2.680532 4.453134
v 0.439054 2.697239 4.470915
v 0.431813 2.715496 4.452269
v 0.002955 2.807807 4.699285
v 0.003205 2.792444 4.703343
v 0.003101 2.776136 4.699886
v 0.439054 2.733410 4.470915
v 0.431813 2.750336 4.453325
v 0.000978 2.865977 4.701411
v 0.002993 2.851437 4.703572
v 0.002688 2.834924 4.699518
v 0.431813 2.813349 4.454635
v 0.439054 2.841310 4.472187
v 0.431813 2.866272 4.453499
v 0.050966 2.630784 4.679305
v 0.123265 2.630784 4.641335
v 0.131909 2.630784 4.626399
v 0.297759 2.630784 4.530704
v 0.312834 2.630784 4.538920
v 0.319425 2.630784 4.518196
v 0.209208 2.630784 4.582727
v 0.263184 2.630784 4.565895
v 0.273356 2.630784 4.544750
v 0.335712 2.630784 4.526611
v 0.000898 2.882305 4.701612
v 0.002639 2.873794 4.704368
v 0.439054 2.880694 4.471523
v 0.431320 2.882337 4.453593
v 0.054874 2.882886 4.670935
v 0.038827 2.882886 4.685864
v 0.019718 2.882886 4.691176
v 0.034828 2.882886 4.678300
v 0.437042 2.882886 4.472597
v 0.424698 2.882886 4.457415
v 0.428019 2.882886 4.451293
v 0.081185 2.882886 4.655746
v 0.071843 2.882886 4.668333
v 0.104859 2.882886 4.642074
v 0.096141 2.882886 4.655554
v 0.324817 2.882886 4.515083
v 0.315322 2.882886 4.537586
v 0.296957 2.882886 4.531169
v 0.285433 2.882886 4.553759
v 0.262061 2.882886 4.551323
v 0.364118 2.882886 4.492393
v 0.349029 2.882886 4.519516
v 0.291106 2.630784 4.550570
v 0.004081 2.759942 4.704093
v 0.431813 2.780093 4.454635
v 0.439054 2.794469 4.472850
v 0.003032 2.641470 4.702082
v 0.002771 2.634386 4.698541
v 0.002754 2.641470 4.695734
v 0.431813 2.655854 4.453308
v 0.439054 2.667270 4.471523
v 0.439054 2.765640 4.472187
v 0.394267 2.630784 4.474984
v 0.414362 2.630784 4.484590
v 0.423972 2.630784 4.457835
v 0.410801 2.630784 4.461233
v 0.398075 2.882886 4.472788
v 0.388079 2.882886 4.498716
v 0.382229 2.630784 4.501659
v 0.003348 2.821173 4.702780
v 0.151344 2.882886 4.615263
v 0.143701 2.882886 4.630412
v 0.128716 2.882886 4.628306
v 0.120163 2.882886 4.642759
v 0.146567 2.630784 4.629251
v 0.148144 2.630784 4.618182
v 0.250239 2.882886 4.572996
v 0.227256 2.882886 4.571464
v 0.161576 2.630784 4.627736
v 0.161350 2.630784 4.620364
v 0.172471 2.630784 4.620531
v 0.185881 2.630784 4.628976
v 0.182671 2.630784 4.617546
v 0.174583 2.630784 4.630297
v 0.199087 2.630784 4.605011
v 0.211317 2.630784 4.610695
v 0.203312 2.630784 4.596159
v 0.168927 2.882886 4.617077
v 0.195859 2.630784 4.625186
v 0.191322 2.630784 4.612526
v 0.204514 2.630784 4.618985
v 0.003952 2.697347 4.702891
v 0.162538 2.882886 4.604601
v 0.168618 2.630881 4.611831
v 0.177651 2.630881 4.608631
v 0.173207 2.631114 4.610421
v 0.158907 2.630881 4.612835
v 0.163851 2.631117 4.612672
v 0.193594 2.630881 4.597409
v 0.198028 2.630877 4.590249
v 0.186055 2.630881 4.603778
v 0.181924 2.631114 4.606369
v 0.153700 2.631128 4.611984
v 0.149527 2.630881 4.610987
v 0.199400 2.630808 4.585621
v 0.199872 2.630877 4.581921
v 0.199240 2.631124 4.585691
v 0.146574 2.650556 4.610907
v 0.147036 2.634411 4.610640
v 0.200265 2.631061 4.580007
v 0.201509 2.634442 4.579190
v 0.206164 2.650854 4.576501
v 0.202850 2.669841 4.578416
v 0.188317 2.679698 4.586806
v 0.170067 2.679062 4.597343
v 0.153432 2.668771 4.606946
v 0.209096 2.857082 4.574754
v 0.317507 2.648474 4.512151
v 0.294671 2.644747 4.525346
v 0.270615 2.644191 4.539233
v 0.209923 2.641762 4.574275
v 0.099442 2.631531 4.638062
v 0.146456 2.630968 4.611025
v 0.146970 2.631545 4.610636
v 0.204354 2.641449 4.577506
v 0.147519 2.631680 4.610500
v 0.147915 2.631135 4.610559
v 0.149576 2.631697 4.610990
v 0.203955 2.641467 4.577919
v 0.203364 2.641356 4.579934
v 0.158876 2.631659 4.612811
v 0.168611 2.631617 4.611782
v 0.200359 2.640838 4.588859
v 0.194630 2.640466 4.596760
v 0.177675 2.631621 4.608562
v 0.147463 2.631065 4.610490
v 0.153501 2.634369 4.612095
v 0.153324 2.649580 4.612196
v 0.200202 2.634393 4.585135
v 0.201335 2.666450 4.584478
v 0.203899 2.649895 4.582998
v 0.189331 2.674577 4.591406
v 0.173152 2.673958 4.600748
v 0.159098 2.665158 4.608864
v 0.147519 2.630808 4.610719
v 0.201332 2.630784 4.586403
v 0.215378 2.630784 4.599216
v 0.410336 2.631183 4.458797
v 0.421585 2.632336 4.452071
v 0.428329 2.632270 4.448409
v 0.429993 2.632232 4.450153
v 0.431320 2.631138 4.453593
v 0.439054 2.632180 4.471523
v 0.431813 2.636033 4.453308
v 0.033796 2.882226 4.676192
v 0.410061 2.780600 4.459388
v 0.409106 2.749655 4.459287
v 0.426748 2.657087 4.449090
v 0.426748 2.681365 4.448916
v 0.426748 2.636360 4.449090
v 0.439054 2.644653 4.471523
v 0.244402 2.630784 4.608197
v 0.163966 2.882886 4.642908
v 0.246761 2.882886 4.606766
v 0.186948 2.882886 4.659595
v 0.002993 2.631531 4.701901
v 0.011349 2.882886 4.700223
v 0.420258 2.882886 4.481595
v 0.437042 2.630784 4.472597
v 0.223480 2.868534 4.566447
v 0.224477 2.882886 4.566822
v 0.241195 2.882233 4.556455
v 0.208481 2.882229 4.575348
v 0.184467 2.857183 4.588971
v 0.184214 2.882233 4.589356
v 0.195140 2.868537 4.582810
v 0.209663 2.882886 4.577415
v 0.195189 2.882886 4.583728
v 0.217327 2.882886 4.590940
v 0.197944 2.882886 4.588383
v 0.214686 2.882886 4.621055
v 0.192357 2.882886 4.604441
v 0.191548 2.882886 4.631256
v 0.185409 2.882886 4.591406
v 0.176963 2.882886 4.600488
v 0.161385 2.882233 4.602534
v 0.174194 2.882886 4.595846
v 0.160224 2.857277 4.602968
v 0.173756 2.880280 4.595155
v 0.219474 2.630985 4.568886
v 0.254640 2.635137 4.548457
v 0.218449 2.673468 4.569351
v 0.255019 2.654888 4.548238
v 0.201516 2.688109 4.579128
v 0.220148 2.630784 4.570651
v 0.229602 2.630784 4.581178
v 0.236991 2.631635 4.558647
v 0.237366 2.664790 4.558432
v 0.223900 2.685111 4.566207
v 0.236960 2.630784 4.559304
v 0.239899 2.630784 4.563758
v 0.238930 2.643003 4.557528
v 0.261645 2.630784 4.597774
v 0.205119 2.702683 4.577050
v 0.113436 2.756110 4.629987
v 0.099213 2.733336 4.638194
v 0.097337 2.763712 4.639319
v 0.041304 2.828305 4.671627
v 0.064839 2.828753 4.658094
v 0.110817 2.827666 4.631502
v 0.133368 2.814116 4.618481
v 0.146768 2.841879 4.610736
v 0.135960 2.827440 4.616976
v 0.171171 2.841577 4.596649
v 0.156750 2.826113 4.604973
v 0.183033 2.824849 4.589801
v 0.225756 2.840896 4.565134
v 0.243262 2.822941 4.555027
v 0.100043 2.842452 4.637739
v 0.086577 2.827211 4.645566
v 0.076616 2.842563 4.651364
v 0.061243 2.790630 4.660241
v 0.053290 2.842855 4.664668
v 0.028644 2.817003 4.678985
v 0.043340 2.804170 4.670567
v 0.054857 2.816607 4.663886
v 0.081532 2.803044 4.648533
v 0.003855 2.630971 4.704868
v 0.072096 2.630784 4.678078
v 0.003782 2.681782 4.705375
v 0.004908 2.743979 4.706706
v 0.003775 2.807807 4.705254
v 0.003900 2.865977 4.706192
v 0.036405 2.630784 4.692555
v 0.114322 2.630784 4.661954
v 0.004119 2.882305 4.706268
v 0.059950 2.882886 4.683165
v 0.088710 2.882886 4.672297
v 0.112821 2.882886 4.662750
v 0.003740 2.776136 4.706285
v 0.003508 2.652254 4.705257
v 0.003827 2.834924 4.705250
v 0.138114 2.882886 4.652695
v 0.147369 2.630784 4.649554
v 0.182793 2.630784 4.643929
v 0.236147 2.630784 4.621469
v 0.194640 2.630784 4.643093
v 0.226916 2.630784 4.629508
v 0.207005 2.630784 4.639899
v 0.217122 2.630784 4.635824
v 0.004640 2.712880 4.705948
v 0.168100 2.630784 4.643311
v 0.004512 2.634386 4.709749
v 0.025663 2.882886 4.705608
v 0.004022 2.666224 4.707793
v 0.004345 2.792448 4.707606
v 0.004682 2.851437 4.707453
v 0.143961 2.630784 4.672287
v 0.106002 2.882886 4.681747
v 0.004758 2.759949 4.708711
v 0.003994 2.641470 4.707762
v 0.218814 2.630784 4.656096
v 0.231102 2.630784 4.652817
v 0.013645 2.882886 4.705299
v 0.022324 2.630784 4.702394
v 0.099925 2.630784 4.682139
v 0.005147 2.728358 4.708443
v 0.055514 2.630784 4.693069
v 0.004835 2.873794 4.708009
v 0.042575 2.882886 4.696836
v 0.079434 2.882886 4.687580
v 0.004539 2.821173 4.706907
v 0.130870 2.882886 4.675563
v 0.174806 2.630784 4.665894
v 0.194376 2.630784 4.662201
v 0.206397 2.630784 4.659512
v 0.253755 2.630784 4.645062
v 0.241970 2.630784 4.649475
v 0.004480 2.697347 4.707776
v 0.003987 2.631531 4.707731
v 0.267638 2.630784 4.639750
v 0.158216 2.882886 4.669139
v 0.357145 2.630784 4.559026
v 0.455643 2.631131 4.518433
v 0.456175 2.680532 4.518127
v 0.456175 2.715496 4.517693
v 0.456175 2.813349 4.518878
v 0.456175 2.866272 4.518308
v 0.311969 2.630784 4.577860
v 0.333325 2.630784 4.568959
v 0.455643 2.882337 4.518433
v 0.340076 2.882886 4.566141
v 0.311816 2.882886 4.577988
v 0.381517 2.882886 4.548926
v 0.288021 2.630784 4.588120
v 0.280061 2.882886 4.591778
v 0.456175 2.780093 4.518878
v 0.456175 2.655847 4.518214
v 0.456175 2.750336 4.518221
v 0.407264 2.630784 4.538187
v 0.420491 2.882886 4.533028
v 0.380752 2.630784 4.549183
v 0.456175 2.635984 4.518214
v 0.482089 2.882886 4.644322
v 0.479796 2.630784 4.644739
v 0.475676 2.841310 4.580035
v 0.337609 2.882886 4.617359
v 0.373574 2.882886 4.607721
v 0.311768 2.630784 4.624283
v 0.475857 2.765640 4.580035
v 0.418305 2.882886 4.595533
v 0.455570 2.882886 4.585340
v 0.383049 2.630784 4.605181
v 0.475857 2.697239 4.579854
v 0.475954 2.733410 4.579854
v 0.334951 2.630784 4.618071
v 0.358184 2.630784 4.611845
v 0.475759 2.880568 4.579941
v 0.473480 2.882886 4.580538
v 0.309065 2.882886 4.624797
v 0.475676 2.794469 4.580129
v 0.475759 2.667270 4.579941
v 0.445394 2.630784 4.588265
v 0.407407 2.630784 4.598657
v 0.475759 2.632170 4.579941
v 0.475759 2.644646 4.579941
v 0.473480 2.630784 4.580538
v 0.276841 2.882886 4.633764
v 0.289407 2.630784 4.631009
v 0.009740 2.873634 4.717952
v 0.068250 2.880096 4.718150
v 0.268343 2.880402 4.718150
v 0.501861 2.879752 4.717952
v 0.125763 2.880127 4.718150
v 0.346795 2.880210 4.718150
v 0.420032 2.871181 4.718150
v 0.306191 2.880284 4.718150
v 0.462832 2.868940 4.718150
v 0.096989 2.863965 4.718150
v 0.174250 2.870035 4.718150
v 0.152727 2.880325 4.718150
v 0.253893 2.880381 4.701612
v 0.188619 2.870799 4.701439
v 0.243300 2.880422 4.692559
v 0.198980 2.871310 4.691169
v 0.226628 2.880419 4.687848
v 0.212015 2.880409 4.687848
v 0.261228 2.880346 4.717872
v 0.179607 2.870191 4.717875
v 0.378890 2.880433 4.718150
v 0.008173 2.873794 4.716121
v 0.502507 2.879686 4.715624
v 0.261676 2.880409 4.718129
v 0.179065 2.870160 4.718133
v 0.260984 2.871146 4.714930
v 0.183432 2.880297 4.714930
v 0.028960 2.880012 4.718150
v 0.493829 2.874092 4.718150
v 0.006589 2.873794 4.711601
v 0.499471 2.879811 4.692507
v 0.022446 2.868172 4.682654
v -0.000887 2.880565 4.697412
v 0.078020 2.880273 4.650447
v 0.051977 2.868214 4.665428
v 0.258841 2.868547 4.546032
v 0.428329 2.876062 4.448409
v 0.421606 2.880614 4.452061
v 0.293910 2.868562 4.525784
v 0.101412 2.868516 4.636943
v 0.124974 2.868551 4.623321
v 0.147953 2.868551 4.610055
v -0.000947 2.880568 4.699323
v 0.429993 2.876156 4.450153
v 0.394875 2.880336 4.467493
v 0.360400 2.880322 4.487397
v 0.321339 2.868714 4.509949
v 0.002639 2.880568 4.704368
v 0.439054 2.876156 4.471523
v 0.224005 2.880270 4.566144
v 0.194845 2.880273 4.582981
v 0.173583 2.868544 4.595255
v 0.004835 2.880568 4.708009
v 0.475759 2.876031 4.579941
v 0.020302 2.875569 4.718150
v 0.085548 2.875058 4.718150
v 0.285037 2.876417 4.718150
v 0.499923 2.877244 4.718150
v 0.327461 2.875642 4.718150
v 0.113190 2.873637 4.718150
v 0.205164 2.877004 4.688921
v 0.138604 2.875673 4.718150
v 0.165880 2.876500 4.718150
v 0.262864 2.876834 4.718150
v 0.180218 2.876549 4.718150
v 0.261436 2.876830 4.717400
v 0.181671 2.876552 4.717403
v 0.248998 2.877087 4.696127
v 0.193299 2.876868 4.696127
v 0.234948 2.877139 4.688921
v 0.218995 2.877066 4.686260
v 0.008886 2.877716 4.717361
v 0.502507 2.876952 4.717361
v 0.443713 2.875833 4.718150
v 0.399750 2.877236 4.718150
v 0.362513 2.876191 4.718150
v 0.007406 2.877716 4.713974
v 0.502507 2.876952 4.711983
v 0.261822 2.876837 4.718077
v 0.181313 2.876555 4.718077
v 0.257642 2.876914 4.708731
v 0.185079 2.876663 4.708731
v 0.049017 2.874457 4.718150
v 0.480727 2.876785 4.718150
v -0.000085 2.877608 4.696766
v 0.065697 2.875979 4.657559
v 0.426748 2.878345 4.449090
v 0.277129 2.876055 4.535474
v 0.089784 2.876010 4.643669
v 0.113572 2.876055 4.629904
v -0.001304 2.877716 4.698062
v 0.429121 2.878466 4.448642
v 0.377764 2.875395 4.477371
v 0.339694 2.876201 4.499352
v 0.307487 2.876069 4.517946
v 0.000693 2.877716 4.701727
v 0.431813 2.878466 4.453308
v 0.240917 2.876038 4.556382
v 0.136578 2.876055 4.616622
v 0.035082 2.875829 4.675201
v 0.410127 2.877129 4.458689
v 0.003914 2.877716 4.706351
v 0.456175 2.878466 4.518214
v 0.208336 2.876028 4.575191
v 0.161138 2.876048 4.602440
v 0.184183 2.876038 4.589137
v 0.005728 2.877716 4.709687
v 0.490372 2.877709 4.643266
v 0.009518 2.681782 4.717483
v 0.026566 2.630971 4.717952
v 0.010894 2.744051 4.718053
v 0.011325 2.865014 4.717917
v 0.026528 2.652254 4.718105
v 0.018377 2.806678 4.717382
v 0.010894 2.776553 4.717917
v 0.011748 2.834521 4.716524
v 0.009518 2.712880 4.717483
v 0.025910 2.630784 4.715992
v 0.026643 2.634386 4.718150
v 0.010136 2.882295 4.717952
v 0.008945 2.882886 4.716107
v 0.024388 2.630784 4.710121
v 0.015431 2.882886 4.710316
v 0.004546 2.652254 4.692851
v 0.017356 2.681782 4.685579
v 0.018086 2.712880 4.685961
v 0.017276 2.775604 4.685700
v 0.004526 2.807644 4.692864
v 0.013499 2.860428 4.688195
v 0.007107 2.882257 4.692145
v 0.004546 2.634386 4.692851
v 0.016192 2.831359 4.686211
v 0.018075 2.743926 4.686215
v 0.004484 2.630971 4.693021
v 0.004161 2.630784 4.694921
v 0.007642 2.882886 4.694160
v 0.004560 2.630784 4.701091
v 0.003469 2.882886 4.703975
v 0.005672 2.882886 4.707752
v 0.005721 2.630784 4.707210
v 0.010588 2.877511 4.718150
v 0.008830 2.876583 4.690964
v 0.015063 2.666224 4.717831
v 0.014257 2.697347 4.717511
v 0.013743 2.792948 4.717368
v 0.014906 2.871295 4.718150
v 0.015865 2.641470 4.718150
v 0.013819 2.820276 4.716590
v 0.016508 2.761204 4.718150
v 0.015393 2.848477 4.717368
v 0.015063 2.728358 4.717831
v 0.015320 2.630784 4.717361
v 0.011731 2.882886 4.717361
v 0.013482 2.630784 4.713800
v 0.015865 2.631531 4.718150
v 0.010553 2.882886 4.713741
v 0.009007 2.882886 4.708954
v 0.008385 2.666224 4.690634
v 0.009251 2.697347 4.691027
v 0.008344 2.792055 4.690669
v 0.003448 2.872474 4.694529
v 0.008385 2.641470 4.690634
v 0.008208 2.820245 4.690745
v 0.009237 2.759866 4.691391
v 0.006280 2.849571 4.692371
v 0.010119 2.728358 4.691770
v 0.008240 2.630784 4.691322
v 0.001757 2.882886 4.696109
v 0.008604 2.630784 4.695515
v 0.008385 2.631531 4.690634
v 0.009942 2.630784 4.702498
v 0.003897 2.882886 4.699976
v 0.007138 2.882886 4.705080
v 0.011477 2.630784 4.708506
v 0.012749 2.880433 4.718150
v 0.002163 2.880499 4.695269
v 0.070244 2.816038 4.655051
vn -0.0803 0.0148 0.9967
vn -0.0866 0.0092 0.9962
vn -0.3540 0.0004 0.9353
vn -0.3507 0.0009 0.9365
vn -0.0735 0.0114 0.9972
vn -0.3471 0.0010 0.9378
vn -0.0049 0.0113 0.9999
vn -0.0127 0.0148 0.9998
vn -0.0201 0.0092 0.9998
vn -0.0000 -0.0000 1.0000
vn -0.2863 -0.1903 0.9390
vn -0.1271 -0.2512 0.9596
vn -0.1531 -0.0966 0.9835
vn -0.3244 -0.0542 0.9444
vn -0.4439 -0.1373 0.8855
vn -0.4912 -0.0152 0.8709
vn -0.3990 -0.2587 0.8797
vn -0.2678 -0.3417 0.9009
vn -0.1198 -0.4211 0.8991
vn -0.1008 -0.0869 0.9911
vn -0.0257 -0.0222 0.9994
vn -0.2751 0.1507 0.9495
vn -0.3338 0.0636 0.9405
vn -0.2666 -0.2036 0.9421
vn -0.4025 -0.0715 0.9126
vn -0.1656 -0.3685 0.9148
vn 0.0075 -0.3476 0.9376
vn 0.1025 -0.3084 0.9457
vn -0.0887 -0.0000 0.9961
vn -0.0866 -0.0092 0.9962
vn -0.3540 -0.0004 0.9352
vn -0.3541 -0.0000 0.9352
vn -0.0229 -0.0000 0.9997
vn -0.0201 -0.0092 0.9998
vn -0.1677 0.0466 0.9847
vn -0.2191 0.0344 0.9751
vn -0.5007 0.0394 0.8647
vn -0.4604 0.0547 0.8860
vn -0.1165 0.0290 0.9928
vn -0.4123 0.0339 0.9104
vn -0.0205 0.0219 0.9995
vn -0.0614 0.0345 0.9975
vn -0.1084 0.0266 0.9938
vn -0.0000 -0.0001 1.0000
vn -0.0000 -0.1682 0.9858
vn -0.0000 -0.1681 0.9858
vn -0.0000 -0.7181 0.6959
vn -0.0000 -0.7185 0.6956
vn -0.0000 -0.1678 0.9858
vn -0.0000 -0.7183 0.6957
vn -0.0015 -0.0000 1.0000
vn -0.0081 -0.0000 1.0000
vn -0.0071 0.0021 1.0000
vn -0.0013 0.0004 1.0000
vn -0.0013 -0.0004 1.0000
vn -0.0071 -0.0021 1.0000
vn -0.0001 -0.0001 1.0000
vn -0.0003 -0.0005 1.0000
vn -0.0018 -0.0020 1.0000
vn -0.0003 -0.0004 1.0000
vn -0.0627 -0.1811 0.9815
vn 0.0118 -0.1573 0.9875
vn -0.0615 -0.0323 0.9976
vn -0.1427 -0.0732 0.9871
vn -0.1699 -0.2245 0.9595
vn -0.2654 -0.1202 0.9566
vn -0.0919 -0.3218 0.9423
vn -0.0063 -0.3157 0.9488
vn 0.0608 -0.3052 0.9503
vn -0.0000 -0.1680 0.9858
vn -0.0000 -0.7184 0.6957
vn -0.0001 -0.7181 0.6959
vn -0.0002 -0.1661 0.9861
vn -0.0005 -0.7152 0.6990
vn -0.2562 -0.0377 0.9659
vn -0.1301 -0.0180 0.9913
vn -0.2941 0.2210 0.9299
vn -0.3723 0.1646 0.9134
vn -0.4377 -0.0544 0.8975
vn -0.4770 0.0929 0.8740
vn -0.4290 -0.2304 0.8734
vn -0.2721 -0.3069 0.9120
vn -0.1199 -0.3562 0.9267
vn 0.0008 -0.1178 0.9930
vn 0.0005 -0.1290 0.9916
vn 0.0009 -0.6559 0.7549
vn 0.0016 -0.6338 0.7735
vn 0.0008 -0.1044 0.9945
vn 0.0017 -0.6043 0.7968
vn 0.0008 -0.1357 0.9908
vn 0.0007 -0.1386 0.9904
vn 0.0014 -0.6739 0.7388
vn 0.0018 -0.6687 0.7435
vn 0.0004 -0.1348 0.9909
vn 0.0010 -0.6671 0.7449
vn -0.3290 0.0889 0.9402
vn -0.2569 0.1899 0.9476
vn -0.3179 0.3359 0.8866
vn -0.3848 0.2354 0.8925
vn -0.4082 -0.0060 0.9129
vn -0.4362 0.1364 0.8894
vn -0.3285 -0.1930 0.9246
vn -0.2140 -0.1341 0.9676
vn -0.1023 -0.0716 0.9922
vn 0.0006 -0.0934 0.9956
vn 0.0013 -0.5762 0.8173
vn 0.0002 -0.0874 0.9962
vn 0.0005 -0.5586 0.8295
vn 0.2368 0.1292 0.9629
vn 0.3635 0.0338 0.9310
vn 0.3425 0.1662 0.9247
vn 0.2391 0.2653 0.9341
vn 0.1033 0.2103 0.9722
vn 0.1119 0.3526 0.9291
vn 0.0990 0.0013 0.9951
vn 0.2451 -0.0431 0.9685
vn 0.3691 -0.1390 0.9190
vn -0.0907 -0.0176 0.9957
vn -0.3856 -0.0228 0.9224
vn -0.3836 -0.0480 0.9223
vn -0.1092 -0.0401 0.9932
vn -0.0085 -0.0118 0.9999
vn -0.0307 -0.0299 0.9991
vn -0.1012 -0.0049 0.9948
vn -0.4157 -0.0080 0.9095
vn 0.0511 0.0023 0.9987
vn 0.0513 0.0013 0.9987
vn 0.4104 0.0103 0.9118
vn 0.4093 0.0186 0.9122
vn 0.0508 0.0025 0.9987
vn 0.4079 0.0203 0.9128
vn 0.0507 -0.0005 0.9987
vn 0.0510 -0.0010 0.9987
vn 0.4093 -0.0077 0.9124
vn 0.4100 -0.0037 0.9121
vn 0.0505 -0.0000 0.9987
vn 0.4083 -0.0000 0.9129
vn 0.0002 -0.1340 0.9910
vn 0.0004 -0.6655 0.7464
vn 0.0505 0.0016 0.9987
vn 0.4061 0.0129 0.9137
vn 0.0505 0.0001 0.9987
vn 0.4060 0.0010 0.9139
vn -0.0704 0.0035 0.9975
vn -0.3469 0.0003 0.9379
vn -0.0703 -0.0000 0.9975
vn -0.3484 -0.0000 0.9373
vn -0.0009 0.0035 1.0000
vn 0.0002 -0.0833 0.9965
vn 0.0001 -0.0853 0.9964
vn 0.0002 -0.5522 0.8337
vn 0.0005 -0.5454 0.8382
vn 0.0001 -0.0811 0.9967
vn 0.0002 -0.5386 0.8425
vn -0.0008 0.0006 1.0000
vn -0.0003 0.0005 1.0000
vn -0.0044 0.0034 1.0000
vn -0.0016 0.0026 1.0000
vn -0.2617 0.0514 0.9638
vn -0.1790 0.1430 0.9734
vn -0.2622 0.3045 0.9157
vn -0.3480 0.2016 0.9156
vn -0.3720 -0.0286 0.9278
vn -0.4186 0.1005 0.9026
vn -0.2994 -0.1775 0.9375
vn -0.1745 -0.1090 0.9786
vn -0.0761 -0.0457 0.9960
vn 0.0512 -0.0000 0.9987
vn 0.0507 -0.0011 0.9987
vn 0.4096 -0.0089 0.9122
vn 0.4099 0.0001 0.9121
vn -0.1183 0.0105 0.9929
vn -0.1053 0.0149 0.9943
vn -0.0867 0.0024 0.9962
vn -0.0969 0.0126 0.9952
vn -0.0881 0.0004 0.9961
vn -0.0681 0.0156 0.9976
vn -0.0988 -0.0179 0.9949
vn -0.1237 0.0054 0.9923
vn -0.0027 0.0010 1.0000
vn -0.0022 0.0001 1.0000
vn -0.0182 0.0100 0.9998
vn -0.0152 -0.0003 0.9999
vn -0.0034 0.0032 1.0000
vn -0.0033 -0.0051 1.0000
vn -0.0043 -0.0090 1.0000
vn -0.0480 -0.0130 0.9988
vn -0.0321 0.0056 0.9995
vn -0.0210 -0.0157 0.9997
vn -0.0082 -0.0013 1.0000
vn -0.0617 -0.0339 0.9975
vn 0.3332 -0.1787 0.9258
vn 0.1691 -0.2356 0.9570
vn 0.1616 -0.1820 0.9699
vn 0.3206 -0.1284 0.9385
vn 0.4956 -0.1038 0.8623
vn 0.4824 -0.0563 0.8741
vn 0.5233 -0.1137 0.8445
vn 0.3616 -0.1951 0.9117
vn 0.1872 -0.2587 0.9477
vn -0.0002 0.0494 0.9988
vn -0.0001 0.0512 0.9987
vn -0.0003 0.4098 0.9122
vn -0.0004 0.4006 0.9163
vn -0.0001 0.0475 0.9989
vn -0.0004 0.3922 0.9199
vn 0.0118 0.0005 0.9999
vn 0.0109 -0.0015 0.9999
vn 0.0129 0.0014 0.9999
vn 0.0982 0.0106 0.9951
vn 0.0927 0.0041 0.9957
vn 0.0863 -0.0122 0.9962
vn -0.0148 -0.1376 0.9904
vn -0.0219 -0.6744 0.7380
vn -0.0133 0.0056 0.9999
vn -0.1007 0.0423 0.9940
vn -0.1142 -0.1017 0.9882
vn -0.1572 -0.6313 0.7595
vn -0.0098 -0.0023 0.9999
vn -0.0110 0.0009 0.9999
vn -0.0076 -0.0055 1.0000
vn -0.0621 -0.0447 0.9971
vn -0.0795 -0.0175 0.9967
vn -0.0877 0.0085 0.9961
vn -0.0052 -0.0087 0.9999
vn -0.0024 -0.0106 0.9999
vn -0.0193 -0.0830 0.9964
vn -0.0420 -0.0703 0.9966
vn 0.0003 -0.0110 0.9999
vn 0.0028 -0.0106 0.9999
vn 0.0219 -0.0843 0.9962
vn 0.0023 -0.0862 0.9963
vn 0.0051 -0.0094 0.9999
vn 0.0073 -0.0069 0.9999
vn 0.0593 -0.0553 0.9967
vn 0.0405 -0.0749 0.9964
vn 0.0096 -0.0042 0.9999
vn 0.0770 -0.0332 0.9965
vn 0.0078 -0.0000 1.0000
vn 0.0078 -0.0021 1.0000
vn 0.0076 0.0021 1.0000
vn 0.0642 0.0178 0.9978
vn 0.0662 0.0004 0.9978
vn 0.0641 -0.0175 0.9978
vn 0.0062 0.0040 1.0000
vn 0.0039 0.0057 1.0000
vn 0.0342 0.0500 0.9982
vn 0.0537 0.0346 0.9980
vn 0.0016 0.0071 1.0000
vn -0.0006 0.0080 1.0000
vn -0.0048 0.0665 0.9978
vn 0.0133 0.0625 0.9980
vn -0.0022 0.0076 1.0000
vn -0.0038 0.0069 1.0000
vn -0.0318 0.0589 0.9978
vn -0.0189 0.0649 0.9977
vn -0.0054 0.0063 1.0000
vn -0.0061 0.0051 1.0000
vn -0.0529 0.0432 0.9977
vn -0.0439 0.0519 0.9977
vn -0.0069 0.0036 1.0000
vn -0.0076 0.0020 1.0000
vn -0.0644 0.0174 0.9978
vn -0.0594 0.0315 0.9977
vn -0.0078 0.0002 1.0000
vn -0.0074 -0.0019 1.0000
vn -0.0622 -0.0163 0.9979
vn -0.0664 0.0017 0.9978
vn -0.0060 -0.0042 1.0000
vn -0.0037 -0.0060 1.0000
vn -0.0317 -0.0518 0.9982
vn -0.0510 -0.0358 0.9981
vn -0.0015 -0.0074 1.0000
vn 0.0003 -0.0083 1.0000
vn 0.0024 -0.0682 0.9977
vn -0.0126 -0.0642 0.9979
vn 0.0017 -0.0077 1.0000
vn 0.0033 -0.0069 1.0000
vn 0.0289 -0.0602 0.9978
vn 0.0153 -0.0654 0.9977
vn 0.0049 -0.0064 1.0000
vn 0.0060 -0.0053 1.0000
vn 0.0507 -0.0458 0.9977
vn 0.0413 -0.0544 0.9977
vn 0.0071 -0.0041 1.0000
vn 0.0582 -0.0334 0.9977
vn -0.0003 -0.0049 1.0000
vn -0.0017 -0.0043 1.0000
vn 0.0007 -0.0048 1.0000
vn 0.0062 -0.0410 0.9991
vn -0.0023 -0.0402 0.9992
vn -0.0138 -0.0359 0.9993
vn 0.0014 -0.0045 1.0000
vn -0.0004 0.0001 1.0000
vn -0.0007 -0.0019 1.0000
vn 0.0215 -0.0342 0.9992
vn 0.0134 -0.0388 0.9992
vn -0.0087 0.0032 1.0000
vn -0.0246 0.0088 0.9997
vn 0.0355 -0.0184 0.9992
vn 0.0296 -0.0277 0.9992
vn -0.0378 0.0056 0.9993
vn -0.0328 -0.0013 0.9995
vn 0.0402 0.0043 0.9992
vn 0.0394 -0.0072 0.9992
vn -0.0155 -0.0026 0.9999
vn -0.0480 -0.0013 0.9988
vn -0.0024 0.0010 1.0000
vn 0.0285 0.0260 0.9993
vn 0.0367 0.0154 0.9992
vn 0.0013 0.0037 1.0000
vn 0.0006 0.0048 1.0000
vn 0.0046 0.0389 0.9992
vn 0.0177 0.0351 0.9992
vn -0.0008 0.0046 1.0000
vn -0.0022 0.0045 1.0000
vn -0.0183 0.0364 0.9992
vn -0.0079 0.0396 0.9992
vn -0.0033 0.0039 1.0000
vn -0.0041 0.0028 1.0000
vn -0.0334 0.0222 0.9992
vn -0.0267 0.0305 0.9992
vn -0.0048 0.0016 1.0000
vn -0.0051 0.0006 1.0000
vn -0.0409 0.0052 0.9991
vn -0.0384 0.0131 0.9992
vn -0.0049 -0.0005 1.0000
vn -0.0042 -0.0020 1.0000
vn -0.0348 -0.0159 0.9993
vn -0.0398 -0.0039 0.9992
vn -0.0032 -0.0034 1.0000
vn -0.0263 -0.0281 0.9993
vn -0.0004 0.0078 1.0000
vn 0.0019 0.0072 1.0000
vn -0.0024 0.0073 1.0000
vn -0.0204 0.0632 0.9978
vn -0.0035 0.0664 0.9978
vn 0.0160 0.0612 0.9980
vn -0.0043 0.0065 1.0000
vn -0.0058 0.0057 1.0000
vn -0.0494 0.0479 0.9976
vn -0.0366 0.0562 0.9977
vn -0.0067 0.0041 1.0000
vn -0.0077 0.0021 1.0000
vn -0.0639 0.0172 0.9978
vn -0.0572 0.0348 0.9978
vn -0.0075 -0.0005 1.0000
vn -0.0060 -0.0030 1.0000
vn -0.0537 -0.0275 0.9982
vn -0.0647 -0.0039 0.9979
vn -0.0045 -0.0056 1.0000
vn -0.0026 -0.0077 1.0000
vn -0.0212 -0.0621 0.9978
vn -0.0391 -0.0495 0.9980
vn -0.0004 -0.0077 1.0000
vn 0.0017 -0.0075 1.0000
vn 0.0143 -0.0643 0.9978
vn -0.0036 -0.0664 0.9978
vn 0.0037 -0.0068 1.0000
vn 0.0053 -0.0055 1.0000
vn 0.0452 -0.0476 0.9978
vn 0.0311 -0.0591 0.9978
vn 0.0065 -0.0033 1.0000
vn 0.0073 -0.0008 1.0000
vn 0.0631 -0.0067 0.9980
vn 0.0564 -0.0294 0.9980
vn 0.0073 0.0019 1.0000
vn 0.0062 0.0042 1.0000
vn 0.0531 0.0359 0.9979
vn 0.0626 0.0164 0.9979
vn 0.0043 0.0061 1.0000
vn 0.0368 0.0511 0.9980
vn 0.0073 -0.0010 1.0000
vn 0.0069 -0.0037 1.0000
vn 0.0611 0.0151 0.9980
vn 0.0641 -0.0098 0.9979
vn 0.0572 -0.0315 0.9979
vn 0.0057 0.0046 1.0000
vn 0.0035 0.0065 1.0000
vn 0.0305 0.0564 0.9979
vn 0.0498 0.0394 0.9980
vn 0.0012 0.0080 1.0000
vn -0.0012 0.0076 1.0000
vn -0.0099 0.0651 0.9978
vn 0.0099 0.0655 0.9978
vn -0.0034 0.0069 1.0000
vn -0.0052 0.0060 1.0000
vn -0.0445 0.0511 0.9977
vn -0.0289 0.0597 0.9978
vn -0.0067 0.0045 1.0000
vn -0.0071 0.0018 1.0000
vn -0.0620 0.0159 0.9979
vn -0.0551 0.0372 0.9978
vn -0.0074 -0.0010 1.0000
vn -0.0064 -0.0039 1.0000
vn -0.0533 -0.0325 0.9981
vn -0.0640 -0.0085 0.9979
vn -0.0039 -0.0058 1.0000
vn -0.0014 -0.0071 1.0000
vn -0.0117 -0.0634 0.9979
vn -0.0346 -0.0527 0.9980
vn 0.0011 -0.0074 1.0000
vn 0.0034 -0.0073 1.0000
vn 0.0283 -0.0601 0.9978
vn 0.0099 -0.0663 0.9977
vn 0.0054 -0.0059 1.0000
vn 0.0448 -0.0489 0.9978
vn 0.0058 -0.0000 1.0000
vn 0.0051 -0.0024 1.0000
vn 0.0056 0.0025 1.0000
vn 0.0478 0.0210 0.9986
vn 0.0491 -0.0006 0.9988
vn 0.0428 -0.0206 0.9989
vn 0.0045 0.0048 1.0000
vn 0.0025 0.0064 1.0000
vn 0.0213 0.0557 0.9982
vn 0.0383 0.0415 0.9984
vn 0.0003 0.0075 1.0000
vn -0.0015 0.0073 1.0000
vn -0.0139 0.0648 0.9978
vn 0.0024 0.0649 0.9979
vn -0.0033 0.0063 1.0000
vn -0.0048 0.0045 1.0000
vn -0.0405 0.0391 0.9984
vn -0.0284 0.0554 0.9981
vn -0.0059 0.0026 1.0000
vn -0.0062 0.0003 1.0000
vn -0.0504 0.0023 0.9987
vn -0.0495 0.0218 0.9985
vn -0.0054 -0.0022 1.0000
vn -0.0038 -0.0043 1.0000
vn -0.0312 -0.0362 0.9989
vn -0.0440 -0.0186 0.9989
vn -0.0021 -0.0059 1.0000
vn -0.0006 -0.0068 1.0000
vn -0.0048 -0.0551 0.9985
vn -0.0174 -0.0488 0.9987
vn 0.0010 -0.0068 1.0000
vn 0.0026 -0.0059 1.0000
vn 0.0223 -0.0513 0.9984
vn 0.0084 -0.0569 0.9983
vn 0.0041 -0.0046 1.0000
vn 0.0343 -0.0390 0.9987
vn 0.0001 -0.0074 1.0000
vn -0.0022 -0.0060 1.0000
vn 0.0020 -0.0079 1.0000
vn 0.0175 -0.0658 0.9977
vn 0.0014 -0.0645 0.9979
vn -0.0183 -0.0538 0.9984
vn 0.0038 -0.0068 1.0000
vn 0.0056 -0.0050 1.0000
vn 0.0482 -0.0437 0.9979
vn 0.0323 -0.0579 0.9978
vn 0.0072 -0.0029 1.0000
vn 0.0070 0.0002 1.0000
vn 0.0621 0.0009 0.9981
vn 0.0617 -0.0250 0.9978
vn 0.0058 0.0032 1.0000
vn 0.0034 0.0054 1.0000
vn 0.0293 0.0473 0.9984
vn 0.0520 0.0277 0.9983
vn 0.0008 0.0072 1.0000
vn -0.0012 0.0081 1.0000
vn -0.0103 0.0680 0.9976
vn 0.0067 0.0631 0.9980
vn -0.0028 0.0071 1.0000
vn -0.0050 0.0058 1.0000
vn -0.0424 0.0492 0.9979
vn -0.0250 0.0624 0.9977
vn -0.0071 0.0040 1.0000
vn -0.0079 0.0021 1.0000
vn -0.0673 0.0186 0.9976
vn -0.0594 0.0346 0.9976
vn -0.0076 -0.0001 1.0000
vn -0.0062 -0.0024 1.0000
vn -0.0543 -0.0211 0.9983
vn -0.0651 -0.0002 0.9979
vn -0.0045 -0.0044 1.0000
vn -0.0382 -0.0397 0.9985
vn -0.0101 -0.0007 0.9999
vn -0.0088 0.0014 1.0000
vn -0.0123 -0.0019 0.9999
vn -0.0929 -0.0131 0.9956
vn -0.0806 -0.0053 0.9967
vn -0.0724 0.0114 0.9973
vn 0.0095 0.0448 0.9989
vn -0.0013 0.3932 0.9194
vn -0.0025 0.4097 0.9122
vn -0.0005 0.0511 0.9987
vn 0.0118 -0.0034 0.9999
vn 0.0888 -0.0251 0.9957
vn 0.0913 0.0211 0.9956
vn 0.0929 0.3474 0.9331
vn 0.0079 0.0036 1.0000
vn 0.0084 0.0009 1.0000
vn 0.0063 0.0059 1.0000
vn 0.0527 0.0490 0.9974
vn 0.0655 0.0298 0.9974
vn 0.0704 0.0077 0.9975
vn 0.0042 0.0079 1.0000
vn 0.0017 0.0091 1.0000
vn 0.0138 0.0759 0.9970
vn 0.0351 0.0660 0.9972
vn -0.0008 0.0096 1.0000
vn -0.0030 0.0092 1.0000
vn -0.0243 0.0753 0.9969
vn -0.0065 0.0794 0.9968
vn -0.0048 0.0080 1.0000
vn -0.0066 0.0060 1.0000
vn -0.0536 0.0488 0.9974
vn -0.0398 0.0651 0.9971
vn -0.0080 0.0038 1.0000
vn -0.0656 0.0304 0.9974
vn 0.8754 0.0345 0.4821
vn 0.8603 -0.1221 0.4950
vn 0.8058 -0.1147 0.5810
vn 0.8193 0.0328 0.5725
vn 0.8790 0.0906 0.4681
vn 0.8223 0.0871 0.5623
vn 0.8882 0.0826 0.4520
vn 0.8839 0.0294 0.4668
vn 0.8686 -0.1243 0.4796
vn -0.8657 0.3333 0.3734
vn -0.8965 0.2076 0.3914
vn -0.8553 0.2383 0.4600
vn -0.8199 0.3088 0.4822
vn -0.8530 0.3498 0.3873
vn -0.8034 0.3350 0.4923
vn -0.8658 0.3350 0.3718
vn -0.8780 0.3212 0.3550
vn -0.9096 0.2041 0.3619
vn -0.8474 -0.1706 0.5028
vn -0.8749 0.0991 0.4740
vn -0.8218 0.0942 0.5619
vn -0.7926 -0.1604 0.5883
vn -0.7010 -0.4940 0.5143
vn -0.6525 -0.4619 0.6008
vn -0.7110 -0.4949 0.4995
vn -0.8567 -0.1681 0.4877
vn -0.8831 0.0964 0.4593
vn -0.4414 -0.7426 0.5037
vn -0.4126 -0.6948 0.5892
vn -0.1926 -0.8454 0.4982
vn -0.1813 -0.7909 0.5844
vn -0.1919 -0.8540 0.4836
vn -0.4460 -0.7494 0.4894
vn 0.0247 -0.8676 0.4966
vn 0.0226 -0.8120 0.5832
vn 0.2191 -0.8432 0.4909
vn 0.2051 -0.7898 0.5781
vn 0.2210 -0.8511 0.4762
vn 0.0258 -0.8761 0.4815
vn 0.4137 -0.7661 0.4919
vn 0.3866 -0.7178 0.5790
vn 0.6332 -0.5900 0.5010
vn 0.5914 -0.5518 0.5880
vn 0.6406 -0.5948 0.4857
vn 0.4188 -0.7726 0.4771
vn 0.7950 -0.3434 0.5001
vn 0.7440 -0.3217 0.5857
vn 0.8031 -0.3460 0.4850
vn 0.8586 -0.0106 0.5126
vn 0.8275 -0.2399 0.5077
vn 0.8382 -0.2337 0.4927
vn 0.8678 -0.0013 0.4968
vn 0.8227 0.2242 0.5225
vn 0.8331 0.2265 0.5047
vn 0.7437 0.2071 0.6356
vn 0.7831 -0.0214 0.6215
vn 0.7538 -0.2332 0.6144
vn 0.6997 0.4683 0.5395
vn 0.7161 0.4642 0.5212
vn 0.4428 0.7100 0.5476
vn 0.4682 0.7053 0.5323
vn 0.3725 0.6610 0.6514
vn 0.6188 0.4381 0.6520
vn 0.1312 0.8390 0.5280
vn 0.1586 0.8411 0.5171
vn -0.0885 0.8554 0.5104
vn -0.0740 0.8636 0.4987
vn -0.1075 0.7863 0.6084
vn 0.0838 0.7764 0.6247
vn -0.2508 0.8276 0.5021
vn -0.2472 0.8375 0.4873
vn -0.4144 0.7599 0.5008
vn -0.4146 0.7702 0.4846
vn -0.3876 0.6889 0.6126
vn -0.2458 0.7552 0.6077
vn -0.5576 0.6601 0.5033
vn -0.5633 0.6676 0.4868
vn -0.6602 0.5548 0.5063
vn -0.6713 0.5560 0.4901
vn -0.5949 0.5133 0.6186
vn -0.5080 0.6009 0.6171
vn -0.7485 0.4235 0.5102
vn -0.7626 0.4168 0.4946
vn -0.8205 0.2504 0.5138
vn -0.8347 0.2355 0.4979
vn -0.7389 0.2526 0.6246
vn -0.6731 0.4026 0.6204
vn -0.8526 0.0495 0.5202
vn -0.8638 0.0335 0.5027
vn -0.8187 -0.1989 0.5387
vn -0.8287 -0.2069 0.5200
vn -0.7378 -0.1694 0.6535
vn -0.7702 0.0686 0.6341
vn -0.6803 -0.4768 0.5567
vn -0.6917 -0.4818 0.5379
vn -0.4259 -0.7170 0.5518
vn -0.4354 -0.7248 0.5340
vn -0.3712 -0.6505 0.6626
vn -0.6061 -0.4293 0.6696
vn -0.1423 -0.8393 0.5248
vn -0.1553 -0.8475 0.5076
vn 0.0599 -0.8571 0.5116
vn 0.0415 -0.8673 0.4961
vn 0.0855 -0.7807 0.6191
vn -0.1034 -0.7658 0.6347
vn 0.2181 -0.8307 0.5122
vn 0.2054 -0.8429 0.4974
vn 0.3818 -0.7709 0.5098
vn 0.3796 -0.7818 0.4947
vn 0.3583 -0.6999 0.6178
vn 0.2209 -0.7539 0.6187
vn 0.5236 -0.6872 0.5036
vn 0.5287 -0.6947 0.4878
vn 0.6393 -0.5835 0.5009
vn 0.6471 -0.5881 0.4851
vn 0.5819 -0.5366 0.6111
vn 0.4790 -0.6272 0.6142
vn 0.7454 -0.4374 0.5031
vn 0.7548 -0.4385 0.4878
vn 0.6789 -0.4070 0.6111
vn -0.0258 -0.7040 0.7098
vn -0.2332 -0.6580 0.7160
vn -0.2521 -0.6842 0.6844
vn -0.0329 -0.7302 0.6824
vn 0.1084 -0.7012 0.7047
vn 0.1105 -0.7262 0.6786
vn 0.0954 -0.5950 0.7980
vn -0.0134 -0.5925 0.8055
vn -0.1797 -0.5438 0.8197
vn 0.2323 -0.6738 0.7014
vn 0.2400 -0.6967 0.6760
vn 0.3797 -0.6041 0.7007
vn 0.3924 -0.6240 0.6758
vn 0.3239 -0.5155 0.7933
vn 0.1986 -0.5736 0.7947
vn 0.5191 -0.4889 0.7011
vn 0.5368 -0.5045 0.6762
vn 0.6309 -0.3286 0.7028
vn 0.6528 -0.3387 0.6776
vn 0.5367 -0.2820 0.7952
vn 0.4422 -0.4177 0.7937
vn 0.7002 -0.1270 0.7026
vn 0.7246 -0.1307 0.6767
vn 0.7090 0.0746 0.7012
vn 0.7340 0.0775 0.6747
vn 0.6013 0.0627 0.7966
vn 0.5948 -0.1092 0.7965
vn 0.6567 0.2731 0.7030
vn 0.6795 0.2831 0.6769
vn 0.5231 0.4789 0.7050
vn 0.5404 0.4958 0.6798
vn 0.4442 0.4058 0.7988
vn 0.5568 0.2307 0.7980
vn 0.3181 0.6363 0.7028
vn 0.3295 0.6575 0.6776
vn 0.0783 0.7079 0.7020
vn 0.0830 0.7302 0.6782
vn 0.0633 0.6062 0.7928
vn 0.2691 0.5422 0.7960
vn -0.1451 0.7000 0.6993
vn -0.1484 0.7221 0.6757
vn -0.3211 0.6397 0.6984
vn -0.3308 0.6596 0.6750
vn -0.2766 0.5502 0.7879
vn -0.1266 0.6011 0.7891
vn -0.4703 0.5393 0.6986
vn -0.4854 0.5551 0.6754
vn -0.5957 0.3968 0.6983
vn -0.6153 0.4061 0.6756
vn -0.5088 0.3483 0.7873
vn -0.4027 0.4653 0.7883
vn -0.6761 0.2336 0.6988
vn -0.6970 0.2380 0.6765
vn -0.7040 0.0943 0.7039
vn -0.7249 0.0944 0.6824
vn -0.6086 0.0859 0.7888
vn -0.5824 0.2102 0.7853
vn -0.6995 -0.0502 0.7129
vn -0.7221 -0.0606 0.6891
vn -0.6400 -0.2686 0.7199
vn -0.6633 -0.2911 0.6894
vn -0.5304 -0.2112 0.8210
vn -0.5957 -0.0365 0.8024
vn -0.4738 -0.5073 0.7198
vn -0.4974 -0.5337 0.6839
vn -0.3810 -0.4102 0.8286
vn -0.0532 0.8635 0.5016
vn 0.1957 0.8333 0.5170
vn 0.2077 0.8388 0.5033
vn -0.0499 0.8715 0.4879
vn -0.2696 0.8224 0.5010
vn -0.2687 0.8316 0.4860
vn -0.2622 0.7692 0.5828
vn -0.0556 0.8131 0.5795
vn 0.1713 0.7834 0.5975
vn -0.4754 0.7203 0.5052
vn -0.4782 0.7305 0.4875
vn -0.6195 0.5982 0.5083
vn -0.6274 0.6081 0.4865
vn -0.5762 0.5400 0.6135
vn -0.4522 0.6626 0.5971
vn -0.7319 0.4481 0.5134
vn -0.7446 0.4556 0.4879
vn -0.8250 0.2277 0.5171
vn -0.8420 0.2305 0.4878
vn -0.7391 0.1983 0.6438
vn -0.6669 0.3981 0.6299
vn -0.8493 -0.0553 0.5251
vn -0.8680 -0.0517 0.4939
vn -0.7388 -0.4055 0.5383
vn -0.7597 -0.3993 0.5132
vn -0.6579 -0.3786 0.6510
vn -0.7539 -0.0588 0.6543
vn -0.4989 -0.6867 0.5287
vn -0.5167 -0.6845 0.5142
vn -0.2623 -0.8191 0.5102
vn -0.2709 -0.8217 0.5014
vn -0.2432 -0.7801 0.5764
vn -0.4554 -0.6432 0.6155
vn -0.0411 -0.8674 0.4959
vn -0.0441 -0.8724 0.4867
vn 0.1907 -0.8486 0.4935
vn 0.1901 -0.8559 0.4809
vn 0.1889 -0.8006 0.5686
vn -0.0303 -0.8274 0.5608
vn 0.4010 -0.7654 0.5033
vn 0.4045 -0.7741 0.4869
vn 0.5757 -0.6289 0.5225
vn 0.5883 -0.6338 0.5021
vn 0.5269 -0.5784 0.6227
vn 0.3804 -0.7109 0.5916
vn 0.7352 -0.4098 0.5399
vn 0.7548 -0.4065 0.5148
vn 0.8321 -0.0922 0.5470
vn 0.8507 -0.0918 0.5176
vn 0.7383 -0.0885 0.6687
vn 0.6551 -0.3805 0.6528
vn 0.8065 0.2324 0.5436
vn 0.8261 0.2254 0.5164
vn 0.6822 0.4932 0.5398
vn 0.7024 0.4881 0.5180
vn 0.6125 0.4570 0.6450
vn 0.7182 0.2123 0.6627
vn 0.4713 0.7033 0.5323
vn 0.4905 0.7027 0.5154
vn 0.4215 0.6590 0.6229
vn 0.8395 -0.1370 0.5259
vn 0.7433 -0.4165 0.5236
vn 0.7626 -0.4247 0.4879
vn 0.8619 -0.1382 0.4879
vn 0.8244 0.1965 0.5308
vn 0.8462 0.2046 0.4919
vn 0.7149 0.1653 0.6794
vn 0.7299 -0.1234 0.6724
vn 0.6490 -0.3678 0.6660
vn 0.6639 0.5273 0.5303
vn 0.6825 0.5416 0.4908
vn 0.3959 0.7520 0.5270
vn 0.4097 0.7698 0.4895
vn 0.3388 0.6575 0.6730
vn 0.5737 0.4570 0.6797
vn 0.1219 0.8436 0.5230
vn 0.1269 0.8641 0.4871
vn -0.1299 0.8424 0.5230
vn -0.1323 0.8624 0.4886
vn -0.1153 0.7398 0.6628
vn 0.1034 0.7388 0.6659
vn -0.3729 0.7670 0.5222
vn -0.3810 0.7851 0.4883
vn -0.5594 0.6449 0.5207
vn -0.5725 0.6605 0.4858
vn -0.4917 0.5662 0.6615
vn -0.3289 0.6743 0.6612
vn -0.7028 0.4815 0.5236
vn -0.7209 0.4924 0.4877
vn -0.8202 0.2179 0.5290
vn -0.8427 0.2209 0.4910
vn -0.7105 0.1943 0.6763
vn -0.6135 0.4232 0.6668
vn -0.8413 -0.1060 0.5301
vn -0.8654 -0.1113 0.4886
vn -0.7247 -0.4345 0.5348
vn -0.7452 -0.4494 0.4927
vn -0.6225 -0.3693 0.6900
vn -0.7243 -0.0869 0.6840
vn -0.4600 -0.7103 0.5328
vn -0.4746 -0.7302 0.4914
vn -0.1419 -0.8384 0.5262
vn -0.1502 -0.8601 0.4875
vn -0.1153 -0.7292 0.6746
vn -0.3928 -0.6120 0.6864
vn 0.1295 -0.8429 0.5223
vn 0.1309 -0.8641 0.4861
vn 0.3635 -0.7718 0.5217
vn 0.3724 -0.7902 0.4868
vn 0.3196 -0.6781 0.6619
vn 0.1166 -0.7370 0.6658
vn 0.5742 -0.6309 0.5217
vn 0.5887 -0.6452 0.4870
vn 0.5034 -0.5554 0.6619
vn 0.7928 -0.0243 0.6090
vn 0.7006 -0.3477 0.6231
vn 0.7132 -0.3573 0.6031
vn 0.8126 -0.0193 0.5826
vn 0.7582 0.3366 0.5584
vn 0.7807 0.3435 0.5220
vn 0.6354 0.2901 0.7156
vn 0.6781 -0.0236 0.7346
vn 0.6128 -0.2995 0.7312
vn 0.5748 0.6563 0.4887
vn 0.6005 0.6650 0.4441
vn 0.2988 0.8540 0.4259
vn 0.3165 0.8717 0.3741
vn 0.2384 0.7269 0.6441
vn 0.4695 0.5629 0.6802
vn 0.0192 0.9214 0.3881
vn 0.0276 0.9432 0.3310
vn -0.2110 0.8929 0.3978
vn -0.2030 0.9173 0.3425
vn -0.1943 0.7573 0.6234
vn 0.0051 0.7836 0.6213
vn -0.4228 0.7888 0.4461
vn -0.4215 0.8144 0.3988
vn -0.6227 0.5935 0.5099
vn -0.6334 0.6110 0.4749
vn -0.5376 0.5096 0.6718
vn -0.3722 0.6677 0.6447
vn -0.7513 0.3376 0.5671
vn -0.7672 0.3454 0.5405
vn -0.7861 0.0523 0.6158
vn -0.8023 0.0486 0.5950
vn -0.6835 0.0516 0.7282
vn -0.6511 0.2952 0.6992
vn -0.7137 -0.2859 0.6395
vn -0.7244 -0.3023 0.6196
vn -0.4985 -0.6107 0.6153
vn -0.5085 -0.6235 0.5938
vn -0.4344 -0.5331 0.7260
vn -0.6238 -0.2359 0.7451
vn -0.2390 -0.7845 0.5722
vn -0.2550 -0.7933 0.5529
vn -0.0475 -0.8300 0.5557
vn -0.0562 -0.8419 0.5367
vn -0.0334 -0.7423 0.6692
vn -0.1986 -0.6995 0.6865
vn 0.1332 -0.8223 0.5533
vn 0.1320 -0.8359 0.5328
vn 0.3366 -0.7513 0.5677
vn 0.3350 -0.7675 0.5465
vn 0.3082 -0.6623 0.6830
vn 0.1238 -0.7334 0.6685
vn 0.5329 -0.5981 0.5986
vn 0.5348 -0.6163 0.5780
vn 0.4785 -0.5181 0.7090
vn 0.0413 -0.8424 0.5372
vn -0.2370 -0.7998 0.5515
vn -0.2435 -0.7951 0.5555
vn 0.0356 -0.8387 0.5434
vn 0.2268 -0.8159 0.5318
vn 0.2235 -0.8124 0.5386
vn 0.2251 -0.7964 0.5613
vn 0.0501 -0.8216 0.5679
vn -0.2171 -0.7800 0.5869
vn 0.4143 -0.7416 0.5276
vn 0.4133 -0.7369 0.5349
vn 0.6306 -0.5776 0.5183
vn 0.6295 -0.5723 0.5256
vn 0.6124 -0.5683 0.5495
vn 0.4029 -0.7261 0.5572
vn 0.7939 -0.3342 0.5079
vn 0.7923 -0.3300 0.5133
vn 0.8553 -0.0018 0.5182
vn 0.8536 0.0005 0.5209
vn 0.8282 -0.0058 0.5605
vn 0.7711 -0.3311 0.5438
vn 0.7462 0.3896 0.5399
vn 0.7457 0.3888 0.5411
vn 0.4282 0.7181 0.5487
vn 0.4290 0.7137 0.5537
vn 0.4125 0.6996 0.5835
vn 0.7205 0.3761 0.5826
vn 0.0726 0.8505 0.5209
vn 0.0754 0.8449 0.5296
vn -0.1362 0.8507 0.5077
vn -0.1331 0.8445 0.5187
vn -0.1368 0.8374 0.5292
vn 0.0675 0.8345 0.5469
vn -0.3209 0.7994 0.5078
vn -0.3185 0.7927 0.5197
vn -0.5603 0.6579 0.5032
vn -0.5588 0.6502 0.5147
vn -0.5460 0.6505 0.5280
vn -0.3161 0.7875 0.5291
vn -0.7511 0.4470 0.4858
vn -0.7496 0.4400 0.4945
vn -0.8432 0.2420 0.4800
vn -0.8409 0.2385 0.4858
vn -0.8214 0.2395 0.5176
vn -0.7313 0.4451 0.5169
vn -0.8665 0.0056 0.4991
vn -0.8650 0.0055 0.5017
vn -0.7870 -0.3105 0.5332
vn -0.7879 -0.3077 0.5335
vn -0.7567 -0.3045 0.5786
vn -0.8405 0.0044 0.5418
vn -0.5578 -0.6180 0.5540
vn -0.5624 -0.6130 0.5550
vn -0.5289 -0.6036 0.5966
vn -0.8826 -0.0459 0.4679
vn -0.8478 0.1413 0.5111
vn -0.7921 0.1277 0.5969
vn -0.8236 -0.0502 0.5649
vn -0.9002 -0.1117 0.4209
vn -0.8418 -0.1129 0.5279
vn -0.9106 -0.0821 0.4050
vn -0.8912 -0.0190 0.4533
vn -0.8533 0.1591 0.4966
vn 0.9200 -0.1965 0.3392
vn 0.9303 -0.1239 0.3452
vn 0.8838 -0.1557 0.4413
vn 0.8660 -0.1916 0.4619
vn 0.8954 -0.2316 0.3803
vn 0.8377 -0.2285 0.4960
vn 0.9104 -0.1921 0.3665
vn 0.9340 -0.1616 0.3186
vn 0.9500 -0.0958 0.2972
vn 0.7714 0.3517 0.5303
vn 0.8498 0.0935 0.5188
vn 0.7917 0.0834 0.6052
vn 0.7207 0.3287 0.6104
vn 0.6285 0.5874 0.5099
vn 0.5870 0.5501 0.5940
vn 0.6388 0.5882 0.4960
vn 0.7791 0.3548 0.5168
vn 0.8563 0.1089 0.5048
vn 0.4102 0.7822 0.4690
vn 0.3833 0.7351 0.5592
vn 0.1607 0.8886 0.4297
vn 0.1496 0.8373 0.5259
vn 0.1685 0.8948 0.4135
vn 0.4210 0.7850 0.4544
vn -0.0755 0.9098 0.4080
vn -0.0722 0.8589 0.5070
vn -0.2808 0.8622 0.4217
vn -0.2634 0.8134 0.5187
vn -0.2888 0.8669 0.4062
vn -0.0737 0.9173 0.3914
vn -0.4642 0.7519 0.4681
vn -0.4337 0.7075 0.5580
vn -0.6349 0.5758 0.5151
vn -0.5938 0.5387 0.5977
vn -0.6434 0.5789 0.5009
vn -0.4774 0.7524 0.4539
vn -0.7687 0.3605 0.5284
vn -0.7197 0.3352 0.6079
vn -0.7734 0.3707 0.5143
vn 0.6554 -0.0157 0.7551
vn 0.6382 -0.0986 0.7636
vn 0.7758 -0.1156 0.6203
vn 0.7924 -0.0000 0.6100
vn 0.6679 0.0079 0.7442
vn 0.8015 0.0358 0.5969
vn 0.5149 -0.0109 0.8572
vn 0.5012 -0.0278 0.8649
vn 0.4787 -0.0903 0.8733
vn -0.7285 0.1316 0.6723
vn -0.7446 0.0346 0.6666
vn -0.8583 0.1356 0.4949
vn -0.8394 0.2166 0.4984
vn -0.7080 0.1419 0.6918
vn -0.8225 0.2250 0.5224
vn -0.5366 0.0771 0.8403
vn -0.5486 0.0605 0.8339
vn -0.5558 -0.0648 0.8288
vn -0.5932 -0.1254 0.7952
vn -0.6463 0.0217 0.7628
vn -0.7878 0.0595 0.6131
vn -0.7454 -0.1403 0.6516
vn -0.4838 -0.3137 0.8170
vn -0.6165 -0.4066 0.6743
vn -0.3136 -0.4874 0.8149
vn -0.3900 -0.6349 0.6670
vn -0.1382 -0.5881 0.7969
vn -0.1660 -0.7449 0.6462
vn 0.0139 -0.6256 0.7801
vn 0.0217 -0.7763 0.6300
vn 0.1583 -0.6189 0.7694
vn 0.1964 -0.7594 0.6203
vn 0.1242 -0.4494 0.8847
vn 0.0061 -0.4525 0.8917
vn 0.3150 -0.5618 0.7650
vn 0.3808 -0.6863 0.6197
vn 0.4774 -0.4310 0.7657
vn 0.5767 -0.5259 0.6252
vn 0.3894 -0.3521 0.8511
vn 0.2594 -0.4059 0.8763
vn 0.5917 -0.2493 0.7667
vn 0.7186 -0.3052 0.6248
vn 0.4356 -0.2141 0.8743
vn 0.5991 -0.0335 0.8000
vn 0.5618 -0.2000 0.8027
vn 0.5685 0.1648 0.8060
vn 0.4048 0.1291 0.9052
vn 0.3368 -0.0253 0.9412
vn 0.2793 -0.1335 0.9509
vn 0.4575 0.3524 0.8164
vn 0.2564 0.5276 0.8099
vn 0.1708 0.3889 0.9053
vn 0.2735 0.2412 0.9311
vn 0.0252 0.6115 0.7908
vn -0.1233 0.6012 0.7895
vn -0.1053 0.3089 0.9452
vn -0.0050 0.3570 0.9341
vn -0.2141 0.5559 0.8032
vn -0.2989 0.4963 0.8151
vn -0.1529 0.2283 0.9615
vn -0.1321 0.2641 0.9554
vn -0.3683 0.4367 0.8208
vn -0.4252 0.3856 0.8188
vn -0.1945 0.1931 0.9617
vn -0.1716 0.2055 0.9635
vn -0.4860 0.3198 0.8134
vn -0.5452 0.2223 0.8083
vn -0.2287 0.1782 0.9571
vn -0.5819 0.0809 0.8092
vn -0.5612 -0.1139 0.8198
vn -0.4515 -0.3256 0.8308
vn -0.2582 -0.5051 0.8236
vn -0.0354 -0.5933 0.8042
vn 0.1104 -0.5920 0.7983
vn 0.1935 -0.5572 0.8075
vn 0.2777 -0.5098 0.8143
vn 0.1440 -0.2403 0.9600
vn 0.1211 -0.2725 0.9545
vn 0.3516 -0.4573 0.8168
vn 0.4225 -0.3991 0.8138
vn 0.1956 -0.1950 0.9611
vn 0.1668 -0.2150 0.9623
vn 0.4964 -0.3151 0.8089
vn 0.2334 -0.1689 0.9576
vn -0.0013 -0.4486 0.8937
vn -0.1217 -0.4034 0.9069
vn 0.0800 -0.4496 0.8896
vn 0.1527 -0.4295 0.8901
vn 0.2427 -0.3851 0.8904
vn 0.1631 -0.2493 0.9546
vn 0.1073 -0.2835 0.9530
vn 0.3298 -0.3146 0.8901
vn 0.4032 -0.2176 0.8888
vn 0.2740 -0.1456 0.9506
vn 0.2187 -0.2037 0.9543
vn 0.4549 -0.0877 0.8862
vn 0.4659 0.0471 0.8836
vn 0.3871 0.0393 0.9212
vn 0.3303 -0.0545 0.9423
vn 0.4323 0.1765 0.8843
vn 0.3476 0.3133 0.8838
vn 0.2921 0.2387 0.9261
vn 0.3468 0.1198 0.9302
vn 0.2082 0.4257 0.8806
vn 0.0406 0.4749 0.8791
vn 0.0137 0.3661 0.9305
vn 0.1659 0.3451 0.9238
vn -0.1034 0.4646 0.8795
vn -0.2141 0.4226 0.8807
vn -0.1535 0.2947 0.9432
vn -0.0836 0.3331 0.9392
vn -0.3061 0.3600 0.8813
vn -0.3845 0.2823 0.8789
vn -0.2648 0.2053 0.9422
vn -0.2132 0.2512 0.9442
vn -0.4504 0.1818 0.8741
vn -0.4801 0.0749 0.8740
vn -0.3876 0.0665 0.9194
vn -0.3238 0.1372 0.9361
vn -0.4574 -0.0305 0.8887
vn -0.3871 -0.1556 0.9088
vn -0.3318 -0.0176 0.9432
vn -0.2666 -0.2955 0.9174
vn -0.0539 0.6491 0.7588
vn 0.1247 0.6359 0.7616
vn -0.2232 0.6064 0.7632
vn -0.1293 0.2996 0.9452
vn -0.0259 0.3245 0.9455
vn 0.0785 0.3331 0.9396
vn -0.3755 0.5139 0.7713
vn -0.4718 0.4144 0.7782
vn -0.2252 0.2569 0.9398
vn -0.5423 0.3029 0.7837
vn -0.5940 0.1428 0.7917
vn -0.5973 -0.0600 0.7998
vn -0.5298 -0.3122 0.7885
vn -0.3805 -0.5350 0.7543
vn -0.1921 -0.6522 0.7333
vn -0.0055 -0.6754 0.7374
vn 0.1672 -0.6373 0.7523
vn 0.0923 -0.3112 0.9458
vn -0.0044 -0.3414 0.9399
vn 0.3123 -0.5585 0.7685
vn 0.4198 -0.4557 0.7849
vn 0.2510 -0.2395 0.9379
vn 0.1776 -0.2764 0.9445
vn 0.5136 -0.3078 0.8009
vn 0.5793 -0.0833 0.8108
vn 0.4481 -0.0660 0.8915
vn 0.3416 -0.1708 0.9242
vn 0.5735 0.1562 0.8042
vn 0.4996 0.3653 0.7855
vn 0.3984 0.2523 0.8818
vn 0.4115 0.0848 0.9075
vn 0.3344 0.5416 0.7713
vn 0.2345 0.3043 0.9233
vn 0.5625 -0.0998 0.8208
vn 0.5033 -0.2911 0.8136
vn 0.5475 0.1193 0.8283
vn 0.4610 0.0892 0.8829
vn 0.4570 -0.0561 0.8877
vn 0.4077 -0.2281 0.8842
vn 0.4380 0.3455 0.8299
vn 0.2585 0.5109 0.8198
vn 0.2388 0.4038 0.8831
vn 0.3806 0.2334 0.8948
vn 0.0772 0.5836 0.8083
vn -0.0966 0.5838 0.8061
vn -0.0985 0.4846 0.8692
vn 0.0661 0.4977 0.8648
vn -0.2621 0.5281 0.8078
vn -0.3855 0.4411 0.8105
vn -0.2263 0.4176 0.8800
vn -0.4736 0.3291 0.8169
vn -0.5390 0.1560 0.8277
vn -0.5415 -0.0569 0.8388
vn -0.4603 -0.2686 0.8462
vn -0.2861 -0.4584 0.8414
vn -0.0770 -0.5599 0.8250
vn -0.0468 -0.4672 0.8829
vn -0.1784 -0.3635 0.9144
vn 0.0950 -0.5734 0.8137
vn 0.2512 -0.5312 0.8092
vn 0.1932 -0.4310 0.8814
vn 0.0600 -0.4628 0.8844
vn 0.3930 -0.4370 0.8091
vn 0.3134 -0.3546 0.8809
vn 0.4998 -0.0141 0.8660
vn 0.4725 -0.2218 0.8530
vn 0.4474 0.2083 0.8697
vn 0.3179 0.3954 0.8617
vn 0.1555 0.5055 0.8487
vn -0.0065 0.5458 0.8379
vn -0.1498 0.5316 0.8336
vn -0.1231 0.3889 0.9130
vn -0.0101 0.3896 0.9209
vn -0.2773 0.4764 0.8344
vn -0.3975 0.3774 0.8364
vn -0.3132 0.3130 0.8966
vn -0.2276 0.3553 0.9066
vn -0.4881 0.2260 0.8430
vn -0.5152 0.0417 0.8561
vn -0.3661 0.0289 0.9301
vn -0.3492 0.1948 0.9166
vn -0.4696 -0.1705 0.8663
vn -0.3274 -0.4027 0.8548
vn -0.2529 -0.3097 0.9166
vn -0.3204 -0.1504 0.9353
vn -0.1478 -0.5420 0.8273
vn -0.0212 -0.5815 0.8133
vn -0.0258 -0.4140 0.9099
vn -0.1333 -0.3721 0.9186
vn 0.1003 -0.5749 0.8120
vn 0.2477 -0.5170 0.8194
vn 0.1823 -0.3931 0.9013
vn 0.0674 -0.4192 0.9054
vn 0.3821 -0.3970 0.8345
vn 0.3047 -0.3002 0.9039
vn 0.0620 -0.5723 0.8177
vn -0.1091 -0.5313 0.8402
vn -0.1520 -0.6584 0.7372
vn 0.0641 -0.7044 0.7069
vn 0.1791 -0.5493 0.8162
vn 0.2060 -0.6848 0.6990
vn 0.1335 -0.3901 0.9111
vn 0.0345 -0.4167 0.9084
vn -0.0796 -0.4278 0.9003
vn 0.2805 -0.4898 0.8255
vn 0.3443 -0.6219 0.7033
vn 0.4002 -0.3855 0.8314
vn 0.5114 -0.4879 0.7074
vn 0.2883 -0.2652 0.9201
vn 0.2083 -0.3420 0.9163
vn 0.4991 -0.2286 0.8358
vn 0.6400 -0.2857 0.7133
vn 0.5291 -0.0171 0.8484
vn 0.6781 -0.0133 0.7348
vn 0.4169 -0.0181 0.9088
vn 0.3635 -0.1458 0.9201
vn 0.4554 0.2202 0.8626
vn 0.5839 0.2973 0.7555
vn 0.2848 0.4305 0.8565
vn 0.3449 0.5679 0.7473
vn 0.2424 0.2996 0.9228
vn 0.3510 0.1240 0.9281
vn 0.0800 0.5597 0.8248
vn 0.0728 0.7060 0.7044
vn -0.0904 0.5863 0.8050
vn -0.1161 0.7299 0.6737
vn -0.0755 0.4349 0.8973
vn 0.0805 0.4257 0.9013
vn -0.2312 0.5420 0.8080
vn -0.2821 0.6870 0.6696
vn -0.3666 0.4532 0.8125
vn -0.4672 0.5731 0.6732
vn -0.1768 0.3775 0.9090
vn -0.4851 0.3173 0.8149
vn -0.6215 0.3974 0.6752
vn -0.5451 0.1427 0.8262
vn -0.6951 0.1956 0.6917
vn -0.5240 -0.0434 0.8506
vn -0.6877 -0.0222 0.7257
vn -0.4391 -0.2297 0.8686
vn -0.5935 -0.2717 0.7576
vn -0.2953 -0.4045 0.8656
vn -0.4003 -0.5076 0.7629
vn -0.1859 -0.3147 0.9308
vn -0.6779 0.0400 0.7340
vn -0.6803 0.1632 0.7146
vn -0.7794 0.1997 0.5938
vn -0.8072 0.0663 0.5865
vn -0.6632 -0.0041 0.7484
vn -0.8190 0.0176 0.5735
vn -0.4676 -0.0910 0.8792
vn -0.5038 -0.0467 0.8625
vn -0.5282 0.0879 0.8446
vn 0.6743 -0.0414 0.7373
vn 0.6683 0.0052 0.7439
vn 0.8466 0.0150 0.5320
vn 0.8416 -0.0344 0.5391
vn 0.6860 -0.0485 0.7259
vn 0.8308 -0.0456 0.5547
vn 0.6819 0.2835 0.6743
vn 0.7126 0.1137 0.6923
vn 0.7951 0.1442 0.5892
vn 0.7418 0.3283 0.5848
vn 0.5865 0.4684 0.6608
vn 0.6263 0.5320 0.5698
vn 0.5292 0.3993 0.7487
vn 0.5644 0.2392 0.7901
vn 0.5845 0.0588 0.8093
vn 0.4114 0.6334 0.6554
vn 0.4331 0.7191 0.5434
vn 0.1826 0.7362 0.6517
vn 0.1885 0.8353 0.5165
vn 0.1679 0.5528 0.8162
vn 0.3750 0.4756 0.7957
vn -0.0476 0.7587 0.6497
vn -0.0598 0.8616 0.5040
vn -0.2597 0.7134 0.6508
vn -0.2919 0.8058 0.5153
vn -0.2094 0.5433 0.8130
vn -0.0313 0.5705 0.8207
vn -0.4424 0.6162 0.6516
vn -0.4849 0.6865 0.5419
vn -0.5701 0.4884 0.6606
vn -0.6208 0.5382 0.5700
vn -0.4991 0.4271 0.7540
vn -0.3733 0.4802 0.7938
vn -0.6472 0.3297 0.6873
vn -0.7187 0.3712 0.5880
vn -0.5165 0.2720 0.8119
vn -0.3530 0.0203 0.9354
vn -0.1755 -0.0031 0.9845
vn -0.1744 -0.1518 0.9729
vn -0.3528 -0.1210 0.9278
vn -0.3512 0.0421 0.9353
vn -0.1752 0.0202 0.9843
vn 0.2693 -0.2384 0.9331
vn 0.1225 -0.2736 0.9540
vn 0.3105 -0.1036 0.9449
vn 0.1489 -0.1236 0.9811
vn 0.3403 -0.0360 0.9396
vn 0.1706 -0.0375 0.9846
vn 0.3533 -0.0174 0.9353
vn 0.1792 -0.0130 0.9837
vn 0.0021 -0.2793 0.9602
vn 0.0006 -0.1235 0.9923
vn 0.0001 -0.0272 0.9996
vn -0.1707 -0.0056 0.9853
vn 0.0004 0.0009 1.0000
vn -0.1127 0.2070 0.9718
vn -0.0005 0.0008 1.0000
vn 0.0784 0.0479 0.9958
vn -0.0355 0.2566 0.9659
vn 0.0688 0.2956 0.9528
vn 0.1794 0.1504 0.9722
vn -0.0596 -0.2618 0.9633
vn 0.0456 -0.2279 0.9726
vn 0.1209 -0.1897 0.9744
vn 0.1908 -0.1254 0.9736
vn 0.2679 -0.0118 0.9634
vn -0.0131 -0.0126 0.9998
vn -0.0054 -0.0062 1.0000
vn -0.0003 -0.0016 1.0000
vn 0.0048 0.0030 1.0000
vn 0.0111 0.0117 0.9999
vn 0.0215 0.0269 0.9994
vn 0.1070 0.1071 0.9885
vn -0.0008 -0.0005 1.0000
vn -0.0044 -0.0031 1.0000
vn -0.0097 -0.0083 0.9999
vn -0.0157 -0.0056 0.9999
vn -0.0124 -0.0138 0.9998
vn 0.0678 0.4127 0.9083
vn 0.2301 0.2549 0.9392
vn -0.0606 0.3479 0.9356
vn 0.1253 0.0945 0.9876
vn -0.1725 0.2718 0.9468
vn 0.0054 -0.0018 1.0000
vn -0.0473 -0.3429 0.9382
vn 0.0893 -0.3165 0.9444
vn 0.2100 -0.2481 0.9457
vn 0.3155 -0.1247 0.9407
vn 0.3763 0.0629 0.9244
vn 0.2292 0.0358 0.9727
vn 0.1060 0.0125 0.9943
vn 0.0457 0.0075 0.9989
vn -0.0149 0.0007 0.9999
vn -0.0736 -0.0090 0.9973
vn -0.2193 0.0355 0.9750
vn -0.1513 0.0901 0.9844
vn 0.2418 0.0240 0.9700
vn 0.1601 -0.0535 0.9857
vn 0.1929 0.1249 0.9732
vn 0.0787 0.0456 0.9959
vn 0.1262 0.2340 0.9640
vn 0.0189 0.2062 0.9783
vn -0.1157 0.1216 0.9858
vn -0.0774 0.1495 0.9857
vn -0.0243 -0.0102 0.9997
vn 0.0090 0.0099 0.9999
vn 0.0498 -0.1389 0.9891
vn 0.0863 -0.1142 0.9897
vn -0.0366 0.1746 0.9840
vn 0.0399 0.0270 0.9988
vn 0.1202 -0.0864 0.9890
vn 0.3833 0.2607 0.8861
vn 0.4096 0.0336 0.9116
vn 0.1778 0.3125 0.9331
vn 0.2083 0.0446 0.9770
vn -0.3489 0.2736 0.8963
vn -0.1834 0.3128 0.9320
vn -0.3524 0.0421 0.9349
vn -0.1859 0.0454 0.9815
vn -0.3326 -0.1356 0.9333
vn -0.1759 -0.1861 0.9667
vn -0.2980 -0.1902 0.9354
vn -0.1563 -0.2587 0.9532
vn -0.0132 0.3320 0.9432
vn 0.0008 0.0524 0.9986
vn 0.0059 -0.2010 0.9796
vn 0.2092 -0.1853 0.9602
vn 0.0050 -0.2826 0.9592
vn -0.7011 -0.0204 0.7128
vn -0.6885 -0.0148 0.7251
vn -0.7149 -0.0134 0.6991
vn -0.8944 -0.0183 0.4469
vn -0.8661 -0.0274 0.4992
vn -0.8388 -0.0197 0.5441
vn -0.0000 -0.9883 0.1526
vn -0.0000 -0.9883 0.1525
vn -0.0000 -0.7182 0.6959
vn -0.0000 -0.9883 0.1524
vn -0.0000 -1.0000 -0.0000
vn -0.0000 -0.7187 0.6954
vn -0.0000 -0.7180 0.6961
vn 0.9150 -0.0000 0.4035
vn 0.9149 -0.0000 0.4038
vn 0.4082 -0.0000 0.9129
vn 0.9149 -0.0000 0.4037
vn 1.0000 -0.0000 -0.0000
vn -0.0000 -0.9599 0.2802
vn 0.0001 -0.9594 0.2821
vn -0.0000 -0.5537 0.8327
vn 0.0002 -0.9611 0.2763
vn -0.6997 0.0191 0.7142
vn -0.7148 0.0135 0.6992
vn -0.3518 -0.0010 0.9361
vn -0.6875 0.0119 0.7261
vn -0.3558 -0.0013 0.9346
vn -0.8370 0.0165 0.5469
vn -0.8706 0.0274 0.4913
vn -0.8983 0.0199 0.4390
vn 0.9141 -0.0309 0.4044
vn 0.9152 -0.0198 0.4025
vn 0.4070 -0.0138 0.9133
vn 0.9136 -0.0223 0.4059
vn 0.4044 -0.0106 0.9145
vn 0.9997 -0.0250 -0.0000
vn 0.9994 -0.0337 -0.0000
vn 0.9998 -0.0216 -0.0000
vn -0.7111 0.0562 0.7009
vn -0.6998 0.0358 0.7134
vn -0.7189 0.0400 0.6940
vn -0.7889 0.0385 0.6133
vn -0.7989 0.0537 0.5990
vn -0.8093 0.0347 0.5863
vn 0.9154 0.0004 0.4026
vn 0.9151 0.0229 0.4025
vn 1.0000 0.0003 -0.0000
vn 0.9997 0.0250 -0.0000
vn -0.7179 -0.0560 0.6939
vn -0.7174 -0.0369 0.6957
vn -0.4693 -0.0364 0.8823
vn -0.4174 -0.0551 0.9071
vn -0.7249 -0.0480 0.6872
vn -0.8898 -0.0390 0.4548
vn -0.8548 -0.0467 0.5168
vn -0.8125 -0.0312 0.5821
vn 0.9150 -0.0144 0.4033
vn 0.9152 -0.0171 0.4026
vn 0.4080 -0.0063 0.9130
vn 0.9145 0.0028 0.4045
vn 1.0000 0.0028 -0.0000
vn 0.9999 -0.0157 -0.0000
vn 0.9998 -0.0188 -0.0000
vn -0.0000 -0.7185 0.6955
vn 0.0006 -0.9766 0.2150
vn 0.0007 -0.9711 0.2388
vn 0.0003 -0.9803 0.1977
vn 0.0008 -0.9823 0.1874
vn 0.0005 -0.9820 0.1888
vn 0.0004 -0.9830 0.1835
vn 0.0006 -0.9652 0.2614
vn -0.7377 -0.0198 0.6749
vn -0.7519 -0.0031 0.6593
vn -0.9080 -0.0000 0.4190
vn -0.9050 -0.0147 0.4252
vn 0.9064 0.1206 0.4048
vn 0.6812 0.6058 0.4112
vn 0.3440 0.2719 0.8987
vn 0.4101 0.0808 0.9085
vn 0.9914 0.1312 -0.0000
vn 0.7512 0.6600 -0.0000
vn -0.2991 0.8241 0.4810
vn -0.6952 0.3562 0.6244
vn -0.4605 0.1648 0.8722
vn -0.1632 0.3975 0.9030
vn 0.0022 0.9206 0.3904
vn 0.0036 0.4186 0.9082
vn -0.0000 1.0000 -0.0000
vn -0.3830 0.9066 0.1772
vn -0.8341 0.4072 0.3721
vn 0.0002 0.9126 0.4089
vn 0.0002 0.9155 0.4023
vn 0.0003 0.4101 0.9121
vn 0.0004 0.4018 0.9157
vn 0.0009 0.9082 0.4185
vn 0.0015 0.3912 0.9203
vn -0.0000 0.9078 0.4194
vn -0.0001 0.9067 0.4219
vn -0.0002 0.3865 0.9223
vn -0.0000 0.3890 0.9212
vn 0.0001 0.9076 0.4199
vn 0.0001 0.3892 0.9211
vn -0.0000 0.3889 0.9213
vn -0.0002 0.9091 0.4166
vn -0.0003 0.9156 0.4021
vn -0.0001 0.9124 0.4093
vn -0.0002 0.4016 0.9158
vn -0.0005 0.4099 0.9121
vn -0.0002 0.9195 0.3931
vn -0.0004 0.4209 0.9071
vn 0.0001 0.9124 0.4092
vn -0.0000 0.9151 0.4033
vn 0.0001 0.4083 0.9129
vn 0.0001 0.4014 0.9159
vn -0.0000 0.9216 0.3882
vn -0.0001 0.4270 0.9043
vn 0.0001 0.9210 0.3895
vn 0.0002 0.4259 0.9048
vn 0.0002 -0.9817 0.1904
vn 0.0002 0.9182 0.3962
vn 0.0020 0.9173 0.3983
vn 0.0019 0.4155 0.9096
vn 0.0003 0.4158 0.9094
vn -0.6893 0.0116 0.7244
vn -0.3752 0.0075 0.9269
vn -0.8178 0.0125 0.5754
vn 0.9141 0.0298 0.4044
vn 0.9140 0.0455 0.4032
vn 0.9988 0.0497 -0.0000
vn 0.9995 0.0323 -0.0000
vn -0.6748 -0.2462 0.6957
vn -0.4008 -0.7714 0.4942
vn -0.2494 -0.6205 0.7435
vn -0.3516 -0.1914 0.9164
vn -0.6842 -0.0000 0.7293
vn -0.8236 -0.0000 0.5672
vn -0.7933 -0.2799 0.5407
vn -0.4627 -0.8277 0.3175
vn 0.9145 -0.0061 0.4045
vn 0.4061 -0.0035 0.9138
vn 1.0000 -0.0073 -0.0000
vn 0.9146 0.0413 0.4024
vn 0.9990 0.0452 -0.0000
vn 0.0937 -0.9503 0.2968
vn 0.5508 -0.7558 0.3541
vn 0.2717 -0.4959 0.8248
vn 0.0779 -0.5474 0.8332
vn -0.0002 -0.9577 0.2879
vn -0.0004 -0.5448 0.8386
vn 0.0920 -0.9958 0.0007
vn 0.5719 -0.8203 0.0025
vn 0.0002 0.9185 0.3954
vn 0.0004 0.4185 0.9082
vn 0.0002 -0.9576 0.2881
vn 0.0001 -0.9560 0.2935
vn -0.7199 0.0004 0.6941
vn -0.5060 0.0004 0.8625
vn -0.7893 0.0016 0.6140
vn -0.0003 0.9173 0.3982
vn -0.0002 0.9158 0.4016
vn -0.0003 0.4146 0.9100
vn -0.0031 0.9149 0.4036
vn -0.0003 0.9120 0.4101
vn -0.0000 -0.9882 0.1530
vn -0.0004 -0.9879 0.1553
vn -0.0223 -0.9815 0.1900
vn -0.1612 -0.9554 0.2475
vn -0.1488 -0.9870 0.0600
vn -0.0179 -0.9998 0.0074
vn 0.0030 0.9107 0.4130
vn 0.1417 0.8627 0.4854
vn 0.1611 0.9857 0.0495
vn 0.0228 0.9997 0.0072
vn 0.0170 -0.9998 0.0092
vn 0.0170 -0.9998 0.0120
vn 0.1399 -0.9850 0.1012
vn 0.1412 -0.9870 0.0763
vn 0.0160 -0.9998 0.0081
vn 0.1309 -0.9892 0.0654
vn 0.0001 -1.0000 -0.0000
vn -0.0189 0.9998 0.0084
vn -0.0169 0.9998 0.0114
vn -0.1265 0.9884 0.0843
vn -0.1413 0.9881 0.0612
vn -0.0190 0.9998 0.0074
vn -0.1414 0.9885 0.0538
vn 0.0084 -0.9997 0.0216
vn 0.0042 -0.9997 0.0232
vn 0.0310 -0.9851 0.1690
vn 0.0614 -0.9851 0.1604
vn 0.0120 -0.9998 0.0189
vn 0.0904 -0.9851 0.1461
vn 0.0153 -0.9998 0.0157
vn 0.1183 -0.9848 0.1273
vn -0.0185 -0.9997 0.0165
vn -0.0201 -0.9997 0.0116
vn -0.1720 -0.9798 0.1020
vn -0.1471 -0.9797 0.1362
vn -0.0149 -0.9997 0.0215
vn -0.1086 -0.9803 0.1650
vn -0.0059 0.9998 0.0215
vn -0.0028 0.9998 0.0205
vn -0.0221 0.9865 0.1626
vn -0.0447 0.9852 0.1653
vn -0.0097 0.9998 0.0200
vn -0.0723 0.9859 0.1509
vn -0.0135 0.9998 0.0158
vn -0.1012 0.9878 0.1187
vn 0.0159 0.9997 0.0179
vn 0.0211 0.9997 0.0134
vn 0.1525 0.9837 0.0953
vn 0.1165 0.9846 0.1304
vn 0.0106 0.9997 0.0199
vn 0.0804 0.9856 0.1491
vn -0.0000 -0.9997 0.0235
vn -0.0044 -0.9997 0.0245
vn -0.0311 -0.9838 0.1764
vn 0.0002 -0.9852 0.1716
vn -0.0097 -0.9996 0.0249
vn -0.0673 -0.9816 0.1789
vn -0.7203 -0.0000 0.6937
vn -0.9069 0.0004 0.4213
vn -0.0000 0.9998 0.0196
vn 0.0031 0.9998 0.0197
vn 0.0249 0.9874 0.1565
vn 0.0003 0.9875 0.1575
vn 0.0065 0.9998 0.0198
vn 0.0512 0.9866 0.1552
vn -0.0109 0.2432 0.9699
vn -0.1173 0.2466 0.9620
vn -0.1001 0.0103 0.9949
vn -0.0035 0.0066 1.0000
vn -0.2285 0.2194 0.9485
vn -0.2265 0.0180 0.9738
vn -0.1772 -0.1883 0.9660
vn -0.0593 -0.2278 0.9719
vn 0.0265 -0.2394 0.9706
vn 0.1194 -0.2317 0.9654
vn 0.2305 -0.2076 0.9507
vn 0.0599 -0.7846 0.6171
vn -0.1894 -0.7423 0.6427
vn 0.2207 -0.7621 0.6087
vn 0.3835 -0.6968 0.6061
vn 0.5804 -0.5474 0.6029
vn 0.7303 -0.3205 0.6033
vn 0.7802 -0.0103 0.6255
vn 0.6756 0.3511 0.6483
vn 0.3893 0.6602 0.6424
vn 0.0664 0.7993 0.5973
vn -0.1333 0.8094 0.5720
vn -0.3073 0.7615 0.5706
vn -0.5218 0.6322 0.5728
vn -0.6977 0.4360 0.5684
vn -0.7838 0.2292 0.5772
vn -0.7936 -0.0033 0.6084
vn -0.7026 -0.2956 0.6472
vn -0.4819 -0.5754 0.6609
vn 0.5247 0.0030 0.8513
vn 0.5063 -0.1376 0.8513
vn 0.5021 0.1390 0.8536
vn 0.4231 0.2733 0.8639
vn 0.2741 0.3993 0.8749
vn 0.1047 0.4946 0.8628
vn -0.0376 0.5254 0.8500
vn -0.1489 0.5151 0.8441
vn -0.2524 0.4708 0.8453
vn -0.3467 0.4097 0.8437
vn -0.4159 0.3407 0.8432
vn -0.4672 0.2494 0.8482
vn -0.5082 0.1366 0.8503
vn -0.5238 0.0135 0.8517
vn -0.4900 -0.1281 0.8623
vn -0.4006 -0.2805 0.8723
vn -0.2544 -0.4140 0.8740
vn -0.0994 -0.5077 0.8558
vn 0.0194 -0.5333 0.8457
vn 0.1202 -0.5157 0.8483
vn 0.2280 -0.4774 0.8486
vn 0.3249 -0.4287 0.8430
vn 0.3986 -0.3617 0.8428
vn 0.4608 -0.2653 0.8469
vn -0.0222 -0.4050 0.9141
vn -0.1387 -0.3650 0.9206
vn 0.0608 -0.4110 0.9096
vn 0.1338 -0.3909 0.9107
vn 0.2171 -0.3455 0.9130
vn 0.2979 -0.2795 0.9127
vn 0.3577 -0.1850 0.9153
vn 0.3968 -0.0716 0.9151
vn 0.4056 0.0429 0.9131
vn 0.3708 0.1551 0.9157
vn 0.2896 0.2657 0.9195
vn 0.1792 0.3558 0.9172
vn 0.0459 0.3937 0.9181
vn -0.0810 0.3983 0.9137
vn -0.1834 0.3659 0.9124
vn -0.2691 0.3069 0.9129
vn -0.3391 0.2225 0.9141
vn -0.3890 0.1307 0.9119
vn -0.4088 0.0501 0.9113
vn -0.3972 -0.0391 0.9169
vn -0.3514 -0.1590 0.9226
vn -0.2655 -0.2847 0.9211
vn -0.0273 0.5300 0.8475
vn 0.1296 0.4917 0.8611
vn -0.1618 0.5033 0.8488
vn -0.2896 0.4430 0.8485
vn -0.3870 0.3748 0.8425
vn -0.4519 0.2755 0.8484
vn -0.5066 0.1375 0.8512
vn -0.5168 -0.0307 0.8556
vn -0.4359 -0.2244 0.8716
vn -0.3096 -0.3955 0.8647
vn -0.1689 -0.4908 0.8548
vn -0.0299 -0.5286 0.8483
vn 0.1148 -0.5174 0.8480
vn 0.2484 -0.4695 0.8473
vn 0.3570 -0.3751 0.8555
vn 0.4470 -0.2331 0.8636
vn 0.4976 -0.0531 0.8658
vn 0.4900 0.1282 0.8622
vn 0.4195 0.2821 0.8628
vn 0.2947 0.4073 0.8644
vn 0.5128 -0.0808 0.8547
vn 0.4551 -0.2524 0.8539
vn 0.4927 0.1204 0.8618
vn 0.3998 0.3166 0.8602
vn 0.2429 0.4529 0.8578
vn 0.0773 0.5205 0.8504
vn -0.0794 0.5182 0.8516
vn -0.2292 0.4730 0.8507
vn -0.3497 0.4033 0.8456
vn -0.4356 0.2961 0.8501
vn -0.4961 0.1288 0.8587
vn -0.5129 -0.0672 0.8558
vn -0.4314 -0.2614 0.8634
vn -0.2779 -0.4256 0.8612
vn -0.0913 -0.5101 0.8552
vn 0.0781 -0.5220 0.8493
vn 0.2243 -0.4758 0.8504
vn 0.3547 -0.3878 0.8508
vn 0.4492 -0.0158 0.8933
vn 0.3893 -0.1949 0.9003
vn 0.4432 0.1809 0.8780
vn 0.3624 0.3756 0.8530
vn 0.2047 0.5172 0.8310
vn 0.0238 0.5925 0.8052
vn -0.1271 0.5790 0.8054
vn -0.2605 0.4934 0.8299
vn -0.3748 0.3482 0.8592
vn -0.4448 0.1896 0.8754
vn -0.4451 0.0166 0.8953
vn -0.3893 -0.1658 0.9060
vn -0.2842 -0.3350 0.8983
vn -0.1560 -0.4550 0.8767
vn -0.0380 -0.4963 0.8673
vn 0.0772 -0.4949 0.8655
vn 0.1962 -0.4478 0.8723
vn 0.3053 -0.3493 0.8859
vn 0.0170 -0.4965 0.8679
vn -0.1421 -0.4471 0.8831
vn 0.1325 -0.4887 0.8623
vn 0.2437 -0.4356 0.8665
vn 0.3674 -0.3337 0.8681
vn 0.4670 -0.1922 0.8631
vn 0.4872 0.0042 0.8733
vn 0.4162 0.2197 0.8823
vn 0.2371 0.3863 0.8914
vn 0.0491 0.4944 0.8678
vn -0.0792 0.5122 0.8552
vn -0.1892 0.4709 0.8617
vn -0.3249 0.3774 0.8672
vn -0.4486 0.2622 0.8544
vn -0.5102 0.1425 0.8482
vn -0.5116 -0.0003 0.8592
vn -0.4445 -0.1767 0.8782
vn -0.3151 -0.3414 0.8855
vn -0.9085 -0.0187 0.4176
vn -0.9411 -0.0122 0.3378
vn -0.9335 -0.0067 0.3584
vn -0.9583 -0.0019 0.2856
vn -0.9120 -0.0053 0.4101
vn -0.8759 -0.0133 0.4823
vn -0.0700 -0.9967 0.0413
vn -0.0735 -0.9960 0.0500
vn -0.4622 -0.8426 0.2763
vn -0.0688 -0.9971 0.0331
vn -0.4686 -0.8536 0.2274
vn -0.9276 0.0243 0.3728
vn -0.8916 0.0131 0.4526
vn -0.9630 0.0188 0.2688
vn -0.9367 0.0067 0.3502
vn -0.9770 0.0176 0.2126
vn -0.9521 0.0189 0.3053
vn 0.9963 -0.0326 -0.0796
vn 0.9966 -0.0242 -0.0781
vn 0.9845 -0.0270 -0.1730
vn 0.9853 -0.0201 -0.1698
vn 0.9842 -0.0173 -0.1763
vn 0.9965 -0.0209 -0.0811
vn -0.8308 0.0490 0.5543
vn -0.8137 0.0353 0.5803
vn -0.8634 0.0409 0.5029
vn -0.8406 0.0300 0.5409
vn -0.8892 0.0235 0.4569
vn -0.8494 0.0310 0.5268
vn 0.9967 0.0003 -0.0817
vn 0.9841 0.0003 -0.1777
vn 0.9841 0.0200 -0.1763
vn 0.9964 0.0242 -0.0811
vn -0.8871 -0.0317 0.4606
vn -0.9253 -0.0262 0.3784
vn -0.8837 -0.0175 0.4676
vn -0.9139 -0.0145 0.4057
vn -0.8496 -0.0122 0.5273
vn -0.8386 -0.0218 0.5443
vn 0.9970 -0.0152 -0.0753
vn 0.9972 0.0027 -0.0747
vn 0.9864 -0.0126 -0.1637
vn 0.9867 0.0022 -0.1624
vn 0.9860 -0.0148 -0.1662
vn 0.9969 -0.0181 -0.0764
vn -0.9425 0.0564 0.3294
vn -0.9080 0.0508 0.4158
vn -0.8501 0.4383 0.2919
vn -0.9283 0.0588 0.3671
vn -0.8291 0.4553 0.3245
vn -0.9297 -0.0000 0.3683
vn -0.9436 -0.0000 0.3310
vn 0.9970 -0.0086 -0.0771
vn 1.0000 -0.0089 -0.0000
vn 0.9858 -0.0069 -0.1676
vn 0.9858 -0.0000 -0.1679
vn 0.9970 -0.0000 -0.0773
vn 0.2019 0.9793 -0.0160
vn 0.1943 0.9809 -0.0000
vn 0.7572 0.6506 -0.0578
vn 0.1874 0.9818 -0.0314
vn 0.7360 0.6655 -0.1237
vn -0.8654 0.0099 0.5009
vn -0.9115 0.0038 0.4112
vn 0.9967 0.0312 -0.0755
vn 0.9959 0.0480 -0.0773
vn 0.9861 0.0259 -0.1640
vn 0.9850 0.0398 -0.1680
vn -0.8599 -0.0038 0.5104
vn -0.8260 -0.0057 0.5637
vn -0.9023 -0.0016 0.4312
vn -0.9003 -0.0000 0.4352
vn -0.8571 -0.0000 0.5151
vn 0.9970 -0.0071 -0.0774
vn 0.9857 -0.0060 -0.1682
vn 0.9959 0.0437 -0.0794
vn 0.9843 0.0362 -0.1727
vn -0.8116 0.0034 0.5842
vn -0.8331 0.0046 0.5530
vn -0.9565 0.0023 0.2916
vn -0.9748 0.0071 0.2229
vn -0.2149 0.5702 0.7929
vn -0.2607 -0.1207 0.9579
vn -0.4280 -0.0346 0.9031
vn -0.3377 0.6157 0.7120
vn -0.1150 0.5485 0.8282
vn -0.1356 -0.1793 0.9744
vn -0.4873 0.6599 0.5719
vn -0.6460 0.0447 0.7621
vn -0.8275 0.0689 0.5572
vn -0.6195 0.6678 0.4126
vn 0.5217 0.6279 0.5776
vn 0.3852 0.6017 0.6997
vn 0.6602 0.6295 0.4098
vn 0.0021 0.5470 0.8371
vn 0.0030 -0.2004 0.9797
vn 0.1361 0.5546 0.8209
vn 0.2635 0.5743 0.7750
vn -0.7006 0.6443 0.3066
vn -0.9132 0.0385 0.4057
vn -0.9330 -0.0022 0.3599
vn -0.7308 0.6235 0.2778
vn 0.7525 0.5970 0.2780
vn 0.9350 -0.0347 0.3530
vn 0.1714 0.9832 0.0628
vn 0.7836 0.5735 0.2391
vn -0.4751 -0.0291 0.8795
vn -0.4446 0.0706 0.8929
vn -0.5088 -0.0695 0.8581
vn 0.5303 -0.0944 0.8425
vn 0.5819 0.1376 0.8015
vn 0.5066 -0.1401 0.8507
vn 0.4032 0.1831 0.8966
vn 0.4360 0.0468 0.8987
vn 0.3268 0.3034 0.8951
vn 0.2178 0.4127 0.8844
vn 0.0869 0.4783 0.8739
vn -0.0419 0.4990 0.8656
vn -0.1539 0.4709 0.8687
vn -0.2495 0.4025 0.8808
vn -0.3329 0.2985 0.8945
vn -0.4043 0.1865 0.8954
vn 0.2496 -0.7174 0.6503
vn 0.3567 -0.1818 0.9164
vn 0.5215 -0.1604 0.8380
vn 0.3680 -0.7069 0.6040
vn 0.1280 -0.7207 0.6813
vn 0.1809 -0.1858 0.9658
vn 0.4885 -0.6876 0.5372
vn 0.6781 -0.1185 0.7253
vn 0.8108 -0.0718 0.5809
vn 0.6025 -0.6631 0.4442
vn -0.5777 -0.6143 0.5375
vn -0.4080 -0.6601 0.6307
vn -0.7124 -0.5599 0.4231
vn 0.0030 -0.7182 0.6958
vn 0.0009 -0.1745 0.9846
vn -0.1225 -0.7033 0.7003
vn -0.2533 -0.6844 0.6836
vn 0.6638 -0.6553 0.3604
vn 0.8784 -0.0517 0.4752
vn 0.8947 -0.0532 0.4435
vn 0.6663 -0.6683 0.3308
vn -0.7715 -0.5395 0.3372
vn -0.9008 0.1889 0.3911
vn -0.1673 -0.9832 0.0726
vn -0.7729 -0.5549 0.3078
vn 0.4867 0.0213 0.8733
vn 0.4684 -0.0661 0.8811
vn 0.4998 0.0534 0.8645
vn -0.5174 0.1046 0.8493
vn -0.6134 -0.3361 0.7147
vn -0.5013 0.2097 0.8395
vn -0.4482 -0.0946 0.8889
vn -0.4781 0.0512 0.8768
vn -0.3565 -0.2544 0.8990
vn -0.2343 -0.3930 0.8892
vn -0.1054 -0.4559 0.8838
vn 0.0124 -0.4709 0.8821
vn 0.1190 -0.4606 0.8796
vn 0.2233 -0.4143 0.8823
vn 0.3327 -0.3100 0.8906
vn 0.4263 -0.1846 0.8856
vn -0.9081 -0.0140 0.4186
vn -0.9253 -0.0613 0.3743
vn -0.8263 0.0218 0.5629
vn -0.8947 -0.0259 0.4459
vn 0.8782 -0.0498 0.4758
vn 0.8897 -0.1145 0.4420
vn 0.8413 0.1335 0.5239
vn 0.8176 0.0031 0.5757
vn 0.9030 -0.1134 0.4143
vn 0.7713 0.3491 0.5322
vn 0.6404 0.5713 0.5134
vn 0.4309 0.7667 0.4759
vn 0.1796 0.8807 0.4384
vn -0.0683 0.9057 0.4184
vn -0.2959 0.8515 0.4328
vn -0.4892 0.7312 0.4755
vn -0.6413 0.5671 0.5168
vn -0.7584 0.3784 0.5307
vn -0.8343 0.1868 0.5187
vn -0.6336 0.6008 0.4874
vn -0.9151 -0.0214 0.4028
vn -0.5550 0.1931 0.8091
vn -0.8712 -0.0539 0.4880
vn -0.0929 0.3612 0.9279
vn -0.1283 0.8690 0.4778
vn 0.6836 0.5563 0.4725
vn 0.0243 0.9997 0.0091
vn -0.0007 0.9143 0.4050
vn 0.0022 0.4008 0.9162
vn -0.0001 0.0001 1.0000
vn -0.0003 0.0008 1.0000
vn -0.0676 -0.1688 0.9833
vn -0.0723 -0.7020 0.7085
vn -0.0000 -0.1684 0.9857
vn -0.0000 -0.0860 0.9963
vn 0.0132 -0.1606 0.9869
vn 0.0145 -0.7066 0.7075
vn 0.1303 -0.6691 0.7316
vn 0.1071 -0.1433 0.9839
vn -0.0121 0.0039 0.9999
vn -0.0948 0.0312 0.9950
vn 0.8840 0.0706 0.4622
vn 0.8285 0.0578 0.5570
vn 0.8820 -0.0548 0.4680
vn 0.8472 -0.0214 0.5309
vn 0.8931 0.0651 0.4452
vn -0.8584 0.2849 0.4265
vn -0.8084 0.2714 0.5223
vn -0.8690 0.2741 0.4120
vn 0.6768 -0.0085 0.7361
vn 0.8087 0.0223 0.5878
vn 0.5226 -0.0309 0.8520
vn -0.6792 0.1119 0.7254
vn -0.8041 0.1829 0.5657
vn -0.5183 0.0561 0.8534
vn -0.3453 0.0212 0.9383
vn 0.3586 -0.0403 0.9326
vn 0.1817 -0.0369 0.9827
vn 0.0007 -0.0229 0.9997
vn -0.6841 -0.0044 0.7294
vn 0.4979 -0.0459 0.8660
vn 0.5365 -0.4587 0.7083
vn -0.4900 0.1645 0.8561
vn 0.8666 0.0168 0.4987
vn 0.8724 0.0636 0.4846
vn 0.8506 -0.1239 0.5110
vn -0.8771 0.2833 0.3878
vn -0.8646 0.2943 0.4071
vn -0.8366 -0.1574 0.5248
vn -0.6961 -0.4727 0.5404
vn -0.8654 0.0854 0.4938
vn -0.4357 -0.7265 0.5313
vn -0.1843 -0.8336 0.5207
vn 0.0256 -0.8570 0.5147
vn 0.2162 -0.8336 0.5083
vn 0.4133 -0.7551 0.5089
vn 0.6296 -0.5803 0.5167
vn 0.7873 -0.3373 0.5162
vn 0.0147 -0.9860 0.1663
vn 0.1362 -0.9629 0.2329
vn -0.0193 -0.9998 0.0085
vn 0.6284 -0.6653 0.4031
vn -0.7302 -0.5574 0.3952
vn 0.8775 0.0491 0.4771
vn -0.8609 0.2412 0.4479
vn -0.0001 -0.0811 0.9967
vn -0.0002 -0.5391 0.8423
vn -0.0002 -0.0830 0.9966
vn 0.8882 -0.2419 0.3907
vn 0.4144 -0.1620 0.8956
vn 0.9641 -0.2656 0.0016
vn 0.9616 -0.2648 -0.0729
vn 0.5806 -0.8130 -0.0444
vn 0.5653 -0.8193 -0.0961
vn 0.9505 -0.2657 -0.1613
vn -0.0001 0.9047 0.4260
vn 0.0005 0.9065 0.4221
vn 0.0007 0.3834 0.9236
vn -0.0001 0.3820 0.9242
vn -0.0001 -0.0002 1.0000
vn -0.0021 -0.0024 1.0000
vn 0.0002 0.0494 0.9988
vn 0.0006 0.0481 0.9988
vn 0.0001 0.0511 0.9987
vn 0.0504 -0.0005 0.9987
vn 0.0508 -0.0000 0.9987
vn 0.0497 -0.0014 0.9988
vn 0.0503 -0.0017 0.9987
vn 0.0505 -0.0008 0.9987
vn 0.1776 0.8886 0.4228
vn 0.1091 0.3798 0.9186
vn -0.0001 -0.9562 0.2929
vn 0.0544 -0.0927 0.9942
vn -0.9595 0.0010 0.2818
vn -0.9722 0.0074 0.2340
vn -0.9788 0.0049 0.2048
vn -0.9840 0.0138 0.1774
vn -0.9758 0.0013 0.2188
vn -0.9521 -0.0008 0.3056
vn 0.9970 -0.0000 -0.0772
vn -0.8932 0.0300 0.4487
vn -0.8704 0.0230 0.4918
vn -0.9242 0.0193 0.3814
vn -0.9100 0.0166 0.4142
vn -0.9461 -0.0008 0.3238
vn -0.9207 0.0124 0.3901
vn -0.8774 -0.0092 0.4797
vn -0.8900 -0.0075 0.4558
vn -0.8915 -0.0074 0.4529
vn -0.8834 -0.0067 0.4685
vn -0.8993 -0.0047 0.4373
vn -0.8650 -0.0064 0.5018
vn 0.9798 -0.0078 -0.1996
vn 0.9801 0.0013 -0.1985
vn 0.9649 -0.0040 -0.2625
vn 0.9650 -0.0003 -0.2622
vn 0.9647 -0.0045 -0.2633
vn 0.9794 -0.0091 -0.2019
vn -0.9451 -0.0064 0.3266
vn -0.9687 -0.0193 0.2475
vn -0.9844 -0.0117 0.1754
vn -0.9667 -0.0021 0.2559
vn -0.9494 -0.0003 0.3141
vn -0.9745 0.0004 0.2243
vn -0.9743 -0.0000 0.2250
vn -0.9489 -0.0000 0.3155
vn 0.9778 0.0225 -0.2082
vn 0.9773 0.0126 -0.2114
vn 0.9636 0.0107 -0.2673
vn 0.9633 0.0070 -0.2685
vn 0.9641 0.0105 -0.2653
vn 0.9787 0.0246 -0.2039
vn -0.8201 -0.2986 0.4881
vn -0.8564 -0.3156 0.4086
vn -0.3603 0.9249 0.1215
vn -0.3350 0.9336 0.1269
vn 0.0949 -0.9955 -0.0073
vn 0.0911 -0.9957 -0.0155
vn -0.3215 0.9345 0.1527
vn -0.7984 0.4602 0.3882
vn -0.3146 0.9344 0.1671
vn -0.7800 0.4639 0.4199
vn -0.5389 0.0074 -0.8423
vn -0.6920 0.0087 -0.7219
vn -0.6973 0.0351 -0.7159
vn -0.5473 0.0299 -0.8364
vn -0.5018 0.0058 -0.8650
vn -0.5107 0.0236 -0.8595
vn -0.5001 -0.0000 -0.8660
vn -0.5372 -0.0000 -0.8434
vn -0.6905 -0.0000 -0.7234
vn -0.5000 -0.0000 -0.8660
vn -0.6171 -0.0952 -0.7811
vn -0.6339 -0.0267 -0.7729
vn -0.5624 -0.0465 -0.8256
vn -0.5493 -0.1244 -0.8263
vn -0.6068 -0.1772 -0.7749
vn -0.5402 -0.2190 -0.8125
vn -0.6650 -0.1352 -0.7345
vn -0.6867 -0.0708 -0.7235
vn -0.7087 -0.0072 -0.7055
vn -0.6828 -0.0664 -0.7275
vn -0.7834 0.0364 -0.6204
vn -0.7582 0.0992 -0.6444
vn -0.6313 -0.0275 -0.7751
vn -0.5708 -0.2927 -0.7671
vn -0.4795 -0.2850 -0.8299
vn -0.6728 -0.2903 -0.6805
vn -0.7489 -0.1448 -0.6466
vn -0.8031 -0.0521 -0.5936
vn -0.5645 0.0480 -0.8240
vn -0.7070 0.0553 -0.7051
vn -0.7195 0.0451 -0.6930
vn -0.5847 0.0411 -0.8102
vn -0.5294 0.0381 -0.8475
vn -0.5514 0.0330 -0.8336
vn -0.5390 -0.0097 -0.8423
vn -0.6925 -0.0107 -0.7213
vn -0.6915 -0.0001 -0.7224
vn -0.5361 -0.0001 -0.8441
vn -0.5012 -0.0078 -0.8653
vn -0.4984 -0.0001 -0.8670
vn -0.5144 -0.0315 -0.8570
vn -0.5510 -0.0392 -0.8336
vn -0.6991 -0.0430 -0.7138
vn -0.5020 0.0009 -0.8649
vn -0.5018 0.0012 -0.8650
vn -0.5010 0.0017 -0.8654
vn -0.5014 0.0010 -0.8652
vn -0.5018 0.0003 -0.8650
vn -0.5015 -0.0008 -0.8652
vn -0.5015 0.0009 -0.8651
vn -0.5020 0.0011 -0.8649
vn -0.5019 0.0007 -0.8650
vn -0.4999 -0.0000 -0.8661
vn -0.4928 -0.1683 -0.8537
vn -0.3477 -0.7184 -0.6026
vn -0.3539 -0.7049 -0.6147
vn -0.4934 -0.1589 -0.8552
vn -0.4927 -0.1704 -0.8534
vn -0.3465 -0.7210 -0.6001
vn -0.5027 0.0013 -0.8645
vn -0.5010 0.0008 -0.8654
vn -0.5046 0.0052 -0.8633
vn -0.5127 0.0085 -0.8585
vn -0.5047 0.0012 -0.8633
vn -0.5220 0.0074 -0.8529
vn -0.5000 -0.0001 -0.8660
vn -0.5033 -0.0002 -0.8641
vn -0.5055 -0.0000 -0.8628
vn -0.5259 -0.0047 -0.8505
vn -0.5164 -0.0094 -0.8563
vn -0.5007 0.0007 -0.8656
vn -0.5056 -0.0062 -0.8627
vn -0.4997 0.0024 -0.8662
vn -0.4998 0.0019 -0.8661
vn -0.4999 0.0011 -0.8661
vn -0.4968 -0.1293 -0.8582
vn -0.3808 -0.6559 -0.6517
vn -0.3590 -0.6991 -0.6183
vn -0.4944 -0.1548 -0.8553
vn -0.5000 0.0001 -0.8660
vn -0.4987 -0.1021 -0.8608
vn -0.4048 -0.5998 -0.6902
vn -0.6041 -0.0320 -0.7963
vn -0.6850 0.1428 -0.7144
vn -0.6316 0.1828 -0.7534
vn -0.5245 -0.0113 -0.8513
vn -0.6120 -0.2454 -0.7518
vn -0.5188 -0.2689 -0.8115
vn -0.7233 -0.1934 -0.6629
vn -0.7358 -0.0494 -0.6754
vn -0.7647 0.0798 -0.6394
vn -0.4959 -0.1188 -0.8602
vn -0.3842 -0.6369 -0.6684
vn -0.3754 -0.6588 -0.6520
vn -0.4953 -0.1306 -0.8589
vn -0.5001 -0.0002 -0.8660
vn -0.5002 -0.0007 -0.8659
vn -0.4968 -0.1062 -0.8614
vn -0.3960 -0.6080 -0.6881
vn -0.5001 -0.0000 -0.8659
vn -0.4974 -0.0922 -0.8626
vn -0.4094 -0.5697 -0.7126
vn -0.4222 -0.5316 -0.7343
vn -0.4981 -0.0791 -0.8635
vn -0.5001 0.0002 -0.8660
vn -0.4966 -0.1077 -0.8613
vn -0.3948 -0.6098 -0.6872
vn -0.4975 -0.0957 -0.8622
vn -0.4064 -0.5808 -0.7054
vn -0.5003 -0.0017 -0.8658
vn -0.5002 -0.0025 -0.8659
vn -0.4979 -0.0894 -0.8626
vn -0.4132 -0.5618 -0.7166
vn -0.5033 -0.0000 -0.8641
vn -0.5032 0.0004 -0.8642
vn -0.5029 0.0007 -0.8643
vn -0.5032 -0.0000 -0.8642
vn -0.5033 -0.0005 -0.8641
vn -0.5030 -0.0008 -0.8643
vn -0.5043 -0.0006 -0.8635
vn -0.5036 -0.0000 -0.8639
vn -0.5039 0.0008 -0.8638
vn -0.2550 0.1353 -0.9574
vn -0.2289 0.2823 -0.9316
vn -0.1136 0.1789 -0.9773
vn -0.0990 0.0340 -0.9945
vn -0.2536 -0.0483 -0.9661
vn -0.0905 -0.1531 -0.9841
vn -0.4121 0.0015 -0.9112
vn -0.3916 0.2182 -0.8939
vn -0.3524 0.3653 -0.8616
vn -0.5749 0.0001 -0.8182
vn -0.5597 0.0123 -0.8286
vn -0.7088 -0.0093 -0.7053
vn -0.7236 -0.0072 -0.6902
vn -0.5883 -0.0058 -0.8086
vn -0.7374 -0.0042 -0.6754
vn -0.5459 -0.0112 -0.8378
vn -0.5371 -0.0032 -0.8435
vn -0.5244 0.0121 -0.8514
vn -0.4966 -0.0017 -0.8680
vn -0.4955 -0.0004 -0.8686
vn -0.4977 0.0001 -0.8674
vn -0.4982 0.0008 -0.8670
vn -0.4982 -0.0021 -0.8671
vn -0.4991 0.0012 -0.8666
vn -0.4995 -0.0047 -0.8663
vn -0.4991 -0.0037 -0.8665
vn -0.4988 -0.0008 -0.8667
vn -0.5000 0.0002 -0.8660
vn -0.5001 0.0001 -0.8660
vn -0.5000 -0.0002 -0.8660
vn -0.4433 0.0380 -0.8956
vn -0.0611 0.0438 -0.9972
vn -0.0617 0.0450 -0.9971
vn -0.4493 0.0389 -0.8925
vn -0.4867 0.0305 -0.8731
vn -0.5003 0.0310 -0.8653
vn -0.4762 0.0181 -0.8791
vn -0.4384 0.0227 -0.8985
vn -0.0608 0.0263 -0.9978
vn -0.4467 -0.0082 -0.8947
vn -0.0594 -0.0094 -0.9982
vn -0.0582 -0.0209 -0.9981
vn -0.4437 -0.0183 -0.8960
vn -0.4980 -0.0065 -0.8672
vn -0.4922 -0.0150 -0.8704
vn -0.5002 -0.0000 -0.8659
vn -0.4487 -0.0000 -0.8937
vn -0.0613 -0.0000 -0.9981
vn -0.4953 -0.1348 -0.8582
vn -0.3724 -0.6665 -0.6459
vn -0.3748 -0.6601 -0.6510
vn -0.4955 -0.1310 -0.8587
vn -0.5000 -0.0000 -0.8661
vn -0.5003 0.0002 -0.8658
vn -0.4999 -0.0001 -0.8661
vn -0.4373 0.0013 -0.8993
vn -0.0610 0.0016 -0.9981
vn -0.4728 0.0007 -0.8812
vn -0.4766 -0.0113 -0.8791
vn -0.4392 -0.0134 -0.8983
vn -0.0615 -0.0152 -0.9980
vn -0.5001 0.0003 -0.8660
vn -0.5004 0.0012 -0.8658
vn -0.5005 0.0006 -0.8657
vn -0.5371 -0.0000 -0.8435
vn -0.6907 -0.0000 -0.7231
vn -0.4982 -0.0849 -0.8629
vn -0.4190 -0.5450 -0.7263
vn -0.4173 -0.5503 -0.7232
vn -0.4980 -0.0859 -0.8629
vn -0.4999 -0.0028 -0.8661
vn -0.4999 -0.0029 -0.8661
vn -0.4998 -0.0024 -0.8662
vn -0.4982 -0.0831 -0.8631
vn -0.4204 -0.5412 -0.7283
vn -0.5002 0.0002 -0.8659
vn -0.5007 0.0013 -0.8656
vn -0.4999 0.0001 -0.8661
vn -0.5028 -0.0000 -0.8644
vn -0.5054 -0.0010 -0.8629
vn -0.5043 -0.0057 -0.8635
vn -0.5020 -0.0012 -0.8649
vn -0.5024 0.0007 -0.8647
vn -0.5013 0.0002 -0.8653
vn -0.6841 0.0436 -0.7281
vn -0.7093 0.1499 -0.6888
vn -0.6565 0.2382 -0.7157
vn -0.6331 0.1279 -0.7634
vn -0.6282 -0.1004 -0.7715
vn -0.5637 -0.0455 -0.8248
vn -0.6851 -0.1451 -0.7139
vn -0.7273 -0.0248 -0.6859
vn -0.7431 0.0693 -0.6655
vn -0.5000 0.0005 -0.8660
vn -0.5001 0.0020 -0.8660
vn -0.5002 0.0017 -0.8659
vn -0.5000 0.0001 -0.8661
vn -0.5007 0.0001 -0.8656
vn -0.5013 -0.0009 -0.8653
vn -0.5003 -0.0002 -0.8659
vn -0.5008 0.0055 -0.8656
vn -0.4994 0.0135 -0.8663
vn -0.5005 0.0146 -0.8656
vn -0.5001 0.0053 -0.8659
vn -0.4996 0.0034 -0.8663
vn -0.5000 0.0023 -0.8660
vn -0.4982 0.0086 -0.8670
vn -0.5032 0.0064 -0.8641
vn -0.5006 0.0078 -0.8656
vn -0.4993 -0.0047 -0.8664
vn -0.4971 -0.0015 -0.8677
vn -0.4930 -0.0054 -0.8700
vn -0.4930 -0.0055 -0.8700
vn -0.5069 -0.0131 -0.8619
vn -0.4985 -0.0069 -0.8669
vn -0.5086 -0.0176 -0.8608
vn -0.5008 -0.0055 -0.8655
vn -0.4980 -0.0005 -0.8672
vn -0.5152 -0.0146 -0.8569
vn -0.5083 -0.0061 -0.8612
vn -0.5183 -0.0014 -0.8552
vn -0.5135 -0.0022 -0.8581
vn -0.5160 -0.0008 -0.8566
vn -0.5149 -0.0200 -0.8570
vn -0.4836 -0.0107 -0.8752
vn -0.4749 -0.0075 -0.8800
vn -0.4834 -0.0034 -0.8754
vn -0.4893 -0.0043 -0.8721
vn -0.4927 -0.0093 -0.8702
vn -0.4957 -0.0035 -0.8685
vn -0.4842 -0.0163 -0.8748
vn -0.4977 0.0015 -0.8673
vn -0.4959 0.0003 -0.8684
vn -0.4847 0.0032 -0.8747
vn -0.4912 0.0070 -0.8710
vn -0.5001 -0.0001 -0.8660
vn -0.5000 0.0022 -0.8660
vn -0.5004 0.0048 -0.8658
vn -0.5021 0.0129 -0.8647
vn -0.5034 0.0105 -0.8640
vn -0.5007 0.0041 -0.8656
vn -0.5004 -0.0040 -0.8658
vn -0.5017 -0.0105 -0.8650
vn -0.4994 -0.0112 -0.8663
vn -0.4999 -0.0042 -0.8661
vn -0.5001 -0.0029 -0.8660
vn -0.5009 -0.0031 -0.8655
vn -0.4541 0.0265 -0.8906
vn -0.0616 0.0305 -0.9976
vn -0.0618 0.0001 -0.9981
vn -0.4561 -0.0000 -0.8899
vn -0.5114 0.0207 -0.8591
vn -0.5010 0.0031 -0.8655
vn -0.5043 0.0077 -0.8635
vn -0.5047 0.0032 -0.8633
vn -0.5012 0.0018 -0.8653
vn -0.5013 0.0007 -0.8653
vn -0.5022 -0.0000 -0.8648
vn -0.5029 -0.0006 -0.8643
vn -0.5024 -0.0015 -0.8646
vn -0.5055 0.0002 -0.8628
vn -0.4985 -0.0021 -0.8669
vn -0.4955 -0.0063 -0.8686
vn -0.4987 -0.0007 -0.8668
vn -0.4995 -0.0009 -0.8663
vn -0.4995 -0.0018 -0.8663
vn -0.4992 -0.0034 -0.8665
vn -0.4968 -0.0089 -0.8678
vn -0.4995 0.0013 -0.8663
vn -0.4996 -0.0014 -0.8663
vn -0.4985 -0.0007 -0.8669
vn -0.4984 -0.0003 -0.8669
vn -0.4993 0.0035 -0.8664
vn -0.5030 0.0131 -0.8642
vn -0.5034 0.0073 -0.8640
vn -0.5026 0.0011 -0.8645
vn -0.5326 -0.0273 -0.8459
vn -0.5120 -0.0189 -0.8588
vn -0.5510 -0.0141 -0.8344
vn -0.5609 -0.0238 -0.8275
vn -0.5389 -0.0457 -0.8411
vn -0.5013 0.0012 -0.8653
vn -0.5007 0.0018 -0.8656
vn -0.5012 0.0005 -0.8653
vn -0.5006 -0.0000 -0.8657
vn -0.5006 0.0008 -0.8657
vn -0.5004 0.0011 -0.8658
vn -0.5113 0.0109 -0.8593
vn -0.5077 0.0030 -0.8616
vn -0.5115 0.0190 -0.8591
vn -0.5217 0.0047 -0.8531
vn -0.5127 0.0007 -0.8586
vn -0.5022 -0.0030 -0.8648
vn -0.5028 -0.0005 -0.8644
vn -0.5012 -0.0040 -0.8653
vn -0.5010 -0.0018 -0.8654
vn -0.5019 -0.0012 -0.8649
vn -0.5025 -0.0001 -0.8646
vn -0.5013 -0.0003 -0.8653
vn -0.5010 0.0007 -0.8654
vn -0.5011 -0.0015 -0.8654
vn -0.5005 -0.0008 -0.8658
vn -0.5007 -0.0005 -0.8656
vn -0.5003 0.0001 -0.8658
vn -0.5009 -0.0023 -0.8655
vn -0.5007 -0.0011 -0.8656
vn -0.5016 -0.0021 -0.8651
vn -0.5019 -0.0009 -0.8649
vn -0.5002 -0.0003 -0.8659
vn -0.4995 0.0508 -0.8648
vn -0.4559 0.4104 -0.7898
vn -0.4556 0.4114 -0.7894
vn -0.4994 0.0511 -0.8649
vn -0.5003 -0.0003 -0.8659
vn -0.4998 0.0491 -0.8648
vn -0.4564 0.4087 -0.7904
vn -0.4942 0.0003 -0.8694
vn -0.4945 -0.0010 -0.8692
vn -0.4519 0.0024 -0.8921
vn -0.4552 -0.0071 -0.8904
vn -0.4488 0.0064 -0.8936
vn -0.4933 0.0010 -0.8699
vn -0.5061 -0.0705 -0.8596
vn -0.4414 -0.5070 -0.7403
vn -0.5554 -0.0471 -0.8303
vn -0.5239 -0.4655 -0.7133
vn -0.5505 0.0249 -0.8345
vn -0.5068 0.0033 -0.8621
vn -0.5051 -0.0013 -0.8630
vn -0.5058 0.0005 -0.8626
vn -0.5405 -0.0106 -0.8413
vn -0.5444 0.0050 -0.8388
vn -0.5315 -0.0268 -0.8466
vn -0.5037 -0.0031 -0.8638
vn -0.5026 -0.0049 -0.8645
vn -0.5210 -0.0420 -0.8525
vn -0.5094 -0.0495 -0.8591
vn -0.5012 -0.0063 -0.8653
vn -0.4998 -0.0065 -0.8661
vn -0.4983 -0.0508 -0.8655
vn -0.4880 -0.0501 -0.8714
vn -0.4985 -0.0063 -0.8668
vn -0.4974 -0.0053 -0.8675
vn -0.4782 -0.0447 -0.8771
vn -0.4689 -0.0327 -0.8827
vn -0.4964 -0.0039 -0.8681
vn -0.4951 -0.0025 -0.8688
vn -0.4599 -0.0198 -0.8878
vn -0.4965 0.0001 -0.8680
vn -0.5026 -0.0025 -0.8645
vn -0.4400 0.0003 -0.8980
vn -0.4550 -0.0194 -0.8903
vn -0.4557 0.0196 -0.8899
vn -0.5027 0.0028 -0.8644
vn -0.5153 -0.0062 -0.8570
vn -0.4907 0.0163 -0.8712
vn -0.5111 -0.0110 -0.8594
vn -0.5168 -0.0248 -0.8558
vn -0.5077 -0.0399 -0.8606
vn -0.5062 -0.0314 -0.8619
vn -0.4972 -0.0354 -0.8669
vn -0.4967 -0.0444 -0.8668
vn -0.4891 -0.0425 -0.8712
vn -0.4979 -0.0104 -0.8672
vn -0.4913 -0.0333 -0.8703
vn -0.4855 -0.0306 -0.8737
vn -0.4823 -0.0382 -0.8752
vn -0.4758 -0.0325 -0.8790
vn -0.4807 -0.0261 -0.8765
vn -0.4770 -0.0217 -0.8787
vn -0.4698 -0.0273 -0.8823
vn -0.4664 -0.0194 -0.8844
vn -0.4718 -0.0155 -0.8816
vn -0.4638 -0.0052 -0.8859
vn -0.4695 -0.0076 -0.8829
vn -0.4819 0.0014 -0.8762
vn -0.4540 0.0056 -0.8910
vn -0.4508 0.0142 -0.8925
vn -0.4890 0.0037 -0.8722
vn -0.4842 0.0115 -0.8749
vn -0.5085 0.0022 -0.8610
vn -0.4587 0.0225 -0.8883
vn -0.4753 0.0328 -0.8792
vn -0.4829 0.0291 -0.8752
vn -0.4914 0.0445 -0.8698
vn -0.4925 0.0359 -0.8696
vn -0.5008 0.0344 -0.8649
vn -0.5008 0.0482 -0.8642
vn -0.5080 0.0450 -0.8602
vn -0.5065 0.0339 -0.8616
vn -0.5125 0.0312 -0.8581
vn -0.5156 0.0402 -0.8559
vn -0.5213 0.0327 -0.8528
vn -0.5162 0.0228 -0.8562
vn -0.5108 0.0041 -0.8597
vn -0.5224 0.0196 -0.8525
vn -0.5150 0.0042 -0.8572
vn -0.4871 -0.0176 -0.8732
vn -0.5005 0.0122 -0.8656
vn -0.4974 0.0110 -0.8675
vn -0.5020 0.1031 -0.8587
vn -0.4761 0.0951 -0.8742
vn -0.5248 0.0979 -0.8456
vn -0.5032 0.0117 -0.8641
vn -0.5057 0.0103 -0.8626
vn -0.5464 0.0867 -0.8330
vn -0.5634 0.0739 -0.8229
vn -0.5078 0.0089 -0.8614
vn -0.5093 0.0064 -0.8605
vn -0.5739 0.0537 -0.8172
vn -0.5826 0.0262 -0.8123
vn -0.5103 0.0031 -0.8600
vn -0.5102 -0.0007 -0.8601
vn -0.5841 -0.0062 -0.8116
vn -0.5700 -0.0426 -0.8206
vn -0.5081 -0.0048 -0.8613
vn -0.5062 -0.0090 -0.8624
vn -0.5500 -0.0766 -0.8317
vn -0.5259 -0.0958 -0.8451
vn -0.5035 -0.0116 -0.8639
vn -0.5006 -0.0122 -0.8656
vn -0.5021 -0.1029 -0.8586
vn -0.4783 -0.1000 -0.8725
vn -0.4978 -0.0119 -0.8672
vn -0.4954 -0.0105 -0.8686
vn -0.4557 -0.0914 -0.8854
vn -0.4372 -0.0735 -0.8963
vn -0.4934 -0.0082 -0.8698
vn -0.4922 -0.0047 -0.8705
vn -0.4218 -0.0456 -0.9055
vn -0.4137 -0.0102 -0.9104
vn -0.4910 -0.0009 -0.8711
vn -0.4909 0.0029 -0.8712
vn -0.4145 0.0250 -0.9097
vn -0.4266 0.0553 -0.9027
vn -0.4919 0.0062 -0.8706
vn -0.4942 0.0091 -0.8693
vn -0.4483 0.0793 -0.8904
vn -0.4939 -0.0000 -0.8695
vn -0.4949 -0.0027 -0.8690
vn -0.4495 -0.0007 -0.8933
vn -0.4559 -0.0241 -0.8897
vn -0.4506 0.0246 -0.8924
vn -0.4945 0.0029 -0.8692
vn -0.4954 0.0056 -0.8686
vn -0.4604 0.0480 -0.8864
vn -0.4777 0.0642 -0.8762
vn -0.4974 0.0078 -0.8675
vn -0.4997 0.0086 -0.8662
vn -0.4961 0.0742 -0.8651
vn -0.5123 0.0741 -0.8556
vn -0.5016 0.0088 -0.8651
vn -0.5032 0.0075 -0.8641
vn -0.5270 0.0636 -0.8475
vn -0.5397 0.0454 -0.8406
vn -0.5048 0.0054 -0.8632
vn -0.5057 0.0029 -0.8627
vn -0.5489 0.0253 -0.8355
vn -0.5504 0.0027 -0.8349
vn -0.5061 0.0003 -0.8625
vn -0.5054 -0.0027 -0.8629
vn -0.5441 -0.0219 -0.8388
vn -0.5311 -0.0423 -0.8463
vn -0.5038 -0.0051 -0.8638
vn -0.5020 -0.0066 -0.8648
vn -0.5167 -0.0568 -0.8543
vn -0.5039 -0.0642 -0.8614
vn -0.5006 -0.0078 -0.8656
vn -0.4991 -0.0074 -0.8665
vn -0.4902 -0.0664 -0.8691
vn -0.4764 -0.0598 -0.8772
vn -0.4973 -0.0072 -0.8675
vn -0.4959 -0.0054 -0.8684
vn -0.4645 -0.0453 -0.8844
vn -0.5000 -0.0090 -0.8660
vn -0.5027 -0.0079 -0.8644
vn -0.4972 -0.0734 -0.8645
vn -0.5172 -0.0614 -0.8537
vn -0.4812 -0.0749 -0.8734
vn -0.4979 -0.0089 -0.8672
vn -0.4962 -0.0078 -0.8682
vn -0.4667 -0.0658 -0.8819
vn -0.4511 -0.0500 -0.8911
vn -0.4945 -0.0056 -0.8691
vn -0.4929 -0.0033 -0.8701
vn -0.4381 -0.0286 -0.8985
vn -0.4374 0.0010 -0.8993
vn -0.4931 0.0001 -0.8700
vn -0.4941 0.0037 -0.8694
vn -0.4473 0.0315 -0.8938
vn -0.4701 0.0538 -0.8810
vn -0.4966 0.0063 -0.8680
vn -0.4992 0.0081 -0.8665
vn -0.4922 0.0721 -0.8675
vn -0.5085 0.0774 -0.8576
vn -0.5012 0.0095 -0.8653
vn -0.5030 0.0086 -0.8643
vn -0.5003 0.0002 -0.8659
vn -0.5232 0.0708 -0.8493
vn -0.5406 0.0559 -0.8394
vn -0.5055 0.0071 -0.8628
vn -0.5080 0.0052 -0.8614
vn -0.5570 0.0392 -0.8296
vn -0.5645 0.0210 -0.8252
vn -0.5093 0.0030 -0.8606
vn -0.5091 -0.0001 -0.8607
vn -0.5627 -0.0004 -0.8266
vn -0.5524 -0.0239 -0.8333
vn -0.5074 -0.0033 -0.8617
vn -0.5053 -0.0061 -0.8629
vn -0.5368 -0.0456 -0.8425
vn 0.1900 0.0259 -0.9815
vn 0.0947 0.0230 -0.9952
vn 0.0789 -0.0807 -0.9936
vn 0.1682 -0.0906 -0.9816
vn 0.2075 0.0224 -0.9780
vn 0.1847 -0.0927 -0.9784
vn 0.2250 0.0632 -0.9723
vn 0.2063 0.0685 -0.9761
vn 0.1054 0.0621 -0.9925
vn -0.9401 0.2755 -0.2006
vn -0.9151 0.2410 -0.3233
vn -0.9334 0.1967 -0.3001
vn -0.9622 0.1726 -0.2107
vn -0.9474 0.2685 -0.1740
vn -0.9704 0.1716 -0.1698
vn -0.9397 0.2762 -0.2018
vn -0.9319 0.2849 -0.2243
vn -0.9042 0.2549 -0.3428
vn -0.9252 -0.1245 -0.3585
vn -0.8909 -0.1119 -0.4402
vn -0.9111 0.0671 -0.4067
vn -0.9450 0.0762 -0.3181
vn -0.9316 -0.1242 -0.3416
vn -0.9506 0.0754 -0.3012
vn -0.8378 -0.3638 -0.4072
vn -0.8319 -0.3587 -0.4234
vn -0.8062 -0.3180 -0.4990
vn -0.6669 -0.5447 -0.5085
vn -0.6620 -0.4836 -0.5725
vn -0.6675 -0.5555 -0.4959
vn -0.5030 -0.6363 -0.5849
vn -0.5074 -0.6228 -0.5955
vn -0.5216 -0.5534 -0.6494
vn -0.3678 -0.6407 -0.6740
vn -0.3977 -0.5684 -0.7203
vn -0.3614 -0.6540 -0.6646
vn -0.2320 -0.6383 -0.7339
vn -0.2405 -0.6257 -0.7420
vn -0.2849 -0.5550 -0.7816
vn -0.1165 -0.5681 -0.8147
vn -0.1748 -0.5039 -0.8459
vn -0.1045 -0.5792 -0.8084
vn 0.0321 -0.4424 -0.8963
vn 0.0172 -0.4339 -0.9008
vn -0.0568 -0.3843 -0.9215
vn 0.1216 -0.2528 -0.9598
vn 0.0377 -0.2249 -0.9736
vn 0.1375 -0.2575 -0.9565
vn 0.1995 -0.0083 -0.9799
vn 0.2168 -0.0010 -0.9762
vn 0.2007 -0.1903 -0.9610
vn 0.1856 -0.1917 -0.9638
vn 0.1096 -0.0156 -0.9939
vn 0.1021 -0.1746 -0.9793
vn 0.0816 0.1521 -0.9850
vn 0.1700 0.1772 -0.9694
vn 0.1872 0.1834 -0.9650
vn 0.0830 0.3671 -0.9265
vn 0.0994 0.3695 -0.9239
vn 0.0059 0.3280 -0.9446
vn -0.1424 0.5160 -0.8447
vn -0.0827 0.5587 -0.8253
vn -0.0651 0.5558 -0.8288
vn -0.2738 0.6772 -0.6829
vn -0.2563 0.6746 -0.6923
vn -0.3165 0.6374 -0.7025
vn -0.4434 0.6685 -0.5971
vn -0.4152 0.7066 -0.5729
vn -0.4050 0.7077 -0.5789
vn -0.5269 0.6931 -0.4920
vn -0.5221 0.6965 -0.4923
vn -0.5470 0.6514 -0.5259
vn -0.6581 0.5950 -0.4614
vn -0.6449 0.6411 -0.4160
vn -0.6410 0.6466 -0.4136
vn -0.7504 0.5587 -0.3532
vn -0.7497 0.5633 -0.3475
vn -0.7519 0.5145 -0.4122
vn -0.8168 0.4324 -0.3819
vn -0.8266 0.4696 -0.3102
vn -0.8297 0.4702 -0.3010
vn -0.8922 0.3581 -0.2751
vn -0.8976 0.3530 -0.2640
vn -0.8722 0.3324 -0.3589
vn -0.9167 0.2042 -0.3434
vn -0.9456 0.2113 -0.2473
vn -0.9508 0.2001 -0.2367
vn -0.9697 0.0416 -0.2409
vn -0.9720 0.0297 -0.2330
vn -0.9374 0.0536 -0.3442
vn -0.9171 -0.1337 -0.3755
vn -0.9469 -0.1640 -0.2764
vn -0.9475 -0.1702 -0.2706
vn -0.8499 -0.3883 -0.3561
vn -0.8505 -0.3926 -0.3500
vn -0.8312 -0.3385 -0.4411
vn -0.6689 -0.5203 -0.5309
vn -0.6683 -0.5822 -0.4630
vn -0.6685 -0.5882 -0.4550
vn -0.4609 -0.6865 -0.5624
vn -0.4648 -0.6925 -0.5518
vn -0.4721 -0.6270 -0.6197
vn -0.3250 -0.6504 -0.6866
vn -0.3139 -0.7024 -0.6388
vn -0.3236 -0.7081 -0.6275
vn -0.2041 -0.6768 -0.7073
vn -0.2122 -0.6825 -0.6994
vn -0.2198 -0.6303 -0.7446
vn -0.1178 -0.5799 -0.8061
vn -0.0908 -0.6241 -0.7760
vn -0.0927 -0.6294 -0.7715
vn 0.0068 -0.5542 -0.8324
vn 0.0105 -0.5592 -0.8290
vn -0.0355 -0.5097 -0.8596
vn 0.0236 -0.4248 -0.9050
vn 0.0801 -0.4694 -0.8793
vn 0.0873 -0.4753 -0.8755
vn 0.1412 -0.3511 -0.9256
vn 0.1522 -0.3565 -0.9218
vn 0.0709 -0.3129 -0.9471
vn -0.4027 0.6795 -0.6133
vn -0.3916 0.6994 -0.5979
vn -0.2216 0.6659 -0.7124
vn -0.2421 0.6488 -0.7214
vn -0.4325 0.6102 -0.6637
vn -0.2948 0.5833 -0.7568
vn -0.5645 0.5792 -0.5881
vn -0.5493 0.6480 -0.5276
vn -0.5427 0.6685 -0.5085
vn -0.6905 0.5667 -0.4496
vn -0.6891 0.5864 -0.4257
vn -0.6895 0.5008 -0.5232
vn -0.7738 0.4105 -0.4825
vn -0.7894 0.4704 -0.3944
vn -0.7927 0.4887 -0.3645
vn -0.8668 0.3517 -0.3535
vn -0.8744 0.3657 -0.3188
vn -0.8373 0.3034 -0.4548
vn -0.8875 0.1506 -0.4355
vn -0.9305 0.1784 -0.3198
vn -0.9421 0.1849 -0.2799
vn -0.9470 -0.0427 -0.3185
vn -0.9605 -0.0409 -0.2753
vn -0.8971 -0.0444 -0.4396
vn -0.8313 -0.2827 -0.4786
vn -0.8732 -0.3113 -0.3750
vn -0.8873 -0.3137 -0.3381
vn -0.7106 -0.5309 -0.4617
vn -0.7213 -0.5391 -0.4348
vn -0.6932 -0.4826 -0.5354
vn -0.5488 -0.5897 -0.5924
vn -0.5468 -0.6406 -0.5391
vn -0.5491 -0.6536 -0.5208
vn -0.3916 -0.6849 -0.6144
vn -0.3866 -0.7011 -0.5992
vn -0.4078 -0.6281 -0.6627
vn -0.2686 -0.6067 -0.7482
vn -0.2321 -0.6717 -0.7035
vn -0.2206 -0.6905 -0.6889
vn -0.0939 -0.6028 -0.7924
vn -0.0747 -0.6224 -0.7791
vn -0.1531 -0.5369 -0.8296
vn -0.0706 -0.4351 -0.8976
vn 0.0122 -0.4898 -0.8718
vn 0.0409 -0.5038 -0.8629
vn 0.1078 -0.3157 -0.9427
vn 0.1453 -0.3200 -0.9362
vn 0.0002 -0.2853 -0.9584
vn 0.0461 -0.0661 -0.9967
vn 0.1673 -0.0702 -0.9834
vn 0.2088 -0.0721 -0.9753
vn 0.1518 0.1786 -0.9721
vn 0.1931 0.1769 -0.9651
vn 0.0342 0.1585 -0.9868
vn -0.0297 0.3389 -0.9403
vn 0.0704 0.3789 -0.9228
vn 0.1076 0.3831 -0.9174
vn -0.0658 0.5419 -0.8378
vn -0.0352 0.5531 -0.8324
vn -0.1450 0.4879 -0.8608
vn 0.2112 -0.0154 -0.9773
vn 0.2324 -0.0136 -0.9725
vn 0.1385 -0.2959 -0.9451
vn 0.1276 -0.2863 -0.9496
vn 0.1138 -0.0184 -0.9933
vn 0.0653 -0.2557 -0.9646
vn 0.0979 0.2578 -0.9612
vn 0.2492 0.3088 -0.9179
vn 0.2871 0.3123 -0.9055
vn 0.1839 0.6247 -0.7589
vn 0.2438 0.6397 -0.7290
vn -0.0030 0.5084 -0.8611
vn -0.1624 0.6677 -0.7265
vn 0.0209 0.8412 -0.5404
vn 0.0895 0.8734 -0.4787
vn -0.1792 0.9209 -0.3461
vn -0.1114 0.9617 -0.2506
vn -0.3360 0.7243 -0.6020
vn -0.4969 0.6973 -0.5166
vn -0.3800 0.8945 -0.2356
vn -0.3178 0.9386 -0.1342
vn -0.5906 0.7857 -0.1839
vn -0.5489 0.8311 -0.0896
vn -0.6479 0.6076 -0.4594
vn -0.7870 0.4567 -0.4148
vn -0.7951 0.5858 -0.1569
vn -0.7822 0.6188 -0.0725
vn -0.9306 0.3301 -0.1582
vn -0.9345 0.3463 -0.0828
vn -0.8814 0.2614 -0.3934
vn -0.9129 0.0476 -0.4055
vn -0.9795 0.0536 -0.1941
vn -0.9905 0.0490 -0.1289
vn -0.9287 -0.2696 -0.2546
vn -0.9344 -0.2959 -0.1982
vn -0.8728 -0.2026 -0.4441
vn -0.7225 -0.4670 -0.5098
vn -0.7407 -0.5783 -0.3421
vn -0.7395 -0.6071 -0.2906
vn -0.5107 -0.7368 -0.4431
vn -0.5111 -0.7621 -0.3974
vn -0.5274 -0.6186 -0.5824
vn -0.3929 -0.6588 -0.6415
vn -0.3537 -0.7676 -0.5345
vn -0.3485 -0.7922 -0.5009
vn -0.2180 -0.7470 -0.6281
vn -0.2066 -0.7697 -0.6041
vn -0.2719 -0.6504 -0.7092
vn -0.1370 -0.5839 -0.8002
vn -0.0804 -0.6642 -0.7432
vn -0.0717 -0.6852 -0.7248
vn 0.0331 -0.5091 -0.8601
vn 0.0389 -0.5273 -0.8488
vn -0.0210 -0.4502 -0.8927
vn -0.2231 -0.8536 -0.4708
vn -0.2398 -0.8401 -0.4865
vn -0.4878 -0.7965 -0.3573
vn -0.4737 -0.8121 -0.3406
vn -0.2081 -0.8593 -0.4672
vn -0.4576 -0.8225 -0.3377
vn -0.0496 -0.8301 -0.5554
vn -0.0588 -0.8259 -0.5607
vn -0.0742 -0.8137 -0.5765
vn 0.1076 -0.7510 -0.6515
vn 0.0918 -0.7380 -0.6686
vn 0.1124 -0.7577 -0.6428
vn 0.3113 -0.5967 -0.7397
vn 0.3033 -0.5860 -0.7515
vn 0.2844 -0.5732 -0.7685
vn 0.4553 -0.3403 -0.8227
vn 0.4317 -0.3304 -0.8393
vn 0.4680 -0.3509 -0.8111
vn 0.5230 -0.0063 -0.8523
vn 0.5074 -0.0025 -0.8617
vn 0.4811 0.0002 -0.8767
vn 0.4007 0.3975 -0.8255
vn 0.3774 0.3894 -0.8402
vn 0.4159 0.4043 -0.8146
vn 0.1251 0.7444 -0.6559
vn 0.1137 0.7313 -0.6726
vn 0.0964 0.7148 -0.6926
vn -0.1867 0.8630 -0.4695
vn -0.1984 0.8459 -0.4951
vn -0.1789 0.8755 -0.4488
vn -0.3572 0.8728 -0.3327
vn -0.3638 0.8617 -0.3537
vn -0.3741 0.8455 -0.3810
vn -0.5261 0.8094 -0.2611
vn -0.5351 0.7939 -0.2887
vn -0.5193 0.8196 -0.2418
vn -0.7251 0.6781 -0.1197
vn -0.7332 0.6663 -0.1359
vn -0.7409 0.6513 -0.1638
vn -0.8911 0.4532 -0.0224
vn -0.8963 0.4405 -0.0512
vn -0.8850 0.4654 -0.0087
vn -0.9669 0.2515 0.0433
vn -0.9689 0.2456 0.0312
vn -0.9711 0.2388 0.0022
vn -0.9996 0.0058 0.0277
vn -1.0000 0.0054 0.0005
vn -0.9993 0.0046 0.0373
vn -0.9455 -0.3237 -0.0360
vn -0.9479 -0.3157 -0.0422
vn -0.9490 -0.3085 -0.0655
vn -0.7571 -0.6286 -0.1780
vn -0.7642 -0.6142 -0.1968
vn -0.7471 -0.6412 -0.1749
vn -0.1994 0.9171 -0.3451
vn -0.1984 0.9180 -0.3433
vn -0.2003 0.9164 -0.3467
vn -0.4557 0.4121 -0.7890
vn -0.4552 0.4145 -0.7881
vn -0.4546 0.4166 -0.7872
vn -0.1273 -0.0088 -0.9918
vn 0.0368 0.0007 -0.9993
vn 0.0204 -0.0765 -0.9969
vn -0.1400 -0.0574 -0.9885
vn -0.2500 -0.0146 -0.9681
vn -0.2632 -0.0475 -0.9636
vn -0.2411 -0.0058 -0.9705
vn -0.1156 0.0051 -0.9933
vn 0.0511 0.0249 -0.9984
vn -0.8421 0.0850 -0.5325
vn -0.9215 0.1620 -0.3529
vn -0.9330 0.1011 -0.3454
vn -0.8499 0.0230 -0.5265
vn -0.7380 0.0337 -0.6739
vn -0.7403 -0.0353 -0.6714
vn -0.7319 0.0425 -0.6801
vn -0.8294 0.0901 -0.5514
vn -0.9096 0.1653 -0.3812
vn -0.7619 -0.0694 -0.6439
vn -0.8552 -0.0886 -0.5107
vn -0.8819 0.0432 -0.4694
vn -0.7907 0.0147 -0.6121
vn -0.7073 -0.1744 -0.6851
vn -0.7825 -0.2591 -0.5662
vn -0.6239 -0.2735 -0.7321
vn -0.6547 -0.4092 -0.6356
vn -0.5365 -0.3351 -0.7745
vn -0.5265 -0.4863 -0.6974
vn -0.4587 -0.3611 -0.8119
vn -0.4163 -0.5124 -0.7511
vn -0.4828 -0.2368 -0.8431
vn -0.4282 -0.2367 -0.8722
vn -0.3839 -0.3606 -0.8500
vn -0.3128 -0.5054 -0.8042
vn -0.3040 -0.3285 -0.8942
vn -0.2067 -0.4574 -0.8649
vn -0.3647 -0.2153 -0.9059
vn -0.2989 -0.1886 -0.9355
vn -0.2220 -0.2517 -0.9420
vn -0.0967 -0.3491 -0.9321
vn -0.1645 -0.1449 -0.9757
vn -0.0150 -0.2022 -0.9792
vn -0.2829 -0.1130 -0.9525
vn -0.0329 -0.0212 -0.9992
vn -0.0426 -0.1329 -0.9902
vn -0.1672 -0.0181 -0.9858
vn -0.1974 -0.0815 -0.9769
vn -0.1309 0.0750 -0.9885
vn -0.0480 0.1085 -0.9929
vn -0.1017 0.2492 -0.9631
vn -0.1942 0.1552 -0.9686
vn -0.2593 0.3030 -0.9171
vn -0.2190 0.4166 -0.8823
vn -0.3698 0.5315 -0.7621
vn -0.3935 0.3053 -0.8671
vn -0.4946 0.2919 -0.8187
vn -0.4891 0.5532 -0.6744
vn -0.5816 0.5234 -0.6228
vn -0.5539 0.2624 -0.7901
vn -0.6092 0.2265 -0.7600
vn -0.6704 0.4637 -0.5793
vn -0.7378 0.3950 -0.5473
vn -0.6539 0.1967 -0.7306
vn -0.6921 0.1710 -0.7012
vn -0.7837 0.3305 -0.5260
vn -0.8224 0.2549 -0.5087
vn -0.7285 0.1378 -0.6711
vn -0.8521 0.1637 -0.4971
vn -0.8667 0.0550 -0.4957
vn -0.8539 -0.0863 -0.5132
vn -0.7928 -0.2465 -0.5575
vn -0.6680 -0.4030 -0.6257
vn -0.5011 -0.5037 -0.7037
vn -0.3706 -0.5267 -0.7650
vn -0.2816 -0.5072 -0.8146
vn -0.4212 -0.2653 -0.8673
vn -0.3594 -0.2310 -0.9042
vn -0.1994 -0.4572 -0.8667
vn -0.1387 -0.3907 -0.9100
vn -0.3081 -0.1950 -0.9311
vn -0.2656 -0.1603 -0.9507
vn -0.0972 -0.3169 -0.9435
vn -0.0642 -0.2282 -0.9715
vn -0.2279 -0.1185 -0.9665
vn -0.4790 0.4636 -0.7454
vn -0.3776 0.4576 -0.8050
vn -0.5132 0.2316 -0.8265
vn -0.4683 0.2457 -0.8487
vn -0.5562 0.2167 -0.8023
vn -0.5756 0.4365 -0.6915
vn -0.6664 0.3791 -0.6421
vn -0.5980 0.1965 -0.7770
vn -0.7289 0.3170 -0.6068
vn -0.7811 0.2375 -0.5775
vn -0.8215 0.1115 -0.5593
vn -0.8237 -0.0483 -0.5650
vn -0.7714 -0.2382 -0.5901
vn -0.6644 -0.4001 -0.6312
vn -0.5424 -0.4803 -0.6893
vn -0.4335 -0.4898 -0.7564
vn -0.4660 -0.2466 -0.8497
vn -0.4286 -0.2238 -0.8753
vn -0.3385 -0.4598 -0.8210
vn -0.2593 -0.4076 -0.8756
vn -0.3954 -0.2063 -0.8950
vn -0.3610 -0.1935 -0.9123
vn -0.1970 -0.3427 -0.9186
vn -0.1382 -0.2376 -0.9615
vn -0.2990 -0.1477 -0.9428
vn -0.2010 -0.0599 -0.9778
vn -0.0973 -0.0658 -0.9931
vn -0.1015 0.1187 -0.9877
vn -0.2438 0.0692 -0.9674
vn -0.2433 0.2053 -0.9480
vn -0.1502 0.2730 -0.9502
vn -0.2538 0.3952 -0.8828
vn -0.3751 0.2355 -0.8966
vn 0.0088 -0.0144 -0.9999
vn -0.0092 -0.2167 -0.9762
vn -0.0444 0.1995 -0.9789
vn -0.1579 0.3752 -0.9134
vn -0.2942 0.4712 -0.8315
vn -0.4265 0.4986 -0.7546
vn -0.4610 0.3906 -0.7968
vn -0.5562 0.3777 -0.7403
vn -0.5413 0.4753 -0.6936
vn -0.6401 0.4161 -0.6458
vn -0.6391 0.3328 -0.6934
vn -0.6977 0.2839 -0.6578
vn -0.7286 0.3219 -0.6046
vn -0.7934 0.1894 -0.5785
vn -0.7331 0.1787 -0.6563
vn -0.7510 0.0254 -0.6598
vn -0.8148 0.0344 -0.5787
vn -0.7847 -0.1425 -0.6032
vn -0.7158 -0.1395 -0.6842
vn -0.6560 -0.2841 -0.6993
vn -0.6793 -0.3435 -0.6485
vn -0.5372 -0.4779 -0.6950
vn -0.5657 -0.3531 -0.7452
vn -0.4718 -0.4065 -0.7825
vn -0.4309 -0.5279 -0.7319
vn -0.3275 -0.5335 -0.7798
vn -0.3845 -0.4228 -0.8206
vn -0.2734 -0.4078 -0.8712
vn -0.2012 -0.4906 -0.8479
vn -0.0847 -0.3845 -0.9192
vn -0.1525 -0.3201 -0.9350
vn -0.3867 -0.5041 -0.7722
vn -0.3019 -0.6997 -0.6475
vn -0.5022 -0.6503 -0.5700
vn -0.5233 -0.4546 -0.7208
vn -0.4436 -0.3579 -0.8217
vn -0.5251 -0.3511 -0.7752
vn -0.3655 -0.3450 -0.8645
vn -0.2889 -0.4960 -0.8189
vn -0.1723 -0.6856 -0.7073
vn -0.2032 -0.4496 -0.8698
vn -0.0468 -0.6296 -0.7755
vn -0.3030 -0.3066 -0.9023
vn -0.2377 -0.2379 -0.9418
vn -0.1012 -0.3575 -0.9284
vn 0.1091 -0.5002 -0.8590
vn -0.0188 -0.2129 -0.9769
vn 0.2300 -0.2960 -0.9271
vn -0.1783 -0.1296 -0.9754
vn -0.1368 -0.0158 -0.9905
vn -0.0010 -0.0161 -0.9999
vn 0.2604 -0.0130 -0.9654
vn -0.0741 0.2010 -0.9768
vn 0.1618 0.3116 -0.9363
vn -0.1954 0.1076 -0.9748
vn -0.2822 0.2572 -0.9242
vn -0.2161 0.3832 -0.8980
vn -0.0591 0.5832 -0.8102
vn -0.3703 0.4840 -0.7929
vn -0.2901 0.7047 -0.6474
vn -0.3996 0.3568 -0.8444
vn -0.5149 0.3586 -0.7786
vn -0.4950 0.4943 -0.7146
vn -0.4437 0.7151 -0.5402
vn -0.6015 0.4481 -0.6614
vn -0.5845 0.6663 -0.4630
vn -0.5947 0.3057 -0.7436
vn -0.6991 0.3654 -0.6146
vn -0.7419 0.5512 -0.3819
vn -0.7783 0.2475 -0.5770
vn -0.8698 0.3783 -0.3166
vn -0.8186 0.1068 -0.5643
vn -0.9368 0.1856 -0.2967
vn -0.8124 -0.0394 -0.5817
vn -0.9469 -0.0213 -0.3209
vn -0.7627 -0.1899 -0.6183
vn -0.8858 -0.2641 -0.3815
vn -0.6646 -0.3371 -0.6669
vn -0.7258 -0.4987 -0.4738
vn -0.6054 -0.2607 -0.7520
vn -0.6459 0.0107 -0.7633
vn -0.6452 -0.0618 -0.7615
vn -0.5701 -0.0750 -0.8181
vn -0.5717 -0.0013 -0.8205
vn -0.6453 0.0210 -0.7637
vn -0.5715 0.0096 -0.8205
vn -0.3739 -0.1203 -0.9196
vn -0.4420 -0.1358 -0.8867
vn -0.3587 -0.0515 -0.9320
vn -0.4352 -0.0599 -0.8983
vn -0.3446 -0.0178 -0.9386
vn -0.4266 -0.0179 -0.9042
vn -0.3379 -0.0088 -0.9411
vn -0.4229 -0.0063 -0.9062
vn -0.4941 -0.1383 -0.8583
vn -0.4987 -0.0594 -0.8647
vn -0.4999 -0.0134 -0.8660
vn -0.5699 -0.0026 -0.8217
vn -0.4998 0.0003 -0.8661
vn -0.5781 0.1904 -0.7934
vn -0.5105 0.2370 -0.8266
vn -0.4301 0.0479 -0.9015
vn -0.5004 0.0006 -0.8658
vn -0.4213 0.2715 -0.8653
vn -0.3395 0.1397 -0.9302
vn -0.5306 -0.2385 -0.8134
vn -0.4521 -0.2169 -0.8652
vn -0.3879 -0.1811 -0.9037
vn -0.3276 -0.1185 -0.9373
vn -0.2628 -0.0115 -0.9648
vn -0.5907 -0.0157 -0.8067
vn -0.5416 -0.0043 -0.8406
vn -0.4935 0.0002 -0.8698
vn -0.4475 0.0030 -0.8943
vn -0.4032 0.0134 -0.9150
vn -0.3664 0.0239 -0.9302
vn -0.2995 0.0681 -0.9517
vn -0.5059 0.0006 -0.8626
vn -0.5000 0.0003 -0.8660
vn -0.5277 0.0026 -0.8494
vn -0.5544 0.0067 -0.8322
vn -0.5430 0.0199 -0.8395
vn -0.5651 0.0110 -0.8250
vn -0.4054 0.0256 -0.9138
vn -0.4817 0.0047 -0.8763
vn -0.4928 0.0026 -0.8701
vn -0.5017 0.0007 -0.8651
vn -0.5107 -0.0041 -0.8597
vn -0.5006 0.0016 -0.8657
vn -0.5011 -0.0003 -0.8654
vn -0.5003 0.0022 -0.8659
vn -0.4996 0.0020 -0.8662
vn -0.4993 -0.0011 -0.8664
vn -0.4990 0.0013 -0.8666
vn -0.4985 -0.0010 -0.8669
vn -0.4997 -0.0010 -0.8662
vn -0.9285 0.0097 -0.3711
vn -0.9266 0.0003 -0.3760
vn -0.9994 0.0099 -0.0341
vn -0.9990 0.0017 -0.0442
vn -0.9987 0.0335 -0.0393
vn -0.9282 0.0378 -0.3701
vn -0.0927 -0.9822 -0.1631
vn -0.3669 -0.6758 -0.6392
vn -0.0805 -0.9868 -0.1406
vn -0.1083 -0.9757 -0.1907
vn -0.3823 -0.6394 -0.6671
vn -0.0754 -0.9886 -0.1305
vn -0.3466 -0.7208 -0.6003
vn -0.3466 -0.7207 -0.6004
vn -0.0755 -0.9885 -0.1307
vn -0.0754 -0.9886 -0.1306
vn 0.6180 -0.0000 -0.7862
vn -0.0612 -0.0000 -0.9981
vn 0.6181 -0.0000 -0.7861
vn 0.8662 -0.0000 -0.4998
vn 0.6183 -0.0000 -0.7859
vn -0.1402 -0.9598 -0.2432
vn -0.4162 -0.5538 -0.7212
vn -0.1420 -0.9588 -0.2461
vn -0.1366 -0.9619 -0.2370
vn -0.9285 0.0071 -0.3712
vn -0.7277 0.0120 -0.6858
vn -0.9251 0.0436 -0.3772
vn -0.9966 0.0039 -0.0818
vn -0.9956 0.0363 -0.0866
vn -0.9975 -0.0328 -0.0619
vn -0.9313 -0.0370 -0.3625
vn -0.7252 -0.0349 -0.6876
vn 0.6158 -0.0200 -0.7876
vn -0.0648 -0.0253 -0.9976
vn 0.6154 0.0002 -0.7882
vn 0.8659 -0.0125 -0.5001
vn 0.8662 0.0001 -0.4997
vn 0.8661 -0.0111 -0.4997
vn 0.6175 -0.0167 -0.7864
vn -0.0663 -0.0221 -0.9976
vn -0.9310 -0.0101 -0.3649
vn -0.9298 -0.0412 -0.3658
vn -0.9995 -0.0071 -0.0304
vn -0.9986 -0.0336 -0.0398
vn -0.9998 0.0011 -0.0210
vn -0.9323 0.0001 -0.3618
vn 0.6165 0.0242 -0.7870
vn 0.6172 0.0355 -0.7860
vn 0.8661 0.0153 -0.4996
vn 0.8659 0.0226 -0.4998
vn -0.9569 -0.0695 -0.2820
vn -0.6988 -0.0068 -0.7153
vn -0.6928 -0.0031 -0.7211
vn -0.9403 -0.0416 -0.3378
vn -0.9762 -0.0982 0.1934
vn -0.9966 -0.0594 0.0576
vn -0.9372 -0.0904 0.3369
vn -0.9748 -0.0662 -0.2132
vn 0.6185 -0.0170 -0.7856
vn -0.0599 -0.0217 -0.9980
vn 0.6187 -0.0164 -0.7854
vn 0.8659 -0.0108 -0.5000
vn 0.8660 -0.0105 -0.4999
vn 0.8661 -0.0076 -0.4997
vn 0.6186 -0.0119 -0.7856
vn -0.0761 -0.9883 -0.1321
vn -0.0767 -0.9882 -0.1325
vn -0.3487 -0.7173 -0.6032
vn -0.0840 -0.9861 -0.1433
vn -0.1059 -0.9771 -0.1847
vn -0.1175 -0.9718 -0.2045
vn -0.0976 -0.9806 -0.1698
vn -0.1046 -0.9775 -0.1830
vn -0.3826 -0.6408 -0.6656
vn -0.0969 -0.9809 -0.1689
vn -0.1190 -0.9708 -0.2083
vn -0.1286 -0.9662 -0.2235
vn -0.9855 -0.0276 -0.1676
vn -0.9113 -0.0357 0.4102
vn -0.9058 -0.0000 0.4237
vn -0.9874 -0.0017 -0.1580
vn 0.6049 0.1577 -0.7806
vn -0.0561 0.1091 -0.9924
vn -0.1273 0.3659 -0.9219
vn 0.3768 0.6634 -0.6465
vn 0.8541 0.1661 -0.4928
vn 0.6054 0.7152 -0.3493
vn -0.5119 0.8031 -0.3050
vn -0.5973 0.2744 -0.7536
vn -0.7460 0.1203 -0.6550
vn -0.9017 0.4065 -0.1472
vn -0.3325 0.9305 0.1536
vn -0.7973 0.4717 0.3766
vn -0.2637 0.8741 -0.4079
vn -0.5192 0.3144 -0.7947
vn -0.1928 0.9230 -0.3330
vn -0.4520 0.4306 -0.7812
vn -0.4545 0.4183 -0.7865
vn -0.1979 0.9185 -0.3422
vn -0.1871 0.9277 -0.3231
vn -0.4487 0.4445 -0.7753
vn -0.2017 0.9150 -0.3494
vn -0.4564 0.4076 -0.7909
vn -0.4563 0.4087 -0.7904
vn -0.2018 0.9149 -0.3495
vn -0.2020 0.9148 -0.3499
vn -0.4569 0.4059 -0.7915
vn -0.2017 0.9151 -0.3493
vn -0.4569 0.4069 -0.7910
vn -0.2011 0.9155 -0.3484
vn -0.2008 0.9158 -0.3478
vn -0.4559 0.4105 -0.7897
vn -0.4560 0.4105 -0.7897
vn -0.2010 0.9156 -0.3482
vn -0.2006 0.9160 -0.3474
vn -0.4558 0.4114 -0.7893
vn -0.2009 0.9157 -0.3479
vn -0.4560 0.4107 -0.7896
vn -0.2000 0.9165 -0.3463
vn -0.4555 0.4127 -0.7888
vn -0.1997 0.9167 -0.3460
vn -0.4554 0.4132 -0.7886
vn -0.0947 -0.9818 -0.1645
vn -0.9300 -0.0613 -0.3623
vn -0.7119 -0.0630 -0.6995
vn -0.9975 -0.0517 -0.0480
vn 0.6194 0.0014 -0.7851
vn 0.8661 0.0008 -0.4998
vn 0.8661 0.0132 -0.4997
vn 0.6200 0.0208 -0.7843
vn -0.9116 -0.2186 -0.3481
vn -0.6922 -0.1307 -0.7098
vn -0.5838 -0.4857 -0.6506
vn -0.6100 -0.7274 -0.3142
vn -0.9612 -0.2709 -0.0521
vn -0.5755 -0.8169 -0.0375
vn -0.9982 0.0010 -0.0595
vn -0.9240 0.0002 -0.3825
vn 0.6181 -0.0044 -0.7861
vn -0.0631 -0.0063 -0.9980
vn 0.8662 -0.0033 -0.4998
vn 0.6183 0.0345 -0.7852
vn 0.8659 0.0220 -0.4998
vn -0.0547 -0.9503 -0.3064
vn -0.3376 -0.5521 -0.7624
vn -0.1374 -0.4913 -0.8601
vn 0.3340 -0.7405 -0.5832
vn 0.0897 -0.9946 -0.0526
vn 0.5214 -0.7975 -0.3035
vn -0.1425 -0.9587 -0.2463
vn -0.4183 -0.5494 -0.7233
vn -0.1996 0.9169 -0.3456
vn -0.4553 0.4135 -0.7885
vn -0.1441 -0.9575 -0.2499
vn -0.1455 -0.9566 -0.2523
vn -0.9333 -0.0115 -0.3589
vn -0.6915 -0.0008 -0.7224
vn -0.9999 -0.0157 -0.0052
vn -0.1999 0.9165 -0.3464
vn -0.4553 0.4127 -0.7889
vn -0.2006 0.9159 -0.3476
vn -0.1992 0.9171 -0.3453
vn -0.4550 0.4145 -0.7882
vn -0.1040 -0.9791 -0.1750
vn -0.1317 -0.9665 -0.2204
vn -0.1852 -0.9420 -0.2799
vn -0.1541 -0.9508 -0.2687
vn -0.0230 -0.9997 -0.0045
vn -0.1889 -0.9814 -0.0341
vn -0.3326 -0.8970 -0.2912
vn 0.0051 -0.9997 -0.0245
vn 0.0419 -0.9789 -0.2001
vn 0.0204 -0.9708 -0.2391
vn 0.0031 -0.9996 -0.0290
vn 0.0053 -0.9997 -0.0224
vn 0.0441 -0.9824 -0.1816
vn -0.0149 -0.9989 -0.0444
vn -0.1053 -0.9471 -0.3032
vn -0.1390 -0.9436 -0.3006
vn -0.0211 -0.9987 -0.0458
vn -0.0085 -0.9991 -0.0408
vn -0.0666 -0.9536 -0.2938
vn -0.0022 -0.9993 -0.0361
vn -0.0236 -0.9608 -0.2763
vn -0.0329 -0.9993 -0.0184
vn -0.2577 -0.9538 -0.1544
vn -0.2420 -0.9665 -0.0860
vn -0.0287 -0.9995 -0.0096
vn -0.0363 -0.9989 -0.0307
vn -0.2524 -0.9414 -0.2236
vn -0.0258 -0.9987 -0.0443
vn -0.1673 -0.9422 -0.2903
vn -0.1979 -0.9385 -0.2831
vn -0.0303 -0.9986 -0.0431
vn -0.0362 -0.9985 -0.0411
vn -0.2295 -0.9355 -0.2686
vn -0.9255 0.0581 -0.3743
vn -0.9966 0.0502 -0.0648
vn -0.4916 0.2459 -0.8354
vn -0.5028 0.0067 -0.8644
vn -0.5840 0.0105 -0.8117
vn -0.5797 0.2440 -0.7775
vn -0.6624 0.2100 -0.7191
vn -0.6745 0.0168 -0.7380
vn -0.6269 -0.1843 -0.7570
vn -0.5346 -0.2294 -0.8134
vn -0.4590 -0.2443 -0.8542
vn -0.3728 -0.2403 -0.8963
vn -0.2579 -0.2185 -0.9411
vn -0.2223 -0.8299 -0.5117
vn -0.4639 -0.7915 -0.3979
vn -0.0726 -0.8037 -0.5906
vn 0.0788 -0.7372 -0.6711
vn 0.2692 -0.5849 -0.7651
vn 0.4208 -0.3465 -0.8384
vn 0.4704 -0.0088 -0.8824
vn 0.3629 0.3892 -0.8466
vn 0.0872 0.7181 -0.6905
vn -0.2021 0.8496 -0.4873
vn -0.3760 0.8501 -0.3687
vn -0.5345 0.7971 -0.2810
vn -0.7299 0.6617 -0.1714
vn -0.8863 0.4571 -0.0741
vn -0.9699 0.2413 -0.0330
vn -0.9988 -0.0035 -0.0490
vn -0.9402 -0.3171 -0.1246
vn -0.7442 -0.6177 -0.2541
vn -0.1103 0.0028 -0.9939
vn -0.1301 -0.1104 -0.9853
vn -0.1373 0.1118 -0.9842
vn -0.2137 0.2031 -0.9556
vn -0.3190 0.2693 -0.9087
vn -0.4088 0.3290 -0.8513
vn -0.4863 0.3596 -0.7964
vn -0.5521 0.3613 -0.7514
vn -0.6164 0.3334 -0.7134
vn -0.6758 0.2930 -0.6763
vn -0.7199 0.2448 -0.6495
vn -0.7506 0.1783 -0.6362
vn -0.7676 0.0983 -0.6334
vn -0.7608 0.0134 -0.6488
vn -0.7270 -0.0790 -0.6821
vn -0.6788 -0.1762 -0.7129
vn -0.6105 -0.2680 -0.7453
vn -0.5260 -0.3448 -0.7774
vn -0.4534 -0.3668 -0.8123
vn -0.3956 -0.3503 -0.8490
vn -0.3341 -0.3213 -0.8861
vn -0.2756 -0.2916 -0.9160
vn -0.2287 -0.2555 -0.9394
vn -0.1777 -0.2007 -0.9634
vn -0.4667 0.4469 -0.7632
vn -0.3569 0.4136 -0.8376
vn -0.5658 0.4254 -0.7063
vn -0.6594 0.3747 -0.6518
vn -0.7284 0.3161 -0.6079
vn -0.7779 0.2326 -0.5837
vn -0.8191 0.1163 -0.5617
vn -0.8277 -0.0258 -0.5606
vn -0.7737 -0.1882 -0.6050
vn -0.6790 -0.3312 -0.6552
vn -0.5735 -0.4121 -0.7080
vn -0.4695 -0.4468 -0.7615
vn -0.3626 -0.4383 -0.8224
vn -0.2649 -0.3959 -0.8792
vn -0.1901 -0.3146 -0.9300
vn -0.1285 -0.1948 -0.9724
vn -0.0925 -0.0445 -0.9947
vn -0.0974 0.1068 -0.9895
vn -0.1490 0.2353 -0.9604
vn -0.2391 0.3409 -0.9092
vn -0.1349 -0.0158 -0.9907
vn -0.1849 -0.1628 -0.9692
vn -0.1122 0.1536 -0.9817
vn -0.1337 0.3476 -0.9281
vn -0.2297 0.5134 -0.8268
vn -0.3662 0.6171 -0.6965
vn -0.5053 0.6086 -0.6119
vn -0.6420 0.5135 -0.5694
vn -0.7594 0.3565 -0.5443
vn -0.8263 0.1900 -0.5302
vn -0.8330 0.0144 -0.5530
vn -0.7880 -0.1664 -0.5927
vn -0.6924 -0.3305 -0.6413
vn -0.5724 -0.4393 -0.6923
vn -0.4714 -0.4677 -0.7477
vn -0.3805 -0.4543 -0.8055
vn -0.2974 -0.3966 -0.8685
vn -0.2325 -0.2972 -0.9261
vn -0.4159 -0.5059 -0.7558
vn -0.5642 -0.4560 -0.6883
vn -0.3112 -0.4980 -0.8094
vn -0.2153 -0.4440 -0.8698
vn -0.1065 -0.3405 -0.9342
vn -0.0161 -0.1966 -0.9804
vn -0.0034 0.0038 -1.0000
vn -0.0700 0.2242 -0.9720
vn -0.2334 0.3947 -0.8887
vn -0.3880 0.5044 -0.7714
vn -0.4944 0.5217 -0.6952
vn -0.5949 0.4798 -0.6449
vn -0.7179 0.3851 -0.5799
vn -0.8201 0.2673 -0.5059
vn -0.8709 0.1451 -0.4696
vn -0.8779 -0.0001 -0.4788
vn -0.8291 -0.1799 -0.5293
vn -0.7185 -0.3482 -0.6021
vn -0.4947 -0.0005 -0.8690
vn -0.4950 -0.0007 -0.8689
vn -0.4815 -0.0008 -0.8765
vn -0.4968 -0.0007 -0.8679
vn -0.4989 -0.0005 -0.8666
vn -0.4992 -0.0012 -0.8665
vn -0.9982 0.0107 0.0592
vn -0.9983 0.0281 0.0505
vn -0.9987 0.0040 0.0509
vn -0.9945 0.0050 0.1051
vn -0.9947 0.0106 0.1022
vn -0.9958 0.0227 0.0892
vn -0.0832 -0.9965 0.0036
vn -0.5438 -0.8390 0.0209
vn -0.0943 -0.9955 -0.0065
vn -0.0769 -0.9970 0.0085
vn -0.5214 -0.8515 0.0551
vn -1.0000 0.0061 -0.0056
vn -0.9995 -0.0282 0.0146
vn -0.9995 0.0317 -0.0083
vn -0.9989 0.0269 0.0393
vn -0.9995 0.0078 0.0321
vn -0.9987 -0.0237 0.0460
vn 0.9003 -0.0106 -0.4352
vn 0.9003 -0.0094 -0.4351
vn 0.9002 0.0001 -0.4355
vn 0.9349 0.0001 -0.3550
vn 0.9347 -0.0073 -0.3554
vn 0.9344 -0.0064 -0.3562
vn -0.9984 -0.0031 0.0568
vn -0.9975 0.0035 0.0701
vn -0.9987 -0.0293 0.0428
vn -0.9941 -0.0236 0.1063
vn -0.9915 0.0023 0.1299
vn -0.9896 0.0070 0.1436
vn 0.9001 0.0130 -0.4354
vn 0.8999 0.0192 -0.4356
vn 0.9340 0.0132 -0.3569
vn 0.9346 0.0089 -0.3555
vn -0.9421 -0.0717 0.3275
vn -0.8711 -0.0661 0.4867
vn -0.9848 -0.0430 0.1684
vn -0.9730 -0.0208 0.2297
vn -0.9309 -0.0358 0.3636
vn -0.8694 -0.0339 0.4929
vn 0.8997 -0.0092 -0.4363
vn 0.8995 -0.0065 -0.4368
vn 0.8999 -0.0089 -0.4359
vn 0.9339 -0.0061 -0.3575
vn 0.9335 -0.0063 -0.3586
vn 0.9331 -0.0044 -0.3597
vn -0.8142 0.0663 0.5769
vn -0.7156 0.4825 0.5051
vn -0.9033 0.0663 0.4240
vn -0.8154 -0.0000 0.5788
vn -0.8235 -0.0000 0.5673
vn -0.8224 0.0649 0.5652
vn -0.7240 0.4804 0.4950
vn 0.8999 -0.0041 -0.4361
vn 0.8660 -0.0048 -0.5000
vn 0.9001 -0.0000 -0.4357
vn 0.9342 -0.0000 -0.3569
vn 0.9341 -0.0028 -0.3570
vn 0.1461 0.9868 -0.0701
vn 0.6384 0.7050 -0.3090
vn 0.1341 0.9879 -0.0774
vn 0.1466 0.9876 -0.0557
vn 0.6555 0.7126 -0.2502
vn -0.9984 -0.0472 0.0309
vn -0.9963 -0.0420 0.0748
vn 0.8995 0.0007 -0.4369
vn 0.8996 0.0111 -0.4365
vn 0.9329 0.0005 -0.3601
vn 0.9331 0.0077 -0.3596
vn -0.9991 0.0025 0.0426
vn -0.9985 0.0012 -0.0544
vn -0.9992 0.0018 0.0387
vn -0.9945 0.0016 0.1046
vn -0.9945 0.0026 0.1050
vn 0.9002 -0.0028 -0.4355
vn 0.9342 -0.0019 -0.3567
vn 0.8997 0.0186 -0.4361
vn 0.9335 0.0129 -0.3585
vn -0.9958 -0.0104 0.0913
vn -0.9867 -0.0034 0.1623
vn -0.9990 0.0408 0.0189
vn -0.9975 0.0318 0.0637
vn -0.2820 -0.5509 -0.7855
vn -0.2003 -0.5588 -0.8047
vn -0.2328 -0.0877 -0.9686
vn -0.3325 -0.0931 -0.9385
vn -0.3533 -0.5447 -0.7606
vn -0.4194 -0.0907 -0.9033
vn -0.0962 -0.5678 -0.8175
vn 0.0400 -0.5810 -0.8129
vn 0.0649 -0.0489 -0.9967
vn -0.1033 -0.0710 -0.9921
vn -0.7206 -0.5119 -0.4676
vn -0.6279 -0.5120 -0.5862
vn -0.8018 -0.5077 -0.3153
vn -0.4202 -0.5388 -0.7301
vn -0.4979 -0.0846 -0.8631
vn -0.4851 -0.5270 -0.6978
vn -0.5503 -0.5155 -0.6568
vn 0.1538 -0.6027 -0.7830
vn 0.1859 -0.6240 -0.7590
vn 0.2384 -0.0391 -0.9704
vn 0.1960 -0.0382 -0.9799
vn -0.8370 -0.5135 -0.1893
vn -0.9652 0.1530 -0.2122
vn -0.8324 -0.5347 -0.1457
vn -0.2123 -0.9762 -0.0450
vn -0.2093 0.0136 -0.9777
vn -0.2224 -0.0416 -0.9741
vn -0.1982 0.0339 -0.9796
vn -0.7658 0.0889 -0.6370
vn -0.8054 -0.2210 -0.5500
vn -0.7540 0.1387 -0.6421
vn -0.7215 -0.0604 -0.6898
vn -0.7389 0.0313 -0.6731
vn -0.6722 -0.1582 -0.7233
vn -0.6059 -0.2461 -0.7565
vn -0.5354 -0.2867 -0.7944
vn -0.4711 -0.2960 -0.8309
vn -0.4123 -0.2902 -0.8636
vn -0.3559 -0.2602 -0.8976
vn -0.2995 -0.1935 -0.9343
vn -0.2470 -0.1163 -0.9620
vn -0.5002 -0.0001 -0.8659
vn -0.5007 -0.0006 -0.8656
vn -0.5333 -0.1081 -0.8390
vn -0.4958 -0.1191 -0.8602
vn -0.4402 -0.5987 -0.6691
vn -0.4927 -0.1700 -0.8534
vn -0.4927 -0.1702 -0.8534
vn -0.4996 -0.0040 -0.8663
vn -0.4981 -0.0871 -0.8628
vn -0.4930 -0.1676 -0.8537
vn -0.4922 -0.0844 -0.8664
vn -0.4436 -0.0704 -0.8935
vn -0.3597 -0.5016 -0.7868
vn -0.4125 -0.5511 -0.7253
vn -0.5064 0.0024 -0.8623
vn -0.5479 0.0184 -0.8364
vn 0.2152 0.0544 -0.9751
vn 0.1150 0.0444 -0.9924
vn 0.2355 0.0504 -0.9706
vn 0.2093 -0.0385 -0.9771
vn 0.1368 -0.0052 -0.9906
vn -0.9360 0.2249 -0.2709
vn -0.9057 0.2000 -0.3737
vn -0.9427 0.2194 -0.2514
vn -0.1072 -0.0056 -0.9942
vn 0.0615 0.0154 -0.9980
vn -0.2358 -0.0174 -0.9716
vn -0.8109 0.0694 -0.5811
vn -0.8954 0.1307 -0.4257
vn -0.7222 0.0307 -0.6910
vn -0.6428 0.0109 -0.7659
vn -0.3350 -0.0202 -0.9420
vn -0.4216 -0.0176 -0.9066
vn -0.4996 -0.0111 -0.8662
vn -0.9250 0.0003 -0.3800
vn -0.1944 -0.0147 -0.9808
vn -0.1251 -0.3199 -0.9392
vn -0.7469 0.1061 -0.6564
vn 0.1674 0.0132 -0.9858
vn 0.1841 0.0476 -0.9818
vn 0.1464 -0.0900 -0.9851
vn -0.9486 0.2309 -0.2167
vn -0.9402 0.2361 -0.2454
vn -0.9170 -0.1120 -0.3829
vn -0.8293 -0.3361 -0.4464
vn -0.9374 0.0658 -0.3420
vn -0.6674 -0.5208 -0.5322
vn -0.5089 -0.6022 -0.6151
vn -0.3751 -0.6221 -0.6872
vn -0.2518 -0.6085 -0.7525
vn -0.1276 -0.5513 -0.8245
vn 0.0031 -0.4209 -0.9071
vn 0.1025 -0.2444 -0.9642
vn -0.1407 -0.9528 -0.2689
vn -0.0955 -0.9082 -0.4076
vn -0.0250 -0.9997 -0.0054
vn 0.1060 -0.6168 -0.7800
vn -0.8082 -0.5338 -0.2488
vn 0.1945 0.0364 -0.9802
vn -0.9370 0.1882 -0.2943
vn -0.4983 -0.0831 -0.8630
vn -0.4983 -0.0848 -0.8628
vn -0.4199 -0.5434 -0.7269
vn 0.5997 -0.2226 -0.7686
vn -0.0494 -0.1570 -0.9864
vn 0.8402 -0.2396 -0.4865
vn 0.8729 -0.2407 -0.4243
vn 0.9057 -0.2446 -0.3463
vn 0.5592 -0.8010 -0.2136
vn 0.5502 -0.7911 -0.2671
vn -0.2050 0.9130 -0.3527
vn -0.4598 0.4043 -0.7907
vn -0.4757 0.3853 -0.7907
vn -0.2192 0.9050 -0.3645
vn -0.5038 0.0002 -0.8638
vn -0.5036 -0.0001 -0.8640
vn -0.5159 -0.0044 -0.8567
vn -0.5034 0.0004 -0.8641
vn -0.5170 -0.0073 -0.8560
vn -0.4859 0.0184 -0.8738
vn -0.4752 0.0104 -0.8798
vn -0.4990 0.0191 -0.8664
vn -0.4995 0.0547 -0.8646
vn -0.4994 0.0579 -0.8644
vn -0.4994 0.0520 -0.8648
vn -0.4712 -0.0002 -0.8820
vn -0.4503 -0.0058 -0.8929
vn -0.4477 -0.0001 -0.8942
vn -0.4558 -0.0197 -0.8898
vn -0.4576 -0.0225 -0.8889
vn -0.4416 -0.0191 -0.8970
vn -0.5108 0.0107 -0.8596
vn -0.4484 -0.0002 -0.8938
vn -0.4487 -0.0002 -0.8937
vn -0.0575 0.9174 -0.3938
vn -0.3533 0.4538 -0.8181
vn -0.1448 -0.9572 -0.2506
vn -0.4431 -0.0936 -0.8916
vn -0.0708 -0.9974 0.0128
vn -0.4993 -0.8620 0.0871
vn -0.0677 -0.9976 0.0160
vn -0.4844 -0.8676 0.1125
vn -0.9968 0.0071 0.0796
vn -0.9950 -0.0189 0.0985
vn -0.9957 0.0222 0.0902
vn -0.9931 0.0194 0.1159
vn -0.9919 0.0077 0.1268
vn 0.9465 -0.0051 -0.3228
vn 0.9464 -0.0044 -0.3231
vn 0.9464 -0.0006 -0.3229
vn 0.9635 -0.0039 -0.2676
vn 0.9639 -0.0075 -0.2660
vn 0.9643 -0.0058 -0.2646
vn 0.9462 0.0051 -0.3235
vn 0.9458 0.0083 -0.3246
vn 0.9633 0.0017 -0.2685
vn -0.8569 0.0629 0.5117
vn -0.7579 0.4733 0.4490
vn -0.8584 -0.0000 0.5130
vn -0.8785 -0.0000 0.4777
vn -0.8772 0.0611 0.4762
vn 0.9462 -0.0018 -0.3236
vn 0.9461 -0.0040 -0.3238
vn 0.9463 -0.0000 -0.3234
vn 0.9646 -0.0000 -0.2638
vn 0.9646 -0.0020 -0.2638
vn 0.1489 0.9876 -0.0506
vn 0.6653 0.7112 -0.2270
vn 0.1595 0.9863 -0.0431
vn 0.6890 0.7002 -0.1873
vn 0.9454 0.0012 -0.3258
vn 0.9454 0.0059 -0.3259
vn 0.9456 -0.0024 -0.3252
vn 0.9647 0.0060 -0.2633
vn 0.9463 -0.0013 -0.3233
vn 0.9645 -0.0017 -0.2640
vn -0.9567 0.0011 0.2911
vn -0.9443 -0.0079 0.3289
vn -0.9605 0.0114 0.2781
vn -0.9038 0.0032 0.4280
vn -0.9936 0.0257 0.1099
vn -0.9914 0.0182 0.1296
vn -0.9899 0.0210 0.1403
vn -0.9552 -0.2933 0.0390
vn -0.9453 -0.3098 0.1023
vn 0.9164 -0.2488 -0.3134
vn 0.5630 -0.8038 -0.1923
vn 0.9330 -0.2536 -0.2552
vn 0.5705 -0.8064 -0.1560
vn -0.2802 0.9394 0.1974
vn -0.2813 0.9407 0.1895
vn 0.0962 -0.9943 -0.0465
vn 0.0952 -0.9948 -0.0362
vn 0.9791 -0.0000 -0.2033
vn -0.8974 -0.3270 0.2963
vn -0.4792 -0.8630 0.1600
vn -0.9194 -0.3304 0.2133
vn 0.0932 -0.9955 -0.0194
vn 0.5683 -0.8143 -0.1181
vn 0.0954 -0.9951 -0.0261
vn -0.1979 0.9183 -0.3428
vn -0.1980 0.9182 -0.3430
vn -0.4544 0.4173 -0.7870
vn -0.4543 0.4172 -0.7871
vn -0.4993 0.0524 -0.8648
vn -0.4993 0.0521 -0.8648
vn -0.4993 0.0524 -0.8649
vn -0.1986 0.9176 -0.3443
vn -0.1984 0.9178 -0.3438
vn -0.4546 0.4161 -0.7875
vn -0.4547 0.4153 -0.7879
vn -0.1985 0.9178 -0.3439
vn -0.4545 0.4164 -0.7874
vn -0.4993 0.0522 -0.8649
vn -0.4993 0.0519 -0.8649
vn -0.4960 -0.1214 -0.8598
vn -0.1385 -0.9602 -0.2424
vn -0.5001 0.0011 -0.8660
vn -0.4956 -0.0002 -0.8685
vn -0.4966 -0.0025 -0.8679
vn -0.4981 -0.0035 -0.8671
vn -0.4977 -0.0012 -0.8673
vn -0.4989 0.0007 -0.8667
vn -0.4993 -0.0009 -0.8664
vn -0.5027 0.0009 -0.8645
vn -0.5024 0.0003 -0.8646
vn -0.5021 -0.0004 -0.8648
vn -0.5007 -0.0001 -0.8656
vn -0.5007 -0.0000 -0.8656
vn -0.5024 -0.0009 -0.8646
vn -0.5007 -0.0028 -0.8656
vn -0.4992 -0.0037 -0.8665
vn -0.4983 -0.0046 -0.8670
vn -0.4976 -0.0045 -0.8674
vn -0.4996 -0.0025 -0.8662
vn -0.5016 -0.0016 -0.8651
vn -0.9890 0.0082 0.1477
vn -0.9869 0.0035 0.1616
vn -0.9656 0.0100 0.2600
vn -0.9760 -0.0137 0.2174
vn -0.9156 -0.0140 0.4019
vn -0.8812 -0.0136 0.4725
vn -0.9877 -0.0326 0.1527
vn -0.9857 0.0013 0.1683
vn -0.9855 0.0006 0.1699
vn -0.9833 0.0128 0.1813
vn -0.9896 0.0182 0.1428
vn -0.8964 -0.0029 0.4432
vn -0.8792 -0.0027 0.4764
vn -0.9273 -0.0055 0.3742
vn -0.8978 -0.0000 0.4403
vn -0.8608 0.0044 0.5089
vn -0.9851 0.0145 0.1712
vn -0.9321 -0.3234 0.1629
vn 0.9459 -0.0041 -0.3244
vn 0.9455 0.0087 -0.3255
vn 0.9780 -0.0167 -0.2082
vn 0.9774 -0.0106 -0.2112
vn 0.9787 -0.0125 -0.2051
vn 0.9772 0.0004 -0.2125
vn 0.9688 0.1462 -0.2003
vn 0.9525 0.1588 -0.2600
vn 0.7155 0.6830 -0.1469
vn 0.9770 0.1351 -0.1650
vn 0.1737 0.9842 -0.0355
vn 0.9797 0.0159 -0.2001
vn 0.9790 -0.0037 -0.2036
vn 0.9453 -0.2609 -0.1960
vn 0.0952 -0.9949 -0.0324
vn 0.0008 0.0483 0.9988
vn 0.0002 0.0462 0.9989
vn 0.0024 0.3977 0.9175
vn 0.0015 0.0531 0.9986
vn -0.0000 0.0471 0.9989
vn -0.0001 0.0470 0.9989
vn 0.0001 0.0523 0.9986
vn 0.0001 0.0504 0.9987
vn 0.0005 0.0516 0.9987
vn 0.0583 0.0502 0.9970
vn 0.0001 0.0495 0.9988
vn -0.0001 0.0493 0.9988
vn -0.0000 0.0474 0.9989
vn 0.3980 -0.1405 0.9066
vn 0.5618 -0.0715 0.8242
vn -0.0001 0.0517 0.9987
vn -0.0100 0.0472 0.9988
vn -0.0964 0.0327 0.9948
vn 0.0095 -0.0017 1.0000
vn 0.0779 -0.0137 0.9969
vn -0.9151 -0.0859 0.3941
vn -0.8592 -0.0843 0.5047
vn 0.8782 -0.1477 0.4550
vn 0.8185 -0.1472 0.5553
vn -0.6529 -0.0008 0.7575
vn -0.4416 -0.0819 0.8935
vn 0.7042 -0.0072 0.7099
vn -0.2727 -0.1713 0.9467
vn -0.1419 -0.2336 0.9619
vn 0.0034 -0.2560 0.9667
vn -0.7608 0.0422 0.6477
vn -0.4439 0.0375 0.8953
vn 0.9154 -0.0080 0.4025
vn 0.0001 0.0528 0.9986
vn 0.0001 0.0538 0.9986
vn -0.0000 0.0545 0.9985
vn -0.0002 0.0530 0.9986
vn -0.0002 0.0508 0.9987
vn -0.9408 -0.0098 0.3388
vn 0.9886 0.1305 -0.0755
vn -0.5242 -0.0295 0.8511
vn 0.4681 -0.0824 0.8798
vn -0.8738 0.0305 0.4853
vn 0.9236 -0.0922 0.3721
vn -0.0001 0.0459 0.9989
vn -0.5985 0.0260 -0.8007
vn -0.7491 0.0276 -0.6619
vn -0.5494 0.0256 -0.8352
vn -0.4987 0.0487 -0.8654
vn -0.4990 0.0517 -0.8651
vn -0.4993 0.0463 -0.8652
vn -0.4437 0.0648 -0.8938
vn -0.4994 0.0507 -0.8649
vn -0.4994 0.0510 -0.8649
vn -0.4994 0.0508 -0.8649
vn -0.5000 0.0470 -0.8648
vn -0.5005 -0.0002 -0.8657
vn -0.9885 0.0524 -0.1418
vn 0.6173 -0.0072 -0.7867
vn -0.4992 0.0516 -0.8649
vn -0.4993 0.0514 -0.8649
vn -0.4993 0.0513 -0.8649
vn -0.4994 0.0512 -0.8649
vn -0.8256 -0.0260 0.5637
vn -0.8316 -0.0136 0.5552
vn 0.8876 0.1647 -0.4302
vn 0.9213 0.1653 -0.3521
vn -0.4994 0.0515 -0.8649
vn -0.4993 0.0516 -0.8649
vn -0.4993 0.0515 -0.8649
vn -0.5024 0.0503 -0.8632
vn -0.5161 0.0407 -0.8556
vn -0.4983 -0.0039 -0.8670
vn -0.8622 -0.0056 0.5065
vn 0.9333 0.1652 -0.3190
vn -0.4993 0.0520 -0.8649
vn -0.8965 0.0599 0.4390
vn 0.9791 -0.0042 -0.2031
vn -0.0097 0.0090 0.9999
vn -0.0037 0.0069 1.0000
vn -0.0157 0.0056 0.9999
vn -0.0180 -0.0000 0.9998
vn -0.0589 0.0163 0.9981
vn -0.0059 -0.0073 1.0000
vn -0.0006 0.0021 1.0000
vn -0.2338 0.0021 0.9723
vn -0.1998 -0.0294 0.9794
vn -0.0852 0.0042 0.9964
vn -0.0764 -0.0096 0.9970
vn -0.1491 -0.0462 0.9877
vn -0.0804 -0.0140 0.9967
vn -0.0798 -0.9706 0.2272
vn 0.0017 0.9135 0.4068
vn -0.0000 -0.1679 0.9858
vn -0.5015 0.0035 -0.8651
vn -0.5090 0.0142 -0.8606
vn -0.5248 0.0229 -0.8509
vn -0.5008 -0.0046 -0.8656
vn -0.5307 -0.0075 -0.8475
vn -0.5364 -0.0146 -0.8438
vn -0.5367 0.0037 -0.8438
vn -0.5397 0.0128 -0.8418
vn -0.5730 -0.0571 -0.8176
vn -0.5937 -0.0301 -0.8041
vn -0.5474 0.0180 -0.8367
vn -0.5976 0.0131 -0.8017
vn -0.2309 -0.9418 -0.2443
vn -0.2452 0.8891 -0.3864
vn -0.5017 0.3512 -0.7906
vn -0.4946 -0.1395 -0.8578
vn -0.2981 0.9386 0.1736
vn -0.0677 -0.9975 0.0225
vn -0.1211 0.0474 0.9915
vn -0.5379 0.0292 -0.8425
vt 0.052743 0.609001
vt 0.052041 0.624574
vt 0.050566 0.624578
vt 0.051299 0.609006
vt 0.053446 0.595023
vt 0.052033 0.595026
vt 0.058161 0.595019
vt 0.057573 0.608997
vt 0.056987 0.624568
vt 0.169337 0.608845
vt 0.169205 0.624415
vt 0.145603 0.624449
vt 0.145629 0.608880
vt 0.169367 0.594869
vt 0.145621 0.594903
vt 0.190052 0.594838
vt 0.190061 0.608815
vt 0.189731 0.624385
vt 0.844521 0.027285
vt 0.840468 0.027747
vt 0.840039 0.021512
vt 0.844868 0.021827
vt 0.848779 0.027709
vt 0.849926 0.022671
vt 0.848374 0.031484
vt 0.845135 0.032223
vt 0.841318 0.033537
vt 0.811848 0.096816
vt 0.810474 0.096698
vt 0.811130 0.093733
vt 0.812604 0.094661
vt 0.813668 0.096909
vt 0.814092 0.095415
vt 0.814170 0.098314
vt 0.812715 0.098909
vt 0.811180 0.099624
vt 0.051822 0.640147
vt 0.052084 0.655692
vt 0.050609 0.655693
vt 0.050336 0.640149
vt 0.056805 0.640141
vt 0.057030 0.655685
vt 0.053809 0.735510
vt 0.054120 0.750607
vt 0.053364 0.750697
vt 0.052937 0.735443
vt 0.053545 0.719388
vt 0.052493 0.719208
vt 0.057236 0.720218
vt 0.056379 0.735801
vt 0.056203 0.750286
vt 0.176251 0.737865
vt 0.166738 0.741222
vt 0.161983 0.728667
vt 0.172179 0.726156
vt 0.183669 0.735213
vt 0.180313 0.724800
vt 0.190491 0.744298
vt 0.182548 0.747550
vt 0.172090 0.751889
vt 0.479380 0.781678
vt 0.474694 0.791132
vt 0.467508 0.788953
vt 0.472044 0.781972
vt 0.479907 0.769553
vt 0.473090 0.773177
vt 0.488805 0.765256
vt 0.488777 0.781120
vt 0.484269 0.793848
vt 0.109186 0.574214
vt 0.086053 0.574246
vt 0.084796 0.573654
vt 0.104235 0.573627
vt 0.135693 0.574176
vt 0.128268 0.573594
vt 0.143123 0.577026
vt 0.114140 0.577067
vt 0.087295 0.577104
vt 0.115846 0.640063
vt 0.087558 0.640101
vt 0.087571 0.624529
vt 0.115850 0.624491
vt 0.145510 0.640022
vt 0.145849 0.656034
vt 0.115833 0.655648
vt 0.087599 0.655656
vt 0.113679 0.701882
vt 0.091950 0.702213
vt 0.088823 0.686682
vt 0.115279 0.686720
vt 0.133101 0.706915
vt 0.146122 0.691324
vt 0.126234 0.717987
vt 0.112030 0.713450
vt 0.096824 0.712935
vt 0.750012 0.048644
vt 0.745672 0.049466
vt 0.745356 0.044035
vt 0.749961 0.044174
vt 0.755182 0.048406
vt 0.755332 0.044379
vt 0.755415 0.051738
vt 0.751329 0.053142
vt 0.746875 0.055104
vt 0.250163 0.573997
vt 0.230173 0.574034
vt 0.230170 0.573441
vt 0.250226 0.573403
vt 0.265392 0.573961
vt 0.265525 0.573369
vt 0.265116 0.576818
vt 0.250069 0.576857
vt 0.230249 0.576894
vt 0.653178 0.050315
vt 0.650629 0.049432
vt 0.653223 0.042540
vt 0.655606 0.045420
vt 0.656378 0.050911
vt 0.657821 0.047563
vt 0.656389 0.054218
vt 0.653230 0.055386
vt 0.649835 0.056424
vt 0.402326 0.574133
vt 0.390459 0.574036
vt 0.390459 0.573279
vt 0.402328 0.573296
vt 0.414232 0.574272
vt 0.414217 0.573324
vt 0.414306 0.579006
vt 0.402315 0.578286
vt 0.390463 0.577772
vt 0.401865 0.775882
vt 0.388873 0.780174
vt 0.389408 0.765914
vt 0.402884 0.764193
vt 0.409893 0.771992
vt 0.411448 0.762739
vt 0.411990 0.781037
vt 0.404592 0.786866
vt 0.392008 0.796229
vt 0.349949 0.573942
vt 0.339217 0.573867
vt 0.338924 0.573259
vt 0.349777 0.573278
vt 0.363817 0.574007
vt 0.363770 0.573289
vt 0.364002 0.577549
vt 0.350593 0.577212
vt 0.340308 0.576852
vt 0.552307 0.048272
vt 0.548600 0.045128
vt 0.551322 0.040404
vt 0.555012 0.044271
vt 0.556903 0.051295
vt 0.558285 0.047523
vt 0.555536 0.055173
vt 0.550582 0.052002
vt 0.546381 0.049225
vt 0.427336 0.574418
vt 0.427267 0.573353
vt 0.440825 0.574515
vt 0.440741 0.573368
vt 0.441257 0.580292
vt 0.427693 0.579766
vt 0.431813 0.635784
vt 0.426357 0.636929
vt 0.425007 0.627076
vt 0.431446 0.627132
vt 0.437269 0.634584
vt 0.437883 0.627307
vt 0.437867 0.641795
vt 0.431570 0.643994
vt 0.425269 0.645978
vt 0.200846 0.061825
vt 0.198198 0.063039
vt 0.197166 0.060937
vt 0.199112 0.059512
vt 0.202856 0.060714
vt 0.201142 0.057957
vt 0.203782 0.063086
vt 0.201648 0.063850
vt 0.199213 0.065407
vt 0.053757 0.816109
vt 0.052537 0.816594
vt 0.052740 0.808690
vt 0.054113 0.807970
vt 0.057719 0.814238
vt 0.058651 0.805181
vt 0.056355 0.819870
vt 0.053413 0.820471
vt 0.052455 0.820632
vt 0.125745 0.808202
vt 0.110787 0.807791
vt 0.110632 0.798224
vt 0.123273 0.798924
vt 0.139821 0.806742
vt 0.134922 0.797116
vt 0.143561 0.817469
vt 0.128389 0.817858
vt 0.110994 0.817747
vt 0.328624 0.812228
vt 0.312851 0.813216
vt 0.312710 0.804686
vt 0.328152 0.801351
vt 0.349420 0.810952
vt 0.349282 0.799599
vt 0.349283 0.818529
vt 0.328041 0.818957
vt 0.311864 0.819290
vt 0.438696 0.801482
vt 0.424729 0.799202
vt 0.427492 0.793110
vt 0.438230 0.795645
vt 0.452849 0.801040
vt 0.449302 0.795786
vt 0.457694 0.807458
vt 0.439650 0.808461
vt 0.422192 0.806693
vt 0.543687 0.707818
vt 0.544249 0.692486
vt 0.546199 0.692501
vt 0.545637 0.707813
vt 0.542965 0.722332
vt 0.544914 0.722289
vt 0.536847 0.722488
vt 0.537385 0.707832
vt 0.537246 0.692322
vt 0.412787 0.794484
vt 0.418301 0.788159
vt 0.407501 0.802791
vt 0.408711 0.734096
vt 0.408646 0.744988
vt 0.393109 0.743148
vt 0.394851 0.732777
vt 0.408521 0.721768
vt 0.396725 0.721496
vt 0.421593 0.722002
vt 0.422527 0.735077
vt 0.424028 0.747223
vt 0.543006 0.817266
vt 0.542855 0.807791
vt 0.544806 0.808170
vt 0.544958 0.817397
vt 0.542993 0.819500
vt 0.544951 0.819314
vt 0.536902 0.819531
vt 0.536907 0.816349
vt 0.536789 0.806306
vt 0.377472 0.574016
vt 0.377468 0.573282
vt 0.377492 0.577631
vt 0.389856 0.708130
vt 0.383301 0.708176
vt 0.383194 0.691387
vt 0.392477 0.692998
vt 0.399174 0.708031
vt 0.402606 0.692971
vt 0.386612 0.721318
vt 0.379389 0.721049
vt 0.370409 0.782648
vt 0.348531 0.784011
vt 0.350997 0.767008
vt 0.371033 0.766856
vt 0.370447 0.797792
vt 0.370471 0.809715
vt 0.389856 0.809528
vt 0.389841 0.818039
vt 0.370484 0.818117
vt 0.337791 0.750000
vt 0.341011 0.738265
vt 0.358845 0.738152
vt 0.354360 0.751714
vt 0.332543 0.766357
vt 0.317337 0.761972
vt 0.322903 0.746582
vt 0.326573 0.734213
vt 0.435679 0.735375
vt 0.435536 0.722064
vt 0.449701 0.722171
vt 0.448207 0.735858
vt 0.436581 0.745373
vt 0.447235 0.746222
vt 0.542311 0.736880
vt 0.544260 0.736720
vt 0.542012 0.755783
vt 0.543962 0.755624
vt 0.536113 0.756357
vt 0.536344 0.737456
vt 0.410476 0.707988
vt 0.414686 0.692649
vt 0.427849 0.692459
vt 0.423365 0.707973
vt 0.309316 0.740197
vt 0.303074 0.756308
vt 0.288904 0.750621
vt 0.295439 0.734034
vt 0.314035 0.726521
vt 0.301326 0.714950
vt 0.381567 0.731461
vt 0.376451 0.741153
vt 0.371640 0.730217
vt 0.053672 0.584230
vt 0.052269 0.584231
vt 0.053666 0.577143
vt 0.052263 0.577139
vt 0.058344 0.577140
vt 0.058350 0.584227
vt 0.169367 0.584076
vt 0.145609 0.584110
vt 0.167706 0.576990
vt 0.189527 0.576959
vt 0.189998 0.584045
vt 0.479619 0.574526
vt 0.466740 0.574483
vt 0.466916 0.573339
vt 0.479934 0.573340
vt 0.495246 0.574568
vt 0.495602 0.573339
vt 0.493130 0.580991
vt 0.478010 0.580506
vt 0.465840 0.580244
vt 0.115836 0.608922
vt 0.115816 0.594945
vt 0.087637 0.608960
vt 0.087704 0.594984
vt 0.251815 0.606192
vt 0.250184 0.594110
vt 0.264658 0.593556
vt 0.267093 0.604149
vt 0.256993 0.618548
vt 0.272675 0.614106
vt 0.233836 0.625883
vt 0.231577 0.608118
vt 0.230845 0.594617
vt 0.350385 0.607126
vt 0.352772 0.596029
vt 0.363900 0.598171
vt 0.356578 0.609482
vt 0.345747 0.618616
vt 0.352801 0.624068
vt 0.340165 0.614801
vt 0.344185 0.604826
vt 0.345059 0.594198
vt 0.430684 0.618640
vt 0.429677 0.608029
vt 0.444032 0.611975
vt 0.439698 0.620443
vt 0.421660 0.617159
vt 0.414810 0.605257
vt 0.607966 0.125027
vt 0.605188 0.122641
vt 0.607241 0.119371
vt 0.609862 0.122122
vt 0.610940 0.127205
vt 0.611729 0.124498
vt 0.609737 0.130425
vt 0.606318 0.128162
vt 0.603202 0.126007
vt 0.437442 0.707956
vt 0.441229 0.692829
vt 0.454282 0.693361
vt 0.451772 0.707940
vt 0.375021 0.668054
vt 0.375355 0.657463
vt 0.386408 0.662299
vt 0.385121 0.674549
vt 0.374566 0.678540
vt 0.365355 0.668904
vt 0.365520 0.659290
vt 0.365712 0.649704
vt 0.356784 0.650014
vt 0.355534 0.661385
vt 0.348306 0.640371
vt 0.342696 0.655384
vt 0.358197 0.638831
vt 0.395655 0.677020
vt 0.398153 0.664405
vt 0.412405 0.662110
vt 0.407432 0.676906
vt 0.486801 0.680088
vt 0.476729 0.680291
vt 0.474963 0.670142
vt 0.482772 0.669805
vt 0.498910 0.678027
vt 0.490441 0.667693
vt 0.504803 0.693164
vt 0.490845 0.693692
vt 0.478433 0.693754
vt 0.319761 0.643341
vt 0.331158 0.639762
vt 0.327578 0.657027
vt 0.307052 0.647012
vt 0.314886 0.660871
vt 0.297043 0.629187
vt 0.311999 0.629675
vt 0.323047 0.628004
vt 0.516228 0.622613
vt 0.497956 0.630643
vt 0.494315 0.623947
vt 0.513276 0.612659
vt 0.534870 0.614391
vt 0.534121 0.603402
vt 0.535370 0.626203
vt 0.517604 0.632020
vt 0.500183 0.637680
vt 0.518441 0.643483
vt 0.501187 0.645926
vt 0.536027 0.640939
vt 0.536319 0.657501
vt 0.517810 0.657079
vt 0.500533 0.654652
vt 0.523671 0.781575
vt 0.509247 0.780536
vt 0.509311 0.759581
vt 0.523587 0.757658
vt 0.536394 0.782810
vt 0.523771 0.802877
vt 0.508200 0.799158
vt 0.492460 0.707894
vt 0.507126 0.707876
vt 0.507781 0.723285
vt 0.493556 0.723787
vt 0.478831 0.707909
vt 0.478468 0.725931
vt 0.465349 0.797588
vt 0.474144 0.803047
vt 0.459494 0.793556
vt 0.460153 0.737391
vt 0.470135 0.742845
vt 0.465127 0.754238
vt 0.457039 0.748889
vt 0.463441 0.722542
vt 0.465418 0.707924
vt 0.466464 0.693656
vt 0.466962 0.679859
vt 0.457096 0.678634
vt 0.459453 0.667248
vt 0.467201 0.669382
vt 0.453526 0.594695
vt 0.463611 0.594521
vt 0.461433 0.608733
vt 0.453367 0.609003
vt 0.442328 0.594608
vt 0.453781 0.580312
vt 0.544424 0.675487
vt 0.544212 0.657653
vt 0.546162 0.657665
vt 0.546374 0.675557
vt 0.535721 0.674790
vt 0.446729 0.676458
vt 0.435052 0.674928
vt 0.442924 0.657383
vt 0.451683 0.663461
vt 0.421259 0.675642
vt 0.427446 0.660602
vt 0.430499 0.651160
vt 0.421302 0.653487
vt 0.439691 0.648458
vt 0.507709 0.599549
vt 0.489071 0.616723
vt 0.487735 0.597028
vt 0.479265 0.612782
vt 0.514037 0.581592
vt 0.532716 0.591132
vt 0.534286 0.579425
vt 0.061264 0.761618
vt 0.061007 0.749544
vt 0.065939 0.748866
vt 0.066243 0.760067
vt 0.063178 0.773573
vt 0.069366 0.770840
vt 0.057039 0.776265
vt 0.056407 0.763168
vt 0.073046 0.706565
vt 0.082964 0.716820
vt 0.066018 0.722207
vt 0.073805 0.726214
vt 0.059152 0.704030
vt 0.070097 0.687738
vt 0.058448 0.687116
vt 0.169508 0.711243
vt 0.156376 0.711947
vt 0.170027 0.694599
vt 0.180351 0.713039
vt 0.183907 0.701314
vt 0.066845 0.786294
vt 0.075486 0.781178
vt 0.069116 0.798757
vt 0.084110 0.791633
vt 0.058109 0.791396
vt 0.153056 0.802570
vt 0.144763 0.792005
vt 0.150651 0.782193
vt 0.158997 0.787758
vt 0.167232 0.806950
vt 0.170416 0.794516
vt 0.168156 0.817516
vt 0.156043 0.816401
vt 0.267975 0.629536
vt 0.251175 0.641137
vt 0.282336 0.621860
vt 0.281599 0.641440
vt 0.265988 0.655273
vt 0.044023 0.097819
vt 0.052292 0.099190
vt 0.052000 0.100970
vt 0.043514 0.099538
vt 0.036211 0.095850
vt 0.035575 0.097519
vt 0.037387 0.092602
vt 0.044963 0.094502
vt 0.052827 0.095772
vt 0.168898 0.639988
vt 0.188767 0.639959
vt 0.170358 0.657203
vt 0.189817 0.656095
vt 0.191897 0.756388
vt 0.200853 0.752077
vt 0.201603 0.764960
vt 0.215292 0.759106
vt 0.189153 0.772145
vt 0.179486 0.762945
vt 0.476773 0.755088
vt 0.470631 0.763133
vt 0.485491 0.746648
vt 0.234386 0.766385
vt 0.237754 0.773772
vt 0.225722 0.781256
vt 0.221760 0.769939
vt 0.231141 0.758944
vt 0.244047 0.756269
vt 0.248238 0.762770
vt 0.250133 0.769846
vt 0.296354 0.768779
vt 0.310070 0.775914
vt 0.301522 0.784463
vt 0.290983 0.777019
vt 0.281959 0.763167
vt 0.278463 0.771591
vt 0.325293 0.784971
vt 0.309842 0.793634
vt 0.264700 0.758678
vt 0.264197 0.768471
vt 0.255987 0.751244
vt 0.273979 0.746166
vt 0.263592 0.742076
vt 0.279681 0.731283
vt 0.266844 0.730464
vt 0.266418 0.718646
vt 0.281653 0.716432
vt 0.188408 0.788895
vt 0.199037 0.792837
vt 0.195287 0.802928
vt 0.182737 0.799670
vt 0.177633 0.781926
vt 0.197401 0.779653
vt 0.203078 0.785206
vt 0.165734 0.771856
vt 0.154077 0.770651
vt 0.161297 0.756816
vt 0.152635 0.758586
vt 0.157226 0.744578
vt 0.149797 0.747204
vt 0.144852 0.736424
vt 0.152245 0.732678
vt 0.145080 0.718652
vt 0.137086 0.726165
vt 0.208975 0.773848
vt 0.212457 0.783365
vt 0.181654 0.822961
vt 0.195605 0.823049
vt 0.195770 0.824979
vt 0.181732 0.824967
vt 0.168630 0.822878
vt 0.168818 0.824957
vt 0.181471 0.818408
vt 0.195252 0.818999
vt 0.210495 0.793827
vt 0.219667 0.793584
vt 0.216590 0.804035
vt 0.207388 0.804000
vt 0.207440 0.812655
vt 0.194585 0.811971
vt 0.217132 0.812733
vt 0.219033 0.819228
vt 0.208760 0.819208
vt 0.207875 0.639929
vt 0.207445 0.655804
vt 0.210251 0.624353
vt 0.224936 0.643965
vt 0.219804 0.656088
vt 0.210900 0.608782
vt 0.210673 0.594807
vt 0.210423 0.584014
vt 0.230438 0.583982
vt 0.210221 0.576927
vt 0.279738 0.704020
vt 0.273700 0.693067
vt 0.295163 0.683298
vt 0.296524 0.699301
vt 0.262992 0.708860
vt 0.256960 0.700522
vt 0.238663 0.656131
vt 0.226972 0.668512
vt 0.250853 0.670864
vt 0.235755 0.685749
vt 0.339579 0.630508
vt 0.332778 0.622786
vt 0.270037 0.583824
vt 0.270237 0.593223
vt 0.264436 0.583897
vt 0.270826 0.576784
vt 0.271640 0.576780
vt 0.270899 0.583772
vt 0.271120 0.593055
vt 0.334971 0.573838
vt 0.334645 0.573252
vt 0.336189 0.576710
vt 0.335385 0.576703
vt 0.334194 0.573856
vt 0.333872 0.573283
vt 0.341374 0.603740
vt 0.341716 0.593428
vt 0.337666 0.613029
vt 0.336921 0.612445
vt 0.340503 0.603366
vt 0.340812 0.593246
vt 0.330076 0.619565
vt 0.320144 0.623340
vt 0.319911 0.622468
vt 0.329567 0.618807
vt 0.309416 0.624348
vt 0.298381 0.622733
vt 0.298613 0.621864
vt 0.309421 0.623443
vt 0.287528 0.618639
vt 0.278488 0.612097
vt 0.279173 0.611478
vt 0.288002 0.617863
vt 0.272889 0.603136
vt 0.273712 0.602750
vt 0.439923 0.634187
vt 0.440778 0.640852
vt 0.440825 0.627605
vt 0.441747 0.627883
vt 0.440891 0.634191
vt 0.441720 0.640608
vt 0.443383 0.621540
vt 0.447619 0.616898
vt 0.448191 0.617716
vt 0.444171 0.622114
vt 0.453554 0.614581
vt 0.460685 0.614301
vt 0.460663 0.615264
vt 0.453833 0.615517
vt 0.468507 0.615769
vt 0.470059 0.610056
vt 0.476045 0.618770
vt 0.475585 0.619623
vt 0.468243 0.616699
vt 0.482322 0.623090
vt 0.487346 0.628233
vt 0.486593 0.628837
vt 0.481702 0.623832
vt 0.491123 0.633703
vt 0.493569 0.639780
vt 0.492632 0.640025
vt 0.490262 0.634147
vt 0.494600 0.646740
vt 0.493973 0.653598
vt 0.493046 0.653313
vt 0.493630 0.646738
vt 0.491448 0.659368
vt 0.497784 0.663127
vt 0.487147 0.663530
vt 0.486602 0.662699
vt 0.490673 0.658781
vt 0.481197 0.665565
vt 0.474379 0.665929
vt 0.474383 0.664968
vt 0.480928 0.664625
vt 0.467475 0.665077
vt 0.460590 0.662693
vt 0.460997 0.661812
vt 0.467697 0.664135
vt 0.453832 0.658458
vt 0.447900 0.653055
vt 0.448626 0.652420
vt 0.454408 0.657681
vt 0.443493 0.647163
vt 0.444347 0.646707
vt 0.122342 0.794997
vt 0.132949 0.793131
vt 0.110687 0.794212
vt 0.110810 0.793259
vt 0.122217 0.794030
vt 0.132556 0.792232
vt 0.099072 0.791516
vt 0.097813 0.795813
vt 0.088253 0.786539
vt 0.088781 0.785726
vt 0.099408 0.790607
vt 0.078987 0.778913
vt 0.072178 0.769556
vt 0.073048 0.769123
vt 0.079704 0.778263
vt 0.068720 0.759397
vt 0.068407 0.748728
vt 0.069365 0.748830
vt 0.069671 0.759219
vt 0.071056 0.737835
vt 0.068294 0.737238
vt 0.077025 0.728118
vt 0.077747 0.728778
vt 0.071943 0.738229
vt 0.086661 0.720979
vt 0.098566 0.717342
vt 0.098702 0.718307
vt 0.087113 0.721837
vt 0.111339 0.718132
vt 0.123574 0.722423
vt 0.123144 0.723286
vt 0.111176 0.719088
vt 0.133860 0.729289
vt 0.141686 0.738136
vt 0.140874 0.738672
vt 0.133211 0.730007
vt 0.146536 0.748368
vt 0.148923 0.759267
vt 0.147968 0.759370
vt 0.145626 0.748702
vt 0.149360 0.770112
vt 0.147107 0.779962
vt 0.146224 0.779527
vt 0.148399 0.769952
vt 0.141420 0.787877
vt 0.140751 0.787176
vt 0.220603 0.690289
vt 0.207314 0.691200
vt 0.204184 0.686132
vt 0.218628 0.685156
vt 0.233640 0.692575
vt 0.233330 0.693493
vt 0.220579 0.691258
vt 0.207599 0.692134
vt 0.243398 0.697241
vt 0.248715 0.693053
vt 0.250780 0.703581
vt 0.250084 0.704246
vt 0.242872 0.698054
vt 0.256685 0.710891
vt 0.260529 0.719590
vt 0.259592 0.719829
vt 0.255845 0.711375
vt 0.261727 0.730100
vt 0.259362 0.740318
vt 0.258474 0.739862
vt 0.260759 0.729995
vt 0.252517 0.748142
vt 0.242346 0.753327
vt 0.241993 0.752431
vt 0.251862 0.747419
vt 0.230003 0.755629
vt 0.216847 0.754627
vt 0.217053 0.753681
vt 0.229937 0.754663
vt 0.204239 0.749906
vt 0.193736 0.742631
vt 0.194430 0.741957
vt 0.204704 0.749056
vt 0.186898 0.733968
vt 0.183865 0.724255
vt 0.184837 0.724148
vt 0.187774 0.733551
vt 0.184779 0.713833
vt 0.189228 0.704016
vt 0.190033 0.704553
vt 0.185723 0.714058
vt 0.196798 0.696124
vt 0.191109 0.691010
vt 0.197371 0.696906
vt 0.302952 0.697632
vt 0.307408 0.710485
vt 0.303200 0.684804
vt 0.304148 0.685059
vt 0.303917 0.697521
vt 0.308266 0.710035
vt 0.308534 0.674008
vt 0.304576 0.669258
vt 0.317921 0.666219
vt 0.318411 0.667061
vt 0.309303 0.674598
vt 0.330330 0.662414
vt 0.343400 0.662389
vt 0.343256 0.663347
vt 0.330500 0.663369
vt 0.354768 0.665936
vt 0.364760 0.672738
vt 0.364133 0.673467
vt 0.354363 0.666816
vt 0.373701 0.682480
vt 0.379556 0.694480
vt 0.378605 0.694704
vt 0.372876 0.682994
vt 0.380288 0.708057
vt 0.376263 0.720505
vt 0.375431 0.719979
vt 0.379330 0.707903
vt 0.367848 0.729116
vt 0.356127 0.733565
vt 0.355909 0.732619
vt 0.367290 0.728322
vt 0.342180 0.733522
vt 0.328151 0.729336
vt 0.328562 0.728463
vt 0.342291 0.732559
vt 0.316184 0.721355
vt 0.316850 0.720652
vt 0.413460 0.770722
vt 0.415323 0.778805
vt 0.415090 0.762595
vt 0.416004 0.762986
vt 0.414494 0.770750
vt 0.416329 0.778468
vt 0.420066 0.755775
vt 0.416093 0.754995
vt 0.427613 0.751134
vt 0.427999 0.752032
vt 0.420746 0.756468
vt 0.436955 0.749542
vt 0.446734 0.750486
vt 0.446527 0.751423
vt 0.437041 0.750509
vt 0.455588 0.753451
vt 0.462840 0.758609
vt 0.462121 0.759271
vt 0.455107 0.754295
vt 0.467808 0.766133
vt 0.469976 0.774387
vt 0.468999 0.774387
vt 0.466907 0.766498
vt 0.468829 0.781736
vt 0.464476 0.787612
vt 0.463737 0.786900
vt 0.467934 0.781349
vt 0.457028 0.791444
vt 0.447795 0.793206
vt 0.447420 0.792246
vt 0.456430 0.790555
vt 0.438090 0.792869
vt 0.428804 0.790332
vt 0.429258 0.789465
vt 0.438109 0.791907
vt 0.420826 0.785492
vt 0.421624 0.784845
vt 0.398733 0.659358
vt 0.409495 0.658339
vt 0.386941 0.657415
vt 0.387061 0.656485
vt 0.398445 0.658383
vt 0.408840 0.657422
vt 0.375856 0.653211
vt 0.366390 0.645953
vt 0.367100 0.645308
vt 0.376307 0.652373
vt 0.359452 0.634846
vt 0.356594 0.622303
vt 0.357566 0.622426
vt 0.360359 0.634547
vt 0.359367 0.610739
vt 0.366817 0.602385
vt 0.367401 0.603245
vt 0.360206 0.611282
vt 0.377983 0.599473
vt 0.377683 0.595626
vt 0.390449 0.600279
vt 0.390471 0.596355
vt 0.390422 0.601226
vt 0.378273 0.600440
vt 0.401800 0.603082
vt 0.402149 0.598888
vt 0.411232 0.608470
vt 0.410601 0.609190
vt 0.401448 0.603961
vt 0.417945 0.617030
vt 0.422060 0.627137
vt 0.421133 0.627234
vt 0.417127 0.617457
vt 0.423698 0.637162
vt 0.422345 0.646278
vt 0.421393 0.645860
vt 0.422725 0.636994
vt 0.417488 0.653658
vt 0.416627 0.652959
vt 0.306869 0.813585
vt 0.306773 0.805925
vt 0.305857 0.819415
vt 0.305137 0.819427
vt 0.306025 0.813628
vt 0.305855 0.806070
vt 0.224164 0.823069
vt 0.224696 0.824960
vt 0.220567 0.824973
vt 0.220036 0.823073
vt 0.223107 0.819248
vt 0.223868 0.819262
vt 0.224871 0.823062
vt 0.225337 0.824940
vt 0.223439 0.793829
vt 0.220437 0.804184
vt 0.229810 0.783990
vt 0.230475 0.784611
vt 0.224271 0.794207
vt 0.221346 0.804343
vt 0.239258 0.776918
vt 0.250935 0.772974
vt 0.251135 0.773868
vt 0.239702 0.777714
vt 0.263997 0.772519
vt 0.277071 0.775142
vt 0.276806 0.776006
vt 0.263958 0.773428
vt 0.288787 0.780435
vt 0.298103 0.787852
vt 0.297439 0.788476
vt 0.288314 0.781213
vt 0.303974 0.796848
vt 0.303139 0.797224
vt 0.788416 0.028178
vt 0.792032 0.037234
vt 0.791485 0.037551
vt 0.787841 0.028430
vt 0.786310 0.021263
vt 0.785727 0.021478
vt 0.788956 0.020183
vt 0.791023 0.026976
vt 0.794510 0.035777
vt 0.880841 0.013440
vt 0.880914 0.012832
vt 0.881339 0.013075
vt 0.881425 0.013562
vt 0.880652 0.016548
vt 0.881237 0.016692
vt 0.877960 0.015825
vt 0.878144 0.012783
vt 0.878206 0.012181
vt 0.874775 0.044927
vt 0.878587 0.034758
vt 0.879159 0.035036
vt 0.875294 0.045302
vt 0.868695 0.053451
vt 0.869124 0.053923
vt 0.866754 0.051323
vt 0.872416 0.043240
vt 0.875979 0.033510
vt 0.860312 0.059553
vt 0.860615 0.060108
vt 0.849943 0.063403
vt 0.850102 0.064014
vt 0.849221 0.060634
vt 0.858943 0.057040
vt 0.838656 0.064787
vt 0.838690 0.065418
vt 0.826909 0.063676
vt 0.826815 0.064298
vt 0.827332 0.060856
vt 0.838500 0.061925
vt 0.815260 0.060093
vt 0.815018 0.060674
vt 0.805249 0.054150
vt 0.804872 0.054658
vt 0.806949 0.051847
vt 0.816358 0.057452
vt 0.797591 0.046298
vt 0.797112 0.046712
vt 0.799762 0.044420
vt 0.783107 0.106386
vt 0.786679 0.110691
vt 0.781526 0.115640
vt 0.776851 0.109786
vt 0.780830 0.101460
vt 0.773889 0.103131
vt 0.787939 0.099589
vt 0.789496 0.102687
vt 0.791914 0.105363
vt 0.779933 0.096180
vt 0.772724 0.096140
vt 0.780489 0.091071
vt 0.773499 0.089473
vt 0.787842 0.092806
vt 0.787288 0.096151
vt 0.782933 0.086373
vt 0.776374 0.083235
vt 0.787069 0.082031
vt 0.781550 0.077326
vt 0.792647 0.087173
vt 0.789690 0.089818
vt 0.792680 0.078483
vt 0.788982 0.072310
vt 0.799177 0.076402
vt 0.797713 0.069227
vt 0.800654 0.083834
vt 0.796380 0.085083
vt 0.805804 0.075859
vt 0.806469 0.068718
vt 0.812084 0.076972
vt 0.814610 0.070242
vt 0.809578 0.084256
vt 0.805192 0.083640
vt 0.817499 0.079176
vt 0.821586 0.073243
vt 0.822112 0.082434
vt 0.827500 0.077660
vt 0.816604 0.087636
vt 0.813370 0.085603
vt 0.825966 0.086885
vt 0.832417 0.083706
vt 0.828473 0.091938
vt 0.835552 0.090490
vt 0.821131 0.093599
vt 0.819319 0.090406
vt 0.829353 0.096983
vt 0.836589 0.097078
vt 0.828689 0.101778
vt 0.835800 0.103327
vt 0.821312 0.100073
vt 0.821804 0.096917
vt 0.826493 0.106232
vt 0.832927 0.109383
vt 0.822804 0.110394
vt 0.828118 0.115103
vt 0.817247 0.105354
vt 0.819808 0.102829
vt 0.817777 0.113928
vt 0.821812 0.119847
vt 0.811584 0.116347
vt 0.814055 0.123125
vt 0.809139 0.109048
vt 0.813613 0.107557
vt 0.804451 0.117210
vt 0.804883 0.124412
vt 0.797408 0.116326
vt 0.795639 0.123399
vt 0.799227 0.108862
vt 0.804108 0.109508
vt 0.791447 0.114074
vt 0.787799 0.120253
vt 0.795148 0.107476
vt 0.767071 0.067220
vt 0.773891 0.060259
vt 0.778476 0.063009
vt 0.770875 0.071053
vt 0.757812 0.072937
vt 0.760574 0.077531
vt 0.754081 0.066961
vt 0.761816 0.062360
vt 0.767545 0.056886
vt 0.747467 0.076804
vt 0.748913 0.081929
vt 0.736605 0.078251
vt 0.736577 0.083610
vt 0.736616 0.071266
vt 0.745538 0.070101
vt 0.725713 0.076765
vt 0.724202 0.081863
vt 0.716023 0.072681
vt 0.713176 0.077162
vt 0.719757 0.066851
vt 0.727681 0.070107
vt 0.708626 0.066568
vt 0.704709 0.070084
vt 0.703394 0.058724
vt 0.698583 0.061031
vt 0.709664 0.055727
vt 0.713773 0.061999
vt 0.700327 0.049380
vt 0.695077 0.050137
vt 0.700211 0.039429
vt 0.695007 0.038562
vt 0.707020 0.040521
vt 0.707177 0.048363
vt 0.703716 0.029621
vt 0.699050 0.027116
vt 0.710580 0.021114
vt 0.706967 0.017208
vt 0.715315 0.026153
vt 0.709811 0.032836
vt 0.720460 0.015097
vt 0.718220 0.010269
vt 0.731939 0.012039
vt 0.731243 0.006728
vt 0.732826 0.018928
vt 0.723391 0.021365
vt 0.743325 0.012165
vt 0.744145 0.006910
vt 0.753711 0.015108
vt 0.755962 0.010305
vt 0.750718 0.021317
vt 0.742206 0.018993
vt 0.762300 0.020416
vt 0.765910 0.016513
vt 0.769296 0.027553
vt 0.773958 0.024795
vt 0.763232 0.031052
vt 0.757604 0.025437
vt 0.774754 0.035967
vt 0.779968 0.034318
vt 0.777654 0.044638
vt 0.783010 0.044222
vt 0.770459 0.044923
vt 0.767845 0.037902
vt 0.777336 0.052713
vt 0.782440 0.053900
vt 0.770369 0.051153
vt 0.641514 0.014152
vt 0.629132 0.015483
vt 0.626083 0.008720
vt 0.641190 0.006861
vt 0.653808 0.016531
vt 0.656154 0.009681
vt 0.650796 0.024668
vt 0.641750 0.022703
vt 0.632597 0.023403
vt 0.662926 0.021586
vt 0.667208 0.015658
vt 0.669611 0.028212
vt 0.675374 0.023526
vt 0.662981 0.033485
vt 0.657763 0.028428
vt 0.674468 0.035741
vt 0.681116 0.032768
vt 0.677107 0.044181
vt 0.684260 0.043128
vt 0.668835 0.045536
vt 0.666751 0.039235
vt 0.677200 0.053639
vt 0.684317 0.054895
vt 0.674459 0.062533
vt 0.680809 0.065894
vt 0.666801 0.058764
vt 0.669027 0.052398
vt 0.668182 0.069806
vt 0.673557 0.074896
vt 0.658872 0.075194
vt 0.662553 0.081626
vt 0.654724 0.067719
vt 0.661871 0.063977
vt 0.647435 0.077745
vt 0.648591 0.084969
vt 0.635255 0.076675
vt 0.633489 0.083852
vt 0.637383 0.068328
vt 0.646252 0.069322
vt 0.623763 0.071746
vt 0.619375 0.077610
vt 0.614644 0.063976
vt 0.608406 0.067996
vt 0.622019 0.059242
vt 0.628946 0.064834
vt 0.609059 0.055085
vt 0.602002 0.057271
vt 0.606885 0.045776
vt 0.599663 0.046139
vt 0.615384 0.045488
vt 0.617390 0.052595
vt 0.608149 0.036148
vt 0.600967 0.034560
vt 0.612556 0.027182
vt 0.606030 0.023619
vt 0.620065 0.031451
vt 0.616491 0.038136
vt 0.619552 0.020119
vt 0.614428 0.014711
vt 0.625422 0.026481
vt 0.508233 0.047258
vt 0.511682 0.059415
vt 0.505044 0.062440
vt 0.500974 0.047732
vt 0.509126 0.035651
vt 0.502175 0.033581
vt 0.517396 0.038094
vt 0.516885 0.046690
vt 0.519600 0.055793
vt 0.513838 0.026085
vt 0.508109 0.021849
vt 0.521909 0.018777
vt 0.517897 0.012744
vt 0.526692 0.025930
vt 0.520701 0.031118
vt 0.533113 0.014355
vt 0.531343 0.007296
vt 0.545483 0.013645
vt 0.546126 0.006377
vt 0.544645 0.022300
vt 0.535199 0.022766
vt 0.556538 0.016600
vt 0.559356 0.009837
vt 0.566360 0.022919
vt 0.571207 0.017269
vt 0.560556 0.029607
vt 0.553089 0.024644
vt 0.574686 0.032610
vt 0.581039 0.028954
vt 0.579491 0.044389
vt 0.586676 0.043112
vt 0.570886 0.045874
vt 0.567053 0.036973
vt 0.579604 0.056889
vt 0.586708 0.058301
vt 0.575539 0.067966
vt 0.581572 0.071794
vt 0.568292 0.063339
vt 0.571111 0.055167
vt 0.568266 0.075794
vt 0.572650 0.081549
vt 0.557992 0.080590
vt 0.560071 0.087565
vt 0.555425 0.072266
vt 0.563007 0.068945
vt 0.544771 0.081622
vt 0.544261 0.088929
vt 0.531069 0.078055
vt 0.527937 0.084829
vt 0.534748 0.069963
vt 0.545323 0.072845
vt 0.519578 0.070206
vt 0.514367 0.075360
vt 0.525778 0.063998
vt 0.182570 0.066884
vt 0.185671 0.073814
vt 0.181169 0.076888
vt 0.177463 0.068771
vt 0.182348 0.059477
vt 0.177095 0.059855
vt 0.188511 0.059496
vt 0.188656 0.065007
vt 0.190988 0.070326
vt 0.185132 0.052622
vt 0.180222 0.051276
vt 0.190480 0.046973
vt 0.186595 0.043982
vt 0.194804 0.050723
vt 0.190741 0.054608
vt 0.197855 0.043327
vt 0.195833 0.039086
vt 0.206299 0.042116
vt 0.206556 0.037341
vt 0.206103 0.047690
vt 0.200113 0.048359
vt 0.214458 0.043342
vt 0.216784 0.039036
vt 0.221557 0.046911
vt 0.225490 0.043598
vt 0.217284 0.051079
vt 0.212045 0.048528
vt 0.227010 0.052667
vt 0.232079 0.050857
vt 0.230103 0.059507
vt 0.235664 0.059284
vt 0.223669 0.060021
vt 0.221295 0.055122
vt 0.230498 0.066183
vt 0.235935 0.067157
vt 0.228200 0.072287
vt 0.233227 0.074445
vt 0.222410 0.069700
vt 0.224141 0.065091
vt 0.222828 0.077683
vt 0.226885 0.081217
vt 0.215223 0.081570
vt 0.217690 0.086261
vt 0.212562 0.076073
vt 0.218261 0.073474
vt 0.206987 0.083176
vt 0.207369 0.088456
vt 0.198835 0.082401
vt 0.197089 0.087374
vt 0.200831 0.076640
vt 0.206643 0.077122
vt 0.191363 0.079131
vt 0.187912 0.083299
vt 0.195337 0.074278
vt 0.606921 0.157538
vt 0.618115 0.155361
vt 0.619456 0.157869
vt 0.607404 0.160305
vt 0.594308 0.156169
vt 0.593818 0.158865
vt 0.595083 0.151955
vt 0.606162 0.153292
vt 0.616035 0.151578
vt 0.582518 0.151406
vt 0.581150 0.153711
vt 0.572862 0.142997
vt 0.570797 0.144635
vt 0.576118 0.140453
vt 0.584720 0.147737
vt 0.566247 0.130771
vt 0.563837 0.131423
vt 0.564566 0.117421
vt 0.562119 0.117010
vt 0.568473 0.118111
vt 0.570115 0.129777
vt 0.568332 0.105802
vt 0.566119 0.104373
vt 0.576138 0.097253
vt 0.574448 0.095074
vt 0.578781 0.100597
vt 0.571768 0.107968
vt 0.587594 0.092869
vt 0.586706 0.090276
vt 0.601028 0.092533
vt 0.601135 0.089892
vt 0.600812 0.096759
vt 0.588960 0.096913
vt 0.613220 0.095738
vt 0.614264 0.093303
vt 0.623040 0.102129
vt 0.624787 0.100212
vt 0.620194 0.105207
vt 0.611519 0.099645
vt 0.630055 0.111433
vt 0.632328 0.110238
vt 0.633933 0.122416
vt 0.636429 0.122137
vt 0.629909 0.122839
vt 0.626422 0.113287
vt 0.634451 0.133333
vt 0.636968 0.133894
vt 0.631842 0.142803
vt 0.634181 0.144110
vt 0.628194 0.140771
vt 0.630457 0.132430
vt 0.626363 0.150212
vt 0.628291 0.152176
vt 0.623390 0.147245
vt 0.116728 0.074303
vt 0.113707 0.067157
vt 0.114207 0.066906
vt 0.117227 0.074085
vt 0.118581 0.079939
vt 0.119070 0.079740
vt 0.116078 0.080989
vt 0.114181 0.075439
vt 0.111162 0.068463
vt 0.005965 0.084584
vt 0.005422 0.086390
vt 0.005198 0.085807
vt 0.005484 0.084421
vt 0.006945 0.080816
vt 0.006459 0.080636
vt 0.009446 0.081764
vt 0.008431 0.085474
vt 0.007871 0.087263
vt 0.017111 0.056364
vt 0.011419 0.065852
vt 0.010915 0.065597
vt 0.016645 0.056039
vt 0.025478 0.047442
vt 0.025093 0.047036
vt 0.027434 0.049528
vt 0.019478 0.058041
vt 0.013991 0.067172
vt 0.036154 0.040745
vt 0.035881 0.040273
vt 0.048949 0.036610
vt 0.048819 0.036095
vt 0.049596 0.039244
vt 0.037531 0.043162
vt 0.063413 0.035651
vt 0.063444 0.035127
vt 0.077947 0.038300
vt 0.078137 0.037807
vt 0.076983 0.040819
vt 0.063248 0.038334
vt 0.090857 0.043720
vt 0.091179 0.043277
vt 0.101238 0.050906
vt 0.101651 0.050519
vt 0.099136 0.052894
vt 0.089225 0.045991
vt 0.108667 0.059025
vt 0.109138 0.058709
vt 0.106271 0.060659
vt 0.811832 0.017999
vt 0.813898 0.024979
vt 0.807749 0.028132
vt 0.805212 0.020580
vt 0.810435 0.011979
vt 0.803587 0.014317
vt 0.816558 0.010315
vt 0.817790 0.016157
vt 0.819453 0.022795
vt 0.856477 0.007805
vt 0.856468 0.007260
vt 0.863167 0.008654
vt 0.863164 0.009220
vt 0.856429 0.010446
vt 0.863086 0.011979
vt 0.850550 0.009325
vt 0.850574 0.006761
vt 0.850563 0.006232
vt 0.854019 0.030392
vt 0.855614 0.024467
vt 0.862050 0.027118
vt 0.859950 0.034471
vt 0.851497 0.034788
vt 0.856582 0.040215
vt 0.847878 0.037777
vt 0.851676 0.043941
vt 0.843102 0.039548
vt 0.845313 0.046159
vt 0.837037 0.040134
vt 0.837643 0.046920
vt 0.830619 0.039465
vt 0.829595 0.046072
vt 0.831120 0.033536
vt 0.836377 0.033968
vt 0.824812 0.037517
vt 0.822148 0.043614
vt 0.819963 0.034513
vt 0.815845 0.039837
vt 0.822588 0.031407
vt 0.826361 0.032213
vt 0.816486 0.030396
vt 0.811210 0.034617
vt 0.821361 0.027755
vt 0.793480 0.100321
vt 0.795124 0.101948
vt 0.792459 0.098389
vt 0.794565 0.097646
vt 0.795780 0.098373
vt 0.797004 0.099239
vt 0.792068 0.096105
vt 0.792545 0.093865
vt 0.794752 0.094543
vt 0.795111 0.096072
vt 0.793933 0.092017
vt 0.796034 0.090500
vt 0.797740 0.093148
vt 0.796235 0.093857
vt 0.798579 0.089328
vt 0.801528 0.088632
vt 0.801863 0.092392
vt 0.799605 0.092648
vt 0.804832 0.088571
vt 0.808068 0.088962
vt 0.807182 0.092627
vt 0.804537 0.092391
vt 0.810807 0.089780
vt 0.813116 0.091025
vt 0.809350 0.093065
vt 0.815056 0.092731
vt 0.816372 0.094742
vt 0.816871 0.096916
vt 0.816507 0.098982
vt 0.815366 0.100689
vt 0.813460 0.102175
vt 0.810840 0.103459
vt 0.807617 0.104329
vt 0.806822 0.100659
vt 0.809232 0.100242
vt 0.803911 0.104584
vt 0.800302 0.104156
vt 0.801018 0.100535
vt 0.803898 0.100760
vt 0.797382 0.103270
vt 0.798732 0.099993
vt 0.755908 0.057723
vt 0.760282 0.053793
vt 0.750048 0.060994
vt 0.743486 0.063330
vt 0.736580 0.064241
vt 0.736390 0.057243
vt 0.741790 0.056608
vt 0.729678 0.063385
vt 0.723592 0.060963
vt 0.726292 0.054960
vt 0.731004 0.056616
vt 0.719082 0.057356
vt 0.715995 0.052744
vt 0.719878 0.050712
vt 0.722900 0.052552
vt 0.714142 0.047319
vt 0.713998 0.041576
vt 0.719868 0.042558
vt 0.720074 0.046869
vt 0.716040 0.036002
vt 0.720162 0.031141
vt 0.724007 0.035720
vt 0.721030 0.038700
vt 0.726377 0.027597
vt 0.733683 0.025761
vt 0.734434 0.032221
vt 0.728761 0.033447
vt 0.740973 0.025797
vt 0.747588 0.027474
vt 0.745329 0.033399
vt 0.740107 0.032322
vt 0.752895 0.030337
vt 0.757177 0.034316
vt 0.753433 0.036531
vt 0.749642 0.035120
vt 0.760653 0.039389
vt 0.762625 0.044716
vt 0.754123 0.040121
vt 0.762505 0.049487
vt 0.641840 0.029671
vt 0.635387 0.029886
vt 0.648236 0.031176
vt 0.646017 0.037599
vt 0.641336 0.036351
vt 0.636711 0.036073
vt 0.653399 0.033945
vt 0.657398 0.037741
vt 0.650004 0.039787
vt 0.660331 0.042037
vt 0.661921 0.046690
vt 0.661960 0.051556
vt 0.660141 0.056003
vt 0.656490 0.059547
vt 0.651433 0.061869
vt 0.645475 0.062616
vt 0.639260 0.061671
vt 0.641125 0.055177
vt 0.645620 0.056297
vt 0.633400 0.059247
vt 0.628386 0.055464
vt 0.633119 0.050894
vt 0.636885 0.053360
vt 0.624618 0.050783
vt 0.622732 0.045526
vt 0.627339 0.045174
vt 0.629994 0.047943
vt 0.623467 0.039930
vt 0.626184 0.035015
vt 0.629541 0.037600
vt 0.629022 0.041473
vt 0.630173 0.031694
vt 0.632867 0.036694
vt 0.524553 0.046265
vt 0.526579 0.052677
vt 0.524790 0.040307
vt 0.529263 0.041812
vt 0.530706 0.045340
vt 0.532421 0.049709
vt 0.526937 0.035616
vt 0.531041 0.032206
vt 0.534632 0.037524
vt 0.531852 0.039759
vt 0.537119 0.030105
vt 0.543930 0.029830
vt 0.543024 0.036160
vt 0.538547 0.035999
vt 0.550043 0.031594
vt 0.555470 0.035265
vt 0.547314 0.037651
vt 0.560240 0.040632
vt 0.563158 0.046994
vt 0.563448 0.053457
vt 0.561601 0.059047
vt 0.558120 0.062804
vt 0.552892 0.064891
vt 0.550870 0.060421
vt 0.553250 0.057869
vt 0.545579 0.065105
vt 0.537803 0.062955
vt 0.540714 0.057077
vt 0.546374 0.058892
vt 0.531172 0.058583
vt 0.535874 0.053856
vt 0.193933 0.063978
vt 0.195573 0.067568
vt 0.193899 0.060230
vt 0.195501 0.056973
vt 0.198348 0.054434
vt 0.202031 0.052934
vt 0.206202 0.052544
vt 0.206663 0.056789
vt 0.203728 0.057029
vt 0.210424 0.053303
vt 0.214148 0.055048
vt 0.212309 0.057365
vt 0.209719 0.057295
vt 0.216836 0.057611
vt 0.218408 0.060748
vt 0.214161 0.061439
vt 0.213174 0.059441
vt 0.218804 0.064236
vt 0.217636 0.067484
vt 0.214749 0.066100
vt 0.214481 0.063865
vt 0.214670 0.070004
vt 0.210655 0.071687
vt 0.209443 0.068034
vt 0.212284 0.066978
vt 0.206534 0.072392
vt 0.202486 0.072055
vt 0.203672 0.068352
vt 0.206513 0.068514
vt 0.198617 0.070361
vt 0.201065 0.067357
vt 0.603067 0.137632
vt 0.607685 0.137548
vt 0.610474 0.141894
vt 0.604163 0.142289
vt 0.598011 0.136378
vt 0.597208 0.140856
vt 0.599104 0.132616
vt 0.602818 0.133828
vt 0.605975 0.134746
vt 0.593089 0.134094
vt 0.590615 0.137991
vt 0.588814 0.130781
vt 0.584946 0.133601
vt 0.592120 0.128045
vt 0.595395 0.130650
vt 0.585739 0.126225
vt 0.580832 0.127199
vt 0.584541 0.121251
vt 0.579348 0.120136
vt 0.587963 0.121888
vt 0.589722 0.124809
vt 0.585748 0.116635
vt 0.581154 0.113764
vt 0.589072 0.113261
vt 0.585728 0.109271
vt 0.592041 0.116786
vt 0.589664 0.119463
vt 0.594070 0.111892
vt 0.592422 0.107556
vt 0.599787 0.112214
vt 0.600013 0.108059
vt 0.599448 0.115617
vt 0.595400 0.115348
vt 0.605128 0.113862
vt 0.606868 0.110090
vt 0.609611 0.116525
vt 0.612538 0.113434
vt 0.603579 0.117096
vt 0.612717 0.120108
vt 0.616559 0.118256
vt 0.614473 0.124278
vt 0.618917 0.123975
vt 0.614886 0.128765
vt 0.619620 0.130007
vt 0.613878 0.132868
vt 0.618495 0.135450
vt 0.611371 0.135869
vt 0.615325 0.139487
vt 0.607642 0.132874
vt 0.092957 0.085181
vt 0.090176 0.079599
vt 0.097198 0.076057
vt 0.100067 0.082106
vt 0.095133 0.090038
vt 0.102110 0.087180
vt 0.087704 0.092509
vt 0.085590 0.087696
vt 0.083119 0.082195
vt 0.029134 0.093545
vt 0.028456 0.095205
vt 0.021588 0.092590
vt 0.022232 0.090895
vt 0.030385 0.090275
vt 0.023418 0.087509
vt 0.038140 0.072503
vt 0.034833 0.078503
vt 0.027981 0.074876
vt 0.032118 0.067693
vt 0.042394 0.067338
vt 0.037697 0.061326
vt 0.045281 0.070997
vt 0.043746 0.075651
vt 0.041323 0.081214
vt 0.047788 0.063430
vt 0.044654 0.056635
vt 0.054272 0.061166
vt 0.052875 0.053771
vt 0.055048 0.068254
vt 0.049613 0.069856
vt 0.061773 0.060644
vt 0.062345 0.053213
vt 0.069475 0.061964
vt 0.071961 0.054833
vt 0.067808 0.068934
vt 0.061302 0.067971
vt 0.076476 0.065087
vt 0.080644 0.058742
vt 0.082390 0.069462
vt 0.087906 0.064124
vt 0.078869 0.072596
vt 0.073885 0.071089
vt 0.086805 0.074335
vt 0.093273 0.069988
vt 0.080497 0.077007
vt 0.844594 0.006019
vt 0.838644 0.005645
vt 0.838585 0.005130
vt 0.844563 0.005497
vt 0.844693 0.008547
vt 0.838901 0.008143
vt 0.826044 0.027290
vt 0.830754 0.027731
vt 0.824744 0.021826
vt 0.829869 0.021509
vt 0.823405 0.015006
vt 0.828805 0.014378
vt 0.822308 0.009150
vt 0.827854 0.008441
vt 0.835723 0.027876
vt 0.835004 0.021406
vt 0.834132 0.014131
vt 0.839463 0.014250
vt 0.833336 0.008111
vt 0.601907 0.120494
vt 0.600024 0.123902
vt 0.597004 0.121794
vt 0.598701 0.118817
vt 0.596159 0.117848
vt 0.594364 0.119644
vt 0.604264 0.130891
vt 0.601020 0.129239
vt 0.597791 0.127258
vt 0.594821 0.124954
vt 0.592386 0.122285
vt 0.808805 0.096659
vt 0.806733 0.096641
vt 0.804172 0.096585
vt 0.801614 0.096483
vt 0.799554 0.096330
vt 0.797944 0.096186
vt 0.796736 0.096107
vt 0.294699 0.656542
vt 0.280762 0.669285
vt 0.263301 0.682595
vt 0.212635 0.672271
vt 0.195528 0.673352
vt 0.175526 0.677697
vt 0.147114 0.672921
vt 0.115820 0.671254
vt 0.087697 0.671173
vt 0.068796 0.671157
vt 0.068433 0.655671
vt 0.057659 0.671172
vt 0.539101 0.039601
vt 0.536929 0.041355
vt 0.541685 0.040766
vt 0.539423 0.043961
vt 0.544958 0.042608
vt 0.542621 0.046561
vt 0.548356 0.055015
vt 0.543714 0.052820
vt 0.539690 0.050014
vt 0.536538 0.046820
vt 0.534485 0.043454
vt 0.632697 0.042610
vt 0.635854 0.043698
vt 0.639567 0.044960
vt 0.643497 0.046392
vt 0.647298 0.048000
vt 0.749267 0.039689
vt 0.744926 0.038792
vt 0.723633 0.047664
vt 0.726695 0.048935
vt 0.723187 0.043361
vt 0.726093 0.043511
vt 0.723344 0.040412
vt 0.725696 0.039388
vt 0.740085 0.038153
vt 0.734986 0.037979
vt 0.740486 0.043901
vt 0.735467 0.043770
vt 0.740931 0.050109
vt 0.735978 0.050317
vt 0.729881 0.038479
vt 0.730427 0.043642
vt 0.731020 0.049875
vt 0.049304 0.076286
vt 0.047915 0.082777
vt 0.054982 0.075964
vt 0.054419 0.083556
vt 0.073925 0.077309
vt 0.067348 0.076569
vt 0.075310 0.083620
vt 0.067596 0.084064
vt 0.076972 0.089648
vt 0.068240 0.090648
vt 0.078597 0.094721
vt 0.069043 0.096050
vt 0.061011 0.076065
vt 0.060802 0.083956
vt 0.060683 0.090755
vt 0.053640 0.090260
vt 0.060635 0.096340
vt 0.221182 0.029983
vt 0.235177 0.030719
vt 0.235181 0.031814
vt 0.221187 0.031088
vt 0.205597 0.029247
vt 0.205596 0.030363
vt 0.205606 0.027910
vt 0.221188 0.028563
vt 0.235181 0.029214
vt 0.023503 0.442181
vt 0.038471 0.446268
vt 0.038761 0.446988
vt 0.023562 0.442838
vt 0.012870 0.439277
vt 0.013101 0.439982
vt 0.012503 0.437845
vt 0.023453 0.440745
vt 0.038739 0.444799
vt 0.107756 0.465203
vt 0.137134 0.473239
vt 0.137370 0.473945
vt 0.109184 0.466235
vt 0.078473 0.457197
vt 0.080697 0.458447
vt 0.078919 0.455549
vt 0.108215 0.463525
vt 0.137593 0.471561
vt 0.545600 0.586853
vt 0.545614 0.597996
vt 0.544739 0.598347
vt 0.544725 0.587084
vt 0.545587 0.578227
vt 0.544709 0.578319
vt 0.552735 0.464235
vt 0.552811 0.455569
vt 0.554550 0.455568
vt 0.554474 0.464233
vt 0.552677 0.475412
vt 0.554416 0.475419
vt 0.394818 0.543868
vt 0.407416 0.547323
vt 0.407174 0.547982
vt 0.394626 0.544542
vt 0.382090 0.540377
vt 0.381931 0.541059
vt 0.382550 0.538700
vt 0.395278 0.542191
vt 0.407876 0.545646
vt 0.159016 0.029308
vt 0.174491 0.028895
vt 0.174469 0.030010
vt 0.158994 0.030414
vt 0.143377 0.029838
vt 0.143355 0.030921
vt 0.143386 0.028630
vt 0.159031 0.028066
vt 0.174508 0.027602
vt 0.546438 0.639397
vt 0.547037 0.657664
vt 0.545563 0.639508
vt 0.545840 0.622677
vt 0.544966 0.622921
vt 0.552453 0.516900
vt 0.552564 0.500142
vt 0.554303 0.500153
vt 0.554193 0.516910
vt 0.552353 0.535212
vt 0.554092 0.535219
vt 0.094759 0.029558
vt 0.111063 0.029979
vt 0.110985 0.030973
vt 0.094712 0.030508
vt 0.079441 0.029104
vt 0.079453 0.030029
vt 0.079457 0.027806
vt 0.094782 0.028274
vt 0.111084 0.028716
vt 0.547249 0.675580
vt 0.547074 0.692511
vt 0.552318 0.553170
vt 0.554057 0.553171
vt 0.552356 0.570141
vt 0.554095 0.570136
vt 0.035877 0.029332
vt 0.052385 0.028951
vt 0.052496 0.029912
vt 0.036097 0.030362
vt 0.021324 0.029835
vt 0.021599 0.030910
vt 0.021312 0.028419
vt 0.035866 0.027954
vt 0.052380 0.027611
vt 0.545184 0.783560
vt 0.545682 0.808293
vt 0.544308 0.783512
vt 0.544837 0.755571
vt 0.552796 0.661345
vt 0.552772 0.633335
vt 0.554511 0.633330
vt 0.554536 0.661342
vt 0.552808 0.686100
vt 0.554547 0.686094
vt 0.056086 0.451079
vt 0.057515 0.452111
vt 0.056494 0.449520
vt 0.159810 0.479444
vt 0.179179 0.484747
vt 0.178987 0.485336
vt 0.159651 0.480042
vt 0.160269 0.477767
vt 0.179646 0.483071
vt 0.345072 0.530224
vt 0.356533 0.533368
vt 0.356361 0.534011
vt 0.344900 0.530850
vt 0.333624 0.527085
vt 0.333455 0.527700
vt 0.334084 0.525407
vt 0.345532 0.528547
vt 0.356993 0.531690
vt 0.294187 0.516348
vt 0.307831 0.520030
vt 0.307713 0.520641
vt 0.294212 0.516950
vt 0.283584 0.513489
vt 0.283741 0.514086
vt 0.282405 0.510482
vt 0.294619 0.514718
vt 0.308284 0.518365
vt 0.369100 0.536814
vt 0.368941 0.537482
vt 0.369560 0.535137
vt 0.013501 0.030028
vt 0.013681 0.031065
vt 0.009580 0.030059
vt 0.009638 0.031027
vt 0.009569 0.028626
vt 0.013489 0.028599
vt 0.545773 0.822030
vt 0.545000 0.824449
vt 0.544415 0.823766
vt 0.544895 0.822024
vt 0.545828 0.819264
vt 0.552880 0.699820
vt 0.552850 0.697071
vt 0.554589 0.697054
vt 0.554618 0.699798
vt 0.552921 0.702313
vt 0.554662 0.702290
vt 0.052430 0.826016
vt 0.051840 0.825460
vt 0.052415 0.824856
vt 0.053009 0.825233
vt 0.054571 0.826088
vt 0.055106 0.825232
vt 0.010350 0.131600
vt 0.012395 0.131048
vt 0.012186 0.132450
vt 0.010036 0.132987
vt 0.009550 0.131691
vt 0.009227 0.133098
vt 0.523828 0.825406
vt 0.506568 0.825429
vt 0.506538 0.824554
vt 0.523825 0.824521
vt 0.536931 0.825384
vt 0.536922 0.824481
vt 0.466125 0.010320
vt 0.478806 0.006966
vt 0.479249 0.008648
vt 0.466569 0.012001
vt 0.449428 0.014739
vt 0.449873 0.016421
vt 0.130687 0.825912
vt 0.111140 0.825939
vt 0.111128 0.825026
vt 0.130474 0.825003
vt 0.146737 0.825890
vt 0.146447 0.824980
vt 0.085975 0.111319
vt 0.101489 0.107170
vt 0.101659 0.108838
vt 0.086239 0.112992
vt 0.067081 0.116377
vt 0.067478 0.118029
vt 0.158338 0.825876
vt 0.158143 0.824964
vt 0.168880 0.825865
vt 0.112702 0.104172
vt 0.122893 0.101448
vt 0.123296 0.103126
vt 0.112965 0.105844
vt 0.405475 0.825555
vt 0.389830 0.825569
vt 0.389831 0.824677
vt 0.405482 0.824682
vt 0.422017 0.825541
vt 0.421999 0.824691
vt 0.351671 0.040639
vt 0.367666 0.036400
vt 0.368111 0.038081
vt 0.352117 0.042320
vt 0.336544 0.044649
vt 0.336989 0.046330
vt 0.370496 0.825597
vt 0.349122 0.825634
vt 0.349171 0.824753
vt 0.370494 0.824706
vt 0.317848 0.049605
vt 0.318294 0.051286
vt 0.297182 0.055089
vt 0.297645 0.056768
vt 0.444042 0.825517
vt 0.443935 0.824676
vt 0.467419 0.825487
vt 0.467249 0.824644
vt 0.388963 0.030756
vt 0.411568 0.024767
vt 0.412013 0.026448
vt 0.389409 0.032437
vt 0.321093 0.523648
vt 0.320926 0.524261
vt 0.321553 0.521971
vt 0.327357 0.825680
vt 0.310718 0.825709
vt 0.311050 0.824850
vt 0.327558 0.824805
vt 0.276140 0.060680
vt 0.276658 0.062354
vt 0.260047 0.064931
vt 0.258315 0.068196
vt 0.127335 0.030074
vt 0.127284 0.031117
vt 0.127346 0.028848
vt 0.545136 0.736674
vt 0.545790 0.722284
vt 0.552688 0.614420
vt 0.552575 0.600001
vt 0.554314 0.599990
vt 0.554428 0.614412
vt 0.255953 0.030954
vt 0.256581 0.031236
vt 0.256495 0.032076
vt 0.256011 0.032039
vt 0.253100 0.031000
vt 0.253115 0.032091
vt 0.253089 0.029466
vt 0.255951 0.029437
vt 0.256616 0.029677
vt 0.545630 0.609407
vt 0.544756 0.609745
vt 0.552631 0.486848
vt 0.554370 0.486858
vt 0.546512 0.707821
vt 0.552452 0.585495
vt 0.554191 0.585486
vt 0.480508 0.567362
vt 0.482392 0.567908
vt 0.481802 0.568349
vt 0.480333 0.568041
vt 0.472963 0.565301
vt 0.472758 0.565978
vt 0.473423 0.563623
vt 0.480969 0.565689
vt 0.482870 0.566220
vt 0.488013 0.825456
vt 0.487897 0.824599
vt 0.431483 0.019492
vt 0.431928 0.021173
vt 0.420014 0.550778
vt 0.435138 0.554926
vt 0.434834 0.555584
vt 0.419725 0.551432
vt 0.420474 0.549101
vt 0.435598 0.553249
vt 0.066110 0.028902
vt 0.066164 0.029830
vt 0.066116 0.027586
vt 0.210130 0.825845
vt 0.195872 0.825850
vt 0.209819 0.824978
vt 0.221045 0.825831
vt 0.162766 0.090806
vt 0.173307 0.087970
vt 0.175838 0.090077
vt 0.163270 0.092477
vt 0.148985 0.094481
vt 0.149448 0.096159
vt 0.181757 0.825857
vt 0.135341 0.098123
vt 0.135790 0.099803
vt 0.198636 0.490075
vt 0.213501 0.494157
vt 0.213092 0.494680
vt 0.198334 0.490634
vt 0.199125 0.488406
vt 0.216719 0.492263
vt 0.279446 0.512345
vt 0.279618 0.512950
vt 0.278748 0.512105
vt 0.278876 0.512721
vt 0.278417 0.509360
vt 0.279060 0.509569
vt 0.225140 0.825779
vt 0.225674 0.825710
vt 0.177235 0.086848
vt 0.177732 0.086660
vt 0.179151 0.088890
vt 0.178788 0.089108
vt 0.225873 0.488320
vt 0.231915 0.482546
vt 0.232377 0.482849
vt 0.226464 0.488583
vt 0.221060 0.493557
vt 0.221766 0.493800
vt 0.225419 0.487120
vt 0.231592 0.481512
vt 0.253164 0.075948
vt 0.251519 0.083863
vt 0.251089 0.083711
vt 0.252701 0.075863
vt 0.253891 0.069174
vt 0.253397 0.069167
vt 0.254146 0.076870
vt 0.252291 0.084698
vt 0.248351 0.475540
vt 0.253509 0.475511
vt 0.253435 0.475989
vt 0.248440 0.476025
vt 0.242994 0.476581
vt 0.243263 0.477045
vt 0.242864 0.475622
vt 0.248391 0.474624
vt 0.253704 0.474636
vt 0.237568 0.478775
vt 0.237943 0.479162
vt 0.237335 0.477799
vt 0.274633 0.488980
vt 0.276739 0.494823
vt 0.276268 0.494881
vt 0.274210 0.489117
vt 0.271657 0.484547
vt 0.271291 0.484758
vt 0.272205 0.483848
vt 0.275288 0.488275
vt 0.277518 0.494080
vt 0.236132 0.100129
vt 0.228031 0.104136
vt 0.227878 0.103685
vt 0.235904 0.099761
vt 0.243459 0.095245
vt 0.243142 0.094972
vt 0.243901 0.096021
vt 0.236457 0.100931
vt 0.228281 0.104972
vt 0.248436 0.090059
vt 0.248054 0.089851
vt 0.249028 0.090846
vt 0.192954 0.104825
vt 0.187280 0.100885
vt 0.187496 0.100600
vt 0.193092 0.104469
vt 0.199342 0.107054
vt 0.199394 0.106628
vt 0.199423 0.107974
vt 0.192929 0.105785
vt 0.187143 0.101927
vt 0.258338 0.476354
vt 0.262985 0.478129
vt 0.262824 0.478569
vt 0.258210 0.476830
vt 0.258589 0.475495
vt 0.263280 0.477295
vt 0.267599 0.480895
vt 0.267340 0.481227
vt 0.268010 0.480133
vt 0.190023 0.028887
vt 0.190011 0.030007
vt 0.190037 0.027577
vt 0.220734 0.106693
vt 0.213707 0.107958
vt 0.213602 0.107484
vt 0.220606 0.106214
vt 0.220959 0.107540
vt 0.213916 0.108814
vt 0.206418 0.108088
vt 0.206381 0.107628
vt 0.206578 0.108971
vt 0.205143 0.060034
vt 0.207627 0.059754
vt 0.208565 0.062181
vt 0.206113 0.062563
vt 0.210220 0.059844
vt 0.211070 0.061858
vt 0.211437 0.064247
vt 0.208967 0.064898
vt 0.206472 0.065309
vt 0.204200 0.065501
vt 0.202406 0.065479
vt 0.605198 0.147832
vt 0.613344 0.146802
vt 0.596137 0.146418
vt 0.587644 0.142870
vt 0.580467 0.137054
vt 0.575344 0.128483
vt 0.573743 0.119067
vt 0.576306 0.110771
vt 0.582171 0.104860
vt 0.590673 0.102217
vt 0.600427 0.102458
vt 0.609184 0.104929
vt 0.616348 0.109345
vt 0.621482 0.115781
vt 0.624435 0.123417
vt 0.625116 0.131256
vt 0.623474 0.138191
vt 0.619473 0.143436
vt 0.774551 0.110984
vt 0.779624 0.117399
vt 0.441291 0.634194
vt 0.442108 0.640510
vt 0.442126 0.628000
vt 0.771348 0.103700
vt 0.770094 0.096099
vt 0.444495 0.622351
vt 0.448427 0.618050
vt 0.770919 0.088908
vt 0.773945 0.082151
vt 0.453952 0.615902
vt 0.460659 0.615661
vt 0.779499 0.075671
vt 0.787603 0.070118
vt 0.468137 0.617084
vt 0.475396 0.619976
vt 0.797174 0.066681
vt 0.806725 0.066151
vt 0.481444 0.624138
vt 0.486281 0.629085
vt 0.815551 0.067831
vt 0.823104 0.071128
vt 0.489905 0.634327
vt 0.492245 0.640123
vt 0.829491 0.075975
vt 0.834790 0.082603
vt 0.493230 0.646733
vt 0.492665 0.653192
vt 0.838149 0.090009
vt 0.839239 0.097124
vt 0.490353 0.658539
vt 0.486376 0.662359
vt 0.838409 0.103853
vt 0.835301 0.110473
vt 0.480815 0.664239
vt 0.474381 0.664570
vt 0.830086 0.116767
vt 0.823310 0.121960
vt 0.467786 0.663745
vt 0.461162 0.661446
vt 0.814983 0.125554
vt 0.805071 0.126989
vt 0.454644 0.657358
vt 0.448926 0.652157
vt 0.795005 0.125921
vt 0.786449 0.122453
vt 0.444700 0.646519
vt 0.772212 0.072387
vt 0.780089 0.063969
vt 0.122165 0.793633
vt 0.132395 0.791865
vt 0.110858 0.792866
vt 0.761543 0.079130
vt 0.749419 0.083715
vt 0.099544 0.790233
vt 0.088998 0.785392
vt 0.736567 0.085472
vt 0.723672 0.083643
vt 0.079999 0.777996
vt 0.073405 0.768946
vt 0.712177 0.078731
vt 0.703333 0.071322
vt 0.070062 0.759146
vt 0.069758 0.748871
vt 0.696906 0.061834
vt 0.693237 0.050397
vt 0.072306 0.738390
vt 0.078042 0.729047
vt 0.693173 0.038254
vt 0.697412 0.026239
vt 0.087297 0.722187
vt 0.098757 0.718701
vt 0.705699 0.015841
vt 0.717433 0.008584
vt 0.111109 0.719479
vt 0.122967 0.723640
vt 0.730999 0.004883
vt 0.744433 0.005075
vt 0.132945 0.730302
vt 0.140541 0.738892
vt 0.756749 0.008624
vt 0.767172 0.015148
vt 0.145252 0.748836
vt 0.147574 0.759409
vt 0.775590 0.023837
vt 0.781795 0.033752
vt 0.148004 0.769885
vt 0.145864 0.779350
vt 0.784892 0.044083
vt 0.784242 0.054319
vt 0.140478 0.786890
vt 0.641059 0.004276
vt 0.624988 0.006318
vt 0.220571 0.691657
vt 0.207720 0.692518
vt 0.233202 0.693872
vt 0.656974 0.007239
vt 0.668712 0.013558
vt 0.242654 0.698390
vt 0.249796 0.704521
vt 0.677398 0.021900
vt 0.683485 0.031747
vt 0.255499 0.711575
vt 0.259206 0.719927
vt 0.686813 0.042784
vt 0.686854 0.055361
vt 0.260362 0.729953
vt 0.258110 0.739676
vt 0.683114 0.067100
vt 0.675502 0.076689
vt 0.251591 0.747123
vt 0.241843 0.752063
vt 0.663888 0.083897
vt 0.649019 0.087522
vt 0.229906 0.754266
vt 0.217138 0.753292
vt 0.632867 0.086367
vt 0.617804 0.079668
vt 0.204898 0.748708
vt 0.194719 0.741682
vt 0.606176 0.069400
vt 0.599475 0.058024
vt 0.188136 0.733381
vt 0.185238 0.724104
vt 0.597065 0.046262
vt 0.598398 0.034010
vt 0.186112 0.714149
vt 0.190367 0.704771
vt 0.603696 0.022369
vt 0.612593 0.012799
vt 0.197611 0.697225
vt 0.498398 0.047888
vt 0.502691 0.063500
vt 0.304312 0.697475
vt 0.308618 0.709850
vt 0.304536 0.685163
vt 0.499698 0.032833
vt 0.506048 0.020329
vt 0.309618 0.674840
vt 0.318612 0.667406
vt 0.516455 0.010602
vt 0.530699 0.004800
vt 0.330569 0.663761
vt 0.343196 0.663741
vt 0.546331 0.003806
vt 0.560332 0.007449
vt 0.354196 0.667178
vt 0.363874 0.673768
vt 0.572902 0.015306
vt 0.583289 0.027688
vt 0.372537 0.683206
vt 0.378215 0.694796
vt 0.589227 0.042679
vt 0.589233 0.058819
vt 0.378938 0.707840
vt 0.375092 0.719764
vt 0.583744 0.073169
vt 0.574226 0.083592
vt 0.367062 0.727996
vt 0.355821 0.732231
vt 0.560821 0.090034
vt 0.544096 0.091504
vt 0.342337 0.732163
vt 0.328731 0.728104
vt 0.526848 0.087189
vt 0.512524 0.077167
vt 0.317125 0.720363
vt 0.175632 0.069463
vt 0.179535 0.077993
vt 0.414922 0.770755
vt 0.416743 0.778325
vt 0.416387 0.763138
vt 0.175207 0.060019
vt 0.178446 0.050827
vt 0.421036 0.756746
vt 0.428167 0.752395
vt 0.185177 0.042933
vt 0.195089 0.037581
vt 0.437081 0.750904
vt 0.446439 0.751807
vt 0.206654 0.035657
vt 0.217642 0.037512
vt 0.454902 0.754639
vt 0.461816 0.759537
vt 0.226922 0.042437
vt 0.233906 0.050238
vt 0.466527 0.766640
vt 0.468590 0.774380
vt 0.237665 0.059229
vt 0.237899 0.067512
vt 0.467559 0.781186
vt 0.463426 0.786606
vt 0.235049 0.075202
vt 0.228368 0.082455
vt 0.456183 0.790187
vt 0.447268 0.791848
vt 0.218606 0.087916
vt 0.207513 0.090322
vt 0.438121 0.791508
vt 0.429448 0.789105
vt 0.196446 0.089144
vt 0.186653 0.084779
vt 0.421953 0.784576
vt 0.607586 0.161315
vt 0.619950 0.158785
vt 0.398340 0.657980
vt 0.408590 0.657046
vt 0.387115 0.656099
vt 0.593643 0.159851
vt 0.580649 0.154556
vt 0.376493 0.652026
vt 0.367390 0.645040
vt 0.570045 0.145231
vt 0.562951 0.131662
vt 0.360729 0.634421
vt 0.357964 0.622472
vt 0.561219 0.116859
vt 0.565308 0.103852
vt 0.360548 0.611500
vt 0.367639 0.603594
vt 0.573823 0.094273
vt 0.586376 0.089330
vt 0.378388 0.600837
vt 0.390404 0.601618
vt 0.601171 0.088926
vt 0.614648 0.092416
vt 0.401300 0.604325
vt 0.410341 0.609489
vt 0.625432 0.099505
vt 0.633155 0.109799
vt 0.416790 0.617641
vt 0.420752 0.627288
vt 0.637345 0.122029
vt 0.637891 0.134099
vt 0.422326 0.636933
vt 0.421007 0.645690
vt 0.635038 0.144589
vt 0.629002 0.152898
vt 0.416287 0.652672
vt 0.405924 0.754457
vt 0.391058 0.753882
vt 0.372993 0.752988
vt 0.496040 0.742464
vt 0.508666 0.740508
vt 0.498162 0.762023
vt 0.498174 0.780562
vt 0.494466 0.796796
vt 0.485433 0.809439
vt 0.505907 0.811235
vt 0.506254 0.818472
vt 0.486793 0.818156
vt 0.463097 0.813531
vt 0.465489 0.819297
vt 0.441256 0.814660
vt 0.442811 0.819616
vt 0.421814 0.819321
vt 0.421558 0.813669
vt 0.405655 0.811402
vt 0.405554 0.818618
vt 0.221205 0.026354
vt 0.205627 0.025919
vt 0.221225 0.023959
vt 0.205650 0.023731
vt 0.235205 0.024144
vt 0.235191 0.026766
vt 0.007071 0.434157
vt 0.007754 0.436588
vt 0.006502 0.436266
vt 0.005765 0.433848
vt 0.006483 0.431462
vt 0.005127 0.431211
vt 0.011640 0.432434
vt 0.012034 0.435354
vt 0.109176 0.460010
vt 0.079842 0.452123
vt 0.109257 0.453165
vt 0.080465 0.446239
vt 0.138040 0.460327
vt 0.138555 0.468046
vt 0.396242 0.538677
vt 0.383514 0.535186
vt 0.397148 0.522094
vt 0.384418 0.519030
vt 0.409749 0.525127
vt 0.408840 0.542132
vt 0.159045 0.026385
vt 0.143400 0.027079
vt 0.159056 0.024429
vt 0.143412 0.025192
vt 0.174542 0.023656
vt 0.174526 0.025742
vt 0.557836 0.516933
vt 0.557948 0.500177
vt 0.577579 0.516968
vt 0.577689 0.500232
vt 0.577481 0.535256
vt 0.557735 0.535233
vt 0.094824 0.026502
vt 0.079479 0.025991
vt 0.094868 0.024312
vt 0.079503 0.023771
vt 0.111182 0.024878
vt 0.111131 0.027005
vt 0.557701 0.553174
vt 0.577450 0.553192
vt 0.577480 0.570142
vt 0.557737 0.570126
vt 0.035861 0.025876
vt 0.021307 0.026194
vt 0.035857 0.023498
vt 0.021302 0.023723
vt 0.052379 0.023370
vt 0.052378 0.025669
vt 0.558180 0.661335
vt 0.558156 0.633319
vt 0.577897 0.661271
vt 0.577875 0.633277
vt 0.577909 0.686039
vt 0.558192 0.686083
vt 0.057303 0.446362
vt 0.039276 0.441951
vt 0.058037 0.441380
vt 0.039788 0.437791
vt 0.161231 0.474252
vt 0.160444 0.465891
vt 0.179413 0.470630
vt 0.180542 0.479539
vt 0.346496 0.525033
vt 0.335048 0.521893
vt 0.347393 0.510120
vt 0.335942 0.507364
vt 0.358856 0.512878
vt 0.357957 0.528176
vt 0.295901 0.511299
vt 0.285304 0.506527
vt 0.297752 0.498226
vt 0.287529 0.494313
vt 0.310458 0.501244
vt 0.309328 0.514875
vt 0.370524 0.531623
vt 0.371425 0.515903
vt 0.006695 0.026366
vt 0.006723 0.028645
vt 0.004979 0.028744
vt 0.004945 0.026445
vt 0.006668 0.023850
vt 0.004916 0.023916
vt 0.009529 0.023831
vt 0.009550 0.026342
vt 0.558217 0.695216
vt 0.554576 0.695245
vt 0.577919 0.695273
vt 0.577926 0.697142
vt 0.558227 0.697018
vt 0.047012 0.126887
vt 0.046150 0.123675
vt 0.068260 0.121466
vt 0.047753 0.131404
vt 0.068890 0.126851
vt 0.028885 0.135094
vt 0.028289 0.131448
vt 0.027597 0.128537
vt 0.486070 0.010616
vt 0.485148 0.007095
vt 0.487179 0.006566
vt 0.488104 0.010100
vt 0.488137 0.030144
vt 0.490149 0.029698
vt 0.482254 0.031506
vt 0.480178 0.012172
vt 0.086622 0.116488
vt 0.101763 0.112323
vt 0.086785 0.122449
vt 0.101623 0.118671
vt 0.113348 0.109340
vt 0.124097 0.106641
vt 0.113588 0.115990
vt 0.124888 0.113587
vt 0.353050 0.045843
vt 0.369045 0.041603
vt 0.353818 0.060856
vt 0.369810 0.057152
vt 0.338870 0.064368
vt 0.337923 0.049852
vt 0.319228 0.054809
vt 0.320712 0.068726
vt 0.301020 0.073447
vt 0.298735 0.060250
vt 0.390342 0.035960
vt 0.412946 0.029971
vt 0.391105 0.052221
vt 0.413868 0.046997
vt 0.322517 0.518457
vt 0.323409 0.504348
vt 0.127376 0.027246
vt 0.127408 0.025257
vt 0.558073 0.614393
vt 0.557958 0.599966
vt 0.577799 0.614371
vt 0.577688 0.599963
vt 0.245988 0.026937
vt 0.245989 0.029465
vt 0.245994 0.024236
vt 0.253067 0.024257
vt 0.253078 0.026944
vt 0.558015 0.486880
vt 0.558060 0.475437
vt 0.577749 0.486956
vt 0.577789 0.475523
vt 0.557835 0.585465
vt 0.577572 0.585475
vt 0.456737 0.555268
vt 0.455773 0.558782
vt 0.436561 0.549735
vt 0.458325 0.536628
vt 0.437643 0.531793
vt 0.476476 0.540855
vt 0.474387 0.560109
vt 0.432861 0.024696
vt 0.450806 0.019943
vt 0.434269 0.042414
vt 0.452704 0.038289
vt 0.421438 0.545587
vt 0.422349 0.528159
vt 0.066124 0.025721
vt 0.066134 0.023465
vt 0.163822 0.096102
vt 0.175152 0.095004
vt 0.164653 0.104289
vt 0.175701 0.102827
vt 0.151265 0.107452
vt 0.150291 0.099706
vt 0.136730 0.103324
vt 0.137729 0.110646
vt 0.199825 0.484820
vt 0.215902 0.487304
vt 0.197890 0.475315
vt 0.213216 0.477680
vt 0.278213 0.065713
vt 0.262372 0.071868
vt 0.281475 0.078052
vt 0.266158 0.082531
vt 0.225597 0.484202
vt 0.222729 0.475455
vt 0.229071 0.471596
vt 0.231862 0.479162
vt 0.255918 0.079387
vt 0.259155 0.086872
vt 0.256597 0.094847
vt 0.253517 0.086810
vt 0.248761 0.473100
vt 0.243203 0.473918
vt 0.246259 0.467050
vt 0.240500 0.467615
vt 0.251837 0.467241
vt 0.254105 0.473221
vt 0.237650 0.475837
vt 0.234883 0.469057
vt 0.276130 0.486462
vt 0.272881 0.482247
vt 0.275404 0.478162
vt 0.271516 0.474775
vt 0.278804 0.482568
vt 0.278604 0.491953
vt 0.236855 0.102385
vt 0.244428 0.097645
vt 0.237241 0.106712
vt 0.244589 0.103895
vt 0.229693 0.111129
vt 0.228640 0.106312
vt 0.249834 0.092675
vt 0.251392 0.100231
vt 0.193196 0.107757
vt 0.199794 0.109646
vt 0.194116 0.113112
vt 0.201376 0.114257
vt 0.187331 0.110083
vt 0.187268 0.104327
vt 0.259014 0.474118
vt 0.256910 0.468072
vt 0.261799 0.469599
vt 0.263747 0.475899
vt 0.268561 0.478667
vt 0.266824 0.471876
vt 0.190057 0.025654
vt 0.190079 0.023525
vt 0.221305 0.108842
vt 0.222173 0.113609
vt 0.214855 0.114451
vt 0.214271 0.110156
vt 0.206960 0.110435
vt 0.207911 0.113951
vt 0.182110 0.098910
vt 0.182115 0.095925
vt 0.182218 0.104733
vt 0.080468 0.100192
vt 0.080246 0.099585
vt 0.089831 0.097138
vt 0.090122 0.097717
vt 0.235793 0.099599
vt 0.242986 0.094849
vt 0.227808 0.103491
vt 0.070019 0.101825
vt 0.069904 0.101189
vt 0.097624 0.095232
vt 0.097326 0.094654
vt 0.104170 0.091936
vt 0.104451 0.092527
vt 0.247867 0.089756
vt 0.250882 0.083649
vt 0.028202 0.095808
vt 0.035341 0.098123
vt 0.193166 0.104296
vt 0.199425 0.106432
vt 0.187613 0.100462
vt 0.021343 0.093203
vt 0.060620 0.102278
vt 0.060619 0.101628
vt 0.220551 0.106009
vt 0.213559 0.107278
vt 0.051896 0.101611
vt 0.043330 0.100158
vt 0.206370 0.107422
vt 0.252480 0.075855
vt 0.111742 0.088650
vt 0.112027 0.089242
vt 0.117946 0.086012
vt 0.118244 0.086601
vt 0.253163 0.069214
vt 0.013806 0.090210
vt 0.014051 0.089592
vt 0.182628 0.094472
vt 0.182785 0.094374
vt 0.179352 0.088828
vt 0.007616 0.087884
vt 0.117472 0.073977
vt 0.114452 0.066784
vt 0.305656 0.813644
vt 0.305464 0.806131
vt 0.304810 0.819423
vt 0.119311 0.079644
vt 0.005244 0.084356
vt 0.004883 0.086244
vt 0.225188 0.823033
vt 0.225628 0.824900
vt 0.224208 0.819258
vt 0.006221 0.080542
vt 0.016419 0.055880
vt 0.010668 0.065472
vt 0.224626 0.794366
vt 0.221734 0.804409
vt 0.230760 0.784872
vt 0.024906 0.046836
vt 0.035749 0.040042
vt 0.239892 0.778048
vt 0.251221 0.774244
vt 0.048755 0.035842
vt 0.063458 0.034871
vt 0.263941 0.773810
vt 0.276690 0.776368
vt 0.078228 0.037565
vt 0.091333 0.043058
vt 0.288108 0.781539
vt 0.297152 0.788739
vt 0.101850 0.050328
vt 0.109367 0.058555
vt 0.302783 0.797383
vt 0.821727 0.006018
vt 0.821746 0.006262
vt 0.815937 0.007433
vt 0.815926 0.007186
vt 0.248457 0.476261
vt 0.243340 0.477274
vt 0.253397 0.476224
vt 0.827330 0.005270
vt 0.827356 0.005514
vt 0.809740 0.008770
vt 0.809745 0.009023
vt 0.802786 0.011264
vt 0.802761 0.011012
vt 0.238055 0.479363
vt 0.232534 0.483011
vt 0.856413 0.007004
vt 0.850520 0.005980
vt 0.274052 0.489235
vt 0.271149 0.484902
vt 0.276089 0.494953
vt 0.863128 0.008396
vt 0.832873 0.004896
vt 0.832908 0.005141
vt 0.258153 0.477064
vt 0.262756 0.478791
vt 0.838545 0.004883
vt 0.844524 0.005248
vt 0.267236 0.481412
vt 0.226705 0.488697
vt 0.794624 0.014320
vt 0.794537 0.014085
vt 0.787939 0.016966
vt 0.787790 0.016749
vt 0.222087 0.493874
vt 0.871413 0.010286
vt 0.871389 0.010537
vt 0.277630 0.502623
vt 0.277409 0.502599
vt 0.278150 0.509244
vt 0.878292 0.011941
vt 0.787549 0.028531
vt 0.791213 0.037702
vt 0.271285 0.583778
vt 0.271512 0.592989
vt 0.272008 0.576830
vt 0.785424 0.021540
vt 0.881714 0.013580
vt 0.881569 0.012930
vt 0.333856 0.573919
vt 0.333538 0.573345
vt 0.335036 0.576751
vt 0.881527 0.016731
vt 0.875545 0.045495
vt 0.879437 0.035178
vt 0.340120 0.603204
vt 0.340414 0.593175
vt 0.336594 0.612190
vt 0.869334 0.054158
vt 0.860766 0.060380
vt 0.329345 0.618473
vt 0.319808 0.622082
vt 0.850182 0.064315
vt 0.838707 0.065731
vt 0.309422 0.623042
vt 0.298713 0.621479
vt 0.826767 0.064605
vt 0.814896 0.060958
vt 0.288209 0.617519
vt 0.279474 0.611205
vt 0.804685 0.054908
vt 0.796876 0.046916
vt 0.274075 0.602580
vt 0.111051 0.086985
vt 0.117279 0.084320
vt 0.103441 0.090306
vt 0.109802 0.083748
vt 0.017447 0.078199
vt 0.011063 0.075310
vt 0.020329 0.070591
vt 0.025253 0.081813
vt 0.015729 0.084290
vt 0.025264 0.062321
vt 0.032175 0.054776
vt 0.040841 0.049185
vt 0.051134 0.045769
vt 0.062854 0.045012
vt 0.074685 0.047089
vt 0.085300 0.051693
vt 0.094032 0.057935
vt 0.100400 0.064844
vt 0.104887 0.071853
vt 0.120710 0.085594
vt 0.120408 0.085005
vt 0.120958 0.084834
vt 0.120608 0.084431
vt 0.303898 0.825559
vt 0.304153 0.824802
vt 0.304437 0.824840
vt 0.304159 0.825604
vt 0.253436 0.066567
vt 0.253685 0.066479
vt 0.177982 0.086618
vt 0.225924 0.825664
vt 0.005165 0.087014
vt 0.182347 0.094716
vt 0.254224 0.066398
vt 0.305039 0.824859
vt 0.304708 0.825676
vt 0.115800 0.584152
vt 0.087717 0.584191
vt 0.249839 0.583947
vt 0.402288 0.588580
vt 0.414491 0.590741
vt 0.390471 0.587032
vt 0.352187 0.585316
vt 0.364459 0.586326
vt 0.343011 0.584251
vt 0.428577 0.593020
vt 0.377540 0.586590
vt 0.053674 0.574289
vt 0.052276 0.574271
vt 0.053505 0.573698
vt 0.052448 0.573820
vt 0.058202 0.573686
vt 0.058339 0.574279
vt 0.162752 0.574138
vt 0.157801 0.573552
vt 0.187024 0.573509
vt 0.188266 0.574101
vt 0.474025 0.595325
vt 0.453885 0.574508
vt 0.453905 0.573355
vt 0.210140 0.574067
vt 0.210124 0.573474
vt 0.271142 0.573944
vt 0.271298 0.573357
vt 0.272094 0.573387
vt 0.271934 0.573961
vt 0.339212 0.583828
vt 0.338349 0.583762
vt 0.785472 0.018542
vt 0.784886 0.018743
vt 0.785268 0.018008
vt 0.784873 0.018291
vt 0.788132 0.017499
vt 0.880184 0.024473
vt 0.880771 0.024671
vt 0.877498 0.023548
vt 0.809850 0.009532
vt 0.802914 0.011787
vt 0.816033 0.007930
vt 0.856300 0.016934
vt 0.862910 0.018799
vt 0.850451 0.015609
vt 0.844877 0.014731
vt 0.821836 0.006759
vt 0.827439 0.006017
vt 0.832983 0.005650
vt 0.245992 0.030998
vt 0.245995 0.032090
vt 0.272295 0.574024
vt 0.272454 0.573450
vt 0.784579 0.018788
vt 0.784597 0.018187
vt 0.337971 0.583763
vt 0.881060 0.024757
vt 0.797456 0.024001
vt 0.795554 0.017462
vt 0.800552 0.032218
vt 0.871355 0.011123
vt 0.871214 0.014031
vt 0.866718 0.039202
vt 0.862121 0.046244
vt 0.869619 0.030514
vt 0.855666 0.051010
vt 0.847492 0.053963
vt 0.838136 0.055014
vt 0.828364 0.054037
vt 0.819016 0.051048
vt 0.811032 0.046299
vt 0.805011 0.039872
vt 0.219093 0.495719
vt 0.219845 0.495936
vt 0.218658 0.496212
vt 0.219429 0.496413
vt 0.278186 0.502707
vt 0.279154 0.501927
vt 0.280600 0.499360
vt 0.282029 0.488523
vt 0.785094 0.017798
vt 0.220199 0.495989
vt 0.219792 0.496476
vt 0.278455 0.511960
vt 0.278558 0.512591
vt 0.881026 0.012596
vt 0.794788 0.014850
vt 0.870858 0.021312
vt 0.516345 0.574536
vt 0.516568 0.573316
vt 0.534922 0.573290
vt 0.534864 0.574478
vt 0.545544 0.574354
vt 0.544680 0.574431
vt 0.544900 0.573209
vt 0.544247 0.573570
vt 0.552881 0.451688
vt 0.552913 0.450407
vt 0.554656 0.450439
vt 0.554619 0.451708
vt 0.558243 0.451766
vt 0.558192 0.455588
vt 0.558324 0.450525
vt 0.577985 0.450616
vt 0.577891 0.451839
vt 0.577876 0.455659
vt 0.089050 0.825975
vt 0.069968 0.826020
vt 0.070462 0.825089
vt 0.089315 0.825046
vt 0.045727 0.122098
vt 0.027279 0.127047
vt 0.094907 0.806354
vt 0.079721 0.806273
vt 0.091843 0.817317
vt 0.074651 0.817320
vt 0.523650 0.707855
vt 0.523665 0.722830
vt 0.521409 0.691862
vt 0.523819 0.822532
vt 0.536907 0.822418
vt 0.506449 0.822607
vt 0.523812 0.819064
vt 0.523615 0.738753
vt 0.542807 0.610753
vt 0.542791 0.599388
vt 0.543017 0.623632
vt 0.543614 0.639818
vt 0.542358 0.783360
vt 0.514784 0.672884
vt 0.542775 0.587744
vt 0.542759 0.578529
vt 0.543030 0.825327
vt 0.542973 0.824388
vt 0.484707 0.005413
vt 0.486739 0.004883
vt 0.455313 0.560459
vt 0.455053 0.561128
vt 0.542750 0.574443
vt 0.542773 0.573286
vt 0.221243 0.021989
vt 0.205670 0.021828
vt 0.221261 0.019972
vt 0.205691 0.019842
vt 0.235233 0.020070
vt 0.235219 0.022104
vt 0.558119 0.464242
vt 0.577835 0.464322
vt 0.094900 0.021768
vt 0.079525 0.021251
vt 0.094920 0.019292
vt 0.079540 0.018817
vt 0.111233 0.019868
vt 0.111215 0.022356
vt 0.035851 0.021227
vt 0.021293 0.021584
vt 0.035844 0.019110
vt 0.021285 0.019632
vt 0.052382 0.018666
vt 0.052380 0.020955
vt 0.627979 0.661176
vt 0.627964 0.633205
vt 0.692888 0.661101
vt 0.692808 0.633144
vt 0.692962 0.686035
vt 0.627985 0.686027
vt 0.155657 0.449676
vt 0.134072 0.446036
vt 0.148930 0.429703
vt 0.128469 0.428714
vt 0.165980 0.430657
vt 0.173801 0.452825
vt 0.299886 0.467635
vt 0.290309 0.465749
vt 0.300211 0.428319
vt 0.287394 0.424754
vt 0.311185 0.427852
vt 0.311170 0.469158
vt 0.113423 0.127120
vt 0.125260 0.125559
vt 0.112752 0.141050
vt 0.125089 0.140825
vt 0.100028 0.141470
vt 0.101060 0.128931
vt 0.353766 0.097009
vt 0.369753 0.094911
vt 0.353309 0.143732
vt 0.369290 0.143775
vt 0.339264 0.143745
vt 0.339358 0.099030
vt 0.391041 0.092118
vt 0.414285 0.089189
vt 0.390568 0.143833
vt 0.414129 0.143947
vt 0.323653 0.470886
vt 0.323571 0.427747
vt 0.336121 0.427820
vt 0.336193 0.472641
vt 0.127429 0.022852
vt 0.127439 0.020403
vt 0.143428 0.020624
vt 0.143421 0.022955
vt 0.246002 0.022173
vt 0.246014 0.020116
vt 0.253089 0.020133
vt 0.253073 0.022203
vt 0.627746 0.585472
vt 0.627681 0.570159
vt 0.692791 0.585443
vt 0.692851 0.570141
vt 0.692756 0.599895
vt 0.627830 0.599936
vt 0.436144 0.086682
vt 0.456052 0.084434
vt 0.436958 0.144156
vt 0.457853 0.144362
vt 0.264535 0.102694
vt 0.272434 0.106795
vt 0.262935 0.113456
vt 0.273096 0.139349
vt 0.237682 0.452552
vt 0.231243 0.452858
vt 0.225451 0.433856
vt 0.218553 0.433881
vt 0.232308 0.433855
vt 0.244023 0.452677
vt 0.237530 0.116132
vt 0.243938 0.118546
vt 0.232030 0.122398
vt 0.237932 0.139859
vt 0.254238 0.118197
vt 0.254909 0.143814
vt 0.196045 0.124218
vt 0.205087 0.123998
vt 0.196738 0.141562
vt 0.212048 0.139356
vt 0.181859 0.137020
vt 0.187007 0.121192
vt 0.249573 0.453203
vt 0.238175 0.433938
vt 0.243704 0.433914
vt 0.254848 0.454051
vt 0.223967 0.124853
vt 0.224267 0.143296
vt 0.215749 0.124164
vt 0.209780 0.120994
vt 0.182323 0.114454
vt 0.177038 0.117291
vt 0.255940 0.026927
vt 0.255922 0.024250
vt 0.256622 0.024411
vt 0.256621 0.027137
vt 0.257402 0.401146
vt 0.276890 0.430996
vt 0.269060 0.431754
vt 0.251336 0.405023
vt 0.237178 0.378053
vt 0.233758 0.383771
vt 0.243483 0.371424
vt 0.262813 0.394399
vt 0.009895 0.135290
vt 0.009759 0.137848
vt 0.008899 0.137899
vt 0.009060 0.135388
vt 0.012198 0.134853
vt 0.012193 0.137562
vt 0.467501 0.015524
vt 0.469571 0.034436
vt 0.481933 0.562178
vt 0.484178 0.542664
vt 0.486068 0.543118
vt 0.483836 0.562697
vt 0.009447 0.139989
vt 0.008576 0.139977
vt 0.011941 0.139881
vt 0.011555 0.142002
vt 0.009031 0.141914
vt 0.008158 0.141842
vt 0.473441 0.082282
vt 0.486146 0.080622
vt 0.488351 0.144507
vt 0.475616 0.144467
vt 0.988556 0.229495
vt 0.989863 0.229497
vt 0.989671 0.245065
vt 0.988370 0.245061
vt 0.984121 0.229490
vt 0.983962 0.245058
vt 0.984143 0.215515
vt 0.988577 0.215520
vt 0.989884 0.215522
vt 0.899762 0.229358
vt 0.920984 0.229397
vt 0.920978 0.244968
vt 0.899766 0.244927
vt 0.878829 0.229317
vt 0.878836 0.244886
vt 0.878841 0.215341
vt 0.899735 0.215381
vt 0.920994 0.215420
vt 0.698280 0.112066
vt 0.698311 0.117687
vt 0.693551 0.117658
vt 0.694161 0.111320
vt 0.699065 0.107180
vt 0.695136 0.105635
vt 0.702253 0.108320
vt 0.702458 0.112146
vt 0.703101 0.117447
vt 0.867621 0.093367
vt 0.866799 0.091091
vt 0.868461 0.090150
vt 0.869143 0.093259
vt 0.866742 0.095578
vt 0.868433 0.096286
vt 0.865153 0.094984
vt 0.865625 0.093485
vt 0.865198 0.091910
vt 0.987869 0.260644
vt 0.989153 0.260650
vt 0.988707 0.276214
vt 0.987437 0.276207
vt 0.983538 0.260640
vt 0.983170 0.276200
vt 0.988327 0.355776
vt 0.989624 0.355854
vt 0.989591 0.371210
vt 0.988303 0.371083
vt 0.983934 0.355473
vt 0.983943 0.370595
vt 0.983867 0.339348
vt 0.988254 0.339511
vt 0.989550 0.339549
vt 0.862463 0.352843
vt 0.864674 0.342641
vt 0.881045 0.341145
vt 0.879371 0.353608
vt 0.857271 0.362012
vt 0.874784 0.366733
vt 0.846080 0.359151
vt 0.851221 0.351985
vt 0.853488 0.343959
vt 0.564313 0.401988
vt 0.571649 0.402284
vt 0.576182 0.409172
vt 0.568995 0.411057
vt 0.554917 0.401426
vt 0.559420 0.413590
vt 0.554897 0.385559
vt 0.563792 0.389861
vt 0.570607 0.393488
vt 0.941202 0.194713
vt 0.941203 0.194119
vt 0.959221 0.194149
vt 0.959204 0.194740
vt 0.941197 0.197573
vt 0.959199 0.197600
vt 0.921020 0.197539
vt 0.921025 0.194679
vt 0.921026 0.194085
vt 0.941136 0.260578
vt 0.941132 0.245003
vt 0.959112 0.245030
vt 0.959040 0.260607
vt 0.941146 0.276164
vt 0.958976 0.276166
vt 0.921005 0.276187
vt 0.920974 0.260541
vt 0.941319 0.323430
vt 0.941198 0.307496
vt 0.958995 0.307284
vt 0.959090 0.323067
vt 0.941690 0.339065
vt 0.959248 0.338765
vt 0.921962 0.339637
vt 0.921488 0.324066
vt 0.921263 0.307930
vt 0.834280 0.194508
vt 0.834216 0.193929
vt 0.844985 0.193941
vt 0.844982 0.194531
vt 0.834373 0.197369
vt 0.844905 0.197391
vt 0.828009 0.197349
vt 0.827733 0.194492
vt 0.827599 0.193923
vt 0.026867 0.197421
vt 0.025978 0.193714
vt 0.028091 0.192192
vt 0.028697 0.197285
vt 0.025671 0.200829
vt 0.027787 0.202168
vt 0.023607 0.199482
vt 0.024417 0.197239
vt 0.023948 0.194728
vt 0.641519 0.194486
vt 0.641518 0.193649
vt 0.653388 0.193641
vt 0.653386 0.194399
vt 0.641525 0.198639
vt 0.653378 0.198135
vt 0.627019 0.199342
vt 0.627052 0.194608
vt 0.627067 0.193662
vt 0.641830 0.397410
vt 0.640817 0.384835
vt 0.654382 0.386542
vt 0.654815 0.402221
vt 0.639099 0.408594
vt 0.651678 0.419287
vt 0.631705 0.401726
vt 0.633805 0.392631
vt 0.632253 0.383155
vt 0.740068 0.194380
vt 0.740325 0.193767
vt 0.755670 0.193783
vt 0.755355 0.194364
vt 0.739117 0.197463
vt 0.754184 0.197301
vt 0.719371 0.197665
vt 0.720020 0.194396
vt 0.720194 0.193742
vt 0.691395 0.309001
vt 0.703556 0.301080
vt 0.712355 0.315448
vt 0.699214 0.322822
vt 0.678094 0.315983
vt 0.684572 0.329282
vt 0.670622 0.302980
vt 0.682878 0.296232
vt 0.694348 0.288116
vt 0.606262 0.194722
vt 0.606332 0.193664
vt 0.606086 0.200066
vt 0.585761 0.200572
vt 0.585986 0.194798
vt 0.586071 0.193655
vt 0.603213 0.256098
vt 0.603589 0.247446
vt 0.616595 0.247409
vt 0.615236 0.257260
vt 0.603448 0.264308
vt 0.616315 0.266310
vt 0.590586 0.262092
vt 0.591191 0.254881
vt 0.590583 0.247603
vt 0.958328 0.100047
vt 0.956382 0.102626
vt 0.954165 0.101164
vt 0.955398 0.098803
vt 0.959172 0.097975
vt 0.956515 0.096262
vt 0.961399 0.098759
vt 0.960423 0.101189
vt 0.958580 0.104298
vt 0.993861 0.436959
vt 0.992984 0.428943
vt 0.994314 0.429344
vt 0.995043 0.437218
vt 0.994096 0.441118
vt 0.995093 0.441202
vt 0.990878 0.440796
vt 0.989929 0.435965
vt 0.988473 0.427411
vt 0.917919 0.431612
vt 0.918248 0.420537
vt 0.932885 0.420486
vt 0.933318 0.431555
vt 0.917476 0.439289
vt 0.933429 0.439296
vt 0.903405 0.439257
vt 0.903727 0.431579
vt 0.904241 0.420456
vt 0.604996 0.418710
vt 0.605460 0.415200
vt 0.616199 0.412841
vt 0.618964 0.417119
vt 0.604051 0.424093
vt 0.621502 0.423367
vt 0.586008 0.423689
vt 0.590842 0.418648
vt 0.594387 0.415432
vt 0.500886 0.328089
vt 0.499165 0.328092
vt 0.498832 0.312761
vt 0.500553 0.312741
vt 0.506891 0.328102
vt 0.506790 0.312582
vt 0.507011 0.342757
vt 0.501132 0.342608
vt 0.499411 0.342574
vt 0.630904 0.414456
vt 0.625392 0.408406
vt 0.636189 0.422574
vt 0.635003 0.354440
vt 0.650722 0.352102
vt 0.651559 0.363041
vt 0.635063 0.365331
vt 0.621186 0.355412
vt 0.619680 0.367558
vt 0.622127 0.342338
vt 0.635199 0.342112
vt 0.649455 0.340323
vt 0.500338 0.438319
vt 0.498616 0.438603
vt 0.498723 0.428679
vt 0.500445 0.428307
vt 0.506280 0.437177
vt 0.506365 0.426804
vt 0.506276 0.440534
vt 0.500334 0.440889
vt 0.498612 0.440980
vt 0.666374 0.194391
vt 0.666379 0.193656
vt 0.681576 0.193684
vt 0.681548 0.194412
vt 0.666350 0.198006
vt 0.681434 0.198000
vt 0.662414 0.322327
vt 0.656764 0.308525
vt 0.666949 0.335581
vt 0.646689 0.326841
vt 0.642233 0.312112
vt 0.673262 0.403886
vt 0.673030 0.386844
vt 0.693474 0.386385
vt 0.694068 0.403924
vt 0.673237 0.419933
vt 0.694332 0.419971
vt 0.673217 0.431380
vt 0.694345 0.431415
vt 0.673204 0.438889
vt 0.694255 0.438922
vt 0.653845 0.438857
vt 0.653830 0.431355
vt 0.710601 0.368575
vt 0.692471 0.370467
vt 0.690885 0.355889
vt 0.708150 0.352307
vt 0.727533 0.365748
vt 0.724504 0.347202
vt 0.729800 0.385029
vt 0.712428 0.385809
vt 0.608035 0.355703
vt 0.595507 0.356178
vt 0.594019 0.342491
vt 0.608184 0.342391
vt 0.607127 0.365701
vt 0.596473 0.366543
vt 0.501198 0.357135
vt 0.499477 0.356994
vt 0.506999 0.357697
vt 0.506863 0.376595
vt 0.501078 0.376030
vt 0.499357 0.375886
vt 0.633251 0.328331
vt 0.620363 0.328308
vt 0.613973 0.312788
vt 0.627956 0.312988
vt 0.744131 0.360990
vt 0.760291 0.355875
vt 0.762809 0.382367
vt 0.745495 0.383960
vt 0.741562 0.338844
vt 0.761545 0.327734
vt 0.669581 0.347717
vt 0.688544 0.342373
vt 0.671094 0.359681
vt 0.988593 0.204728
vt 0.989900 0.204729
vt 0.984159 0.204722
vt 0.984168 0.197635
vt 0.988602 0.197641
vt 0.989910 0.197641
vt 0.899737 0.204588
vt 0.921008 0.204627
vt 0.878898 0.204548
vt 0.878959 0.197460
vt 0.899749 0.197500
vt 0.550454 0.194811
vt 0.550141 0.193606
vt 0.562608 0.193620
vt 0.562783 0.194794
vt 0.551589 0.200803
vt 0.563278 0.200575
vt 0.537803 0.201233
vt 0.536183 0.194814
vt 0.535828 0.193586
vt 0.941147 0.229432
vt 0.941169 0.215454
vt 0.959151 0.229459
vt 0.959172 0.215481
vt 0.832628 0.226702
vt 0.826038 0.224675
vt 0.828472 0.214084
vt 0.834260 0.214621
vt 0.843573 0.228615
vt 0.844307 0.215113
vt 0.840100 0.246612
vt 0.827869 0.239212
vt 0.820561 0.234668
vt 0.702525 0.228997
vt 0.689496 0.230243
vt 0.681210 0.218750
vt 0.699152 0.217627
vt 0.719535 0.227572
vt 0.717163 0.216475
vt 0.725346 0.238306
vt 0.709313 0.240321
vt 0.693892 0.244035
vt 0.604359 0.238954
vt 0.588775 0.240738
vt 0.583524 0.232262
vt 0.605190 0.228341
vt 0.619951 0.237494
vt 0.627571 0.225598
vt 0.919672 0.037087
vt 0.919377 0.033319
vt 0.923181 0.032347
vt 0.923336 0.036526
vt 0.919399 0.040689
vt 0.923219 0.040499
vt 0.914889 0.040718
vt 0.915605 0.037226
vt 0.916208 0.034265
vt 0.606285 0.328283
vt 0.591955 0.328257
vt 0.587265 0.313673
vt 0.600318 0.313149
vt 0.675419 0.285051
vt 0.663668 0.290779
vt 0.658608 0.281628
vt 0.670076 0.276990
vt 0.686086 0.277143
vt 0.680013 0.269451
vt 0.695714 0.266635
vt 0.705848 0.278465
vt 0.687757 0.258275
vt 0.706325 0.256917
vt 0.718096 0.269269
vt 0.650787 0.294744
vt 0.635895 0.296592
vt 0.630235 0.282346
vt 0.646276 0.284100
vt 0.548187 0.300364
vt 0.545655 0.290071
vt 0.553464 0.290414
vt 0.558260 0.300575
vt 0.550700 0.313978
vt 0.563113 0.314049
vt 0.536943 0.313441
vt 0.536578 0.298297
vt 0.538114 0.287953
vt 0.518510 0.242689
vt 0.521212 0.232734
vt 0.534015 0.244152
vt 0.530432 0.250846
vt 0.517180 0.252143
vt 0.528213 0.257893
vt 0.505878 0.246263
vt 0.506293 0.234379
vt 0.506986 0.223382
vt 0.516495 0.263674
vt 0.527243 0.266157
vt 0.517740 0.277325
vt 0.528047 0.274899
vt 0.505645 0.277741
vt 0.505489 0.261101
vt 0.519583 0.401887
vt 0.519660 0.377916
vt 0.534283 0.379867
vt 0.534339 0.400839
vt 0.519562 0.423294
vt 0.535396 0.419408
vt 0.506606 0.403120
vt 0.551266 0.328184
vt 0.550164 0.344079
vt 0.535949 0.343567
vt 0.536667 0.328158
vt 0.564896 0.328209
vt 0.565251 0.346233
vt 0.578340 0.416354
vt 0.569549 0.421093
vt 0.584194 0.413488
vt 0.583560 0.357705
vt 0.586669 0.369205
vt 0.578579 0.374550
vt 0.573576 0.363154
vt 0.580279 0.342853
vt 0.578309 0.328233
vt 0.575082 0.313960
vt 0.568027 0.300150
vt 0.561226 0.289660
vt 0.568976 0.287531
vt 0.577894 0.298932
vt 0.573092 0.214993
vt 0.573004 0.229286
vt 0.565261 0.229014
vt 0.564296 0.214832
vt 0.573080 0.200620
vt 0.585317 0.214892
vt 0.500234 0.295734
vt 0.498513 0.295799
vt 0.498374 0.277894
vt 0.500095 0.277886
vt 0.506866 0.295049
vt 0.588263 0.296762
vt 0.576749 0.283750
vt 0.585951 0.277678
vt 0.601035 0.295242
vt 0.618112 0.295972
vt 0.608652 0.280921
vt 0.604513 0.271475
vt 0.620275 0.273821
vt 0.588754 0.268754
vt 0.526014 0.219701
vt 0.539072 0.236950
vt 0.508206 0.211206
vt 0.507146 0.199599
vt 0.521710 0.201795
vt 0.541715 0.217259
vt 0.547812 0.233033
vt 0.974152 0.382068
vt 0.960436 0.380377
vt 0.959848 0.368255
vt 0.973889 0.369472
vt 0.984020 0.383681
vt 0.984681 0.397052
vt 0.974811 0.394776
vt 0.961215 0.392534
vt 0.973595 0.323083
vt 0.973752 0.338979
vt 0.973424 0.307259
vt 0.983364 0.307308
vt 0.983630 0.323242
vt 0.864535 0.331119
vt 0.881182 0.326870
vt 0.852942 0.335200
vt 0.849948 0.326691
vt 0.862577 0.319223
vt 0.880334 0.311679
vt 0.976085 0.409811
vt 0.962161 0.406792
vt 0.986443 0.413034
vt 0.978070 0.423877
vt 0.964016 0.420646
vt 0.889903 0.431648
vt 0.890469 0.420527
vt 0.889658 0.439258
vt 0.875991 0.439264
vt 0.876235 0.431730
vt 0.876795 0.420622
vt 0.818146 0.250663
vt 0.824946 0.263105
vt 0.805243 0.261890
vt 0.811561 0.277249
vt 0.796765 0.249039
vt 0.811213 0.242533
vt 0.899696 0.260500
vt 0.878836 0.260458
vt 0.899724 0.276250
vt 0.875205 0.279327
vt 0.848472 0.370437
vt 0.838005 0.365328
vt 0.860264 0.376325
vt 0.850371 0.387965
vt 0.839426 0.377220
vt 0.827029 0.370453
vt 0.566933 0.375395
vt 0.573071 0.383444
vt 0.558220 0.366949
vt 0.775905 0.351971
vt 0.778690 0.367389
vt 0.778541 0.334759
vt 0.788977 0.339242
vt 0.787642 0.349474
vt 0.789671 0.359101
vt 0.868024 0.380904
vt 0.865452 0.390832
vt 0.879580 0.378332
vt 0.878974 0.390375
vt 0.833497 0.381464
vt 0.824408 0.378838
vt 0.836399 0.390548
vt 0.824537 0.389668
vt 0.861974 0.443482
vt 0.861894 0.445441
vt 0.848228 0.445413
vt 0.848326 0.443454
vt 0.862162 0.439247
vt 0.848562 0.439219
vt 0.875860 0.443509
vt 0.875805 0.445469
vt 0.859926 0.260420
vt 0.855598 0.277420
vt 0.842794 0.265150
vt 0.843147 0.278354
vt 0.859525 0.244847
vt 0.859537 0.229278
vt 0.859766 0.215302
vt 0.860019 0.204510
vt 0.844716 0.204479
vt 0.860222 0.197423
vt 0.784567 0.322380
vt 0.773951 0.310514
vt 0.785468 0.298663
vt 0.792889 0.313162
vt 0.792643 0.331259
vt 0.798035 0.324860
vt 0.827264 0.279416
vt 0.830835 0.293003
vt 0.813687 0.295438
vt 0.814745 0.313487
vt 0.750181 0.244483
vt 0.761684 0.241655
vt 0.771991 0.246185
vt 0.760921 0.250978
vt 0.735062 0.247931
vt 0.746314 0.256873
vt 0.741379 0.236291
vt 0.753643 0.234593
vt 0.825987 0.204363
vt 0.828692 0.204428
vt 0.825789 0.213760
vt 0.825125 0.204311
vt 0.824906 0.213592
vt 0.824380 0.197320
vt 0.825194 0.197323
vt 0.761120 0.194355
vt 0.761443 0.193787
vt 0.761899 0.194373
vt 0.762212 0.193813
vt 0.760700 0.197219
vt 0.759896 0.197225
vt 0.754673 0.224239
vt 0.749583 0.224955
vt 0.748972 0.214398
vt 0.754344 0.213932
vt 0.755545 0.223867
vt 0.755248 0.213752
vt 0.759116 0.232945
vt 0.758370 0.233528
vt 0.765954 0.240065
vt 0.766462 0.239308
vt 0.776115 0.242971
vt 0.775881 0.243843
vt 0.786608 0.244855
vt 0.782851 0.248229
vt 0.786603 0.243950
vt 0.797412 0.242377
vt 0.797643 0.243246
vt 0.808497 0.239159
vt 0.808024 0.238383
vt 0.816853 0.232005
vt 0.817539 0.232624
vt 0.823138 0.223669
vt 0.822315 0.223282
vt 0.586348 0.254477
vt 0.585485 0.261142
vt 0.585380 0.254480
vt 0.584543 0.260897
vt 0.584528 0.248171
vt 0.585451 0.247894
vt 0.582895 0.241827
vt 0.582101 0.242400
vt 0.578077 0.237999
vt 0.578660 0.237181
vt 0.572726 0.234859
vt 0.572436 0.235797
vt 0.565608 0.235538
vt 0.565596 0.234573
vt 0.557773 0.236034
vt 0.556703 0.230325
vt 0.558028 0.236968
vt 0.550683 0.239885
vt 0.550233 0.239028
vt 0.543952 0.243343
vt 0.544563 0.244088
vt 0.539668 0.249088
vt 0.538923 0.248481
vt 0.535142 0.253949
vt 0.535995 0.254394
vt 0.533621 0.260271
vt 0.532692 0.260024
vt 0.531658 0.266985
vt 0.532622 0.266984
vt 0.533203 0.273562
vt 0.532281 0.273846
vt 0.534798 0.279619
vt 0.531150 0.283381
vt 0.535568 0.279033
vt 0.539629 0.282954
vt 0.539090 0.283786
vt 0.545036 0.285827
vt 0.545297 0.284884
vt 0.551841 0.285232
vt 0.551854 0.286196
vt 0.558758 0.285350
vt 0.558527 0.284405
vt 0.565228 0.282086
vt 0.565644 0.282970
vt 0.572406 0.278740
vt 0.571819 0.277960
vt 0.577608 0.272704
vt 0.578344 0.273340
vt 0.582760 0.267452
vt 0.581901 0.266995
vt 0.822279 0.319465
vt 0.827046 0.313456
vt 0.837363 0.314591
vt 0.832003 0.320136
vt 0.822296 0.320174
vt 0.831793 0.320820
vt 0.812965 0.321806
vt 0.812738 0.321133
vt 0.805595 0.324544
vt 0.804550 0.319381
vt 0.805980 0.325139
vt 0.800699 0.329667
vt 0.800190 0.329180
vt 0.795865 0.334525
vt 0.796480 0.334880
vt 0.793734 0.341062
vt 0.793048 0.340887
vt 0.792166 0.348574
vt 0.792875 0.348498
vt 0.794543 0.355716
vt 0.793893 0.356049
vt 0.798898 0.361775
vt 0.796095 0.365270
vt 0.799378 0.361246
vt 0.806597 0.364917
vt 0.806338 0.365572
vt 0.805131 0.368753
vt 0.815369 0.367261
vt 0.814992 0.370315
vt 0.815418 0.366554
vt 0.824845 0.365843
vt 0.824995 0.366535
vt 0.834223 0.363088
vt 0.833883 0.362466
vt 0.841404 0.357277
vt 0.841912 0.357771
vt 0.846920 0.351435
vt 0.846279 0.351129
vt 0.848433 0.344251
vt 0.849145 0.344330
vt 0.848481 0.336703
vt 0.847791 0.336868
vt 0.844642 0.329912
vt 0.845231 0.329519
vt 0.839696 0.323742
vt 0.844877 0.319412
vt 0.839276 0.324314
vt 0.630238 0.391064
vt 0.628372 0.399146
vt 0.629205 0.391092
vt 0.627367 0.398809
vt 0.627697 0.383327
vt 0.628612 0.382936
vt 0.623638 0.376113
vt 0.627612 0.375335
vt 0.622958 0.376806
vt 0.615707 0.372365
vt 0.616093 0.371467
vt 0.606752 0.369870
vt 0.606665 0.370837
vt 0.597179 0.371745
vt 0.596973 0.370808
vt 0.588118 0.373768
vt 0.588598 0.374612
vt 0.581583 0.379585
vt 0.580864 0.378923
vt 0.575893 0.386445
vt 0.576794 0.386811
vt 0.574698 0.394700
vt 0.573720 0.394700
vt 0.574864 0.402051
vt 0.575759 0.401664
vt 0.579953 0.407217
vt 0.579214 0.407929
vt 0.586661 0.411765
vt 0.587259 0.410876
vt 0.596269 0.412572
vt 0.595894 0.413532
vt 0.605599 0.413200
vt 0.605581 0.412238
vt 0.614434 0.409800
vt 0.614887 0.410667
vt 0.622867 0.405832
vt 0.622070 0.405184
vt 0.645027 0.279711
vt 0.634267 0.278685
vt 0.645316 0.278736
vt 0.634923 0.277769
vt 0.656700 0.276846
vt 0.656820 0.277776
vt 0.667906 0.273581
vt 0.667455 0.272743
vt 0.676666 0.265685
vt 0.677376 0.266330
vt 0.684321 0.255230
vt 0.683414 0.254930
vt 0.686216 0.242814
vt 0.687188 0.242692
vt 0.684427 0.231128
vt 0.683589 0.231671
vt 0.676405 0.223628
vt 0.676990 0.222769
vt 0.665830 0.219847
vt 0.666135 0.216000
vt 0.665539 0.220814
vt 0.653392 0.221590
vt 0.653365 0.220643
vt 0.653348 0.216718
vt 0.642014 0.223437
vt 0.641669 0.219242
vt 0.642364 0.224316
vt 0.633207 0.229539
vt 0.632576 0.228818
vt 0.625855 0.237373
vt 0.626673 0.237800
vt 0.622657 0.247574
vt 0.621731 0.247476
vt 0.620084 0.257499
vt 0.621056 0.257332
vt 0.622380 0.266199
vt 0.621428 0.266616
vt 0.626278 0.273999
vt 0.627140 0.273300
vt 0.650428 0.121306
vt 0.650025 0.121256
vt 0.651115 0.111935
vt 0.651515 0.112039
vt 0.652205 0.121577
vt 0.653281 0.112517
vt 0.652108 0.128495
vt 0.650370 0.128305
vt 0.649975 0.128282
vt 0.721039 0.133027
vt 0.721389 0.133048
vt 0.721211 0.133489
vt 0.720910 0.133620
vt 0.719473 0.133021
vt 0.719348 0.133609
vt 0.720225 0.130116
vt 0.721836 0.130082
vt 0.722197 0.130090
vt 0.724136 0.102596
vt 0.724522 0.102420
vt 0.725684 0.112772
vt 0.725279 0.112859
vt 0.722428 0.103366
vt 0.723487 0.113247
vt 0.718515 0.094742
vt 0.719965 0.093559
vt 0.720293 0.093291
vt 0.712477 0.087103
vt 0.712706 0.086757
vt 0.711465 0.088636
vt 0.702156 0.084988
vt 0.702661 0.083226
vt 0.702775 0.082828
vt 0.691891 0.082050
vt 0.691909 0.081636
vt 0.691805 0.083883
vt 0.681085 0.085267
vt 0.680749 0.083489
vt 0.680672 0.083087
vt 0.669839 0.087471
vt 0.669645 0.087110
vt 0.670691 0.089071
vt 0.662100 0.095194
vt 0.660787 0.093906
vt 0.660489 0.093615
vt 0.654813 0.102461
vt 0.654448 0.102264
vt 0.656429 0.103332
vt 0.896966 0.102952
vt 0.901534 0.105651
vt 0.897081 0.110633
vt 0.893354 0.106859
vt 0.891771 0.099833
vt 0.889142 0.102492
vt 0.893492 0.096699
vt 0.899376 0.098391
vt 0.904514 0.099855
vt 0.900482 0.093423
vt 0.905905 0.093641
vt 0.894227 0.093179
vt 0.893674 0.089746
vt 0.899953 0.088580
vt 0.905412 0.087608
vt 0.897462 0.084221
vt 0.902569 0.082107
vt 0.891646 0.086760
vt 0.888477 0.084163
vt 0.893293 0.080315
vt 0.897588 0.077090
vt 0.887807 0.077093
vt 0.890727 0.072877
vt 0.884561 0.082069
vt 0.880117 0.080779
vt 0.881548 0.075096
vt 0.882842 0.070250
vt 0.875166 0.074684
vt 0.874973 0.069649
vt 0.875384 0.080543
vt 0.870799 0.081143
vt 0.869108 0.075588
vt 0.867601 0.070823
vt 0.863820 0.077476
vt 0.861169 0.073223
vt 0.866813 0.082422
vt 0.863376 0.084386
vt 0.859237 0.080373
vt 0.855593 0.076924
vt 0.855305 0.084426
vt 0.850802 0.082153
vt 0.860442 0.087107
vt 0.858434 0.090292
vt 0.852629 0.089113
vt 0.847561 0.088164
vt 0.851628 0.093892
vt 0.846359 0.094143
vt 0.857688 0.093667
vt 0.858128 0.096899
vt 0.852254 0.098461
vt 0.847170 0.099827
vt 0.854558 0.102607
vt 0.850080 0.105169
vt 0.859787 0.099662
vt 0.862547 0.102138
vt 0.858319 0.106370
vt 0.854761 0.110043
vt 0.863267 0.109553
vt 0.860642 0.114042
vt 0.866366 0.104322
vt 0.871026 0.105833
vt 0.869253 0.111730
vt 0.867704 0.116763
vt 0.876092 0.112494
vt 0.875932 0.117787
vt 0.876269 0.106339
vt 0.881391 0.105894
vt 0.882865 0.111801
vt 0.884178 0.116883
vt 0.888647 0.109850
vt 0.891280 0.114419
vt 0.885686 0.104552
vt 0.041070 0.176106
vt 0.042166 0.172598
vt 0.051522 0.175860
vt 0.049127 0.178816
vt 0.039665 0.180652
vt 0.045999 0.182648
vt 0.032965 0.180340
vt 0.032546 0.175607
vt 0.032289 0.171983
vt 0.025616 0.177243
vt 0.024350 0.173816
vt 0.027387 0.181670
vt 0.022765 0.184172
vt 0.019948 0.180312
vt 0.017867 0.177286
vt 0.015244 0.184270
vt 0.012492 0.181874
vt 0.018959 0.187365
vt 0.016191 0.191275
vt 0.011779 0.189244
vt 0.008490 0.187691
vt 0.009807 0.195414
vt 0.006179 0.195043
vt 0.014655 0.195973
vt 0.014946 0.200809
vt 0.010011 0.201773
vt 0.006389 0.202620
vt 0.013125 0.207555
vt 0.009769 0.209413
vt 0.017579 0.205262
vt 0.022060 0.209004
vt 0.018633 0.212439
vt 0.015959 0.215145
vt 0.025891 0.215847
vt 0.024386 0.219198
vt 0.027768 0.211545
vt 0.034175 0.212485
vt 0.034154 0.217178
vt 0.034093 0.220821
vt 0.042640 0.216001
vt 0.044032 0.219402
vt 0.040747 0.211589
vt 0.046709 0.209104
vt 0.050184 0.212752
vt 0.052744 0.215566
vt 0.055713 0.208129
vt 0.058919 0.210186
vt 0.051327 0.205495
vt 0.054161 0.200993
vt 0.058996 0.202454
vt 0.062533 0.203634
vt 0.059833 0.195844
vt 0.063617 0.196039
vt 0.054749 0.195678
vt 0.053445 0.190378
vt 0.058373 0.189147
vt 0.062110 0.188264
vt 0.054832 0.183331
vt 0.058104 0.181322
vt 0.050548 0.185976
vt 0.940030 0.095274
vt 0.936771 0.093775
vt 0.940338 0.085873
vt 0.943342 0.087951
vt 0.944762 0.096868
vt 0.947539 0.090716
vt 0.944657 0.103280
vt 0.939920 0.103081
vt 0.936620 0.102381
vt 0.943080 0.110093
vt 0.939912 0.110429
vt 0.947351 0.108832
vt 0.952093 0.113116
vt 0.948792 0.115658
vt 0.946159 0.117068
vt 0.956378 0.119142
vt 0.954890 0.121444
vt 0.958124 0.115650
vt 0.964837 0.116371
vt 0.964943 0.120307
vt 0.964923 0.123039
vt 0.973245 0.119115
vt 0.974537 0.121693
vt 0.971468 0.115336
vt 0.977353 0.112531
vt 0.980560 0.115664
vt 0.982917 0.117720
vt 0.986314 0.109971
vt 0.989485 0.111107
vt 0.981916 0.108075
vt 0.984707 0.102653
vt 0.989755 0.103082
vt 0.993305 0.103190
vt 0.990391 0.096230
vt 0.993827 0.095575
vt 0.985382 0.096998
vt 0.983567 0.091796
vt 0.988116 0.089914
vt 0.991226 0.088491
vt 0.982506 0.084385
vt 0.984940 0.082070
vt 0.978912 0.087522
vt 0.972457 0.084489
vt 0.974563 0.080384
vt 0.975976 0.077391
vt 0.965977 0.078579
vt 0.966027 0.075294
vt 0.965714 0.083118
vt 0.959018 0.083531
vt 0.957415 0.079206
vt 0.956069 0.076126
vt 0.949465 0.082453
vt 0.947063 0.079822
vt 0.952625 0.086171
vt 0.902040 0.064938
vt 0.900146 0.067016
vt 0.891163 0.058409
vt 0.893643 0.057014
vt 0.904835 0.061821
vt 0.897266 0.054973
vt 0.915087 0.066663
vt 0.913547 0.070553
vt 0.912525 0.073099
vt 0.926176 0.072822
vt 0.926115 0.075505
vt 0.926285 0.068646
vt 0.937640 0.067049
vt 0.938955 0.070840
vt 0.939842 0.073325
vt 0.951219 0.063966
vt 0.952923 0.065792
vt 0.948617 0.061136
vt 0.956358 0.051934
vt 0.959854 0.053393
vt 0.962149 0.054336
vt 0.962867 0.041339
vt 0.965501 0.041307
vt 0.959001 0.041346
vt 0.956943 0.031134
vt 0.960779 0.029738
vt 0.963379 0.028814
vt 0.953347 0.019734
vt 0.955500 0.018034
vt 0.950175 0.022374
vt 0.940043 0.015828
vt 0.942031 0.012212
vt 0.943359 0.009924
vt 0.929868 0.008466
vt 0.930281 0.005844
vt 0.929248 0.012596
vt 0.918769 0.012711
vt 0.918034 0.008682
vt 0.917574 0.006126
vt 0.907022 0.012844
vt 0.905732 0.010621
vt 0.909031 0.016275
vt 0.900850 0.022584
vt 0.897781 0.020132
vt 0.895809 0.018573
vt 0.891469 0.029219
vt 0.889034 0.028370
vt 0.895184 0.030554
vt 0.892643 0.039003
vt 0.888639 0.038780
vt 0.885962 0.038652
vt 0.889356 0.048118
vt 0.886676 0.048751
vt 0.893278 0.047216
vt 0.275855 0.226782
vt 0.256869 0.221632
vt 0.257336 0.219930
vt 0.276318 0.225086
vt 0.295760 0.232183
vt 0.296218 0.230495
vt 0.295527 0.233037
vt 0.275616 0.227642
vt 0.256631 0.222500
vt 0.667235 0.123992
vt 0.662011 0.123160
vt 0.662984 0.115222
vt 0.668163 0.116647
vt 0.672375 0.124640
vt 0.673257 0.117662
vt 0.671865 0.130686
vt 0.666840 0.130215
vt 0.661733 0.129627
vt 0.706487 0.133329
vt 0.710849 0.133134
vt 0.710745 0.133685
vt 0.706412 0.133863
vt 0.702029 0.133537
vt 0.701979 0.134061
vt 0.702255 0.130985
vt 0.706835 0.130719
vt 0.711359 0.130436
vt 0.707534 0.110351
vt 0.712932 0.107714
vt 0.713591 0.115416
vt 0.708247 0.116601
vt 0.705488 0.105530
vt 0.710411 0.101414
vt 0.701975 0.102136
vt 0.705699 0.097173
vt 0.697025 0.100120
vt 0.699173 0.094728
vt 0.690637 0.099493
vt 0.691227 0.093998
vt 0.689940 0.105129
vt 0.684411 0.105681
vt 0.683890 0.100312
vt 0.682928 0.095056
vt 0.677878 0.102590
vt 0.675364 0.097893
vt 0.679478 0.107312
vt 0.675740 0.108625
vt 0.673080 0.106103
vt 0.669253 0.102288
vt 0.669985 0.110740
vt 0.665275 0.108162
vt 0.674646 0.112374
vt 0.887906 0.097518
vt 0.886053 0.099220
vt 0.885360 0.095372
vt 0.883981 0.096273
vt 0.886704 0.094599
vt 0.889047 0.095448
vt 0.889438 0.092992
vt 0.886066 0.092873
vt 0.886421 0.091274
vt 0.888882 0.090610
vt 0.887312 0.088706
vt 0.884747 0.090543
vt 0.883088 0.089840
vt 0.885004 0.087163
vt 0.882251 0.085955
vt 0.881059 0.089333
vt 0.878619 0.089038
vt 0.879086 0.085207
vt 0.875533 0.085057
vt 0.875723 0.088981
vt 0.872839 0.089138
vt 0.872029 0.085397
vt 0.869034 0.086172
vt 0.870448 0.089515
vt 0.866481 0.087405
vt 0.864315 0.089149
vt 0.862832 0.091252
vt 0.862291 0.093562
vt 0.862700 0.095746
vt 0.863994 0.097499
vt 0.866091 0.098999
vt 0.868920 0.100328
vt 0.870554 0.096921
vt 0.873166 0.097392
vt 0.872384 0.101276
vt 0.876385 0.101637
vt 0.876342 0.097596
vt 0.879503 0.097496
vt 0.880312 0.101410
vt 0.883528 0.100557
vt 0.882038 0.097017
vt 0.038297 0.185124
vt 0.042857 0.186436
vt 0.037262 0.190036
vt 0.040476 0.190676
vt 0.033840 0.190056
vt 0.033467 0.184974
vt 0.029317 0.186036
vt 0.030746 0.190872
vt 0.025818 0.187985
vt 0.022950 0.190418
vt 0.020926 0.193320
vt 0.019925 0.196665
vt 0.020276 0.200088
vt 0.022189 0.203237
vt 0.025371 0.205794
vt 0.029482 0.207419
vt 0.030694 0.202856
vt 0.033975 0.202907
vt 0.034079 0.207926
vt 0.038698 0.207235
vt 0.037196 0.202379
vt 0.040190 0.201335
vt 0.042960 0.205489
vt 0.046492 0.202934
vt 0.042809 0.199875
vt 0.045267 0.198514
vt 0.048779 0.199648
vt 0.049352 0.195662
vt 0.044650 0.195729
vt 0.045187 0.192995
vt 0.048388 0.191743
vt 0.046221 0.188664
vt 0.042968 0.191809
vt 0.950413 0.097841
vt 0.952324 0.093665
vt 0.950329 0.102175
vt 0.952235 0.105931
vt 0.955552 0.108817
vt 0.959780 0.110497
vt 0.961372 0.105296
vt 0.964535 0.105568
vt 0.964515 0.110917
vt 0.969312 0.110100
vt 0.967823 0.105058
vt 0.970876 0.105153
vt 0.973543 0.108121
vt 0.976646 0.105214
vt 0.971605 0.102758
vt 0.972700 0.100611
vt 0.978503 0.101651
vt 0.979016 0.097688
vt 0.973069 0.098007
vt 0.973695 0.095547
vt 0.977761 0.093973
vt 0.974380 0.091065
vt 0.970684 0.094623
vt 0.967613 0.093458
vt 0.969786 0.089079
vt 0.965053 0.088164
vt 0.964447 0.092914
vt 0.961372 0.093131
vt 0.960378 0.088548
vt 0.955876 0.090448
vt 0.958539 0.094183
vt 0.916041 0.050724
vt 0.911955 0.054002
vt 0.906458 0.050075
vt 0.911892 0.048050
vt 0.919095 0.047510
vt 0.915579 0.046574
vt 0.922999 0.048460
vt 0.921336 0.052445
vt 0.919100 0.056674
vt 0.927081 0.053177
vt 0.926740 0.057846
vt 0.927297 0.048766
vt 0.931564 0.048291
vt 0.932823 0.052611
vt 0.934397 0.057102
vt 0.938187 0.050230
vt 0.941777 0.053644
vt 0.935414 0.046776
vt 0.938608 0.045162
vt 0.942089 0.046422
vt 0.947118 0.048105
vt 0.943616 0.041589
vt 0.949109 0.041364
vt 0.938403 0.042126
vt 0.937829 0.038498
vt 0.942533 0.036678
vt 0.947522 0.034755
vt 0.938804 0.032629
vt 0.942444 0.029424
vt 0.935688 0.035404
vt 0.932007 0.033415
vt 0.933448 0.029700
vt 0.935247 0.025612
vt 0.927726 0.028055
vt 0.927893 0.023474
vt 0.927616 0.032368
vt 0.922164 0.027924
vt 0.920837 0.023301
vt 0.917306 0.029403
vt 0.914455 0.025381
vt 0.913328 0.032187
vt 0.909065 0.029203
vt 0.910388 0.036018
vt 0.904980 0.034229
vt 0.908955 0.040302
vt 0.902873 0.039754
vt 0.909508 0.044441
vt 0.903441 0.045174
vt 0.915370 0.044020
vt 0.697010 0.133708
vt 0.696959 0.134226
vt 0.691693 0.134308
vt 0.691754 0.133794
vt 0.697246 0.131187
vt 0.692046 0.131294
vt 0.679287 0.112199
vt 0.684092 0.111383
vt 0.678288 0.117889
vt 0.683337 0.117759
vt 0.677465 0.124988
vt 0.682543 0.125130
vt 0.676871 0.131014
vt 0.681889 0.131208
vt 0.689241 0.111094
vt 0.688493 0.117682
vt 0.687648 0.125170
vt 0.692752 0.125107
vt 0.686937 0.131301
vt 0.927298 0.036450
vt 0.930939 0.036761
vt 0.930776 0.040219
vt 0.927063 0.040397
vt 0.933637 0.037310
vt 0.934190 0.039815
vt 0.919696 0.044155
vt 0.923355 0.044459
vt 0.927174 0.044489
vt 0.930940 0.044097
vt 0.934447 0.043136
vt 0.870989 0.093242
vt 0.873258 0.093263
vt 0.876056 0.093267
vt 0.878852 0.093224
vt 0.881113 0.093103
vt 0.882888 0.092964
vt 0.884224 0.092870
vt 0.790948 0.273730
vt 0.781714 0.262623
vt 0.798203 0.288338
vt 0.776492 0.285942
vt 0.766675 0.274929
vt 0.802412 0.305434
vt 0.841395 0.297270
vt 0.852907 0.299732
vt 0.859335 0.307906
vt 0.879055 0.296471
vt 0.941154 0.291772
vt 0.921102 0.291977
vt 0.958959 0.291688
vt 0.973313 0.291676
vt 0.973332 0.276181
vt 0.983162 0.291695
vt 0.742321 0.274093
vt 0.752432 0.286035
vt 0.738770 0.296381
vt 0.728593 0.282571
vt 0.731812 0.262521
vt 0.756734 0.265556
vt 0.715813 0.291919
vt 0.725476 0.306410
vt 0.704577 0.337156
vt 0.719391 0.330629
vt 0.734701 0.321351
vt 0.749582 0.310259
vt 0.763108 0.298287
vt 0.041775 0.195847
vt 0.039503 0.196014
vt 0.036820 0.196214
vt 0.033959 0.196497
vt 0.031154 0.196916
vt 0.900671 0.353879
vt 0.899404 0.366264
vt 0.900944 0.340237
vt 0.922873 0.353894
vt 0.923609 0.368598
vt 0.942487 0.353891
vt 0.943523 0.367490
vt 0.959476 0.354106
vt 0.221364 0.006388
vt 0.221363 0.005492
vt 0.235347 0.005575
vt 0.235340 0.006471
vt 0.221356 0.007854
vt 0.235329 0.007931
vt 0.205794 0.007889
vt 0.205799 0.006414
vt 0.205783 0.005520
vt 0.023015 0.409737
vt 0.023076 0.409186
vt 0.037397 0.405457
vt 0.037501 0.406048
vt 0.023013 0.411232
vt 0.037834 0.407689
vt 0.012547 0.413624
vt 0.012896 0.412274
vt 0.013128 0.411764
vt 0.095096 0.390960
vt 0.094937 0.390354
vt 0.115032 0.385080
vt 0.115189 0.385686
vt 0.095540 0.392649
vt 0.115633 0.387375
vt 0.074959 0.398053
vt 0.074515 0.396364
vt 0.074356 0.395758
vt 0.832240 0.464099
vt 0.833067 0.464291
vt 0.833138 0.475573
vt 0.832311 0.475272
vt 0.830492 0.464102
vt 0.830564 0.475283
vt 0.830401 0.455462
vt 0.832153 0.455454
vt 0.832980 0.455507
vt 0.411194 0.308174
vt 0.411008 0.307490
vt 0.421101 0.304848
vt 0.421338 0.305520
vt 0.409592 0.310399
vt 0.420048 0.307663
vt 0.396935 0.313711
vt 0.398553 0.311482
vt 0.398401 0.310793
vt 0.159115 0.007496
vt 0.159115 0.006602
vt 0.174599 0.006187
vt 0.174617 0.007079
vt 0.159110 0.009024
vt 0.174618 0.008611
vt 0.143471 0.009089
vt 0.143483 0.007546
vt 0.143508 0.006649
vt 0.833066 0.516764
vt 0.833893 0.516842
vt 0.834224 0.535034
vt 0.833398 0.535040
vt 0.831320 0.516767
vt 0.831653 0.535043
vt 0.830826 0.500024
vt 0.832572 0.500018
vt 0.833401 0.500213
vt 0.094941 0.005806
vt 0.094974 0.004913
vt 0.111301 0.005166
vt 0.111262 0.006058
vt 0.094936 0.007462
vt 0.111251 0.007747
vt 0.079576 0.007409
vt 0.079582 0.005814
vt 0.079627 0.004924
vt 0.833119 0.552967
vt 0.833945 0.552958
vt 0.833335 0.569938
vt 0.832509 0.569924
vt 0.831373 0.552972
vt 0.830763 0.569929
vt 0.035869 0.007114
vt 0.036056 0.006223
vt 0.052605 0.005221
vt 0.052479 0.006101
vt 0.035836 0.008534
vt 0.052448 0.007634
vt 0.021208 0.009219
vt 0.021227 0.007887
vt 0.021425 0.006994
vt 0.831839 0.661162
vt 0.832664 0.661109
vt 0.833125 0.686036
vt 0.832300 0.686168
vt 0.830093 0.661157
vt 0.830553 0.686159
vt 0.829608 0.633131
vt 0.831354 0.633134
vt 0.832180 0.633174
vt 0.054992 0.401492
vt 0.054833 0.400886
vt 0.055436 0.403181
vt 0.133249 0.380948
vt 0.133095 0.380341
vt 0.147929 0.376435
vt 0.148107 0.376997
vt 0.133692 0.382637
vt 0.148551 0.378660
vt 0.344935 0.325512
vt 0.344768 0.324878
vt 0.358745 0.321203
vt 0.358911 0.321855
vt 0.345377 0.327201
vt 0.359043 0.323625
vt 0.333891 0.330207
vt 0.333449 0.328517
vt 0.333286 0.327893
vt 0.288168 0.340241
vt 0.288118 0.339682
vt 0.306011 0.335025
vt 0.306144 0.335631
vt 0.288586 0.341867
vt 0.306580 0.337305
vt 0.268964 0.346806
vt 0.268571 0.345245
vt 0.268630 0.344747
vt 0.378955 0.316610
vt 0.378802 0.315936
vt 0.378157 0.318624
vt 0.013419 0.008088
vt 0.013535 0.007232
vt 0.013407 0.009395
vt 0.009510 0.009378
vt 0.009512 0.008063
vt 0.009540 0.007256
vt 0.832346 0.700576
vt 0.833158 0.700641
vt 0.833151 0.701965
vt 0.832441 0.702280
vt 0.830632 0.700590
vt 0.830655 0.702343
vt 0.830652 0.698356
vt 0.832402 0.698377
vt 0.833227 0.698369
vt 0.005765 0.153357
vt 0.005915 0.154121
vt 0.005049 0.154053
vt 0.004893 0.153260
vt 0.005770 0.152059
vt 0.004883 0.151851
vt 0.008402 0.152801
vt 0.008288 0.154192
vt 0.008500 0.154998
vt 0.464342 0.277851
vt 0.464119 0.278671
vt 0.447194 0.274112
vt 0.447452 0.273277
vt 0.464798 0.276166
vt 0.447909 0.271591
vt 0.477602 0.279634
vt 0.477145 0.281320
vt 0.476931 0.282116
vt 0.080597 0.174191
vt 0.080337 0.175036
vt 0.064515 0.170796
vt 0.064734 0.169937
vt 0.081050 0.172504
vt 0.065186 0.168250
vt 0.094540 0.176124
vt 0.094087 0.177811
vt 0.093837 0.178657
vt 0.107301 0.181357
vt 0.107056 0.182205
vt 0.107754 0.179670
vt 0.120951 0.183214
vt 0.120498 0.184900
vt 0.120253 0.185748
vt 0.349786 0.246820
vt 0.349563 0.247674
vt 0.334456 0.243582
vt 0.334685 0.242730
vt 0.350242 0.245135
vt 0.335141 0.241044
vt 0.366209 0.249460
vt 0.365753 0.251146
vt 0.365505 0.251991
vt 0.316023 0.237675
vt 0.315792 0.238527
vt 0.316480 0.235989
vt 0.387014 0.256905
vt 0.386675 0.257723
vt 0.387471 0.255220
vt 0.410037 0.261333
vt 0.409580 0.263019
vt 0.409177 0.263817
vt 0.320879 0.331807
vt 0.320717 0.331185
vt 0.321321 0.333496
vt 0.127491 0.006855
vt 0.127533 0.005960
vt 0.127475 0.008479
vt 0.831195 0.614198
vt 0.832020 0.614245
vt 0.829448 0.614197
vt 0.829618 0.599773
vt 0.831365 0.599772
vt 0.832190 0.599795
vt 0.256105 0.006706
vt 0.256177 0.005819
vt 0.256640 0.005734
vt 0.256721 0.006435
vt 0.256083 0.008093
vt 0.256743 0.007880
vt 0.253227 0.008042
vt 0.253255 0.006625
vt 0.253279 0.005730
vt 0.832370 0.486713
vt 0.833198 0.487001
vt 0.830623 0.486724
vt 0.831863 0.585269
vt 0.832688 0.585288
vt 0.830116 0.585273
vt 0.481099 0.289893
vt 0.480934 0.289207
vt 0.482246 0.288957
vt 0.482770 0.289425
vt 0.481543 0.291577
vt 0.483232 0.291126
vt 0.475628 0.293121
vt 0.475401 0.291375
vt 0.475203 0.290690
vt 0.429462 0.268404
vt 0.429115 0.269220
vt 0.429919 0.266719
vt 0.433445 0.302353
vt 0.433162 0.301686
vt 0.447009 0.298059
vt 0.447307 0.298726
vt 0.432221 0.304478
vt 0.446256 0.300806
vt 0.066232 0.005765
vt 0.066307 0.004883
vt 0.066216 0.007341
vt 0.159596 0.195402
vt 0.159366 0.196257
vt 0.146878 0.192902
vt 0.147132 0.192055
vt 0.160008 0.193699
vt 0.147575 0.190364
vt 0.172859 0.197148
vt 0.172463 0.198859
vt 0.172251 0.199723
vt 0.133937 0.188510
vt 0.133684 0.189356
vt 0.134390 0.186824
vt 0.158597 0.374086
vt 0.158336 0.373659
vt 0.164724 0.371930
vt 0.165068 0.372225
vt 0.159044 0.375668
vt 0.167034 0.373569
vt 0.228463 0.355510
vt 0.228701 0.355128
vt 0.234288 0.353670
vt 0.234048 0.354066
vt 0.227705 0.356981
vt 0.232107 0.356383
vt 0.227056 0.357166
vt 0.227758 0.355720
vt 0.227951 0.355332
vt 0.173381 0.374372
vt 0.173988 0.374164
vt 0.178898 0.376361
vt 0.178409 0.376573
vt 0.173066 0.376141
vt 0.178339 0.378609
vt 0.169465 0.372291
vt 0.170180 0.372079
vt 0.193302 0.378125
vt 0.193454 0.377866
vt 0.198272 0.377270
vt 0.198277 0.377506
vt 0.193750 0.380638
vt 0.198900 0.380051
vt 0.188519 0.380681
vt 0.188275 0.378253
vt 0.188598 0.377982
vt 0.183342 0.377801
vt 0.183757 0.377557
vt 0.183437 0.380064
vt 0.220552 0.368034
vt 0.220163 0.368015
vt 0.222955 0.364821
vt 0.223402 0.364793
vt 0.221538 0.370046
vt 0.224434 0.366547
vt 0.217990 0.372865
vt 0.217059 0.370662
vt 0.216735 0.370599
vt 0.203056 0.376481
vt 0.202999 0.376253
vt 0.207697 0.374798
vt 0.207791 0.375004
vt 0.203742 0.379037
vt 0.208514 0.377515
vt 0.212632 0.373025
vt 0.212427 0.372887
vt 0.213456 0.375406
vt 0.190202 0.006686
vt 0.190176 0.005793
vt 0.190201 0.008191
vt 0.962808 0.101895
vt 0.963833 0.099301
vt 0.966394 0.099709
vt 0.965399 0.102201
vt 0.968107 0.102133
vt 0.969012 0.100059
vt 0.969411 0.097586
vt 0.966819 0.096914
vt 0.964213 0.096476
vt 0.961842 0.096283
vt 0.959966 0.096308
vt 0.908219 0.057897
vt 0.901625 0.052476
vt 0.916999 0.061681
vt 0.926474 0.063269
vt 0.936039 0.062133
vt 0.945315 0.057437
vt 0.951922 0.050020
vt 0.954245 0.041314
vt 0.952347 0.032895
vt 0.946332 0.025849
vt 0.937584 0.020649
vt 0.928462 0.018085
vt 0.919717 0.017995
vt 0.911651 0.020809
vt 0.904837 0.025870
vt 0.899898 0.032367
vt 0.897504 0.039348
vt 0.898116 0.046141
vt 0.903167 0.106607
vt 0.898415 0.111970
vt 0.906349 0.100369
vt 0.584980 0.254483
vt 0.584148 0.248288
vt 0.584153 0.260798
vt 0.907837 0.093716
vt 0.907350 0.087274
vt 0.581776 0.242636
vt 0.577838 0.238331
vt 0.904384 0.081379
vt 0.899118 0.075964
vt 0.572312 0.236179
vt 0.565606 0.235933
vt 0.891771 0.071394
vt 0.883309 0.068542
vt 0.558127 0.237350
vt 0.550865 0.240234
vt 0.874910 0.067881
vt 0.867063 0.069145
vt 0.544813 0.244392
vt 0.539972 0.249334
vt 0.860223 0.071726
vt 0.854300 0.075718
vt 0.536344 0.254574
vt 0.533999 0.260369
vt 0.849225 0.081377
vt 0.845801 0.087856
vt 0.533011 0.266980
vt 0.533574 0.273442
vt 0.844517 0.094246
vt 0.845367 0.100309
vt 0.535878 0.278793
vt 0.539848 0.282617
vt 0.848481 0.106065
vt 0.853490 0.111335
vt 0.545405 0.284501
vt 0.551838 0.284838
vt 0.859707 0.115626
vt 0.867151 0.118536
vt 0.558434 0.284017
vt 0.565058 0.281723
vt 0.875875 0.119645
vt 0.884649 0.118674
vt 0.571580 0.277640
vt 0.577306 0.272443
vt 0.892222 0.116034
vt 0.581548 0.266807
vt 0.042556 0.171348
vt 0.052371 0.174805
vt 0.032199 0.170689
vt 0.822302 0.320469
vt 0.813059 0.322085
vt 0.831704 0.321103
vt 0.023900 0.172594
vt 0.017128 0.176215
vt 0.806141 0.325388
vt 0.800912 0.329870
vt 0.011507 0.181023
vt 0.007314 0.187139
vt 0.796736 0.335028
vt 0.794020 0.341135
vt 0.004883 0.194911
vt 0.005087 0.202922
vt 0.793169 0.348467
vt 0.794812 0.355579
vt 0.008572 0.210073
vt 0.015009 0.216108
vt 0.799578 0.361027
vt 0.806708 0.364644
vt 0.023851 0.220392
vt 0.034071 0.222114
vt 0.815440 0.366260
vt 0.824783 0.365555
vt 0.044526 0.220612
vt 0.053654 0.216568
vt 0.833740 0.362208
vt 0.841191 0.357073
vt 0.060063 0.210919
vt 0.063801 0.204056
vt 0.846011 0.351003
vt 0.848137 0.344218
vt 0.064966 0.196109
vt 0.063439 0.187948
vt 0.847503 0.336935
vt 0.844395 0.330073
vt 0.059267 0.180604
vt 0.839098 0.324550
vt 0.935587 0.093244
vt 0.939240 0.085124
vt 0.935423 0.102138
vt 0.628776 0.391097
vt 0.627313 0.383479
vt 0.626952 0.398666
vt 0.938766 0.110554
vt 0.945204 0.117575
vt 0.622668 0.377084
vt 0.615538 0.372729
vt 0.954345 0.122271
vt 0.964914 0.124019
vt 0.606625 0.371232
vt 0.597267 0.372130
vt 0.975011 0.122623
vt 0.983775 0.118459
vt 0.588804 0.374957
vt 0.581888 0.379852
vt 0.990632 0.111512
vt 0.994590 0.103225
vt 0.577174 0.386953
vt 0.575108 0.394693
vt 0.995084 0.095337
vt 0.992363 0.087979
vt 0.576135 0.401500
vt 0.580265 0.406923
vt 0.985839 0.081245
vt 0.976509 0.076316
vt 0.587507 0.410508
vt 0.596422 0.412173
vt 0.966055 0.074112
vt 0.955583 0.075008
vt 0.605569 0.411838
vt 0.614243 0.409439
vt 0.946189 0.078871
vt 0.621740 0.404914
vt 0.899447 0.067776
vt 0.890249 0.058921
vt 0.912146 0.074032
vt 0.645421 0.278332
vt 0.656645 0.276459
vt 0.635173 0.277391
vt 0.926092 0.076493
vt 0.940168 0.074235
vt 0.667270 0.272394
vt 0.676375 0.265416
vt 0.953553 0.066468
vt 0.962999 0.054686
vt 0.683043 0.254804
vt 0.685818 0.242860
vt 0.966472 0.041298
vt 0.964344 0.028474
vt 0.683245 0.231889
vt 0.676166 0.223978
vt 0.956295 0.017411
vt 0.943850 0.009082
vt 0.665424 0.221211
vt 0.653409 0.221982
vt 0.930429 0.004883
vt 0.917402 0.005177
vt 0.642512 0.224681
vt 0.633468 0.229839
vt 0.905263 0.009802
vt 0.895085 0.017992
vt 0.627010 0.237986
vt 0.623040 0.247628
vt 0.888135 0.028053
vt 0.884975 0.038604
vt 0.621456 0.257272
vt 0.622767 0.266029
vt 0.885683 0.048984
vt 0.627480 0.273013
vt 0.637781 0.374802
vt 0.653038 0.374001
vt 0.672275 0.372416
vt 0.547674 0.362758
vt 0.545544 0.382321
vt 0.534987 0.360790
vt 0.545521 0.400864
vt 0.549224 0.416774
vt 0.558274 0.428436
vt 0.580635 0.431064
vt 0.578263 0.438726
vt 0.556931 0.438026
vt 0.537696 0.431275
vt 0.537353 0.438748
vt 0.602463 0.431711
vt 0.622137 0.431451
vt 0.621879 0.438849
vt 0.600918 0.438906
vt 0.638031 0.431355
vt 0.638129 0.438839
vt 0.221335 0.010854
vt 0.205771 0.010915
vt 0.235305 0.010904
vt 0.235277 0.014417
vt 0.221308 0.014385
vt 0.205740 0.014441
vt 0.007365 0.417374
vt 0.006115 0.417668
vt 0.006817 0.414954
vt 0.008012 0.414675
vt 0.012146 0.416417
vt 0.011794 0.419949
vt 0.006772 0.420735
vt 0.005464 0.421009
vt 0.096466 0.396175
vt 0.075885 0.401579
vt 0.116558 0.390902
vt 0.118765 0.398375
vt 0.098107 0.402859
vt 0.077006 0.407489
vt 0.404382 0.315531
vt 0.391677 0.318855
vt 0.415773 0.312551
vt 0.411451 0.330926
vt 0.399127 0.333729
vt 0.386377 0.336639
vt 0.159099 0.012183
vt 0.143458 0.012306
vt 0.174607 0.011775
vt 0.174592 0.015269
vt 0.159087 0.015675
vt 0.143444 0.015876
vt 0.827674 0.516775
vt 0.827177 0.500038
vt 0.828008 0.535051
vt 0.808289 0.535109
vt 0.807980 0.516826
vt 0.807527 0.500101
vt 0.094930 0.011034
vt 0.079564 0.010803
vt 0.111241 0.011409
vt 0.111235 0.015341
vt 0.094928 0.014864
vt 0.079555 0.014460
vt 0.827727 0.552982
vt 0.827116 0.569938
vt 0.807506 0.570004
vt 0.808044 0.553049
vt 0.035831 0.011545
vt 0.021238 0.012129
vt 0.052414 0.010870
vt 0.052392 0.014381
vt 0.035833 0.014871
vt 0.021264 0.015395
vt 0.826446 0.661149
vt 0.825961 0.633127
vt 0.826906 0.686142
vt 0.807318 0.686096
vt 0.806913 0.661101
vt 0.806492 0.633102
vt 0.056363 0.406707
vt 0.038573 0.411110
vt 0.057313 0.411935
vt 0.039343 0.415711
vt 0.134617 0.386164
vt 0.149417 0.382229
vt 0.152157 0.391098
vt 0.137128 0.394364
vt 0.346300 0.330729
vt 0.334815 0.333734
vt 0.359037 0.327396
vt 0.358993 0.342948
vt 0.347188 0.345653
vt 0.335705 0.348274
vt 0.250778 0.355257
vt 0.235585 0.360508
vt 0.249343 0.351746
vt 0.270228 0.350323
vt 0.274074 0.362214
vt 0.255678 0.364406
vt 0.375362 0.323124
vt 0.372527 0.339827
vt 0.006646 0.012276
vt 0.004894 0.012278
vt 0.004923 0.009330
vt 0.006676 0.009376
vt 0.009500 0.012293
vt 0.009496 0.015575
vt 0.006637 0.015564
vt 0.004883 0.015588
vt 0.827031 0.696026
vt 0.830674 0.696051
vt 0.827021 0.698335
vt 0.807449 0.698303
vt 0.807453 0.695993
vt 0.045794 0.159279
vt 0.066130 0.164728
vt 0.044851 0.162801
vt 0.026917 0.154275
vt 0.025973 0.157711
vt 0.027893 0.150098
vt 0.046755 0.154454
vt 0.067160 0.159224
vt 0.484291 0.277667
vt 0.486026 0.278128
vt 0.485064 0.281672
vt 0.483338 0.281179
vt 0.478556 0.276114
vt 0.480858 0.256905
vt 0.486604 0.258266
vt 0.488355 0.258666
vt 0.081994 0.168982
vt 0.095485 0.172602
vt 0.083202 0.162852
vt 0.096829 0.165896
vt 0.108699 0.176149
vt 0.121896 0.179692
vt 0.109988 0.168917
vt 0.123082 0.171962
vt 0.351196 0.241615
vt 0.367163 0.245941
vt 0.336095 0.237525
vt 0.337288 0.223032
vt 0.352212 0.226607
vt 0.368181 0.230397
vt 0.317433 0.232470
vt 0.297183 0.226978
vt 0.299551 0.213826
vt 0.319158 0.218629
vt 0.388424 0.251700
vt 0.410990 0.257814
vt 0.389444 0.235444
vt 0.412175 0.240810
vt 0.322244 0.337024
vt 0.307546 0.340831
vt 0.323136 0.351143
vt 0.308830 0.354490
vt 0.127461 0.011946
vt 0.127448 0.015728
vt 0.825800 0.614196
vt 0.825970 0.599776
vt 0.806344 0.614199
vt 0.806489 0.599803
vt 0.246098 0.010882
vt 0.246132 0.007981
vt 0.253188 0.010869
vt 0.253147 0.014274
vt 0.246063 0.014345
vt 0.826975 0.486747
vt 0.826917 0.475307
vt 0.807345 0.486830
vt 0.807297 0.475399
vt 0.826469 0.585279
vt 0.806933 0.585330
vt 0.460634 0.300813
vt 0.442699 0.305506
vt 0.462295 0.296609
vt 0.475905 0.296818
vt 0.477232 0.316166
vt 0.459549 0.320093
vt 0.439248 0.324618
vt 0.430872 0.263199
vt 0.448862 0.268072
vt 0.432547 0.245554
vt 0.451022 0.249850
vt 0.428146 0.309313
vt 0.424020 0.328059
vt 0.066191 0.010676
vt 0.066171 0.014275
vt 0.160900 0.190163
vt 0.173737 0.193606
vt 0.148507 0.186839
vt 0.149794 0.178116
vt 0.162443 0.180933
vt 0.175565 0.183882
vt 0.135336 0.183302
vt 0.136512 0.175077
vt 0.159732 0.379364
vt 0.167260 0.378585
vt 0.162812 0.388852
vt 0.170768 0.388609
vt 0.277319 0.221578
vt 0.258365 0.216428
vt 0.280193 0.209049
vt 0.261470 0.204440
vt 0.173699 0.380911
vt 0.179429 0.384180
vt 0.183882 0.394951
vt 0.177702 0.391354
vt 0.195507 0.387520
vt 0.190122 0.387277
vt 0.200758 0.387094
vt 0.206391 0.398742
vt 0.200834 0.398976
vt 0.195121 0.398526
vt 0.184833 0.386233
vt 0.189579 0.397263
vt 0.223456 0.376063
vt 0.219921 0.379337
vt 0.226338 0.371910
vt 0.230220 0.388056
vt 0.226231 0.391390
vt 0.205648 0.386130
vt 0.210437 0.384535
vt 0.216383 0.396499
vt 0.211467 0.397955
vt 0.215388 0.382215
vt 0.221462 0.394257
vt 0.190182 0.011289
vt 0.190157 0.014796
vt 0.240847 0.211687
vt 0.225687 0.207596
vt 0.228268 0.196414
vt 0.243766 0.200144
vt 0.239830 0.215192
vt 0.224687 0.211105
vt 0.715364 0.431444
vt 0.715255 0.419980
vt 0.734820 0.419995
vt 0.735203 0.431473
vt 0.715043 0.438946
vt 0.734783 0.438971
vt 0.835980 0.431685
vt 0.822460 0.431657
vt 0.823000 0.420414
vt 0.836480 0.420482
vt 0.849003 0.431711
vt 0.849566 0.420549
vt 0.835585 0.439193
vt 0.822158 0.439165
vt 0.676545 0.134185
vt 0.671584 0.133869
vt 0.671597 0.133633
vt 0.676563 0.133951
vt 0.681532 0.134404
vt 0.681556 0.134169
vt 0.193499 0.377728
vt 0.198264 0.377139
vt 0.188701 0.377842
vt 0.666624 0.133486
vt 0.661561 0.133017
vt 0.661571 0.132772
vt 0.666628 0.133246
vt 0.183890 0.377428
vt 0.179068 0.376248
vt 0.706364 0.134106
vt 0.701947 0.134301
vt 0.710692 0.133930
vt 0.220023 0.367961
vt 0.222791 0.364795
vt 0.216615 0.370526
vt 0.686550 0.134524
vt 0.686578 0.134288
vt 0.691662 0.134545
vt 0.202973 0.376125
vt 0.207658 0.374677
vt 0.696931 0.134465
vt 0.212349 0.372788
vt 0.174234 0.374068
vt 0.170498 0.371996
vt 0.656209 0.132487
vt 0.651935 0.132078
vt 0.652018 0.131830
vt 0.656253 0.132240
vt 0.715472 0.133849
vt 0.715497 0.133600
vt 0.719355 0.133862
vt 0.225136 0.360734
vt 0.226781 0.357253
vt 0.225354 0.360702
vt 0.649794 0.121254
vt 0.650888 0.111882
vt 0.649746 0.128315
vt 0.824742 0.204317
vt 0.824016 0.197370
vt 0.824517 0.213526
vt 0.721584 0.133106
vt 0.721315 0.133685
vt 0.722399 0.130132
vt 0.762233 0.194439
vt 0.761045 0.197267
vt 0.762539 0.193881
vt 0.724737 0.102317
vt 0.725911 0.112723
vt 0.720476 0.093140
vt 0.755924 0.223706
vt 0.759440 0.232691
vt 0.755642 0.213681
vt 0.712835 0.086562
vt 0.702840 0.082603
vt 0.766683 0.238977
vt 0.776217 0.242589
vt 0.691918 0.081400
vt 0.680625 0.082860
vt 0.786603 0.243553
vt 0.797312 0.241995
vt 0.669534 0.086907
vt 0.660321 0.093452
vt 0.807819 0.238042
vt 0.816555 0.231735
vt 0.654242 0.102154
vt 0.821954 0.223114
vt 0.941186 0.204660
vt 0.959189 0.204688
vt 0.834604 0.204459
vt 0.641541 0.208934
vt 0.626961 0.211078
vt 0.653359 0.207396
vt 0.698770 0.206426
vt 0.681152 0.206891
vt 0.699626 0.197865
vt 0.717764 0.205765
vt 0.605747 0.213326
vt 0.666289 0.206964
vt 0.988603 0.194782
vt 0.989910 0.194778
vt 0.984172 0.194775
vt 0.984291 0.194201
vt 0.988747 0.194211
vt 0.989728 0.194350
vt 0.899755 0.194640
vt 0.878983 0.194600
vt 0.878988 0.194006
vt 0.899756 0.194046
vt 0.554156 0.215611
vt 0.573060 0.194806
vt 0.573041 0.193638
vt 0.860304 0.194563
vt 0.860320 0.193969
vt 0.824875 0.194483
vt 0.824081 0.194501
vt 0.823930 0.193943
vt 0.824721 0.193920
vt 0.756862 0.204339
vt 0.751281 0.204580
vt 0.757725 0.204274
vt 0.650337 0.131104
vt 0.649946 0.131090
vt 0.652057 0.131267
vt 0.650296 0.131671
vt 0.650006 0.131521
vt 0.723846 0.122688
vt 0.724233 0.122661
vt 0.722128 0.122842
vt 0.666661 0.132729
vt 0.661599 0.132237
vt 0.671641 0.133130
vt 0.707719 0.124259
vt 0.712664 0.123754
vt 0.702825 0.124669
vt 0.697827 0.124947
vt 0.676615 0.133449
vt 0.681613 0.133664
vt 0.686640 0.133779
vt 0.246149 0.006542
vt 0.246161 0.005646
vt 0.823724 0.194567
vt 0.649718 0.131137
vt 0.649834 0.131701
vt 0.823575 0.194012
vt 0.758099 0.204275
vt 0.724450 0.122663
vt 0.656555 0.122267
vt 0.656377 0.128986
vt 0.657589 0.113709
vt 0.715615 0.133030
vt 0.716263 0.130219
vt 0.718263 0.105240
vt 0.715004 0.097617
vt 0.719105 0.114197
vt 0.709011 0.092371
vt 0.700930 0.089285
vt 0.691599 0.088356
vt 0.681907 0.089606
vt 0.672766 0.092988
vt 0.665281 0.098336
vt 0.660362 0.105470
vt 0.167867 0.371423
vt 0.168623 0.371221
vt 0.167502 0.371178
vt 0.168274 0.370975
vt 0.225902 0.360592
vt 0.227013 0.361969
vt 0.228910 0.366392
vt 0.650194 0.131919
vt 0.168970 0.371146
vt 0.168631 0.370877
vt 0.227454 0.355825
vt 0.720933 0.133875
vt 0.227618 0.355418
vt 0.656286 0.131689
vt 0.717914 0.123228
vt 0.520079 0.194763
vt 0.506745 0.194694
vt 0.506691 0.193512
vt 0.519859 0.193549
vt 0.832046 0.451652
vt 0.832859 0.451574
vt 0.830336 0.451611
vt 0.830355 0.450382
vt 0.832150 0.450437
vt 0.832846 0.450589
vt 0.826725 0.451637
vt 0.826759 0.455466
vt 0.807182 0.451712
vt 0.807196 0.455533
vt 0.807105 0.450522
vt 0.826666 0.450432
vt 0.044400 0.164488
vt 0.044325 0.165390
vt 0.025656 0.160278
vt 0.025571 0.159356
vt 0.950763 0.431219
vt 0.948548 0.420019
vt 0.967522 0.431596
vt 0.952826 0.439222
vt 0.971042 0.439374
vt 0.520347 0.328128
vt 0.520091 0.343101
vt 0.520941 0.312130
vt 0.519536 0.443045
vt 0.519533 0.444868
vt 0.506268 0.444886
vt 0.506271 0.443169
vt 0.519541 0.439702
vt 0.537154 0.442938
vt 0.537060 0.444860
vt 0.519846 0.359009
vt 0.500703 0.230819
vt 0.500727 0.219448
vt 0.500591 0.243745
vt 0.498873 0.243112
vt 0.498984 0.229929
vt 0.499008 0.218529
vt 0.500301 0.259999
vt 0.498582 0.259719
vt 0.500761 0.403649
vt 0.499039 0.403777
vt 0.522204 0.293147
vt 0.500751 0.207859
vt 0.500771 0.198707
vt 0.499032 0.207277
vt 0.499050 0.198521
vt 0.482875 0.282854
vt 0.482697 0.283642
vt 0.484570 0.283378
vt 0.484054 0.283972
vt 0.462714 0.294694
vt 0.462461 0.294019
vt 0.500784 0.194647
vt 0.500781 0.193493
vt 0.499066 0.194605
vt 0.499497 0.193755
vt 0.006431 0.424018
vt 0.005082 0.424195
vt 0.011596 0.423513
vt 0.011510 0.426854
vt 0.006281 0.426946
vt 0.004909 0.426981
vt 0.100698 0.414019
vt 0.078035 0.416326
vt 0.123051 0.411903
vt 0.103825 0.427588
vt 0.079020 0.426700
vt 0.826842 0.464117
vt 0.807241 0.464198
vt 0.397390 0.375149
vt 0.384631 0.376782
vt 0.410018 0.373533
vt 0.410031 0.428255
vt 0.397413 0.428180
vt 0.384665 0.428106
vt 0.159078 0.018193
vt 0.143435 0.018459
vt 0.174578 0.017783
vt 0.174565 0.019779
vt 0.159071 0.020250
vt 0.757983 0.516957
vt 0.757706 0.500241
vt 0.758177 0.535225
vt 0.692954 0.535306
vt 0.692918 0.517048
vt 0.692863 0.500341
vt 0.758042 0.553147
vt 0.757730 0.570082
vt 0.692918 0.553216
vt 0.057827 0.418728
vt 0.039763 0.420890
vt 0.058073 0.426421
vt 0.039940 0.426498
vt 0.347525 0.381532
vt 0.336049 0.383001
vt 0.359013 0.380061
vt 0.359067 0.427955
vt 0.347588 0.427888
vt 0.266444 0.382816
vt 0.282212 0.388901
vt 0.371611 0.378449
vt 0.371654 0.428029
vt 0.006641 0.017928
vt 0.004887 0.017963
vt 0.009500 0.017930
vt 0.009507 0.019829
vt 0.006648 0.019835
vt 0.004896 0.019881
vt 0.757738 0.695946
vt 0.757658 0.686053
vt 0.757736 0.698255
vt 0.692988 0.698077
vt 0.692986 0.695830
vt 0.047260 0.148858
vt 0.067872 0.151592
vt 0.028393 0.146227
vt 0.028654 0.142508
vt 0.047537 0.142878
vt 0.068387 0.142932
vt 0.491133 0.208936
vt 0.492929 0.209167
vt 0.485357 0.208152
vt 0.494168 0.144518
vt 0.496029 0.144516
vt 0.084446 0.153339
vt 0.098481 0.154655
vt 0.085562 0.142281
vt 0.321928 0.185981
vt 0.338460 0.188425
vt 0.304213 0.183232
vt 0.307332 0.143835
vt 0.323792 0.143857
vt 0.757061 0.614228
vt 0.757143 0.599850
vt 0.757152 0.633110
vt 0.692764 0.614268
vt 0.757595 0.486976
vt 0.757566 0.475546
vt 0.692840 0.487080
vt 0.692834 0.475655
vt 0.460855 0.367235
vt 0.438512 0.369938
vt 0.480611 0.364866
vt 0.482738 0.428328
vt 0.462056 0.428357
vt 0.438809 0.428373
vt 0.422646 0.371916
vt 0.422649 0.428329
vt 0.066161 0.016638
vt 0.052385 0.016728
vt 0.079549 0.016841
vt 0.066153 0.018595
vt 0.164808 0.162152
vt 0.178815 0.163623
vt 0.151299 0.160833
vt 0.152312 0.140275
vt 0.166492 0.139747
vt 0.137655 0.159280
vt 0.124254 0.157649
vt 0.138393 0.140600
vt 0.170432 0.407812
vt 0.158222 0.408662
vt 0.179881 0.408111
vt 0.191896 0.432610
vt 0.180387 0.431680
vt 0.286272 0.180290
vt 0.268160 0.177279
vt 0.290322 0.143447
vt 0.187495 0.410147
vt 0.193900 0.412591
vt 0.206716 0.433708
vt 0.200250 0.433287
vt 0.199722 0.414111
vt 0.205556 0.414915
vt 0.212563 0.433868
vt 0.245738 0.407993
vt 0.240299 0.410338
vt 0.262088 0.432450
vt 0.255681 0.433067
vt 0.234713 0.412338
vt 0.229177 0.413844
vt 0.249546 0.433589
vt 0.190135 0.017518
vt 0.205714 0.017398
vt 0.190115 0.019712
vt 0.249936 0.174324
vt 0.233475 0.171695
vt 0.256051 0.010882
vt 0.256730 0.010700
vt 0.256703 0.014111
vt 0.256007 0.014263
vt 0.757496 0.451858
vt 0.757457 0.450669
vt 0.757509 0.455673
vt 0.692822 0.455783
vt 0.692820 0.451969
vt 0.692825 0.450773
vt 0.006705 0.149267
vt 0.005818 0.149038
vt 0.006999 0.145952
vt 0.007879 0.146144
vt 0.009347 0.149893
vt 0.010482 0.146614
vt 0.465751 0.272646
vt 0.468062 0.253866
vt 0.482465 0.295102
vt 0.484156 0.294664
vt 0.486314 0.314141
vt 0.484610 0.314522
vt 0.627888 0.464421
vt 0.627867 0.475627
vt 0.627906 0.455754
vt 0.692827 0.464450
vt 0.255920 0.022214
vt 0.256637 0.022287
vt 0.255949 0.020151
vt 0.256672 0.020132
vt 0.488479 0.492988
vt 0.490332 0.493251
vt 0.480310 0.491959
vt 0.491203 0.428334
vt 0.493005 0.428352
vt 0.239364 0.216896
vt 0.224219 0.212806
vt 0.239143 0.217769
vt 0.224010 0.213680
vt 0.752636 0.443249
vt 0.752625 0.445223
vt 0.734501 0.445189
vt 0.734572 0.443215
vt 0.752685 0.439005
vt 0.768153 0.439040
vt 0.768261 0.443283
vt 0.768307 0.445253
vt 0.813984 0.377647
vt 0.802175 0.376596
vt 0.812381 0.389171
vt 0.798638 0.388687
vt 0.807461 0.431625
vt 0.792849 0.431592
vt 0.793648 0.420279
vt 0.808303 0.420348
vt 0.807212 0.439131
vt 0.792703 0.439097
vt 0.186865 0.202734
vt 0.200813 0.206492
vt 0.200574 0.207354
vt 0.186641 0.203598
vt 0.187298 0.201030
vt 0.201288 0.204797
vt 0.188237 0.197505
vt 0.202296 0.201290
vt 0.190262 0.187320
vt 0.204479 0.190707
vt 0.193953 0.165635
vt 0.208480 0.167782
vt 0.220655 0.169659
vt 0.216160 0.193504
vt 0.213808 0.204392
vt 0.212795 0.207898
vt 0.212317 0.209594
vt 0.212092 0.210462
vt 0.780639 0.443310
vt 0.792626 0.443336
vt 0.792594 0.445301
vt 0.780658 0.445277
vt 0.780588 0.439069
vt 0.788929 0.374387
vt 0.782015 0.387847
vt 0.699971 0.194410
vt 0.700063 0.193713
vt 0.736545 0.226145
vt 0.735174 0.215323
vt 0.719942 0.251379
vt 0.248974 0.350249
vt 0.249142 0.349811
vt 0.289679 0.345389
vt 0.292134 0.358545
vt 0.736758 0.205103
vt 0.771568 0.256031
vt 0.900023 0.292352
vt 0.900435 0.308620
vt 0.900804 0.324866
vt 0.918143 0.406045
vt 0.918596 0.392033
vt 0.930774 0.391645
vt 0.931859 0.406177
vt 0.904991 0.405822
vt 0.907281 0.390996
vt 0.891566 0.405723
vt 0.877877 0.405654
vt 0.893495 0.390436
vt 0.837007 0.405161
vt 0.850167 0.405350
vt 0.823880 0.404972
vt 0.810215 0.404801
vt 0.795687 0.404612
vt 0.779970 0.404372
vt 0.780294 0.420200
vt 0.766829 0.420119
vt 0.764006 0.404126
vt 0.748737 0.403921
vt 0.751841 0.420046
vt 0.732624 0.403813
vt 0.714128 0.403856
vt 0.863934 0.405522
vt 0.863083 0.420612
vt 0.946976 0.406003
vt 0.945759 0.391651
vt 0.944611 0.379445
vt 0.930168 0.379907
vt 0.920601 0.382398
vt 0.912416 0.379294
vt 0.896560 0.377867
vt 0.221283 0.017431
vt 0.235253 0.017490
vt 0.094928 0.017299
vt 0.111236 0.017840
vt 0.035838 0.017193
vt 0.021276 0.017731
vt 0.142327 0.410071
vt 0.111473 0.156100
vt 0.127442 0.018289
vt 0.246034 0.017463
vt 0.253115 0.017424
vt 0.211992 0.415209
vt 0.218336 0.415103
vt 0.223891 0.414707
vt 0.017051 0.144781
vt 0.017378 0.142209
vt 0.016478 0.147709
vt 0.011144 0.144116
vt 0.023570 0.430800
vt 0.023575 0.426673
vt 0.039979 0.432385
vt 0.023532 0.434676
vt 0.011495 0.429714
vt 0.107076 0.441497
vt 0.080010 0.437218
vt 0.159064 0.022359
vt 0.174554 0.021706
vt 0.058218 0.434353
vt 0.013452 0.021715
vt 0.013444 0.019817
vt 0.013463 0.023811
vt 0.009516 0.021732
vt 0.047815 0.136897
vt 0.028912 0.138789
vt 0.068830 0.134346
vt 0.086386 0.131515
vt 0.066144 0.020977
vt 0.138350 0.123730
vt 0.152120 0.121728
vt 0.190476 0.455892
vt 0.204111 0.457624
vt 0.213137 0.456770
vt 0.219565 0.454910
vt 0.225402 0.453625
vt 0.271351 0.457999
vt 0.276920 0.460052
vt 0.265935 0.456464
vt 0.260368 0.455143
vt 0.190097 0.021630
vt 0.255977 0.017424
vt 0.256688 0.017330
vt 0.282946 0.462928
vt 0.165993 0.119649
vt 0.757410 0.661078
vt 0.352855 0.190455
vt 0.368829 0.192640
vt 0.390098 0.195549
vt 0.413324 0.198670
vt 0.323488 0.384609
vt 0.310224 0.386563
vt 0.757398 0.585392
vt 0.435168 0.201493
vt 0.455099 0.204056
vt 0.472587 0.206401
vt 0.397436 0.481212
vt 0.410044 0.482977
vt 0.384697 0.479429
vt 0.627743 0.517038
vt 0.627678 0.535306
vt 0.627814 0.500321
vt 0.627658 0.553225
vt 0.347651 0.474244
vt 0.359120 0.475849
vt 0.371698 0.477610
vt 0.628005 0.700081
vt 0.692990 0.700370
vt 0.692997 0.702205
vt 0.628060 0.702194
vt 0.577935 0.699815
vt 0.578032 0.702206
vt 0.627998 0.697598
vt 0.492001 0.079850
vt 0.493944 0.079598
vt 0.322809 0.101590
vt 0.305076 0.104275
vt 0.627910 0.614320
vt 0.627849 0.487056
vt 0.460656 0.489572
vt 0.438456 0.486832
vt 0.422651 0.484742
vt 0.627915 0.451939
vt 0.627967 0.450732
vt 0.757535 0.464341
vt 0.488718 0.363889
vt 0.490465 0.363676
vt 0.287116 0.106666
vt 0.296635 0.389072
vt 0.061033 0.823143
vt 0.063129 0.818497
vt 0.071794 0.822921
vt 0.059993 0.825167
vt 0.055594 0.823380
vt 0.129837 0.822920
vt 0.145579 0.822893
vt 0.111093 0.822924
vt 0.327736 0.822891
vt 0.349213 0.822791
vt 0.311349 0.822974
vt 0.542965 0.822192
vt 0.370491 0.822696
vt 0.389834 0.822660
vt 0.157558 0.822867
vt 0.046391 0.089118
vt 0.039172 0.087272
vt 0.181129 0.810076
vt 0.209458 0.823075
vt 0.305334 0.823001
vt 0.304680 0.822997
vt 0.221096 0.812806
vt 0.221952 0.812858
vt 0.119754 0.083303
vt 0.120239 0.083117
vt 0.008502 0.074209
vt 0.008002 0.073996
vt 0.096553 0.093057
vt 0.089084 0.095528
vt 0.032297 0.084836
vt 0.079667 0.097899
vt 0.069594 0.099418
vt 0.060620 0.099813
vt 0.006731 0.030072
vt 0.006737 0.031000
vt 0.004992 0.030181
vt 0.005436 0.030875
vt 0.545833 0.817441
vt 0.552837 0.695257
vt 0.487553 0.822721
vt 0.466739 0.822825
vt 0.443614 0.822867
vt 0.421946 0.822840
vt 0.405502 0.822740
vt 0.013476 0.026319
vt 0.558247 0.699750
vt 0.558329 0.702233
vt 0.304377 0.822969
vt 0.120486 0.083045
vt 0.222326 0.812878
vt 0.007759 0.073884
vt 0.107826 0.078401
vt 0.014644 0.087846
vt 0.090113 0.822885
vt 0.523806 0.813944
vt 0.994219 0.444061
vt 0.995117 0.444079
vt 0.994421 0.445816
vt 0.995069 0.445373
vt 0.991731 0.445796
vt 0.991387 0.444000
vt 0.917238 0.443588
vt 0.933491 0.443620
vt 0.917136 0.445556
vt 0.933518 0.445593
vt 0.903159 0.445524
vt 0.903233 0.443557
vt 0.500332 0.443220
vt 0.500324 0.444889
vt 0.499042 0.444477
vt 0.498614 0.443239
vt 0.673197 0.443124
vt 0.694209 0.443158
vt 0.673193 0.445082
vt 0.694192 0.445119
vt 0.653855 0.445048
vt 0.653852 0.443090
vt 0.889527 0.443532
vt 0.889471 0.445496
vt 0.862512 0.431739
vt 0.006676 0.008076
vt 0.004935 0.007993
vt 0.005352 0.007381
vt 0.006656 0.007303
vt 0.832421 0.696070
vt 0.833246 0.695977
vt 0.556155 0.442940
vt 0.576987 0.442989
vt 0.555787 0.444883
vt 0.576442 0.444921
vt 0.600097 0.443020
vt 0.621743 0.443042
vt 0.599754 0.444960
vt 0.621686 0.444994
vt 0.638181 0.443064
vt 0.638203 0.445021
vt 0.013416 0.012297
vt 0.013428 0.015571
vt 0.827015 0.700566
vt 0.826960 0.702303
vt 0.807371 0.702273
vt 0.807446 0.700535
vt 0.714882 0.443187
vt 0.714825 0.445155
vt 0.835373 0.443428
vt 0.835293 0.445387
vt 0.821943 0.445360
vt 0.821997 0.443400
vt 0.953940 0.443648
vt 0.972941 0.443714
vt 0.954420 0.445637
vt 0.973778 0.445688
vt 0.519549 0.434509
vt 0.013436 0.017922
vt 0.757734 0.700486
vt 0.757696 0.702227
vt 0.752789 0.431506
vt 0.767943 0.431538
vt 0.807080 0.443368
vt 0.807033 0.445330
vt 0.780486 0.431565
vt 0.006656 0.021743
vt 0.004904 0.021800
vt 0.627993 0.695540
vt 0.068710 0.608984
vt 0.069033 0.595007
vt 0.068390 0.624554
vt 0.068298 0.640126
vt 0.062304 0.736470
vt 0.066849 0.809929
vt 0.069133 0.584214
vt 0.069124 0.577127
vt 0.054301 0.763840
vt 0.054376 0.777433
vt 0.053536 0.764016
vt 0.053474 0.777731
vt 0.053595 0.703067
vt 0.052367 0.702935
vt 0.052143 0.686847
vt 0.053512 0.686881
vt 0.054321 0.793611
vt 0.053137 0.794179
vt 0.052829 0.671180
vt 0.051385 0.671179
vt 0.008260 0.438017
vt 0.008563 0.438742
vt 0.007045 0.437700
vt 0.007561 0.438356
vt 0.059443 0.826062
vt 0.017103 0.129782
vt 0.017158 0.131216
vt 0.023478 0.438117
vt 0.069119 0.574267
vt 0.069042 0.573674
vt 0.017506 0.133839
vt 0.017800 0.136896
vt 0.017693 0.139634
vt 0.973898 0.229478
vt 0.973799 0.245049
vt 0.973919 0.215501
vt 0.973551 0.260627
vt 0.973804 0.354775
vt 0.980863 0.433677
vt 0.983458 0.440057
vt 0.973935 0.204709
vt 0.973945 0.197621
vt 0.988299 0.384380
vt 0.989566 0.384563
vt 0.990229 0.398297
vt 0.988961 0.398038
vt 0.987982 0.323314
vt 0.987674 0.307330
vt 0.989272 0.323326
vt 0.988956 0.307333
vt 0.990936 0.414431
vt 0.992260 0.414797
vt 0.987434 0.291703
vt 0.988706 0.291706
vt 0.008509 0.413377
vt 0.007351 0.413650
vt 0.007845 0.413163
vt 0.008812 0.412882
vt 0.014222 0.156052
vt 0.014478 0.154533
vt 0.014396 0.156922
vt 0.023191 0.414338
vt 0.023410 0.418328
vt 0.973949 0.194761
vt 0.974017 0.194179
vt 0.023530 0.422478
vt 0.015425 0.151356
vt 0.008581 0.143829
vt 0.007705 0.143696
vt 0.006259 0.429243
vt 0.004883 0.429121
vt 0.053233 0.823485
vt 0.052424 0.823536
vt 0.984856 0.443859
vt 0.985530 0.445747
s 1
usemtl Material.001
f 1360/1/1 5364/2/2 6/3/3 2718/4/4
f 2835/5/5 1360/1/1 2718/4/4 72/6/6
f 1360/1/1 2835/5/5 1330/7/7 5398/8/8
f 5364/2/2 1360/1/1 5398/8/8 1326/9/9
f 1361/10/10 2749/11/10 7/12/10 2830/13/10
f 2836/14/10 1361/10/10 2830/13/10 77/15/10
f 1361/10/10 2836/14/10 78/16/10 2831/17/10
f 2749/11/10 1361/10/10 2831/17/10 25/18/10
f 1362/19/11 3386/20/12 376/21/13 3385/22/14
f 3231/23/15 1362/19/11 3385/22/14 301/24/16
f 1362/19/11 3231/23/15 302/25/17 3232/26/18
f 3386/20/12 1362/19/11 3232/26/18 303/27/19
f 1363/28/20 3396/29/21 312/30/22 3250/31/23
f 3251/32/24 1363/28/20 3250/31/23 313/33/25
f 1363/28/20 3251/32/24 314/34/26 3252/35/27
f 3396/29/21 1363/28/20 3252/35/27 315/36/28
f 1364/37/29 5372/38/30 385/39/31 3409/40/32
f 5364/2/2 1364/37/29 3409/40/32 6/3/3
f 1364/37/29 5364/2/2 1326/9/9 5399/41/33
f 5372/38/30 1364/37/29 5399/41/33 1334/42/34
f 1365/43/35 2893/44/36 14/45/37 2734/46/38
f 5370/47/39 1365/43/35 2734/46/38 57/48/40
f 1365/43/35 5370/47/39 1332/49/41 5400/50/42
f 2893/44/36 1365/43/35 5400/50/42 1331/51/43
f 1366/52/10 2939/53/10 140/54/10 2899/55/10
f 2807/56/10 1366/52/10 2899/55/10 60/57/10
f 1366/52/10 2807/56/10 127/58/10 2936/59/10
f 2939/53/10 1366/52/10 2936/59/10 139/60/10
f 1367/61/10 2793/62/10 51/63/44 2769/64/10
f 3673/65/10 1367/61/10 2769/64/10 129/66/10
f 1367/61/10 3673/65/10 467/67/10 3676/68/10
f 2793/62/10 1367/61/10 3676/68/10 468/69/10
f 1368/70/45 2720/71/46 21/72/47 2742/73/48
f 2746/74/49 1368/70/45 2742/73/48 2/75/50
f 1368/70/45 2746/74/49 567/76/10 3889/77/10
f 2720/71/46 1368/70/45 3889/77/10 564/78/10
f 1369/79/51 2731/80/52 22/81/53 2743/82/54
f 2747/83/10 1369/79/51 2743/82/54 7/12/10
f 1369/79/51 2747/83/10 383/84/10 3408/85/55
f 2731/80/52 1369/79/51 3408/85/55 384/86/56
f 1370/87/57 2896/88/58 23/89/59 2744/90/60
f 2901/91/10 1370/87/57 2744/90/60 141/92/10
f 1370/87/57 2901/91/10 118/93/10 2811/94/10
f 2896/88/58 1370/87/57 2811/94/10 115/95/10
f 1371/96/61 3424/97/62 388/98/63 3423/99/64
f 3278/100/65 1371/96/61 3423/99/64 328/101/66
f 1371/96/61 3278/100/65 318/102/67 3268/103/68
f 3424/97/62 1371/96/61 3268/103/68 319/104/69
f 1372/105/70 3877/106/46 147/107/71 2952/108/72
f 3866/109/73 1372/105/70 2952/108/72 3/110/74
f 1372/105/70 3866/109/73 565/111/10 3890/112/10
f 3877/106/46 1372/105/70 3890/112/10 576/113/10
f 1373/114/75 3421/115/76 331/116/77 3292/117/78
f 3293/118/79 1373/114/75 3292/117/78 332/119/80
f 1373/114/75 3293/118/79 333/120/81 3294/121/82
f 3421/115/76 1373/114/75 3294/121/82 334/122/83
f 1374/123/84 2761/124/85 28/125/86 2753/126/87
f 2755/127/88 1374/123/84 2753/126/87 33/128/89
f 1374/123/84 2755/127/88 569/129/10 3891/130/10
f 2761/124/85 1374/123/84 3891/130/10 570/131/10
f 1375/132/10 2762/133/10 32/134/10 2790/135/10
f 2757/136/10 1375/132/10 2790/135/10 49/137/10
f 1375/132/10 2757/136/10 46/138/10 2786/139/10
f 2762/133/10 1375/132/10 2786/139/10 29/140/10
f 1376/141/90 2725/142/91 30/143/92 2759/144/93
f 2798/145/94 1376/141/90 2759/144/93 53/146/95
f 1376/141/90 2798/145/94 572/147/10 3892/148/10
f 2725/142/91 1376/141/90 3892/148/10 566/149/10
f 1377/150/96 3414/151/97 343/152/98 3314/153/99
f 3315/154/100 1377/150/96 3314/153/99 344/155/101
f 1377/150/96 3315/154/100 345/156/102 3415/157/103
f 3414/151/97 1377/150/96 3415/157/103 386/158/104
f 1378/159/105 2755/127/88 33/128/89 2763/160/106
f 2767/161/107 1378/159/105 2763/160/106 4/162/108
f 1378/159/105 2767/161/107 571/163/10 3893/164/10
f 2755/127/88 1378/159/105 3893/164/10 569/129/10
f 1379/165/10 2756/166/10 34/167/10 2764/168/10
f 2768/169/10 1379/165/10 2764/168/10 8/170/10
f 1379/165/10 2768/169/10 12/171/10 2885/172/10
f 2756/166/10 1379/165/10 2885/172/10 84/173/10
f 1380/174/109 3328/175/110 349/176/111 3329/177/112
f 3495/178/113 1380/174/109 3329/177/112 350/179/114
f 1380/174/109 3495/178/113 396/180/115 3501/181/116
f 3328/175/110 1380/174/109 3501/181/116 348/182/117
f 1381/183/118 5256/184/119 17/185/120 5367/186/121
f 5401/187/122 1381/183/118 5367/186/121 1329/188/123
f 1381/183/118 5401/187/122 1358/189/10 5396/190/124
f 5256/184/119 1381/183/118 5396/190/124 1272/191/125
f 1382/192/10 2771/193/10 121/194/10 2745/195/10
f 5265/196/10 1382/192/10 2745/195/10 120/197/10
f 1382/192/10 5265/196/10 1281/198/10 5311/199/10
f 2771/193/10 1382/192/10 5311/199/10 1273/200/10
f 1383/201/10 2772/202/10 134/203/10 2925/204/10
f 2801/205/10 1383/201/10 2925/204/10 52/206/10
f 1383/201/10 2801/205/10 1279/207/10 5312/208/10
f 2772/202/10 1383/201/10 5312/208/10 1274/209/10
f 1384/210/10 2788/211/10 47/212/10 2766/213/10
f 3677/214/10 1384/210/10 2766/213/10 50/215/10
f 1384/210/10 3677/214/10 469/216/10 3680/217/10
f 2788/211/10 1384/210/10 3680/217/10 470/218/10
f 1385/219/126 3954/220/127 90/221/128 2854/222/129
f 2814/223/130 1385/219/126 2854/222/129 59/224/131
f 1385/219/126 2814/223/130 608/225/10 3960/226/10
f 3954/220/127 1385/219/126 3960/226/10 611/227/10
f 1386/228/10 2786/139/10 46/138/10 2787/229/10
f 2788/211/10 1386/228/10 2787/229/10 47/212/10
f 1386/228/10 2788/211/10 470/218/10 3681/230/10
f 2786/139/10 1386/228/10 3681/230/10 29/140/10
f 1387/231/10 3671/232/10 466/233/10 2808/234/10
f 2815/235/10 1387/231/10 2808/234/10 61/236/10
f 1387/231/10 2815/235/10 63/237/10 2810/238/10
f 3671/232/10 1387/231/10 2810/238/10 48/239/10
f 1388/240/132 3953/241/133 20/242/134 2773/243/135
f 5313/244/136 1388/240/132 2773/243/135 1275/245/137
f 1388/240/132 5313/244/136 1300/246/10 5284/247/10
f 3953/241/133 1388/240/132 5284/247/10 610/248/10
f 1389/249/138 2798/145/94 53/146/95 2794/250/139
f 2761/124/85 1389/249/138 2794/250/139 28/125/86
f 1389/249/138 2761/124/85 570/131/10 3894/251/10
f 2798/145/94 1389/249/138 3894/251/10 572/147/10
f 1390/252/10 2799/253/10 66/254/10 2851/255/10
f 2850/256/10 1390/252/10 2851/255/10 87/257/10
f 1390/252/10 2850/256/10 61/236/10 2824/258/10
f 2799/253/10 1390/252/10 2824/258/10 71/259/10
f 1391/260/10 2800/261/10 55/262/10 2760/263/10
f 2762/133/10 1391/260/10 2760/263/10 32/134/10
f 1391/260/10 2762/133/10 29/140/10 2758/264/10
f 2800/261/10 1391/260/10 2758/264/10 52/206/10
f 1392/265/10 2801/205/10 52/206/10 2758/264/10
f 2775/266/10 1392/265/10 2758/264/10 29/140/10
f 1392/265/10 2775/266/10 1277/267/10 5314/268/10
f 2801/205/10 1392/265/10 5314/268/10 1279/207/10
f 1393/269/10 2812/270/10 70/271/10 2822/272/10
f 2796/273/10 1393/269/10 2822/272/10 55/262/10
f 1393/269/10 2796/273/10 135/274/10 2929/275/10
f 2812/270/10 1393/269/10 2929/275/10 69/276/10
f 1394/277/10 2813/278/10 62/279/10 2785/280/10
f 2765/281/10 1394/277/10 2785/280/10 45/282/10
f 1394/277/10 2765/281/10 48/239/10 2810/238/10
f 2813/278/10 1394/277/10 2810/238/10 63/237/10
f 1395/283/140 2814/223/130 59/224/131 2805/284/141
f 2783/285/142 1395/283/140 2805/284/141 16/286/143
f 1395/283/140 2783/285/142 607/287/10 3962/288/10
f 2814/223/130 1395/283/140 3962/288/10 608/225/10
f 1396/289/10 2815/235/10 61/236/10 2850/256/10
f 2852/290/10 1396/289/10 2850/256/10 87/257/10
f 1396/289/10 2852/290/10 88/291/10 2844/292/10
f 2815/235/10 1396/289/10 2844/292/10 63/237/10
f 1397/293/10 2927/294/10 136/295/10 2931/296/10
f 2821/297/10 1397/293/10 2931/296/10 68/298/10
f 1397/293/10 2821/297/10 69/276/10 2929/275/10
f 2927/294/10 1397/293/10 2929/275/10 135/274/10
f 1398/299/10 3672/300/10 70/271/10 2823/301/10
f 2824/258/10 1398/299/10 2823/301/10 71/259/10
f 1398/299/10 2824/258/10 61/236/10 2808/234/10
f 3672/300/10 1398/299/10 2808/234/10 466/233/10
f 1399/302/144 2835/5/5 72/6/6 2825/303/145
f 3895/304/146 1399/302/144 2825/303/145 573/305/147
f 1399/302/144 3895/304/146 1336/306/10 5402/307/148
f 2835/5/5 1399/302/144 5402/307/148 1330/7/7
f 1400/308/10 2836/14/10 77/15/10 3868/309/10
f 3896/310/10 1400/308/10 3868/309/10 567/76/10
f 1400/308/10 3896/310/10 568/311/10 3869/312/10
f 2836/14/10 1400/308/10 3869/312/10 78/16/10
f 1401/313/149 3875/314/150 106/315/151 2878/316/152
f 3876/317/153 1401/313/149 2878/316/152 96/318/154
f 1401/313/149 3876/317/153 575/319/10 3897/320/10
f 3875/314/150 1401/313/149 3897/320/10 574/321/10
f 1402/322/155 2838/323/156 77/15/10 2830/13/10
f 2743/82/54 1402/322/155 2830/13/10 7/12/10
f 1402/322/155 2743/82/54 22/81/53 2826/324/157
f 2838/323/156 1402/322/155 2826/324/157 73/325/158
f 1403/326/10 2839/327/10 74/328/10 2827/329/10
f 2948/330/10 1403/326/10 2827/329/10 91/331/10
f 1403/326/10 2948/330/10 145/332/10 2951/333/10
f 2839/327/10 1403/326/10 2951/333/10 146/334/10
f 1404/335/10 2841/336/10 82/337/10 2834/338/10
f 2859/339/10 1404/335/10 2834/338/10 54/340/10
f 1404/335/10 2859/339/10 94/341/10 2828/342/10
f 2841/336/10 1404/335/10 2828/342/10 75/343/10
f 1405/344/10 2842/345/10 81/346/10 2833/347/10
f 2764/168/10 1405/344/10 2833/347/10 8/170/10
f 1405/344/10 2764/168/10 34/167/10 2832/348/10
f 2842/345/10 1405/344/10 2832/348/10 79/349/10
f 1406/350/159 3391/351/160 363/352/161 3352/353/162
f 3353/354/163 1406/350/159 3352/353/162 364/355/164
f 1406/350/159 3353/354/163 365/356/165 3392/357/166
f 3391/351/160 1406/350/159 3392/357/166 378/358/167
f 1407/359/10 2853/360/10 89/361/10 2809/362/10
f 2813/278/10 1407/359/10 2809/362/10 62/279/10
f 1407/359/10 2813/278/10 63/237/10 2844/292/10
f 2853/360/10 1407/359/10 2844/292/10 88/291/10
f 1408/363/10 2846/364/10 31/365/10 2817/366/10
f 2818/367/10 1408/363/10 2817/366/10 66/254/10
f 1408/363/10 2818/367/10 85/368/10 2849/369/10
f 2846/364/10 1408/363/10 2849/369/10 86/370/10
f 1409/371/10 2849/369/10 85/368/10 2847/372/10
f 2819/373/10 1409/371/10 2847/372/10 67/374/10
f 1409/371/10 2819/373/10 54/340/10 2848/375/10
f 2849/369/10 1409/371/10 2848/375/10 86/370/10
f 1410/376/10 2851/255/10 66/254/10 2817/366/10
f 2754/377/10 1410/376/10 2817/366/10 31/365/10
f 1410/376/10 2754/377/10 83/378/10 2886/379/10
f 2851/255/10 1410/376/10 2886/379/10 87/257/10
f 1411/380/10 2876/381/10 104/382/10 2861/383/10
f 2880/384/10 1411/380/10 2861/383/10 107/385/10
f 1411/380/10 2880/384/10 101/386/10 2873/387/10
f 2876/381/10 1411/380/10 2873/387/10 103/388/10
f 1412/389/10 2957/390/10 67/374/10 2795/391/10
f 2956/392/10 1412/389/10 2795/391/10 64/393/10
f 1412/389/10 2956/392/10 92/394/10 2724/395/10
f 2957/390/10 1412/389/10 2724/395/10 93/396/10
f 1413/397/10 2866/398/10 111/399/10 3956/400/10
f 3963/401/10 1413/397/10 3956/400/10 613/402/10
f 1413/397/10 3963/401/10 605/403/10 3948/404/10
f 2866/398/10 1413/397/10 3948/404/10 95/405/10
f 1414/406/10 2867/407/10 95/405/10 3948/404/10
f 3964/408/10 1414/406/10 3948/404/10 605/403/10
f 1414/406/10 3964/408/10 612/409/10 2882/410/10
f 2867/407/10 1414/406/10 2882/410/10 108/411/10
f 1415/412/10 2868/413/10 98/414/10 3950/415/10
f 3965/416/10 1415/412/10 3950/415/10 607/287/10
f 1415/412/10 3965/416/10 610/248/10 2863/417/10
f 2868/413/10 1415/412/10 2863/417/10 99/418/10
f 1416/419/10 2869/420/10 100/421/10 2864/422/10
f 2874/423/10 1416/419/10 2864/422/10 102/424/10
f 1416/419/10 2874/423/10 103/388/10 2873/387/10
f 2869/420/10 1416/419/10 2873/387/10 101/386/10
f 1417/425/10 3678/426/10 469/216/10 3677/214/10
f 2792/427/44 1417/425/10 3677/214/10 50/215/10
f 1417/425/10 2792/427/44 51/63/44 2793/62/10
f 3678/426/10 1417/425/10 2793/62/10 468/69/10
f 1418/428/10 2916/429/10 44/430/10 2784/431/10
f 2785/280/10 1418/428/10 2784/431/10 45/282/10
f 1418/428/10 2785/280/10 62/279/10 2872/432/10
f 2916/429/10 1418/428/10 2872/432/10 102/424/10
f 1419/433/10 2874/423/10 102/424/10 2872/432/10
f 2809/362/10 1419/433/10 2872/432/10 62/279/10
f 1419/433/10 2809/362/10 89/361/10 2855/434/10
f 2874/423/10 1419/433/10 2855/434/10 103/388/10
f 1420/435/10 2876/381/10 103/388/10 2855/434/10
f 2884/436/10 1420/435/10 2855/434/10 89/361/10
f 1420/435/10 2884/436/10 109/437/10 2875/438/10
f 2876/381/10 1420/435/10 2875/438/10 104/382/10
f 1421/439/10 2879/440/10 105/441/10 2837/442/10
f 3872/443/10 1421/439/10 2837/442/10 81/346/10
f 1421/439/10 3872/443/10 571/163/10 3898/444/10
f 2879/440/10 1421/439/10 3898/444/10 574/321/10
f 1422/445/168 3955/446/169 13/447/170 2738/448/171
f 3954/220/127 1422/445/168 2738/448/171 90/221/128
f 1422/445/168 3954/220/127 611/227/10 3966/449/10
f 3955/446/169 1422/445/168 3966/449/10 612/409/10
f 1423/450/10 2887/451/10 110/452/10 2889/453/10
f 2884/436/10 1423/450/10 2889/453/10 109/437/10
f 1423/450/10 2884/436/10 89/361/10 2853/360/10
f 2887/451/10 1423/450/10 2853/360/10 88/291/10
f 1424/454/10 2887/451/10 88/291/10 2852/290/10
f 2886/379/10 1424/454/10 2852/290/10 87/257/10
f 1424/454/10 2886/379/10 83/378/10 2888/455/10
f 2887/451/10 1424/454/10 2888/455/10 110/452/10
f 1425/456/10 2888/455/10 83/378/10 2845/457/10
f 2885/172/10 1425/456/10 2845/457/10 84/173/10
f 1425/456/10 2885/172/10 12/171/10 2883/458/10
f 2888/455/10 1425/456/10 2883/458/10 110/452/10
f 1426/459/10 3956/400/10 111/399/10 2891/460/10
f 2892/461/10 1426/459/10 2891/460/10 112/462/10
f 1426/459/10 2892/461/10 575/319/10 3940/463/10
f 3967/464/10 1426/459/10 3940/463/10 616/465/10
f 1426/459/10 3967/464/10 613/402/10 3956/400/10
f 1427/466/172 5369/467/173 113/468/174 2894/469/175
f 2903/470/176 1427/466/172 2894/469/175 114/471/177
f 1427/466/172 2903/470/176 1333/472/178 5403/473/179
f 5369/467/173 1427/466/172 5403/473/179 1331/51/43
f 1428/474/180 2896/88/58 115/95/10 2897/475/181
f 2898/476/182 1428/474/180 2897/475/181 116/477/183
f 1428/474/180 2898/476/182 1332/49/41 5404/478/184
f 2730/479/185 1428/474/180 5404/478/184 1328/480/186
f 1428/474/180 2730/479/185 23/89/59 2896/88/58
f 1429/481/10 2940/482/10 141/92/10 2912/483/10
f 2752/484/10 1429/481/10 2912/483/10 126/485/10
f 1429/481/10 2752/484/10 60/57/10 2899/55/10
f 2940/482/10 1429/481/10 2899/55/10 140/54/10
f 1430/486/187 2903/470/176 114/471/177 2895/487/188
f 2740/488/189 1430/486/187 2895/487/188 18/489/190
f 1430/486/187 2740/488/189 1329/188/123 5405/490/191
f 2903/470/176 1430/486/187 5405/490/191 1333/472/178
f 1431/491/10 2906/492/10 24/493/10 2904/494/10
f 2774/495/10 1431/491/10 2904/494/10 27/496/10
f 1431/491/10 2774/495/10 1276/497/10 5315/498/10
f 5265/196/10 1431/491/10 5315/498/10 1281/198/10
f 1431/491/10 5265/196/10 120/197/10 2906/492/10
f 1432/499/10 3400/500/10 145/332/10 2948/330/10
f 2857/501/10 1432/499/10 2948/330/10 91/331/10
f 1432/499/10 2857/501/10 92/394/10 3401/502/10
f 3400/500/10 1432/499/10 3401/502/10 380/503/10
f 1433/504/192 5273/505/193 394/506/194 3439/507/195
f 3366/508/196 1433/504/192 3439/507/195 368/509/197
f 1433/504/192 3366/508/196 1287/510/198 5316/511/199
f 5273/505/193 1433/504/192 5316/511/199 1289/512/200
f 1434/513/10 2749/11/10 25/18/10 2941/514/10
f 3406/515/10 1434/513/10 2941/514/10 382/516/10
f 1434/513/10 3406/515/10 383/84/10 2747/83/10
f 2749/11/10 1434/513/10 2747/83/10 7/12/10
f 1435/517/10 2936/59/10 127/58/10 2914/518/10
f 2915/519/10 1435/517/10 2914/518/10 128/520/10
f 1435/517/10 2915/519/10 138/521/10 2937/522/10
f 2936/59/10 1435/517/10 2937/522/10 139/60/10
f 1436/523/10 2918/524/10 44/430/10 2916/429/10
f 3674/525/10 1436/523/10 2916/429/10 102/424/10
f 1436/523/10 3674/525/10 467/67/10 3673/65/10
f 2918/524/10 1436/523/10 3673/65/10 129/66/10
f 1437/526/10 2922/527/10 137/528/10 2942/529/10
f 2735/530/10 1437/526/10 2942/529/10 128/520/10
f 1437/526/10 2735/530/10 123/531/10 2921/532/10
f 2922/527/10 1437/526/10 2921/532/10 132/533/10
f 1438/534/10 2928/535/10 19/536/10 2924/537/10
f 2930/538/10 1438/534/10 2924/537/10 133/539/10
f 1438/534/10 2930/538/10 136/295/10 2927/294/10
f 2928/535/10 1438/534/10 2927/294/10 135/274/10
f 1439/540/10 2928/535/10 135/274/10 2796/273/10
f 2800/261/10 1439/540/10 2796/273/10 55/262/10
f 1439/540/10 2800/261/10 52/206/10 2925/204/10
f 2926/541/10 1439/540/10 2925/204/10 134/203/10
f 1439/540/10 2926/541/10 19/536/10 2928/535/10
f 1440/542/10 2930/538/10 133/539/10 2923/543/10
f 2921/532/10 1440/542/10 2923/543/10 132/533/10
f 1440/542/10 2921/532/10 123/531/10 2909/544/10
f 2910/545/10 1440/542/10 2909/544/10 124/546/10
f 1440/542/10 2910/545/10 136/295/10 2930/538/10
f 1441/547/10 2931/296/10 136/295/10 2910/545/10
f 2804/548/10 1441/547/10 2910/545/10 124/546/10
f 1441/547/10 2804/548/10 58/549/10 2820/550/10
f 2931/296/10 1441/547/10 2820/550/10 68/298/10
f 1442/551/10 2945/552/10 143/553/10 2944/554/10
f 2934/555/10 1442/551/10 2944/554/10 27/496/10
f 1442/551/10 2934/555/10 138/521/10 2943/556/10
f 2945/552/10 1442/551/10 2943/556/10 142/557/10
f 1443/558/10 2937/522/10 138/521/10 2934/555/10
f 2904/494/10 1443/558/10 2934/555/10 27/496/10
f 1443/558/10 2904/494/10 24/493/10 2748/559/10
f 2913/560/10 1443/558/10 2748/559/10 15/561/10
f 1443/558/10 2913/560/10 139/60/10 2937/522/10
f 1444/562/10 2939/53/10 139/60/10 2913/560/10
f 2806/563/10 1444/562/10 2913/560/10 15/561/10
f 1444/562/10 2806/563/10 117/564/10 2938/565/10
f 2939/53/10 1444/562/10 2938/565/10 140/54/10
f 1445/566/10 2940/482/10 140/54/10 2938/565/10
f 2900/567/10 1445/566/10 2938/565/10 117/564/10
f 1445/566/10 2900/567/10 118/93/10 2901/91/10
f 2940/482/10 1445/566/10 2901/91/10 141/92/10
f 1446/568/10 2942/529/10 137/528/10 2935/569/10
f 2943/556/10 1446/568/10 2935/569/10 142/557/10
f 1446/568/10 2943/556/10 138/521/10 2915/519/10
f 2942/529/10 1446/568/10 2915/519/10 128/520/10
f 1447/570/201 5267/571/202 144/572/203 2946/573/204
f 5260/574/205 1447/570/201 2946/573/204 40/575/206
f 1447/570/201 5260/574/205 1276/497/10 5317/576/10
f 5267/571/202 1447/570/201 5317/576/10 1283/577/10
f 1448/578/10 2945/552/10 142/557/10 2935/569/10
f 2933/579/10 1448/578/10 2935/569/10 137/528/10
f 1448/578/10 2933/579/10 131/580/10 2920/581/10
f 2945/552/10 1448/578/10 2920/581/10 143/553/10
f 1449/582/10 2947/583/10 143/553/10 2920/581/10
f 5266/584/10 1449/582/10 2920/581/10 131/580/10
f 1449/582/10 5266/584/10 1282/585/10 5318/586/10
f 2947/583/10 1449/582/10 5318/586/10 1283/577/10
f 1450/587/10 3404/588/10 382/516/10 2941/514/10
f 2856/589/10 1450/587/10 2941/514/10 25/18/10
f 1450/587/10 2856/589/10 145/332/10 3402/590/10
f 3404/588/10 1450/587/10 3402/590/10 381/591/10
f 1451/592/10 2951/333/10 145/332/10 2856/589/10
f 2831/17/10 1451/592/10 2856/589/10 25/18/10
f 1451/592/10 2831/17/10 78/16/10 2950/593/10
f 2951/333/10 1451/592/10 2950/593/10 146/334/10
f 1452/594/10 2953/595/10 146/334/10 2950/593/10
f 3869/312/10 1452/594/10 2950/593/10 78/16/10
f 1452/594/10 3869/312/10 568/311/10 3899/596/10
f 2953/595/10 1452/594/10 3899/596/10 576/113/10
f 1453/597/10 2954/598/10 65/599/10 2737/600/10
f 2820/550/10 1453/597/10 2737/600/10 68/298/10
f 1453/597/10 2820/550/10 58/549/10 2736/601/10
f 2954/598/10 1453/597/10 2736/601/10 122/602/10
f 1454/603/10 2949/604/10 381/591/10 3402/590/10
f 3400/500/10 1454/603/10 3402/590/10 145/332/10
f 1454/603/10 3400/500/10 380/503/10 3411/605/10
f 2949/604/10 1454/603/10 3411/605/10 11/606/10
f 1455/607/10 2957/390/10 93/396/10 2858/608/10
f 2859/339/10 1455/607/10 2858/608/10 94/341/10
f 1455/607/10 2859/339/10 54/340/10 2819/373/10
f 2957/390/10 1455/607/10 2819/373/10 67/374/10
f 1456/609/207 2958/610/208 74/328/10 2722/611/10
f 3900/612/209 1456/609/207 2722/611/10 565/111/10
f 1456/609/207 3900/612/209 586/613/210 3837/614/211
f 2958/610/208 1456/609/207 3837/614/211 148/615/212
f 1457/616/213 2960/617/214 30/143/92 2725/142/91
f 3901/618/215 1457/616/213 2725/142/91 566/149/10
f 1457/616/213 3901/618/215 587/619/216 3838/620/217
f 2960/617/214 1457/616/213 3838/620/217 542/621/218
f 1458/622/219 2961/623/220 75/343/10 2828/342/10
f 2962/624/221 1458/622/219 2828/342/10 94/341/10
f 1458/622/219 2962/624/221 151/625/222 3839/626/223
f 2961/623/220 1458/622/219 3839/626/223 150/627/224
f 1459/628/225 2962/624/221 94/341/10 2858/608/10
f 2963/629/226 1459/628/225 2858/608/10 93/396/10
f 1459/628/225 2963/629/226 152/630/227 3840/631/228
f 2962/624/221 1459/628/225 3840/631/228 151/625/222
f 1460/632/229 2963/629/226 93/396/10 2724/395/10
f 2964/633/230 1460/632/229 2724/395/10 92/394/10
f 1460/632/229 2964/633/230 153/634/231 3841/635/232
f 2963/629/226 1460/632/229 3841/635/232 152/630/227
f 1461/636/233 2964/633/230 92/394/10 2857/501/10
f 2965/637/234 1461/636/233 2857/501/10 91/331/10
f 1461/636/233 2965/637/234 154/638/235 3842/639/236
f 2964/633/230 1461/636/233 3842/639/236 153/634/231
f 1462/640/237 2965/637/234 91/331/10 2827/329/10
f 2958/610/208 1462/640/237 2827/329/10 74/328/10
f 1462/640/237 2958/610/208 148/615/212 3843/641/238
f 2965/637/234 1462/640/237 3843/641/238 154/638/235
f 1463/642/239 2978/643/240 12/171/10 2768/169/10
f 2979/644/241 1463/642/239 2768/169/10 8/170/10
f 1463/642/239 2979/644/241 156/645/242 3603/646/243
f 2978/643/240 1463/642/239 3603/646/243 155/647/244
f 1464/648/245 2979/644/241 8/170/10 2833/347/10
f 2980/649/246 1464/648/245 2833/347/10 81/346/10
f 1464/648/245 2980/649/246 157/650/247 3604/651/248
f 2979/644/241 1464/648/245 3604/651/248 156/645/242
f 1465/652/249 2980/649/246 81/346/10 2837/442/10
f 2981/653/250 1465/652/249 2837/442/10 105/441/10
f 1465/652/249 2981/653/250 158/654/251 3605/655/252
f 2980/649/246 1465/652/249 3605/655/252 157/650/247
f 1466/656/253 2981/653/250 105/441/10 2877/657/10
f 2982/658/254 1466/656/253 2877/657/10 112/462/10
f 1466/656/253 2982/658/254 159/659/255 3606/660/256
f 2981/653/250 1466/656/253 3606/660/256 158/654/251
f 1467/661/257 2982/658/254 112/462/10 2891/460/10
f 2983/662/258 1467/661/257 2891/460/10 111/399/10
f 1467/661/257 2983/662/258 160/663/259 3607/664/260
f 2982/658/254 1467/661/257 3607/664/260 159/659/255
f 1468/665/261 2983/662/258 111/399/10 2866/398/10
f 2984/666/262 1468/665/261 2866/398/10 95/405/10
f 1468/665/261 2984/666/262 161/667/263 3608/668/264
f 2983/662/258 1468/665/261 3608/668/264 160/663/259
f 1469/669/265 2984/666/262 95/405/10 2867/407/10
f 2985/670/266 1469/669/265 2867/407/10 108/411/10
f 1469/669/265 2985/670/266 162/671/267 3609/672/268
f 2984/666/262 1469/669/265 3609/672/268 161/667/263
f 1470/673/269 2985/670/266 108/411/10 2881/674/10
f 2986/675/270 1470/673/269 2881/674/10 107/385/10
f 1470/673/269 2986/675/270 163/676/271 3610/677/272
f 2985/670/266 1470/673/269 3610/677/272 162/671/267
f 1471/678/273 2986/675/270 107/385/10 2861/383/10
f 2987/679/274 1471/678/273 2861/383/10 104/382/10
f 1471/678/273 2987/679/274 164/680/275 3611/681/276
f 2986/675/270 1471/678/273 3611/681/276 163/676/271
f 1472/682/277 2987/679/274 104/382/10 2875/438/10
f 2988/683/278 1472/682/277 2875/438/10 109/437/10
f 1472/682/277 2988/683/278 165/684/279 3612/685/280
f 2987/679/274 1472/682/277 3612/685/280 164/680/275
f 1473/686/281 2988/683/278 109/437/10 2889/453/10
f 2989/687/282 1473/686/281 2889/453/10 110/452/10
f 1473/686/281 2989/687/282 166/688/283 3613/689/284
f 2988/683/278 1473/686/281 3613/689/284 165/684/279
f 1474/690/285 2989/687/282 110/452/10 2883/458/10
f 2978/643/240 1474/690/285 2883/458/10 12/171/10
f 1474/690/285 2978/643/240 155/647/244 3614/691/286
f 2989/687/282 1474/690/285 3614/691/286 166/688/283
f 1475/692/287 3001/693/288 120/197/10 2745/195/10
f 3002/694/289 1475/692/287 2745/195/10 121/194/10
f 1475/692/287 3002/694/289 168/695/290 3615/696/291
f 3001/693/288 1475/692/287 3615/696/291 167/697/292
f 1476/698/293 3002/694/289 121/194/10 2907/699/294
f 3003/700/295 1476/698/293 2907/699/294 18/489/190
f 1476/698/293 3003/700/295 169/701/296 3616/702/297
f 3002/694/289 1476/698/293 3616/702/297 168/695/290
f 1477/703/298 3003/700/295 18/489/190 2895/487/188
f 3004/704/299 1477/703/298 2895/487/188 114/471/177
f 1477/703/298 3004/704/299 170/705/300 3617/706/301
f 3003/700/295 1477/703/298 3617/706/301 169/701/296
f 1478/707/302 3004/704/299 114/471/177 2894/469/175
f 3005/708/303 1478/707/302 2894/469/175 113/468/174
f 1478/707/302 3005/708/303 171/709/304 3618/710/305
f 3004/704/299 1478/707/302 3618/710/305 170/705/300
f 1479/711/306 3005/708/303 113/468/174 2803/712/307
f 3006/713/308 1479/711/306 2803/712/307 116/477/183
f 1479/711/306 3006/713/308 172/714/309 3619/715/310
f 3005/708/303 1479/711/306 3619/715/310 171/709/304
f 1480/716/311 3006/713/308 116/477/183 2897/475/181
f 3007/717/312 1480/716/311 2897/475/181 115/95/10
f 1480/716/311 3007/717/312 173/718/313 3620/719/314
f 3006/713/308 1480/716/311 3620/719/314 172/714/309
f 1481/720/315 3007/717/312 115/95/10 2811/94/10
f 3008/721/316 1481/720/315 2811/94/10 118/93/10
f 1481/720/315 3008/721/316 174/722/317 3621/723/318
f 3007/717/312 1481/720/315 3621/723/318 173/718/313
f 1482/724/319 3008/721/316 118/93/10 2900/567/10
f 3009/725/320 1482/724/319 2900/567/10 117/564/10
f 1482/724/319 3009/725/320 175/726/321 3622/727/322
f 3008/721/316 1482/724/319 3622/727/322 174/722/317
f 1483/728/323 3009/725/320 117/564/10 2806/563/10
f 3010/729/324 1483/728/323 2806/563/10 15/561/10
f 1483/728/323 3010/729/324 176/730/325 3623/731/326
f 3009/725/320 1483/728/323 3623/731/326 175/726/321
f 1484/732/327 3010/729/324 15/561/10 2748/559/10
f 3011/733/328 1484/732/327 2748/559/10 24/493/10
f 1484/732/327 3011/733/328 177/734/329 3624/735/330
f 3010/729/324 1484/732/327 3624/735/330 176/730/325
f 1485/736/331 3011/733/328 24/493/10 2906/492/10
f 3001/693/288 1485/736/331 2906/492/10 120/197/10
f 1485/736/331 3001/693/288 167/697/292 3625/737/332
f 3011/733/328 1485/736/331 3625/737/332 177/734/329
f 1486/738/333 3022/739/334 125/740/10 2732/741/10
f 3023/742/335 1486/738/333 2732/741/10 11/606/10
f 1486/738/333 3023/742/335 179/743/336 3626/744/337
f 3022/739/334 1486/738/333 3626/744/337 178/745/338
f 1487/746/339 3023/742/335 11/606/10 2908/747/10
f 3024/748/340 1487/746/339 2908/747/10 122/602/10
f 1487/746/339 3024/748/340 180/749/341 3627/750/342
f 3023/742/335 1487/746/339 3627/750/342 179/743/336
f 1488/751/343 3024/748/340 122/602/10 2736/601/10
f 3025/752/344 1488/751/343 2736/601/10 58/549/10
f 1488/751/343 3025/752/344 181/753/345 3628/754/346
f 3024/748/340 1488/751/343 3628/754/346 180/749/341
f 1489/755/347 3025/752/344 58/549/10 2804/548/10
f 3026/756/348 1489/755/347 2804/548/10 124/546/10
f 1489/755/347 3026/756/348 182/757/349 3629/758/350
f 3025/752/344 1489/755/347 3629/758/350 181/753/345
f 1490/759/351 3026/756/348 124/546/10 2909/544/10
f 3027/760/352 1490/759/351 2909/544/10 123/531/10
f 1490/759/351 3027/760/352 183/761/353 3630/762/354
f 3026/756/348 1490/759/351 3630/762/354 182/757/349
f 1491/763/355 3027/760/352 123/531/10 2735/530/10
f 3028/764/356 1491/763/355 2735/530/10 128/520/10
f 1491/763/355 3028/764/356 184/765/357 3631/766/358
f 3027/760/352 1491/763/355 3631/766/358 183/761/353
f 1492/767/359 3028/764/356 128/520/10 2914/518/10
f 3029/768/360 1492/767/359 2914/518/10 127/58/10
f 1492/767/359 3029/768/360 185/769/361 3632/770/362
f 3028/764/356 1492/767/359 3632/770/362 184/765/357
f 1493/771/363 3029/768/360 127/58/10 2807/56/10
f 3030/772/364 1493/771/363 2807/56/10 60/57/10
f 1493/771/363 3030/772/364 186/773/365 3633/774/366
f 3029/768/360 1493/771/363 3633/774/366 185/769/361
f 1494/775/367 3030/772/364 60/57/10 2752/484/10
f 3031/776/368 1494/775/367 2752/484/10 126/485/10
f 1494/775/367 3031/776/368 187/777/369 3634/778/370
f 3030/772/364 1494/775/367 3634/778/370 186/773/365
f 1495/779/371 3031/776/368 126/485/10 2911/780/10
f 3022/739/334 1495/779/371 2911/780/10 125/740/10
f 1495/779/371 3022/739/334 178/745/338 3635/781/372
f 3031/776/368 1495/779/371 3635/781/372 187/777/369
f 1496/782/373 3041/783/374 68/298/10 2737/600/10
f 3042/784/367 1496/782/373 2737/600/10 65/599/10
f 1496/782/373 3042/784/367 189/785/375 3636/786/376
f 3041/783/374 1496/782/373 3636/786/376 188/787/377
f 1497/788/378 3042/784/367 65/599/10 2816/789/10
f 3043/790/379 1497/788/378 2816/789/10 64/393/10
f 1497/788/378 3043/790/379 190/791/380 3637/792/381
f 3042/784/367 1497/788/378 3637/792/381 189/785/375
f 1498/793/382 3043/790/379 64/393/10 2795/391/10
f 3044/794/383 1498/793/382 2795/391/10 67/374/10
f 1498/793/382 3044/794/383 191/795/384 3638/796/385
f 3043/790/379 1498/793/382 3638/796/385 190/791/380
f 1499/797/386 3044/794/383 67/374/10 2847/372/10
f 3045/798/387 1499/797/386 2847/372/10 85/368/10
f 1499/797/386 3045/798/387 192/799/388 3639/800/389
f 3044/794/383 1499/797/386 3639/800/389 191/795/384
f 1500/801/390 3045/798/387 85/368/10 2818/367/10
f 3046/802/391 1500/801/390 2818/367/10 66/254/10
f 1500/801/390 3046/802/391 193/803/392 3640/804/393
f 3045/798/387 1500/801/390 3640/804/393 192/799/388
f 1501/805/394 3046/802/391 66/254/10 2799/253/10
f 3047/806/395 1501/805/394 2799/253/10 71/259/10
f 1501/805/394 3047/806/395 194/807/396 3641/808/397
f 3046/802/391 1501/805/394 3641/808/397 193/803/392
f 1502/809/398 3047/806/395 71/259/10 2823/301/10
f 3048/810/399 1502/809/398 2823/301/10 70/271/10
f 1502/809/398 3048/810/399 195/811/400 3642/812/401
f 3047/806/395 1502/809/398 3642/812/401 194/807/396
f 1503/813/402 3048/810/399 70/271/10 2812/270/10
f 3049/814/403 1503/813/402 2812/270/10 69/276/10
f 1503/813/402 3049/814/403 196/815/404 3643/816/405
f 3048/810/399 1503/813/402 3643/816/405 195/811/400
f 1504/817/406 3049/814/403 69/276/10 2821/297/10
f 3041/783/374 1504/817/406 2821/297/10 68/298/10
f 1504/817/406 3041/783/374 188/787/377 3644/818/407
f 3049/814/403 1504/817/406 3644/818/407 196/815/404
f 1505/819/408 3059/820/409 46/138/10 2757/136/10
f 3060/821/410 1505/819/408 2757/136/10 49/137/10
f 1505/819/408 3060/821/410 198/822/411 3645/823/412
f 3059/820/409 1505/819/408 3645/823/412 197/824/413
f 1506/825/414 3060/821/410 49/137/10 2789/826/10
f 3061/827/415 1506/825/414 2789/826/10 48/239/10
f 1506/825/414 3061/827/415 199/828/416 3646/829/417
f 3060/821/410 1506/825/414 3646/829/417 198/822/411
f 1507/830/418 3061/827/415 48/239/10 2765/281/10
f 3062/831/419 1507/830/418 2765/281/10 45/282/10
f 1507/830/418 3062/831/419 200/832/420 3647/833/421
f 3061/827/415 1507/830/418 3647/833/421 199/828/416
f 1508/834/422 3062/831/419 45/282/10 2784/431/10
f 3063/835/423 1508/834/422 2784/431/10 44/430/10
f 1508/834/422 3063/835/423 201/836/424 3648/837/425
f 3062/831/419 1508/834/422 3648/837/425 200/832/420
f 1509/838/426 3063/835/423 44/430/10 2918/524/10
f 3064/839/427 1509/838/426 2918/524/10 129/66/10
f 1509/838/426 3064/839/427 202/840/428 3649/841/429
f 3063/835/423 1509/838/426 3649/841/429 201/836/424
f 1510/842/430 3064/839/427 129/66/10 2769/64/10
f 3065/843/431 1510/842/430 2769/64/10 51/63/44
f 1510/842/430 3065/843/431 203/844/432 3650/845/433
f 3064/839/427 1510/842/430 3650/845/433 202/840/428
f 1511/846/434 3065/843/431 51/63/44 2792/427/44
f 3066/847/435 1511/846/434 2792/427/44 50/215/10
f 1511/846/434 3066/847/435 204/848/436 3651/849/437
f 3065/843/431 1511/846/434 3651/849/437 203/844/432
f 1512/850/438 3066/847/435 50/215/10 2766/213/10
f 3067/851/439 1512/850/438 2766/213/10 47/212/10
f 1512/850/438 3067/851/439 205/852/440 3652/853/441
f 3066/847/435 1512/850/438 3652/853/441 204/848/436
f 1513/854/442 3067/851/439 47/212/10 2787/229/10
f 3059/820/409 1513/854/442 2787/229/10 46/138/10
f 1513/854/442 3059/820/409 197/824/413 3653/855/443
f 3067/851/439 1513/854/442 3653/855/443 205/852/440
f 1514/856/444 3077/857/445 83/378/10 2754/377/10
f 3078/858/446 1514/856/444 2754/377/10 31/365/10
f 1514/856/444 3078/858/446 207/859/447 3654/860/448
f 3077/857/445 1514/856/444 3654/860/448 206/861/449
f 1515/862/450 3078/858/446 31/365/10 2846/364/10
f 3079/863/451 1515/862/450 2846/364/10 86/370/10
f 1515/862/450 3079/863/451 208/864/452 3655/865/453
f 3078/858/446 1515/862/450 3655/865/453 207/859/447
f 1516/866/454 3079/863/451 86/370/10 2848/375/10
f 3080/867/455 1516/866/454 2848/375/10 54/340/10
f 1516/866/454 3080/867/455 209/868/456 3656/869/457
f 3079/863/451 1516/866/454 3656/869/457 208/864/452
f 1517/870/458 3080/867/455 54/340/10 2834/338/10
f 3081/871/459 1517/870/458 2834/338/10 82/337/10
f 1517/870/458 3081/871/459 210/872/460 3657/873/461
f 3080/867/455 1517/870/458 3657/873/461 209/868/456
f 1518/874/462 3081/871/459 82/337/10 2843/875/10
f 3082/876/463 1518/874/462 2843/875/10 80/877/10
f 1518/874/462 3082/876/463 211/878/464 3658/879/465
f 3081/871/459 1518/874/462 3658/879/465 210/872/460
f 1519/880/466 3082/876/463 80/877/10 2840/881/10
f 3083/882/467 1519/880/466 2840/881/10 79/349/10
f 1519/880/466 3083/882/467 212/883/468 3659/884/469
f 3082/876/463 1519/880/466 3659/884/469 211/878/464
f 1520/885/470 3083/882/467 79/349/10 2832/348/10
f 3084/886/471 1520/885/470 2832/348/10 34/167/10
f 1520/885/470 3084/886/471 213/887/472 3660/888/473
f 3083/882/467 1520/885/470 3660/888/473 212/883/468
f 1521/889/474 3084/886/471 34/167/10 2756/166/10
f 3085/890/475 1521/889/474 2756/166/10 84/173/10
f 1521/889/474 3085/890/475 214/891/476 3661/892/477
f 3084/886/471 1521/889/474 3661/892/477 213/887/472
f 1522/893/478 3085/890/475 84/173/10 2845/457/10
f 3077/857/445 1522/893/478 2845/457/10 83/378/10
f 1522/893/478 3077/857/445 206/861/449 3662/894/479
f 3085/890/475 1522/893/478 3662/894/479 214/891/476
f 1523/895/480 3086/896/481 134/203/10 2772/202/10
f 5319/897/482 1523/895/480 2772/202/10 1274/209/10
f 1523/895/480 5319/897/482 1295/898/483 3809/899/484
f 3086/896/481 1523/895/480 3809/899/484 215/900/485
f 1524/901/486 3088/902/487 130/903/488 2932/904/489
f 5320/905/490 1524/901/486 2932/904/489 1282/585/10
f 1524/901/486 5320/905/490 1296/906/491 3810/907/492
f 3088/902/487 1524/901/486 3810/907/492 527/908/493
f 1525/909/494 3089/910/495 131/580/10 2933/579/10
f 3090/911/496 1525/909/494 2933/579/10 137/528/10
f 1525/909/494 3090/911/496 218/912/497 3811/913/498
f 3089/910/495 1525/909/494 3811/913/498 217/914/499
f 1526/915/500 3090/911/496 137/528/10 2922/527/10
f 3091/916/501 1526/915/500 2922/527/10 132/533/10
f 1526/915/500 3091/916/501 219/917/502 3812/918/503
f 3090/911/496 1526/915/500 3812/918/503 218/912/497
f 1527/919/504 3091/916/501 132/533/10 2923/543/10
f 3092/920/505 1527/919/504 2923/543/10 133/539/10
f 1527/919/504 3092/920/505 220/921/506 3813/922/507
f 3091/916/501 1527/919/504 3813/922/507 219/917/502
f 1528/923/508 3092/920/505 133/539/10 2924/537/10
f 3093/924/509 1528/923/508 2924/537/10 19/536/10
f 1528/923/508 3093/924/509 221/925/510 3814/926/511
f 3092/920/505 1528/923/508 3814/926/511 220/921/506
f 1529/927/512 3093/924/509 19/536/10 2926/541/10
f 3086/896/481 1529/927/512 2926/541/10 134/203/10
f 1529/927/512 3086/896/481 215/900/485 3815/928/513
f 3093/924/509 1529/927/512 3815/928/513 221/925/510
f 1530/929/514 3912/930/515 539/931/516 3596/932/517
f 3902/933/518 1530/929/514 3596/932/517 583/934/519
f 1530/929/514 3902/933/518 599/935/520 3925/936/521
f 3912/930/515 1530/929/514 3925/936/521 588/937/522
f 1531/938/523 3914/939/524 541/940/525 3597/941/526
f 3903/942/527 1531/938/523 3597/941/526 584/943/528
f 1531/938/523 3903/942/527 600/944/529 3926/945/530
f 3914/939/524 1531/938/523 3926/945/530 590/946/531
f 1532/947/532 3915/948/533 543/949/534 3598/950/535
f 3916/951/536 1532/947/532 3598/950/535 544/952/537
f 1532/947/532 3916/951/536 592/953/538 3927/954/539
f 3915/948/533 1532/947/532 3927/954/539 591/955/540
f 1533/956/541 3916/951/536 544/952/537 3599/957/542
f 3917/958/543 1533/956/541 3599/957/542 545/959/544
f 1533/956/541 3917/958/543 593/960/545 3928/961/546
f 3916/951/536 1533/956/541 3928/961/546 592/953/538
f 1534/962/547 3917/958/543 545/959/544 3600/963/548
f 3918/964/549 1534/962/547 3600/963/548 546/965/550
f 1534/962/547 3918/964/549 594/966/551 3929/967/552
f 3917/958/543 1534/962/547 3929/967/552 593/960/545
f 1535/968/553 3918/964/549 546/965/550 3601/969/554
f 3919/970/555 1535/968/553 3601/969/554 547/971/556
f 1535/968/553 3919/970/555 595/972/557 3930/973/558
f 3918/964/549 1535/968/553 3930/973/558 594/966/551
f 1536/974/559 3919/970/555 547/971/556 3602/975/560
f 3912/930/515 1536/974/559 3602/975/560 539/931/516
f 1536/974/559 3912/930/515 588/937/522 3931/976/561
f 3919/970/555 1536/974/559 3931/976/561 595/972/557
f 1537/977/562 3113/978/563 406/979/564 2966/980/565
f 3114/981/566 1537/977/562 2966/980/565 407/982/567
f 1537/977/562 3114/981/566 231/983/568 3101/984/569
f 3113/978/563 1537/977/562 3101/984/569 230/985/570
f 1538/986/571 3114/981/566 407/982/567 2967/987/572
f 3115/988/573 1538/986/571 2967/987/572 408/989/574
f 1538/986/571 3115/988/573 232/990/575 3102/991/576
f 3114/981/566 1538/986/571 3102/991/576 231/983/568
f 1539/992/577 3115/988/573 408/989/574 2968/993/578
f 3116/994/579 1539/992/577 2968/993/578 409/995/580
f 1539/992/577 3116/994/579 233/996/581 3103/997/582
f 3115/988/573 1539/992/577 3103/997/582 232/990/575
f 1540/998/583 3116/994/579 409/995/580 2969/999/584
f 3117/1000/585 1540/998/583 2969/999/584 410/1001/586
f 1540/998/583 3117/1000/585 234/1002/587 3104/1003/588
f 3116/994/579 1540/998/583 3104/1003/588 233/996/581
f 1541/1004/589 3117/1000/585 410/1001/586 2970/1005/590
f 3118/1006/591 1541/1004/589 2970/1005/590 411/1007/592
f 1541/1004/589 3118/1006/591 235/1008/593 3105/1009/594
f 3117/1000/585 1541/1004/589 3105/1009/594 234/1002/587
f 1542/1010/595 3118/1006/591 411/1007/592 2971/1011/596
f 3119/1012/597 1542/1010/595 2971/1011/596 412/1013/598
f 1542/1010/595 3119/1012/597 236/1014/599 3106/1015/600
f 3118/1006/591 1542/1010/595 3106/1015/600 235/1008/593
f 1543/1016/601 3119/1012/597 412/1013/598 2972/1017/602
f 3120/1018/603 1543/1016/601 2972/1017/602 413/1019/604
f 1543/1016/601 3120/1018/603 237/1020/605 3107/1021/606
f 3119/1012/597 1543/1016/601 3107/1021/606 236/1014/599
f 1544/1022/607 3120/1018/603 413/1019/604 2973/1023/608
f 3121/1024/609 1544/1022/607 2973/1023/608 414/1025/610
f 1544/1022/607 3121/1024/609 238/1026/611 3108/1027/612
f 3120/1018/603 1544/1022/607 3108/1027/612 237/1020/605
f 1545/1028/613 3121/1024/609 414/1025/610 2974/1029/614
f 3122/1030/615 1545/1028/613 2974/1029/614 415/1031/616
f 1545/1028/613 3122/1030/615 239/1032/617 3109/1033/618
f 3121/1024/609 1545/1028/613 3109/1033/618 238/1026/611
f 1546/1034/619 3122/1030/615 415/1031/616 2975/1035/620
f 3123/1036/621 1546/1034/619 2975/1035/620 416/1037/622
f 1546/1034/619 3123/1036/621 240/1038/623 3110/1039/624
f 3122/1030/615 1546/1034/619 3110/1039/624 239/1032/617
f 1547/1040/625 3123/1036/621 416/1037/622 2976/1041/626
f 3124/1042/627 1547/1040/625 2976/1041/626 417/1043/628
f 1547/1040/625 3124/1042/627 241/1044/629 3111/1045/630
f 3123/1036/621 1547/1040/625 3111/1045/630 240/1038/623
f 1548/1046/631 3124/1042/627 417/1043/628 2977/1047/632
f 3113/978/563 1548/1046/631 2977/1047/632 406/979/564
f 1548/1046/631 3113/978/563 230/985/570 3112/1048/633
f 3124/1042/627 1548/1046/631 3112/1048/633 241/1044/629
f 1549/1049/634 3136/1050/635 418/1051/636 2990/1052/637
f 3137/1053/638 1549/1049/634 2990/1052/637 419/1054/639
f 1549/1049/634 3137/1053/638 243/1055/640 3125/1056/641
f 3136/1050/635 1549/1049/634 3125/1056/641 242/1057/642
f 1550/1058/643 3137/1053/638 419/1054/639 2991/1059/644
f 3138/1060/645 1550/1058/643 2991/1059/644 420/1061/646
f 1550/1058/643 3138/1060/645 244/1062/647 3126/1063/648
f 3137/1053/638 1550/1058/643 3126/1063/648 243/1055/640
f 1551/1064/649 3138/1060/645 420/1061/646 2992/1065/650
f 3139/1066/651 1551/1064/649 2992/1065/650 421/1067/652
f 1551/1064/649 3139/1066/651 245/1068/653 3127/1069/654
f 3138/1060/645 1551/1064/649 3127/1069/654 244/1062/647
f 1552/1070/655 3139/1066/651 421/1067/652 2993/1071/656
f 3140/1072/657 1552/1070/655 2993/1071/656 422/1073/658
f 1552/1070/655 3140/1072/657 246/1074/659 3128/1075/660
f 3139/1066/651 1552/1070/655 3128/1075/660 245/1068/653
f 1553/1076/661 3140/1072/657 422/1073/658 2994/1077/662
f 3141/1078/663 1553/1076/661 2994/1077/662 423/1079/664
f 1553/1076/661 3141/1078/663 247/1080/665 3129/1081/666
f 3140/1072/657 1553/1076/661 3129/1081/666 246/1074/659
f 1554/1082/667 3141/1078/663 423/1079/664 2995/1083/668
f 3142/1084/669 1554/1082/667 2995/1083/668 424/1085/670
f 1554/1082/667 3142/1084/669 248/1086/671 3130/1087/672
f 3141/1078/663 1554/1082/667 3130/1087/672 247/1080/665
f 1555/1088/673 3142/1084/669 424/1085/670 2996/1089/674
f 3143/1090/675 1555/1088/673 2996/1089/674 425/1091/676
f 1555/1088/673 3143/1090/675 249/1092/677 3131/1093/678
f 3142/1084/669 1555/1088/673 3131/1093/678 248/1086/671
f 1556/1094/679 3143/1090/675 425/1091/676 2997/1095/680
f 3144/1096/681 1556/1094/679 2997/1095/680 426/1097/682
f 1556/1094/679 3144/1096/681 250/1098/683 3132/1099/684
f 3143/1090/675 1556/1094/679 3132/1099/684 249/1092/677
f 1557/1100/685 3144/1096/681 426/1097/682 2998/1101/686
f 3145/1102/687 1557/1100/685 2998/1101/686 427/1103/688
f 1557/1100/685 3145/1102/687 251/1104/689 3133/1105/690
f 3144/1096/681 1557/1100/685 3133/1105/690 250/1098/683
f 1558/1106/691 3145/1102/687 427/1103/688 2999/1107/692
f 3146/1108/693 1558/1106/691 2999/1107/692 428/1109/694
f 1558/1106/691 3146/1108/693 252/1110/695 3134/1111/696
f 3145/1102/687 1558/1106/691 3134/1111/696 251/1104/689
f 1559/1112/697 3146/1108/693 428/1109/694 3000/1113/698
f 3136/1050/635 1559/1112/697 3000/1113/698 418/1051/636
f 1559/1112/697 3136/1050/635 242/1057/642 3135/1114/699
f 3146/1108/693 1559/1112/697 3135/1114/699 252/1110/695
f 1560/1115/700 3157/1116/701 429/1117/702 3012/1118/703
f 3158/1119/704 1560/1115/700 3012/1118/703 430/1120/705
f 1560/1115/700 3158/1119/704 254/1121/706 3147/1122/707
f 3157/1116/701 1560/1115/700 3147/1122/707 253/1123/708
f 1561/1124/709 3158/1119/704 430/1120/705 3013/1125/710
f 3159/1126/711 1561/1124/709 3013/1125/710 431/1127/712
f 1561/1124/709 3159/1126/711 255/1128/713 3148/1129/714
f 3158/1119/704 1561/1124/709 3148/1129/714 254/1121/706
f 1562/1130/715 3159/1126/711 431/1127/712 3014/1131/716
f 3160/1132/717 1562/1130/715 3014/1131/716 432/1133/718
f 1562/1130/715 3160/1132/717 256/1134/719 3149/1135/720
f 3159/1126/711 1562/1130/715 3149/1135/720 255/1128/713
f 1563/1136/721 3160/1132/717 432/1133/718 3015/1137/722
f 3161/1138/723 1563/1136/721 3015/1137/722 433/1139/724
f 1563/1136/721 3161/1138/723 257/1140/725 3150/1141/726
f 3160/1132/717 1563/1136/721 3150/1141/726 256/1134/719
f 1564/1142/727 3161/1138/723 433/1139/724 3016/1143/728
f 3162/1144/729 1564/1142/727 3016/1143/728 434/1145/730
f 1564/1142/727 3162/1144/729 258/1146/731 3151/1147/732
f 3161/1138/723 1564/1142/727 3151/1147/732 257/1140/725
f 1565/1148/733 3162/1144/729 434/1145/730 3017/1149/734
f 3163/1150/735 1565/1148/733 3017/1149/734 435/1151/736
f 1565/1148/733 3163/1150/735 259/1152/737 3152/1153/738
f 3162/1144/729 1565/1148/733 3152/1153/738 258/1146/731
f 1566/1154/739 3163/1150/735 435/1151/736 3018/1155/740
f 3164/1156/741 1566/1154/739 3018/1155/740 436/1157/742
f 1566/1154/739 3164/1156/741 260/1158/743 3153/1159/744
f 3163/1150/735 1566/1154/739 3153/1159/744 259/1152/737
f 1567/1160/745 3164/1156/741 436/1157/742 3019/1161/746
f 3165/1162/747 1567/1160/745 3019/1161/746 437/1163/748
f 1567/1160/745 3165/1162/747 261/1164/749 3154/1165/750
f 3164/1156/741 1567/1160/745 3154/1165/750 260/1158/743
f 1568/1166/751 3165/1162/747 437/1163/748 3020/1167/752
f 3166/1168/753 1568/1166/751 3020/1167/752 438/1169/754
f 1568/1166/751 3166/1168/753 262/1170/755 3155/1171/756
f 3165/1162/747 1568/1166/751 3155/1171/756 261/1164/749
f 1569/1172/757 3166/1168/753 438/1169/754 3021/1173/758
f 3157/1116/701 1569/1172/757 3021/1173/758 429/1117/702
f 1569/1172/757 3157/1116/701 253/1123/708 3156/1174/759
f 3166/1168/753 1569/1172/757 3156/1174/759 262/1170/755
f 1570/1175/760 3176/1176/761 439/1177/762 3032/1178/763
f 3177/1179/764 1570/1175/760 3032/1178/763 440/1180/765
f 1570/1175/760 3177/1179/764 264/1181/766 3167/1182/767
f 3176/1176/761 1570/1175/760 3167/1182/767 263/1183/768
f 1571/1184/769 3177/1179/764 440/1180/765 3033/1185/770
f 3178/1186/771 1571/1184/769 3033/1185/770 441/1187/772
f 1571/1184/769 3178/1186/771 265/1188/773 3168/1189/774
f 3177/1179/764 1571/1184/769 3168/1189/774 264/1181/766
f 1572/1190/775 3178/1186/771 441/1187/772 3034/1191/776
f 3179/1192/777 1572/1190/775 3034/1191/776 442/1193/778
f 1572/1190/775 3179/1192/777 266/1194/779 3169/1195/780
f 3178/1186/771 1572/1190/775 3169/1195/780 265/1188/773
f 1573/1196/781 3179/1192/777 442/1193/778 3035/1197/782
f 3180/1198/783 1573/1196/781 3035/1197/782 443/1199/784
f 1573/1196/781 3180/1198/783 267/1200/785 3170/1201/786
f 3179/1192/777 1573/1196/781 3170/1201/786 266/1194/779
f 1574/1202/787 3180/1198/783 443/1199/784 3036/1203/788
f 3181/1204/789 1574/1202/787 3036/1203/788 444/1205/790
f 1574/1202/787 3181/1204/789 268/1206/791 3171/1207/792
f 3180/1198/783 1574/1202/787 3171/1207/792 267/1200/785
f 1575/1208/793 3181/1204/789 444/1205/790 3037/1209/794
f 3182/1210/795 1575/1208/793 3037/1209/794 445/1211/796
f 1575/1208/793 3182/1210/795 269/1212/797 3172/1213/798
f 3181/1204/789 1575/1208/793 3172/1213/798 268/1206/791
f 1576/1214/799 3182/1210/795 445/1211/796 3038/1215/800
f 3183/1216/801 1576/1214/799 3038/1215/800 446/1217/802
f 1576/1214/799 3183/1216/801 270/1218/803 3173/1219/804
f 3182/1210/795 1576/1214/799 3173/1219/804 269/1212/797
f 1577/1220/805 3183/1216/801 446/1217/802 3039/1221/806
f 3184/1222/807 1577/1220/805 3039/1221/806 447/1223/808
f 1577/1220/805 3184/1222/807 271/1224/809 3174/1225/810
f 3183/1216/801 1577/1220/805 3174/1225/810 270/1218/803
f 1578/1226/811 3184/1222/807 447/1223/808 3040/1227/812
f 3176/1176/761 1578/1226/811 3040/1227/812 439/1177/762
f 1578/1226/811 3176/1176/761 263/1183/768 3175/1228/813
f 3184/1222/807 1578/1226/811 3175/1228/813 271/1224/809
f 1579/1229/814 3194/1230/815 448/1231/816 3050/1232/817
f 3195/1233/818 1579/1229/814 3050/1232/817 449/1234/819
f 1579/1229/814 3195/1233/818 273/1235/820 3185/1236/821
f 3194/1230/815 1579/1229/814 3185/1236/821 272/1237/822
f 1580/1238/823 3195/1233/818 449/1234/819 3051/1239/824
f 3196/1240/825 1580/1238/823 3051/1239/824 450/1241/826
f 1580/1238/823 3196/1240/825 274/1242/827 3186/1243/828
f 3195/1233/818 1580/1238/823 3186/1243/828 273/1235/820
f 1581/1244/829 3196/1240/825 450/1241/826 3052/1245/830
f 3197/1246/831 1581/1244/829 3052/1245/830 451/1247/832
f 1581/1244/829 3197/1246/831 275/1248/833 3187/1249/834
f 3196/1240/825 1581/1244/829 3187/1249/834 274/1242/827
f 1582/1250/835 3197/1246/831 451/1247/832 3053/1251/836
f 3198/1252/837 1582/1250/835 3053/1251/836 452/1253/838
f 1582/1250/835 3198/1252/837 276/1254/839 3188/1255/840
f 3197/1246/831 1582/1250/835 3188/1255/840 275/1248/833
f 1583/1256/841 3198/1252/837 452/1253/838 3054/1257/842
f 3199/1258/843 1583/1256/841 3054/1257/842 453/1259/844
f 1583/1256/841 3199/1258/843 277/1260/845 3189/1261/846
f 3198/1252/837 1583/1256/841 3189/1261/846 276/1254/839
f 1584/1262/847 3199/1258/843 453/1259/844 3055/1263/848
f 3200/1264/849 1584/1262/847 3055/1263/848 454/1265/850
f 1584/1262/847 3200/1264/849 278/1266/851 3190/1267/852
f 3199/1258/843 1584/1262/847 3190/1267/852 277/1260/845
f 1585/1268/853 3200/1264/849 454/1265/850 3056/1269/854
f 3201/1270/855 1585/1268/853 3056/1269/854 455/1271/856
f 1585/1268/853 3201/1270/855 279/1272/857 3191/1273/858
f 3200/1264/849 1585/1268/853 3191/1273/858 278/1266/851
f 1586/1274/859 3201/1270/855 455/1271/856 3057/1275/860
f 3202/1276/861 1586/1274/859 3057/1275/860 456/1277/862
f 1586/1274/859 3202/1276/861 280/1278/863 3192/1279/864
f 3201/1270/855 1586/1274/859 3192/1279/864 279/1272/857
f 1587/1280/865 3202/1276/861 456/1277/862 3058/1281/866
f 3194/1230/815 1587/1280/865 3058/1281/866 448/1231/816
f 1587/1280/865 3194/1230/815 272/1237/822 3193/1282/867
f 3202/1276/861 1587/1280/865 3193/1282/867 280/1278/863
f 1588/1283/868 3212/1284/869 457/1285/870 3068/1286/871
f 3213/1287/872 1588/1283/868 3068/1286/871 458/1288/873
f 1588/1283/868 3213/1287/872 282/1289/874 3511/1290/875
f 3212/1284/869 1588/1283/868 3511/1290/875 281/1291/876
f 1589/1292/877 3213/1287/872 458/1288/873 3069/1293/878
f 3214/1294/879 1589/1292/877 3069/1293/878 459/1295/880
f 1589/1292/877 3214/1294/879 283/1296/881 3512/1297/882
f 3213/1287/872 1589/1292/877 3512/1297/882 282/1289/874
f 1590/1298/883 3214/1294/879 459/1295/880 3070/1299/884
f 3215/1300/885 1590/1298/883 3070/1299/884 460/1301/886
f 1590/1298/883 3215/1300/885 284/1302/887 3513/1303/888
f 3214/1294/879 1590/1298/883 3513/1303/888 283/1296/881
f 1591/1304/889 3215/1300/885 460/1301/886 3071/1305/890
f 3216/1306/891 1591/1304/889 3071/1305/890 461/1307/892
f 1591/1304/889 3216/1306/891 285/1308/893 3514/1309/894
f 3215/1300/885 1591/1304/889 3514/1309/894 284/1302/887
f 1592/1310/895 3216/1306/891 461/1307/892 3072/1311/896
f 3217/1312/897 1592/1310/895 3072/1311/896 462/1313/898
f 1592/1310/895 3217/1312/897 286/1314/899 3515/1315/900
f 3216/1306/891 1592/1310/895 3515/1315/900 285/1308/893
f 1593/1316/901 3217/1312/897 462/1313/898 3073/1317/902
f 3218/1318/903 1593/1316/901 3073/1317/902 463/1319/904
f 1593/1316/901 3218/1318/903 287/1320/905 3516/1321/906
f 3217/1312/897 1593/1316/901 3516/1321/906 286/1314/899
f 1594/1322/907 3218/1318/903 463/1319/904 3074/1323/908
f 3219/1324/909 1594/1322/907 3074/1323/908 464/1325/910
f 1594/1322/907 3219/1324/909 288/1326/911 3517/1327/912
f 3218/1318/903 1594/1322/907 3517/1327/912 287/1320/905
f 1595/1328/913 3219/1324/909 464/1325/910 3075/1329/914
f 3220/1330/915 1595/1328/913 3075/1329/914 465/1331/916
f 1595/1328/913 3220/1330/915 289/1332/917 3518/1333/918
f 3219/1324/909 1595/1328/913 3518/1333/918 288/1326/911
f 1596/1334/919 3220/1330/915 465/1331/916 3076/1335/920
f 3212/1284/869 1596/1334/919 3076/1335/920 457/1285/870
f 1596/1334/919 3212/1284/869 281/1291/876 3519/1336/921
f 3220/1330/915 1596/1334/919 3519/1336/921 289/1332/917
f 1597/1337/922 3844/1338/923 524/1339/924 3663/1340/925
f 5321/1341/926 1597/1337/922 3663/1340/925 1290/1342/927
f 1597/1337/922 5321/1341/926 1297/1343/928 5281/1344/929
f 3844/1338/923 1597/1337/922 5281/1344/929 554/1345/930
f 1598/1346/931 3846/1347/932 526/1348/933 3664/1349/934
f 5322/1350/935 1598/1346/931 3664/1349/934 1291/1351/936
f 1598/1346/931 5322/1350/935 1298/1352/937 5282/1353/938
f 3846/1347/932 1598/1346/931 5282/1353/938 556/1354/939
f 1599/1355/940 3847/1356/941 528/1357/942 3665/1358/943
f 3848/1359/944 1599/1355/940 3665/1358/943 529/1360/945
f 1599/1355/940 3848/1359/944 558/1361/946 3856/1362/947
f 3847/1356/941 1599/1355/940 3856/1362/947 557/1363/948
f 1600/1364/949 3848/1359/944 529/1360/945 3666/1365/950
f 3849/1366/951 1600/1364/949 3666/1365/950 530/1367/952
f 1600/1364/949 3849/1366/951 559/1368/953 3857/1369/954
f 3848/1359/944 1600/1364/949 3857/1369/954 558/1361/946
f 1601/1370/955 3849/1366/951 530/1367/952 3667/1371/956
f 3850/1372/957 1601/1370/955 3667/1371/956 531/1373/958
f 1601/1370/955 3850/1372/957 560/1374/959 3858/1375/960
f 3849/1366/951 1601/1370/955 3858/1375/960 559/1368/953
f 1602/1376/961 3850/1372/957 531/1373/958 3668/1377/962
f 3851/1378/963 1602/1376/961 3668/1377/962 532/1379/964
f 1602/1376/961 3851/1378/963 561/1380/965 3859/1381/966
f 3850/1372/957 1602/1376/961 3859/1381/966 560/1374/959
f 1603/1382/967 3851/1378/963 532/1379/964 3669/1383/968
f 3844/1338/923 1603/1382/967 3669/1383/968 524/1339/924
f 1603/1382/967 3844/1338/923 554/1345/930 3860/1384/969
f 3851/1378/963 1603/1382/967 3860/1384/969 561/1380/965
f 1604/1385/970 3236/1386/971 222/1387/972 3094/1388/973
f 3904/1389/974 1604/1385/970 3094/1388/973 577/1390/975
f 1604/1385/970 3904/1389/974 579/1391/976 3228/1392/977
f 3236/1386/971 1604/1385/970 3228/1392/977 298/1393/978
f 1605/1394/979 3238/1395/980 224/1396/981 3095/1397/982
f 3905/1398/983 1605/1394/979 3095/1397/982 578/1399/984
f 1605/1394/979 3905/1398/983 580/1400/985 3230/1401/986
f 3238/1395/980 1605/1394/979 3230/1401/986 300/1402/987
f 1606/1403/988 3239/1404/989 225/1405/990 3096/1406/991
f 3240/1407/992 1606/1403/988 3096/1406/991 226/1408/993
f 1606/1403/988 3240/1407/992 302/25/17 3231/23/15
f 3239/1404/989 1606/1403/988 3231/23/15 301/24/16
f 1607/1409/994 3240/1407/992 226/1408/993 3097/1410/995
f 3241/1411/996 1607/1409/994 3097/1410/995 227/1412/997
f 1607/1409/994 3241/1411/996 303/27/19 3232/26/18
f 3240/1407/992 1607/1409/994 3232/26/18 302/25/17
f 1608/1413/998 3241/1411/996 227/1412/997 3098/1414/999
f 3242/1415/1000 1608/1413/998 3098/1414/999 228/1416/1001
f 1608/1413/998 3242/1415/1000 304/1417/1002 3233/1418/1003
f 3241/1411/996 1608/1413/998 3233/1418/1003 303/27/19
f 1609/1419/1004 3242/1415/1000 228/1416/1001 3099/1420/1005
f 3243/1421/1006 1609/1419/1004 3099/1420/1005 229/1422/1007
f 1609/1419/1004 3243/1421/1006 305/1423/1008 3234/1424/1009
f 3242/1415/1000 1609/1419/1004 3234/1424/1009 304/1417/1002
f 1610/1425/1010 3243/1421/1006 229/1422/1007 3100/1426/1011
f 3236/1386/971 1610/1425/1010 3100/1426/1011 222/1387/972
f 1610/1425/1010 3236/1386/971 298/1393/978 3235/1427/1012
f 3243/1421/1006 1610/1425/1010 3235/1427/1012 305/1423/1008
f 1611/1428/1013 3256/1429/1014 230/985/570 3101/984/569
f 3257/1430/1015 1611/1428/1013 3101/984/569 231/983/568
f 1611/1428/1013 3257/1430/1015 307/1431/1016 3244/1432/1017
f 3256/1429/1014 1611/1428/1013 3244/1432/1017 306/1433/1018
f 1612/1434/1019 3257/1430/1015 231/983/568 3102/991/576
f 3258/1435/1020 1612/1434/1019 3102/991/576 232/990/575
f 1612/1434/1019 3258/1435/1020 308/1436/1021 3245/1437/1022
f 3257/1430/1015 1612/1434/1019 3245/1437/1022 307/1431/1016
f 1613/1438/1023 3258/1435/1020 232/990/575 3103/997/582
f 3259/1439/1024 1613/1438/1023 3103/997/582 233/996/581
f 1613/1438/1023 3259/1439/1024 309/1440/1025 3246/1441/1026
f 3258/1435/1020 1613/1438/1023 3246/1441/1026 308/1436/1021
f 1614/1442/1027 3259/1439/1024 233/996/581 3104/1003/588
f 3260/1443/1028 1614/1442/1027 3104/1003/588 234/1002/587
f 1614/1442/1027 3260/1443/1028 310/1444/1029 3247/1445/1030
f 3259/1439/1024 1614/1442/1027 3247/1445/1030 309/1440/1025
f 1615/1446/1031 3260/1443/1028 234/1002/587 3105/1009/594
f 3261/1447/1032 1615/1446/1031 3105/1009/594 235/1008/593
f 1615/1446/1031 3261/1447/1032 311/1448/1033 3248/1449/1034
f 3260/1443/1028 1615/1446/1031 3248/1449/1034 310/1444/1029
f 1616/1450/1035 3261/1447/1032 235/1008/593 3106/1015/600
f 3262/1451/1036 1616/1450/1035 3106/1015/600 236/1014/599
f 1616/1450/1035 3262/1451/1036 312/30/22 3249/1452/1037
f 3261/1447/1032 1616/1450/1035 3249/1452/1037 311/1448/1033
f 1617/1453/1038 3262/1451/1036 236/1014/599 3107/1021/606
f 3263/1454/1039 1617/1453/1038 3107/1021/606 237/1020/605
f 1617/1453/1038 3263/1454/1039 313/33/25 3250/31/23
f 3262/1451/1036 1617/1453/1038 3250/31/23 312/30/22
f 1618/1455/1040 3263/1454/1039 237/1020/605 3108/1027/612
f 3264/1456/1041 1618/1455/1040 3108/1027/612 238/1026/611
f 1618/1455/1040 3264/1456/1041 314/34/26 3251/32/24
f 3263/1454/1039 1618/1455/1040 3251/32/24 313/33/25
f 1619/1457/1042 3264/1456/1041 238/1026/611 3109/1033/618
f 3265/1458/1043 1619/1457/1042 3109/1033/618 239/1032/617
f 1619/1457/1042 3265/1458/1043 315/36/28 3252/35/27
f 3264/1456/1041 1619/1457/1042 3252/35/27 314/34/26
f 1620/1459/1044 3265/1458/1043 239/1032/617 3110/1039/624
f 3266/1460/1045 1620/1459/1044 3110/1039/624 240/1038/623
f 1620/1459/1044 3266/1460/1045 316/1461/1046 3253/1462/1047
f 3265/1458/1043 1620/1459/1044 3253/1462/1047 315/36/28
f 1621/1463/1048 3266/1460/1045 240/1038/623 3111/1045/630
f 3267/1464/1049 1621/1463/1048 3111/1045/630 241/1044/629
f 1621/1463/1048 3267/1464/1049 317/1465/1050 3254/1466/1051
f 3266/1460/1045 1621/1463/1048 3254/1466/1051 316/1461/1046
f 1622/1467/1052 3267/1464/1049 241/1044/629 3112/1048/633
f 3256/1429/1014 1622/1467/1052 3112/1048/633 230/985/570
f 1622/1467/1052 3256/1429/1014 306/1433/1018 3255/1468/1053
f 3267/1464/1049 1622/1467/1052 3255/1468/1053 317/1465/1050
f 1623/1469/1054 3279/1470/1055 242/1057/642 3125/1056/641
f 3280/1471/1056 1623/1469/1054 3125/1056/641 243/1055/640
f 1623/1469/1054 3280/1471/1056 319/104/69 3268/103/68
f 3279/1470/1055 1623/1469/1054 3268/103/68 318/102/67
f 1624/1472/1057 3280/1471/1056 243/1055/640 3126/1063/648
f 3281/1473/1058 1624/1472/1057 3126/1063/648 244/1062/647
f 1624/1472/1057 3281/1473/1058 320/1474/1059 3269/1475/1060
f 3280/1471/1056 1624/1472/1057 3269/1475/1060 319/104/69
f 1625/1476/1061 3281/1473/1058 244/1062/647 3127/1069/654
f 3282/1477/1062 1625/1476/1061 3127/1069/654 245/1068/653
f 1625/1476/1061 3282/1477/1062 321/1478/1063 3270/1479/1064
f 3281/1473/1058 1625/1476/1061 3270/1479/1064 320/1474/1059
f 1626/1480/1065 3282/1477/1062 245/1068/653 3128/1075/660
f 3283/1481/1066 1626/1480/1065 3128/1075/660 246/1074/659
f 1626/1480/1065 3283/1481/1066 322/1482/1067 3271/1483/1068
f 3282/1477/1062 1626/1480/1065 3271/1483/1068 321/1478/1063
f 1627/1484/1069 3283/1481/1066 246/1074/659 3129/1081/666
f 3284/1485/1070 1627/1484/1069 3129/1081/666 247/1080/665
f 1627/1484/1069 3284/1485/1070 323/1486/1071 3272/1487/1072
f 3283/1481/1066 1627/1484/1069 3272/1487/1072 322/1482/1067
f 1628/1488/1073 3284/1485/1070 247/1080/665 3130/1087/672
f 3285/1489/1074 1628/1488/1073 3130/1087/672 248/1086/671
f 1628/1488/1073 3285/1489/1074 324/1490/1075 3273/1491/1076
f 3284/1485/1070 1628/1488/1073 3273/1491/1076 323/1486/1071
f 1629/1492/1077 3285/1489/1074 248/1086/671 3131/1093/678
f 3286/1493/1078 1629/1492/1077 3131/1093/678 249/1092/677
f 1629/1492/1077 3286/1493/1078 325/1494/1079 3274/1495/1080
f 3285/1489/1074 1629/1492/1077 3274/1495/1080 324/1490/1075
f 1630/1496/1081 3286/1493/1078 249/1092/677 3132/1099/684
f 3287/1497/1082 1630/1496/1081 3132/1099/684 250/1098/683
f 1630/1496/1081 3287/1497/1082 326/1498/1083 3275/1499/1084
f 3286/1493/1078 1630/1496/1081 3275/1499/1084 325/1494/1079
f 1631/1500/1085 3287/1497/1082 250/1098/683 3133/1105/690
f 3288/1501/1086 1631/1500/1085 3133/1105/690 251/1104/689
f 1631/1500/1085 3288/1501/1086 327/1502/1087 3276/1503/1088
f 3287/1497/1082 1631/1500/1085 3276/1503/1088 326/1498/1083
f 1632/1504/1089 3288/1501/1086 251/1104/689 3134/1111/696
f 3289/1505/1090 1632/1504/1089 3134/1111/696 252/1110/695
f 1632/1504/1089 3289/1505/1090 328/101/66 3277/1506/1091
f 3288/1501/1086 1632/1504/1089 3277/1506/1091 327/1502/1087
f 1633/1507/1092 3289/1505/1090 252/1110/695 3135/1114/699
f 3279/1470/1055 1633/1507/1092 3135/1114/699 242/1057/642
f 1633/1507/1092 3279/1470/1055 318/102/67 3278/100/65
f 3289/1505/1090 1633/1507/1092 3278/100/65 328/101/66
f 1634/1508/1093 3300/1509/1094 253/1123/708 3147/1122/707
f 3301/1510/1095 1634/1508/1093 3147/1122/707 254/1121/706
f 1634/1508/1093 3301/1510/1095 330/1511/1096 3290/1512/1097
f 3300/1509/1094 1634/1508/1093 3290/1512/1097 329/1513/1098
f 1635/1514/1099 3301/1510/1095 254/1121/706 3148/1129/714
f 3302/1515/1100 1635/1514/1099 3148/1129/714 255/1128/713
f 1635/1514/1099 3302/1515/1100 331/116/77 3291/1516/1101
f 3301/1510/1095 1635/1514/1099 3291/1516/1101 330/1511/1096
f 1636/1517/1102 3302/1515/1100 255/1128/713 3149/1135/720
f 3303/1518/1103 1636/1517/1102 3149/1135/720 256/1134/719
f 1636/1517/1102 3303/1518/1103 332/119/80 3292/117/78
f 3302/1515/1100 1636/1517/1102 3292/117/78 331/116/77
f 1637/1519/1104 3303/1518/1103 256/1134/719 3150/1141/726
f 3304/1520/1105 1637/1519/1104 3150/1141/726 257/1140/725
f 1637/1519/1104 3304/1520/1105 333/120/81 3293/118/79
f 3303/1518/1103 1637/1519/1104 3293/118/79 332/119/80
f 1638/1521/1106 3304/1520/1105 257/1140/725 3151/1147/732
f 3305/1522/1107 1638/1521/1106 3151/1147/732 258/1146/731
f 1638/1521/1106 3305/1522/1107 334/122/83 3294/121/82
f 3304/1520/1105 1638/1521/1106 3294/121/82 333/120/81
f 1639/1523/1108 3305/1522/1107 258/1146/731 3152/1153/738
f 3306/1524/1109 1639/1523/1108 3152/1153/738 259/1152/737
f 1639/1523/1108 3306/1524/1109 335/1525/1110 3295/1526/1111
f 3305/1522/1107 1639/1523/1108 3295/1526/1111 334/122/83
f 1640/1527/1112 3306/1524/1109 259/1152/737 3153/1159/744
f 3307/1528/1113 1640/1527/1112 3153/1159/744 260/1158/743
f 1640/1527/1112 3307/1528/1113 336/1529/1114 3296/1530/1115
f 3306/1524/1109 1640/1527/1112 3296/1530/1115 335/1525/1110
f 1641/1531/1116 3307/1528/1113 260/1158/743 3154/1165/750
f 3308/1532/1117 1641/1531/1116 3154/1165/750 261/1164/749
f 1641/1531/1116 3308/1532/1117 337/1533/1118 3297/1534/1119
f 3307/1528/1113 1641/1531/1116 3297/1534/1119 336/1529/1114
f 1642/1535/1120 3308/1532/1117 261/1164/749 3155/1171/756
f 3309/1536/1121 1642/1535/1120 3155/1171/756 262/1170/755
f 1642/1535/1120 3309/1536/1121 338/1537/1122 3298/1538/1123
f 3308/1532/1117 1642/1535/1120 3298/1538/1123 337/1533/1118
f 1643/1539/1124 3309/1536/1121 262/1170/755 3156/1174/759
f 3300/1509/1094 1643/1539/1124 3156/1174/759 253/1123/708
f 1643/1539/1124 3300/1509/1094 329/1513/1098 3299/1540/1125
f 3309/1536/1121 1643/1539/1124 3299/1540/1125 338/1537/1122
f 1644/1541/1126 3319/1542/1127 263/1183/768 3167/1182/767
f 3320/1543/1128 1644/1541/1126 3167/1182/767 264/1181/766
f 1644/1541/1126 3320/1543/1128 340/1544/1129 3310/1545/1130
f 3319/1542/1127 1644/1541/1126 3310/1545/1130 339/1546/1131
f 1645/1547/1132 3320/1543/1128 264/1181/766 3168/1189/774
f 3321/1548/1133 1645/1547/1132 3168/1189/774 265/1188/773
f 1645/1547/1132 3321/1548/1133 341/1549/1134 3311/1550/1135
f 3320/1543/1128 1645/1547/1132 3311/1550/1135 340/1544/1129
f 1646/1551/1136 3321/1548/1133 265/1188/773 3169/1195/780
f 3322/1552/1137 1646/1551/1136 3169/1195/780 266/1194/779
f 1646/1551/1136 3322/1552/1137 342/1553/1138 3312/1554/1139
f 3321/1548/1133 1646/1551/1136 3312/1554/1139 341/1549/1134
f 1647/1555/1140 3322/1552/1137 266/1194/779 3170/1201/786
f 3323/1556/1141 1647/1555/1140 3170/1201/786 267/1200/785
f 1647/1555/1140 3323/1556/1141 343/152/98 3313/1557/1142
f 3322/1552/1137 1647/1555/1140 3313/1557/1142 342/1553/1138
f 1648/1558/1143 3323/1556/1141 267/1200/785 3171/1207/792
f 3324/1559/1144 1648/1558/1143 3171/1207/792 268/1206/791
f 1648/1558/1143 3324/1559/1144 344/155/101 3314/153/99
f 3323/1556/1141 1648/1558/1143 3314/153/99 343/152/98
f 1649/1560/1145 3324/1559/1144 268/1206/791 3172/1213/798
f 3325/1561/1146 1649/1560/1145 3172/1213/798 269/1212/797
f 1649/1560/1145 3325/1561/1146 345/156/102 3315/154/100
f 3324/1559/1144 1649/1560/1145 3315/154/100 344/155/101
f 1650/1562/1147 3325/1561/1146 269/1212/797 3173/1219/804
f 3326/1563/1148 1650/1562/1147 3173/1219/804 270/1218/803
f 1650/1562/1147 3326/1563/1148 346/1564/1149 3316/1565/1150
f 3325/1561/1146 1650/1562/1147 3316/1565/1150 345/156/102
f 1651/1566/1151 3326/1563/1148 270/1218/803 3174/1225/810
f 3327/1567/1152 1651/1566/1151 3174/1225/810 271/1224/809
f 1651/1566/1151 3327/1567/1152 347/1568/1153 3317/1569/1154
f 3326/1563/1148 1651/1566/1151 3317/1569/1154 346/1564/1149
f 1652/1570/1155 3327/1567/1152 271/1224/809 3175/1228/813
f 3319/1542/1127 1652/1570/1155 3175/1228/813 263/1183/768
f 1652/1570/1155 3319/1542/1127 339/1546/1131 3318/1571/1156
f 3327/1567/1152 1652/1570/1155 3318/1571/1156 347/1568/1153
f 1653/1572/1157 3337/1573/1158 272/1237/822 3185/1236/821
f 3338/1574/1159 1653/1572/1157 3185/1236/821 273/1235/820
f 1653/1572/1157 3338/1574/1159 349/176/111 3328/175/110
f 3337/1573/1158 1653/1572/1157 3328/175/110 348/182/117
f 1654/1575/1160 3338/1574/1159 273/1235/820 3186/1243/828
f 3339/1576/1161 1654/1575/1160 3186/1243/828 274/1242/827
f 1654/1575/1160 3339/1576/1161 350/179/114 3329/177/112
f 3338/1574/1159 1654/1575/1160 3329/177/112 349/176/111
f 1655/1577/1162 3339/1576/1161 274/1242/827 3187/1249/834
f 3340/1578/1163 1655/1577/1162 3187/1249/834 275/1248/833
f 1655/1577/1162 3340/1578/1163 351/1579/1164 3330/1580/1165
f 3339/1576/1161 1655/1577/1162 3330/1580/1165 350/179/114
f 1656/1581/1166 3340/1578/1163 275/1248/833 3188/1255/840
f 3341/1582/1167 1656/1581/1166 3188/1255/840 276/1254/839
f 1656/1581/1166 3341/1582/1167 352/1583/1168 3331/1584/1169
f 3340/1578/1163 1656/1581/1166 3331/1584/1169 351/1579/1164
f 1657/1585/1170 3341/1582/1167 276/1254/839 3189/1261/846
f 3342/1586/1171 1657/1585/1170 3189/1261/846 277/1260/845
f 1657/1585/1170 3342/1586/1171 353/1587/1172 3332/1588/1173
f 3341/1582/1167 1657/1585/1170 3332/1588/1173 352/1583/1168
f 1658/1589/1174 3342/1586/1171 277/1260/845 3190/1267/852
f 3343/1590/1175 1658/1589/1174 3190/1267/852 278/1266/851
f 1658/1589/1174 3343/1590/1175 354/1591/1176 3333/1592/1177
f 3342/1586/1171 1658/1589/1174 3333/1592/1177 353/1587/1172
f 1659/1593/1178 3343/1590/1175 278/1266/851 3191/1273/858
f 3344/1594/1179 1659/1593/1178 3191/1273/858 279/1272/857
f 1659/1593/1178 3344/1594/1179 355/1595/1180 3334/1596/1181
f 3343/1590/1175 1659/1593/1178 3334/1596/1181 354/1591/1176
f 1660/1597/1182 3344/1594/1179 279/1272/857 3192/1279/864
f 3345/1598/1183 1660/1597/1182 3192/1279/864 280/1278/863
f 1660/1597/1182 3345/1598/1183 356/1599/1184 3335/1600/1185
f 3344/1594/1179 1660/1597/1182 3335/1600/1185 355/1595/1180
f 1661/1601/1186 3345/1598/1183 280/1278/863 3193/1282/867
f 3337/1573/1158 1661/1601/1186 3193/1282/867 272/1237/822
f 1661/1601/1186 3337/1573/1158 348/182/117 3336/1602/1187
f 3345/1598/1183 1661/1601/1186 3336/1602/1187 356/1599/1184
f 1662/1603/1188 3355/1604/1189 397/1605/1190 3203/1606/1191
f 3356/1607/1192 1662/1603/1188 3203/1606/1191 398/1608/1193
f 1662/1603/1188 3356/1607/1192 358/1609/1194 3346/1610/1195
f 3355/1604/1189 1662/1603/1188 3346/1610/1195 357/1611/1196
f 1663/1612/1197 3356/1607/1192 398/1608/1193 3204/1613/1198
f 3357/1614/1199 1663/1612/1197 3204/1613/1198 399/1615/1200
f 1663/1612/1197 3357/1614/1199 359/1616/1201 3347/1617/1202
f 3356/1607/1192 1663/1612/1197 3347/1617/1202 358/1609/1194
f 1664/1618/1203 3357/1614/1199 399/1615/1200 3205/1619/1204
f 3358/1620/1205 1664/1618/1203 3205/1619/1204 400/1621/1206
f 1664/1618/1203 3358/1620/1205 360/1622/1207 3348/1623/1208
f 3357/1614/1199 1664/1618/1203 3348/1623/1208 359/1616/1201
f 1665/1624/1209 3358/1620/1205 400/1621/1206 3206/1625/1210
f 3359/1626/1211 1665/1624/1209 3206/1625/1210 401/1627/1212
f 1665/1624/1209 3359/1626/1211 361/1628/1213 3349/1629/1214
f 3358/1620/1205 1665/1624/1209 3349/1629/1214 360/1622/1207
f 1666/1630/1215 3359/1626/1211 401/1627/1212 3207/1631/1216
f 3360/1632/1217 1666/1630/1215 3207/1631/1216 402/1633/1218
f 1666/1630/1215 3360/1632/1217 362/1634/1219 3350/1635/1220
f 3359/1626/1211 1666/1630/1215 3350/1635/1220 361/1628/1213
f 1667/1636/1221 3360/1632/1217 402/1633/1218 3208/1637/1222
f 3361/1638/1223 1667/1636/1221 3208/1637/1222 403/1639/1224
f 1667/1636/1221 3361/1638/1223 363/352/161 3351/1640/1225
f 3360/1632/1217 1667/1636/1221 3351/1640/1225 362/1634/1219
f 1668/1641/1226 3361/1638/1223 403/1639/1224 3209/1642/1227
f 3362/1643/1228 1668/1641/1226 3209/1642/1227 404/1644/1229
f 1668/1641/1226 3362/1643/1228 364/355/164 3352/353/162
f 3361/1638/1223 1668/1641/1226 3352/353/162 363/352/161
f 1669/1645/1230 3362/1643/1228 404/1644/1229 3210/1646/1231
f 3363/1647/1232 1669/1645/1230 3210/1646/1231 405/1648/1233
f 1669/1645/1230 3363/1647/1232 365/356/165 3353/354/163
f 3362/1643/1228 1669/1645/1230 3353/354/163 364/355/164
f 1670/1649/1234 3363/1647/1232 405/1648/1233 3211/1650/1235
f 3355/1604/1189 1670/1649/1234 3211/1650/1235 397/1605/1190
f 1670/1649/1234 3355/1604/1189 357/1611/1196 3354/1651/1236
f 3363/1647/1232 1670/1649/1234 3354/1651/1236 365/356/165
f 1671/1652/1237 3372/1653/1238 290/1654/1239 3221/1655/1240
f 5323/1656/1241 1671/1652/1237 3221/1655/1240 1284/1657/1242
f 1671/1652/1237 5323/1656/1241 1286/1658/1243 3364/1659/1244
f 3372/1653/1238 1671/1652/1237 3364/1659/1244 366/1660/1245
f 1672/1661/1246 3374/1662/1247 292/1663/1248 3222/1664/1249
f 5324/1665/1250 1672/1661/1246 3222/1664/1249 1285/1666/1251
f 1672/1661/1246 5324/1665/1250 1287/510/198 3366/508/196
f 3374/1662/1247 1672/1661/1246 3366/508/196 368/509/197
f 1673/1667/1252 3375/1668/1253 293/1669/1254 3223/1670/1255
f 3376/1671/1256 1673/1667/1252 3223/1670/1255 294/1672/1257
f 1673/1667/1252 3376/1671/1256 370/1673/1258 3367/1674/1259
f 3375/1668/1253 1673/1667/1252 3367/1674/1259 369/1675/1260
f 1674/1676/1261 3376/1671/1256 294/1672/1257 3224/1677/1262
f 3377/1678/1263 1674/1676/1261 3224/1677/1262 295/1679/1264
f 1674/1676/1261 3377/1678/1263 371/1680/1265 3368/1681/1266
f 3376/1671/1256 1674/1676/1261 3368/1681/1266 370/1673/1258
f 1675/1682/1267 3377/1678/1263 295/1679/1264 3225/1683/1268
f 3378/1684/1269 1675/1682/1267 3225/1683/1268 296/1685/1270
f 1675/1682/1267 3378/1684/1269 372/1686/1271 3369/1687/1272
f 3377/1678/1263 1675/1682/1267 3369/1687/1272 371/1680/1265
f 1676/1688/1273 3378/1684/1269 296/1685/1270 3226/1689/1274
f 3379/1690/1275 1676/1688/1273 3226/1689/1274 297/1691/1276
f 1676/1688/1273 3379/1690/1275 373/1692/1277 3370/1693/1278
f 3378/1684/1269 1676/1688/1273 3370/1693/1278 372/1686/1271
f 1677/1694/1279 3379/1690/1275 297/1691/1276 3227/1695/1280
f 3372/1653/1238 1677/1694/1279 3227/1695/1280 290/1654/1239
f 1677/1694/1279 3372/1653/1238 366/1660/1245 3371/1696/1281
f 3379/1690/1275 1677/1694/1279 3371/1696/1281 373/1692/1277
f 1678/1697/1282 3883/1698/1283 377/1699/1284 3387/1700/1285
f 3230/1401/986 1678/1697/1282 3387/1700/1285 300/1402/987
f 1678/1697/1282 3230/1401/986 580/1400/985 3906/1701/1286
f 3883/1698/1283 1678/1697/1282 3906/1701/1286 582/1702/1287
f 1679/1703/1288 3382/1704/1289 304/1417/1002 3234/1424/1009
f 3235/1427/1012 1679/1703/1288 3234/1424/1009 305/1423/1008
f 1679/1703/1288 3235/1427/1012 298/1393/978 3380/1705/1290
f 3382/1704/1289 1679/1703/1288 3380/1705/1290 374/1706/1291
f 1680/1707/1292 3384/1708/1293 374/1706/1291 3380/1705/1290
f 3228/1392/977 1680/1707/1292 3380/1705/1290 298/1393/978
f 1680/1707/1292 3228/1392/977 579/1391/976 3907/1709/1294
f 3384/1708/1293 1680/1707/1292 3907/1709/1294 581/1710/1295
f 1681/1711/1296 3386/20/12 303/27/19 3233/1418/1003
f 3382/1704/1289 1681/1711/1296 3233/1418/1003 304/1417/1002
f 1681/1711/1296 3382/1704/1289 374/1706/1291 3381/1712/1297
f 3386/20/12 1681/1711/1296 3381/1712/1297 376/21/13
f 1682/1713/1298 3388/1714/1299 376/21/13 3381/1712/1297
f 3384/1708/1293 1682/1713/1298 3381/1712/1297 374/1706/1291
f 1682/1713/1298 3384/1708/1293 581/1710/1295 3908/1715/1300
f 3388/1714/1299 1682/1713/1298 3908/1715/1300 582/1702/1287
f 1683/1716/1301 3394/1717/1302 379/1718/1303 3393/1719/1304
f 3351/1640/1225 1683/1716/1301 3393/1719/1304 362/1634/1219
f 1683/1716/1301 3351/1640/1225 363/352/161 3391/351/160
f 3394/1717/1302 1683/1716/1301 3391/351/160 378/358/167
f 1684/1720/1305 3395/1721/1306 361/1628/1213 3350/1635/1220
f 3393/1719/1304 1684/1720/1305 3350/1635/1220 362/1634/1219
f 1684/1720/1305 3393/1719/1304 379/1718/1303 3395/1721/1306
f 1685/1722/1307 3392/357/166 365/356/165 3354/1651/1236
f 3346/1610/1195 1685/1722/1307 3354/1651/1236 357/1611/1196
f 1685/1722/1307 3346/1610/1195 358/1609/1194 3389/1723/1308
f 3392/357/166 1685/1722/1307 3389/1723/1308 378/358/167
f 1686/1724/1309 3394/1717/1302 378/358/167 3389/1723/1308
f 3347/1617/1202 1686/1724/1309 3389/1723/1308 358/1609/1194
f 1686/1724/1309 3347/1617/1202 359/1616/1201 3390/1725/1310
f 3394/1717/1302 1686/1724/1309 3390/1725/1310 379/1718/1303
f 1687/1726/1311 3395/1721/1306 379/1718/1303 3390/1725/1310
f 3348/1623/1208 1687/1726/1311 3390/1725/1310 359/1616/1201
f 1687/1726/1311 3348/1623/1208 360/1622/1207 3349/1629/1214
f 3395/1721/1306 1687/1726/1311 3349/1629/1214 361/1628/1213
f 1688/1727/1312 3396/29/21 315/36/28 3253/1462/1047
f 3397/1728/1313 1688/1727/1312 3253/1462/1047 316/1461/1046
f 1688/1727/1312 3397/1728/1313 311/1448/1033 3249/1452/1037
f 3396/29/21 1688/1727/1312 3249/1452/1037 312/30/22
f 1689/1729/1314 3397/1728/1313 316/1461/1046 3254/1466/1051
f 3398/1730/1315 1689/1729/1314 3254/1466/1051 317/1465/1050
f 1689/1729/1314 3398/1730/1315 310/1444/1029 3248/1449/1034
f 3397/1728/1313 1689/1729/1314 3248/1449/1034 311/1448/1033
f 1690/1731/1316 3398/1730/1315 317/1465/1050 3255/1468/1053
f 3399/1732/1317 1690/1731/1316 3255/1468/1053 306/1433/1018
f 1690/1731/1316 3399/1732/1317 309/1440/1025 3247/1445/1030
f 3398/1730/1315 1690/1731/1316 3247/1445/1030 310/1444/1029
f 1691/1733/1318 3399/1732/1317 306/1433/1018 3244/1432/1017
f 3245/1437/1022 1691/1733/1318 3244/1432/1017 307/1431/1016
f 1691/1733/1318 3245/1437/1022 308/1436/1021 3246/1441/1026
f 3399/1732/1317 1691/1733/1318 3246/1441/1026 309/1440/1025
f 1692/1734/10 3401/502/10 92/394/10 2956/392/10
f 2816/789/10 1692/1734/10 2956/392/10 64/393/10
f 1692/1734/10 2816/789/10 65/599/10 2955/1735/10
f 3401/502/10 1692/1734/10 2955/1735/10 380/503/10
f 1693/1736/10 3411/605/10 380/503/10 2955/1735/10
f 2954/598/10 1693/1736/10 2955/1735/10 65/599/10
f 1693/1736/10 2954/598/10 122/602/10 2908/747/10
f 3411/605/10 1693/1736/10 2908/747/10 11/606/10
f 1694/1737/10 3404/588/10 381/591/10 2949/604/10
f 2732/741/10 1694/1737/10 2949/604/10 11/606/10
f 1694/1737/10 2732/741/10 125/740/10 3403/1738/10
f 3404/588/10 1694/1737/10 3403/1738/10 382/516/10
f 1695/1739/10 3406/515/10 382/516/10 3403/1738/10
f 2911/780/10 1695/1739/10 3403/1738/10 125/740/10
f 1695/1739/10 2911/780/10 126/485/10 2912/483/10
f 3405/1740/10 1695/1739/10 2912/483/10 141/92/10
f 1695/1739/10 3405/1740/10 383/84/10 3406/515/10
f 1696/1741/1319 3408/85/55 383/84/10 3405/1740/10
f 2744/90/60 1696/1741/1319 3405/1740/10 141/92/10
f 1696/1741/1319 2744/90/60 23/89/59 3407/1742/1320
f 3408/85/55 1696/1741/1319 3407/1742/1320 384/86/56
f 1697/1743/1321 3410/1744/1322 384/86/56 3407/1742/1320
f 2730/479/185 1697/1743/1321 3407/1742/1320 23/89/59
f 1697/1743/1321 2730/479/185 1328/480/186 5406/1745/1323
f 3410/1744/1322 1697/1743/1321 5406/1745/1323 1334/42/34
f 1698/1746/1324 3418/1747/1325 341/1549/1134 3312/1554/1139
f 3416/1748/1326 1698/1746/1324 3312/1554/1139 342/1553/1138
f 1698/1746/1324 3416/1748/1326 387/1749/1327 3418/1747/1325
f 1699/1750/1328 3417/1751/1329 387/1749/1327 3416/1748/1326
f 3313/1557/1142 1699/1750/1328 3416/1748/1326 342/1553/1138
f 1699/1750/1328 3313/1557/1142 343/152/98 3414/151/97
f 3417/1751/1329 1699/1750/1328 3414/151/97 386/158/104
f 1700/1752/1330 3415/157/103 345/156/102 3316/1565/1150
f 3317/1569/1154 1700/1752/1330 3316/1565/1150 346/1564/1149
f 1700/1752/1330 3317/1569/1154 347/1568/1153 3413/1753/1331
f 3415/157/103 1700/1752/1330 3413/1753/1331 386/158/104
f 1701/1754/1332 3417/1751/1329 386/158/104 3413/1753/1331
f 3318/1571/1156 1701/1754/1332 3413/1753/1331 347/1568/1153
f 1701/1754/1332 3318/1571/1156 339/1546/1131 3412/1755/1333
f 3417/1751/1329 1701/1754/1332 3412/1755/1333 387/1749/1327
f 1702/1756/1334 3418/1747/1325 387/1749/1327 3412/1755/1333
f 3310/1545/1130 1702/1756/1334 3412/1755/1333 339/1546/1131
f 1702/1756/1334 3310/1545/1130 340/1544/1129 3311/1550/1135
f 3418/1747/1325 1702/1756/1334 3311/1550/1135 341/1549/1134
f 1703/1757/1335 3419/1758/1336 336/1529/1114 3297/1534/1119
f 3298/1538/1123 1703/1757/1335 3297/1534/1119 337/1533/1118
f 1703/1757/1335 3298/1538/1123 338/1537/1122 3299/1540/1125
f 3419/1758/1336 1703/1757/1335 3299/1540/1125 329/1513/1098
f 1704/1759/1337 3420/1760/1338 335/1525/1110 3296/1530/1115
f 3419/1758/1336 1704/1759/1337 3296/1530/1115 336/1529/1114
f 1704/1759/1337 3419/1758/1336 329/1513/1098 3290/1512/1097
f 3420/1760/1338 1704/1759/1337 3290/1512/1097 330/1511/1096
f 1705/1761/1339 3421/115/76 334/122/83 3295/1526/1111
f 3420/1760/1338 1705/1761/1339 3295/1526/1111 335/1525/1110
f 1705/1761/1339 3420/1760/1338 330/1511/1096 3291/1516/1101
f 3421/115/76 1705/1761/1339 3291/1516/1101 331/116/77
f 1706/1762/1340 3425/1763/1341 326/1498/1083 3276/1503/1088
f 3277/1506/1091 1706/1762/1340 3276/1503/1088 327/1502/1087
f 1706/1762/1340 3277/1506/1091 328/101/66 3423/99/64
f 3425/1763/1341 1706/1762/1340 3423/99/64 388/98/63
f 1707/1764/1342 3431/1765/1343 321/1478/1063 3271/1483/1068
f 3272/1487/1072 1707/1764/1342 3271/1483/1068 322/1482/1067
f 1707/1764/1342 3272/1487/1072 323/1486/1071 3422/1766/1344
f 3431/1765/1343 1707/1764/1342 3422/1766/1344 390/1767/1345
f 1708/1768/1346 3430/1769/1347 390/1767/1345 3422/1766/1344
f 3273/1491/1076 1708/1768/1346 3422/1766/1344 323/1486/1071
f 1708/1768/1346 3273/1491/1076 324/1490/1075 3430/1769/1347
f 1709/1770/1348 3427/1771/1349 325/1494/1079 3275/1499/1084
f 3425/1763/1341 1709/1770/1348 3275/1499/1084 326/1498/1083
f 1709/1770/1348 3425/1763/1341 388/98/63 3426/1772/1350
f 3427/1771/1349 1709/1770/1348 3426/1772/1350 389/1773/1351
f 1710/1774/1352 3428/1775/1353 389/1773/1351 3426/1772/1350
f 3424/97/62 1710/1774/1352 3426/1772/1350 388/98/63
f 1710/1774/1352 3424/97/62 319/104/69 3269/1475/1060
f 3428/1775/1353 1710/1774/1352 3269/1475/1060 320/1474/1059
f 1711/1776/1354 3430/1769/1347 324/1490/1075 3274/1495/1080
f 3427/1771/1349 1711/1776/1354 3274/1495/1080 325/1494/1079
f 1711/1776/1354 3427/1771/1349 389/1773/1351 3429/1777/1355
f 3430/1769/1347 1711/1776/1354 3429/1777/1355 390/1767/1345
f 1712/1778/1356 3431/1765/1343 390/1767/1345 3429/1777/1355
f 3428/1775/1353 1712/1778/1356 3429/1777/1355 389/1773/1351
f 1712/1778/1356 3428/1775/1353 320/1474/1059 3270/1479/1064
f 3431/1765/1343 1712/1778/1356 3270/1479/1064 321/1478/1063
f 1713/1779/1357 3432/1780/1358 369/1675/1260 3367/1674/1259
f 3368/1681/1266 1713/1779/1357 3367/1674/1259 370/1673/1258
f 1713/1779/1357 3368/1681/1266 371/1680/1265 3438/1781/1359
f 3432/1780/1358 1713/1779/1357 3438/1781/1359 393/1782/1360
f 1714/1783/1361 3434/1784/1362 372/1686/1271 3370/1693/1278
f 3371/1696/1281 1714/1783/1361 3370/1693/1278 373/1692/1277
f 1714/1783/1361 3371/1696/1281 366/1660/1245 3433/1785/1363
f 3434/1784/1362 1714/1783/1361 3433/1785/1363 391/1786/1364
f 1715/1787/1365 3436/1788/1366 391/1786/1364 3433/1785/1363
f 3364/1659/1244 1715/1787/1365 3433/1785/1363 366/1660/1245
f 1715/1787/1365 3364/1659/1244 1286/1658/1243 5325/1789/1367
f 3436/1788/1366 1715/1787/1365 5325/1789/1367 1288/1790/1368
f 1716/1791/1369 3438/1781/1359 371/1680/1265 3369/1687/1272
f 3434/1784/1362 1716/1791/1369 3369/1687/1272 372/1686/1271
f 1716/1791/1369 3434/1784/1362 391/1786/1364 3437/1792/1370
f 3438/1781/1359 1716/1791/1369 3437/1792/1370 393/1782/1360
f 1717/1793/1371 3440/1794/1372 393/1782/1360 3437/1792/1370
f 3436/1788/1366 1717/1793/1371 3437/1792/1370 391/1786/1364
f 1717/1793/1371 3436/1788/1366 1288/1790/1368 5326/1795/1373
f 3440/1794/1372 1717/1793/1371 5326/1795/1373 1289/512/200
f 1718/1796/1374 3472/1797/1375 72/1798/6 2718/1799/4
f 3446/1800/1376 1718/1796/1374 2718/1799/4 6/1801/3
f 1718/1796/1374 3446/1800/1376 476/1802/1377 3735/1803/1378
f 3472/1797/1375 1718/1796/1374 3735/1803/1378 501/1804/1379
f 1719/1805/1380 3454/1806/1381 21/1807/47 5365/1808/1382
f 5407/1809/1383 1719/1805/1380 5365/1808/1382 1327/1810/50
f 1719/1805/1380 5407/1809/1383 1335/1811/1384 5373/1812/1384
f 3454/1806/1381 1719/1805/1380 5373/1812/1384 484/1813/1384
f 1720/1814/1381 3455/1815/1380 26/1816/1385 2723/1817/1386
f 3442/1818/1380 1720/1814/1381 2723/1817/1386 2/1819/50
f 1720/1814/1381 3442/1818/1380 472/1820/1384 3737/1821/1384
f 3455/1815/1380 1720/1814/1381 3737/1821/1384 485/1822/1384
f 1721/1823/1387 3473/1824/1388 76/1825/1389 3939/1826/1389
f 3942/1827/1390 1721/1823/1387 3939/1826/1389 601/1828/1389
f 1721/1829/1387 3942/1830/1390 602/1831/1391 3941/1832/1391
f 3473/1833/1388 1721/1829/1387 3941/1832/1391 502/1834/1391
f 1722/1835/1392 3477/1836/1393 106/1837/151 2728/1838/1394
f 3444/1839/1395 1722/1835/1392 2728/1838/1394 4/1840/108
f 1722/1835/1392 3444/1839/1395 474/1841/1384 3739/1842/1384
f 3477/1836/1393 1722/1835/1392 3739/1842/1384 506/1843/1384
f 1723/1844/1396 3492/1845/1397 385/1846/31 2729/1847/1398
f 3448/1848/1399 1723/1844/1396 2729/1847/1398 10/1849/1400
f 1723/1844/1396 3448/1848/1399 478/1850/1401 3740/1851/1402
f 3492/1845/1397 1723/1844/1396 3740/1851/1402 521/1852/1403
f 1724/1853/1404 3449/1854/1405 13/447/170 2733/1855/1406
f 3447/1856/1407 1724/1853/1404 2733/1855/1406 9/1857/1408
f 1724/1858/1404 3447/1859/1407 477/1860/1409 3741/1861/1410
f 3449/1862/1405 1724/1858/1404 3741/1861/1410 479/1863/1411
f 1725/1864/1412 3470/1865/1413 57/1866/40 2734/1867/38
f 3450/1868/1414 1725/1864/1412 2734/1867/38 14/1869/37
f 1725/1864/1412 3450/1868/1414 480/1870/1415 3742/1871/1416
f 3470/1865/1413 1725/1864/1412 3742/1871/1416 499/1872/1417
f 1726/1873/1418 3474/1874/1419 90/221/128 2738/448/171
f 3449/1854/1405 1726/1873/1418 2738/448/171 13/447/170
f 1726/1875/1418 3449/1862/1405 479/1863/1411 3743/1876/1420
f 3474/1877/1419 1726/1875/1418 3743/1876/1420 503/1878/1421
f 1727/1879/1422 3478/1880/1423 119/1881/1424 2739/1882/1425
f 3452/1883/1426 1727/1879/1422 2739/1882/1425 17/1884/120
f 1727/1879/1422 3452/1883/1426 482/1885/1427 3744/1886/1428
f 3478/1880/1423 1727/1879/1422 3744/1886/1428 507/1887/1429
f 1728/1888/1430 3453/1889/1431 20/242/134 2741/1890/1432
f 3451/1891/1433 1728/1888/1430 2741/1890/1432 16/286/143
f 1728/1892/1430 3451/1893/1433 481/1894/1434 3745/1895/1435
f 3453/1896/1431 1728/1892/1430 3745/1895/1435 483/1897/1436
f 1729/1898/1380 3442/1818/1380 2/1819/50 2742/1899/48
f 3454/1806/1381 1729/1898/1380 2742/1899/48 21/1807/47
f 1729/1898/1380 3454/1806/1381 484/1813/1384 3746/1900/1384
f 3442/1818/1380 1729/1898/1380 3746/1900/1384 472/1820/1384
f 1730/1901/1381 3481/1902/1381 147/1903/71 2750/1904/1437
f 3455/1815/1380 1730/1901/1381 2750/1904/1437 26/1816/1385
f 1730/1901/1381 3455/1815/1380 485/1822/1384 3747/1905/1384
f 3481/1902/1381 1730/1901/1381 3747/1905/1384 509/1906/1384
f 1731/1907/1438 3458/1908/1439 33/1909/89 2753/1910/87
f 3456/1911/1440 1731/1907/1438 2753/1910/87 28/1912/86
f 1731/1907/1438 3456/1911/1440 486/1913/1384 3748/1914/1384
f 3458/1908/1439 1731/1907/1438 3748/1914/1384 487/1915/1384
f 1732/1916/1441 3468/1917/1442 53/1918/95 2759/1919/93
f 3457/1920/1443 1732/1916/1441 2759/1919/93 30/1921/92
f 1732/1916/1441 3457/1920/1443 596/1922/1384 3749/1923/1384
f 3468/1917/1442 1732/1916/1441 3749/1923/1384 497/1924/1384
f 1733/1925/1444 3444/1839/1395 4/1840/108 2763/1926/106
f 3458/1908/1439 1733/1925/1444 2763/1926/106 33/1909/89
f 1733/1925/1444 3458/1908/1439 487/1915/1384 3750/1927/1384
f 3444/1839/1395 1733/1925/1444 3750/1927/1384 474/1841/1384
f 1734/1928/1445 3452/1883/1426 17/1884/120 5256/1929/119
f 5327/1930/1446 1734/1928/1445 5256/1929/119 1272/1931/125
f 1734/1928/1445 5327/1930/1446 1293/1932/1447 5277/1933/1448
f 3452/1883/1426 1734/1928/1445 5277/1933/1448 482/1885/1427
f 1735/1934/1449 3462/1935/1450 38/1936/1451 5259/1937/1452
f 5328/1938/1388 1735/1934/1449 5259/1937/1452 1275/245/137
f 1735/1939/1449 5328/1940/1388 1294/1941/1391 5278/1942/1453
f 3462/1943/1450 1735/1939/1449 5278/1942/1453 491/1944/1454
f 1736/1945/1455 3459/1946/1456 35/1947/1457 5375/1948/1458
f 5408/1949/1459 1736/1945/1455 5375/1948/1458 1337/1950/1460
f 1736/1951/1455 5408/1952/1459 1338/1953/1461 5376/1954/1462
f 3459/1955/1456 1736/1951/1455 5376/1954/1462 488/1956/1463
f 1737/1957/1464 3476/1958/1465 97/1959/1466 3949/1960/1467
f 3968/1961/1468 1737/1957/1464 3949/1960/1467 606/1962/1469
f 1737/1963/1464 3968/1964/1468 614/1965/1461 3957/1966/1461
f 3476/1967/1465 1737/1963/1464 3957/1966/1461 505/1968/1461
f 1738/1969/1470 3460/1970/1471 36/1971/1472 2778/1972/1473
f 3463/1973/1474 1738/1969/1470 2778/1972/1473 39/1974/1475
f 1738/1975/1470 3463/1976/1474 492/1977/1461 3755/1978/1461
f 3460/1979/1471 1738/1975/1470 3755/1978/1461 489/1980/1461
f 1739/1981/1470 3463/1973/1474 39/1974/1475 2779/1982/1476
f 3464/1983/1477 1739/1981/1470 2779/1982/1476 40/575/206
f 1739/1984/1470 3464/1985/1477 493/1986/1461 3756/1987/1461
f 3463/1976/1474 1739/1984/1470 3756/1987/1461 492/1977/1461
f 1740/1988/1478 3466/1989/1479 42/1990/1480 2780/1991/1481
f 3465/1992/1482 1740/1988/1478 2780/1991/1481 41/1993/1483
f 1740/1994/1478 3465/1995/1482 494/1996/1461 3757/1997/1461
f 3466/1998/1479 1740/1994/1478 3757/1997/1461 495/1999/1461
f 1741/2000/1484 3469/2001/1485 56/2002/1486 2781/2003/1487
f 3466/1989/1479 1741/2000/1484 2781/2003/1487 42/1990/1480
f 1741/2004/1484 3466/1998/1479 495/1999/1461 3758/2005/1461
f 3469/2006/1485 1741/2004/1484 3758/2005/1461 498/2007/1461
f 1742/2008/1488 3465/1992/1482 41/1993/1483 2782/2009/1489
f 3467/2010/1490 1742/2008/1488 2782/2009/1489 43/2011/1491
f 1742/2012/1488 3467/2013/1490 496/2014/1461 3759/2015/1461
f 3465/1995/1482 1742/2012/1488 3759/2015/1461 494/1996/1461
f 1743/2016/1492 3456/1911/1440 28/1912/86 2794/2017/139
f 3468/1917/1442 1743/2016/1492 2794/2017/139 53/1918/95
f 1743/2016/1492 3468/1917/1442 497/1924/1384 3760/2018/1384
f 3456/1911/1440 1743/2016/1492 3760/2018/1384 486/1913/1384
f 1744/2019/1493 3461/2020/1494 37/2021/1495 2797/2022/1496
f 3469/2001/1485 1744/2019/1493 2797/2022/1496 56/2002/1486
f 1744/2023/1493 3469/2006/1485 498/2007/1461 3761/2024/1461
f 3461/2025/1494 1744/2023/1493 3761/2024/1461 490/2026/1461
f 1745/2027/1497 3448/1848/1399 10/1849/1400 2802/2028/1498
f 3470/1865/1413 1745/2027/1497 2802/2028/1498 57/1866/40
f 1745/2027/1497 3470/1865/1413 499/1872/1417 3762/2029/1499
f 3448/1848/1399 1745/2027/1497 3762/2029/1499 478/1850/1401
f 1746/2030/1500 3451/1891/1433 16/286/143 2805/284/141
f 3471/2031/1501 1746/2030/1500 2805/284/141 59/224/131
f 1746/2032/1500 3471/2033/1501 500/2034/1502 3763/2035/1503
f 3451/1893/1433 1746/2032/1500 3763/2035/1503 481/1894/1434
f 1747/2036/1504 3441/2037/1505 1/2038/1506 3874/2039/1507
f 3909/2040/1508 1747/2036/1504 3874/2039/1507 573/2041/147
f 1747/2036/1504 3909/2040/1508 585/2042/1509 3886/2043/1510
f 3441/2037/1505 1747/2036/1504 3886/2043/1510 471/2044/1511
f 1748/2045/1512 3447/1856/1407 9/1857/1408 2829/2046/1513
f 3473/1824/1388 1748/2045/1512 2829/2046/1513 76/1825/1389
f 1748/2047/1512 3473/1833/1388 502/1834/1391 3765/2048/1514
f 3447/1859/1407 1748/2047/1512 3765/2048/1514 477/1860/1409
f 1749/2049/1515 3471/2031/1501 59/224/131 2854/222/129
f 3474/1874/1419 1749/2049/1515 2854/222/129 90/221/128
f 1749/2050/1515 3474/1877/1419 503/1878/1421 3766/2051/1516
f 3471/2033/1501 1749/2050/1515 3766/2051/1516 500/2034/1502
f 1750/2052/1517 3445/2053/1518 5/2054/1519 3952/2055/1520
f 3969/2056/1521 1750/2052/1517 3952/2055/1520 609/2057/1522
f 1750/2052/1517 3969/2056/1521 615/2058/1384 3958/2059/1523
f 3445/2053/1518 1750/2052/1517 3958/2059/1523 475/2060/1524
f 1751/2061/1525 3467/2010/1490 43/2011/1491 2862/2062/1526
f 3476/1958/1465 1751/2061/1525 2862/2062/1526 97/1959/1466
f 1751/2063/1525 3476/1967/1465 505/1968/1461 3768/2064/1461
f 3467/2013/1490 1751/2063/1525 3768/2064/1461 496/2014/1461
f 1752/2065/1527 3475/2066/1528 96/2067/154 2878/2068/152
f 3477/1836/1393 1752/2065/1527 2878/2068/152 106/1837/151
f 1752/2065/1527 3477/1836/1393 506/1843/1384 3769/2069/1384
f 3475/2066/1528 1752/2065/1527 3769/2069/1384 504/2070/1384
f 1753/2071/1529 3450/1868/1414 14/1869/37 2902/2072/1530
f 3478/1880/1423 1753/2071/1529 2902/2072/1530 119/1881/1424
f 1753/2071/1529 3478/1880/1423 507/1887/1429 3770/2073/1531
f 3450/1868/1414 1753/2071/1529 3770/2073/1531 480/1870/1415
f 1754/2074/1532 3480/2075/1533 144/572/203 2919/2076/1534
f 3479/2077/1535 1754/2074/1532 2919/2076/1534 130/903/488
f 1754/2078/1532 3479/2079/1535 510/2080/1461 3771/2081/1461
f 3480/2082/1533 1754/2078/1532 3771/2081/1461 508/2083/1461
f 1755/2084/1536 3464/1983/1477 40/575/206 2946/573/204
f 3480/2075/1533 1755/2084/1536 2946/573/204 144/572/203
f 1755/2085/1536 3480/2082/1533 508/2083/1461 3772/2086/1461
f 3464/1985/1477 1755/2085/1536 3772/2086/1461 493/1986/1461
f 1756/2087/1537 3443/2088/1538 3/2089/74 2952/2090/72
f 3481/1902/1381 1756/2087/1537 2952/2090/72 147/1903/71
f 1756/2087/1537 3481/1902/1381 509/1906/1384 3773/2091/1384
f 3443/2088/1538 1756/2087/1537 3773/2091/1384 473/2092/1384
f 1757/2093/1539 3457/1920/1443 30/1921/92 2960/2094/214
f 3922/2095/1540 1757/2093/1539 2960/2094/214 542/2096/218
f 1757/2093/1539 3922/2095/1540 598/2097/1541 3933/2098/1542
f 3457/1920/1443 1757/2093/1539 3933/2098/1542 596/1922/1384
f 1758/2099/1543 3479/2077/1535 130/903/488 3088/902/487
f 3853/2100/1544 1758/2099/1543 3088/902/487 527/908/493
f 1758/2101/1543 3853/2102/1544 563/2103/1545 3863/2104/1546
f 3479/2079/1535 1758/2101/1543 3863/2104/1546 510/2080/1461
f 1759/2105/1547 3482/2106/1548 223/2107/1549 3521/2108/1550
f 3932/2109/1551 1759/2105/1547 3521/2108/1550 589/2110/1552
f 1759/2105/1547 3932/2109/1551 473/2092/1384 3920/2111/1384
f 3482/2106/1548 1759/2105/1547 3920/2111/1384 511/2112/1553
f 1760/2113/1554 3484/2114/1555 291/2115/1556 3589/2116/1557
f 3864/2117/1558 1760/2113/1554 3589/2116/1557 555/2118/1559
f 1760/2113/1554 3864/2117/1558 490/2026/1461 3775/2119/1461
f 3484/2114/1555 1760/2113/1554 3775/2119/1461 513/2120/1461
f 1761/2121/1560 3490/2122/1561 375/2123/1562 3830/2124/1563
f 3486/2125/1564 1761/2121/1560 3830/2124/1563 299/2126/1565
f 1761/2121/1560 3486/2125/1564 515/2127/1384 3777/2128/1384
f 3490/2122/1561 1761/2121/1560 3777/2128/1384 519/2129/1384
f 1762/2130/1566 3486/2125/1564 299/2126/1565 3831/2131/1567
f 3482/2106/1548 1762/2130/1566 3831/2131/1567 223/2107/1549
f 1762/2130/1566 3482/2106/1548 511/2112/1553 3778/2132/1553
f 3486/2125/1564 1762/2130/1566 3778/2132/1553 515/2127/1384
f 1763/2133/1568 3483/2134/1569 549/2135/1570 3832/2136/1571
f 3487/2137/1572 1763/2133/1568 3832/2136/1571 551/2138/1573
f 1763/2133/1568 3487/2137/1572 516/2139/1384 3779/2140/1384
f 3483/2134/1569 1763/2133/1568 3779/2140/1384 512/2141/1384
f 1764/2142/1574 3493/2143/1575 392/2144/1576 3802/2145/1577
f 3488/2146/1578 1764/2142/1574 3802/2145/1577 367/2147/1579
f 1764/2142/1574 3488/2146/1578 517/2148/1461 3780/2149/1461
f 3493/2143/1575 1764/2142/1574 3780/2149/1461 522/2150/1461
f 1765/2151/1580 3488/2146/1578 367/2147/1579 3803/2152/1581
f 3484/2114/1555 1765/2151/1580 3803/2152/1581 291/2115/1556
f 1765/2151/1580 3484/2114/1555 513/2120/1461 3781/2153/1461
f 3488/2146/1578 1765/2151/1580 3781/2153/1461 517/2148/1461
f 1766/2154/1582 3485/2155/1583 534/2156/1584 3804/2157/1585
f 3489/2158/1586 1766/2154/1582 3804/2157/1585 536/2159/1587
f 1766/2154/1582 3489/2158/1586 518/2160/1461 3782/2161/1461
f 3485/2155/1583 1766/2154/1582 3782/2161/1461 514/2162/1461
f 1767/2163/1588 3491/2164/1589 553/2165/1590 3833/2166/1591
f 3490/2122/1561 1767/2163/1588 3833/2166/1591 375/2123/1562
f 1767/2163/1588 3490/2122/1561 519/2129/1384 3783/2167/1384
f 3491/2164/1589 1767/2163/1588 3783/2167/1384 520/2168/1384
f 1768/2169/1592 3487/2137/1572 551/2138/1573 3834/2170/1593
f 3491/2164/1589 1768/2169/1592 3834/2170/1593 553/2165/1590
f 1768/2169/1592 3491/2164/1589 520/2168/1384 3784/2171/1384
f 3487/2137/1572 1768/2169/1592 3784/2171/1384 516/2139/1384
f 1769/2172/1594 3446/1800/1376 6/1801/3 3409/2173/32
f 3492/1845/1397 1769/2172/1594 3409/2173/32 385/1846/31
f 1769/2172/1594 3492/1845/1397 521/1852/1403 3785/2174/1595
f 3446/1800/1376 1769/2172/1594 3785/2174/1595 476/1802/1377
f 1770/2175/1596 3494/2176/1597 538/2177/1598 3805/2178/1599
f 3493/2143/1575 1770/2175/1596 3805/2178/1599 392/2144/1576
f 1770/2175/1596 3493/2143/1575 522/2150/1461 3786/2179/1461
f 3494/2176/1597 1770/2175/1596 3786/2179/1461 523/2180/1461
f 1771/2181/1600 3489/2158/1586 536/2159/1587 3806/2182/1601
f 3494/2176/1597 1771/2181/1600 3806/2182/1601 538/2177/1598
f 1771/2181/1600 3494/2176/1597 523/2180/1461 3787/2183/1461
f 3489/2158/1586 1771/2181/1600 3787/2183/1461 518/2160/1461
f 1772/2184/1602 3495/178/113 350/179/114 3330/1580/1165
f 3496/2185/1603 1772/2184/1602 3330/1580/1165 351/1579/1164
f 1772/2184/1602 3496/2185/1603 395/2186/1604 3500/2187/1605
f 3495/178/113 1772/2184/1602 3500/2187/1605 396/180/115
f 1773/2188/1606 3496/2185/1603 351/1579/1164 3331/1584/1169
f 3332/1588/1173 1773/2188/1606 3331/1584/1169 352/1583/1168
f 1773/2188/1606 3332/1588/1173 353/1587/1172 3498/2189/1607
f 3496/2185/1603 1773/2188/1606 3498/2189/1607 395/2186/1604
f 1774/2190/1608 3498/2189/1607 353/1587/1172 3333/1592/1177
f 3334/1596/1181 1774/2190/1608 3333/1592/1177 354/1591/1176
f 1774/2190/1608 3334/1596/1181 355/1595/1180 3497/2191/1609
f 3498/2189/1607 1774/2190/1608 3497/2191/1609 395/2186/1604
f 1775/2192/1610 3500/2187/1605 395/2186/1604 3497/2191/1609
f 3335/1600/1185 1775/2192/1610 3497/2191/1609 355/1595/1180
f 1775/2192/1610 3335/1600/1185 356/1599/1184 3499/2193/1611
f 3500/2187/1605 1775/2192/1610 3499/2193/1611 396/180/115
f 1776/2194/1612 3501/181/116 396/180/115 3499/2193/1611
f 3336/1602/1187 1776/2194/1612 3499/2193/1611 356/1599/1184
f 1776/2194/1612 3336/1602/1187 348/182/117 3501/181/116
f 1777/2195/1613 3203/1606/1191 397/1605/1190 3502/2196/1614
f 3511/1290/875 1777/2195/1613 3502/2196/1614 281/1291/876
f 1777/2195/1613 3511/1290/875 282/1289/874 3503/2197/1615
f 3203/1606/1191 1777/2195/1613 3503/2197/1615 398/1608/1193
f 1778/2198/1616 3204/1613/1198 398/1608/1193 3503/2197/1615
f 3512/1297/882 1778/2198/1616 3503/2197/1615 282/1289/874
f 1778/2198/1616 3512/1297/882 283/1296/881 3504/2199/1617
f 3204/1613/1198 1778/2198/1616 3504/2199/1617 399/1615/1200
f 1779/2200/1618 3205/1619/1204 399/1615/1200 3504/2199/1617
f 3513/1303/888 1779/2200/1618 3504/2199/1617 283/1296/881
f 1779/2200/1618 3513/1303/888 284/1302/887 3505/2201/1619
f 3205/1619/1204 1779/2200/1618 3505/2201/1619 400/1621/1206
f 1780/2202/1620 3206/1625/1210 400/1621/1206 3505/2201/1619
f 3514/1309/894 1780/2202/1620 3505/2201/1619 284/1302/887
f 1780/2202/1620 3514/1309/894 285/1308/893 3506/2203/1621
f 3206/1625/1210 1780/2202/1620 3506/2203/1621 401/1627/1212
f 1781/2204/1622 3207/1631/1216 401/1627/1212 3506/2203/1621
f 3515/1315/900 1781/2204/1622 3506/2203/1621 285/1308/893
f 1781/2204/1622 3515/1315/900 286/1314/899 3507/2205/1623
f 3207/1631/1216 1781/2204/1622 3507/2205/1623 402/1633/1218
f 1782/2206/1624 3208/1637/1222 402/1633/1218 3507/2205/1623
f 3516/1321/906 1782/2206/1624 3507/2205/1623 286/1314/899
f 1782/2206/1624 3516/1321/906 287/1320/905 3508/2207/1625
f 3208/1637/1222 1782/2206/1624 3508/2207/1625 403/1639/1224
f 1783/2208/1626 3209/1642/1227 403/1639/1224 3508/2207/1625
f 3517/1327/912 1783/2208/1626 3508/2207/1625 287/1320/905
f 1783/2208/1626 3517/1327/912 288/1326/911 3509/2209/1627
f 3209/1642/1227 1783/2208/1626 3509/2209/1627 404/1644/1229
f 1784/2210/1628 3210/1646/1231 404/1644/1229 3509/2209/1627
f 3518/1333/918 1784/2210/1628 3509/2209/1627 288/1326/911
f 1784/2210/1628 3518/1333/918 289/1332/917 3510/2211/1629
f 3210/1646/1231 1784/2210/1628 3510/2211/1629 405/1648/1233
f 1785/2212/1630 3211/1650/1235 405/1648/1233 3510/2211/1629
f 3519/1336/921 1785/2212/1630 3510/2211/1629 289/1332/917
f 1785/2212/1630 3519/1336/921 281/1291/876 3502/2196/1614
f 3211/1650/1235 1785/2212/1630 3502/2196/1614 397/1605/1190
f 1786/2213/1631 2966/980/565 406/979/564 3528/2214/1632
f 3603/646/243 1786/2215/1631 3528/2216/1632 155/647/244
f 1786/2215/1631 3603/646/243 156/645/242 3529/2217/1633
f 2966/980/565 1786/2213/1631 3529/2218/1633 407/982/567
f 1787/2219/1634 2967/987/572 407/982/567 3529/2218/1633
f 3604/651/248 1787/2220/1634 3529/2217/1633 156/645/242
f 1787/2220/1634 3604/651/248 157/650/247 3530/2221/1635
f 2967/987/572 1787/2219/1634 3530/2222/1635 408/989/574
f 1788/2223/1636 2968/993/578 408/989/574 3530/2222/1635
f 3605/655/252 1788/2224/1636 3530/2221/1635 157/650/247
f 1788/2224/1636 3605/655/252 158/654/251 3531/2225/1637
f 2968/993/578 1788/2223/1636 3531/2226/1637 409/995/580
f 1789/2227/1638 2969/999/584 409/995/580 3531/2226/1637
f 3606/660/256 1789/2228/1638 3531/2225/1637 158/654/251
f 1789/2228/1638 3606/660/256 159/659/255 3532/2229/1639
f 2969/999/584 1789/2227/1638 3532/2230/1639 410/1001/586
f 1790/2231/1640 2970/1005/590 410/1001/586 3532/2230/1639
f 3607/664/260 1790/2232/1640 3532/2229/1639 159/659/255
f 1790/2232/1640 3607/664/260 160/663/259 3533/2233/1641
f 2970/1005/590 1790/2231/1640 3533/2234/1641 411/1007/592
f 1791/2235/1642 2971/1011/596 411/1007/592 3533/2234/1641
f 3608/668/264 1791/2236/1642 3533/2233/1641 160/663/259
f 1791/2236/1642 3608/668/264 161/667/263 3534/2237/1643
f 2971/1011/596 1791/2235/1642 3534/2238/1643 412/1013/598
f 1792/2239/1644 2972/1017/602 412/1013/598 3534/2238/1643
f 3609/672/268 1792/2240/1644 3534/2237/1643 161/667/263
f 1792/2240/1644 3609/672/268 162/671/267 3535/2241/1645
f 2972/1017/602 1792/2239/1644 3535/2242/1645 413/1019/604
f 1793/2243/1646 2973/1023/608 413/1019/604 3535/2242/1645
f 3610/677/272 1793/2244/1646 3535/2241/1645 162/671/267
f 1793/2244/1646 3610/677/272 163/676/271 3536/2245/1647
f 2973/1023/608 1793/2243/1646 3536/2246/1647 414/1025/610
f 1794/2247/1648 2974/1029/614 414/1025/610 3536/2246/1647
f 3611/681/276 1794/2248/1648 3536/2245/1647 163/676/271
f 1794/2248/1648 3611/681/276 164/680/275 3537/2249/1649
f 2974/1029/614 1794/2247/1648 3537/2250/1649 415/1031/616
f 1795/2251/1650 2975/1035/620 415/1031/616 3537/2250/1649
f 3612/685/280 1795/2252/1650 3537/2249/1649 164/680/275
f 1795/2252/1650 3612/685/280 165/684/279 3538/2253/1651
f 2975/1035/620 1795/2251/1650 3538/2254/1651 416/1037/622
f 1796/2255/1652 2976/1041/626 416/1037/622 3538/2254/1651
f 3613/689/284 1796/2256/1652 3538/2253/1651 165/684/279
f 1796/2256/1652 3613/689/284 166/688/283 3539/2257/1653
f 2976/1041/626 1796/2255/1652 3539/2258/1653 417/1043/628
f 1797/2259/1654 2977/1047/632 417/1043/628 3539/2258/1653
f 3614/691/286 1797/2260/1654 3539/2257/1653 166/688/283
f 1797/2260/1654 3614/691/286 155/647/244 3528/2216/1632
f 2977/1047/632 1797/2259/1654 3528/2214/1632 406/979/564
f 1798/2261/1655 2990/1052/637 418/1051/636 3540/2262/1656
f 3615/696/291 1798/2263/1655 3540/2264/1656 167/697/292
f 1798/2263/1655 3615/696/291 168/695/290 3541/2265/1657
f 2990/1052/637 1798/2261/1655 3541/2266/1657 419/1054/639
f 1799/2267/1658 2991/1059/644 419/1054/639 3541/2266/1657
f 3616/702/297 1799/2268/1658 3541/2265/1657 168/695/290
f 1799/2268/1658 3616/702/297 169/701/296 3542/2269/1659
f 2991/1059/644 1799/2267/1658 3542/2270/1659 420/1061/646
f 1800/2271/1660 2992/1065/650 420/1061/646 3542/2270/1659
f 3617/706/301 1800/2272/1660 3542/2269/1659 169/701/296
f 1800/2272/1660 3617/706/301 170/705/300 3543/2273/1661
f 2992/1065/650 1800/2271/1660 3543/2274/1661 421/1067/652
f 1801/2275/1662 2993/1071/656 421/1067/652 3543/2274/1661
f 3618/710/305 1801/2276/1662 3543/2273/1661 170/705/300
f 1801/2276/1662 3618/710/305 171/709/304 3544/2277/1663
f 2993/1071/656 1801/2275/1662 3544/2278/1663 422/1073/658
f 1802/2279/1664 2994/1077/662 422/1073/658 3544/2278/1663
f 3619/715/310 1802/2280/1664 3544/2277/1663 171/709/304
f 1802/2280/1664 3619/715/310 172/714/309 3545/2281/1665
f 2994/1077/662 1802/2279/1664 3545/2282/1665 423/1079/664
f 1803/2283/1666 2995/1083/668 423/1079/664 3545/2282/1665
f 3620/719/314 1803/2284/1666 3545/2281/1665 172/714/309
f 1803/2284/1666 3620/719/314 173/718/313 3546/2285/1667
f 2995/1083/668 1803/2283/1666 3546/2286/1667 424/1085/670
f 1804/2287/1668 2996/1089/674 424/1085/670 3546/2286/1667
f 3621/723/318 1804/2288/1668 3546/2285/1667 173/718/313
f 1804/2288/1668 3621/723/318 174/722/317 3547/2289/1669
f 2996/1089/674 1804/2287/1668 3547/2290/1669 425/1091/676
f 1805/2291/1670 2997/1095/680 425/1091/676 3547/2290/1669
f 3622/727/322 1805/2292/1670 3547/2289/1669 174/722/317
f 1805/2292/1670 3622/727/322 175/726/321 3548/2293/1671
f 2997/1095/680 1805/2291/1670 3548/2294/1671 426/1097/682
f 1806/2295/1672 2998/1101/686 426/1097/682 3548/2294/1671
f 3623/731/326 1806/2296/1672 3548/2293/1671 175/726/321
f 1806/2296/1672 3623/731/326 176/730/325 3549/2297/1673
f 2998/1101/686 1806/2295/1672 3549/2298/1673 427/1103/688
f 1807/2299/1674 2999/1107/692 427/1103/688 3549/2298/1673
f 3624/735/330 1807/2300/1674 3549/2297/1673 176/730/325
f 1807/2300/1674 3624/735/330 177/734/329 3550/2301/1675
f 2999/1107/692 1807/2299/1674 3550/2302/1675 428/1109/694
f 1808/2303/1676 3000/1113/698 428/1109/694 3550/2302/1675
f 3625/737/332 1808/2304/1676 3550/2301/1675 177/734/329
f 1808/2304/1676 3625/737/332 167/697/292 3540/2264/1656
f 3000/1113/698 1808/2303/1676 3540/2262/1656 418/1051/636
f 1809/2305/1677 3012/1118/703 429/1117/702 3551/2306/1678
f 3626/744/337 1809/2307/1677 3551/2308/1678 178/745/338
f 1809/2307/1677 3626/744/337 179/743/336 3552/2309/1679
f 3012/1118/703 1809/2305/1677 3552/2310/1679 430/1120/705
f 1810/2311/1680 3013/1125/710 430/1120/705 3552/2310/1679
f 3627/750/342 1810/2312/1680 3552/2309/1679 179/743/336
f 1810/2312/1680 3627/750/342 180/749/341 3553/2313/1681
f 3013/1125/710 1810/2311/1680 3553/2314/1681 431/1127/712
f 1811/2315/1682 3014/1131/716 431/1127/712 3553/2314/1681
f 3628/754/346 1811/2316/1682 3553/2313/1681 180/749/341
f 1811/2316/1682 3628/754/346 181/753/345 3554/2317/1683
f 3014/1131/716 1811/2315/1682 3554/2318/1683 432/1133/718
f 1812/2319/1684 3015/1137/722 432/1133/718 3554/2318/1683
f 3629/758/350 1812/2320/1684 3554/2317/1683 181/753/345
f 1812/2320/1684 3629/758/350 182/757/349 3555/2321/1685
f 3015/1137/722 1812/2319/1684 3555/2322/1685 433/1139/724
f 1813/2323/1686 3016/1143/728 433/1139/724 3555/2322/1685
f 3630/762/354 1813/2324/1686 3555/2321/1685 182/757/349
f 1813/2324/1686 3630/762/354 183/761/353 3556/2325/1687
f 3016/1143/728 1813/2323/1686 3556/2326/1687 434/1145/730
f 1814/2327/1688 3017/1149/734 434/1145/730 3556/2326/1687
f 3631/766/358 1814/2328/1688 3556/2325/1687 183/761/353
f 1814/2328/1688 3631/766/358 184/765/357 3557/2329/1689
f 3017/1149/734 1814/2327/1688 3557/2330/1689 435/1151/736
f 1815/2331/1690 3018/1155/740 435/1151/736 3557/2330/1689
f 3632/770/362 1815/2332/1690 3557/2329/1689 184/765/357
f 1815/2332/1690 3632/770/362 185/769/361 3558/2333/1691
f 3018/1155/740 1815/2331/1690 3558/2334/1691 436/1157/742
f 1816/2335/1692 3019/1161/746 436/1157/742 3558/2334/1691
f 3633/774/366 1816/2336/1692 3558/2333/1691 185/769/361
f 1816/2336/1692 3633/774/366 186/773/365 3559/2337/1693
f 3019/1161/746 1816/2335/1692 3559/2338/1693 437/1163/748
f 1817/2339/1694 3020/1167/752 437/1163/748 3559/2338/1693
f 3634/778/370 1817/2340/1694 3559/2337/1693 186/773/365
f 1817/2340/1694 3634/778/370 187/777/369 3560/2341/1695
f 3020/1167/752 1817/2339/1694 3560/2342/1695 438/1169/754
f 1818/2343/1696 3021/1173/758 438/1169/754 3560/2342/1695
f 3635/781/372 1818/2344/1696 3560/2341/1695 187/777/369
f 1818/2344/1696 3635/781/372 178/745/338 3551/2308/1678
f 3021/1173/758 1818/2343/1696 3551/2306/1678 429/1117/702
f 1819/2345/1697 3032/1178/763 439/1177/762 3561/2346/1698
f 3636/786/376 1819/2347/1697 3561/2348/1698 188/787/377
f 1819/2347/1697 3636/786/376 189/785/375 3562/2349/1699
f 3032/1178/763 1819/2345/1697 3562/2350/1699 440/1180/765
f 1820/2351/1700 3033/1185/770 440/1180/765 3562/2350/1699
f 3637/792/381 1820/2352/1700 3562/2349/1699 189/785/375
f 1820/2352/1700 3637/792/381 190/791/380 3563/2353/1701
f 3033/1185/770 1820/2351/1700 3563/2354/1701 441/1187/772
f 1821/2355/1702 3034/1191/776 441/1187/772 3563/2354/1701
f 3638/796/385 1821/2356/1702 3563/2353/1701 190/791/380
f 1821/2356/1702 3638/796/385 191/795/384 3564/2357/1703
f 3034/1191/776 1821/2355/1702 3564/2358/1703 442/1193/778
f 1822/2359/1704 3035/1197/782 442/1193/778 3564/2358/1703
f 3639/800/389 1822/2360/1704 3564/2357/1703 191/795/384
f 1822/2360/1704 3639/800/389 192/799/388 3565/2361/1705
f 3035/1197/782 1822/2359/1704 3565/2362/1705 443/1199/784
f 1823/2363/1706 3036/1203/788 443/1199/784 3565/2362/1705
f 3640/804/393 1823/2364/1706 3565/2361/1705 192/799/388
f 1823/2364/1706 3640/804/393 193/803/392 3566/2365/1707
f 3036/1203/788 1823/2363/1706 3566/2366/1707 444/1205/790
f 1824/2367/1708 3037/1209/794 444/1205/790 3566/2366/1707
f 3641/808/397 1824/2368/1708 3566/2365/1707 193/803/392
f 1824/2368/1708 3641/808/397 194/807/396 3567/2369/1709
f 3037/1209/794 1824/2367/1708 3567/2370/1709 445/1211/796
f 1825/2371/1710 3038/1215/800 445/1211/796 3567/2370/1709
f 3642/812/401 1825/2372/1710 3567/2369/1709 194/807/396
f 1825/2372/1710 3642/812/401 195/811/400 3568/2373/1711
f 3038/1215/800 1825/2371/1710 3568/2374/1711 446/1217/802
f 1826/2375/1712 3039/1221/806 446/1217/802 3568/2374/1711
f 3643/816/405 1826/2376/1712 3568/2373/1711 195/811/400
f 1826/2376/1712 3643/816/405 196/815/404 3569/2377/1713
f 3039/1221/806 1826/2375/1712 3569/2378/1713 447/1223/808
f 1827/2379/1714 3040/1227/812 447/1223/808 3569/2378/1713
f 3644/818/407 1827/2380/1714 3569/2377/1713 196/815/404
f 1827/2380/1714 3644/818/407 188/787/377 3561/2348/1698
f 3040/1227/812 1827/2379/1714 3561/2346/1698 439/1177/762
f 1828/2381/1715 3050/1232/817 448/1231/816 3570/2382/1716
f 3645/823/412 1828/2383/1715 3570/2384/1716 197/824/413
f 1828/2383/1715 3645/823/412 198/822/411 3571/2385/1717
f 3050/1232/817 1828/2381/1715 3571/2386/1717 449/1234/819
f 1829/2387/1718 3051/1239/824 449/1234/819 3571/2386/1717
f 3646/829/417 1829/2388/1718 3571/2385/1717 198/822/411
f 1829/2388/1718 3646/829/417 199/828/416 3572/2389/1719
f 3051/1239/824 1829/2387/1718 3572/2390/1719 450/1241/826
f 1830/2391/1720 3052/1245/830 450/1241/826 3572/2390/1719
f 3647/833/421 1830/2392/1720 3572/2389/1719 199/828/416
f 1830/2392/1720 3647/833/421 200/832/420 3573/2393/1721
f 3052/1245/830 1830/2391/1720 3573/2394/1721 451/1247/832
f 1831/2395/1722 3053/1251/836 451/1247/832 3573/2394/1721
f 3648/837/425 1831/2396/1722 3573/2393/1721 200/832/420
f 1831/2396/1722 3648/837/425 201/836/424 3574/2397/1723
f 3053/1251/836 1831/2395/1722 3574/2398/1723 452/1253/838
f 1832/2399/1724 3054/1257/842 452/1253/838 3574/2398/1723
f 3649/841/429 1832/2400/1724 3574/2397/1723 201/836/424
f 1832/2400/1724 3649/841/429 202/840/428 3575/2401/1725
f 3054/1257/842 1832/2399/1724 3575/2402/1725 453/1259/844
f 1833/2403/1726 3055/1263/848 453/1259/844 3575/2402/1725
f 3650/845/433 1833/2404/1726 3575/2401/1725 202/840/428
f 1833/2404/1726 3650/845/433 203/844/432 3576/2405/1727
f 3055/1263/848 1833/2403/1726 3576/2406/1727 454/1265/850
f 1834/2407/1728 3056/1269/854 454/1265/850 3576/2406/1727
f 3651/849/437 1834/2408/1728 3576/2405/1727 203/844/432
f 1834/2408/1728 3651/849/437 204/848/436 3577/2409/1729
f 3056/1269/854 1834/2407/1728 3577/2410/1729 455/1271/856
f 1835/2411/1730 3057/1275/860 455/1271/856 3577/2410/1729
f 3652/853/441 1835/2412/1730 3577/2409/1729 204/848/436
f 1835/2412/1730 3652/853/441 205/852/440 3578/2413/1731
f 3057/1275/860 1835/2411/1730 3578/2414/1731 456/1277/862
f 1836/2415/1732 3058/1281/866 456/1277/862 3578/2414/1731
f 3653/855/443 1836/2416/1732 3578/2413/1731 205/852/440
f 1836/2416/1732 3653/855/443 197/824/413 3570/2384/1716
f 3058/1281/866 1836/2415/1732 3570/2382/1716 448/1231/816
f 1837/2417/1733 3068/1286/871 457/1285/870 3579/2418/1734
f 3654/860/448 1837/2419/1733 3579/2420/1734 206/861/449
f 1837/2419/1733 3654/860/448 207/859/447 3580/2421/1735
f 3068/1286/871 1837/2417/1733 3580/2422/1735 458/1288/873
f 1838/2423/1736 3069/1293/878 458/1288/873 3580/2422/1735
f 3655/865/453 1838/2424/1736 3580/2421/1735 207/859/447
f 1838/2424/1736 3655/865/453 208/864/452 3581/2425/1737
f 3069/1293/878 1838/2423/1736 3581/2426/1737 459/1295/880
f 1839/2427/1738 3070/1299/884 459/1295/880 3581/2426/1737
f 3656/869/457 1839/2428/1738 3581/2425/1737 208/864/452
f 1839/2428/1738 3656/869/457 209/868/456 3582/2429/1739
f 3070/1299/884 1839/2427/1738 3582/2430/1739 460/1301/886
f 1840/2431/1740 3071/1305/890 460/1301/886 3582/2430/1739
f 3657/873/461 1840/2432/1740 3582/2429/1739 209/868/456
f 1840/2432/1740 3657/873/461 210/872/460 3583/2433/1741
f 3071/1305/890 1840/2431/1740 3583/2434/1741 461/1307/892
f 1841/2435/1742 3072/1311/896 461/1307/892 3583/2434/1741
f 3658/879/465 1841/2436/1742 3583/2433/1741 210/872/460
f 1841/2436/1742 3658/879/465 211/878/464 3584/2437/1743
f 3072/1311/896 1841/2435/1742 3584/2438/1743 462/1313/898
f 1842/2439/1744 3073/1317/902 462/1313/898 3584/2438/1743
f 3659/884/469 1842/2440/1744 3584/2437/1743 211/878/464
f 1842/2440/1744 3659/884/469 212/883/468 3585/2441/1745
f 3073/1317/902 1842/2439/1744 3585/2442/1745 463/1319/904
f 1843/2443/1746 3074/1323/908 463/1319/904 3585/2442/1745
f 3660/888/473 1843/2444/1746 3585/2441/1745 212/883/468
f 1843/2444/1746 3660/888/473 213/887/472 3586/2445/1747
f 3074/1323/908 1843/2443/1746 3586/2446/1747 464/1325/910
f 1844/2447/1748 3075/1329/914 464/1325/910 3586/2446/1747
f 3661/892/477 1844/2448/1748 3586/2445/1747 213/887/472
f 1844/2448/1748 3661/892/477 214/891/476 3587/2449/1749
f 3075/1329/914 1844/2447/1748 3587/2450/1749 465/1331/916
f 1845/2451/1750 3076/1335/920 465/1331/916 3587/2450/1749
f 3662/894/479 1845/2452/1750 3587/2449/1749 214/891/476
f 1845/2452/1750 3662/894/479 206/861/449 3579/2420/1734
f 3076/1335/920 1845/2451/1750 3579/2418/1734 457/1285/870
f 1846/2453/10 3671/232/10 48/239/10 2789/826/10
f 2790/135/10 1846/2453/10 2789/826/10 49/137/10
f 1846/2453/10 2790/135/10 32/134/10 3670/2454/10
f 3671/232/10 1846/2453/10 3670/2454/10 466/233/10
f 1847/2455/10 3672/300/10 466/233/10 3670/2454/10
f 2760/263/10 1847/2455/10 3670/2454/10 32/134/10
f 1847/2455/10 2760/263/10 55/262/10 2822/272/10
f 3672/300/10 1847/2455/10 2822/272/10 70/271/10
f 1848/2456/10 3674/525/10 102/424/10 2864/422/10
f 2871/2457/10 1848/2456/10 2864/422/10 100/421/10
f 1848/2456/10 2871/2457/10 98/414/10 2917/2458/10
f 3674/525/10 1848/2456/10 2917/2458/10 467/67/10
f 1849/2459/10 3676/68/10 467/67/10 2917/2458/10
f 2868/413/10 1849/2459/10 2917/2458/10 98/414/10
f 1849/2459/10 2868/413/10 99/418/10 3675/2460/10
f 3676/68/10 1849/2459/10 3675/2460/10 468/69/10
f 1850/2461/10 3678/426/10 468/69/10 3675/2460/10
f 5264/2462/10 1850/2461/10 3675/2460/10 99/418/10
f 1850/2461/10 5264/2462/10 1280/2463/10 5329/2464/10
f 5262/2465/10 1850/2461/10 5329/2464/10 1278/2466/10
f 1850/2461/10 5262/2465/10 469/216/10 3678/426/10
f 1851/2467/10 3680/217/10 469/216/10 5262/2465/10
f 5330/2468/10 1851/2467/10 5262/2465/10 1278/2466/10
f 1851/2467/10 5330/2468/10 1292/2469/10 3679/2470/10
f 3680/217/10 1851/2467/10 3679/2470/10 470/218/10
f 1852/2471/10 3681/230/10 470/218/10 3679/2470/10
f 5331/2472/10 1852/2471/10 3679/2470/10 1292/2469/10
f 1852/2471/10 5331/2472/10 1277/267/10 2775/266/10
f 3681/230/10 1852/2471/10 2775/266/10 29/140/10
f 1853/2473/1751 3735/1803/1378 476/1802/1377 3686/2474/1752
f 4030/2475/1753 1853/2473/1751 3686/2474/1752 621/2476/1754
f 1853/2473/1751 4030/2475/1753 645/2477/1755 3710/2478/1756
f 3735/1803/1378 1853/2473/1751 3710/2478/1756 501/1804/1379
f 1854/2479/1757 3736/2480/1758 471/2481/1511 3682/2482/1759
f 4031/2483/1760 1854/2479/1757 3682/2482/1759 617/2484/1761
f 1854/2479/1757 4031/2483/1760 1339/2485/1384 5409/2486/1384
f 3736/2480/1758 1854/2479/1757 5409/2486/1384 1335/1811/1384
f 1855/2487/1384 3737/1821/1384 472/1820/1384 3683/2488/1384
f 4032/2489/1384 1855/2487/1384 3683/2488/1384 618/2490/1384
f 1855/2487/1384 4032/2489/1384 630/2491/1384 3695/2492/1384
f 3737/1821/1384 1855/2487/1384 3695/2492/1384 485/1822/1384
f 1856/2493/1384 3739/1842/1384 474/1841/1384 3684/2494/1384
f 4034/2495/1384 1856/2493/1384 3684/2494/1384 619/2496/1384
f 1856/2493/1384 4034/2495/1384 650/2497/1384 3715/2498/1384
f 3739/1842/1384 1856/2493/1384 3715/2498/1384 506/1843/1384
f 1857/2499/1762 3740/1851/1402 478/1850/1401 3688/2500/1763
f 4035/2501/1764 1857/2499/1762 3688/2500/1763 623/2502/1765
f 1857/2499/1762 4035/2501/1764 665/2503/1766 3730/2504/1767
f 3740/1851/1402 1857/2499/1762 3730/2504/1767 521/1852/1403
f 1858/2505/1768 3741/1861/1410 477/1860/1409 3687/2506/1769
f 4036/2507/1770 1858/2505/1768 3687/2506/1769 622/2508/1771
f 1858/2505/1768 4036/2507/1770 624/2509/1772 3689/2510/1773
f 3741/1861/1410 1858/2505/1768 3689/2510/1773 479/1863/1411
f 1859/2511/1774 3742/1871/1416 480/1870/1415 3690/2512/1775
f 4037/2513/1776 1859/2511/1774 3690/2512/1775 625/2514/1777
f 1859/2511/1774 4037/2513/1776 643/2515/1778 3708/2516/1779
f 3742/1871/1416 1859/2511/1774 3708/2516/1779 499/1872/1417
f 1860/2517/1780 3743/1876/1420 479/1863/1411 3689/2510/1773
f 4038/2518/1781 1860/2517/1780 3689/2510/1773 624/2509/1772
f 1860/2517/1780 4038/2518/1781 647/2519/1782 3712/2520/1783
f 3743/1876/1420 1860/2517/1780 3712/2520/1783 503/1878/1421
f 1861/2521/1784 3744/1886/1428 482/1885/1427 3692/2522/1785
f 4039/2523/1786 1861/2521/1784 3692/2522/1785 627/2524/1787
f 1861/2521/1784 4039/2523/1786 651/2525/1788 3716/2526/1789
f 3744/1886/1428 1861/2521/1784 3716/2526/1789 507/1887/1429
f 1862/2527/1790 3745/1895/1435 481/1894/1434 3691/2528/1791
f 4040/2529/1792 1862/2527/1790 3691/2528/1791 626/2530/1793
f 1862/2527/1790 4040/2529/1792 628/2531/1794 3693/2532/1795
f 3745/1895/1435 1862/2527/1790 3693/2532/1795 483/1897/1436
f 1863/2533/1384 3746/1900/1384 484/1813/1384 3694/2534/1384
f 4041/2535/1384 1863/2533/1384 3694/2534/1384 629/2536/1384
f 1863/2533/1384 4041/2535/1384 618/2490/1384 3683/2488/1384
f 3746/1900/1384 1863/2533/1384 3683/2488/1384 472/1820/1384
f 1864/2537/1384 3747/1905/1384 485/1822/1384 3695/2492/1384
f 4042/2538/1384 1864/2537/1384 3695/2492/1384 630/2491/1384
f 1864/2537/1384 4042/2538/1384 653/2539/1384 3718/2540/1384
f 3747/1905/1384 1864/2537/1384 3718/2540/1384 509/1906/1384
f 1865/2541/1384 3748/1914/1384 486/1913/1384 3696/2542/1384
f 4043/2543/1384 1865/2541/1384 3696/2542/1384 631/2544/1384
f 1865/2541/1384 4043/2543/1384 632/2545/1384 3697/2546/1384
f 3748/1914/1384 1865/2541/1384 3697/2546/1384 487/1915/1384
f 1866/2547/1384 3749/1923/1384 596/1922/1384 3934/2548/1384
f 4044/2549/1384 1866/2547/1384 3934/2548/1384 671/2550/1384
f 1866/2547/1384 4044/2549/1384 641/2551/1384 3706/2552/1384
f 3749/1923/1384 1866/2547/1384 3706/2552/1384 497/1924/1384
f 1867/2553/1384 3750/1927/1384 487/1915/1384 3697/2546/1384
f 4045/2554/1384 1867/2553/1384 3697/2546/1384 632/2545/1384
f 1867/2553/1384 4045/2554/1384 619/2496/1384 3684/2494/1384
f 3750/1927/1384 1867/2553/1384 3684/2494/1384 474/1841/1384
f 1868/2555/1796 3751/2556/1797 488/2557/1463 3698/2558/1798
f 4046/2559/1799 1868/2555/1796 3698/2558/1798 633/2560/1800
f 1868/2555/1796 4046/2559/1799 1301/2561/1801 5332/2562/1802
f 3751/2556/1797 1868/2555/1796 5332/2562/1802 1293/1932/1447
f 1869/2563/1803 3752/2564/1804 483/1897/1436 3693/2532/1795
f 4047/2565/1805 1869/2563/1803 3693/2532/1795 628/2531/1794
f 1869/2563/1803 4047/2565/1805 1302/2566/1806 5333/2567/1807
f 3752/2564/1804 1869/2563/1803 5333/2567/1807 1294/1941/1391
f 1870/2568/1461 3753/2569/1461 489/1980/1461 3699/2570/1461
f 4048/2571/1461 1870/2568/1461 3699/2570/1461 634/2572/1461
f 1870/2568/1461 4048/2571/1461 673/2573/1461 4027/2574/1461
f 3753/2569/1461 1870/2568/1461 4027/2574/1461 604/2575/1461
f 1871/2576/1808 3754/2577/1809 491/2578/1454 3700/2579/1810
f 4049/2580/1811 1871/2576/1808 3700/2579/1810 635/2581/1812
f 1871/2576/1808 4049/2580/1811 674/2582/1461 4028/2583/1461
f 3754/2577/1809 1871/2576/1808 4028/2583/1461 614/1965/1461
f 1872/2584/1461 3755/1978/1461 492/1977/1461 3701/2585/1461
f 4050/2586/1461 1872/2584/1461 3701/2585/1461 636/2587/1461
f 1872/2584/1461 4050/2586/1461 634/2572/1461 3699/2570/1461
f 3755/1978/1461 1872/2584/1461 3699/2570/1461 489/1980/1461
f 1873/2588/1461 3756/1987/1461 493/1986/1461 3702/2589/1461
f 4051/2590/1461 1873/2588/1461 3702/2589/1461 637/2591/1461
f 1873/2588/1461 4051/2590/1461 636/2587/1461 3701/2585/1461
f 3756/1987/1461 1873/2588/1461 3701/2585/1461 492/1977/1461
f 1874/2592/1461 3757/1997/1461 494/1996/1461 3703/2593/1461
f 4052/2594/1461 1874/2592/1461 3703/2593/1461 638/2595/1461
f 1874/2592/1461 4052/2594/1461 639/2596/1461 3704/2597/1461
f 3757/1997/1461 1874/2592/1461 3704/2597/1461 495/1999/1461
f 1875/2598/1461 3758/2005/1461 495/1999/1461 3704/2597/1461
f 4053/2599/1461 1875/2598/1461 3704/2597/1461 639/2596/1461
f 1875/2598/1461 4053/2599/1461 642/2600/1461 3707/2601/1461
f 3758/2005/1461 1875/2598/1461 3707/2601/1461 498/2007/1461
f 1876/2602/1461 3759/2015/1461 496/2014/1461 3705/2603/1461
f 4054/2604/1461 1876/2602/1461 3705/2603/1461 640/2605/1461
f 1876/2602/1461 4054/2604/1461 638/2595/1461 3703/2593/1461
f 3759/2015/1461 1876/2602/1461 3703/2593/1461 494/1996/1461
f 1877/2606/1384 3760/2018/1384 497/1924/1384 3706/2552/1384
f 4055/2607/1384 1877/2606/1384 3706/2552/1384 641/2551/1384
f 1877/2606/1384 4055/2607/1384 631/2544/1384 3696/2542/1384
f 3760/2018/1384 1877/2606/1384 3696/2542/1384 486/1913/1384
f 1878/2608/1813 3762/2029/1499 499/1872/1417 3708/2516/1779
f 4056/2609/1814 1878/2608/1813 3708/2516/1779 643/2515/1778
f 1878/2608/1813 4056/2609/1814 623/2502/1765 3688/2500/1763
f 3762/2029/1499 1878/2608/1813 3688/2500/1763 478/1850/1401
f 1879/2610/1815 3763/2035/1503 500/2034/1502 3709/2611/1816
f 4057/2612/1817 1879/2610/1815 3709/2611/1816 644/2613/1818
f 1879/2610/1815 4057/2612/1817 626/2530/1793 3691/2528/1791
f 3763/2035/1503 1879/2610/1815 3691/2528/1791 481/1894/1434
f 1880/2614/1819 3764/2615/1820 501/1804/1379 3710/2478/1756
f 4058/2616/1821 1880/2614/1819 3710/2478/1756 645/2477/1755
f 1880/2614/1819 4058/2616/1821 670/2617/1822 4024/2618/1823
f 3764/2615/1820 1880/2614/1819 4024/2618/1823 585/2042/1509
f 1881/2619/1824 3765/2048/1514 502/1834/1391 3711/2620/1807
f 4059/2621/1825 1881/2619/1824 3711/2620/1807 646/2622/1806
f 1881/2619/1824 4059/2621/1825 622/2508/1771 3687/2506/1769
f 3765/2048/1514 1881/2619/1824 3687/2506/1769 477/1860/1409
f 1882/2623/1826 3766/2051/1516 503/1878/1421 3712/2520/1783
f 4060/2624/1827 1882/2623/1826 3712/2520/1783 647/2519/1782
f 1882/2623/1826 4060/2624/1827 644/2613/1818 3709/2611/1816
f 3766/2051/1516 1882/2623/1826 3709/2611/1816 500/2034/1502
f 1883/2625/1384 3767/2626/1384 504/2070/1384 3713/2627/1384
f 4061/2628/1384 1883/2625/1384 3713/2627/1384 648/2629/1384
f 1883/2625/1384 4061/2628/1384 675/2630/1384 4029/2631/1384
f 3767/2626/1384 1883/2625/1384 4029/2631/1384 615/2058/1384
f 1884/2632/1461 3768/2064/1461 505/1968/1461 3714/2633/1461
f 4062/2634/1461 1884/2632/1461 3714/2633/1461 649/2635/1461
f 1884/2632/1461 4062/2634/1461 640/2605/1461 3705/2603/1461
f 3768/2064/1461 1884/2632/1461 3705/2603/1461 496/2014/1461
f 1885/2636/1384 3769/2069/1384 506/1843/1384 3715/2498/1384
f 4063/2637/1384 1885/2636/1384 3715/2498/1384 650/2497/1384
f 1885/2636/1384 4063/2637/1384 648/2629/1384 3713/2627/1384
f 3769/2069/1384 1885/2636/1384 3713/2627/1384 504/2070/1384
f 1886/2638/1828 3770/2073/1531 507/1887/1429 3716/2526/1789
f 4064/2639/1829 1886/2638/1828 3716/2526/1789 651/2525/1788
f 1886/2638/1828 4064/2639/1829 625/2514/1777 3690/2512/1775
f 3770/2073/1531 1886/2638/1828 3690/2512/1775 480/1870/1415
f 1887/2640/1461 3771/2081/1461 510/2080/1461 3719/2641/1461
f 4065/2642/1461 1887/2640/1461 3719/2641/1461 654/2643/1461
f 1887/2640/1461 4065/2642/1461 652/2644/1461 3717/2645/1461
f 3771/2081/1461 1887/2640/1461 3717/2645/1461 508/2083/1461
f 1888/2646/1461 3772/2086/1461 508/2083/1461 3717/2645/1461
f 4066/2647/1461 1888/2646/1461 3717/2645/1461 652/2644/1461
f 1888/2646/1461 4066/2647/1461 637/2591/1461 3702/2589/1461
f 3772/2086/1461 1888/2646/1461 3702/2589/1461 493/1986/1461
f 1889/2648/1384 3733/2649/1384 473/2092/1384 3773/2091/1384
f 3718/2540/1384 1889/2648/1384 3773/2091/1384 509/1906/1384
f 1889/2648/1384 3718/2540/1384 653/2539/1384 4067/2650/1384
f 3733/2649/1384 1889/2648/1384 4067/2650/1384 668/2651/1384
f 1890/2652/1461 3734/2653/1461 490/2026/1461 3761/2024/1461
f 3707/2601/1461 1890/2652/1461 3761/2024/1461 498/2007/1461
f 1890/2652/1461 3707/2601/1461 642/2600/1461 4068/2654/1461
f 3734/2653/1461 1890/2652/1461 4068/2654/1461 669/2655/1461
f 1891/2656/1384 3920/2111/1384 473/2092/1384 3733/2649/1384
f 4069/2657/1384 1891/2656/1384 3733/2649/1384 668/2651/1384
f 1891/2656/1384 4069/2657/1384 655/2658/1384 3720/2659/1384
f 3920/2111/1384 1891/2656/1384 3720/2659/1384 511/2112/1553
f 1892/2660/1461 3775/2119/1461 490/2026/1461 3734/2653/1461
f 4070/2661/1461 1892/2660/1461 3734/2653/1461 669/2655/1461
f 1892/2660/1461 4070/2661/1461 657/2662/1461 3722/2663/1461
f 3775/2119/1461 1892/2660/1461 3722/2663/1461 513/2120/1461
f 1893/2664/1384 3777/2128/1384 515/2127/1384 3724/2665/1384
f 4071/2666/1384 1893/2664/1384 3724/2665/1384 659/2667/1384
f 1893/2664/1384 4071/2666/1384 663/2668/1384 3728/2669/1384
f 3777/2128/1384 1893/2664/1384 3728/2669/1384 519/2129/1384
f 1894/2670/1384 3778/2132/1553 511/2112/1553 3720/2659/1384
f 4072/2671/1384 1894/2670/1384 3720/2659/1384 655/2658/1384
f 1894/2670/1384 4072/2671/1384 659/2667/1384 3724/2665/1384
f 3778/2132/1553 1894/2670/1384 3724/2665/1384 515/2127/1384
f 1895/2672/1384 3779/2140/1384 516/2139/1384 3725/2673/1384
f 4073/2674/1384 1895/2672/1384 3725/2673/1384 660/2675/1384
f 1895/2672/1384 4073/2674/1384 656/2676/1384 3721/2677/1384
f 3779/2140/1384 1895/2672/1384 3721/2677/1384 512/2141/1384
f 1896/2678/1461 3780/2149/1461 517/2148/1461 3726/2679/1461
f 4074/2680/1461 1896/2678/1461 3726/2679/1461 661/2681/1461
f 1896/2678/1461 4074/2680/1461 666/2682/1461 3731/2683/1461
f 3780/2149/1461 1896/2678/1461 3731/2683/1461 522/2150/1461
f 1897/2684/1461 3781/2153/1461 513/2120/1461 3722/2663/1461
f 4075/2685/1461 1897/2684/1461 3722/2663/1461 657/2662/1461
f 1897/2684/1461 4075/2685/1461 661/2681/1461 3726/2679/1461
f 3781/2153/1461 1897/2684/1461 3726/2679/1461 517/2148/1461
f 1898/2686/1461 3782/2161/1461 518/2160/1461 3727/2687/1461
f 4076/2688/1461 1898/2686/1461 3727/2687/1461 662/2689/1461
f 1898/2686/1461 4076/2688/1461 658/2690/1461 3723/2691/1461
f 3782/2161/1461 1898/2686/1461 3723/2691/1461 514/2162/1461
f 1899/2692/1384 3783/2167/1384 519/2129/1384 3728/2669/1384
f 4077/2693/1384 1899/2692/1384 3728/2669/1384 663/2668/1384
f 1899/2692/1384 4077/2693/1384 664/2694/1384 3729/2695/1384
f 3783/2167/1384 1899/2692/1384 3729/2695/1384 520/2168/1384
f 1900/2696/1384 3784/2171/1384 520/2168/1384 3729/2695/1384
f 4078/2697/1384 1900/2696/1384 3729/2695/1384 664/2694/1384
f 1900/2696/1384 4078/2697/1384 660/2675/1384 3725/2673/1384
f 3784/2171/1384 1900/2696/1384 3725/2673/1384 516/2139/1384
f 1901/2698/1830 3785/2174/1595 521/1852/1403 3730/2504/1767
f 4079/2699/1831 1901/2698/1830 3730/2504/1767 665/2503/1766
f 1901/2698/1830 4079/2699/1831 621/2476/1754 3686/2474/1752
f 3785/2174/1595 1901/2698/1830 3686/2474/1752 476/1802/1377
f 1902/2700/1461 3786/2179/1461 522/2150/1461 3731/2683/1461
f 4080/2701/1461 1902/2700/1461 3731/2683/1461 666/2682/1461
f 1902/2700/1461 4080/2701/1461 667/2702/1461 3732/2703/1461
f 3786/2179/1461 1902/2700/1461 3732/2703/1461 523/2180/1461
f 1903/2704/1461 3787/2183/1461 523/2180/1461 3732/2703/1461
f 4081/2705/1461 1903/2704/1461 3732/2703/1461 667/2702/1461
f 1903/2704/1461 4081/2705/1461 662/2689/1461 3727/2687/1461
f 3787/2183/1461 1903/2704/1461 3727/2687/1461 518/2160/1461
f 1904/2706/1461 3776/2707/1461 514/2162/1461 3723/2691/1461
f 4082/2708/1461 1904/2706/1461 3723/2691/1461 658/2690/1461
f 1904/2706/1461 4082/2708/1461 654/2643/1461 3719/2641/1461
f 3776/2707/1461 1904/2706/1461 3719/2641/1461 510/2080/1461
f 1905/2709/1832 3365/2710/1833 535/2711/1834 3798/2712/1835
f 3802/2145/1577 1905/2713/1832 3798/2714/1835 367/2147/1579
f 1905/2713/1832 3802/2145/1577 392/2144/1576 3800/2715/1836
f 3365/2710/1833 1905/2709/1832 3800/2716/1836 537/2717/1837
f 1906/2718/1838 3373/2719/1839 533/2720/1840 3796/2721/1841
f 3803/2152/1581 1906/2722/1838 3796/2723/1841 291/2115/1556
f 1906/2722/1838 3803/2152/1581 367/2147/1579 3798/2714/1835
f 3373/2719/1839 1906/2718/1838 3798/2712/1835 535/2711/1834
f 1907/2724/1842 3374/1662/1247 368/509/197 3799/2725/1843
f 3804/2157/1585 1907/2726/1842 3799/2727/1843 536/2159/1587
f 1907/2726/1842 3804/2157/1585 534/2156/1584 3797/2728/1844
f 3374/1662/1247 1907/2724/1842 3797/2729/1844 292/1663/1248
f 1908/2730/1845 3435/2731/1846 537/2717/1837 3800/2716/1836
f 3805/2178/1599 1908/2732/1845 3800/2715/1836 392/2144/1576
f 1908/2732/1845 3805/2178/1599 538/2177/1598 3801/2733/1847
f 3435/2731/1846 1908/2730/1845 3801/2734/1847 394/506/194
f 1909/2735/1848 3439/507/195 394/506/194 3801/2734/1847
f 3806/2182/1601 1909/2736/1848 3801/2733/1847 538/2177/1598
f 1909/2736/1848 3806/2182/1601 536/2159/1587 3799/2727/1843
f 3439/507/195 1909/2735/1848 3799/2725/1843 368/509/197
f 1910/2737/1849 3589/2116/1557 291/2115/1556 3796/2723/1841
f 3807/2738/1850 1910/2739/1849 3796/2721/1841 533/2720/1840
f 1910/2739/1849 3807/2738/1850 562/2740/1851 3861/2741/1852
f 3589/2116/1557 1910/2737/1849 3861/2742/1852 555/2118/1559
f 1911/2743/1853 3590/2744/1854 292/1663/1248 3797/2729/1844
f 3808/2745/1855 1911/2746/1853 3797/2728/1844 534/2156/1584
f 1911/2746/1853 3808/2745/1855 563/2103/1545 3862/2747/1856
f 3590/2744/1854 1911/2743/1853 3862/2748/1856 556/1354/939
f 1912/2749/1857 3663/1340/925 524/1339/924 3788/2750/1858
f 3809/899/484 1912/2751/1857 3788/2752/1858 215/900/485
f 1912/2751/1857 3809/899/484 1295/898/483 5334/2753/1859
f 3663/1340/925 1912/2749/1857 5334/2754/1859 1290/1342/927
f 1913/2755/1860 3664/1349/934 526/1348/933 3790/2756/1861
f 3810/907/492 1913/2757/1860 3790/2758/1861 527/908/493
f 1913/2757/1860 3810/907/492 1296/906/491 5335/2759/1862
f 3664/1349/934 1913/2755/1860 5335/2760/1862 1291/1351/936
f 1914/2761/1863 3665/1358/943 528/1357/942 3791/2762/1864
f 3811/913/498 1914/2763/1863 3791/2764/1864 217/914/499
f 1914/2763/1863 3811/913/498 218/912/497 3792/2765/1865
f 3665/1358/943 1914/2761/1863 3792/2766/1865 529/1360/945
f 1915/2767/1866 3666/1365/950 529/1360/945 3792/2766/1865
f 3812/918/503 1915/2768/1866 3792/2765/1865 218/912/497
f 1915/2768/1866 3812/918/503 219/917/502 3793/2769/1867
f 3666/1365/950 1915/2767/1866 3793/2770/1867 530/1367/952
f 1916/2771/1868 3667/1371/956 530/1367/952 3793/2770/1867
f 3813/922/507 1916/2772/1868 3793/2769/1867 219/917/502
f 1916/2772/1868 3813/922/507 220/921/506 3794/2773/1869
f 3667/1371/956 1916/2771/1868 3794/2774/1869 531/1373/958
f 1917/2775/1870 3668/1377/962 531/1373/958 3794/2774/1869
f 3814/926/511 1917/2776/1870 3794/2773/1869 220/921/506
f 1917/2776/1870 3814/926/511 221/925/510 3795/2777/1871
f 3668/1377/962 1917/2775/1870 3795/2778/1871 532/1379/964
f 1918/2779/1872 3669/1383/968 532/1379/964 3795/2778/1871
f 3815/928/513 1918/2780/1872 3795/2777/1871 221/925/510
f 1918/2780/1872 3815/928/513 215/900/485 3788/2752/1858
f 3669/1383/968 1918/2779/1872 3788/2750/1858 524/1339/924
f 1919/2781/1873 3229/2782/1874 550/2783/1875 3826/2784/1876
f 3830/2124/1563 1919/2785/1873 3826/2786/1876 299/2126/1565
f 1919/2785/1873 3830/2124/1563 375/2123/1562 3828/2787/1877
f 3229/2782/1874 1919/2781/1873 3828/2788/1877 552/2789/1878
f 1920/2790/1879 3237/2791/1880 548/2792/1881 3824/2793/1882
f 3831/2131/1567 1920/2794/1879 3824/2795/1882 223/2107/1549
f 1920/2794/1879 3831/2131/1567 299/2126/1565 3826/2786/1876
f 3237/2791/1880 1920/2790/1879 3826/2784/1876 550/2783/1875
f 1921/2796/1883 3238/1395/980 300/1402/987 3827/2797/1884
f 3832/2136/1571 1921/2798/1883 3827/2799/1884 551/2138/1573
f 1921/2798/1883 3832/2136/1571 549/2135/1570 3825/2800/1885
f 3238/1395/980 1921/2796/1883 3825/2801/1885 224/1396/981
f 1922/2802/1886 3383/2803/1887 552/2789/1878 3828/2788/1877
f 3833/2166/1591 1922/2804/1886 3828/2787/1877 375/2123/1562
f 1922/2804/1886 3833/2166/1591 553/2165/1590 3829/2805/1888
f 3383/2803/1887 1922/2802/1886 3829/2806/1888 377/1699/1284
f 1923/2807/1889 3387/1700/1285 377/1699/1284 3829/2806/1888
f 3834/2170/1593 1923/2808/1889 3829/2805/1888 553/2165/1590
f 1923/2808/1889 3834/2170/1593 551/2138/1573 3827/2799/1884
f 3387/1700/1285 1923/2807/1889 3827/2797/1884 300/1402/987
f 1924/2809/1890 3521/2108/1550 223/2107/1549 3824/2795/1882
f 3835/2810/1891 1924/2811/1890 3824/2793/1882 548/2792/1881
f 1924/2811/1890 3835/2810/1891 597/2812/1892 3935/2813/1893
f 3521/2108/1550 1924/2809/1890 3935/2814/1893 589/2110/1552
f 1925/2815/1894 3522/2816/1895 224/1396/981 3825/2801/1885
f 3836/2817/1896 1925/2818/1894 3825/2800/1885 549/2135/1570
f 1925/2818/1894 3836/2817/1896 598/2097/1541 3936/2819/1897
f 3522/2816/1895 1925/2815/1894 3936/2820/1897 590/946/531
f 1926/2821/1898 3596/932/517 539/931/516 3816/2822/1899
f 3837/614/211 1926/2823/1898 3816/2824/1899 148/615/212
f 1926/2823/1898 3837/614/211 586/613/210 3910/2825/1900
f 3596/932/517 1926/2821/1898 3910/2826/1900 583/934/519
f 1927/2827/1901 3597/941/526 541/940/525 3818/2828/1902
f 3838/620/217 1927/2829/1901 3818/2830/1902 542/621/218
f 1927/2829/1901 3838/620/217 587/619/216 3911/2831/1903
f 3597/941/526 1927/2827/1901 3911/2832/1903 584/943/528
f 1928/2833/1904 3598/950/535 543/949/534 3819/2834/1905
f 3839/626/223 1928/2835/1904 3819/2836/1905 150/627/224
f 1928/2835/1904 3839/626/223 151/625/222 3820/2837/1906
f 3598/950/535 1928/2833/1904 3820/2838/1906 544/952/537
f 1929/2839/1907 3599/957/542 544/952/537 3820/2838/1906
f 3840/631/228 1929/2840/1907 3820/2837/1906 151/625/222
f 1929/2840/1907 3840/631/228 152/630/227 3821/2841/1908
f 3599/957/542 1929/2839/1907 3821/2842/1908 545/959/544
f 1930/2843/1909 3600/963/548 545/959/544 3821/2842/1908
f 3841/635/232 1930/2844/1909 3821/2841/1908 152/630/227
f 1930/2844/1909 3841/635/232 153/634/231 3822/2845/1910
f 3600/963/548 1930/2843/1909 3822/2846/1910 546/965/550
f 1931/2847/1911 3601/969/554 546/965/550 3822/2846/1910
f 3842/639/236 1931/2848/1911 3822/2845/1910 153/634/231
f 1931/2848/1911 3842/639/236 154/638/235 3823/2849/1912
f 3601/969/554 1931/2847/1911 3823/2850/1912 547/971/556
f 1932/2851/1913 3602/975/560 547/971/556 3823/2850/1912
f 3843/641/238 1932/2852/1913 3823/2849/1912 154/638/235
f 1932/2852/1913 3843/641/238 148/615/212 3816/2824/1899
f 3602/975/560 1932/2851/1913 3816/2822/1899 539/931/516
f 1933/2853/1914 3854/2854/1915 562/2740/1851 3807/2738/1850
f 5268/2855/1916 1933/2853/1914 3807/2738/1850 533/2720/1840
f 1933/2853/1914 5268/2855/1916 1284/1657/1242 5336/2856/1917
f 3854/2854/1915 1933/2853/1914 5336/2856/1917 1297/1343/928
f 1934/2857/1918 3855/2858/1919 557/1363/948 3591/2859/1920
f 5269/2860/1921 1934/2857/1918 3591/2859/1920 293/1669/1254
f 1934/2857/1918 5269/2860/1921 1285/1666/1251 5337/2861/1922
f 3855/2858/1919 1934/2857/1918 5337/2861/1922 1298/1352/937
f 1935/2862/1923 3856/1362/947 558/1361/946 3592/2863/1924
f 3223/1670/1255 1935/2862/1923 3592/2863/1924 294/1672/1257
f 1935/2862/1923 3223/1670/1255 293/1669/1254 3591/2859/1920
f 3856/1362/947 1935/2862/1923 3591/2859/1920 557/1363/948
f 1936/2864/1925 3857/1369/954 559/1368/953 3593/2865/1926
f 3224/1677/1262 1936/2864/1925 3593/2865/1926 295/1679/1264
f 1936/2864/1925 3224/1677/1262 294/1672/1257 3592/2863/1924
f 3857/1369/954 1936/2864/1925 3592/2863/1924 558/1361/946
f 1937/2866/1927 3858/1375/960 560/1374/959 3594/2867/1928
f 3225/1683/1268 1937/2866/1927 3594/2867/1928 296/1685/1270
f 1937/2866/1927 3225/1683/1268 295/1679/1264 3593/2865/1926
f 3858/1375/960 1937/2866/1927 3593/2865/1926 559/1368/953
f 1938/2868/1929 3859/1381/966 561/1380/965 3595/2869/1930
f 3226/1689/1274 1938/2868/1929 3595/2869/1930 297/1691/1276
f 1938/2868/1929 3226/1689/1274 296/1685/1270 3594/2867/1928
f 3859/1381/966 1938/2868/1929 3594/2867/1928 560/1374/959
f 1939/2870/1931 3860/1384/969 554/1345/930 3588/2871/1932
f 3227/1695/1280 1939/2870/1931 3588/2871/1932 290/1654/1239
f 1939/2870/1931 3227/1695/1280 297/1691/1276 3595/2869/1930
f 3860/1384/969 1939/2870/1931 3595/2869/1930 561/1380/965
f 1940/2872/1933 3861/2741/1852 562/2740/1851 3852/2873/1934
f 3789/2874/1935 1940/2872/1933 3852/2873/1934 525/2875/1936
f 1940/2876/1933 3789/2877/1935 216/2878/1937 3845/2879/1938
f 3861/2742/1852 1940/2880/1933 3845/2881/1938 555/2118/1559
f 1941/2882/1939 3862/2747/1856 563/2103/1545 3853/2102/1544
f 3790/2758/1861 1941/2883/1939 3853/2100/1544 527/908/493
f 1941/2884/1939 3790/2756/1861 526/1348/933 3846/1347/932
f 3862/2748/1856 1941/2884/1939 3846/1347/932 556/1354/939
f 1942/2885/1940 3863/2104/1546 563/2103/1545 3808/2745/1855
f 3485/2155/1583 1942/2885/1940 3808/2745/1855 534/2156/1584
f 1942/2885/1940 3485/2155/1583 514/2162/1461 3776/2707/1461
f 3863/2104/1546 1942/2885/1940 3776/2707/1461 510/2080/1461
f 1943/2886/1941 3864/2117/1558 555/2118/1559 3845/2881/1938
f 3087/2887/1942 1943/2888/1941 3845/2879/1938 216/2878/1937
f 1943/2888/1941 3087/2887/1942 37/2021/1495 3461/2020/1494
f 3864/2117/1558 1943/2886/1941 3461/2025/1494 490/2026/1461
f 1944/2889/1943 3889/77/10 567/76/10 3868/309/10
f 2838/323/156 1944/2889/1943 3868/309/10 77/15/10
f 1944/2889/1943 2838/323/156 73/325/158 3865/2890/1944
f 3889/77/10 1944/2889/1943 3865/2890/1944 564/78/10
f 1945/2891/10 3890/112/10 565/111/10 2722/611/10
f 2839/327/10 1945/2891/10 2722/611/10 74/328/10
f 1945/2891/10 2839/327/10 146/334/10 2953/595/10
f 3890/112/10 1945/2891/10 2953/595/10 576/113/10
f 1946/2892/10 3891/130/10 569/129/10 3870/2893/10
f 2840/881/10 1946/2892/10 3870/2893/10 79/349/10
f 1946/2892/10 2840/881/10 80/877/10 3871/2894/10
f 3891/130/10 1946/2892/10 3871/2894/10 570/131/10
f 1947/2895/10 3892/148/10 572/147/10 3873/2896/10
f 2841/336/10 1947/2895/10 3873/2896/10 82/337/10
f 1947/2895/10 2841/336/10 75/343/10 3867/2897/10
f 3892/148/10 1947/2895/10 3867/2897/10 566/149/10
f 1948/2898/10 3893/164/10 571/163/10 3872/443/10
f 2842/345/10 1948/2898/10 3872/443/10 81/346/10
f 1948/2898/10 2842/345/10 79/349/10 3870/2893/10
f 3893/164/10 1948/2898/10 3870/2893/10 569/129/10
f 1949/2899/10 3894/251/10 570/131/10 3871/2894/10
f 2843/875/10 1949/2899/10 3871/2894/10 80/877/10
f 1949/2899/10 2843/875/10 82/337/10 3873/2896/10
f 3894/251/10 1949/2899/10 3873/2896/10 572/147/10
f 1950/2900/1945 3895/304/146 573/305/147 3874/2901/1507
f 2721/2902/1946 1950/2900/1945 3874/2901/1507 1/2903/1506
f 1950/2900/1945 2721/2902/1946 1327/2904/50 5410/2905/45
f 3895/304/146 1950/2900/1945 5410/2905/45 1336/306/10
f 1951/2906/1947 3896/310/10 567/76/10 2746/74/49
f 2723/2907/1386 1951/2906/1947 2746/74/49 2/75/50
f 1951/2906/1947 2723/2907/1386 26/2908/1385 2751/2909/45
f 3896/310/10 1951/2906/1947 2751/2909/45 568/311/10
f 1952/2910/10 3897/320/10 575/319/10 2892/461/10
f 2877/657/10 1952/2910/10 2892/461/10 112/462/10
f 1952/2910/10 2877/657/10 105/441/10 2879/440/10
f 3897/320/10 1952/2910/10 2879/440/10 574/321/10
f 1953/2911/1948 3898/444/10 571/163/10 2767/161/107
f 2728/2912/1394 1953/2911/1948 2767/161/107 4/162/108
f 1953/2911/1948 2728/2912/1394 106/315/151 3875/314/150
f 3898/444/10 1953/2911/1948 3875/314/150 574/321/10
f 1954/2913/70 3899/596/10 568/311/10 2751/2909/45
f 2750/2914/1437 1954/2913/70 2751/2909/45 26/2908/1385
f 1954/2913/70 2750/2914/1437 147/107/71 3877/106/46
f 3899/596/10 1954/2913/70 3877/106/46 576/113/10
f 1955/2915/1949 3900/612/209 565/111/10 3866/109/73
f 2959/2916/1950 1955/2915/1949 3866/109/73 3/110/74
f 1955/2915/1949 2959/2916/1950 149/2917/1951 3887/2918/1952
f 3900/612/209 1955/2915/1949 3887/2918/1952 586/613/210
f 1956/2919/1953 3901/618/215 566/149/10 3867/2897/10
f 2961/623/220 1956/2919/1953 3867/2897/10 75/343/10
f 1956/2919/1953 2961/623/220 150/627/224 3888/2920/1954
f 3901/618/215 1956/2919/1953 3888/2920/1954 587/619/216
f 1957/2921/1955 3902/933/518 583/934/519 3884/2922/1956
f 3921/2923/1957 1957/2921/1955 3884/2922/1956 540/2924/1958
f 1957/2921/1955 3921/2923/1957 597/2812/1892 3937/2925/1959
f 3902/933/518 1957/2921/1955 3937/2925/1959 599/935/520
f 1958/2926/1960 3903/942/527 584/943/528 3885/2927/1961
f 3915/948/533 1958/2926/1960 3885/2927/1961 543/949/534
f 1958/2926/1960 3915/948/533 591/955/540 3938/2928/1962
f 3903/942/527 1958/2926/1960 3938/2928/1962 600/944/529
f 1959/2929/1963 3904/1389/974 577/1390/975 3878/2930/1964
f 3237/2791/1880 1959/2929/1963 3878/2930/1964 548/2792/1881
f 1959/2929/1963 3237/2791/1880 550/2783/1875 3880/2931/1965
f 3904/1389/974 1959/2929/1963 3880/2931/1965 579/1391/976
f 1960/2932/1966 3905/1398/983 578/1399/984 3879/2933/1967
f 3239/1404/989 1960/2932/1966 3879/2933/1967 225/1405/990
f 1960/2932/1966 3239/1404/989 301/24/16 3881/2934/1968
f 3905/1398/983 1960/2932/1966 3881/2934/1968 580/1400/985
f 1961/2935/1969 3906/1701/1286 580/1400/985 3881/2934/1968
f 3385/22/14 1961/2935/1969 3881/2934/1968 301/24/16
f 1961/2935/1969 3385/22/14 376/21/13 3388/1714/1299
f 3906/1701/1286 1961/2935/1969 3388/1714/1299 582/1702/1287
f 1962/2936/1970 3907/1709/1294 579/1391/976 3880/2931/1965
f 3229/2782/1874 1962/2936/1970 3880/2931/1965 550/2783/1875
f 1962/2936/1970 3229/2782/1874 552/2789/1878 3882/2937/1971
f 3907/1709/1294 1962/2936/1970 3882/2937/1971 581/1710/1295
f 1963/2938/1972 3908/1715/1300 581/1710/1295 3882/2937/1971
f 3383/2803/1887 1963/2938/1972 3882/2937/1971 552/2789/1878
f 1963/2938/1972 3383/2803/1887 377/1699/1284 3883/1698/1283
f 3908/1715/1300 1963/2938/1972 3883/1698/1283 582/1702/1287
f 1964/2939/1973 3909/2040/1508 573/2041/147 2825/2940/145
f 3472/1797/1375 1964/2939/1973 2825/2940/145 72/1798/6
f 1964/2939/1973 3472/1797/1375 501/1804/1379 3764/2615/1820
f 3909/2040/1508 1964/2939/1973 3764/2615/1820 585/2042/1509
f 1965/2941/1974 3910/2825/1900 586/613/210 3887/2918/1952
f 3817/2942/1975 1965/2941/1974 3887/2918/1952 149/2917/1951
f 1965/2943/1974 3817/2944/1975 540/2924/1958 3884/2922/1956
f 3910/2826/1900 1965/2943/1974 3884/2922/1956 583/934/519
f 1966/2945/1976 3911/2831/1903 587/619/216 3888/2920/1954
f 3819/2836/1905 1966/2945/1976 3888/2920/1954 150/627/224
f 1966/2946/1976 3819/2834/1905 543/949/534 3885/2927/1961
f 3911/2832/1903 1966/2946/1976 3885/2927/1961 584/943/528
f 1967/2947/1977 3925/936/521 599/935/520 3923/2948/1978
f 3094/1388/973 1967/2947/1977 3923/2948/1978 577/1390/975
f 1967/2947/1977 3094/1388/973 222/1387/972 3520/2949/1979
f 3925/936/521 1967/2947/1977 3520/2949/1979 588/937/522
f 1968/2950/1980 3926/945/530 600/944/529 3924/2951/1981
f 3095/1397/982 1968/2950/1980 3924/2951/1981 578/1399/984
f 1968/2950/1980 3095/1397/982 224/1396/981 3522/2816/1895
f 3926/945/530 1968/2950/1980 3522/2816/1895 590/946/531
f 1969/2952/1982 3927/954/539 592/953/538 3524/2953/1983
f 3096/1406/991 1969/2952/1982 3524/2953/1983 226/1408/993
f 1969/2952/1982 3096/1406/991 225/1405/990 3523/2954/1984
f 3927/954/539 1969/2952/1982 3523/2954/1984 591/955/540
f 1970/2955/1985 3928/961/546 593/960/545 3525/2956/1986
f 3097/1410/995 1970/2955/1985 3525/2956/1986 227/1412/997
f 1970/2955/1985 3097/1410/995 226/1408/993 3524/2953/1983
f 3928/961/546 1970/2955/1985 3524/2953/1983 592/953/538
f 1971/2957/1987 3929/967/552 594/966/551 3526/2958/1988
f 3098/1414/999 1971/2957/1987 3526/2958/1988 228/1416/1001
f 1971/2957/1987 3098/1414/999 227/1412/997 3525/2956/1986
f 3929/967/552 1971/2957/1987 3525/2956/1986 593/960/545
f 1972/2959/1989 3930/973/558 595/972/557 3527/2960/1990
f 3099/1420/1005 1972/2959/1989 3527/2960/1990 229/1422/1007
f 1972/2959/1989 3099/1420/1005 228/1416/1001 3526/2958/1988
f 3930/973/558 1972/2959/1989 3526/2958/1988 594/966/551
f 1973/2961/1991 3931/976/561 588/937/522 3520/2949/1979
f 3100/1426/1011 1973/2961/1991 3520/2949/1979 222/1387/972
f 1973/2961/1991 3100/1426/1011 229/1422/1007 3527/2960/1990
f 3931/976/561 1973/2961/1991 3527/2960/1990 595/972/557
f 1974/2962/1992 3932/2109/1551 589/2110/1552 3913/2963/1993
f 2959/2964/1950 1974/2962/1992 3913/2963/1993 149/2965/1951
f 1974/2962/1992 2959/2964/1950 3/2089/74 3443/2088/1538
f 3932/2109/1551 1974/2962/1992 3443/2088/1538 473/2092/1384
f 1975/2966/1994 3933/2098/1542 598/2097/1541 3836/2817/1896
f 3483/2134/1569 1975/2966/1994 3836/2817/1896 549/2135/1570
f 1975/2966/1994 3483/2134/1569 512/2141/1384 3774/2967/1553
f 3933/2098/1542 1975/2966/1994 3774/2967/1553 596/1922/1384
f 1976/2968/1384 3934/2548/1384 596/1922/1384 3774/2967/1553
f 3721/2677/1384 1976/2968/1384 3774/2967/1553 512/2141/1384
f 1976/2968/1384 3721/2677/1384 656/2676/1384 4084/2969/1384
f 3934/2548/1384 1976/2968/1384 4084/2969/1384 671/2550/1384
f 1977/2970/1995 3935/2813/1893 597/2812/1892 3921/2923/1957
f 3817/2944/1975 1977/2970/1995 3921/2923/1957 540/2924/1958
f 1977/2971/1995 3817/2972/1975 149/2965/1951 3913/2963/1993
f 3935/2814/1893 1977/2971/1995 3913/2963/1993 589/2110/1552
f 1978/2973/1996 3936/2819/1897 598/2097/1541 3922/2095/1540
f 3818/2974/1902 1978/2973/1996 3922/2095/1540 542/2096/218
f 1978/2975/1996 3818/2828/1902 541/940/525 3914/939/524
f 3936/2820/1897 1978/2975/1996 3914/939/524 590/946/531
f 1979/2976/1997 3937/2925/1959 597/2812/1892 3835/2810/1891
f 3878/2930/1964 1979/2976/1997 3835/2810/1891 548/2792/1881
f 1979/2976/1997 3878/2930/1964 577/1390/975 3923/2948/1978
f 3937/2925/1959 1979/2976/1997 3923/2948/1978 599/935/520
f 1980/2977/1998 3938/2928/1962 591/955/540 3523/2954/1984
f 3879/2933/1967 1980/2977/1998 3523/2954/1984 225/1405/990
f 1980/2977/1998 3879/2933/1967 578/1399/984 3924/2951/1981
f 3938/2928/1962 1980/2977/1998 3924/2951/1981 600/944/529
f 1981/2978/1999 3940/463/10 575/319/10 3876/317/153
f 2860/2979/2000 1981/2978/1999 3876/317/153 96/318/154
f 1981/2978/1999 2860/2979/2000 609/2980/1522 3970/2981/2001
f 3940/463/10 1981/2978/1999 3970/2981/2001 616/465/10
f 1982/2982/2002 3942/1827/1390 601/1828/1389 2727/2983/2003
f 3445/2984/1518 1982/2982/2002 2727/2983/2003 5/2985/1519
f 1982/2986/2002 3445/2987/1518 475/2988/1524 3738/2989/2004
f 3942/1830/1390 1982/2986/2002 3738/2989/2004 602/1831/1391
f 1983/2990/2005 3943/2991/1807 602/1831/1391 3738/2989/2004
f 3685/2992/2006 1983/2990/2005 3738/2989/2004 475/2988/1524
f 1983/2990/2005 3685/2992/2006 620/2993/2007 4085/2994/2008
f 3943/2991/1807 1983/2990/2005 4085/2994/2008 672/2995/1806
f 1984/2996/2009 3946/2997/2010 603/2998/2011 2776/2999/2012
f 3460/1970/1471 1984/2996/2009 2776/2999/2012 36/1971/1472
f 1984/3000/2009 3460/1979/1471 489/1980/1461 3753/2569/1461
f 3946/3001/2010 1984/3000/2009 3753/2569/1461 604/2575/1461
f 1985/3002/2013 3947/3003/2014 18/489/190 2907/699/294
f 2771/193/10 1985/3002/2013 2907/699/294 121/194/10
f 1985/3002/2013 2771/193/10 1273/200/10 5338/3004/10
f 3947/3003/2014 1985/3002/2013 5338/3004/10 1299/3005/10
f 1986/3006/10 3960/226/10 608/225/10 3951/3007/10
f 2869/420/10 1986/3006/10 3951/3007/10 100/421/10
f 1986/3006/10 2869/420/10 101/386/10 2865/3008/10
f 3960/226/10 1986/3006/10 2865/3008/10 611/227/10
f 1987/3009/2015 3961/3010/2016 606/1962/1469 3949/1960/1467
f 2870/3011/2017 1987/3009/2015 3949/1960/1467 97/1959/1466
f 1987/3009/2015 2870/3011/2017 1280/2463/10 5339/3012/10
f 3961/3010/2016 1987/3009/2015 5339/3012/10 1300/246/10
f 1988/3013/10 3962/288/10 607/287/10 3950/415/10
f 2871/2457/10 1988/3013/10 3950/415/10 98/414/10
f 1988/3013/10 2871/2457/10 100/421/10 3951/3007/10
f 3962/288/10 1988/3013/10 3951/3007/10 608/225/10
f 1989/3014/2018 3963/401/10 613/402/10 2890/3015/2019
f 2829/2046/1513 1989/3014/2018 2890/3015/2019 76/1825/1389
f 1989/3014/2018 2829/2046/1513 9/1857/1408 2726/3016/2020
f 3963/401/10 1989/3014/2018 2726/3016/2020 605/403/10
f 1990/3017/2021 3964/408/10 605/403/10 2726/3016/2020
f 2733/1855/1406 1990/3017/2021 2726/3016/2020 9/1857/1408
f 1990/3017/2021 2733/1855/1406 13/447/170 3955/446/169
f 3964/408/10 1990/3017/2021 3955/446/169 612/409/10
f 1991/3018/2022 3965/416/10 607/287/10 2783/285/142
f 2741/1890/1432 1991/3018/2022 2783/285/142 16/286/143
f 1991/3018/2022 2741/1890/1432 20/242/134 3953/241/133
f 3965/416/10 1991/3018/2022 3953/241/133 610/248/10
f 1992/3019/10 3966/449/10 611/227/10 2865/3008/10
f 2880/384/10 1992/3019/10 2865/3008/10 101/386/10
f 1992/3019/10 2880/384/10 107/385/10 2881/674/10
f 2882/410/10 1992/3019/10 2881/674/10 108/411/10
f 1992/3019/10 2882/410/10 612/409/10 3966/449/10
f 1993/3020/2019 3967/464/10 616/465/10 3959/3021/2019
f 3939/1826/1389 1993/3020/2019 3959/3021/2019 601/1828/1389
f 1993/3020/2019 3939/1826/1389 76/1825/1389 2890/3015/2019
f 3967/464/10 1993/3020/2019 2890/3015/2019 613/402/10
f 1994/3022/2023 3968/1961/1468 606/1962/1469 2777/3023/2024
f 3462/1935/1450 1994/3022/2023 2777/3023/2024 38/1936/1451
f 1994/3024/2023 3462/3025/1450 491/2578/1454 3754/2577/1809
f 3968/1964/1468 1994/3024/2023 3754/2577/1809 614/1965/1461
f 1995/3026/2025 3969/2056/1521 609/2057/1522 2860/3027/2000
f 3475/2066/1528 1995/3026/2025 2860/3027/2000 96/2067/154
f 1995/3026/2025 3475/2066/1528 504/2070/1384 3767/2626/1384
f 3969/2056/1521 1995/3026/2025 3767/2626/1384 615/2058/1384
f 1996/3028/2026 3970/2981/2001 609/2980/1522 3952/3029/1520
f 2727/2983/2003 1996/3028/2026 3952/3029/1520 5/2985/1519
f 1996/3028/2026 2727/2983/2003 601/1828/1389 3959/3021/2019
f 3970/2981/2001 1996/3028/2026 3959/3021/2019 616/465/10
f 1997/3030/2027 4030/2475/1753 621/2476/1754 3975/3031/2028
f 5181/3032/2029 1997/3030/2027 3975/3031/2028 1224/3033/2030
f 1997/3030/2027 5181/3032/2029 1235/3034/2031 3999/3035/2032
f 4030/2475/1753 1997/3030/2027 3999/3035/2032 645/2477/1755
f 1998/3036/2033 4033/3037/1806 646/2622/1806 3711/2620/1807
f 3941/1832/1391 1998/3036/2033 3711/2620/1807 502/1834/1391
f 1998/3036/2033 3941/1832/1391 602/1831/1391 3943/2991/1807
f 4033/3037/1806 1998/3036/2033 3943/2991/1807 672/2995/1806
f 1999/3038/2034 4037/2513/1776 625/2514/1777 3979/3039/2035
f 5182/3040/2036 1999/3038/2034 3979/3039/2035 1226/3041/2037
f 1999/3038/2034 5182/3040/2036 1234/3042/2038 3997/3043/2039
f 4037/2513/1776 1999/3038/2034 3997/3043/2039 643/2515/1778
f 2000/3044/2040 4039/2523/1786 627/2524/1787 3981/3045/2041
f 5183/3046/2042 2000/3044/2040 3981/3045/2041 1227/3047/2043
f 2000/3044/2040 5183/3046/2042 1236/3048/2044 4005/3049/2045
f 4039/2523/1786 2000/3044/2040 4005/3049/2045 651/2525/1788
f 2001/3050/2046 4040/2529/1792 626/2530/1793 3980/3051/2047
f 5232/3052/2048 2001/3050/2046 3980/3051/2047 1253/3053/2049
f 2001/3050/2046 5232/3052/2048 1254/3054/2050 3982/3055/2051
f 4040/2529/1792 2001/3050/2046 3982/3055/2051 628/2531/1794
f 2002/3056/1384 4042/2538/1384 630/2491/1384 3984/3057/1384
f 5184/3058/1384 2002/3056/1384 3984/3057/1384 1229/3059/1384
f 2002/3056/1384 5184/3058/1384 1238/3060/1384 4007/3061/1384
f 4042/2538/1384 2002/3056/1384 4007/3061/1384 653/2539/1384
f 2003/3062/1384 4044/2549/1384 671/2550/1384 4025/3063/1384
f 5255/3064/1384 2003/3062/1384 4025/3063/1384 680/3065/1384
f 2003/3062/1384 5255/3064/1384 1261/3066/1384 3995/3067/1384
f 4044/2549/1384 2003/3062/1384 3995/3067/1384 641/2551/1384
f 2004/3068/1461 4051/2590/1461 637/2591/1461 3991/3069/1461
f 5185/3070/1461 2004/3068/1461 3991/3069/1461 1233/3071/1461
f 2004/3068/1461 5185/3070/1461 1232/3072/1461 3990/3073/1461
f 4051/2590/1461 2004/3068/1461 3990/3073/1461 636/2587/1461
f 2005/3074/1461 4052/2594/1461 638/2595/1461 3992/3075/1461
f 5233/3076/1461 2005/3074/1461 3992/3075/1461 1258/3077/1461
f 2005/3074/1461 5233/3076/1461 1259/3078/1461 3993/3079/1461
f 4052/2594/1461 2005/3074/1461 3993/3079/1461 639/2596/1461
f 2006/3080/1461 4054/2604/1461 640/2605/1461 3994/3081/1461
f 5234/3082/1461 2006/3080/1461 3994/3081/1461 1260/3083/1461
f 2006/3080/1461 5234/3082/1461 1258/3077/1461 3992/3075/1461
f 4054/2604/1461 2006/3080/1461 3992/3075/1461 638/2595/1461
f 2007/3084/1384 4055/2607/1384 641/2551/1384 3995/3067/1384
f 5235/3085/1384 2007/3084/1384 3995/3067/1384 1261/3066/1384
f 2007/3084/1384 5235/3085/1384 1255/3086/1384 3985/3087/1384
f 4055/2607/1384 2007/3084/1384 3985/3087/1384 631/2544/1384
f 2008/3088/2052 4056/2609/1814 643/2515/1778 3997/3043/2039
f 5186/3089/2053 2008/3088/2052 3997/3043/2039 1234/3042/2038
f 2008/3088/2052 5186/3089/2053 1225/3090/2054 3977/3091/2055
f 4056/2609/1814 2008/3088/2052 3977/3091/2055 623/2502/1765
f 2009/3092/2056 4058/2616/1821 645/2477/1755 3999/3035/2032
f 5187/3093/2057 2009/3092/2056 3999/3035/2032 1235/3034/2031
f 2009/3092/2056 5187/3093/2057 1247/3094/2058 5179/3095/2059
f 4058/2616/1821 2009/3092/2056 5179/3095/2059 670/2617/1822
f 2010/3096/2060 4060/2624/1827 647/2519/1782 4001/3097/2061
f 5236/3098/2062 2010/3096/2060 4001/3097/2061 1265/3099/2063
f 2010/3096/2060 5236/3098/2062 1263/3100/2064 3998/3101/2065
f 4060/2624/1827 2010/3096/2060 3998/3101/2065 644/2613/1818
f 2011/3102/1461 4062/2634/1461 649/2635/1461 4003/3103/1461
f 5237/3104/1461 2011/3102/1461 4003/3103/1461 1267/3105/1461
f 2011/3102/1461 5237/3104/1461 1260/3083/1461 3994/3081/1461
f 4062/2634/1461 2011/3102/1461 3994/3081/1461 640/2605/1461
f 2012/3106/1461 4070/2661/1461 669/2655/1461 4023/3107/1461
f 4011/3108/1461 2012/3106/1461 4023/3107/1461 679/3109/1461
f 2012/3106/1461 4011/3108/1461 657/2662/1461 4070/2661/1461
f 2013/3110/1384 4071/2666/1384 659/2667/1384 4013/3111/1384
f 5188/3112/1384 2013/3110/1384 4013/3111/1384 1241/3113/1384
f 2013/3110/1384 5188/3112/1384 1243/3114/1384 4017/3115/1384
f 4071/2666/1384 2013/3110/1384 4017/3115/1384 663/2668/1384
f 2014/3116/1461 4074/2680/1461 661/2681/1461 4015/3117/1461
f 4020/3118/1461 2014/3116/1461 4015/3117/1461 677/3119/1461
f 2014/3116/1461 4020/3118/1461 666/2682/1461 4074/2680/1461
f 2015/3120/1461 4075/2685/1461 657/2662/1461 4011/3108/1461
f 4093/3121/1461 2015/3120/1461 4011/3108/1461 679/3109/1461
f 2015/3120/1461 4093/3121/1461 677/3119/1461 4015/3117/1461
f 4075/2685/1461 2015/3120/1461 4015/3117/1461 661/2681/1461
f 2016/3122/1461 4076/2688/1461 662/2689/1461 4016/3123/1461
f 5091/3124/1461 2016/3122/1461 4016/3123/1461 678/3125/1461
f 2016/3122/1461 5091/3124/1461 676/3126/1461 4012/3127/1461
f 4076/2688/1461 2016/3122/1461 4012/3127/1461 658/2690/1461
f 2017/3128/1384 4077/2693/1384 663/2668/1384 4017/3115/1384
f 5189/3129/1384 2017/3128/1384 4017/3115/1384 1243/3114/1384
f 2017/3128/1384 5189/3129/1384 1244/3130/1384 4018/3131/1384
f 4077/2693/1384 2017/3128/1384 4018/3131/1384 664/2694/1384
f 2018/3132/1461 4080/2701/1461 666/2682/1461 4020/3118/1461
f 4094/3133/1461 2018/3132/1461 4020/3118/1461 677/3119/1461
f 2018/3132/1461 4094/3133/1461 678/3125/1461 4021/3134/1461
f 4080/2701/1461 2018/3132/1461 4021/3134/1461 667/2702/1461
f 2019/3135/1461 4081/2705/1461 667/2702/1461 4021/3134/1461
f 4016/3123/1461 2019/3135/1461 4021/3134/1461 678/3125/1461
f 2019/3135/1461 4016/3123/1461 662/2689/1461 4081/2705/1461
f 2020/3136/1461 4082/2708/1461 658/2690/1461 4012/3127/1461
f 4008/3137/1461 2020/3136/1461 4012/3127/1461 676/3126/1461
f 2020/3136/1461 4008/3137/1461 654/2643/1461 4082/2708/1461
f 2021/3138/2066 4083/3139/2067 617/3140/1761 3682/3141/1759
f 3886/2043/1510 2021/3138/2066 3682/3141/1759 471/2044/1511
f 2021/3138/2066 3886/2043/1510 585/2042/1509 4024/2618/1823
f 4083/3139/2067 2021/3138/2066 4024/2618/1823 670/2617/1822
f 2022/3142/1384 5207/3143/1384 1240/3144/1384 5172/3145/1384
f 5073/3146/1384 2022/3142/1384 5172/3145/1384 1185/3147/1384
f 2022/3142/1384 5073/3146/1384 1158/3148/1384 5088/3149/1384
f 5207/3143/1384 2022/3142/1384 5088/3149/1384 680/3065/1384
f 2023/3150/2068 4086/3151/2069 633/3152/1800 3698/3153/1798
f 5376/1954/1462 2023/3150/2068 3698/3153/1798 488/1956/1463
f 2023/3150/2068 5376/1954/1462 1338/1953/1461 5411/3154/1461
f 4086/3151/2069 2023/3150/2068 5411/3154/1461 1340/3155/1461
f 2024/3156/1461 4087/3157/1461 649/2635/1461 3714/2633/1461
f 3957/1966/1461 2024/3156/1461 3714/2633/1461 505/1968/1461
f 2024/3156/1461 3957/1966/1461 614/1965/1461 4028/2583/1461
f 4087/3157/1461 2024/3156/1461 4028/2583/1461 674/2582/1461
f 2025/3158/2070 4088/3159/2071 620/3160/2007 3685/3161/2006
f 3958/2059/1523 2025/3158/2070 3685/3161/2006 475/2060/1524
f 2025/3158/2070 3958/2059/1523 615/2058/1384 4029/2631/1384
f 4088/3159/2071 2025/3158/2070 4029/2631/1384 675/2630/1384
f 2026/3162/2072 3987/3163/2073 633/3152/1800 4086/3151/2069
f 5412/3164/1461 2026/3162/2072 4086/3151/2069 1340/3155/1461
f 2026/3162/2072 5412/3164/1461 1356/3165/1461 5394/3166/2074
f 3987/3163/2073 2026/3162/2072 5394/3166/2074 1230/3167/2075
f 2027/3168/1461 4003/3103/1461 649/2635/1461 4087/3157/1461
f 5230/3169/1461 2027/3168/1461 4087/3157/1461 674/2582/1461
f 2027/3168/1461 5230/3169/1461 1270/3170/1461 5238/3171/1461
f 4003/3103/1461 2027/3168/1461 5238/3171/1461 1267/3105/1461
f 2028/3172/2076 4095/3173/2077 681/3174/2078 4098/3175/2079
f 5413/3176/2080 2028/3172/2076 4098/3175/2079 1342/3177/2081
f 2028/3172/2076 5413/3176/2080 1341/3178/2082 5379/3179/2083
f 4095/3173/2077 2028/3172/2076 5379/3179/2083 682/3180/2084
f 2029/3181/2085 4099/3182/2085 685/3183/2085 4102/3184/2085
f 4101/3185/2085 2029/3181/2085 4102/3184/2085 688/3186/2085
f 2029/3181/2085 4101/3185/2085 687/3187/2085 4100/3188/2085
f 4099/3182/2085 2029/3181/2085 4100/3188/2085 686/3189/2085
f 2030/3190/2086 4103/3191/2087 689/3192/2088 4106/3193/2089
f 4105/3194/2090 2030/3190/2086 4106/3193/2089 692/3195/2091
f 2030/3190/2086 4105/3194/2090 691/3196/2092 4104/3197/2093
f 4103/3191/2087 2030/3190/2086 4104/3197/2093 690/3198/2094
f 2031/3199/2095 4107/3200/2096 693/3201/2097 4110/3202/2098
f 4109/3203/2099 2031/3199/2095 4110/3202/2098 696/3204/2100
f 2031/3199/2095 4109/3203/2099 695/3205/2101 4108/3206/2102
f 4107/3200/2096 2031/3199/2095 4108/3206/2102 694/3207/2103
f 2032/3208/2104 4111/3209/2105 697/3210/2106 4113/3211/2107
f 5414/3212/2108 2032/3208/2104 4113/3211/2107 1343/3213/2109
f 2032/3208/2104 5414/3212/2108 1342/3177/2081 4098/3175/2079
f 4111/3209/2105 2032/3208/2104 4098/3175/2079 681/3174/2078
f 2033/3214/2110 4114/3215/2111 699/3216/2112 5383/3217/2113
f 5415/3218/2114 2033/3214/2110 5383/3217/2113 1345/3219/2115
f 2033/3214/2110 5415/3218/2114 1344/3220/2116 4115/3221/2117
f 4114/3215/2111 2033/3214/2110 4115/3221/2117 700/3222/2118
f 2034/3223/2119 4117/3224/2120 850/3225/2121 4120/3226/2122
f 4119/3227/2123 2034/3223/2119 4120/3226/2122 1221/3228/2124
f 2034/3223/2119 4119/3227/2123 703/3229/2125 4118/3230/2126
f 4117/3224/2120 2034/3223/2119 4118/3230/2126 702/3231/2127
f 2035/3232/2128 4121/3233/2128 704/3234/2085 4124/3235/2128
f 4123/3236/2085 2035/3232/2128 4124/3235/2128 707/3237/2085
f 2035/3232/2128 4123/3236/2085 706/3238/2085 4122/3239/2085
f 4121/3233/2128 2035/3232/2128 4122/3239/2085 705/3240/2128
f 2036/3241/2129 4125/3242/2130 708/3243/2131 4128/3244/2132
f 4127/3245/2085 2036/3241/2129 4128/3244/2132 711/3246/2085
f 2036/3241/2129 4127/3245/2085 710/3247/2085 4126/3248/2133
f 4125/3242/2130 2036/3241/2129 4126/3248/2133 709/3249/2134
f 2037/3250/2135 4129/3251/2136 684/3252/2137 4112/3253/2138
f 4131/3254/2139 2037/3250/2135 4112/3253/2138 698/3255/2140
f 2037/3250/2135 4131/3254/2139 712/3256/2085 4130/3257/2141
f 4129/3251/2136 2037/3250/2135 4130/3257/2141 685/3183/2085
f 2038/3258/2142 4132/3259/2143 713/3260/2144 4135/3261/2145
f 4134/3262/2146 2038/3258/2142 4135/3261/2145 716/3263/2147
f 2038/3258/2142 4134/3262/2146 715/3264/2148 4133/3265/2149
f 4132/3259/2143 2038/3258/2142 4133/3265/2149 714/3266/2150
f 2039/3267/2151 4136/3268/2152 717/3269/2153 4139/3270/2154
f 4138/3271/2085 2039/3267/2151 4139/3270/2154 720/3272/2155
f 2039/3267/2151 4138/3271/2085 719/3273/2155 4137/3274/2156
f 4136/3268/2152 2039/3267/2151 4137/3274/2156 718/3275/2157
f 2040/3276/2158 4140/3277/2159 721/3278/2160 4143/3279/2161
f 4142/3280/2162 2040/3276/2158 4143/3279/2161 724/3281/2163
f 2040/3276/2158 4142/3280/2162 723/3282/2164 4141/3283/2165
f 4140/3277/2159 2040/3276/2158 4141/3283/2165 722/3284/2166
f 2041/3285/2167 4144/3286/2168 725/3287/2169 4147/3288/2170
f 4146/3289/2171 2041/3285/2167 4147/3288/2170 728/3290/2141
f 2041/3285/2167 4146/3289/2171 727/3291/2172 4145/3292/2173
f 4144/3286/2168 2041/3285/2167 4145/3292/2173 726/3293/2174
f 2042/3294/2085 4148/3295/2085 729/3296/2085 4151/3297/2085
f 4150/3298/2085 2042/3294/2085 4151/3297/2085 732/3299/2085
f 2042/3294/2085 4150/3298/2085 731/3300/2085 4149/3301/2175
f 4148/3295/2085 2042/3294/2085 4149/3301/2175 730/3302/2082
f 2043/3303/2176 5116/3304/2177 733/3305/2178 4155/3306/2179
f 4154/3307/2085 2043/3303/2176 4155/3306/2179 736/3308/2180
f 2043/3303/2176 4154/3307/2085 1205/3309/2085 5123/3310/2181
f 5116/3304/2177 2043/3303/2176 5123/3310/2181 1204/3311/2182
f 2044/3312/2085 4422/3313/2085 737/3314/2085 4423/3315/2085
f 4200/3316/2085 2044/3312/2085 4423/3315/2085 776/3317/2085
f 2044/3312/2085 4200/3316/2085 774/3318/2085 4251/3319/2085
f 4422/3313/2085 2044/3312/2085 4251/3319/2085 809/3320/2085
f 2045/3321/2183 4156/3322/2184 726/3293/2174 4145/3292/2173
f 4158/3323/2185 2045/3321/2183 4145/3292/2173 727/3291/2172
f 2045/3321/2183 4158/3323/2185 739/3324/2186 4157/3325/2187
f 4156/3322/2184 2045/3321/2183 4157/3325/2187 738/3326/2188
f 2046/3327/2189 4159/3328/2190 740/3329/2191 4162/3330/2192
f 4161/3331/2193 2046/3327/2189 4162/3330/2192 743/3332/2194
f 2046/3327/2189 4161/3331/2193 742/3333/2195 4160/3334/2196
f 4159/3328/2190 2046/3327/2189 4160/3334/2196 741/3335/2197
f 2047/3336/2198 4163/3337/2199 744/3338/2200 4166/3339/2201
f 4165/3340/2202 2047/3336/2198 4166/3339/2201 747/3341/2203
f 2047/3336/2198 4165/3340/2202 746/3342/2204 4164/3343/2205
f 4163/3337/2199 2047/3336/2198 4164/3343/2205 745/3344/2206
f 2048/3345/2207 4167/3346/2208 748/3347/2209 4170/3348/2210
f 5340/3349/2211 2048/3345/2207 4170/3348/2210 1304/3350/2212
f 2048/3345/2207 5340/3349/2211 1359/3351/2213 5416/3352/2214
f 4167/3346/2208 2048/3345/2207 5416/3352/2214 1346/3353/2215
f 2049/3354/2216 4171/3355/2217 752/3356/2218 5290/3357/2219
f 5341/3358/2220 2049/3354/2216 5290/3357/2219 1306/3359/2221
f 2049/3354/2216 5341/3358/2220 1305/3360/2222 4172/3361/2223
f 4171/3355/2217 2049/3354/2216 4172/3361/2223 753/3362/2224
f 2050/3363/2141 4177/3364/2225 758/3365/2226 4180/3366/2227
f 4179/3367/2155 2050/3363/2141 4180/3366/2227 761/3368/2155
f 2050/3363/2141 4179/3367/2155 760/3369/2155 4178/3370/2085
f 4177/3364/2225 2050/3363/2141 4178/3370/2085 759/3371/2085
f 2051/3372/2228 4181/3373/2229 762/3374/2230 4184/3375/2231
f 4183/3376/2232 2051/3372/2228 4184/3375/2231 765/3377/2233
f 2051/3372/2228 4183/3376/2232 764/3378/2234 4182/3379/2235
f 4181/3373/2229 2051/3372/2228 4182/3379/2235 763/3380/2236
f 2052/3381/2141 4185/3382/2085 731/3300/2085 4150/3298/2085
f 4186/3383/2085 2052/3381/2141 4150/3298/2085 732/3299/2085
f 2052/3381/2141 4186/3383/2085 761/3368/2155 4180/3366/2227
f 4185/3382/2085 2052/3381/2141 4180/3366/2227 758/3365/2226
f 2053/3384/2155 4187/3385/2085 766/3386/2085 4190/3387/2085
f 4189/3388/2155 2053/3384/2155 4190/3387/2085 769/3389/2085
f 2053/3384/2155 4189/3388/2155 768/3390/2085 4188/3391/2085
f 4187/3385/2085 2053/3384/2155 4188/3391/2085 767/3392/2085
f 2054/3393/2237 5292/3394/2238 770/3395/2239 4194/3396/2240
f 4193/3397/2241 2054/3393/2237 4194/3396/2240 773/3398/2242
f 2054/3393/2237 4193/3397/2241 1309/3399/2243 5342/3400/2244
f 5292/3394/2238 2054/3393/2237 5342/3400/2244 1308/3401/2245
f 2055/3402/2246 4195/3403/2247 734/3404/2248 4153/3405/2249
f 4196/3406/2141 2055/3402/2246 4153/3405/2249 735/3407/2250
f 2055/3402/2246 4196/3406/2141 728/3290/2141 4147/3288/2170
f 4195/3403/2247 2055/3402/2246 4147/3288/2170 725/3287/2169
f 2056/3408/2085 4197/3409/2082 774/3318/2085 4200/3316/2085
f 4199/3410/2141 2056/3408/2085 4200/3316/2085 776/3317/2085
f 2056/3408/2085 4199/3410/2141 767/3392/2085 4198/3411/2226
f 4197/3409/2082 2056/3408/2085 4198/3411/2226 775/3412/2251
f 2057/3413/2085 4201/3414/2085 1218/3415/2085 4203/3416/2085
f 4202/3417/2085 2057/3413/2085 4203/3416/2085 756/3418/2085
f 2057/3413/2085 4202/3417/2085 732/3299/2085 4151/3297/2085
f 4201/3414/2085 2057/3413/2085 4151/3297/2085 729/3296/2085
f 2058/3419/2085 4202/3417/2085 756/3418/2085 5291/3420/2155
f 5343/3421/2085 2058/3419/2085 5291/3420/2155 1307/3422/2141
f 2058/3419/2085 5343/3421/2085 1310/3423/2155 5294/3424/2085
f 4202/3417/2085 2058/3419/2085 5294/3424/2085 732/3299/2085
f 2059/3425/2085 4206/3426/2085 778/3427/2085 4208/3428/2085
f 4207/3429/2085 2059/3425/2085 4208/3428/2085 780/3430/2085
f 2059/3425/2085 4207/3429/2085 779/3431/2085 5144/3432/2085
f 4206/3426/2085 2059/3425/2085 5144/3432/2085 1218/3415/2085
f 2060/3433/2128 4209/3434/2085 781/3435/2155 4211/3436/2085
f 4189/3388/2155 2060/3433/2128 4211/3436/2085 768/3390/2085
f 2060/3433/2128 4189/3388/2155 769/3389/2085 4210/3437/2141
f 4209/3434/2085 2060/3433/2128 4210/3437/2141 782/3438/2252
f 2061/3439/2253 4212/3440/2254 763/3380/2236 4182/3379/2235
f 4214/3441/2255 2061/3439/2253 4182/3379/2235 764/3378/2234
f 2061/3439/2253 4214/3441/2255 784/3442/2256 4213/3443/2257
f 4212/3440/2254 2061/3439/2253 4213/3443/2257 783/3444/2258
f 2062/3445/2226 4198/3411/2226 767/3392/2085 4188/3391/2085
f 4216/3446/2259 2062/3445/2226 4188/3391/2085 768/3390/2085
f 2062/3445/2226 4216/3446/2259 785/3447/2260 4215/3448/2261
f 4198/3411/2226 2062/3445/2226 4215/3448/2261 775/3412/2251
f 2063/3449/2085 4217/3450/2085 1217/3451/2085 4219/3452/2085
f 4207/3429/2085 2063/3449/2085 4219/3452/2085 779/3431/2085
f 2063/3449/2085 4207/3429/2085 780/3430/2085 4218/3453/2155
f 4217/3450/2085 2063/3449/2085 4218/3453/2155 786/3454/2085
f 2064/3455/2085 4220/3456/2085 778/3427/2085 4221/3457/2085
f 4187/3385/2085 2064/3455/2085 4221/3457/2085 766/3386/2085
f 2064/3455/2085 4187/3385/2085 767/3392/2085 4199/3410/2141
f 4220/3456/2085 2064/3455/2085 4199/3410/2141 776/3317/2085
f 2065/3458/2262 4222/3459/2263 682/3180/2084 5379/3179/2083
f 5417/3460/2082 2065/3458/2262 5379/3179/2083 1341/3178/2082
f 2065/3458/2262 5417/3460/2082 1348/3461/2082 5386/3462/2262
f 4222/3459/2263 2065/3458/2262 5386/3462/2262 787/3463/2084
f 2066/3464/2155 4225/3465/2085 686/3189/2085 4100/3188/2085
f 4227/3466/2155 2066/3464/2155 4100/3188/2085 687/3187/2085
f 2066/3464/2155 4227/3466/2155 788/3467/2141 4226/3468/2141
f 4225/3465/2085 2066/3464/2155 4226/3468/2141 710/3247/2085
f 2067/3469/2264 4228/3470/2265 789/3471/2266 4231/3472/2267
f 4230/3473/2268 2067/3469/2264 4231/3472/2267 792/3474/2269
f 2067/3469/2264 4230/3473/2268 791/3475/2270 4229/3476/2271
f 4228/3470/2265 2067/3469/2264 4229/3476/2271 790/3477/2272
f 2068/3478/2273 4099/3182/2085 686/3189/2085 4232/3479/2085
f 4097/3480/2274 2068/3478/2273 4232/3479/2085 683/3481/2250
f 2068/3478/2273 4097/3480/2274 684/3252/2137 4129/3251/2136
f 4099/3182/2085 2068/3478/2273 4129/3251/2136 685/3183/2085
f 2069/3482/2085 4233/3483/2085 793/3484/2250 4236/3485/2250
f 4235/3486/2085 2069/3482/2085 4236/3485/2250 796/3487/2085
f 2069/3482/2085 4235/3486/2085 795/3488/2085 4234/3489/2141
f 4233/3483/2085 2069/3482/2085 4234/3489/2141 794/3490/2082
f 2070/3491/2082 4237/3492/2275 797/3493/2275 5119/3494/2085
f 5124/3495/2085 2070/3491/2082 5119/3494/2085 1207/3496/2085
f 2070/3491/2082 5124/3495/2085 1206/3497/2085 4238/3498/2141
f 4237/3492/2275 2070/3491/2082 4238/3498/2141 798/3499/2128
f 2071/3500/2276 4241/3501/2277 801/3502/2278 4243/3503/2279
f 4242/3504/2280 2071/3500/2276 4243/3503/2279 802/3505/2281
f 2071/3500/2276 4242/3504/2280 740/3329/2191 4159/3328/2190
f 4241/3501/2277 2071/3500/2276 4159/3328/2190 741/3335/2197
f 2072/3506/2282 4244/3507/2283 803/3508/2284 4247/3509/2285
f 4246/3510/2286 2072/3506/2282 4247/3509/2285 806/3511/2287
f 2072/3506/2282 4246/3510/2286 805/3512/2288 4245/3513/2289
f 4244/3507/2283 2072/3506/2282 4245/3513/2289 804/3514/2290
f 2073/3515/2291 4248/3516/2291 807/3517/2292 4249/3518/2293
f 4216/3446/2259 2073/3515/2291 4249/3518/2293 785/3447/2260
f 2073/3515/2291 4216/3446/2259 768/3390/2085 4211/3436/2085
f 4248/3516/2291 2073/3515/2291 4211/3436/2085 781/3435/2155
f 2074/3519/2085 4250/3520/2085 808/3521/2085 4253/3522/2252
f 4252/3523/2085 2074/3519/2085 4253/3522/2252 810/3524/2252
f 2074/3519/2085 4252/3523/2085 809/3320/2085 4251/3319/2085
f 4250/3520/2085 2074/3519/2085 4251/3319/2085 774/3318/2085
f 2075/3525/2294 4254/3526/2085 809/3320/2085 4252/3523/2085
f 4256/3527/2128 2075/3525/2294 4252/3523/2085 810/3524/2252
f 2075/3525/2294 4256/3527/2128 798/3499/2128 4255/3528/2085
f 4254/3526/2085 2075/3525/2294 4255/3528/2085 811/3529/2085
f 2076/3530/2243 4250/3520/2085 774/3318/2085 4197/3409/2082
f 4258/3531/2295 2076/3530/2243 4197/3409/2082 775/3412/2251
f 2076/3530/2243 4258/3531/2295 812/3532/2296 4257/3533/2297
f 4250/3520/2085 2076/3530/2243 4257/3533/2297 808/3521/2085
f 2077/3534/2298 4259/3535/2299 813/3536/2300 4262/3537/2301
f 4261/3538/2302 2077/3534/2298 4262/3537/2301 816/3539/2303
f 2077/3534/2298 4261/3538/2302 815/3540/2304 4260/3541/2305
f 4259/3535/2299 2077/3534/2298 4260/3541/2305 814/3542/2306
f 2078/3543/2307 4266/3544/2308 820/3545/2309 4269/3546/2310
f 4268/3547/2311 2078/3543/2307 4269/3546/2310 823/3548/2312
f 2078/3543/2307 4268/3547/2311 822/3549/2313 4267/3550/2314
f 4266/3544/2308 2078/3543/2307 4267/3550/2314 821/3551/2315
f 2079/3552/2316 4268/3547/2311 823/3548/2312 4272/3553/2317
f 4271/3554/2318 2079/3552/2316 4272/3553/2317 825/3555/2319
f 2079/3552/2316 4271/3554/2318 824/3556/2320 4270/3557/2321
f 4268/3547/2311 2079/3552/2316 4270/3557/2321 822/3549/2313
f 2080/3558/2322 4273/3559/2323 826/3560/2324 4276/3561/2325
f 4275/3562/2326 2080/3558/2322 4276/3561/2325 827/3563/2327
f 2080/3558/2322 4275/3562/2326 773/3398/2242 4274/3564/2328
f 4273/3559/2323 2080/3558/2322 4274/3564/2328 784/3442/2256
f 2081/3565/2329 4277/3566/2330 828/3567/2331 4279/3568/2332
f 4261/3538/2302 2081/3565/2329 4279/3568/2332 815/3540/2304
f 2081/3565/2329 4261/3538/2302 816/3539/2303 4278/3569/2291
f 4277/3566/2330 2081/3565/2329 4278/3569/2291 829/3570/2085
f 2082/3571/2155 4178/3370/2085 760/3369/2155 4281/3572/2250
f 4124/3235/2128 2082/3571/2155 4281/3572/2250 707/3237/2085
f 2082/3571/2155 4124/3235/2128 704/3234/2085 4280/3573/2333
f 4178/3370/2085 2082/3571/2155 4280/3573/2333 759/3371/2085
f 2083/3574/2085 4282/3575/2141 830/3576/2085 4284/3577/2085
f 4283/3578/2085 2083/3574/2085 4284/3577/2085 829/3570/2085
f 2083/3574/2085 4283/3578/2085 781/3435/2155 4209/3434/2085
f 4282/3575/2141 2083/3574/2085 4209/3434/2085 782/3438/2252
f 2084/3579/2291 4283/3578/2085 829/3570/2085 4278/3569/2291
f 4285/3580/2334 2084/3579/2291 4278/3569/2291 816/3539/2303
f 2084/3579/2291 4285/3580/2334 807/3517/2292 4248/3516/2291
f 4283/3578/2085 2084/3579/2291 4248/3516/2291 781/3435/2155
f 2085/3581/2335 4285/3580/2334 816/3539/2303 4262/3537/2301
f 4287/3582/2336 2085/3581/2335 4262/3537/2301 813/3536/2300
f 2085/3581/2335 4287/3582/2336 831/3583/2337 4286/3584/2338
f 4285/3580/2334 2085/3581/2335 4286/3584/2338 807/3517/2292
f 2086/3585/2339 4288/3586/2340 832/3587/2341 4291/3588/2342
f 4290/3589/2343 2086/3585/2339 4291/3588/2342 792/3474/2269
f 2086/3585/2339 4290/3589/2343 739/3324/2186 4289/3590/2344
f 4288/3586/2340 2086/3585/2339 4289/3590/2344 801/3502/2278
f 2087/3591/2345 4292/3592/2346 833/3593/2347 4294/3594/2348
f 4293/3595/2349 2087/3591/2345 4294/3594/2348 824/3556/2320
f 2087/3591/2345 4293/3595/2349 765/3377/2233 4184/3375/2231
f 4292/3592/2346 2087/3591/2345 4184/3375/2231 762/3374/2230
f 2088/3596/2350 4295/3597/2351 834/3598/2352 4296/3599/2353
f 4249/3518/2293 2088/3596/2350 4296/3599/2353 785/3447/2260
f 2088/3596/2350 4249/3518/2293 807/3517/2292 4286/3584/2338
f 4295/3597/2351 2088/3596/2350 4286/3584/2338 831/3583/2337
f 2089/3600/2354 4215/3448/2261 785/3447/2260 4296/3599/2353
f 4297/3601/2355 2089/3600/2354 4296/3599/2353 834/3598/2352
f 2089/3600/2354 4297/3601/2355 812/3532/2296 4258/3531/2295
f 4215/3448/2261 2089/3600/2354 4258/3531/2295 775/3412/2251
f 2090/3602/2356 4298/3603/2357 812/3532/2296 4297/3601/2355
f 4299/3604/2358 2090/3602/2356 4297/3601/2355 834/3598/2352
f 2090/3602/2356 4299/3604/2358 742/3333/2195 4161/3331/2193
f 4298/3603/2357 2090/3602/2356 4161/3331/2193 743/3332/2194
f 2091/3605/2359 4300/3606/2360 820/3545/2309 4266/3544/2308
f 4303/3607/2361 2091/3605/2359 4266/3544/2308 821/3551/2315
f 2091/3605/2359 4303/3607/2361 836/3608/2362 4302/3609/2363
f 4301/3610/2364 2091/3605/2359 4302/3609/2363 791/3475/2270
f 2091/3605/2359 4301/3610/2364 835/3611/2365 4300/3606/2360
f 2092/3612/2366 5150/3613/2367 701/3614/2368 4116/3615/2369
f 5418/3616/2370 2092/3612/2366 4116/3615/2369 1345/3219/2115
f 2092/3612/2366 5418/3616/2370 1349/3617/2371 5387/3618/2372
f 5150/3613/2367 2092/3612/2366 5387/3618/2372 837/3619/2373
f 2093/3620/2374 5382/3621/2375 716/3263/2147 4135/3261/2145
f 5388/3622/2376 2093/3620/2374 4135/3261/2145 713/3260/2144
f 2093/3620/2374 5388/3622/2376 1350/3623/2377 5419/3624/2378
f 5382/3621/2375 2093/3620/2374 5419/3624/2378 1344/3220/2116
f 2094/3625/2379 5133/3626/2380 850/3225/2121 4117/3224/2120
f 4309/3627/2381 2094/3625/2379 4117/3224/2120 702/3231/2127
f 2094/3625/2379 4309/3627/2381 840/3628/2382 5131/3629/2383
f 5133/3626/2380 2094/3625/2379 5131/3629/2383 1211/3630/2384
f 2095/3631/2385 4310/3632/2386 837/3619/2373 5387/3618/2372
f 5420/3633/2387 2095/3631/2385 5387/3618/2372 1349/3617/2371
f 2095/3631/2385 5420/3633/2387 1346/3353/2215 5384/3634/2388
f 4310/3632/2386 2095/3631/2385 5384/3634/2388 749/3635/2389
f 2096/3636/2390 4312/3637/2391 753/3362/2224 4172/3361/2223
f 5344/3638/2392 2096/3636/2390 4172/3361/2223 1305/3360/2222
f 2096/3636/2390 5344/3638/2392 1311/3639/2393 5295/3640/2394
f 4312/3637/2391 2096/3636/2390 5295/3640/2394 841/3641/2395
f 2097/3642/2085 4234/3489/2141 795/3488/2085 4317/3643/2085
f 4316/3644/2085 2097/3642/2085 4317/3643/2085 843/3645/2128
f 2097/3642/2085 4316/3644/2085 818/3646/2155 4315/3647/2085
f 4234/3489/2141 2097/3642/2085 4315/3647/2085 794/3490/2082
f 2098/3648/2141 4318/3649/2085 688/3186/2085 4102/3184/2085
f 4130/3257/2141 2098/3648/2141 4102/3184/2085 685/3183/2085
f 2098/3648/2141 4130/3257/2141 712/3256/2085 4319/3650/2085
f 4318/3649/2085 2098/3648/2141 4319/3650/2085 844/3651/2085
f 2099/3652/2396 4320/3653/2397 703/3229/2125 4119/3227/2123
f 4321/3654/2398 2099/3652/2396 4119/3227/2123 1221/3228/2124
f 2099/3652/2396 4321/3654/2398 1214/3655/2399 5137/3656/2400
f 4320/3653/2397 2099/3652/2396 5137/3656/2400 845/3657/2401
f 2100/3658/2085 4284/3577/2085 830/3576/2085 4323/3659/2085
f 4122/3239/2085 2100/3658/2085 4323/3659/2085 705/3240/2128
f 2100/3658/2085 4122/3239/2085 706/3238/2085 4322/3660/2085
f 4284/3577/2085 2100/3658/2085 4322/3660/2085 829/3570/2085
f 2101/3661/2085 4327/3662/2250 1217/3451/2085 4217/3450/2085
f 4329/3663/2085 2101/3661/2085 4217/3450/2085 786/3454/2085
f 2101/3661/2085 4329/3663/2085 848/3664/2085 4328/3665/2128
f 4327/3662/2250 2101/3661/2085 4328/3665/2128 847/3666/2128
f 2102/3667/2402 5136/3668/2403 1214/3655/2399 4321/3654/2398
f 4332/3669/2404 2102/3667/2402 4321/3654/2398 1221/3228/2124
f 2102/3667/2402 4332/3669/2404 1213/3670/2405 5136/3668/2403
f 2103/3671/2406 4609/3672/2333 845/3657/2401 5137/3656/2400
f 5139/3673/2333 2103/3671/2406 5137/3656/2400 1214/3655/2399
f 2103/3671/2406 5139/3673/2333 1215/3674/2085 4609/3672/2333
f 2104/3675/2407 4334/3676/2408 851/3677/2409 4335/3678/2410
f 5345/3679/2411 2104/3675/2407 4335/3678/2410 1312/3680/2085
f 2104/3675/2407 5345/3679/2411 1311/3639/2393 4313/3681/2412
f 4334/3676/2408 2104/3675/2407 4313/3681/2412 842/3682/2413
f 2105/3683/2085 4318/3649/2085 844/3651/2085 4340/3684/2250
f 4339/3685/2085 2105/3683/2085 4340/3684/2250 853/3686/2085
f 2105/3683/2085 4339/3685/2085 795/3488/2085 4338/3687/2085
f 4318/3649/2085 2105/3683/2085 4338/3687/2085 688/3186/2085
f 2106/3688/2085 4338/3687/2085 795/3488/2085 4235/3486/2085
f 4341/3689/2085 2106/3688/2085 4235/3486/2085 796/3487/2085
f 2106/3688/2085 4341/3689/2085 687/3187/2085 4101/3185/2085
f 4338/3687/2085 2106/3688/2085 4101/3185/2085 688/3186/2085
f 2107/3690/2155 4341/3689/2085 796/3487/2085 4343/3691/2085
f 4342/3692/2085 2107/3690/2155 4343/3691/2085 720/3272/2155
f 2107/3690/2155 4342/3692/2085 788/3467/2141 4227/3466/2155
f 4341/3689/2085 2107/3690/2155 4227/3466/2155 687/3187/2085
f 2108/3693/2250 4344/3694/2085 854/3695/2085 4346/3696/2085
f 4345/3697/2085 2108/3693/2250 4346/3696/2085 855/3698/2227
f 2108/3693/2250 4345/3697/2085 848/3664/2085 4329/3663/2085
f 4344/3694/2085 2108/3693/2250 4329/3663/2085 786/3454/2085
f 2109/3699/2085 4339/3685/2085 853/3686/2085 4348/3700/2226
f 4347/3701/2085 2109/3699/2085 4348/3700/2226 856/3702/2085
f 2109/3699/2085 4347/3701/2085 843/3645/2128 4317/3643/2085
f 4339/3685/2085 2109/3699/2085 4317/3643/2085 795/3488/2085
f 2110/3703/2085 4349/3704/2275 819/3705/2155 5120/3706/2085
f 5125/3707/2085 2110/3703/2085 5120/3706/2085 1208/3708/2085
f 2110/3703/2085 5125/3707/2085 1206/3497/2085 5118/3709/2085
f 4349/3704/2275 2110/3703/2085 5118/3709/2085 799/3710/2155
f 2111/3711/2414 4350/3712/2128 793/3484/2250 4353/3713/2415
f 4352/3714/2416 2111/3711/2414 4353/3713/2415 858/3715/2417
f 2111/3711/2414 4352/3714/2416 857/3716/2418 4351/3717/2419
f 4350/3712/2128 2111/3711/2414 4351/3717/2419 719/3273/2155
f 2112/3718/2420 4155/3306/2179 733/3305/2178 4356/3719/2421
f 4355/3720/2422 2112/3718/2420 4356/3719/2421 860/3721/2423
f 2112/3718/2420 4355/3720/2422 859/3722/2424 4354/3723/2425
f 4155/3306/2179 2112/3718/2420 4354/3723/2425 736/3308/2180
f 2113/3724/2426 4239/3725/2155 800/3726/2082 4359/3727/2427
f 4358/3728/2428 2113/3724/2426 4359/3727/2427 862/3729/2429
f 2113/3724/2426 4358/3728/2428 861/3730/2430 4357/3731/2431
f 4239/3725/2155 2113/3724/2426 4357/3731/2431 799/3710/2155
f 2114/3732/2432 4349/3704/2275 799/3710/2155 4357/3731/2431
f 4361/3733/2433 2114/3732/2432 4357/3731/2431 861/3730/2430
f 2114/3732/2432 4361/3733/2433 863/3734/2434 4360/3735/2435
f 4349/3704/2275 2114/3732/2432 4360/3735/2435 819/3705/2155
f 2115/3736/2436 4264/3737/2085 819/3705/2155 4360/3735/2435
f 4363/3738/2437 2115/3736/2436 4360/3735/2435 863/3734/2434
f 2115/3736/2436 4363/3738/2437 864/3739/2438 4362/3740/2439
f 4264/3737/2085 2115/3736/2436 4362/3740/2439 818/3646/2155
f 2116/3741/2440 4315/3647/2085 818/3646/2155 4362/3740/2439
f 4365/3742/2441 2116/3741/2440 4362/3740/2439 864/3739/2438
f 2116/3741/2440 4365/3742/2441 865/3743/2442 4364/3744/2443
f 4315/3647/2085 2116/3741/2440 4364/3744/2443 794/3490/2082
f 2117/3745/2444 4233/3483/2085 794/3490/2082 4364/3744/2443
f 4366/3746/2445 2117/3745/2444 4364/3744/2443 865/3743/2442
f 2117/3745/2444 4366/3746/2445 858/3715/2417 4353/3713/2415
f 4233/3483/2085 2117/3745/2444 4353/3713/2415 793/3484/2250
f 2118/3747/2446 4160/3334/2196 742/3333/2195 4369/3748/2447
f 4368/3749/2448 2118/3747/2446 4369/3748/2447 867/3750/2449
f 2118/3747/2446 4368/3749/2448 866/3751/2450 4367/3752/2451
f 4160/3334/2196 2118/3747/2446 4367/3752/2451 741/3335/2197
f 2119/3753/2452 4241/3501/2277 741/3335/2197 4367/3752/2451
f 4371/3754/2453 2119/3753/2452 4367/3752/2451 866/3751/2450
f 2119/3753/2452 4371/3754/2453 868/3755/2454 4370/3756/2455
f 4241/3501/2277 2119/3753/2452 4370/3756/2455 801/3502/2278
f 2120/3757/2456 4288/3586/2340 801/3502/2278 4370/3756/2455
f 4373/3758/2457 2120/3757/2456 4370/3756/2455 868/3755/2454
f 2120/3757/2456 4373/3758/2457 869/3759/2458 4372/3760/2459
f 4288/3586/2340 2120/3757/2456 4372/3760/2459 832/3587/2341
f 2121/3761/2460 4374/3762/2461 832/3587/2341 4372/3760/2459
f 4376/3763/2462 2121/3761/2460 4372/3760/2459 869/3759/2458
f 2121/3761/2460 4376/3763/2462 870/3764/2463 4375/3765/2464
f 4374/3762/2461 2121/3761/2460 4375/3765/2464 835/3611/2365
f 2122/3766/2465 4300/3606/2360 835/3611/2365 4375/3765/2464
f 4378/3767/2466 2122/3766/2465 4375/3765/2464 870/3764/2463
f 2122/3766/2465 4378/3767/2466 871/3768/2467 4377/3769/2468
f 4300/3606/2360 2122/3766/2465 4377/3769/2468 820/3545/2309
f 2123/3770/2469 4269/3546/2310 820/3545/2309 4377/3769/2468
f 4380/3771/2470 2123/3770/2469 4377/3769/2468 871/3768/2467
f 2123/3770/2469 4380/3771/2470 872/3772/2471 4379/3773/2472
f 4269/3546/2310 2123/3770/2469 4379/3773/2472 823/3548/2312
f 2124/3774/2473 4272/3553/2317 823/3548/2312 4379/3773/2472
f 4382/3775/2474 2124/3774/2473 4379/3773/2472 872/3772/2471
f 2124/3774/2473 4382/3775/2474 873/3776/2475 4381/3777/2476
f 4272/3553/2317 2124/3774/2473 4381/3777/2476 825/3555/2319
f 2125/3778/2477 4383/3779/2478 825/3555/2319 4381/3777/2476
f 4385/3780/2479 2125/3778/2477 4381/3777/2476 873/3776/2475
f 2125/3778/2477 4385/3780/2479 874/3781/2480 4384/3782/2481
f 4383/3779/2478 2125/3778/2477 4384/3782/2481 814/3542/2306
f 2126/3783/2482 4259/3535/2299 814/3542/2306 4384/3782/2481
f 4387/3784/2483 2126/3783/2482 4384/3782/2481 874/3781/2480
f 2126/3783/2482 4387/3784/2483 875/3785/2484 4386/3786/2485
f 4259/3535/2299 2126/3783/2482 4386/3786/2485 813/3536/2300
f 2127/3787/2486 4287/3582/2336 813/3536/2300 4386/3786/2485
f 4389/3788/2487 2127/3787/2486 4386/3786/2485 875/3785/2484
f 2127/3787/2486 4389/3788/2487 876/3789/2488 4388/3790/2489
f 4287/3582/2336 2127/3787/2486 4388/3790/2489 831/3583/2337
f 2128/3791/2490 4295/3597/2351 831/3583/2337 4388/3790/2489
f 4391/3792/2491 2128/3791/2490 4388/3790/2489 876/3789/2488
f 2128/3791/2490 4391/3792/2491 877/3793/2492 4390/3794/2493
f 4295/3597/2351 2128/3791/2490 4390/3794/2493 834/3598/2352
f 2129/3795/2494 4299/3604/2358 834/3598/2352 4390/3794/2493
f 4392/3796/2495 2129/3795/2494 4390/3794/2493 877/3793/2492
f 2129/3795/2494 4392/3796/2495 867/3750/2449 4369/3748/2447
f 4299/3604/2358 2129/3795/2494 4369/3748/2447 742/3333/2195
f 2130/3797/2496 4395/3798/2227 878/3799/2141 4398/3800/2497
f 4397/3801/2498 2130/3797/2496 4398/3800/2497 880/3802/2499
f 2130/3797/2496 4397/3801/2498 879/3803/2500 4396/3804/2501
f 4395/3798/2227 2130/3797/2496 4396/3804/2501 856/3702/2085
f 2131/3805/2502 4399/3806/2226 856/3702/2085 4396/3804/2501
f 4401/3807/2503 2131/3805/2502 4396/3804/2501 879/3803/2500
f 2131/3805/2502 4401/3807/2503 881/3808/2504 4400/3809/2505
f 4399/3806/2226 2131/3805/2502 4400/3809/2505 855/3698/2227
f 2132/3810/2506 4345/3697/2085 855/3698/2227 4400/3809/2505
f 4403/3811/2507 2132/3810/2506 4400/3809/2505 881/3808/2504
f 2132/3810/2506 4403/3811/2507 882/3812/2508 4402/3813/2509
f 4345/3697/2085 2132/3810/2506 4402/3813/2509 848/3664/2085
f 2133/3814/2510 4328/3665/2128 848/3664/2085 4402/3813/2509
f 4405/3815/2511 2133/3814/2510 4402/3813/2509 882/3812/2508
f 2133/3814/2510 4405/3815/2511 883/3816/2512 4404/3817/2513
f 4328/3665/2128 2133/3814/2510 4404/3817/2513 847/3666/2128
f 2134/3818/2514 4326/3819/2085 847/3666/2128 4404/3817/2513
f 4407/3820/2515 2134/3818/2514 4404/3817/2513 883/3816/2512
f 2134/3818/2514 4407/3820/2515 884/3821/2516 4406/3822/2517
f 4326/3819/2085 2134/3818/2514 4406/3822/2517 846/3823/2275
f 2135/3824/2518 4324/3825/2085 846/3823/2275 4406/3822/2517
f 4409/3826/2519 2135/3824/2518 4406/3822/2517 884/3821/2516
f 2135/3824/2518 4409/3826/2519 885/3827/2520 4408/3828/2521
f 4324/3825/2085 2135/3824/2518 4408/3828/2521 845/3657/2401
f 2136/3829/2522 4320/3653/2397 845/3657/2401 4408/3828/2521
f 4411/3830/2523 2136/3829/2522 4408/3828/2521 885/3827/2520
f 2136/3829/2522 4411/3830/2523 886/3831/2524 4410/3832/2525
f 4320/3653/2397 2136/3829/2522 4410/3832/2525 703/3229/2125
f 2137/3833/2526 4118/3230/2126 703/3229/2125 4410/3832/2525
f 4413/3834/2527 2137/3833/2526 4410/3832/2525 886/3831/2524
f 2137/3833/2526 4413/3834/2527 887/3835/2528 4412/3836/2529
f 4118/3230/2126 2137/3833/2526 4412/3836/2529 702/3231/2127
f 2138/3837/2530 4309/3627/2381 702/3231/2127 4412/3836/2529
f 4415/3838/2531 2138/3837/2530 4412/3836/2529 887/3835/2528
f 2138/3837/2530 4415/3838/2531 888/3839/2532 4414/3840/2533
f 4309/3627/2381 2138/3837/2530 4414/3840/2533 840/3628/2382
f 2139/3841/2534 4416/3842/2085 840/3628/2382 4414/3840/2533
f 4417/3843/2535 2139/3841/2534 4414/3840/2533 888/3839/2532
f 2139/3841/2534 4417/3843/2535 880/3802/2499 4398/3800/2497
f 4416/3842/2085 2139/3841/2534 4398/3800/2497 878/3799/2141
f 2140/3844/2536 4149/3301/2175 731/3300/2085 4427/3845/2537
f 4426/3846/2538 2140/3844/2536 4427/3845/2537 890/3847/2539
f 2140/3844/2536 4426/3846/2538 889/3848/2540 4425/3849/2541
f 4149/3301/2175 2140/3844/2536 4425/3849/2541 730/3302/2082
f 2141/3850/2542 4428/3851/2333 730/3302/2082 4425/3849/2541
f 4430/3852/2543 2141/3850/2542 4425/3849/2541 889/3848/2540
f 2141/3850/2542 4430/3852/2543 891/3853/2544 4429/3854/2545
f 4428/3851/2333 2141/3850/2542 4429/3854/2545 769/3389/2085
f 2142/3855/2546 4210/3437/2141 769/3389/2085 4429/3854/2545
f 4432/3856/2547 2142/3855/2546 4429/3854/2545 891/3853/2544
f 2142/3855/2546 4432/3856/2547 892/3857/2548 4431/3858/2549
f 4210/3437/2141 2142/3855/2546 4431/3858/2549 782/3438/2252
f 2143/3859/2550 4282/3575/2141 782/3438/2252 4431/3858/2549
f 4434/3860/2551 2143/3859/2550 4431/3858/2549 892/3857/2548
f 2143/3859/2550 4434/3860/2551 893/3861/2552 4433/3862/2553
f 4282/3575/2141 2143/3859/2550 4433/3862/2553 830/3576/2085
f 2144/3863/2554 4323/3659/2085 830/3576/2085 4433/3862/2553
f 4436/3864/2555 2144/3863/2554 4433/3862/2553 893/3861/2552
f 2144/3863/2554 4436/3864/2555 894/3865/2556 4435/3866/2557
f 4323/3659/2085 2144/3863/2554 4435/3866/2557 705/3240/2128
f 2145/3867/2558 4121/3233/2128 705/3240/2128 4435/3866/2557
f 4438/3868/2559 2145/3867/2558 4435/3866/2557 894/3865/2556
f 2145/3867/2558 4438/3868/2559 895/3869/2560 4437/3870/2561
f 4121/3233/2128 2145/3867/2558 4437/3870/2561 704/3234/2085
f 2146/3871/2562 4280/3573/2333 704/3234/2085 4437/3870/2561
f 4440/3872/2563 2146/3871/2562 4437/3870/2561 895/3869/2560
f 2146/3871/2562 4440/3872/2563 896/3873/2564 4439/3874/2565
f 4280/3573/2333 2146/3871/2562 4439/3874/2565 759/3371/2085
f 2147/3875/2566 4177/3364/2225 759/3371/2085 4439/3874/2565
f 4442/3876/2567 2147/3875/2566 4439/3874/2565 896/3873/2564
f 2147/3875/2566 4442/3876/2567 897/3877/2568 4441/3878/2569
f 4177/3364/2225 2147/3875/2566 4441/3878/2569 758/3365/2226
f 2148/3879/2570 4185/3382/2085 758/3365/2226 4441/3878/2569
f 4443/3880/2571 2148/3879/2570 4441/3878/2569 897/3877/2568
f 2148/3879/2570 4443/3880/2571 890/3847/2539 4427/3845/2537
f 4185/3382/2085 2148/3879/2570 4427/3845/2537 731/3300/2085
f 2149/3881/2572 4257/3533/2297 812/3532/2296 4446/3882/2573
f 4445/3883/2574 2149/3881/2572 4446/3882/2573 899/3884/2575
f 2149/3881/2572 4445/3883/2574 898/3885/2576 4444/3886/2577
f 4257/3533/2297 2149/3881/2572 4444/3886/2577 808/3521/2085
f 2150/3887/2578 4253/3522/2252 808/3521/2085 4444/3886/2577
f 4448/3888/2579 2150/3887/2578 4444/3886/2577 898/3885/2576
f 2150/3887/2578 4448/3888/2579 900/3889/2580 4447/3890/2581
f 4253/3522/2252 2150/3887/2578 4447/3890/2581 810/3524/2252
f 2151/3891/2582 4256/3527/2128 810/3524/2252 4447/3890/2581
f 4450/3892/2583 2151/3891/2582 4447/3890/2581 900/3889/2580
f 2151/3891/2582 4450/3892/2583 901/3893/2584 4449/3894/2585
f 4256/3527/2128 2151/3891/2582 4449/3894/2585 798/3499/2128
f 2152/3895/2586 4237/3492/2275 798/3499/2128 4449/3894/2585
f 4452/3896/2587 2152/3895/2586 4449/3894/2585 901/3893/2584
f 2152/3895/2586 4452/3896/2587 902/3897/2588 4451/3898/2589
f 4237/3492/2275 2152/3895/2586 4451/3898/2589 797/3493/2275
f 2153/3899/2590 4453/3900/2141 797/3493/2275 4451/3898/2589
f 4455/3901/2591 2153/3899/2590 4451/3898/2589 902/3897/2588
f 2153/3899/2590 4455/3901/2591 904/3902/2592 4454/3903/2593
f 4453/3900/2141 2153/3899/2590 4454/3903/2593 903/3904/2141
f 2154/3905/2594 4456/3906/2595 903/3904/2141 4454/3903/2593
f 4458/3907/2596 2154/3905/2594 4454/3903/2593 904/3902/2592
f 2154/3905/2594 4458/3907/2596 905/3908/2597 4457/3909/2598
f 4456/3906/2595 2154/3905/2594 4457/3909/2598 802/3505/2281
f 2155/3910/2599 4242/3504/2280 802/3505/2281 4457/3909/2598
f 4460/3911/2600 2155/3910/2599 4457/3909/2598 905/3908/2597
f 2155/3910/2599 4460/3911/2600 906/3912/2601 4459/3913/2602
f 4242/3504/2280 2155/3910/2599 4459/3913/2602 740/3329/2191
f 2156/3914/2603 4162/3330/2192 740/3329/2191 4459/3913/2602
f 4462/3915/2604 2156/3914/2603 4459/3913/2602 906/3912/2601
f 2156/3914/2603 4462/3915/2604 907/3916/2605 4461/3917/2606
f 4162/3330/2192 2156/3914/2603 4461/3917/2606 743/3332/2194
f 2157/3918/2607 4298/3603/2357 743/3332/2194 4461/3917/2606
f 4463/3919/2608 2157/3918/2607 4461/3917/2606 907/3916/2605
f 2157/3918/2607 4463/3919/2608 899/3884/2575 4446/3882/2573
f 4298/3603/2357 2157/3918/2607 4446/3882/2573 812/3532/2296
f 2158/3920/2609 4466/3921/2610 908/3922/2611 4469/3923/2612
f 4468/3924/2613 2158/3920/2609 4469/3923/2612 911/3925/2614
f 2158/3920/2609 4468/3924/2613 910/3926/2615 4467/3927/2616
f 4466/3921/2610 2158/3920/2609 4467/3927/2616 909/3928/2617
f 2159/3929/2618 4470/3930/2619 912/3931/2620 4473/3932/2621
f 4472/3933/2622 2159/3929/2618 4473/3932/2621 915/3934/2623
f 2159/3929/2618 4472/3933/2622 914/3935/2624 4471/3936/2625
f 4470/3930/2619 2159/3929/2618 4471/3936/2625 913/3937/2626
f 2160/3938/2627 4474/3939/2628 916/3940/2629 4477/3941/2630
f 4476/3942/2631 2160/3938/2627 4477/3941/2630 919/3943/2632
f 2160/3938/2627 4476/3942/2631 918/3944/2633 4475/3945/2634
f 4474/3939/2628 2160/3938/2627 4475/3945/2634 917/3946/2635
f 2161/3947/2636 4478/3948/2637 917/3946/2635 4475/3945/2634
f 4480/3949/2638 2161/3947/2636 4475/3945/2634 918/3944/2633
f 2161/3947/2636 4480/3949/2638 921/3950/2639 4479/3951/2640
f 4478/3948/2637 2161/3947/2636 4479/3951/2640 920/3952/2641
f 2162/3953/2642 4481/3954/2643 920/3952/2641 4479/3951/2640
f 4483/3955/2644 2162/3953/2642 4479/3951/2640 921/3950/2639
f 2162/3953/2642 4483/3955/2644 923/3956/2645 4482/3957/2646
f 4481/3954/2643 2162/3953/2642 4482/3957/2646 922/3958/2647
f 2163/3959/2648 4484/3960/2649 922/3958/2647 4482/3957/2646
f 4486/3961/2650 2163/3959/2648 4482/3957/2646 923/3956/2645
f 2163/3959/2648 4486/3961/2650 925/3962/2651 4485/3963/2652
f 4484/3960/2649 2163/3959/2648 4485/3963/2652 924/3964/2653
f 2164/3965/2654 4487/3966/2655 924/3964/2653 4485/3963/2652
f 4488/3967/2656 2164/3965/2654 4485/3963/2652 925/3962/2651
f 2164/3965/2654 4488/3967/2656 911/3925/2614 4469/3923/2612
f 4487/3966/2655 2164/3965/2654 4469/3923/2612 908/3922/2611
f 2165/3968/2657 4489/3969/2658 926/3970/2659 4492/3971/2660
f 4491/3972/2661 2165/3968/2657 4492/3971/2660 929/3973/2662
f 2165/3968/2657 4491/3972/2661 928/3974/2663 4490/3975/2664
f 4489/3969/2658 2165/3968/2657 4490/3975/2664 927/3976/2665
f 2166/3977/2666 4493/3978/2667 927/3976/2665 4490/3975/2664
f 4495/3979/2668 2166/3977/2666 4490/3975/2664 928/3974/2663
f 2166/3977/2666 4495/3979/2668 931/3980/2669 4494/3981/2670
f 4493/3978/2667 2166/3977/2666 4494/3981/2670 930/3982/2671
f 2167/3983/2672 4496/3984/2673 930/3982/2671 4494/3981/2670
f 4498/3985/2674 2167/3983/2672 4494/3981/2670 931/3980/2669
f 2167/3983/2672 4498/3985/2674 933/3986/2675 4497/3987/2676
f 4496/3984/2673 2167/3983/2672 4497/3987/2676 932/3988/2677
f 2168/3989/2678 4499/3990/2679 932/3988/2677 4497/3987/2676
f 4501/3991/2680 2168/3989/2678 4497/3987/2676 933/3986/2675
f 2168/3989/2678 4501/3991/2680 935/3992/2681 4500/3993/2682
f 4499/3990/2679 2168/3989/2678 4500/3993/2682 934/3994/2683
f 2169/3995/2684 4502/3996/2685 934/3994/2683 4500/3993/2682
f 4504/3997/2686 2169/3995/2684 4500/3993/2682 935/3992/2681
f 2169/3995/2684 4504/3997/2686 937/3998/2687 4503/3999/2688
f 4502/3996/2685 2169/3995/2684 4503/3999/2688 936/4000/2689
f 2170/4001/2690 4505/4002/2691 936/4000/2689 4503/3999/2688
f 4507/4003/2692 2170/4001/2690 4503/3999/2688 937/3998/2687
f 2170/4001/2690 4507/4003/2692 939/4004/2693 4506/4005/2694
f 4505/4002/2691 2170/4001/2690 4506/4005/2694 938/4006/2695
f 2171/4007/2696 4508/4008/2697 938/4006/2695 4506/4005/2694
f 4510/4009/2698 2171/4007/2696 4506/4005/2694 939/4004/2693
f 2171/4007/2696 4510/4009/2698 941/4010/2699 4509/4011/2700
f 4508/4008/2697 2171/4007/2696 4509/4011/2700 940/4012/2701
f 2172/4013/2702 4511/4014/2703 940/4012/2701 4509/4011/2700
f 4513/4015/2704 2172/4013/2702 4509/4011/2700 941/4010/2699
f 2172/4013/2702 4513/4015/2704 943/4016/2705 4512/4017/2706
f 4511/4014/2703 2172/4013/2702 4512/4017/2706 942/4018/2707
f 2173/4019/2708 4514/4020/2709 942/4018/2707 4512/4017/2706
f 4516/4021/2710 2173/4019/2708 4512/4017/2706 943/4016/2705
f 2173/4019/2708 4516/4021/2710 945/4022/2711 4515/4023/2712
f 4514/4020/2709 2173/4019/2708 4515/4023/2712 944/4024/2713
f 2174/4025/2714 4517/4026/2715 944/4024/2713 4515/4023/2712
f 4519/4027/2716 2174/4025/2714 4515/4023/2712 945/4022/2711
f 2174/4025/2714 4519/4027/2716 947/4028/2717 4518/4029/2718
f 4517/4026/2715 2174/4025/2714 4518/4029/2718 946/4030/2719
f 2175/4031/2720 4520/4032/2721 946/4030/2719 4518/4029/2718
f 4522/4033/2722 2175/4031/2720 4518/4029/2718 947/4028/2717
f 2175/4031/2720 4522/4033/2722 949/4034/2723 4521/4035/2724
f 4520/4032/2721 2175/4031/2720 4521/4035/2724 948/4036/2725
f 2176/4037/2726 4523/4038/2727 948/4036/2725 4521/4035/2724
f 4524/4039/2728 2176/4037/2726 4521/4035/2724 949/4034/2723
f 2176/4037/2726 4524/4039/2728 929/3973/2662 4492/3971/2660
f 4523/4038/2727 2176/4037/2726 4492/3971/2660 926/3970/2659
f 2177/4040/2729 4525/4041/2730 950/4042/2731 4528/4043/2732
f 4527/4044/2733 2177/4040/2729 4528/4043/2732 953/4045/2734
f 2177/4040/2729 4527/4044/2733 952/4046/2735 4526/4047/2736
f 4525/4041/2730 2177/4040/2729 4526/4047/2736 951/4048/2737
f 2178/4049/2738 4529/4050/2739 951/4048/2737 4526/4047/2736
f 4531/4051/2740 2178/4049/2738 4526/4047/2736 952/4046/2735
f 2178/4049/2738 4531/4051/2740 955/4052/2741 4530/4053/2742
f 4529/4050/2739 2178/4049/2738 4530/4053/2742 954/4054/2743
f 2179/4055/2744 4532/4056/2745 954/4054/2743 4530/4053/2742
f 4534/4057/2746 2179/4055/2744 4530/4053/2742 955/4052/2741
f 2179/4055/2744 4534/4057/2746 957/4058/2747 4533/4059/2748
f 4532/4056/2745 2179/4055/2744 4533/4059/2748 956/4060/2749
f 2180/4061/2750 4535/4062/2751 956/4060/2749 4533/4059/2748
f 4537/4063/2752 2180/4061/2750 4533/4059/2748 957/4058/2747
f 2180/4061/2750 4537/4063/2752 959/4064/2753 4536/4065/2754
f 4535/4062/2751 2180/4061/2750 4536/4065/2754 958/4066/2755
f 2181/4067/2756 4538/4068/2757 958/4066/2755 4536/4065/2754
f 4540/4069/2758 2181/4067/2756 4536/4065/2754 959/4064/2753
f 2181/4067/2756 4540/4069/2758 961/4070/2759 4539/4071/2760
f 4538/4068/2757 2181/4067/2756 4539/4071/2760 960/4072/2761
f 2182/4073/2762 4541/4074/2763 960/4072/2761 4539/4071/2760
f 4543/4075/2764 2182/4073/2762 4539/4071/2760 961/4070/2759
f 2182/4073/2762 4543/4075/2764 963/4076/2765 4542/4077/2766
f 4541/4074/2763 2182/4073/2762 4542/4077/2766 962/4078/2767
f 2183/4079/2768 4544/4080/2769 962/4078/2767 4542/4077/2766
f 4546/4081/2770 2183/4079/2768 4542/4077/2766 963/4076/2765
f 2183/4079/2768 4546/4081/2770 965/4082/2771 4545/4083/2772
f 4544/4080/2769 2183/4079/2768 4545/4083/2772 964/4084/2773
f 2184/4085/2774 4547/4086/2775 964/4084/2773 4545/4083/2772
f 4549/4087/2776 2184/4085/2774 4545/4083/2772 965/4082/2771
f 2184/4085/2774 4549/4087/2776 967/4088/2777 4548/4089/2778
f 4547/4086/2775 2184/4085/2774 4548/4089/2778 966/4090/2779
f 2185/4091/2780 4550/4092/2781 966/4090/2779 4548/4089/2778
f 4552/4093/2782 2185/4091/2780 4548/4089/2778 967/4088/2777
f 2185/4091/2780 4552/4093/2782 969/4094/2783 4551/4095/2784
f 4550/4092/2781 2185/4091/2780 4551/4095/2784 968/4096/2785
f 2186/4097/2786 4553/4098/2787 968/4096/2785 4551/4095/2784
f 4554/4099/2788 2186/4097/2786 4551/4095/2784 969/4094/2783
f 2186/4097/2786 4554/4099/2788 953/4045/2734 4528/4043/2732
f 4553/4098/2787 2186/4097/2786 4528/4043/2732 950/4042/2731
f 2187/4100/2789 4555/4101/2790 970/4102/2791 4558/4103/2792
f 4557/4104/2793 2187/4100/2789 4558/4103/2792 973/4105/2794
f 2187/4100/2789 4557/4104/2793 972/4106/2795 4556/4107/2796
f 4555/4101/2790 2187/4100/2789 4556/4107/2796 971/4108/2797
f 2188/4109/2798 4559/4110/2799 971/4108/2797 4556/4107/2796
f 4561/4111/2800 2188/4109/2798 4556/4107/2796 972/4106/2795
f 2188/4109/2798 4561/4111/2800 975/4112/2801 4560/4113/2802
f 4559/4110/2799 2188/4109/2798 4560/4113/2802 974/4114/2803
f 2189/4115/2804 4562/4116/2805 974/4114/2803 4560/4113/2802
f 4564/4117/2806 2189/4115/2804 4560/4113/2802 975/4112/2801
f 2189/4115/2804 4564/4117/2806 977/4118/2807 4563/4119/2808
f 4562/4116/2805 2189/4115/2804 4563/4119/2808 976/4120/2809
f 2190/4121/2810 4565/4122/2811 976/4120/2809 4563/4119/2808
f 4567/4123/2812 2190/4121/2810 4563/4119/2808 977/4118/2807
f 2190/4121/2810 4567/4123/2812 979/4124/2813 4566/4125/2814
f 4565/4122/2811 2190/4121/2810 4566/4125/2814 978/4126/2815
f 2191/4127/2816 4568/4128/2817 978/4126/2815 4566/4125/2814
f 4570/4129/2818 2191/4127/2816 4566/4125/2814 979/4124/2813
f 2191/4127/2816 4570/4129/2818 981/4130/2819 4569/4131/2820
f 4568/4128/2817 2191/4127/2816 4569/4131/2820 980/4132/2821
f 2192/4133/2822 4571/4134/2823 980/4132/2821 4569/4131/2820
f 4573/4135/2824 2192/4133/2822 4569/4131/2820 981/4130/2819
f 2192/4133/2822 4573/4135/2824 983/4136/2825 4572/4137/2826
f 4571/4134/2823 2192/4133/2822 4572/4137/2826 982/4138/2827
f 2193/4139/2828 4574/4140/2829 982/4138/2827 4572/4137/2826
f 4576/4141/2830 2193/4139/2828 4572/4137/2826 983/4136/2825
f 2193/4139/2828 4576/4141/2830 985/4142/2831 4575/4143/2832
f 4574/4140/2829 2193/4139/2828 4575/4143/2832 984/4144/2833
f 2194/4145/2834 4577/4146/2835 984/4144/2833 4575/4143/2832
f 4579/4147/2836 2194/4145/2834 4575/4143/2832 985/4142/2831
f 2194/4145/2834 4579/4147/2836 987/4148/2837 4578/4149/2838
f 4577/4146/2835 2194/4145/2834 4578/4149/2838 986/4150/2839
f 2195/4151/2840 4580/4152/2841 986/4150/2839 4578/4149/2838
f 4581/4153/2842 2195/4151/2840 4578/4149/2838 987/4148/2837
f 2195/4151/2840 4581/4153/2842 973/4105/2794 4558/4103/2792
f 4580/4152/2841 2195/4151/2840 4558/4103/2792 970/4102/2791
f 2196/4154/2843 4582/4155/2844 988/4156/2845 4585/4157/2846
f 4584/4158/2847 2196/4154/2843 4585/4157/2846 991/4159/2848
f 2196/4154/2843 4584/4158/2847 990/4160/2849 4583/4161/2850
f 4582/4155/2844 2196/4154/2843 4583/4161/2850 989/4162/2851
f 2197/4163/2852 4586/4164/2853 989/4162/2851 4583/4161/2850
f 4588/4165/2854 2197/4163/2852 4583/4161/2850 990/4160/2849
f 2197/4163/2852 4588/4165/2854 993/4166/2855 4587/4167/2856
f 4586/4164/2853 2197/4163/2852 4587/4167/2856 992/4168/2857
f 2198/4169/2858 4589/4170/2859 992/4168/2857 4587/4167/2856
f 4591/4171/2860 2198/4169/2858 4587/4167/2856 993/4166/2855
f 2198/4169/2858 4591/4171/2860 995/4172/2861 4590/4173/2862
f 4589/4170/2859 2198/4169/2858 4590/4173/2862 994/4174/2863
f 2199/4175/2864 4592/4176/2865 994/4174/2863 4590/4173/2862
f 4594/4177/2866 2199/4175/2864 4590/4173/2862 995/4172/2861
f 2199/4175/2864 4594/4177/2866 997/4178/2867 4593/4179/2868
f 4592/4176/2865 2199/4175/2864 4593/4179/2868 996/4180/2869
f 2200/4181/2870 4595/4182/2871 996/4180/2869 4593/4179/2868
f 4597/4183/2872 2200/4181/2870 4593/4179/2868 997/4178/2867
f 2200/4181/2870 4597/4183/2872 999/4184/2873 4596/4185/2874
f 4595/4182/2871 2200/4181/2870 4596/4185/2874 998/4186/2875
f 2201/4187/2876 4598/4188/2877 998/4186/2875 4596/4185/2874
f 4600/4189/2878 2201/4187/2876 4596/4185/2874 999/4184/2873
f 2201/4187/2876 4600/4189/2878 1001/4190/2879 4599/4191/2880
f 4598/4188/2877 2201/4187/2876 4599/4191/2880 1000/4192/2881
f 2202/4193/2882 4601/4194/2883 1000/4192/2881 4599/4191/2880
f 4603/4195/2884 2202/4193/2882 4599/4191/2880 1001/4190/2879
f 2202/4193/2882 4603/4195/2884 1003/4196/2885 4602/4197/2886
f 4601/4194/2883 2202/4193/2882 4602/4197/2886 1002/4198/2887
f 2203/4199/2888 4604/4200/2889 1002/4198/2887 4602/4197/2886
f 4606/4201/2890 2203/4199/2888 4602/4197/2886 1003/4196/2885
f 2203/4199/2888 4606/4201/2890 1005/4202/2891 4605/4203/2892
f 4604/4200/2889 2203/4199/2888 4605/4203/2892 1004/4204/2893
f 2204/4205/2894 4607/4206/2895 1004/4204/2893 4605/4203/2892
f 4608/4207/2896 2204/4205/2894 4605/4203/2892 1005/4202/2891
f 2204/4205/2894 4608/4207/2896 991/4159/2848 4585/4157/2846
f 4607/4206/2895 2204/4205/2894 4585/4157/2846 988/4156/2845
f 2205/4208/2897 5097/4209/2898 1110/4210/1461 4810/4211/1461
f 4805/4212/2899 2205/4208/2897 4810/4211/1461 1107/4213/1461
f 2205/4208/2897 4805/4212/2899 757/4214/2900 5098/4215/2901
f 5097/4209/2898 2205/4208/2897 5098/4215/2901 1195/4216/2902
f 2206/4217/2903 4610/4218/2904 1008/4219/2905 4613/4220/2906
f 4612/4221/2907 2206/4217/2903 4613/4220/2906 1011/4222/2908
f 2206/4217/2903 4612/4221/2907 1010/4223/2909 4611/4224/2910
f 4610/4218/2904 2206/4217/2903 4611/4224/2910 1009/4225/2911
f 2207/4226/2912 4614/4227/2913 1012/4228/2914 4617/4229/2915
f 4616/4230/2916 2207/4226/2912 4617/4229/2915 1015/4231/2917
f 2207/4226/2912 4616/4230/2916 1014/4232/2918 4615/4233/2919
f 4614/4227/2913 2207/4226/2912 4615/4233/2919 1013/4234/2920
f 2208/4235/2921 4618/4236/2922 1016/4237/2923 4620/4238/2924
f 4104/3197/2093 2208/4235/2921 4620/4238/2924 690/3198/2094
f 2208/4235/2921 4104/3197/2093 691/3196/2092 4619/4239/2925
f 4618/4236/2922 2208/4235/2921 4619/4239/2925 1017/4240/2926
f 2209/4241/2927 4621/4242/2928 1017/4240/2926 4619/4239/2925
f 4105/3194/2090 2209/4241/2927 4619/4239/2925 691/3196/2092
f 2209/4241/2927 4105/3194/2090 692/3195/2091 4622/4243/2929
f 4621/4242/2928 2209/4241/2927 4622/4243/2929 1018/4244/2930
f 2210/4245/2931 4623/4246/2932 1018/4244/2930 4622/4243/2929
f 4625/4247/2933 2210/4245/2931 4622/4243/2929 692/3195/2091
f 2210/4245/2931 4625/4247/2933 1020/4248/2934 4624/4249/2935
f 4623/4246/2932 2210/4245/2931 4624/4249/2935 1019/4250/2936
f 2211/4251/2937 4626/4252/2938 1019/4250/2936 4624/4249/2935
f 4628/4253/2939 2211/4251/2937 4624/4249/2935 1020/4248/2934
f 2211/4251/2937 4628/4253/2939 1022/4254/2940 4627/4255/2941
f 4626/4252/2938 2211/4251/2937 4627/4255/2941 1021/4256/2942
f 2212/4257/2943 4629/4258/2944 1021/4256/2942 4627/4255/2941
f 4630/4259/2945 2212/4257/2943 4627/4255/2941 1022/4254/2940
f 2212/4257/2943 4630/4259/2945 1011/4222/2908 4613/4220/2906
f 4629/4258/2944 2212/4257/2943 4613/4220/2906 1008/4219/2905
f 2213/4260/2946 4491/3972/2661 929/3973/2662 4633/4261/2947
f 4632/4262/2948 2213/4260/2946 4633/4261/2947 1024/4263/2949
f 2213/4260/2946 4632/4262/2948 1023/4264/2950 4631/4265/2951
f 4491/3972/2661 2213/4260/2946 4631/4265/2951 928/3974/2663
f 2214/4266/2952 4495/3979/2668 928/3974/2663 4631/4265/2951
f 4635/4267/2953 2214/4266/2952 4631/4265/2951 1023/4264/2950
f 2214/4266/2952 4635/4267/2953 1025/4268/2954 4634/4269/2955
f 4495/3979/2668 2214/4266/2952 4634/4269/2955 931/3980/2669
f 2215/4270/2956 4498/3985/2674 931/3980/2669 4634/4269/2955
f 4637/4271/2957 2215/4270/2956 4634/4269/2955 1025/4268/2954
f 2215/4270/2956 4637/4271/2957 1026/4272/2958 4636/4273/2959
f 4498/3985/2674 2215/4270/2956 4636/4273/2959 933/3986/2675
f 2216/4274/2960 4501/3991/2680 933/3986/2675 4636/4273/2959
f 4639/4275/2961 2216/4274/2960 4636/4273/2959 1026/4272/2958
f 2216/4274/2960 4639/4275/2961 1027/4276/2962 4638/4277/2963
f 4501/3991/2680 2216/4274/2960 4638/4277/2963 935/3992/2681
f 2217/4278/2964 4504/3997/2686 935/3992/2681 4638/4277/2963
f 4641/4279/2965 2217/4278/2964 4638/4277/2963 1027/4276/2962
f 2217/4278/2964 4641/4279/2965 1028/4280/2966 4640/4281/2967
f 4504/3997/2686 2217/4278/2964 4640/4281/2967 937/3998/2687
f 2218/4282/2968 4507/4003/2692 937/3998/2687 4640/4281/2967
f 4643/4283/2969 2218/4282/2968 4640/4281/2967 1028/4280/2966
f 2218/4282/2968 4643/4283/2969 693/3201/2097 4642/4284/2970
f 4507/4003/2692 2218/4282/2968 4642/4284/2970 939/4004/2693
f 2219/4285/2971 4510/4009/2698 939/4004/2693 4642/4284/2970
f 4107/3200/2096 2219/4285/2971 4642/4284/2970 693/3201/2097
f 2219/4285/2971 4107/3200/2096 694/3207/2103 4644/4286/2972
f 4510/4009/2698 2219/4285/2971 4644/4286/2972 941/4010/2699
f 2220/4287/2973 4513/4015/2704 941/4010/2699 4644/4286/2972
f 4108/3206/2102 2220/4287/2973 4644/4286/2972 694/3207/2103
f 2220/4287/2973 4108/3206/2102 695/3205/2101 4645/4288/2974
f 4513/4015/2704 2220/4287/2973 4645/4288/2974 943/4016/2705
f 2221/4289/2975 4516/4021/2710 943/4016/2705 4645/4288/2974
f 4109/3203/2099 2221/4289/2975 4645/4288/2974 695/3205/2101
f 2221/4289/2975 4109/3203/2099 696/3204/2100 4646/4290/2976
f 4516/4021/2710 2221/4289/2975 4646/4290/2976 945/4022/2711
f 2222/4291/2977 4519/4027/2716 945/4022/2711 4646/4290/2976
f 4648/4292/2978 2222/4291/2977 4646/4290/2976 696/3204/2100
f 2222/4291/2977 4648/4292/2978 1029/4293/2979 4647/4294/2980
f 4519/4027/2716 2222/4291/2977 4647/4294/2980 947/4028/2717
f 2223/4295/2981 4522/4033/2722 947/4028/2717 4647/4294/2980
f 4650/4296/2982 2223/4295/2981 4647/4294/2980 1029/4293/2979
f 2223/4295/2981 4650/4296/2982 1030/4297/2983 4649/4298/2984
f 4522/4033/2722 2223/4295/2981 4649/4298/2984 949/4034/2723
f 2224/4299/2985 4524/4039/2728 949/4034/2723 4649/4298/2984
f 4651/4300/2986 2224/4299/2985 4649/4298/2984 1030/4297/2983
f 2224/4299/2985 4651/4300/2986 1024/4263/2949 4633/4261/2947
f 4524/4039/2728 2224/4299/2985 4633/4261/2947 929/3973/2662
f 2225/4301/2987 4527/4044/2733 953/4045/2734 4654/4302/2988
f 4653/4303/2989 2225/4301/2987 4654/4302/2988 1032/4304/2990
f 2225/4301/2987 4653/4303/2989 1031/4305/2991 4652/4306/2992
f 4527/4044/2733 2225/4301/2987 4652/4306/2992 952/4046/2735
f 2226/4307/2993 4531/4051/2740 952/4046/2735 4652/4306/2992
f 4656/4308/2994 2226/4307/2993 4652/4306/2992 1031/4305/2991
f 2226/4307/2993 4656/4308/2994 721/3278/2160 4655/4309/2995
f 4531/4051/2740 2226/4307/2993 4655/4309/2995 955/4052/2741
f 2227/4310/2996 4534/4057/2746 955/4052/2741 4655/4309/2995
f 4140/3277/2159 2227/4310/2996 4655/4309/2995 721/3278/2160
f 2227/4310/2996 4140/3277/2159 722/3284/2166 4657/4311/2997
f 4534/4057/2746 2227/4310/2996 4657/4311/2997 957/4058/2747
f 2228/4312/2998 4537/4063/2752 957/4058/2747 4657/4311/2997
f 4141/3283/2165 2228/4312/2998 4657/4311/2997 722/3284/2166
f 2228/4312/2998 4141/3283/2165 723/3282/2164 4658/4313/2999
f 4537/4063/2752 2228/4312/2998 4658/4313/2999 959/4064/2753
f 2229/4314/3000 4540/4069/2758 959/4064/2753 4658/4313/2999
f 4142/3280/2162 2229/4314/3000 4658/4313/2999 723/3282/2164
f 2229/4314/3000 4142/3280/2162 724/3281/2163 4659/4315/3001
f 4540/4069/2758 2229/4314/3000 4659/4315/3001 961/4070/2759
f 2230/4316/3002 4543/4075/2764 961/4070/2759 4659/4315/3001
f 4661/4317/3003 2230/4316/3002 4659/4315/3001 724/3281/2163
f 2230/4316/3002 4661/4317/3003 1033/4318/3004 4660/4319/3005
f 4543/4075/2764 2230/4316/3002 4660/4319/3005 963/4076/2765
f 2231/4320/3006 4546/4081/2770 963/4076/2765 4660/4319/3005
f 4663/4321/3007 2231/4320/3006 4660/4319/3005 1033/4318/3004
f 2231/4320/3006 4663/4321/3007 1034/4322/3008 4662/4323/3009
f 4546/4081/2770 2231/4320/3006 4662/4323/3009 965/4082/2771
f 2232/4324/3010 4549/4087/2776 965/4082/2771 4662/4323/3009
f 4665/4325/3011 2232/4324/3010 4662/4323/3009 1034/4322/3008
f 2232/4324/3010 4665/4325/3011 1035/4326/3012 4664/4327/3013
f 4549/4087/2776 2232/4324/3010 4664/4327/3013 967/4088/2777
f 2233/4328/3014 4552/4093/2782 967/4088/2777 4664/4327/3013
f 4667/4329/3015 2233/4328/3014 4664/4327/3013 1035/4326/3012
f 2233/4328/3014 4667/4329/3015 1036/4330/3016 4666/4331/3017
f 4552/4093/2782 2233/4328/3014 4666/4331/3017 969/4094/2783
f 2234/4332/3018 4554/4099/2788 969/4094/2783 4666/4331/3017
f 4668/4333/3019 2234/4332/3018 4666/4331/3017 1036/4330/3016
f 2234/4332/3018 4668/4333/3019 1032/4304/2990 4654/4302/2988
f 4554/4099/2788 2234/4332/3018 4654/4302/2988 953/4045/2734
f 2235/4334/3020 4557/4104/2793 973/4105/2794 4670/4335/3021
f 4166/3339/2201 2235/4334/3020 4670/4335/3021 747/3341/2203
f 2235/4334/3020 4166/3339/2201 744/3338/2200 4669/4336/3022
f 4557/4104/2793 2235/4334/3020 4669/4336/3022 972/4106/2795
f 2236/4337/3023 4561/4111/2800 972/4106/2795 4669/4336/3022
f 4163/3337/2199 2236/4337/3023 4669/4336/3022 744/3338/2200
f 2236/4337/3023 4163/3337/2199 745/3344/2206 4671/4338/3024
f 4561/4111/2800 2236/4337/3023 4671/4338/3024 975/4112/2801
f 2237/4339/3025 4564/4117/2806 975/4112/2801 4671/4338/3024
f 4673/4340/3026 2237/4339/3025 4671/4338/3024 745/3344/2206
f 2237/4339/3025 4673/4340/3026 1037/4341/3027 4672/4342/3028
f 4564/4117/2806 2237/4339/3025 4672/4342/3028 977/4118/2807
f 2238/4343/3029 4567/4123/2812 977/4118/2807 4672/4342/3028
f 4675/4344/3030 2238/4343/3029 4672/4342/3028 1037/4341/3027
f 2238/4343/3029 4675/4344/3030 1038/4345/3031 4674/4346/3032
f 4567/4123/2812 2238/4343/3029 4674/4346/3032 979/4124/2813
f 2239/4347/3033 4570/4129/2818 979/4124/2813 4674/4346/3032
f 4677/4348/3034 2239/4347/3033 4674/4346/3032 1038/4345/3031
f 2239/4347/3033 4677/4348/3034 1039/4349/3035 4676/4350/3036
f 4570/4129/2818 2239/4347/3033 4676/4350/3036 981/4130/2819
f 2240/4351/3037 4573/4135/2824 981/4130/2819 4676/4350/3036
f 4679/4352/3038 2240/4351/3037 4676/4350/3036 1039/4349/3035
f 2240/4351/3037 4679/4352/3038 1040/4353/3039 4678/4354/3040
f 4573/4135/2824 2240/4351/3037 4678/4354/3040 983/4136/2825
f 2241/4355/3041 4576/4141/2830 983/4136/2825 4678/4354/3040
f 4681/4356/3042 2241/4355/3041 4678/4354/3040 1040/4353/3039
f 2241/4355/3041 4681/4356/3042 1041/4357/3043 4680/4358/3044
f 4576/4141/2830 2241/4355/3041 4680/4358/3044 985/4142/2831
f 2242/4359/3045 4579/4147/2836 985/4142/2831 4680/4358/3044
f 4683/4360/3046 2242/4359/3045 4680/4358/3044 1041/4357/3043
f 2242/4359/3045 4683/4360/3046 1042/4361/3047 4682/4362/3048
f 4579/4147/2836 2242/4359/3045 4682/4362/3048 987/4148/2837
f 2243/4363/3049 4581/4153/2842 987/4148/2837 4682/4362/3048
f 4684/4364/3050 2243/4363/3049 4682/4362/3048 1042/4361/3047
f 2243/4363/3049 4684/4364/3050 747/3341/2203 4670/4335/3021
f 4581/4153/2842 2243/4363/3049 4670/4335/3021 973/4105/2794
f 2244/4365/3051 4685/4366/3052 1043/4367/3053 4688/4368/3054
f 4687/4369/3055 2244/4365/3051 4688/4368/3054 1046/4370/3056
f 2244/4365/3051 4687/4369/3055 1045/4371/3057 4686/4372/3058
f 4685/4366/3052 2244/4365/3051 4686/4372/3058 1044/4373/3059
f 2245/4374/3060 4689/4375/3061 1044/4373/3059 4686/4372/3058
f 4691/4376/3062 2245/4374/3060 4686/4372/3058 1045/4371/3057
f 2245/4374/3060 4691/4376/3062 1048/4377/3063 4690/4378/3064
f 4689/4375/3061 2245/4374/3060 4690/4378/3064 1047/4379/3065
f 2246/4380/3066 4692/4381/3067 1047/4379/3065 4690/4378/3064
f 4694/4382/3068 2246/4380/3066 4690/4378/3064 1048/4377/3063
f 2246/4380/3066 4694/4382/3068 1050/4383/3069 4693/4384/3070
f 4692/4381/3067 2246/4380/3066 4693/4384/3070 1049/4385/3071
f 2247/4386/3072 4695/4387/3073 1049/4385/3071 4693/4384/3070
f 4697/4388/3074 2247/4386/3072 4693/4384/3070 1050/4383/3069
f 2247/4386/3072 4697/4388/3074 1052/4389/3075 4696/4390/3076
f 4695/4387/3073 2247/4386/3072 4696/4390/3076 1051/4391/3077
f 2248/4392/3078 4698/4393/3079 1051/4391/3077 4696/4390/3076
f 4700/4394/3080 2248/4392/3078 4696/4390/3076 1052/4389/3075
f 2248/4392/3078 4700/4394/3080 1054/4395/3081 4699/4396/3082
f 4698/4393/3079 2248/4392/3078 4699/4396/3082 1053/4397/3083
f 2249/4398/3084 4701/4399/3085 1053/4397/3083 4699/4396/3082
f 4703/4400/3086 2249/4398/3084 4699/4396/3082 1054/4395/3081
f 2249/4398/3084 4703/4400/3086 803/3508/2284 4702/4401/3087
f 4701/4399/3085 2249/4398/3084 4702/4401/3087 1055/4402/3088
f 2250/4403/3089 4704/4404/3090 1055/4402/3088 4702/4401/3087
f 4244/3507/2283 2250/4403/3089 4702/4401/3087 803/3508/2284
f 2250/4403/3089 4244/3507/2283 804/3514/2290 4705/4405/3091
f 4704/4404/3090 2250/4403/3089 4705/4405/3091 1056/4406/3092
f 2251/4407/3093 4706/4408/3094 1056/4406/3092 4705/4405/3091
f 4245/3513/2289 2251/4407/3093 4705/4405/3091 804/3514/2290
f 2251/4407/3093 4245/3513/2289 805/3512/2288 4707/4409/3095
f 4706/4408/3094 2251/4407/3093 4707/4409/3095 1057/4410/3096
f 2252/4411/3097 4708/4412/3098 1057/4410/3096 4707/4409/3095
f 4709/4413/3099 2252/4411/3097 4707/4409/3095 805/3512/2288
f 2252/4411/3097 4709/4413/3099 1046/4370/3056 4688/4368/3054
f 4708/4412/3098 2252/4411/3097 4688/4368/3054 1043/4367/3053
f 2253/4414/3100 4710/4415/3101 1058/4416/3102 4712/4417/3103
f 4711/4418/3104 2253/4414/3100 4712/4417/3103 1059/4419/3105
f 2253/4414/3100 4711/4418/3104 1014/4232/2918 4616/4230/2916
f 4710/4415/3101 2253/4414/3100 4616/4230/2916 1015/4231/2917
f 2254/4420/3106 4628/4253/2939 1020/4248/2934 4714/4421/3107
f 4713/4422/3108 2254/4420/3106 4714/4421/3107 1060/4423/3109
f 2254/4420/3106 4713/4422/3108 1011/4222/2908 4630/4259/2945
f 4628/4253/2939 2254/4420/3106 4630/4259/2945 1022/4254/2940
f 2255/4424/3110 4713/4422/3108 1060/4423/3109 4716/4425/3111
f 4715/4426/3112 2255/4424/3110 4716/4425/3111 1061/4427/3113
f 2255/4424/3110 4715/4426/3112 1010/4223/2909 4612/4221/2907
f 4713/4422/3108 2255/4424/3110 4612/4221/2907 1011/4222/2908
f 2256/4428/3114 4625/4247/2933 692/3195/2091 4106/3193/2089
f 4717/4429/3115 2256/4428/3114 4106/3193/2089 689/3192/2088
f 2256/4428/3114 4717/4429/3115 1060/4423/3109 4714/4421/3107
f 4625/4247/2933 2256/4428/3114 4714/4421/3107 1020/4248/2934
f 2257/4430/3116 4717/4429/3115 689/3192/2088 4719/4431/3117
f 4718/4432/3118 2257/4430/3116 4719/4431/3117 1059/4419/3105
f 2257/4430/3116 4718/4432/3118 1061/4427/3113 4716/4425/3111
f 4717/4429/3115 2257/4430/3116 4716/4425/3111 1060/4423/3109
f 2258/4433/3119 4720/4434/3120 1062/4435/3121 4721/4436/3122
f 4247/3509/2285 2258/4433/3119 4721/4436/3122 806/3511/2287
f 2258/4433/3119 4247/3509/2285 803/3508/2284 4703/4400/3086
f 4720/4434/3120 2258/4433/3119 4703/4400/3086 1054/4395/3081
f 2259/4437/3123 4700/4394/3080 1052/4389/3075 4722/4438/3124
f 4720/4434/3120 2259/4437/3123 4722/4438/3124 1062/4435/3121
f 2259/4437/3123 4720/4434/3120 1054/4395/3081 4700/4394/3080
f 2260/4439/3125 4709/4413/3099 805/3512/2288 4246/3510/2286
f 4723/4440/3126 2260/4439/3125 4246/3510/2286 806/3511/2287
f 2260/4439/3125 4723/4440/3126 1045/4371/3057 4687/4369/3055
f 4709/4413/3099 2260/4439/3125 4687/4369/3055 1046/4370/3056
f 2261/4441/3127 4723/4440/3126 806/3511/2287 4721/4436/3122
f 4724/4442/3128 2261/4441/3127 4721/4436/3122 1062/4435/3121
f 2261/4441/3127 4724/4442/3128 1048/4377/3063 4691/4376/3062
f 4723/4440/3126 2261/4441/3127 4691/4376/3062 1045/4371/3057
f 2262/4443/3129 4724/4442/3128 1062/4435/3121 4722/4438/3124
f 4697/4388/3074 2262/4443/3129 4722/4438/3124 1052/4389/3075
f 2262/4443/3129 4697/4388/3074 1050/4383/3069 4694/4382/3068
f 4724/4442/3128 2262/4443/3129 4694/4382/3068 1048/4377/3063
f 2263/4444/3130 4648/4292/2978 696/3204/2100 4110/3202/2098
f 4643/4283/2969 2263/4444/3130 4110/3202/2098 693/3201/2097
f 2263/4444/3130 4643/4283/2969 1028/4280/2966 4725/4445/3131
f 4648/4292/2978 2263/4444/3130 4725/4445/3131 1029/4293/2979
f 2264/4446/3132 4650/4296/2982 1029/4293/2979 4725/4445/3131
f 4641/4279/2965 2264/4446/3132 4725/4445/3131 1028/4280/2966
f 2264/4446/3132 4641/4279/2965 1027/4276/2962 4726/4447/3133
f 4650/4296/2982 2264/4446/3132 4726/4447/3133 1030/4297/2983
f 2265/4448/3134 4651/4300/2986 1030/4297/2983 4726/4447/3133
f 4639/4275/2961 2265/4448/3134 4726/4447/3133 1027/4276/2962
f 2265/4448/3134 4639/4275/2961 1026/4272/2958 4727/4449/3135
f 4651/4300/2986 2265/4448/3134 4727/4449/3135 1024/4263/2949
f 2266/4450/3136 4632/4262/2948 1024/4263/2949 4727/4449/3135
f 4637/4271/2957 2266/4450/3136 4727/4449/3135 1026/4272/2958
f 2266/4450/3136 4637/4271/2957 1025/4268/2954 4635/4267/2953
f 4632/4262/2948 2266/4450/3136 4635/4267/2953 1023/4264/2950
f 2267/4451/2085 4263/4452/2085 818/3646/2155 4316/3644/2085
f 4728/4453/2085 2267/4451/2085 4316/3644/2085 843/3645/2128
f 2267/4451/2085 4728/4453/2085 854/3695/2085 4419/4454/2085
f 4263/4452/2085 2267/4451/2085 4419/4454/2085 817/4455/2141
f 2268/4456/2085 4728/4453/2085 843/3645/2128 4347/3701/2085
f 4399/3806/2226 2268/4456/2085 4347/3701/2085 856/3702/2085
f 2268/4456/2085 4399/3806/2226 855/3698/2227 4346/3696/2085
f 4728/4453/2085 2268/4456/2085 4346/3696/2085 854/3695/2085
f 2269/4457/2155 4348/3700/2226 853/3686/2085 4340/3684/2250
f 4729/4458/2128 2269/4457/2155 4340/3684/2250 844/3651/2085
f 2269/4457/2155 4729/4458/2128 878/3799/2141 4395/3798/2227
f 4348/3700/2226 2269/4457/2155 4395/3798/2227 856/3702/2085
f 2270/4459/2226 4729/4458/2128 844/3651/2085 5132/4460/2259
f 5131/3629/2383 2270/4459/2226 5132/4460/2259 1211/3630/2384
f 2270/4459/2226 5131/3629/2383 840/3628/2382 4416/3842/2085
f 4729/4458/2128 2270/4459/2226 4416/3842/2085 878/3799/2141
f 2271/4461/3137 4730/4462/3138 712/3256/2085 4131/3254/2139
f 4731/4463/3139 2271/4461/3137 4131/3254/2139 698/3255/2140
f 2271/4461/3137 4731/4463/3139 713/3260/2144 4132/3259/2143
f 4730/4462/3138 2271/4461/3137 4132/3259/2143 714/3266/2150
f 2272/4464/3140 4731/4463/3139 698/3255/2140 5381/4465/3141
f 5421/4466/3142 2272/4464/3140 5381/4465/3141 1343/3213/2109
f 2272/4464/3140 5421/4466/3142 1350/3623/2377 5388/3622/2376
f 4731/4463/3139 2272/4464/3140 5388/3622/2376 713/3260/2144
f 2273/4467/2085 4420/4468/2085 1063/4469/2085 4421/4470/2085
f 4265/4471/2085 2273/4467/2085 4421/4470/2085 811/3529/2085
f 2273/4467/2085 4265/4471/2085 1208/3708/2085 5130/4472/2085
f 4420/4468/2085 2273/4467/2085 5130/4472/2085 817/4455/2141
f 2274/4473/2155 4421/4470/2085 1063/4469/2085 4733/4474/2085
f 4422/3313/2085 2274/4473/2155 4733/4474/2085 737/3314/2085
f 2274/4473/2155 4422/3313/2085 809/3320/2085 4254/3526/2085
f 4421/4470/2085 2274/4473/2155 4254/3526/2085 811/3529/2085
f 2275/4475/2085 4423/3315/2085 737/3314/2085 4424/4476/2085
f 4208/3428/2085 2275/4475/2085 4424/4476/2085 780/3430/2085
f 2275/4475/2085 4208/3428/2085 778/3427/2085 4220/3456/2085
f 4423/3315/2085 2275/4475/2085 4220/3456/2085 776/3317/2085
f 2276/4477/2085 4424/4476/2085 737/3314/2085 4733/4474/2085
f 4418/4478/2085 2276/4477/2085 4733/4474/2085 1063/4469/2085
f 2276/4477/2085 4418/4478/2085 786/3454/2085 4218/3453/2155
f 4424/4476/2085 2276/4477/2085 4218/3453/2155 780/3430/2085
f 2277/4479/2085 4418/4478/2085 1063/4469/2085 4420/4468/2085
f 4419/4454/2085 2277/4479/2085 4420/4468/2085 817/4455/2141
f 2277/4479/2085 4419/4454/2085 854/3695/2085 4344/3694/2085
f 4418/4478/2085 2277/4479/2085 4344/3694/2085 786/3454/2085
f 2278/4480/3143 4665/4325/3011 1034/4322/3008 4734/4481/3144
f 4668/4333/3019 2278/4480/3143 4734/4481/3144 1032/4304/2990
f 2278/4480/3143 4668/4333/3019 1036/4330/3016 4667/4329/3015
f 4665/4325/3011 2278/4480/3143 4667/4329/3015 1035/4326/3012
f 2279/4482/3145 4663/4321/3007 1033/4318/3004 4735/4483/3146
f 4653/4303/2989 2279/4482/3145 4735/4483/3146 1031/4305/2991
f 2279/4482/3145 4653/4303/2989 1032/4304/2990 4734/4481/3144
f 4663/4321/3007 2279/4482/3145 4734/4481/3144 1034/4322/3008
f 2280/4484/3147 4661/4317/3003 724/3281/2163 4143/3279/2161
f 4656/4308/2994 2280/4484/3147 4143/3279/2161 721/3278/2160
f 2280/4484/3147 4656/4308/2994 1031/4305/2991 4735/4483/3146
f 4661/4317/3003 2280/4484/3147 4735/4483/3146 1033/4318/3004
f 2281/4485/3148 5153/4486/3149 1221/3228/2124 4120/3226/2122
f 4333/4487/3150 2281/4485/3148 4120/3226/2122 850/3225/2121
f 2281/4485/3148 4333/4487/3150 715/3264/2148 5148/4488/3151
f 5153/4486/3149 2281/4485/3148 5148/4488/3151 1220/4489/3152
f 2282/4490/3153 5151/4491/3154 1220/4489/3152 5148/4488/3151
f 4134/3262/2146 2282/4490/3153 5148/4488/3151 715/3264/2148
f 2282/4490/3153 4134/3262/2146 716/3263/2147 4394/4492/3155
f 5151/4491/3154 2282/4490/3153 4394/4492/3155 701/3614/2368
f 2283/4493/3156 4095/4494/2077 682/4495/2084 4738/4496/3157
f 4737/4497/3158 2283/4493/3156 4738/4496/3157 1065/4498/3159
f 2283/4493/3156 4737/4497/3158 1064/4499/3160 4736/4500/3161
f 4095/4494/2077 2283/4493/3156 4736/4500/3161 681/4501/2078
f 2284/4502/3162 4739/4503/3163 708/4504/2131 4742/4505/3164
f 4741/4506/1384 2284/4502/3162 4742/4505/3164 1068/4507/1384
f 2284/4502/3162 4741/4506/1384 1352/4508/1384 5422/4509/3165
f 4739/4503/3163 2284/4502/3162 5422/4509/3165 1351/4510/3166
f 2285/4511/3167 4743/4512/3168 1069/4513/3169 4746/4514/3170
f 4745/4515/1384 2285/4511/3167 4746/4514/3170 1071/4516/1384
f 2285/4511/3167 4745/4515/1384 1070/4517/1384 4744/4518/3171
f 4743/4512/3168 2285/4511/3167 4744/4518/3171 709/4519/2134
f 2286/4520/3172 4747/4521/3173 1072/4522/3173 4750/4523/3174
f 4749/4524/3175 2286/4520/3172 4750/4523/3174 1075/4525/3175
f 2286/4520/3172 4749/4524/3175 1074/4526/3175 4748/4527/3176
f 4747/4521/3173 2286/4520/3172 4748/4527/3176 1073/4528/2245
f 2287/4529/3177 4751/4530/3178 789/4531/2266 4754/4532/3179
f 4753/4533/1384 2287/4529/3177 4754/4532/3179 1077/4534/1384
f 2287/4529/3177 4753/4533/1384 1076/4535/1384 4752/4536/3180
f 4751/4530/3178 2287/4529/3177 4752/4536/3180 738/4537/2188
f 2288/4538/3181 4732/4539/3182 697/4540/2106 4757/4541/3183
f 4756/4542/3184 2288/4538/3181 4757/4541/3183 1079/4543/3185
f 2288/4538/3181 4756/4542/3184 1078/4544/3186 4755/4545/3187
f 4732/4539/3182 2288/4538/3181 4755/4545/3187 839/4546/3188
f 2289/4547/3189 4758/4548/3190 833/4549/2347 4761/4550/3191
f 4760/4551/3192 2289/4547/3189 4761/4550/3191 1082/4552/3193
f 2289/4547/3189 4760/4551/3192 1081/4553/3194 4759/4554/3195
f 4758/4548/3190 2289/4547/3189 4759/4554/3195 1080/4555/3196
f 2290/4556/3197 4114/4557/2111 700/4558/2118 4764/4559/3198
f 4763/4560/3199 2290/4556/3197 4764/4559/3198 1084/4561/3200
f 2290/4556/3197 4763/4560/3199 1083/4562/3201 4762/4563/3202
f 4114/4557/2111 2290/4556/3197 4762/4563/3202 699/4564/2112
f 2291/4565/3203 4292/4566/2346 762/4567/2230 4766/4568/3204
f 4765/4569/3205 2291/4565/3203 4766/4568/3204 1085/4570/3206
f 2291/4565/3203 4765/4569/3205 1082/4552/3193 4761/4550/3191
f 4292/4566/2346 2291/4565/3203 4761/4550/3191 833/4549/2347
f 2292/4571/3207 4311/4572/3208 838/4573/3209 4769/4574/3210
f 4768/4575/3211 2292/4571/3207 4769/4574/3210 1087/4576/3212
f 2292/4571/3207 4768/4575/3211 1086/4577/3213 4767/4578/3214
f 4311/4572/3208 2292/4571/3207 4767/4578/3214 748/4579/2209
f 2293/4580/3215 4770/4581/3216 770/4582/2239 4773/4583/3217
f 4772/4584/3218 2293/4580/3215 4773/4583/3217 1089/4585/3219
f 2293/4580/3215 4772/4584/3218 1088/4586/3220 4771/4587/3221
f 4770/4581/3216 2293/4580/3215 4771/4587/3221 783/4588/2258
f 2294/4589/3222 4125/4590/2130 709/4519/2134 4744/4518/3171
f 4774/4591/1384 2294/4589/3222 4744/4518/3171 1070/4517/1384
f 2294/4589/3222 4774/4591/1384 1068/4507/1384 4742/4505/3164
f 4125/4590/2130 2294/4589/3222 4742/4505/3164 708/4504/2131
f 2295/4592/3223 4775/4593/3224 717/4594/2153 4777/4595/3225
f 4776/4596/1384 2295/4592/3223 4777/4595/3225 1090/4597/1384
f 2295/4592/3223 4776/4596/1384 1071/4516/1384 4746/4514/3170
f 4775/4593/3224 2295/4592/3223 4746/4514/3170 1069/4513/3169
f 2296/4598/3226 4144/4599/2168 726/4600/2174 4780/4601/3227
f 4779/4602/1384 2296/4598/3226 4780/4601/3227 1092/4603/1384
f 2296/4598/3226 4779/4602/1384 1091/4604/1384 4778/4605/3228
f 4144/4599/2168 2296/4598/3226 4778/4605/3228 725/4606/2169
f 2297/4607/3229 4152/4608/3230 734/4609/2248 4783/4610/3231
f 4782/4611/1384 2297/4607/3229 4783/4610/3231 1094/4612/1384
f 2297/4607/3229 4782/4611/1384 1209/4613/1384 5126/4614/3232
f 4152/4608/3230 2297/4607/3229 5126/4614/3232 1204/4615/2182
f 2298/4616/3233 4156/4617/2184 738/4537/2188 4752/4536/3180
f 4784/4618/1384 2298/4616/3233 4752/4536/3180 1076/4535/1384
f 2298/4616/3233 4784/4618/1384 1092/4603/1384 4780/4601/3227
f 4156/4617/2184 2298/4616/3233 4780/4601/3227 726/4600/2174
f 2299/4619/3234 4170/4620/2210 748/4579/2209 4767/4578/3214
f 4786/4621/3235 2299/4619/3234 4767/4578/3214 1086/4577/3213
f 2299/4619/3234 4786/4621/3235 1314/4622/3236 5346/4623/3237
f 4170/4620/2210 2299/4619/3234 5346/4623/3237 1304/4624/2212
f 2300/4625/3238 4191/4626/3239 771/4627/3240 4788/4628/3241
f 4787/4629/3242 2300/4625/3238 4788/4628/3241 1096/4630/3243
f 2300/4625/3238 4787/4629/3242 1315/4631/3175 5347/4632/3176
f 4191/4626/3239 2300/4625/3238 5347/4632/3176 1308/4633/2245
f 2301/4634/3244 4169/4635/3245 751/4636/3246 4785/4637/3247
f 4790/4638/3248 2301/4634/3244 4785/4637/3247 1095/4639/3249
f 2301/4634/3244 4790/4638/3248 1353/4640/1461 5423/4641/3250
f 4169/4635/3245 2301/4634/3244 5423/4641/3250 1347/4642/3251
f 2302/4643/3252 4791/4644/3253 1098/4645/3254 4794/4646/3255
f 4793/4647/1461 2302/4643/3252 4794/4646/3255 1100/4648/1461
f 2302/4643/3252 4793/4647/1461 1099/4649/1461 4792/4650/3256
f 4791/4644/3253 2302/4643/3252 4792/4650/3256 772/4651/3257
f 2303/4652/3258 4173/4653/3259 755/4654/3260 4797/4655/3261
f 4796/4656/1461 2303/4652/3258 4797/4655/3261 1102/4657/1461
f 2303/4652/3258 4796/4656/1461 1101/4658/1461 4795/4659/3262
f 4173/4653/3259 2303/4652/3258 4795/4659/3262 754/4660/3263
f 2304/4661/3264 4314/4662/3265 754/4660/3263 4795/4659/3262
f 4799/4663/1461 2304/4661/3264 4795/4659/3262 1101/4658/1461
f 2304/4661/3264 4799/4663/1461 1103/4664/1461 4798/4665/3266
f 4314/4662/3265 2304/4661/3264 4798/4665/3266 842/4666/2413
f 2305/4667/3267 4800/4668/3268 777/4669/3269 4803/4670/3270
f 4802/4671/1461 2305/4667/3267 4803/4670/3270 1106/4672/1461
f 2305/4667/3267 4802/4671/1461 1105/4673/1461 4801/4674/3271
f 4800/4668/3268 2305/4667/3267 4801/4674/3271 1104/4675/3272
f 2306/4676/3273 4205/4677/3274 757/4214/2900 4805/4212/2899
f 4804/4678/1461 2306/4676/3273 4805/4212/2899 1107/4213/1461
f 2306/4676/3273 4804/4678/1461 1106/4672/1461 4803/4670/3270
f 4205/4677/3274 2306/4676/3273 4803/4670/3270 777/4669/3269
f 2307/4679/3275 4806/4680/3276 1104/4675/3272 4801/4674/3271
f 4808/4681/1461 2307/4679/3275 4801/4674/3271 1105/4673/1461
f 2307/4679/3275 4808/4681/1461 1109/4682/1461 4807/4683/3277
f 4806/4680/3276 2307/4679/3275 4807/4683/3277 1108/4684/3278
f 2308/4685/3279 4195/4686/2247 725/4606/2169 4778/4605/3228
f 4809/4687/1384 2308/4685/3279 4778/4605/3228 1091/4604/1384
f 2308/4685/3279 4809/4687/1384 1094/4612/1384 4783/4610/3231
f 4195/4686/2247 2308/4685/3279 4783/4610/3231 734/4609/2248
f 2309/4688/3280 4306/4689/3281 839/4546/3188 4755/4545/3187
f 4811/4690/3282 2309/4688/3280 4755/4545/3187 1078/4544/3186
f 2309/4688/3280 4811/4690/3282 1084/4561/3200 4764/4559/3198
f 4306/4689/3281 2309/4688/3280 4764/4559/3198 700/4558/2118
f 2310/4691/3283 4212/4692/2254 783/4588/2258 4771/4587/3221
f 4813/4693/3284 2310/4691/3283 4771/4587/3221 1088/4586/3220
f 2310/4691/3283 4813/4693/3284 1111/4694/3285 4812/4695/3286
f 4212/4692/2254 2310/4691/3283 4812/4695/3286 763/4696/2236
f 2311/4697/3287 4814/4698/3288 1066/4699/3289 4740/4700/3290
f 4816/4701/3291 2311/4697/3287 4740/4700/3290 1067/4702/3292
f 2311/4697/3287 4816/4701/3291 1112/4703/3293 4815/4704/3294
f 4814/4698/3288 2311/4697/3287 4815/4704/3294 787/4705/2084
f 2312/4706/3295 4817/4707/3296 1080/4555/3196 4759/4554/3195
f 4818/4708/3297 2312/4706/3295 4759/4554/3195 1081/4553/3194
f 2312/4706/3295 4818/4708/3297 1075/4525/3175 4750/4523/3174
f 4817/4707/3296 2312/4706/3295 4750/4523/3174 1072/4522/3173
f 2313/4709/3298 4181/4710/2229 763/4696/2236 4812/4695/3286
f 4819/4711/3299 2313/4709/3298 4812/4695/3286 1111/4694/3285
f 2313/4709/3298 4819/4711/3299 1085/4570/3206 4766/4568/3204
f 4181/4710/2229 2313/4709/3298 4766/4568/3204 762/4567/2230
f 2314/4712/3300 4820/4713/3301 1113/4714/3302 4823/4715/3303
f 4822/4716/3304 2314/4712/3300 4823/4715/3303 1116/4717/3305
f 2314/4712/3300 4822/4716/3304 1115/4718/1384 4821/4719/3306
f 4820/4713/3301 2314/4712/3300 4821/4719/3306 1114/4720/3307
f 2315/4721/3308 4824/4722/3309 1108/4684/3278 4807/4683/3277
f 4825/4723/1461 2315/4721/3308 4807/4683/3277 1109/4682/1461
f 2315/4721/3308 4825/4723/1461 1100/4648/1461 4794/4646/3255
f 4824/4722/3309 2315/4721/3308 4794/4646/3255 1098/4645/3254
f 2316/4724/3310 4228/4725/2265 790/4726/2272 4827/4727/3311
f 4826/4728/1384 2316/4724/3310 4827/4727/3311 1117/4729/1384
f 2316/4724/3310 4826/4728/1384 1077/4534/1384 4754/4532/3179
f 4228/4725/2265 2316/4724/3310 4754/4532/3179 789/4531/2266
f 2317/4730/3312 4305/4731/3313 699/4564/2112 4762/4563/3202
f 4828/4732/3314 2317/4730/3312 4762/4563/3202 1083/4562/3201
f 2317/4730/3312 4828/4732/3314 1087/4576/3212 4769/4574/3210
f 4305/4731/3313 2317/4730/3312 4769/4574/3210 838/4573/3209
f 2318/4733/3315 4337/4734/3316 851/4735/2409 4831/4736/3317
f 4830/4737/1461 2318/4733/3315 4831/4736/3317 1119/4738/1461
f 2318/4733/3315 4830/4737/1461 1118/4739/1461 4829/4740/3318
f 4337/4734/3316 2318/4733/3315 4829/4740/3318 852/4741/3319
f 2319/4742/3267 4334/4743/2408 842/4666/2413 4798/4665/3266
f 4832/4744/1461 2319/4742/3267 4798/4665/3266 1103/4664/1461
f 2319/4742/3267 4832/4744/1461 1119/4738/1461 4831/4736/3317
f 4334/4743/2408 2319/4742/3267 4831/4736/3317 851/4735/2409
f 2320/4745/3320 4136/4746/2152 718/4747/2157 4834/4748/3321
f 4833/4749/1384 2320/4745/3320 4834/4748/3321 1120/4750/1384
f 2320/4745/3320 4833/4749/1384 1090/4597/1384 4777/4595/3225
f 4136/4746/2152 2320/4745/3320 4777/4595/3225 717/4594/2153
f 2321/4751/3322 4356/4752/2421 733/4753/2178 4781/4754/3323
f 4836/4755/3324 2321/4751/3322 4781/4754/3323 1093/4756/1384
f 2321/4751/3322 4836/4755/3324 1121/4757/3325 4835/4758/3326
f 4356/4752/2421 2321/4751/3322 4835/4758/3326 860/4759/2423
f 2322/4760/3327 4837/4761/3328 1122/4762/3329 4840/4763/3330
f 4839/4764/1384 2322/4760/3327 4840/4763/3330 1124/4765/1384
f 2322/4760/3327 4839/4764/1384 1120/4750/1384 4838/4766/3331
f 4837/4761/3328 2322/4760/3327 4838/4766/3331 1123/4767/3332
f 2323/4768/3333 4841/4769/3334 1125/4770/3335 4844/4771/3336
f 4843/4772/1384 2323/4768/3333 4844/4771/3336 1128/4773/1384
f 2323/4768/3333 4843/4772/1384 1127/4774/1384 4842/4775/3337
f 4841/4769/3334 2323/4768/3333 4842/4775/3337 1126/4776/3338
f 2324/4777/3339 4845/4778/3340 1126/4776/3338 4842/4775/3337
f 4846/4779/1384 2324/4777/3339 4842/4775/3337 1127/4774/1384
f 2324/4777/3339 4846/4779/1384 1124/4765/1384 4840/4763/3330
f 4845/4778/3340 2324/4777/3339 4840/4763/3330 1122/4762/3329
f 2325/4780/3341 4847/4781/3342 1129/4782/3343 4850/4783/3344
f 4849/4784/1384 2325/4780/3341 4850/4783/3344 1132/4785/1384
f 2325/4780/3341 4849/4784/1384 1131/4786/1384 4848/4787/3345
f 4847/4781/3342 2325/4780/3341 4848/4787/3345 1130/4788/3346
f 2326/4789/3347 4851/4790/3348 1133/4791/3349 4853/4792/3350
f 4852/4793/1384 2326/4789/3347 4853/4792/3350 1134/4794/1384
f 2326/4789/3347 4852/4793/1384 1128/4773/1384 4844/4771/3336
f 4851/4790/3348 2326/4789/3347 4844/4771/3336 1125/4770/3335
f 2327/4795/3351 4854/4796/3352 1130/4788/3346 4848/4787/3345
f 4855/4797/1384 2327/4795/3351 4848/4787/3345 1131/4786/1384
f 2327/4795/3351 4855/4797/1384 1134/4794/1384 4853/4792/3350
f 4854/4796/3352 2327/4795/3351 4853/4792/3350 1133/4791/3349
f 2328/4798/3353 4111/4799/2105 681/4501/2078 4736/4500/3161
f 4856/4800/3354 2328/4798/3353 4736/4500/3161 1064/4499/3160
f 2328/4798/3353 4856/4800/3354 1079/4543/3185 4757/4541/3183
f 4111/4799/2105 2328/4798/3353 4757/4541/3183 697/4540/2106
f 2329/4801/3355 4673/4340/3026 745/3344/2206 4164/3343/2205
f 4858/4802/3356 2329/4801/3355 4164/3343/2205 746/3342/2204
f 2329/4801/3355 4858/4802/3356 1135/4803/3357 4857/4804/3358
f 4673/4340/3026 2329/4801/3355 4857/4804/3358 1037/4341/3027
f 2330/4805/3359 4675/4344/3030 1037/4341/3027 4857/4804/3358
f 4859/4806/3360 2330/4805/3359 4857/4804/3358 1135/4803/3357
f 2330/4805/3359 4859/4806/3360 1039/4349/3035 4677/4348/3034
f 4675/4344/3030 2330/4805/3359 4677/4348/3034 1038/4345/3031
f 2331/4807/3361 4679/4352/3038 1039/4349/3035 4859/4806/3360
f 4860/4808/3362 2331/4807/3361 4859/4806/3360 1135/4803/3357
f 2331/4807/3361 4860/4808/3362 1041/4357/3043 4681/4356/3042
f 4679/4352/3038 2331/4807/3361 4681/4356/3042 1040/4353/3039
f 2332/4809/3363 4860/4808/3362 1135/4803/3357 4858/4802/3356
f 4861/4810/3364 2332/4809/3363 4858/4802/3356 746/3342/2204
f 2332/4809/3363 4861/4810/3364 1042/4361/3047 4683/4360/3046
f 4860/4808/3362 2332/4809/3363 4683/4360/3046 1041/4357/3043
f 2333/4811/3365 4861/4810/3364 746/3342/2204 4165/3340/2202
f 4684/4364/3050 2333/4811/3365 4165/3340/2202 747/3341/2203
f 2333/4811/3365 4684/4364/3050 1042/4361/3047 4861/4810/3364
f 2334/4812/3366 4862/4813/3367 1043/4367/3053 4685/4366/3052
f 4863/4814/3368 2334/4812/3366 4685/4366/3052 1044/4373/3059
f 2334/4812/3366 4863/4814/3368 990/4160/2849 4584/4158/2847
f 4862/4813/3367 2334/4812/3366 4584/4158/2847 991/4159/2848
f 2335/4815/3369 4863/4814/3368 1044/4373/3059 4689/4375/3061
f 4864/4816/3370 2335/4815/3369 4689/4375/3061 1047/4379/3065
f 2335/4815/3369 4864/4816/3370 993/4166/2855 4588/4165/2854
f 4863/4814/3368 2335/4815/3369 4588/4165/2854 990/4160/2849
f 2336/4817/3371 4864/4816/3370 1047/4379/3065 4692/4381/3067
f 4865/4818/3372 2336/4817/3371 4692/4381/3067 1049/4385/3071
f 2336/4817/3371 4865/4818/3372 995/4172/2861 4591/4171/2860
f 4864/4816/3370 2336/4817/3371 4591/4171/2860 993/4166/2855
f 2337/4819/3373 4865/4818/3372 1049/4385/3071 4695/4387/3073
f 4866/4820/3374 2337/4819/3373 4695/4387/3073 1051/4391/3077
f 2337/4819/3373 4866/4820/3374 997/4178/2867 4594/4177/2866
f 4865/4818/3372 2337/4819/3373 4594/4177/2866 995/4172/2861
f 2338/4821/3375 4866/4820/3374 1051/4391/3077 4698/4393/3079
f 4867/4822/3376 2338/4821/3375 4698/4393/3079 1053/4397/3083
f 2338/4821/3375 4867/4822/3376 999/4184/2873 4597/4183/2872
f 4866/4820/3374 2338/4821/3375 4597/4183/2872 997/4178/2867
f 2339/4823/3377 4867/4822/3376 1053/4397/3083 4701/4399/3085
f 4868/4824/3378 2339/4823/3377 4701/4399/3085 1055/4402/3088
f 2339/4823/3377 4868/4824/3378 1001/4190/2879 4600/4189/2878
f 4867/4822/3376 2339/4823/3377 4600/4189/2878 999/4184/2873
f 2340/4825/3379 4868/4824/3378 1055/4402/3088 4704/4404/3090
f 4869/4826/3380 2340/4825/3379 4704/4404/3090 1056/4406/3092
f 2340/4825/3379 4869/4826/3380 1003/4196/2885 4603/4195/2884
f 4868/4824/3378 2340/4825/3379 4603/4195/2884 1001/4190/2879
f 2341/4827/3381 4869/4826/3380 1056/4406/3092 4706/4408/3094
f 4870/4828/3382 2341/4827/3381 4706/4408/3094 1057/4410/3096
f 2341/4827/3381 4870/4828/3382 1005/4202/2891 4606/4201/2890
f 4869/4826/3380 2341/4827/3381 4606/4201/2890 1003/4196/2885
f 2342/4829/3383 4870/4828/3382 1057/4410/3096 4708/4412/3098
f 4862/4813/3367 2342/4829/3383 4708/4412/3098 1043/4367/3053
f 2342/4829/3383 4862/4813/3367 991/4159/2848 4608/4207/2896
f 4870/4828/3382 2342/4829/3383 4608/4207/2896 1005/4202/2891
f 2343/4830/3384 4871/4831/3385 926/3970/2659 4489/3969/2658
f 4872/4832/3386 2343/4830/3384 4489/3969/2658 927/3976/2665
f 2343/4833/3384 4872/4834/3386 866/3751/2450 4368/3749/2448
f 4871/4835/3385 2343/4833/3384 4368/3749/2448 867/3750/2449
f 2344/4836/3387 4872/4832/3386 927/3976/2665 4493/3978/2667
f 4873/4837/3388 2344/4836/3387 4493/3978/2667 930/3982/2671
f 2344/4838/3387 4873/4839/3388 868/3755/2454 4371/3754/2453
f 4872/4834/3386 2344/4838/3387 4371/3754/2453 866/3751/2450
f 2345/4840/3389 4873/4837/3388 930/3982/2671 4496/3984/2673
f 4874/4841/3390 2345/4840/3389 4496/3984/2673 932/3988/2677
f 2345/4842/3389 4874/4843/3390 869/3759/2458 4373/3758/2457
f 4873/4839/3388 2345/4842/3389 4373/3758/2457 868/3755/2454
f 2346/4844/3391 4874/4841/3390 932/3988/2677 4499/3990/2679
f 4875/4845/3392 2346/4844/3391 4499/3990/2679 934/3994/2683
f 2346/4846/3391 4875/4847/3392 870/3764/2463 4376/3763/2462
f 4874/4843/3390 2346/4846/3391 4376/3763/2462 869/3759/2458
f 2347/4848/3393 4875/4845/3392 934/3994/2683 4502/3996/2685
f 4876/4849/3394 2347/4848/3393 4502/3996/2685 936/4000/2689
f 2347/4850/3393 4876/4851/3394 871/3768/2467 4378/3767/2466
f 4875/4847/3392 2347/4850/3393 4378/3767/2466 870/3764/2463
f 2348/4852/3395 4876/4849/3394 936/4000/2689 4505/4002/2691
f 4877/4853/3396 2348/4852/3395 4505/4002/2691 938/4006/2695
f 2348/4854/3395 4877/4855/3396 872/3772/2471 4380/3771/2470
f 4876/4851/3394 2348/4854/3395 4380/3771/2470 871/3768/2467
f 2349/4856/3397 4877/4853/3396 938/4006/2695 4508/4008/2697
f 4878/4857/3398 2349/4856/3397 4508/4008/2697 940/4012/2701
f 2349/4858/3397 4878/4859/3398 873/3776/2475 4382/3775/2474
f 4877/4855/3396 2349/4858/3397 4382/3775/2474 872/3772/2471
f 2350/4860/3399 4878/4857/3398 940/4012/2701 4511/4014/2703
f 4879/4861/3400 2350/4860/3399 4511/4014/2703 942/4018/2707
f 2350/4862/3399 4879/4863/3400 874/3781/2480 4385/3780/2479
f 4878/4859/3398 2350/4862/3399 4385/3780/2479 873/3776/2475
f 2351/4864/3401 4879/4861/3400 942/4018/2707 4514/4020/2709
f 4880/4865/3402 2351/4864/3401 4514/4020/2709 944/4024/2713
f 2351/4866/3401 4880/4867/3402 875/3785/2484 4387/3784/2483
f 4879/4863/3400 2351/4866/3401 4387/3784/2483 874/3781/2480
f 2352/4868/3403 4880/4865/3402 944/4024/2713 4517/4026/2715
f 4881/4869/3404 2352/4868/3403 4517/4026/2715 946/4030/2719
f 2352/4870/3403 4881/4871/3404 876/3789/2488 4389/3788/2487
f 4880/4867/3402 2352/4870/3403 4389/3788/2487 875/3785/2484
f 2353/4872/3405 4881/4869/3404 946/4030/2719 4520/4032/2721
f 4882/4873/3406 2353/4872/3405 4520/4032/2721 948/4036/2725
f 2353/4874/3405 4882/4875/3406 877/3793/2492 4391/3792/2491
f 4881/4871/3404 2353/4874/3405 4391/3792/2491 876/3789/2488
f 2354/4876/3407 4882/4873/3406 948/4036/2725 4523/4038/2727
f 4871/4831/3385 2354/4876/3407 4523/4038/2727 926/3970/2659
f 2354/4877/3407 4871/4835/3385 867/3750/2449 4392/3796/2495
f 4882/4875/3406 2354/4877/3407 4392/3796/2495 877/3793/2492
f 2355/4878/3408 4883/4879/3409 950/4042/2731 4525/4041/2730
f 4884/4880/3410 2355/4878/3408 4525/4041/2730 951/4048/2737
f 2355/4881/3408 4884/4882/3410 879/3803/2500 4397/3801/2498
f 4883/4883/3409 2355/4881/3408 4397/3801/2498 880/3802/2499
f 2356/4884/3411 4884/4880/3410 951/4048/2737 4529/4050/2739
f 4885/4885/3412 2356/4884/3411 4529/4050/2739 954/4054/2743
f 2356/4886/3411 4885/4887/3412 881/3808/2504 4401/3807/2503
f 4884/4882/3410 2356/4886/3411 4401/3807/2503 879/3803/2500
f 2357/4888/3413 4885/4885/3412 954/4054/2743 4532/4056/2745
f 4886/4889/3414 2357/4888/3413 4532/4056/2745 956/4060/2749
f 2357/4890/3413 4886/4891/3414 882/3812/2508 4403/3811/2507
f 4885/4887/3412 2357/4890/3413 4403/3811/2507 881/3808/2504
f 2358/4892/3415 4886/4889/3414 956/4060/2749 4535/4062/2751
f 4887/4893/3416 2358/4892/3415 4535/4062/2751 958/4066/2755
f 2358/4894/3415 4887/4895/3416 883/3816/2512 4405/3815/2511
f 4886/4891/3414 2358/4894/3415 4405/3815/2511 882/3812/2508
f 2359/4896/3417 4887/4893/3416 958/4066/2755 4538/4068/2757
f 4888/4897/3418 2359/4896/3417 4538/4068/2757 960/4072/2761
f 2359/4898/3417 4888/4899/3418 884/3821/2516 4407/3820/2515
f 4887/4895/3416 2359/4898/3417 4407/3820/2515 883/3816/2512
f 2360/4900/3419 4888/4897/3418 960/4072/2761 4541/4074/2763
f 4889/4901/3420 2360/4900/3419 4541/4074/2763 962/4078/2767
f 2360/4902/3419 4889/4903/3420 885/3827/2520 4409/3826/2519
f 4888/4899/3418 2360/4902/3419 4409/3826/2519 884/3821/2516
f 2361/4904/3421 4889/4901/3420 962/4078/2767 4544/4080/2769
f 4890/4905/3422 2361/4904/3421 4544/4080/2769 964/4084/2773
f 2361/4906/3421 4890/4907/3422 886/3831/2524 4411/3830/2523
f 4889/4903/3420 2361/4906/3421 4411/3830/2523 885/3827/2520
f 2362/4908/3423 4890/4905/3422 964/4084/2773 4547/4086/2775
f 4891/4909/3424 2362/4908/3423 4547/4086/2775 966/4090/2779
f 2362/4910/3423 4891/4911/3424 887/3835/2528 4413/3834/2527
f 4890/4907/3422 2362/4910/3423 4413/3834/2527 886/3831/2524
f 2363/4912/3425 4891/4909/3424 966/4090/2779 4550/4092/2781
f 4892/4913/3426 2363/4912/3425 4550/4092/2781 968/4096/2785
f 2363/4914/3425 4892/4915/3426 888/3839/2532 4415/3838/2531
f 4891/4911/3424 2363/4914/3425 4415/3838/2531 887/3835/2528
f 2364/4916/3427 4892/4913/3426 968/4096/2785 4553/4098/2787
f 4883/4879/3409 2364/4916/3427 4553/4098/2787 950/4042/2731
f 2364/4917/3427 4883/4883/3409 880/3802/2499 4417/3843/2535
f 4892/4915/3426 2364/4917/3427 4417/3843/2535 888/3839/2532
f 2365/4918/3428 4893/4919/3429 970/4102/2791 4555/4101/2790
f 4894/4920/3430 2365/4918/3428 4555/4101/2790 971/4108/2797
f 2365/4921/3428 4894/4922/3430 889/3848/2540 4426/3846/2538
f 4893/4923/3429 2365/4921/3428 4426/3846/2538 890/3847/2539
f 2366/4924/3431 4894/4920/3430 971/4108/2797 4559/4110/2799
f 4895/4925/3432 2366/4924/3431 4559/4110/2799 974/4114/2803
f 2366/4926/3431 4895/4927/3432 891/3853/2544 4430/3852/2543
f 4894/4922/3430 2366/4926/3431 4430/3852/2543 889/3848/2540
f 2367/4928/3433 4895/4925/3432 974/4114/2803 4562/4116/2805
f 4896/4929/3434 2367/4928/3433 4562/4116/2805 976/4120/2809
f 2367/4930/3433 4896/4931/3434 892/3857/2548 4432/3856/2547
f 4895/4927/3432 2367/4930/3433 4432/3856/2547 891/3853/2544
f 2368/4932/3435 4896/4929/3434 976/4120/2809 4565/4122/2811
f 4897/4933/3436 2368/4932/3435 4565/4122/2811 978/4126/2815
f 2368/4934/3435 4897/4935/3436 893/3861/2552 4434/3860/2551
f 4896/4931/3434 2368/4934/3435 4434/3860/2551 892/3857/2548
f 2369/4936/3437 4897/4933/3436 978/4126/2815 4568/4128/2817
f 4898/4937/3438 2369/4936/3437 4568/4128/2817 980/4132/2821
f 2369/4938/3437 4898/4939/3438 894/3865/2556 4436/3864/2555
f 4897/4935/3436 2369/4938/3437 4436/3864/2555 893/3861/2552
f 2370/4940/3439 4898/4937/3438 980/4132/2821 4571/4134/2823
f 4899/4941/3440 2370/4940/3439 4571/4134/2823 982/4138/2827
f 2370/4942/3439 4899/4943/3440 895/3869/2560 4438/3868/2559
f 4898/4939/3438 2370/4942/3439 4438/3868/2559 894/3865/2556
f 2371/4944/3441 4899/4941/3440 982/4138/2827 4574/4140/2829
f 4900/4945/3442 2371/4944/3441 4574/4140/2829 984/4144/2833
f 2371/4946/3441 4900/4947/3442 896/3873/2564 4440/3872/2563
f 4899/4943/3440 2371/4946/3441 4440/3872/2563 895/3869/2560
f 2372/4948/3443 4900/4945/3442 984/4144/2833 4577/4146/2835
f 4901/4949/3444 2372/4948/3443 4577/4146/2835 986/4150/2839
f 2372/4950/3443 4901/4951/3444 897/3877/2568 4442/3876/2567
f 4900/4947/3442 2372/4950/3443 4442/3876/2567 896/3873/2564
f 2373/4952/3445 4901/4949/3444 986/4150/2839 4580/4152/2841
f 4893/4919/3429 2373/4952/3445 4580/4152/2841 970/4102/2791
f 2373/4953/3445 4893/4923/3429 890/3847/2539 4443/3880/2571
f 4901/4951/3444 2373/4953/3445 4443/3880/2571 897/3877/2568
f 2374/4954/3446 4902/4955/3447 988/4156/2845 4582/4155/2844
f 4903/4956/3448 2374/4954/3446 4582/4155/2844 989/4162/2851
f 2374/4957/3446 4903/4958/3448 898/3885/2576 4445/3883/2574
f 4902/4959/3447 2374/4957/3446 4445/3883/2574 899/3884/2575
f 2375/4960/3449 4903/4956/3448 989/4162/2851 4586/4164/2853
f 4904/4961/3450 2375/4960/3449 4586/4164/2853 992/4168/2857
f 2375/4962/3449 4904/4963/3450 900/3889/2580 4448/3888/2579
f 4903/4958/3448 2375/4962/3449 4448/3888/2579 898/3885/2576
f 2376/4964/3451 4904/4961/3450 992/4168/2857 4589/4170/2859
f 4905/4965/3452 2376/4964/3451 4589/4170/2859 994/4174/2863
f 2376/4966/3451 4905/4967/3452 901/3893/2584 4450/3892/2583
f 4904/4963/3450 2376/4966/3451 4450/3892/2583 900/3889/2580
f 2377/4968/3453 4905/4965/3452 994/4174/2863 4592/4176/2865
f 4906/4969/3454 2377/4968/3453 4592/4176/2865 996/4180/2869
f 2377/4970/3453 4906/4971/3454 902/3897/2588 4452/3896/2587
f 4905/4967/3452 2377/4970/3453 4452/3896/2587 901/3893/2584
f 2378/4972/3455 4906/4969/3454 996/4180/2869 4595/4182/2871
f 4907/4973/3456 2378/4972/3455 4595/4182/2871 998/4186/2875
f 2378/4974/3455 4907/4975/3456 904/3902/2592 4455/3901/2591
f 4906/4971/3454 2378/4974/3455 4455/3901/2591 902/3897/2588
f 2379/4976/3457 4907/4973/3456 998/4186/2875 4598/4188/2877
f 4908/4977/3458 2379/4976/3457 4598/4188/2877 1000/4192/2881
f 2379/4978/3457 4908/4979/3458 905/3908/2597 4458/3907/2596
f 4907/4975/3456 2379/4978/3457 4458/3907/2596 904/3902/2592
f 2380/4980/3459 4908/4977/3458 1000/4192/2881 4601/4194/2883
f 4909/4981/3460 2380/4980/3459 4601/4194/2883 1002/4198/2887
f 2380/4982/3459 4909/4983/3460 906/3912/2601 4460/3911/2600
f 4908/4979/3458 2380/4982/3459 4460/3911/2600 905/3908/2597
f 2381/4984/3461 4909/4981/3460 1002/4198/2887 4604/4200/2889
f 4910/4985/3462 2381/4984/3461 4604/4200/2889 1004/4204/2893
f 2381/4986/3461 4910/4987/3462 907/3916/2605 4462/3915/2604
f 4909/4983/3460 2381/4986/3461 4462/3915/2604 906/3912/2601
f 2382/4988/3463 4910/4985/3462 1004/4204/2893 4607/4206/2895
f 4902/4955/3447 2382/4988/3463 4607/4206/2895 988/4156/2845
f 2382/4989/3463 4902/4959/3447 899/3884/2575 4463/3919/2608
f 4910/4987/3462 2382/4989/3463 4463/3919/2608 907/3916/2605
f 2383/4990/2085 4428/3851/2333 769/3389/2085 4190/3387/2085
f 4911/4991/2085 2383/4990/2085 4190/3387/2085 766/3386/2085
f 2383/4990/2085 4911/4991/2085 729/3296/2085 4148/3295/2085
f 4428/3851/2333 2383/4990/2085 4148/3295/2085 730/3302/2082
f 2384/4992/2085 4911/4991/2085 766/3386/2085 4221/3457/2085
f 4206/3426/2085 2384/4992/2085 4221/3457/2085 778/3427/2085
f 2384/4992/2085 4206/3426/2085 1218/3415/2085 4201/3414/2085
f 4911/4991/2085 2384/4992/2085 4201/3414/2085 729/3296/2085
f 2385/4993/3464 4277/3566/2330 829/3570/2085 4322/3660/2085
f 4913/4994/3465 2385/4993/3464 4322/3660/2085 706/3238/2085
f 2385/4993/3464 4913/4994/3465 826/3560/2324 4912/4995/3466
f 4277/3566/2330 2385/4993/3464 4912/4995/3466 828/3567/2331
f 2386/4996/3467 4913/4994/3465 706/3238/2085 4123/3236/2085
f 4914/4997/3468 2386/4996/3467 4123/3236/2085 707/3237/2085
f 2386/4996/3467 4914/4997/3468 827/3563/2327 4276/3561/2325
f 4913/4994/3465 2386/4996/3467 4276/3561/2325 826/3560/2324
f 2387/4998/2252 4914/4997/3468 707/3237/2085 4281/3572/2250
f 4916/4999/2085 2387/4998/2252 4281/3572/2250 760/3369/2155
f 2387/4998/2252 4916/4999/2085 1317/5000/2085 5348/5001/2155
f 4915/5002/3469 2387/4998/2252 5348/5001/2155 1316/5003/2250
f 2387/4998/2252 4915/5002/3469 827/3563/2327 4914/4997/3468
f 2388/5004/2085 4916/4999/2085 760/3369/2155 4179/3367/2155
f 5302/5005/2085 2388/5004/2085 4179/3367/2155 761/3368/2155
f 2388/5004/2085 5302/5005/2085 1318/5006/2085 5349/5007/2085
f 4916/4999/2085 2388/5004/2085 5349/5007/2085 1317/5000/2085
f 2389/5008/2085 5302/5005/2085 761/3368/2155 4186/3383/2085
f 5294/3424/2085 2389/5008/2085 4186/3383/2085 732/3299/2085
f 2389/5008/2085 5294/3424/2085 1310/3423/2155 5350/5009/2155
f 5302/5005/2085 2389/5008/2085 5350/5009/2155 1318/5006/2085
f 2390/5010/3470 4918/5011/3471 1064/4499/3160 4737/4497/3158
f 4920/5012/3472 2390/5010/3470 4737/4497/3158 1065/4498/3159
f 2390/5010/3470 4920/5012/3472 1137/5013/3473 4919/5014/3474
f 4918/5011/3471 2390/5010/3470 4919/5014/3474 1136/5015/3475
f 2391/5016/3476 4921/5017/3477 1067/5018/3292 5390/5019/3478
f 5424/5020/1384 2391/5016/3476 5390/5019/3478 1352/4508/1384
f 2391/5016/3476 5424/5020/1384 1354/5021/1384 5392/5022/3479
f 4921/5017/3477 2391/5016/3476 5392/5022/3479 1138/5023/3480
f 2392/5024/1384 4924/5025/1384 1070/4517/1384 4745/4515/1384
f 4926/5026/1384 2392/5024/1384 4745/4515/1384 1071/4516/1384
f 2392/5024/1384 4926/5026/1384 1141/5027/1384 4925/5028/1384
f 4924/5025/1384 2392/5024/1384 4925/5028/1384 1140/5029/1384
f 2393/5030/1384 4927/5031/1384 1076/4535/1384 4753/4533/1384
f 4929/5032/1384 2393/5030/1384 4753/4533/1384 1077/4534/1384
f 2393/5030/1384 4929/5032/1384 1143/5033/1384 4928/5034/1384
f 4927/5031/1384 2393/5030/1384 4928/5034/1384 1142/5035/1384
f 2394/5036/3481 4930/5037/3482 1078/4544/3186 4756/4542/3184
f 4932/5038/3483 2394/5036/3481 4756/4542/3184 1079/4543/3185
f 2394/5036/3481 4932/5038/3483 1145/5039/3484 4931/5040/3485
f 4930/5037/3482 2394/5036/3481 4931/5040/3485 1144/5041/3486
f 2395/5042/3487 4933/5043/3488 1081/4553/3194 4760/4551/3192
f 4935/5044/3489 2395/5042/3487 4760/4551/3192 1082/4552/3193
f 2395/5042/3487 4935/5044/3489 1147/5045/3490 4934/5046/3491
f 4933/5043/3488 2395/5042/3487 4934/5046/3491 1146/5047/3492
f 2396/5048/3493 4936/5049/3494 1083/4562/3201 4763/4560/3199
f 4938/5050/3495 2396/5048/3493 4763/4560/3199 1084/4561/3200
f 2396/5048/3493 4938/5050/3495 1149/5051/3496 4937/5052/3497
f 4936/5049/3494 2396/5048/3493 4937/5052/3497 1148/5053/3498
f 2397/5054/3499 4935/5044/3489 1082/4552/3193 4765/4569/3205
f 4940/5055/3500 2397/5054/3499 4765/4569/3205 1085/4570/3206
f 2397/5054/3499 4940/5055/3500 1150/5056/3501 4939/5057/3502
f 4935/5044/3489 2397/5054/3499 4939/5057/3502 1147/5045/3490
f 2398/5058/3503 4941/5059/3504 1086/4577/3213 4768/4575/3211
f 4943/5060/3505 2398/5058/3503 4768/4575/3211 1087/4576/3212
f 2398/5058/3503 4943/5060/3505 1152/5061/3506 4942/5062/3507
f 4941/5059/3504 2398/5058/3503 4942/5062/3507 1151/5063/3508
f 2399/5064/3509 4944/5065/3510 1088/4586/3220 4772/4584/3218
f 4946/5066/3511 2399/5064/3509 4772/4584/3218 1089/4585/3219
f 2399/5064/3509 4946/5066/3511 1154/5067/3512 4945/5068/3513
f 4944/5065/3510 2399/5064/3509 4945/5068/3513 1153/5069/3514
f 2400/5070/1384 4923/5071/1384 1068/4507/1384 4774/4591/1384
f 4924/5025/1384 2400/5070/1384 4774/4591/1384 1070/4517/1384
f 2400/5070/1384 4924/5025/1384 1140/5029/1384 4947/5072/1384
f 4923/5071/1384 2400/5070/1384 4947/5072/1384 1139/5073/1384
f 2401/5074/1384 4926/5026/1384 1071/4516/1384 4776/4596/1384
f 4949/5075/1384 2401/5074/1384 4776/4596/1384 1090/4597/1384
f 2401/5074/1384 4949/5075/1384 1155/5076/1384 4948/5077/1384
f 4926/5026/1384 2401/5074/1384 4948/5077/1384 1141/5027/1384
f 2402/5078/1384 4950/5079/1384 1091/4604/1384 4779/4602/1384
f 4952/5080/1384 2402/5078/1384 4779/4602/1384 1092/4603/1384
f 2402/5078/1384 4952/5080/1384 1157/5081/1384 4951/5082/1384
f 4950/5079/1384 2402/5078/1384 4951/5082/1384 1156/5083/1384
f 2403/5084/1384 4953/5085/1384 1093/4756/1384 5121/5086/1384
f 5127/5087/1384 2403/5084/1384 5121/5086/1384 1209/4613/1384
f 2403/5084/1384 5127/5087/1384 1210/5088/1384 5122/5089/1384
f 4953/5085/1384 2403/5084/1384 5122/5089/1384 1158/3148/1384
f 2404/5090/1384 4952/5080/1384 1092/4603/1384 4784/4618/1384
f 4927/5031/1384 2404/5090/1384 4784/4618/1384 1076/4535/1384
f 2404/5090/1384 4927/5031/1384 1142/5035/1384 4956/5091/1384
f 4952/5080/1384 2404/5090/1384 4956/5091/1384 1157/5081/1384
f 2405/5092/3515 4957/5093/3516 1095/5094/3249 5298/5095/3517
f 5351/5096/3518 2405/5092/3515 5298/5095/3517 1314/4622/3236
f 2405/5092/3515 5351/5096/3518 1319/5097/3519 5303/5098/3520
f 4957/5093/3516 2405/5092/3515 5303/5098/3520 1160/5099/3521
f 2406/5100/3522 4946/5066/3511 1089/4585/3219 5299/5101/3523
f 5352/5102/3524 2406/5100/3522 5299/5101/3523 1315/4631/3175
f 2406/5100/3522 5352/5102/3524 1320/5103/3525 5304/5104/3526
f 4946/5066/3511 2406/5100/3522 5304/5104/3526 1154/5067/3512
f 2407/5105/1461 4961/5106/1461 1102/4657/1461 4964/5107/1461
f 4963/5108/1461 2407/5105/1461 4964/5107/1461 1097/5109/1461
f 2407/5105/1461 4963/5108/1461 1163/5110/1461 4962/5111/1461
f 4961/5106/1461 2407/5105/1461 4962/5111/1461 1162/5112/1461
f 2408/5113/3527 4960/5114/3528 1096/5115/3243 4967/5116/3529
f 4966/5117/1461 2408/5113/3527 4967/5116/3529 1099/4649/1461
f 2408/5113/3527 4966/5117/1461 1164/5118/1461 4965/5119/3530
f 4960/5114/3528 2408/5113/3527 4965/5119/3530 1161/5120/3531
f 2409/5121/1461 4968/5122/1461 1101/4658/1461 4796/4656/1461
f 4961/5106/1461 2409/5121/1461 4796/4656/1461 1102/4657/1461
f 2409/5121/1461 4961/5106/1461 1162/5112/1461 4969/5123/1461
f 4968/5122/1461 2409/5121/1461 4969/5123/1461 1165/5124/1461
f 2410/5125/1461 4970/5126/1461 1103/4664/1461 4799/4663/1461
f 4968/5122/1461 2410/5125/1461 4799/4663/1461 1101/4658/1461
f 2410/5125/1461 4968/5122/1461 1165/5124/1461 4971/5127/1461
f 4970/5126/1461 2410/5125/1461 4971/5127/1461 1166/5128/1461
f 2411/5129/1461 4972/5130/1461 1105/4673/1461 4802/4671/1461
f 4974/5131/1461 2411/5129/1461 4802/4671/1461 1106/4672/1461
f 2411/5129/1461 4974/5131/1461 1168/5132/1461 4973/5133/1461
f 4972/5130/1461 2411/5129/1461 4973/5133/1461 1167/5134/1461
f 2412/5135/1461 4974/5131/1461 1106/4672/1461 4804/4678/1461
f 4976/5136/1461 2412/5135/1461 4804/4678/1461 1107/4213/1461
f 2412/5135/1461 4976/5136/1461 1169/5137/1461 4975/5138/1461
f 4974/5131/1461 2412/5135/1461 4975/5138/1461 1168/5132/1461
f 2413/5139/1461 4977/5140/1461 1109/4682/1461 4808/4681/1461
f 4972/5130/1461 2413/5139/1461 4808/4681/1461 1105/4673/1461
f 2413/5139/1461 4972/5130/1461 1167/5134/1461 4978/5141/1461
f 4977/5140/1461 2413/5139/1461 4978/5141/1461 1170/5142/1461
f 2414/5143/1384 4955/5144/1384 1094/4612/1384 4809/4687/1384
f 4950/5079/1384 2414/5143/1384 4809/4687/1384 1091/4604/1384
f 2414/5143/1384 4950/5079/1384 1156/5083/1384 4979/5145/1384
f 4955/5144/1384 2414/5143/1384 4979/5145/1384 1159/5146/1384
f 2415/5147/3532 4938/5050/3495 1084/4561/3200 4811/4690/3282
f 4930/5037/3482 2415/5147/3532 4811/4690/3282 1078/4544/3186
f 2415/5147/3532 4930/5037/3482 1144/5041/3486 4980/5148/3533
f 4938/5050/3495 2415/5147/3532 4980/5148/3533 1149/5051/3496
f 2416/5149/3534 4981/5150/3535 1111/4694/3285 4813/4693/3284
f 4944/5065/3510 2416/5149/3534 4813/4693/3284 1088/4586/3220
f 2416/5149/3534 4944/5065/3510 1153/5069/3514 4982/5151/3536
f 4981/5150/3535 2416/5149/3534 4982/5151/3536 1171/5152/3537
f 2417/5153/3538 4920/5012/3472 1065/4498/3159 4985/5154/3539
f 4984/5155/3540 2417/5153/3538 4985/5154/3539 1112/4703/3293
f 2417/5153/3538 4984/5155/3540 1172/5156/3541 4983/5157/3542
f 4920/5012/3472 2417/5153/3538 4983/5157/3542 1137/5013/3473
f 2418/5158/3543 4986/5159/3524 1075/4525/3175 4818/4708/3297
f 4933/5043/3488 2418/5158/3543 4818/4708/3297 1081/4553/3194
f 2418/5158/3543 4933/5043/3488 1146/5047/3492 4987/5160/3544
f 4986/5159/3524 2418/5158/3543 4987/5160/3544 1173/5161/3525
f 2419/5162/3545 4940/5055/3500 1085/4570/3206 4819/4711/3299
f 4981/5150/3535 2419/5162/3545 4819/4711/3299 1111/4694/3285
f 2419/5162/3545 4981/5150/3535 1171/5152/3537 4988/5163/3546
f 4940/5055/3500 2419/5162/3545 4988/5163/3546 1150/5056/3501
f 2420/5164/1384 4989/5165/1384 1117/4729/1384 4992/5166/1384
f 4991/5167/1384 2420/5164/1384 4992/5166/1384 1115/4718/1384
f 2420/5164/1384 4991/5167/1384 1175/5168/1384 4990/5169/1384
f 4989/5165/1384 2420/5164/1384 4990/5169/1384 1174/5170/1384
f 2421/5171/1461 4993/5172/1461 1100/4648/1461 4825/4723/1461
f 4977/5140/1461 2421/5171/1461 4825/4723/1461 1109/4682/1461
f 2421/5171/1461 4977/5140/1461 1170/5142/1461 4994/5173/1461
f 4993/5172/1461 2421/5171/1461 4994/5173/1461 1176/5174/1461
f 2422/5175/1384 4929/5032/1384 1077/4534/1384 4826/4728/1384
f 4989/5165/1384 2422/5175/1384 4826/4728/1384 1117/4729/1384
f 2422/5175/1384 4989/5165/1384 1174/5170/1384 4995/5176/1384
f 4929/5032/1384 2422/5175/1384 4995/5176/1384 1143/5033/1384
f 2423/5177/3547 4943/5060/3505 1087/4576/3212 4828/4732/3314
f 4936/5049/3494 2423/5177/3547 4828/4732/3314 1083/4562/3201
f 2423/5177/3547 4936/5049/3494 1148/5053/3498 4996/5178/3548
f 4943/5060/3505 2423/5177/3547 4996/5178/3548 1152/5061/3506
f 2424/5179/1461 4997/5180/1461 1118/4739/1461 4830/4737/1461
f 4999/5181/1461 2424/5179/1461 4830/4737/1461 1119/4738/1461
f 2424/5179/1461 4999/5181/1461 1178/5182/1461 4998/5183/1461
f 4997/5180/1461 2424/5179/1461 4998/5183/1461 1177/5184/1461
f 2425/5185/1461 4999/5181/1461 1119/4738/1461 4832/4744/1461
f 4970/5126/1461 2425/5185/1461 4832/4744/1461 1103/4664/1461
f 2425/5185/1461 4970/5126/1461 1166/5128/1461 5000/5186/1461
f 4999/5181/1461 2425/5185/1461 5000/5186/1461 1178/5182/1461
f 2426/5187/1384 4833/4749/1384 1120/4750/1384 5002/5188/1384
f 5001/5189/1384 2426/5187/1384 5002/5188/1384 1179/5190/1384
f 2426/5187/1384 5001/5189/1384 1155/5076/1384 4949/5075/1384
f 4833/4749/1384 2426/5187/1384 4949/5075/1384 1090/4597/1384
f 2427/5191/1461 4810/4211/1461 1110/4210/1461 5004/5192/1461
f 5003/5193/1461 2427/5191/1461 5004/5192/1461 1180/5194/1461
f 2427/5191/1461 5003/5193/1461 1169/5137/1461 4976/5136/1461
f 4810/4211/1461 2427/5191/1461 4976/5136/1461 1107/4213/1461
f 2428/5195/1384 5002/5188/1384 1120/4750/1384 4839/4764/1384
f 5006/5196/1384 2428/5195/1384 4839/4764/1384 1124/4765/1384
f 2428/5195/1384 5006/5196/1384 1181/5197/1384 5005/5198/1384
f 5002/5188/1384 2428/5195/1384 5005/5198/1384 1179/5190/1384
f 2429/5199/1384 5007/5200/1384 1127/4774/1384 4843/4772/1384
f 5009/5201/1384 2429/5199/1384 4843/4772/1384 1128/4773/1384
f 2429/5199/1384 5009/5201/1384 1183/5202/1384 5008/5203/1384
f 5007/5200/1384 2429/5199/1384 5008/5203/1384 1182/5204/1384
f 2430/5205/1384 5006/5196/1384 1124/4765/1384 4846/4779/1384
f 5007/5200/1384 2430/5205/1384 4846/4779/1384 1127/4774/1384
f 2430/5205/1384 5007/5200/1384 1182/5204/1384 5010/5206/1384
f 5006/5196/1384 2430/5205/1384 5010/5206/1384 1181/5197/1384
f 2431/5207/1384 5011/5208/1384 1131/4786/1384 4849/4784/1384
f 5013/5209/1384 2431/5207/1384 4849/4784/1384 1132/4785/1384
f 2431/5207/1384 5013/5209/1384 1185/3147/1384 5012/5210/1384
f 5011/5208/1384 2431/5207/1384 5012/5210/1384 1184/5211/1384
f 2432/5212/1384 5009/5201/1384 1128/4773/1384 4852/4793/1384
f 5016/5213/1384 2432/5212/1384 4852/4793/1384 1134/4794/1384
f 2432/5212/1384 5016/5213/1384 1186/5214/1384 5015/5215/1384
f 5009/5201/1384 2432/5212/1384 5015/5215/1384 1183/5202/1384
f 2433/5216/1384 5016/5213/1384 1134/4794/1384 4855/4797/1384
f 5011/5208/1384 2433/5216/1384 4855/4797/1384 1131/4786/1384
f 2433/5216/1384 5011/5208/1384 1184/5211/1384 5017/5217/1384
f 5016/5213/1384 2433/5216/1384 5017/5217/1384 1186/5214/1384
f 2434/5218/3549 4932/5038/3483 1079/4543/3185 4856/4800/3354
f 4918/5011/3471 2434/5218/3549 4856/4800/3354 1064/4499/3160
f 2434/5218/3549 4918/5011/3471 1136/5015/3475 5018/5219/3550
f 4932/5038/3483 2434/5218/3549 5018/5219/3550 1145/5039/3484
f 2435/5220/1461 5106/5221/1461 1199/5222/1461 5105/5223/1461
f 5004/5192/1461 2435/5220/1461 5105/5223/1461 1180/5194/1461
f 2435/5220/1461 5004/5192/1461 1110/4210/1461 5103/5224/1461
f 5106/5221/1461 2435/5220/1461 5103/5224/1461 1198/5225/1461
f 2436/5226/2155 4175/5227/2085 1006/5228/2085 5096/5229/2155
f 5353/5230/2085 2436/5226/2155 5096/5229/2155 1321/5231/2085
f 2436/5226/2155 5353/5230/2085 1307/3422/2141 5291/3420/2155
f 4175/5227/2085 2436/5226/2155 5291/3420/2155 756/3418/2085
f 2437/5232/2085 5297/5233/2085 1007/5234/2085 4336/5235/2085
f 5296/5236/2085 2437/5232/2085 4336/5235/2085 849/5237/2082
f 2437/5232/2085 5296/5236/2085 1312/3680/2085 5354/5238/2227
f 5297/5233/2085 2437/5232/2085 5354/5238/2227 1313/5239/2141
f 2438/5240/3551 5020/5241/3552 1187/5242/3553 5022/5243/3554
f 5021/5244/3555 2438/5240/3551 5022/5243/3554 1188/5245/3556
f 2438/5246/3551 5021/5247/3555 1125/4770/3335 4841/4769/3334
f 5020/5248/3552 2438/5246/3551 4841/4769/3334 1126/4776/3338
f 2439/5249/3557 5023/5250/3558 1189/5251/3559 5024/5252/3560
f 5020/5241/3552 2439/5249/3557 5024/5252/3560 1187/5242/3553
f 2439/5253/3557 5020/5248/3552 1126/4776/3338 4845/4778/3340
f 5023/5254/3558 2439/5253/3557 4845/4778/3340 1122/4762/3329
f 2440/5255/3561 5025/5256/3562 1015/4231/2917 4617/4229/2915
f 5026/5257/3563 2440/5255/3561 4617/4229/2915 1012/4228/2914
f 2440/5258/3561 5026/5259/3563 1129/4782/3343 4847/4781/3342
f 5025/5260/3562 2440/5258/3561 4847/4781/3342 1130/4788/3346
f 2441/5261/3564 5021/5244/3555 1188/5245/3556 5028/5262/3565
f 5027/5263/3566 2441/5261/3564 5028/5262/3565 1058/4416/3102
f 2441/5264/3564 5027/5265/3566 1133/4791/3349 4851/4790/3348
f 5021/5247/3555 2441/5264/3564 4851/4790/3348 1125/4770/3335
f 2442/5266/3567 5027/5263/3566 1058/4416/3102 4710/4415/3101
f 5025/5256/3562 2442/5266/3567 4710/4415/3101 1015/4231/2917
f 2442/5267/3567 5025/5260/3562 1130/4788/3346 4854/4796/3352
f 5027/5265/3566 2442/5267/3567 4854/4796/3352 1133/4791/3349
f 2443/5268/3568 5023/5254/3558 1122/4762/3329 4837/4761/3328
f 5030/5269/3569 2443/5268/3568 4837/4761/3328 1123/4767/3332
f 2443/5270/3568 5030/5271/3569 1190/5272/3570 5029/5273/3571
f 5023/5250/3558 2443/5270/3568 5029/5273/3571 1189/5251/3559
f 2444/5274/3572 5026/5257/3563 1012/4228/2914 5033/5275/3573
f 5032/5276/3574 2444/5274/3572 5033/5275/3573 915/3934/2623
f 2444/5277/3572 5032/5278/3574 1121/4757/3325 5031/5279/3575
f 5026/5259/3563 2444/5277/3572 5031/5279/3575 1129/4782/3343
f 2445/5280/3576 5034/5281/3577 908/3922/2611 4466/3921/2610
f 5035/5282/3578 2445/5280/3576 4466/3921/2610 909/3928/2617
f 2445/5283/3576 5035/5284/3578 857/3716/2418 4352/3714/2416
f 5034/5285/3577 2445/5283/3576 4352/3714/2416 858/3715/2417
f 2446/5286/3579 5036/5287/3580 912/3931/2620 4470/3930/2619
f 5037/5288/3581 2446/5286/3579 4470/3930/2619 913/3937/2626
f 2446/5289/3579 5037/5290/3581 859/3722/2424 4355/3720/2422
f 5036/5291/3580 2446/5289/3579 4355/3720/2422 860/3721/2423
f 2447/5292/3582 5038/5293/3583 916/3940/2629 4474/3939/2628
f 5039/5294/3584 2447/5292/3582 4474/3939/2628 917/3946/2635
f 2447/5295/3582 5039/5296/3584 861/3730/2430 4358/3728/2428
f 5038/5297/3583 2447/5295/3582 4358/3728/2428 862/3729/2429
f 2448/5298/3585 5039/5294/3584 917/3946/2635 4478/3948/2637
f 5040/5299/3586 2448/5298/3585 4478/3948/2637 920/3952/2641
f 2448/5300/3585 5040/5301/3586 863/3734/2434 4361/3733/2433
f 5039/5296/3584 2448/5300/3585 4361/3733/2433 861/3730/2430
f 2449/5302/3587 5040/5299/3586 920/3952/2641 4481/3954/2643
f 5041/5303/3588 2449/5302/3587 4481/3954/2643 922/3958/2647
f 2449/5304/3587 5041/5305/3588 864/3739/2438 4363/3738/2437
f 5040/5301/3586 2449/5304/3587 4363/3738/2437 863/3734/2434
f 2450/5306/3589 5041/5303/3588 922/3958/2647 4484/3960/2649
f 5042/5307/3590 2450/5306/3589 4484/3960/2649 924/3964/2653
f 2450/5308/3589 5042/5309/3590 865/3743/2442 4365/3742/2441
f 5041/5305/3588 2450/5308/3589 4365/3742/2441 864/3739/2438
f 2451/5310/3591 5042/5307/3590 924/3964/2653 4487/3966/2655
f 5034/5281/3577 2451/5310/3591 4487/3966/2655 908/3922/2611
f 2451/5311/3591 5034/5285/3577 858/3715/2417 4366/3746/2445
f 5042/5309/3590 2451/5311/3591 4366/3746/2445 865/3743/2442
f 2452/5312/2085 4225/3465/2085 710/3247/2085 4127/3245/2085
f 4224/5313/2250 2452/5312/2085 4127/3245/2085 711/3246/2085
f 2452/5312/2085 4224/5313/2250 683/3481/2250 4232/3479/2085
f 4225/3465/2085 2452/5312/2085 4232/3479/2085 686/3189/2085
f 2453/5314/2085 4350/3712/2128 719/3273/2155 4138/3271/2085
f 4343/3691/2085 2453/5314/2085 4138/3271/2085 720/3272/2155
f 2453/5314/2085 4343/3691/2085 796/3487/2085 4236/3485/2250
f 4350/3712/2128 2453/5314/2085 4236/3485/2250 793/3484/2250
f 2454/5315/3592 5044/5316/3593 727/3291/2172 4146/3289/2171
f 5045/5317/2085 2454/5315/3592 4146/3289/2171 728/3290/2141
f 2454/5315/3592 5045/5317/2085 903/3904/2141 4456/3906/2595
f 5044/5316/3593 2454/5315/3592 4456/3906/2595 802/3505/2281
f 2455/5318/2085 5046/5319/2250 735/3407/2250 5117/5320/2085
f 5128/5321/2085 2455/5318/2085 5117/5320/2085 1205/3309/2085
f 2455/5318/2085 5128/5321/2085 1207/3496/2085 5119/3494/2085
f 5046/5319/2250 2455/5318/2085 5119/3494/2085 797/3493/2275
f 2456/5322/2393 4289/3590/2344 739/3324/2186 4158/3323/2185
f 5044/5316/3593 2456/5322/2393 4158/3323/2185 727/3291/2172
f 2456/5322/2393 5044/5316/3593 802/3505/2281 4243/3503/2279
f 4289/3590/2344 2456/5322/2393 4243/3503/2279 801/3502/2278
f 2457/5323/2085 5045/5317/2085 728/3290/2141 4196/3406/2141
f 5046/5319/2250 2457/5323/2085 4196/3406/2141 735/3407/2250
f 2457/5323/2085 5046/5319/2250 797/3493/2275 4453/3900/2141
f 5045/5317/2085 2457/5323/2085 4453/3900/2141 903/3904/2141
f 2458/5324/3594 4814/5325/3288 787/3463/2084 5386/3462/2262
f 5425/5326/3595 2458/5324/3594 5386/3462/2262 1348/3461/2082
f 2458/5324/3594 5425/5326/3595 1351/5327/3166 5389/5328/3596
f 4814/5325/3288 2458/5324/3594 5389/5328/3596 1066/5329/3289
f 2459/5330/3597 4126/3248/2133 710/3247/2085 4226/3468/2141
f 5048/5331/3598 2459/5330/3597 4226/3468/2141 788/3467/2141
f 2459/5330/3597 5048/5331/3598 1069/5332/3169 4743/5333/3168
f 4126/3248/2133 2459/5330/3597 4743/5333/3168 709/3249/2134
f 2460/5334/3599 4301/3610/2364 791/3475/2270 4230/3473/2268
f 4291/3588/2342 2460/5334/3599 4230/3473/2268 792/3474/2269
f 2460/5334/3599 4291/3588/2342 832/3587/2341 4374/3762/2461
f 4301/3610/2364 2460/5334/3599 4374/3762/2461 835/3611/2365
f 2461/5335/3600 4157/3325/2187 739/3324/2186 4290/3589/2343
f 4231/3472/2267 2461/5335/3600 4290/3589/2343 792/3474/2269
f 2461/5335/3600 4231/3472/2267 789/3471/2266 4751/5336/3178
f 4157/3325/2187 2461/5335/3600 4751/5336/3178 738/3326/2188
f 2462/5337/3601 5048/5331/3598 788/3467/2141 4342/3692/2085
f 4139/3270/2154 2462/5337/3601 4342/3692/2085 720/3272/2155
f 2462/5337/3601 4139/3270/2154 717/3269/2153 4775/5338/3224
f 5048/5331/3598 2462/5337/3601 4775/5338/3224 1069/5332/3169
f 2463/5339/3602 4137/3274/2156 719/3273/2155 4351/3717/2419
f 5050/5340/3603 2463/5339/3602 4351/3717/2419 857/3716/2418
f 2463/5339/3602 5050/5340/3603 1191/5341/3604 5049/5342/3605
f 4137/3274/2156 2463/5339/3602 5049/5342/3605 718/3275/2157
f 2464/5343/3606 5047/5344/2082 736/3308/2180 4354/3723/2425
f 5051/5345/3607 2464/5343/3606 4354/3723/2425 859/3722/2424
f 2464/5343/3606 5051/5345/3607 862/3729/2429 4359/3727/2427
f 5047/5344/2082 2464/5343/3606 4359/3727/2427 800/3726/2082
f 2465/5346/3608 5052/5347/3609 909/3928/2617 4467/3927/2616
f 5054/5348/3610 2465/5346/3608 4467/3927/2616 910/3926/2615
f 2465/5346/3608 5054/5348/3610 1190/5272/3570 5053/5349/3611
f 5052/5347/3609 2465/5346/3608 5053/5349/3611 1192/5350/3612
f 2466/5351/3613 5055/5352/3614 913/3937/2626 4471/3936/2625
f 5056/5353/3615 2466/5351/3613 4471/3936/2625 914/3935/2624
f 2466/5351/3613 5056/5353/3615 919/3943/2632 4477/3941/2630
f 5055/5352/3614 2466/5351/3613 4477/3941/2630 916/3940/2629
f 2467/5354/3616 5057/5355/3617 1009/4225/2911 4611/4224/2910
f 5058/5356/3618 2467/5354/3616 4611/4224/2910 1010/4223/2909
f 2467/5354/3616 5058/5356/3618 1187/5242/3553 5024/5252/3560
f 5057/5355/3617 2467/5354/3616 5024/5252/3560 1189/5251/3559
f 2468/5357/3619 5059/5358/3620 1013/4234/2920 4615/4233/2919
f 5060/5359/3621 2468/5357/3619 4615/4233/2919 1014/4232/2918
f 2468/5357/3619 5060/5359/3621 690/3198/2094 4620/4238/2924
f 5059/5358/3620 2468/5357/3619 4620/4238/2924 1016/4237/2923
f 2469/5360/3622 5060/5359/3621 1014/4232/2918 4711/4418/3104
f 4719/4431/3117 2469/5360/3622 4711/4418/3104 1059/4419/3105
f 2469/5360/3622 4719/4431/3117 689/3192/2088 4103/3191/2087
f 5060/5359/3621 2469/5360/3622 4103/3191/2087 690/3198/2094
f 2470/5361/3623 5058/5356/3618 1010/4223/2909 4715/4426/3112
f 5061/5362/3624 2470/5361/3623 4715/4426/3112 1061/4427/3113
f 2470/5361/3623 5061/5362/3624 1188/5245/3556 5022/5243/3554
f 5058/5356/3618 2470/5361/3623 5022/5243/3554 1187/5242/3553
f 2471/5363/3625 5061/5362/3624 1061/4427/3113 4718/4432/3118
f 4712/4417/3103 2471/5363/3625 4718/4432/3118 1059/4419/3105
f 2471/5363/3625 4712/4417/3103 1058/4416/3102 5028/5262/3565
f 5061/5362/3624 2471/5363/3625 5028/5262/3565 1188/5245/3556
f 2472/5364/3626 4222/5365/2263 787/4705/2084 4815/4704/3294
f 4985/5154/3539 2472/5364/3626 4815/4704/3294 1112/4703/3293
f 2472/5364/3626 4985/5154/3539 1065/4498/3159 4738/4496/3157
f 4222/5365/2263 2472/5364/3626 4738/4496/3157 682/4495/2084
f 2473/5366/3627 5050/5340/3603 857/3716/2418 5035/5284/3578
f 5052/5347/3609 2473/5367/3627 5035/5282/3578 909/3928/2617
f 2473/5367/3627 5052/5347/3609 1192/5350/3612 5062/5368/3628
f 5050/5340/3603 2473/5366/3627 5062/5369/3628 1191/5341/3604
f 2474/5370/3629 5051/5345/3607 859/3722/2424 5037/5290/3581
f 5055/5352/3614 2474/5371/3629 5037/5288/3581 913/3937/2626
f 2474/5371/3629 5055/5352/3614 916/3940/2629 5038/5293/3583
f 5051/5345/3607 2474/5370/3629 5038/5297/3583 862/3729/2429
f 2475/5372/3630 5063/5373/3631 910/3926/2615 4468/3924/2613
f 5064/5374/3632 2475/5372/3630 4468/3924/2613 911/3925/2614
f 2475/5372/3630 5064/5374/3632 1008/4219/2905 4610/4218/2904
f 5063/5373/3631 2475/5372/3630 4610/4218/2904 1009/4225/2911
f 2476/5375/3633 5065/5376/3634 914/3935/2624 4472/3933/2622
f 5033/5275/3573 2476/5375/3633 4472/3933/2622 915/3934/2623
f 2476/5375/3633 5033/5275/3573 1012/4228/2914 4614/4227/2913
f 5065/5376/3634 2476/5375/3633 4614/4227/2913 1013/4234/2920
f 2477/5377/3635 5066/5378/3636 918/3944/2633 4476/3942/2631
f 5067/5379/3637 2477/5377/3635 4476/3942/2631 919/3943/2632
f 2477/5377/3635 5067/5379/3637 1016/4237/2923 4618/4236/2922
f 5066/5378/3636 2477/5377/3635 4618/4236/2922 1017/4240/2926
f 2478/5380/3638 5068/5381/3639 921/3950/2639 4480/3949/2638
f 5066/5378/3636 2478/5380/3638 4480/3949/2638 918/3944/2633
f 2478/5380/3638 5066/5378/3636 1017/4240/2926 4621/4242/2928
f 5068/5381/3639 2478/5380/3638 4621/4242/2928 1018/4244/2930
f 2479/5382/3640 5069/5383/3641 923/3956/2645 4483/3955/2644
f 5068/5381/3639 2479/5382/3640 4483/3955/2644 921/3950/2639
f 2479/5382/3640 5068/5381/3639 1018/4244/2930 4623/4246/2932
f 5069/5383/3641 2479/5382/3640 4623/4246/2932 1019/4250/2936
f 2480/5384/3642 5070/5385/3643 925/3962/2651 4486/3961/2650
f 5069/5383/3641 2480/5384/3642 4486/3961/2650 923/3956/2645
f 2480/5384/3642 5069/5383/3641 1019/4250/2936 4626/4252/2938
f 5070/5385/3643 2480/5384/3642 4626/4252/2938 1021/4256/2942
f 2481/5386/3644 5064/5374/3632 911/3925/2614 4488/3967/2656
f 5070/5385/3643 2481/5386/3644 4488/3967/2656 925/3962/2651
f 2481/5386/3644 5070/5385/3643 1021/4256/2942 4629/4258/2944
f 5064/5374/3632 2481/5386/3644 4629/4258/2944 1008/4219/2905
f 2482/5387/3645 5071/5388/3646 1123/4767/3332 4838/4766/3331
f 4834/4748/3321 2482/5387/3645 4838/4766/3331 1120/4750/1384
f 2482/5387/3645 4834/4748/3321 718/4747/2157 5049/5389/3605
f 5071/5388/3646 2482/5387/3645 5049/5389/3605 1191/5390/3604
f 2483/5391/3647 5031/5279/3575 1121/4757/3325 4836/4755/3324
f 5072/5392/1384 2483/5391/3647 4836/4755/3324 1093/4756/1384
f 2483/5391/3647 5072/5392/1384 1132/4785/1384 4850/4783/3344
f 5031/5279/3575 2483/5391/3647 4850/4783/3344 1129/4782/3343
f 2484/5393/1384 5072/5392/1384 1093/4756/1384 4953/5085/1384
f 5073/3146/1384 2484/5393/1384 4953/5085/1384 1158/3148/1384
f 2484/5393/1384 5073/3146/1384 1185/3147/1384 5013/5209/1384
f 5072/5392/1384 2484/5393/1384 5013/5209/1384 1132/4785/1384
f 2485/5394/3648 5053/5349/3611 1190/5272/3570 5030/5271/3569
f 5071/5388/3646 2485/5395/3648 5030/5269/3569 1123/4767/3332
f 2485/5395/3648 5071/5388/3646 1191/5390/3604 5062/5396/3628
f 5053/5349/3611 2485/5394/3648 5062/5368/3628 1192/5350/3612
f 2486/5397/3649 4835/4758/3326 1121/4757/3325 5032/5278/3574
f 4473/3932/2621 2486/5398/3649 5032/5276/3574 915/3934/2623
f 2486/5398/3649 4473/3932/2621 912/3931/2620 5036/5287/3580
f 4835/4758/3326 2486/5397/3649 5036/5399/3580 860/4759/2423
f 2487/5400/3650 5029/5273/3571 1190/5272/3570 5054/5348/3610
f 5063/5373/3631 2487/5400/3650 5054/5348/3610 910/3926/2615
f 2487/5400/3650 5063/5373/3631 1009/4225/2911 5057/5355/3617
f 5029/5273/3571 2487/5400/3650 5057/5355/3617 1189/5251/3559
f 2488/5401/3651 5067/5379/3637 919/3943/2632 5056/5353/3615
f 5065/5376/3634 2488/5401/3651 5056/5353/3615 914/3935/2624
f 2488/5401/3651 5065/5376/3634 1013/4234/2920 5059/5358/3620
f 5067/5379/3637 2488/5401/3651 5059/5358/3620 1016/4237/2923
f 2489/5402/3652 4229/3476/2271 791/3475/2270 4302/3609/2363
f 5075/5403/3653 2489/5402/3652 4302/3609/2363 836/3608/2362
f 2489/5402/3652 5075/5403/3653 1114/5404/3307 5074/5405/3654
f 4229/3476/2271 2489/5402/3652 5074/5405/3654 790/3477/2272
f 2490/5406/3655 5076/5407/3656 1073/4528/2245 4748/4527/3176
f 5077/5408/3657 2490/5406/3655 4748/4527/3176 1074/4526/3175
f 2490/5406/3655 5077/5408/3657 1116/5409/3305 4823/5410/3303
f 5076/5407/3656 2490/5406/3655 4823/5410/3303 1113/5411/3302
f 2491/5412/3658 5077/5408/3657 1074/4526/3175 5080/5413/3524
f 5079/5414/3659 2491/5412/3658 5080/5413/3524 1194/5415/3525
f 2491/5412/3658 5079/5414/3659 1193/5416/3660 5078/5417/3661
f 5077/5408/3657 2491/5412/3658 5078/5417/3661 1116/5409/3305
f 2492/5418/3662 5081/5419/3663 750/5420/3664 4789/5421/3665
f 4964/5107/1461 2492/5418/3662 4789/5421/3665 1097/5109/1461
f 2492/5418/3662 4964/5107/1461 1102/4657/1461 4797/4655/3261
f 5081/5419/3663 2492/5418/3662 4797/4655/3261 755/4654/3260
f 2493/5422/3666 4393/5423/3667 749/3635/2389 5287/5424/3668
f 5355/5425/3669 2493/5422/3666 5287/5424/3668 1303/5426/3670
f 2493/5422/3666 5355/5425/3669 1306/3359/2221 5290/3357/2219
f 4393/5423/3667 2493/5422/3666 5290/3357/2219 752/3356/2218
f 2494/5427/3671 5082/5428/3672 764/3378/2234 4183/3376/2232
f 5083/5429/3673 2494/5427/3671 4183/3376/2232 765/3377/2233
f 2494/5427/3671 5083/5429/3673 815/3540/2304 4279/3568/2332
f 5082/5428/3672 2494/5427/3671 4279/3568/2332 828/3567/2331
f 2495/5430/3674 4791/5431/3253 772/5432/3257 5293/5433/3675
f 5356/5434/2085 2495/5430/3674 5293/5433/3675 1309/3399/2243
f 2495/5430/3674 5356/5434/2085 1316/5003/2250 5300/5435/3676
f 4791/5431/3253 2495/5430/3674 5300/5435/3676 1098/5436/3254
f 2496/5437/3677 4273/3559/2323 784/3442/2256 4214/3441/2255
f 5082/5428/3672 2496/5437/3677 4214/3441/2255 764/3378/2234
f 2496/5437/3677 5082/5428/3672 828/3567/2331 4912/4995/3466
f 4273/3559/2323 2496/5437/3677 4912/4995/3466 826/3560/2324
f 2497/5438/3678 5084/5439/3679 821/3551/2315 4267/3550/2314
f 5085/5440/3680 2497/5438/3678 4267/3550/2314 822/3549/2313
f 2497/5438/3678 5085/5440/3680 1080/5441/3196 4817/5442/3296
f 5084/5439/3679 2497/5438/3678 4817/5442/3296 1072/5443/3173
f 2498/5444/3681 5085/5440/3680 822/3549/2313 4270/3557/2321
f 4294/3594/2348 2498/5444/3681 4270/3557/2321 824/3556/2320
f 2498/5444/3681 4294/3594/2348 833/3593/2347 4758/5445/3190
f 5085/5440/3680 2498/5444/3681 4758/5445/3190 1080/5441/3196
f 2499/5446/3682 4213/3443/2257 784/3442/2256 4274/3564/2328
f 4194/3396/2240 2499/5446/3682 4274/3564/2328 773/3398/2242
f 2499/5446/3682 4194/3396/2240 770/3395/2239 4770/5447/3216
f 4213/3443/2257 2499/5446/3682 4770/5447/3216 783/3444/2258
f 2500/5448/3683 5083/5429/3673 765/3377/2233 4293/3595/2349
f 4271/3554/2318 2500/5448/3683 4293/3595/2349 824/3556/2320
f 2500/5448/3683 4271/3554/2318 825/3555/2319 4383/3779/2478
f 4260/3541/2305 2500/5448/3683 4383/3779/2478 814/3542/2306
f 2500/5448/3683 4260/3541/2305 815/3540/2304 5083/5429/3673
f 2501/5449/3684 5086/5450/3685 836/3608/2362 4303/3607/2361
f 5084/5439/3679 2501/5449/3684 4303/3607/2361 821/3551/2315
f 2501/5449/3684 5084/5439/3679 1072/5443/3173 4747/5451/3173
f 5086/5450/3685 2501/5449/3684 4747/5451/3173 1073/5452/2245
f 2502/5453/3686 4192/5454/3687 772/4651/3257 4792/4650/3256
f 4967/5116/3529 2502/5453/3686 4792/4650/3256 1099/4649/1461
f 2502/5453/3686 4967/5116/3529 1096/5115/3243 4788/5455/3241
f 4192/5454/3687 2502/5453/3686 4788/5455/3241 771/5456/3240
f 2503/5457/3688 5074/5458/3654 1114/4720/3307 4821/4719/3306
f 4992/5166/1384 2503/5457/3688 4821/4719/3306 1115/4718/1384
f 2503/5457/3688 4992/5166/1384 1117/4729/1384 4827/4727/3311
f 5074/5458/3654 2503/5457/3688 4827/4727/3311 790/4726/2272
f 2504/5459/3689 4820/5460/3301 1114/5404/3307 5075/5403/3653
f 5086/5450/3685 2504/5459/3689 5075/5403/3653 836/3608/2362
f 2504/5459/3689 5086/5450/3685 1073/5452/2245 5076/5461/3656
f 4820/5460/3301 2504/5459/3689 5076/5461/3656 1113/5462/3302
f 2505/5463/3690 5154/5464/3691 1138/5023/3480 5392/5022/3479
f 5426/5465/1384 2505/5463/3690 5392/5022/3479 1354/5021/1384
f 2505/5463/3690 5426/5465/1384 1357/5466/1384 5395/5467/3692
f 5154/5464/3691 2505/5463/3690 5395/5467/3692 1222/5468/3693
f 2506/5469/1384 5155/5470/1384 1140/5029/1384 4925/5028/1384
f 5161/5471/1384 2506/5469/1384 4925/5028/1384 1141/5027/1384
f 2506/5469/1384 5161/5471/1384 1229/3059/1384 5192/5472/1384
f 5155/5470/1384 2506/5469/1384 5192/5472/1384 1223/5473/1384
f 2507/5474/3524 4986/5159/3524 1173/5161/3525 5087/5475/3525
f 5080/5413/3524 2507/5474/3524 5087/5475/3525 1194/5415/3525
f 2507/5474/3524 5080/5413/3524 1074/4526/3175 4749/4524/3175
f 4986/5159/3524 2507/5474/3524 4749/4524/3175 1075/4525/3175
f 2508/5476/1384 5209/5477/1384 1142/5035/1384 4928/5034/1384
f 5228/5478/1384 2508/5476/1384 4928/5034/1384 1143/5033/1384
f 2508/5476/1384 5228/5478/1384 1268/5479/1384 5239/5480/1384
f 5209/5477/1384 2508/5476/1384 5239/5480/1384 1249/5481/1384
f 2509/5482/3694 5157/5483/3695 1144/5041/3486 4931/5040/3485
f 5177/5484/3696 2509/5482/3694 4931/5040/3485 1145/5039/3484
f 2509/5482/3694 5177/5484/3696 1245/5485/3697 5193/5486/3698
f 5157/5483/3695 2509/5482/3694 5193/5486/3698 1225/3090/2054
f 2510/5487/3699 5211/5488/3700 1146/5047/3492 4934/5046/3491
f 5212/5489/3701 2510/5487/3699 4934/5046/3491 1147/5045/3490
f 2510/5487/3699 5212/5489/3701 1252/5490/3702 5240/5491/3703
f 5211/5488/3700 2510/5487/3699 5240/5491/3703 1251/5492/3704
f 2511/5493/3705 5212/5489/3701 1147/5045/3490 4939/5057/3502
f 5225/5494/3706 2511/5493/3705 4939/5057/3502 1150/5056/3501
f 2511/5493/3705 5225/5494/3706 1265/3099/2063 5241/5495/3707
f 5212/5489/3701 2511/5493/3705 5241/5495/3707 1252/5490/3702
f 2512/5496/1384 5160/5497/1384 1139/5073/1384 4947/5072/1384
f 5155/5470/1384 2512/5496/1384 4947/5072/1384 1140/5029/1384
f 2512/5496/1384 5155/5470/1384 1223/5473/1384 5194/5498/1384
f 5160/5497/1384 2512/5496/1384 5194/5498/1384 1228/5499/1384
f 2513/5500/1384 5215/5501/1384 1156/5083/1384 4951/5082/1384
f 5216/5502/1384 2513/5500/1384 4951/5082/1384 1157/5081/1384
f 2513/5500/1384 5216/5502/1384 1256/5503/1384 5242/5504/1384
f 5215/5501/1384 2513/5500/1384 5242/5504/1384 1255/3086/1384
f 2514/5505/1384 5088/3149/1384 1158/3148/1384 5122/5089/1384
f 5129/5506/1384 2514/5505/1384 5122/5089/1384 1210/5088/1384
f 2514/5505/1384 5129/5506/1384 680/3065/1384 5088/3149/1384
f 2515/5507/1384 5216/5502/1384 1157/5081/1384 4956/5091/1384
f 5209/5477/1384 2515/5507/1384 4956/5091/1384 1142/5035/1384
f 2515/5507/1384 5209/5477/1384 1249/5481/1384 5243/5508/1384
f 5216/5502/1384 2515/5507/1384 5243/5508/1384 1256/5503/1384
f 2516/5509/3708 5162/5510/3709 1160/5099/3521 5303/5098/3520
f 5357/5511/3710 2516/5509/3708 5303/5098/3520 1319/5097/3519
f 2516/5509/3708 5357/5511/3710 1324/5512/3711 5308/5513/3712
f 5162/5510/3709 2516/5509/3708 5308/5513/3712 1230/5514/2075
f 2517/5515/3713 5214/5516/3714 1154/5067/3512 5304/5104/3526
f 5358/5517/3715 2517/5515/3713 5304/5104/3526 1320/5103/3525
f 2517/5515/3713 5358/5517/3715 1325/5518/3716 5309/5519/3717
f 5214/5516/3714 2517/5515/3713 5309/5519/3717 1254/3054/2050
f 2518/5520/1461 5163/5521/1461 1162/5112/1461 4962/5111/1461
f 4090/5522/1461 2518/5520/1461 4962/5111/1461 1163/5110/1461
f 2518/5520/1461 4090/5522/1461 1248/5523/1461 5196/5524/1461
f 5163/5521/1461 2518/5520/1461 5196/5524/1461 1231/5525/1461
f 2519/5526/3718 5217/5527/3719 1161/5120/3531 4965/5119/3530
f 4091/5528/1461 2519/5526/3718 4965/5119/3530 1164/5118/1461
f 2519/5526/3718 4091/5528/1461 1270/3170/1461 5245/5529/3720
f 5217/5527/3719 2519/5526/3718 5245/5529/3720 1257/5530/3721
f 2520/5531/1461 5164/5532/1461 1165/5124/1461 4969/5123/1461
f 5163/5521/1461 2520/5531/1461 4969/5123/1461 1162/5112/1461
f 2520/5531/1461 5163/5521/1461 1231/5525/1461 5197/5533/1461
f 5164/5532/1461 2520/5531/1461 5197/5533/1461 1232/3072/1461
f 2521/5534/1461 5219/5535/1461 1168/5132/1461 4975/5138/1461
f 5222/5536/1461 2521/5534/1461 4975/5138/1461 1169/5137/1461
f 2521/5534/1461 5222/5536/1461 1262/5537/1461 5246/5538/1461
f 5219/5535/1461 2521/5534/1461 5246/5538/1461 1259/3078/1461
f 2522/5539/3722 5223/5540/3723 1171/5152/3537 4982/5151/3536
f 5213/5541/3724 2522/5539/3722 4982/5151/3536 1153/5069/3514
f 2522/5539/3722 5213/5541/3724 1253/3053/2049 5247/5542/3725
f 5223/5540/3723 2522/5539/3722 5247/5542/3725 1263/3100/2064
f 2523/5543/3726 5224/5544/3715 1173/5161/3525 4987/5160/3544
f 5211/5488/3700 2523/5543/3726 4987/5160/3544 1146/5047/3492
f 2523/5543/3726 5211/5488/3700 1251/5492/3704 5248/5545/3727
f 5224/5544/3715 2523/5543/3726 5248/5545/3727 1264/5546/3716
f 2524/5547/1384 5226/5548/1384 1174/5170/1384 4990/5169/1384
f 4092/5549/1384 2524/5547/1384 4990/5169/1384 1175/5168/1384
f 2524/5547/1384 4092/5549/1384 1271/5550/1384 5249/5551/1384
f 5226/5548/1384 2524/5547/1384 5249/5551/1384 1266/5552/1384
f 2525/5553/1384 5228/5478/1384 1143/5033/1384 4995/5176/1384
f 5226/5548/1384 2525/5553/1384 4995/5176/1384 1174/5170/1384
f 2525/5553/1384 5226/5548/1384 1266/5552/1384 5250/5554/1384
f 5228/5478/1384 2525/5553/1384 5250/5554/1384 1268/5479/1384
f 2526/5555/3728 5168/5556/3729 1152/5061/3506 4996/5178/3548
f 5158/5557/3730 2526/5555/3728 4996/5178/3548 1148/5053/3498
f 2526/5555/3728 5158/5557/3730 1226/3041/2037 5198/5558/3731
f 5168/5556/3729 2526/5555/3728 5198/5558/3731 1236/3048/2044
f 2527/5559/1461 5089/5560/1461 1177/5184/1461 4998/5183/1461
f 5169/5561/1461 2527/5559/1461 4998/5183/1461 1178/5182/1461
f 2527/5559/1461 5169/5561/1461 1237/5562/1461 5208/5563/1461
f 5089/5560/1461 2527/5559/1461 5208/5563/1461 676/3126/1461
f 2528/5564/1461 5169/5561/1461 1178/5182/1461 5000/5186/1461
f 5165/5565/1461 2528/5564/1461 5000/5186/1461 1166/5128/1461
f 2528/5564/1461 5165/5565/1461 1233/3071/1461 5199/5566/1461
f 5169/5561/1461 2528/5564/1461 5199/5566/1461 1237/5562/1461
f 2529/5567/1384 5170/5568/1384 1155/5076/1384 5001/5189/1384
f 5178/5569/1384 2529/5567/1384 5001/5189/1384 1179/5190/1384
f 2529/5567/1384 5178/5569/1384 1246/5570/1384 5200/5571/1384
f 5170/5568/1384 2529/5567/1384 5200/5571/1384 1238/3060/1384
f 2530/5572/1461 5222/5536/1461 1169/5137/1461 5003/5193/1461
f 5090/5573/1461 2530/5572/1461 5003/5193/1461 1180/5194/1461
f 2530/5572/1461 5090/5573/1461 679/3109/1461 5254/5574/1461
f 5222/5536/1461 2530/5572/1461 5254/5574/1461 1262/5537/1461
f 2531/5575/1384 5178/5569/1384 1179/5190/1384 5005/5198/1384
f 5171/5576/1384 2531/5575/1384 5005/5198/1384 1181/5197/1384
f 2531/5575/1384 5171/5576/1384 1239/5577/1384 5201/5578/1384
f 5178/5569/1384 2531/5575/1384 5201/5578/1384 1246/5570/1384
f 2532/5579/1384 5171/5576/1384 1181/5197/1384 5010/5206/1384
f 5173/5580/1384 2532/5579/1384 5010/5206/1384 1182/5204/1384
f 2532/5579/1384 5173/5580/1384 1241/3113/1384 5202/5581/1384
f 5171/5576/1384 2532/5579/1384 5202/5581/1384 1239/5577/1384
f 2533/5582/1384 5174/5583/1384 1184/5211/1384 5012/5210/1384
f 5172/3145/1384 2533/5582/1384 5012/5210/1384 1185/3147/1384
f 2533/5582/1384 5172/3145/1384 1240/3144/1384 5203/5584/1384
f 5174/5583/1384 2533/5582/1384 5203/5584/1384 1242/5585/1384
f 2534/5586/1384 5176/5587/1384 1186/5214/1384 5017/5217/1384
f 5174/5583/1384 2534/5586/1384 5017/5217/1384 1184/5211/1384
f 2534/5586/1384 5174/5583/1384 1242/5585/1384 5204/5588/1384
f 5176/5587/1384 2534/5586/1384 5204/5588/1384 1244/3130/1384
f 2535/5589/3732 5177/5484/3696 1145/5039/3484 5018/5219/3550
f 5156/5590/3733 2535/5589/3732 5018/5219/3550 1136/5015/3475
f 2535/5589/3732 5156/5590/3733 1224/3033/2030 5205/5591/3734
f 5177/5484/3696 2535/5589/3732 5205/5591/3734 1245/5485/3697
f 2536/5592/1461 5107/5593/1461 677/3119/1461 4093/3121/1461
f 5090/5573/1461 2536/5592/1461 4093/3121/1461 679/3109/1461
f 2536/5592/1461 5090/5573/1461 1180/5194/1461 5105/5223/1461
f 5107/5593/1461 2536/5592/1461 5105/5223/1461 1199/5222/1461
f 2537/5594/3735 4921/5595/3477 1138/5596/3480 5092/5597/3736
f 4984/5155/3540 2537/5594/3735 5092/5597/3736 1172/5156/3541
f 2537/5594/3735 4984/5155/3540 1112/4703/3293 4816/4701/3291
f 4921/5595/3477 2537/5594/3735 4816/4701/3291 1067/4702/3292
f 2538/5598/3737 5210/5599/3738 1193/5416/3660 5079/5414/3659
f 5229/5600/3715 2538/5598/3737 5079/5414/3659 1194/5415/3525
f 2538/5598/3737 5229/5600/3715 1269/5601/3716 5251/5602/3739
f 5210/5599/3738 2538/5598/3737 5251/5602/3739 1250/5603/3740
f 2539/5604/3741 4957/5605/3516 1160/5606/3521 5393/5607/3742
f 5427/5608/1461 2539/5604/3741 5393/5607/3742 1355/5609/1461
f 2539/5604/3741 5427/5608/1461 1353/4640/1461 4790/4638/3248
f 4957/5605/3516 2539/5604/3741 4790/4638/3248 1095/4639/3249
f 2540/5610/1461 4993/5172/1461 1176/5174/1461 5094/5611/1461
f 4966/5117/1461 2540/5610/1461 5094/5611/1461 1164/5118/1461
f 2540/5610/1461 4966/5117/1461 1099/4649/1461 4793/4647/1461
f 4993/5172/1461 2540/5610/1461 4793/4647/1461 1100/4648/1461
f 2541/5612/3743 5078/5613/3661 1193/5614/3660 5095/5615/3744
f 4991/5167/1384 2541/5612/3743 5095/5615/3744 1175/5168/1384
f 2541/5612/3743 4991/5167/1384 1115/4718/1384 4822/4716/3304
f 5078/5613/3661 2541/5612/3743 4822/4716/3304 1116/4717/3305
f 2542/5616/3745 4000/5617/3745 646/2622/1806 4033/3037/1806
f 4026/5618/3745 2542/5616/3745 4033/3037/1806 672/2995/1806
f 2542/5616/3745 4026/5618/3745 1269/5601/3716 5252/5619/3716
f 4000/5617/3745 2542/5616/3745 5252/5619/3716 1264/5546/3716
f 2543/5620/3746 3971/5621/3747 617/3140/1761 4083/3139/2067
f 5179/3095/2059 2543/5620/3746 4083/3139/2067 670/2617/1822
f 2543/5620/3746 5179/3095/2059 1247/3094/2058 5206/5622/3748
f 3971/5621/3747 2543/5620/3746 5206/5622/3748 1222/5623/3693
f 2544/5624/3749 3974/5625/3750 620/3160/2007 4088/3159/2071
f 5231/5626/1384 2544/5624/3749 4088/3159/2071 675/2630/1384
f 2544/5624/3749 5231/5626/1384 1271/5550/1384 5253/5627/3751
f 3974/5625/3750 2544/5624/3749 5253/5627/3751 1250/5628/3740
f 2545/5629/3752 5104/5630/3753 1198/5225/1461 5103/5224/1461
f 5097/4209/2898 2545/5629/3752 5103/5224/1461 1110/4210/1461
f 2545/5629/3752 5097/4209/2898 1195/4216/2902 5099/5631/3754
f 5104/5630/3753 2545/5629/3752 5099/5631/3754 1197/5632/3755
f 2546/5633/3756 5099/5634/3754 1195/5635/2902 5305/5636/3757
f 5359/5637/2085 2546/5633/3756 5305/5636/3757 1321/5231/2085
f 2546/5633/3756 5359/5637/2085 1322/5638/2085 5306/5639/3758
f 5099/5634/3754 2546/5633/3756 5306/5639/3758 1197/5640/3755
f 2547/5641/2085 4325/5642/2085 846/3823/2275 4324/3825/2085
f 4609/3672/2333 2547/5641/2085 4324/3825/2085 845/3657/2401
f 2547/5641/2085 4609/3672/2333 1215/3674/2085 5141/5643/2085
f 4325/5642/2085 2547/5641/2085 5141/5643/2085 1216/5644/2085
f 2548/5645/2141 5307/5646/2085 1203/5647/2085 5114/5648/2085
f 5297/5233/2085 2548/5645/2141 5114/5648/2085 1007/5234/2085
f 2548/5645/2141 5297/5233/2085 1313/5239/2141 5360/5649/2155
f 5307/5646/2085 2548/5645/2141 5360/5649/2155 1323/5650/2085
f 2549/5651/3759 5113/5652/3760 1202/5653/3761 5112/5654/3762
f 4829/4740/3318 2549/5651/3759 5112/5654/3762 852/4741/3319
f 2549/5651/3759 4829/4740/3318 1118/4739/1461 5019/5655/1461
f 5113/5652/3760 2549/5651/3759 5019/5655/1461 1201/5656/1461
f 2550/5657/1461 5111/5658/1461 1201/5656/1461 5019/5655/1461
f 4997/5180/1461 2550/5657/1461 5019/5655/1461 1118/4739/1461
f 2550/5657/1461 4997/5180/1461 1177/5184/1461 5014/5659/1461
f 5111/5658/1461 2550/5657/1461 5014/5659/1461 1200/5660/1461
f 2551/5661/1461 5109/5662/1461 1200/5660/1461 5014/5659/1461
f 5089/5560/1461 2551/5661/1461 5014/5659/1461 1177/5184/1461
f 2551/5661/1461 5089/5560/1461 676/3126/1461 5091/3124/1461
f 5109/5662/1461 2551/5661/1461 5091/3124/1461 678/3125/1461
f 2552/5663/1461 5109/5662/1461 678/3125/1461 4094/3133/1461
f 5107/5593/1461 2552/5663/1461 4094/3133/1461 677/3119/1461
f 2552/5663/1461 5107/5593/1461 1199/5222/1461 5108/5664/1461
f 5109/5662/1461 2552/5663/1461 5108/5664/1461 1200/5660/1461
f 2553/5665/1461 5111/5658/1461 1200/5660/1461 5108/5664/1461
f 5106/5221/1461 2553/5665/1461 5108/5664/1461 1199/5222/1461
f 2553/5665/1461 5106/5221/1461 1198/5225/1461 5110/5666/1461
f 5111/5658/1461 2553/5665/1461 5110/5666/1461 1201/5656/1461
f 2554/5667/3763 5113/5652/3760 1201/5656/1461 5110/5666/1461
f 5104/5630/3753 2554/5667/3763 5110/5666/1461 1198/5225/1461
f 2554/5667/3763 5104/5630/3753 1197/5632/3755 5101/5668/3764
f 5113/5652/3760 2554/5667/3763 5101/5668/3764 1202/5653/3761
f 2555/5669/3765 5115/5670/3766 1202/5671/3761 5101/5672/3764
f 5306/5639/3758 2555/5669/3765 5101/5672/3764 1197/5640/3755
f 2555/5669/3765 5306/5639/3758 1322/5638/2085 5361/5673/2141
f 5115/5670/3766 2555/5669/3765 5361/5673/2141 1323/5650/2085
f 2556/5674/2085 5142/5675/2085 1217/3451/2085 4327/3662/2250
f 4326/3819/2085 2556/5674/2085 4327/3662/2250 847/3666/2128
f 2556/5674/2085 4326/3819/2085 846/3823/2275 4325/5642/2085
f 5142/5675/2085 2556/5674/2085 4325/5642/2085 1216/5644/2085
f 2557/5676/3767 5123/3310/2181 1205/3309/2085 5117/5320/2085
f 4153/3405/2249 2557/5676/3767 5117/5320/2085 735/3407/2250
f 2557/5676/3767 4153/3405/2249 734/3404/2248 4152/5677/3230
f 5123/3310/2181 2557/5676/3767 4152/5677/3230 1204/3311/2182
f 2558/5678/2085 5124/3495/2085 1207/3496/2085 4240/5679/2250
f 4239/3725/2155 2558/5678/2085 4240/5679/2250 800/3726/2082
f 2558/5678/2085 4239/3725/2155 799/3710/2155 5118/3709/2085
f 5124/3495/2085 2558/5678/2085 5118/3709/2085 1206/3497/2085
f 2559/5680/2141 5125/3707/2085 1208/3708/2085 4265/4471/2085
f 4255/3528/2085 2559/5680/2141 4265/4471/2085 811/3529/2085
f 2559/5680/2141 4255/3528/2085 798/3499/2128 4238/3498/2141
f 5125/3707/2085 2559/5680/2141 4238/3498/2141 1206/3497/2085
f 2560/5681/3768 5126/4614/3232 1209/4613/1384 5121/5086/1384
f 4781/4754/3323 2560/5681/3768 5121/5086/1384 1093/4756/1384
f 2560/5681/3768 4781/4754/3323 733/4753/2178 5116/5682/2177
f 5126/4614/3232 2560/5681/3768 5116/5682/2177 1204/4615/2182
f 2561/5683/1384 5127/5087/1384 1209/4613/1384 4782/4611/1384
f 4955/5144/1384 2561/5683/1384 4782/4611/1384 1094/4612/1384
f 2561/5683/1384 4955/5144/1384 1159/5146/1384 4954/5684/1384
f 5127/5087/1384 2561/5683/1384 4954/5684/1384 1210/5088/1384
f 2562/5685/2085 5128/5321/2085 1205/3309/2085 4154/3307/2085
f 5047/5344/2082 2562/5685/2085 4154/3307/2085 736/3308/2180
f 2562/5685/2085 5047/5344/2082 800/3726/2082 4240/5679/2250
f 5128/5321/2085 2562/5685/2085 4240/5679/2250 1207/3496/2085
f 2563/5686/2085 5130/4472/2085 1208/3708/2085 5120/3706/2085
f 4264/3737/2085 2563/5686/2085 5120/3706/2085 819/3705/2155
f 2563/5686/2085 4264/3737/2085 818/3646/2155 4263/4452/2085
f 5130/4472/2085 2563/5686/2085 4263/4452/2085 817/4455/2141
f 2564/5687/3138 5132/4460/2259 844/3651/2085 4319/3650/2085
f 4730/4462/3138 2564/5687/3138 4319/3650/2085 712/3256/2085
f 2564/5687/3138 4730/4462/3138 714/3266/2150 4308/5688/3769
f 5132/4460/2259 2564/5687/3138 4308/5688/3769 1211/3630/2384
f 2565/5689/2292 5133/3626/2380 1211/3630/2384 4308/5688/3769
f 4133/3265/2149 2565/5689/2292 4308/5688/3769 714/3266/2150
f 2565/5689/2292 4133/3265/2149 715/3264/2148 4333/4487/3150
f 5133/3626/2380 2565/5689/2292 4333/4487/3150 850/3225/2121
f 2566/5690/3770 5135/5691/3771 1212/5692/3772 5149/5693/3773
f 4171/3355/2217 2566/5690/3770 5149/5693/3773 752/3356/2218
f 2566/5690/3770 4171/3355/2217 753/3362/2224 5147/5694/3774
f 5135/5691/3771 2566/5690/3770 5147/5694/3774 1219/5695/3775
f 2567/5696/3776 5145/5697/3777 1213/3670/2405 5146/5698/3778
f 5147/5694/3774 2567/5696/3776 5146/5698/3778 1219/5695/3775
f 2567/5696/3776 5147/5694/3774 753/3362/2224 4312/3637/2391
f 5145/5697/3777 2567/5696/3776 4312/3637/2391 841/3641/2395
f 2568/5699/2085 5139/3673/2333 1214/3655/2399 4331/5700/2333
f 4336/5235/2085 2568/5699/2085 4331/5700/2333 849/5237/2082
f 2568/5699/2085 4336/5235/2085 1007/5234/2085 5138/5701/2085
f 5139/3673/2333 2568/5699/2085 5138/5701/2085 1215/3674/2085
f 2569/5702/2085 5141/5643/2085 1215/3674/2085 5138/5701/2085
f 5114/5648/2085 2569/5702/2085 5138/5701/2085 1007/5234/2085
f 2569/5702/2085 5114/5648/2085 1203/5647/2085 5140/5703/2085
f 5141/5643/2085 2569/5702/2085 5140/5703/2085 1216/5644/2085
f 2570/5704/2085 5142/5675/2085 1216/5644/2085 5140/5703/2085
f 5100/5705/2085 2570/5704/2085 5140/5703/2085 1203/5647/2085
f 2570/5704/2085 5100/5705/2085 1196/5706/2085 4465/5707/2085
f 5142/5675/2085 2570/5704/2085 4465/5707/2085 1217/3451/2085
f 2571/5708/2085 4219/3452/2085 1217/3451/2085 4465/5707/2085
f 5043/5709/2085 2571/5708/2085 4465/5707/2085 1196/5706/2085
f 2571/5708/2085 5043/5709/2085 1006/5228/2085 5143/5710/2085
f 4219/3452/2085 2571/5708/2085 5143/5710/2085 779/3431/2085
f 2572/5711/2085 5144/3432/2085 779/3431/2085 5143/5710/2085
f 4175/5227/2085 2572/5711/2085 5143/5710/2085 1006/5228/2085
f 2572/5711/2085 4175/5227/2085 756/3418/2085 4203/3416/2085
f 5144/3432/2085 2572/5711/2085 4203/3416/2085 1218/3415/2085
f 2573/5712/3779 5145/5697/3777 841/3641/2395 4330/5713/3780
f 4331/5700/2333 2573/5712/3779 4330/5713/3780 849/5237/2082
f 2573/5712/3779 4331/5700/2333 1214/3655/2399 5136/3668/2403
f 5145/5697/3777 2573/5712/3779 5136/3668/2403 1213/3670/2405
f 2574/5714/3781 5149/5693/3773 1212/5692/3772 5134/5715/3782
f 4310/3632/2386 2574/5714/3781 5134/5715/3782 837/3619/2373
f 2574/5714/3781 4310/3632/2386 749/3635/2389 4393/5423/3667
f 5149/5693/3773 2574/5714/3781 4393/5423/3667 752/3356/2218
f 2575/5716/3783 5151/4491/3154 701/3614/2368 5150/3613/2367
f 5134/5715/3782 2575/5716/3783 5150/3613/2367 837/3619/2373
f 2575/5716/3783 5134/5715/3782 1212/5692/3772 5152/5717/3784
f 5151/4491/3154 2575/5716/3783 5152/5717/3784 1220/4489/3152
f 2576/5718/3785 5432/5719/3786 1220/4489/3152 5152/5717/3784
f 5135/5691/3771 2576/5718/3785 5152/5717/3784 1212/5692/3772
f 2576/5718/3785 5135/5691/3771 1219/5695/3775 5432/5719/3786
f 2577/5720/3787 5153/4486/3149 1220/4489/3152 5432/5719/3786
f 5146/5698/3778 2577/5720/3787 5432/5719/3786 1219/5695/3775
f 2577/5720/3787 5146/5698/3778 1213/3670/2405 4332/3669/2404
f 5153/4486/3149 2577/5720/3787 4332/3669/2404 1221/3228/2124
f 2578/5721/3788 5181/3032/2029 1224/3033/2030 5156/5590/3733
f 4919/5014/3474 2578/5721/3788 5156/5590/3733 1136/5015/3475
f 2578/5721/3788 4919/5014/3474 1137/5013/3473 5167/5722/3789
f 5181/3032/2029 2578/5721/3788 5167/5722/3789 1235/3034/2031
f 2579/5723/3790 5182/3040/2036 1226/3041/2037 5158/5557/3730
f 4937/5052/3497 2579/5723/3790 5158/5557/3730 1148/5053/3498
f 2579/5723/3790 4937/5052/3497 1149/5051/3496 5166/5724/3791
f 5182/3040/2036 2579/5723/3790 5166/5724/3791 1234/3042/2038
f 2580/5725/3792 5183/3046/2042 1227/3047/2043 5159/5726/3793
f 4942/5062/3507 2580/5725/3792 5159/5726/3793 1151/5063/3508
f 2580/5725/3792 4942/5062/3507 1152/5061/3506 5168/5556/3729
f 5183/3046/2042 2580/5725/3792 5168/5556/3729 1236/3048/2044
f 2581/5727/1384 5184/3058/1384 1229/3059/1384 5161/5471/1384
f 4948/5077/1384 2581/5727/1384 5161/5471/1384 1141/5027/1384
f 2581/5727/1384 4948/5077/1384 1155/5076/1384 5170/5568/1384
f 5184/3058/1384 2581/5727/1384 5170/5568/1384 1238/3060/1384
f 2582/5728/1461 5185/3070/1461 1233/3071/1461 5165/5565/1461
f 4971/5127/1461 2582/5728/1461 5165/5565/1461 1166/5128/1461
f 2582/5728/1461 4971/5127/1461 1165/5124/1461 5164/5532/1461
f 5185/3070/1461 2582/5728/1461 5164/5532/1461 1232/3072/1461
f 2583/5729/3794 5186/3089/2053 1234/3042/2038 5166/5724/3791
f 4980/5148/3533 2583/5729/3794 5166/5724/3791 1149/5051/3496
f 2583/5729/3794 4980/5148/3533 1144/5041/3486 5157/5483/3695
f 5186/3089/2053 2583/5729/3794 5157/5483/3695 1225/3090/2054
f 2584/5730/3795 5187/3093/2057 1235/3034/2031 5167/5722/3789
f 4983/5157/3542 2584/5730/3795 5167/5722/3789 1137/5013/3473
f 2584/5730/3795 4983/5157/3542 1172/5156/3541 4089/5731/3796
f 5187/3093/2057 2584/5730/3795 4089/5731/3796 1247/3094/2058
f 2585/5732/1384 5188/3112/1384 1241/3113/1384 5173/5580/1384
f 5008/5203/1384 2585/5732/1384 5173/5580/1384 1182/5204/1384
f 2585/5732/1384 5008/5203/1384 1183/5202/1384 5175/5733/1384
f 5188/3112/1384 2585/5732/1384 5175/5733/1384 1243/3114/1384
f 2586/5734/1384 5189/3129/1384 1243/3114/1384 5175/5733/1384
f 5015/5215/1384 2586/5734/1384 5175/5733/1384 1183/5202/1384
f 2586/5734/1384 5015/5215/1384 1186/5214/1384 5176/5587/1384
f 5189/3129/1384 2586/5734/1384 5176/5587/1384 1244/3130/1384
f 2587/5735/1461 5190/5736/1461 1248/5523/1461 4090/5522/1461
f 5093/5737/1461 2587/5735/1461 4090/5522/1461 1163/5110/1461
f 2587/5735/1461 5093/5737/1461 1355/5609/1461 5428/5738/1461
f 5190/5736/1461 2587/5735/1461 5428/5738/1461 1356/3165/1461
f 2588/5739/1384 5191/5740/1384 1228/5499/1384 3983/5741/1384
f 5377/5742/1384 2588/5739/1384 3983/5741/1384 629/2536/1384
f 2588/5739/1384 5377/5742/1384 1339/2485/1384 5429/5743/1384
f 5191/5740/1384 2588/5739/1384 5429/5743/1384 1357/5466/1384
f 2589/5744/1384 5192/5472/1384 1229/3059/1384 3984/3057/1384
f 4032/2489/1384 2589/5744/1384 3984/3057/1384 630/2491/1384
f 2589/5744/1384 4032/2489/1384 618/2490/1384 3972/5745/1384
f 5192/5472/1384 2589/5744/1384 3972/5745/1384 1223/5473/1384
f 2590/5746/3797 5193/5486/3698 1245/5485/3697 4019/5747/3798
f 4035/2501/1764 2590/5746/3797 4019/5747/3798 665/2503/1766
f 2590/5746/3797 4035/2501/1764 623/2502/1765 3977/3091/2055
f 5193/5486/3698 2590/5746/3797 3977/3091/2055 1225/3090/2054
f 2591/5748/1384 5194/5498/1384 1223/5473/1384 3972/5745/1384
f 4041/2535/1384 2591/5748/1384 3972/5745/1384 618/2490/1384
f 2591/5748/1384 4041/2535/1384 629/2536/1384 3983/5741/1384
f 5194/5498/1384 2591/5748/1384 3983/5741/1384 1228/5499/1384
f 2592/5749/3799 5195/5750/3800 1227/3047/2043 3981/3045/2041
f 5285/5751/3801 2592/5749/3799 3981/3045/2041 627/2524/1787
f 2592/5749/3799 5285/5751/3801 1301/2561/1801 5362/5752/3802
f 5195/5750/3800 2592/5749/3799 5362/5752/3802 1324/5512/3711
f 2593/5753/1461 5196/5524/1461 1248/5523/1461 5180/5754/1461
f 4048/2571/1461 2593/5753/1461 5180/5754/1461 673/2573/1461
f 2593/5753/1461 4048/2571/1461 634/2572/1461 3988/5755/1461
f 5196/5524/1461 2593/5753/1461 3988/5755/1461 1231/5525/1461
f 2594/5756/1461 5197/5533/1461 1231/5525/1461 3988/5755/1461
f 4050/2586/1461 2594/5756/1461 3988/5755/1461 634/2572/1461
f 2594/5756/1461 4050/2586/1461 636/2587/1461 3990/3073/1461
f 5197/5533/1461 2594/5756/1461 3990/3073/1461 1232/3072/1461
f 2595/5757/3803 5198/5558/3731 1226/3041/2037 3979/3039/2035
f 4064/2639/1829 2595/5757/3803 3979/3039/2035 625/2514/1777
f 2595/5757/3803 4064/2639/1829 651/2525/1788 4005/3049/2045
f 5198/5558/3731 2595/5757/3803 4005/3049/2045 1236/3048/2044
f 2596/5758/1461 5199/5566/1461 1233/3071/1461 3991/3069/1461
f 4066/2647/1461 2596/5758/1461 3991/3069/1461 637/2591/1461
f 2596/5758/1461 4066/2647/1461 652/2644/1461 4006/5759/1461
f 5199/5566/1461 2596/5758/1461 4006/5759/1461 1237/5562/1461
f 2597/5760/1384 5200/5571/1384 1246/5570/1384 4022/5761/1384
f 4067/2650/1384 2597/5760/1384 4022/5761/1384 668/2651/1384
f 2597/5760/1384 4067/2650/1384 653/2539/1384 4007/3061/1384
f 5200/5571/1384 2597/5760/1384 4007/3061/1384 1238/3060/1384
f 2598/5762/1384 5201/5578/1384 1239/5577/1384 4009/5763/1384
f 4069/2657/1384 2598/5762/1384 4009/5763/1384 655/2658/1384
f 2598/5762/1384 4069/2657/1384 668/2651/1384 4022/5761/1384
f 5201/5578/1384 2598/5762/1384 4022/5761/1384 1246/5570/1384
f 2599/5764/1384 5202/5581/1384 1241/3113/1384 4013/3111/1384
f 4072/2671/1384 2599/5764/1384 4013/3111/1384 659/2667/1384
f 2599/5764/1384 4072/2671/1384 655/2658/1384 4009/5763/1384
f 5202/5581/1384 2599/5764/1384 4009/5763/1384 1239/5577/1384
f 2600/5765/1384 5203/5584/1384 1240/3144/1384 4010/5766/1384
f 4073/2674/1384 2600/5765/1384 4010/5766/1384 656/2676/1384
f 2600/5765/1384 4073/2674/1384 660/2675/1384 4014/5767/1384
f 5203/5584/1384 2600/5765/1384 4014/5767/1384 1242/5585/1384
f 2601/5768/1384 5204/5588/1384 1242/5585/1384 4014/5767/1384
f 4078/2697/1384 2601/5768/1384 4014/5767/1384 660/2675/1384
f 2601/5768/1384 4078/2697/1384 664/2694/1384 4018/3131/1384
f 5204/5588/1384 2601/5768/1384 4018/3131/1384 1244/3130/1384
f 2602/5769/3804 5205/5591/3734 1224/3033/2030 3975/3031/2028
f 4079/2699/1831 2602/5769/3804 3975/3031/2028 621/2476/1754
f 2602/5769/3804 4079/2699/1831 665/2503/1766 4019/5747/3798
f 5205/5591/3734 2602/5769/3804 4019/5747/3798 1245/5485/3697
f 2603/5770/3805 5206/5622/3748 1247/3094/2058 4089/5731/3796
f 5092/5597/3736 2603/5770/3805 4089/5731/3796 1172/5156/3541
f 2603/5770/3805 5092/5597/3736 1138/5596/3480 5154/5771/3691
f 5206/5622/3748 2603/5770/3805 5154/5771/3691 1222/5623/3693
f 2604/5772/1384 5207/3143/1384 680/3065/1384 4025/3063/1384
f 4084/2969/1384 2604/5772/1384 4025/3063/1384 671/2550/1384
f 2604/5772/1384 4084/2969/1384 656/2676/1384 4010/5766/1384
f 5207/3143/1384 2604/5772/1384 4010/5766/1384 1240/3144/1384
f 2605/5773/1461 5208/5563/1461 1237/5562/1461 4006/5759/1461
f 4065/2642/1461 2605/5773/1461 4006/5759/1461 652/2644/1461
f 2605/5773/1461 4065/2642/1461 654/2643/1461 4008/3137/1461
f 5208/5563/1461 2605/5773/1461 4008/3137/1461 676/3126/1461
f 2606/5774/3806 5232/3052/2048 1253/3053/2049 5213/5541/3724
f 4945/5068/3513 2606/5774/3806 5213/5541/3724 1153/5069/3514
f 2606/5774/3806 4945/5068/3513 1154/5067/3512 5214/5516/3714
f 5232/3052/2048 2606/5774/3806 5214/5516/3714 1254/3054/2050
f 2607/5775/1461 5233/3076/1461 1258/3077/1461 5218/5776/1461
f 4973/5133/1461 2607/5775/1461 5218/5776/1461 1167/5134/1461
f 2607/5775/1461 4973/5133/1461 1168/5132/1461 5219/5535/1461
f 5233/3076/1461 2607/5775/1461 5219/5535/1461 1259/3078/1461
f 2608/5777/1461 5234/3082/1461 1260/3083/1461 5220/5778/1461
f 4978/5141/1461 2608/5777/1461 5220/5778/1461 1170/5142/1461
f 2608/5777/1461 4978/5141/1461 1167/5134/1461 5218/5776/1461
f 5234/3082/1461 2608/5777/1461 5218/5776/1461 1258/3077/1461
f 2609/5779/1384 5235/3085/1384 1261/3066/1384 5221/5780/1384
f 4979/5145/1384 2609/5779/1384 5221/5780/1384 1159/5146/1384
f 2609/5779/1384 4979/5145/1384 1156/5083/1384 5215/5501/1384
f 5235/3085/1384 2609/5779/1384 5215/5501/1384 1255/3086/1384
f 2610/5781/3807 5236/3098/2062 1265/3099/2063 5225/5494/3706
f 4988/5163/3546 2610/5781/3807 5225/5494/3706 1150/5056/3501
f 2610/5781/3807 4988/5163/3546 1171/5152/3537 5223/5540/3723
f 5236/3098/2062 2610/5781/3807 5223/5540/3723 1263/3100/2064
f 2611/5782/1461 5237/3104/1461 1267/3105/1461 5227/5783/1461
f 4994/5173/1461 2611/5782/1461 5227/5783/1461 1176/5174/1461
f 2611/5782/1461 4994/5173/1461 1170/5142/1461 5220/5778/1461
f 5237/3104/1461 2611/5782/1461 5220/5778/1461 1260/3083/1461
f 2612/5784/1461 5238/3171/1461 1270/3170/1461 4091/5528/1461
f 5094/5611/1461 2612/5784/1461 4091/5528/1461 1164/5118/1461
f 2612/5784/1461 5094/5611/1461 1176/5174/1461 5227/5783/1461
f 5238/3171/1461 2612/5784/1461 5227/5783/1461 1267/3105/1461
f 2613/5785/1384 5239/5480/1384 1268/5479/1384 4004/5786/1384
f 4034/2495/1384 2613/5785/1384 4004/5786/1384 650/2497/1384
f 2613/5785/1384 4034/2495/1384 619/2496/1384 3973/5787/1384
f 5239/5480/1384 2613/5785/1384 3973/5787/1384 1249/5481/1384
f 2614/5788/3808 5240/5491/3703 1252/5490/3702 3978/5789/3809
f 4036/2507/1770 2614/5788/3808 3978/5789/3809 624/2509/1772
f 2614/5788/3808 4036/2507/1770 622/2508/1771 3976/5790/3810
f 5240/5491/3703 2614/5788/3808 3976/5790/3810 1251/5492/3704
f 2615/5791/3811 5241/5495/3707 1265/3099/2063 4001/3097/2061
f 4038/2518/1781 2615/5791/3811 4001/3097/2061 647/2519/1782
f 2615/5791/3811 4038/2518/1781 624/2509/1772 3978/5789/3809
f 5241/5495/3707 2615/5791/3811 3978/5789/3809 1252/5490/3702
f 2616/5792/1384 5242/5504/1384 1256/5503/1384 3986/5793/1384
f 4043/2543/1384 2616/5792/1384 3986/5793/1384 632/2545/1384
f 2616/5792/1384 4043/2543/1384 631/2544/1384 3985/3087/1384
f 5242/5504/1384 2616/5792/1384 3985/3087/1384 1255/3086/1384
f 2617/5794/1384 5243/5508/1384 1249/5481/1384 3973/5787/1384
f 4045/2554/1384 2617/5794/1384 3973/5787/1384 619/2496/1384
f 2617/5794/1384 4045/2554/1384 632/2545/1384 3986/5793/1384
f 5243/5508/1384 2617/5794/1384 3986/5793/1384 1256/5503/1384
f 2618/5795/3812 5244/5796/3813 1257/5797/3721 3989/5798/3814
f 5286/5799/3815 2618/5795/3812 3989/5798/3814 635/5800/1812
f 2618/5795/3812 5286/5799/3815 1302/2566/1806 5363/5801/3745
f 5244/5796/3813 2618/5795/3812 5363/5801/3745 1325/5518/3716
f 2619/5802/3816 5245/5529/3720 1270/3170/1461 5230/3169/1461
f 4049/2580/1811 2619/5802/3816 5230/3169/1461 674/2582/1461
f 2619/5802/3816 4049/2580/1811 635/2581/1812 3989/5803/3814
f 5245/5529/3720 2619/5802/3816 3989/5803/3814 1257/5530/3721
f 2620/5804/1461 5246/5538/1461 1262/5537/1461 3996/5805/1461
f 4053/2599/1461 2620/5804/1461 3996/5805/1461 642/2600/1461
f 2620/5804/1461 4053/2599/1461 639/2596/1461 3993/3079/1461
f 5246/5538/1461 2620/5804/1461 3993/3079/1461 1259/3078/1461
f 2621/5806/3817 5247/5542/3725 1253/3053/2049 3980/3051/2047
f 4057/2612/1817 2621/5806/3817 3980/3051/2047 626/2530/1793
f 2621/5806/3817 4057/2612/1817 644/2613/1818 3998/3101/2065
f 5247/5542/3725 2621/5806/3817 3998/3101/2065 1263/3100/2064
f 2622/5807/3818 5248/5545/3727 1251/5492/3704 3976/5790/3810
f 4059/2621/1825 2622/5807/3818 3976/5790/3810 622/2508/1771
f 2622/5807/3818 4059/2621/1825 646/2622/1806 4000/5617/3745
f 5248/5545/3727 2622/5807/3818 4000/5617/3745 1264/5546/3716
f 2623/5808/1384 5249/5551/1384 1271/5550/1384 5231/5626/1384
f 4061/2628/1384 2623/5808/1384 5231/5626/1384 675/2630/1384
f 2623/5808/1384 4061/2628/1384 648/2629/1384 4002/5809/1384
f 5249/5551/1384 2623/5808/1384 4002/5809/1384 1266/5552/1384
f 2624/5810/1384 5250/5554/1384 1266/5552/1384 4002/5809/1384
f 4063/2637/1384 2624/5810/1384 4002/5809/1384 648/2629/1384
f 2624/5810/1384 4063/2637/1384 650/2497/1384 4004/5786/1384
f 5250/5554/1384 2624/5810/1384 4004/5786/1384 1268/5479/1384
f 2625/5811/3819 5251/5602/3739 1269/5601/3716 4026/5618/3745
f 4085/2994/2008 2625/5811/3819 4026/5618/3745 672/2995/1806
f 2625/5811/3819 4085/2994/2008 620/2993/2007 3974/5812/3750
f 5251/5602/3739 2625/5811/3819 3974/5812/3750 1250/5603/3740
f 2626/5813/3715 5252/5619/3716 1269/5601/3716 5229/5600/3715
f 5087/5475/3525 2626/5813/3715 5229/5600/3715 1194/5415/3525
f 2626/5813/3715 5087/5475/3525 1173/5161/3525 5224/5544/3715
f 5252/5619/3716 2626/5813/3715 5224/5544/3715 1264/5546/3716
f 2627/5814/3820 5253/5627/3751 1271/5550/1384 4092/5549/1384
f 5095/5615/3744 2627/5814/3820 4092/5549/1384 1175/5168/1384
f 2627/5814/3820 5095/5615/3744 1193/5614/3660 5210/5815/3738
f 5253/5627/3751 2627/5814/3820 5210/5815/3738 1250/5628/3740
f 2628/5816/1461 5254/5574/1461 679/3109/1461 4023/3107/1461
f 4068/2654/1461 2628/5816/1461 4023/3107/1461 669/2655/1461
f 2628/5816/1461 4068/2654/1461 642/2600/1461 3996/5805/1461
f 5254/5574/1461 2628/5816/1461 3996/5805/1461 1262/5537/1461
f 2629/5817/1384 5255/3064/1384 680/3065/1384 5129/5506/1384
f 4954/5684/1384 2629/5817/1384 5129/5506/1384 1210/5088/1384
f 2629/5817/1384 4954/5684/1384 1159/5146/1384 5221/5780/1384
f 5255/3064/1384 2629/5817/1384 5221/5780/1384 1261/3066/1384
f 2630/5818/3821 5310/5819/10 1299/3005/10 5283/5820/3822
f 3944/5821/3823 2630/5818/3821 5283/5820/3822 603/2998/2011
f 2630/5818/3821 3944/5821/3823 1337/1950/1460 5430/5822/3824
f 5310/5819/10 2630/5818/3821 5430/5822/3824 1358/189/10
f 2631/5823/3825 5311/199/10 1281/198/10 2905/5824/3825
f 2778/1972/1473 2631/5823/3825 2905/5824/3825 39/1974/1475
f 2631/5823/3825 2778/1972/1473 36/1971/1472 5257/5825/3826
f 5311/199/10 2631/5823/3825 5257/5825/3826 1273/200/10
f 2632/5826/3827 5312/208/10 1279/207/10 5263/5827/3828
f 2797/2022/1496 2632/5826/3827 5263/5827/3828 56/2002/1486
f 2632/5826/3827 2797/2022/1496 37/2021/1495 5258/5828/3829
f 5312/208/10 2632/5826/3827 5258/5828/3829 1274/209/10
f 2633/5829/3830 5313/244/136 1275/245/137 5259/1937/1452
f 2777/3023/2024 2633/5829/3830 5259/1937/1452 38/1936/1451
f 2633/5829/3830 2777/3023/2024 606/1962/1469 3961/3010/2016
f 5313/244/136 2633/5829/3830 3961/3010/2016 1300/246/10
f 2634/5830/3831 5314/268/10 1277/267/10 5261/5831/3832
f 2781/2003/1487 2634/5830/3831 5261/5831/3832 42/1990/1480
f 2634/5830/3831 2781/2003/1487 56/2002/1486 5263/5827/3828
f 5314/268/10 2634/5830/3831 5263/5827/3828 1279/207/10
f 2635/5832/3833 5315/498/10 1276/497/10 5260/574/205
f 2779/1982/1476 2635/5832/3833 5260/574/205 40/575/206
f 2635/5832/3833 2779/1982/1476 39/1974/1475 2905/5824/3825
f 5315/498/10 2635/5832/3833 2905/5824/3825 1281/198/10
f 2636/5833/3834 5316/511/199 1287/510/198 5271/5834/3835
f 3432/1780/1358 2636/5833/3834 5271/5834/3835 369/1675/1260
f 2636/5833/3834 3432/1780/1358 393/1782/1360 3440/1794/1372
f 5316/511/199 2636/5833/3834 3440/1794/1372 1289/512/200
f 2637/5835/10 5317/576/10 1276/497/10 2774/495/10
f 2944/554/10 2637/5835/10 2774/495/10 27/496/10
f 2637/5835/10 2944/554/10 143/553/10 2947/583/10
f 5317/576/10 2637/5835/10 2947/583/10 1283/577/10
f 2638/5836/3836 5318/586/10 1282/585/10 2932/904/489
f 2919/2076/1534 2638/5836/3836 2932/904/489 130/903/488
f 2638/5836/3836 2919/2076/1534 144/572/203 5267/571/202
f 5318/586/10 2638/5836/3836 5267/571/202 1283/577/10
f 2639/5837/3837 5319/897/482 1274/209/10 5258/5828/3829
f 3087/2887/1942 2639/5837/3837 5258/5828/3829 37/2021/1495
f 2639/5837/3837 3087/2887/1942 216/2878/1937 5279/5838/3838
f 5319/897/482 2639/5837/3837 5279/5838/3838 1295/898/483
f 2640/5839/3839 5320/905/490 1282/585/10 5266/584/10
f 3089/910/495 2640/5839/3839 5266/584/10 131/580/10
f 2640/5839/3839 3089/910/495 217/914/499 5280/5840/3840
f 5320/905/490 2640/5839/3839 5280/5840/3840 1296/906/491
f 2641/5841/3841 5321/1341/926 1290/1342/927 5274/5842/3842
f 3852/2873/1934 2641/5841/3841 5274/5842/3842 525/2875/1936
f 2641/5841/3841 3852/2873/1934 562/2740/1851 3854/2854/1915
f 5321/1341/926 2641/5841/3841 3854/2854/1915 1297/1343/928
f 2642/5843/3843 5322/1350/935 1291/1351/936 5275/5844/3844
f 3847/1356/941 2642/5843/3843 5275/5844/3844 528/1357/942
f 2642/5843/3843 3847/1356/941 557/1363/948 3855/2858/1919
f 5322/1350/935 2642/5843/3843 3855/2858/1919 1298/1352/937
f 2643/5845/3845 5323/1656/1241 1284/1657/1242 5268/2855/1916
f 3373/2719/1839 2643/5845/3845 5268/2855/1916 533/2720/1840
f 2643/5845/3845 3373/2719/1839 535/2711/1834 5270/5846/3846
f 5323/1656/1241 2643/5845/3845 5270/5846/3846 1286/1658/1243
f 2644/5847/3847 5324/1665/1250 1285/1666/1251 5269/2860/1921
f 3375/1668/1253 2644/5847/3847 5269/2860/1921 293/1669/1254
f 2644/5847/3847 3375/1668/1253 369/1675/1260 5271/5834/3835
f 5324/1665/1250 2644/5847/3847 5271/5834/3835 1287/510/198
f 2645/5848/3848 5325/1789/1367 1286/1658/1243 5270/5846/3846
f 3365/2710/1833 2645/5848/3848 5270/5846/3846 535/2711/1834
f 2645/5848/3848 3365/2710/1833 537/2717/1837 5272/5849/3849
f 5325/1789/1367 2645/5848/3848 5272/5849/3849 1288/1790/1368
f 2646/5850/3850 5326/1795/1373 1288/1790/1368 5272/5849/3849
f 3435/2731/1846 2646/5850/3850 5272/5849/3849 537/2717/1837
f 2646/5850/3850 3435/2731/1846 394/506/194 5273/505/193
f 5326/1795/1373 2646/5850/3850 5273/505/193 1289/512/200
f 2647/5851/3851 5327/1930/1446 1272/1931/125 2770/5852/3852
f 3459/5853/1456 2647/5851/3851 2770/5852/3852 35/5854/1457
f 2647/5851/3851 3459/5853/1456 488/2557/1463 3751/2556/1797
f 5327/1930/1446 2647/5851/3851 3751/2556/1797 1293/1932/1447
f 2648/5855/3853 5328/1938/1388 1275/245/137 2773/243/135
f 3453/1889/1431 2648/5855/3853 2773/243/135 20/242/134
f 2648/5856/3853 3453/1896/1431 483/1897/1436 3752/2564/1804
f 5328/1940/1388 2648/5856/3853 3752/2564/1804 1294/1941/1391
f 2649/5857/3854 5329/2464/10 1280/2463/10 2870/3011/2017
f 2862/2062/1526 2649/5857/3854 2870/3011/2017 97/1959/1466
f 2649/5857/3854 2862/2062/1526 43/2011/1491 2791/5858/3855
f 5329/2464/10 2649/5857/3854 2791/5858/3855 1278/2466/10
f 2650/5859/3856 5330/2468/10 1278/2466/10 2791/5858/3855
f 2782/2009/1489 2650/5859/3856 2791/5858/3855 43/2011/1491
f 2650/5859/3856 2782/2009/1489 41/1993/1483 5276/5860/3857
f 5330/2468/10 2650/5859/3856 5276/5860/3857 1292/2469/10
f 2651/5861/3858 5331/2472/10 1292/2469/10 5276/5860/3857
f 2780/1991/1481 2651/5861/3858 5276/5860/3857 41/1993/1483
f 2651/5861/3858 2780/1991/1481 42/1990/1480 5261/5831/3832
f 5331/2472/10 2651/5861/3858 5261/5831/3832 1277/267/10
f 2652/5862/3859 5332/2562/1802 1301/2561/1801 5285/5751/3801
f 3692/2522/1785 2652/5862/3859 5285/5751/3801 627/2524/1787
f 2652/5862/3859 3692/2522/1785 482/1885/1427 5277/1933/1448
f 5332/2562/1802 2652/5862/3859 5277/1933/1448 1293/1932/1447
f 2653/5863/3860 5333/2567/1807 1302/2566/1806 5286/5799/3815
f 3700/5864/1810 2653/5863/3860 5286/5799/3815 635/5800/1812
f 2653/5863/3860 3700/5864/1810 491/1944/1454 5278/1942/1453
f 5333/2567/1807 2653/5863/3860 5278/1942/1453 1294/1941/1391
f 2654/5865/3861 5334/2753/1859 1295/898/483 5279/5838/3838
f 3789/2877/1935 2654/5865/3861 5279/5838/3838 216/2878/1937
f 2654/5866/3861 3789/2874/1935 525/2875/1936 5274/5842/3842
f 5334/2754/1859 2654/5866/3861 5274/5842/3842 1290/1342/927
f 2655/5867/3862 5335/2759/1862 1296/906/491 5280/5840/3840
f 3791/2764/1864 2655/5867/3862 5280/5840/3840 217/914/499
f 2655/5868/3862 3791/2762/1864 528/1357/942 5275/5844/3844
f 5335/2760/1862 2655/5868/3862 5275/5844/3844 1291/1351/936
f 2656/5869/3863 5336/2856/1917 1284/1657/1242 3221/1655/1240
f 3588/2871/1932 2656/5869/3863 3221/1655/1240 290/1654/1239
f 2656/5869/3863 3588/2871/1932 554/1345/930 5281/1344/929
f 5336/2856/1917 2656/5869/3863 5281/1344/929 1297/1343/928
f 2657/5870/3864 5337/2861/1922 1285/1666/1251 3222/1664/1249
f 3590/2744/1854 2657/5870/3864 3222/1664/1249 292/1663/1248
f 2657/5870/3864 3590/2744/1854 556/1354/939 5282/1353/938
f 5337/2861/1922 2657/5870/3864 5282/1353/938 1298/1352/937
f 2658/5871/3865 5338/3004/10 1273/200/10 5257/5825/3826
f 2776/2999/2012 2658/5871/3865 5257/5825/3826 36/1971/1472
f 2658/5871/3865 2776/2999/2012 603/2998/2011 5283/5820/3822
f 5338/3004/10 2658/5871/3865 5283/5820/3822 1299/3005/10
f 2659/5872/10 5339/3012/10 1280/2463/10 5264/2462/10
f 2863/417/10 2659/5872/10 5264/2462/10 99/418/10
f 2659/5872/10 2863/417/10 610/248/10 5284/247/10
f 5339/3012/10 2659/5872/10 5284/247/10 1300/246/10
f 2660/5873/3866 5340/3349/2211 1304/3350/2212 5288/5874/3867
f 4169/5875/3245 2660/5873/3866 5288/5874/3867 751/5876/3246
f 2660/5873/3866 4169/5875/3245 1347/5877/3251 5431/5878/3868
f 5340/3349/2211 2660/5873/3866 5431/5878/3868 1359/3351/2213
f 2661/5879/3869 5341/3358/2220 1306/3359/2221 4174/5880/3870
f 4173/5881/3259 2661/5879/3869 4174/5880/3870 755/5882/3260
f 2661/5879/3869 4173/5881/3259 754/5883/3263 5289/5884/3871
f 5341/3358/2220 2661/5879/3869 5289/5884/3871 1305/3360/2222
f 2662/5885/3872 5342/3400/2244 1309/3399/2243 5293/5433/3675
f 4192/5886/3687 2662/5885/3872 5293/5433/3675 772/5432/3257
f 2662/5885/3872 4192/5886/3687 771/5887/3240 4191/5888/3239
f 5342/3400/2244 2662/5885/3872 4191/5888/3239 1308/3401/2245
f 2663/5889/3873 5343/3421/2085 1307/3422/2141 4176/5890/3874
f 4205/5891/3274 2663/5889/3873 4176/5890/3874 757/5892/2900
f 2663/5889/3873 4205/5891/3274 777/5893/3269 4204/5894/3875
f 5343/3421/2085 2663/5889/3873 4204/5894/3875 1310/3423/2155
f 2664/5895/3876 5344/3638/2392 1305/3360/2222 5289/5884/3871
f 4314/5896/3265 2664/5895/3876 5289/5884/3871 754/5883/3263
f 2664/5895/3876 4314/5896/3265 842/3682/2413 4313/3681/2412
f 5344/3638/2392 2664/5895/3876 4313/3681/2412 1311/3639/2393
f 2665/5897/3877 5345/3679/2411 1312/3680/2085 5296/5236/2085
f 4330/5713/3780 2665/5897/3877 5296/5236/2085 849/5237/2082
f 2665/5897/3877 4330/5713/3780 841/3641/2395 5295/3640/2394
f 5345/3679/2411 2665/5897/3877 5295/3640/2394 1311/3639/2393
f 2666/5898/3878 5346/4623/3237 1314/4622/3236 5298/5095/3517
f 4785/5899/3247 2666/5898/3878 5298/5095/3517 1095/5094/3249
f 2666/5898/3878 4785/5899/3247 751/5900/3246 5288/5901/3867
f 5346/4623/3237 2666/5898/3878 5288/5901/3867 1304/4624/2212
f 2667/5902/3879 5347/4632/3176 1315/4631/3175 5299/5101/3523
f 4773/4583/3217 2667/5902/3879 5299/5101/3523 1089/4585/3219
f 2667/5902/3879 4773/4583/3217 770/4582/2239 5292/5903/2238
f 5347/4632/3176 2667/5902/3879 5292/5903/2238 1308/4633/2245
f 2668/5904/3880 5348/5001/2155 1317/5000/2085 5301/5905/3881
f 4824/5906/3309 2668/5904/3880 5301/5905/3881 1108/5907/3278
f 2668/5904/3880 4824/5906/3309 1098/5436/3254 5300/5435/3676
f 5348/5001/2155 2668/5904/3880 5300/5435/3676 1316/5003/2250
f 2669/5908/3882 5349/5007/2085 1318/5006/2085 4917/5909/3883
f 4806/5910/3276 2669/5908/3882 4917/5909/3883 1104/5911/3272
f 2669/5908/3882 4806/5910/3276 1108/5907/3278 5301/5905/3881
f 5349/5007/2085 2669/5908/3882 5301/5905/3881 1317/5000/2085
f 2670/5912/3874 5350/5009/2155 1310/3423/2155 4204/5894/3875
f 4800/5913/3268 2670/5912/3874 4204/5894/3875 777/5893/3269
f 2670/5912/3874 4800/5913/3268 1104/5911/3272 4917/5909/3883
f 5350/5009/2155 2670/5912/3874 4917/5909/3883 1318/5006/2085
f 2671/5914/3884 5351/5096/3518 1314/4622/3236 4786/4621/3235
f 4941/5059/3504 2671/5914/3884 4786/4621/3235 1086/4577/3213
f 2671/5914/3884 4941/5059/3504 1151/5063/3508 4958/5915/3885
f 5351/5096/3518 2671/5914/3884 4958/5915/3885 1319/5097/3519
f 2672/5916/3886 5352/5102/3524 1315/4631/3175 4787/4629/3242
f 4960/5917/3528 2672/5916/3886 4787/4629/3242 1096/4630/3243
f 2672/5916/3886 4960/5917/3528 1161/5918/3531 4959/5919/3887
f 5352/5102/3524 2672/5916/3886 4959/5919/3887 1320/5103/3525
f 2673/5920/3888 5353/5230/2085 1321/5231/2085 5305/5636/3757
f 5098/5921/2901 2673/5920/3888 5305/5636/3757 1195/5635/2902
f 2673/5920/3888 5098/5921/2901 757/5892/2900 4176/5890/3874
f 5353/5230/2085 2673/5920/3888 4176/5890/3874 1307/3422/2141
f 2674/5922/3889 5354/5238/2227 1312/3680/2085 4335/3678/2410
f 4337/5923/3316 2674/5922/3889 4335/3678/2410 851/3677/2409
f 2674/5922/3889 4337/5923/3316 852/5924/3319 4464/5925/3890
f 5354/5238/2227 2674/5922/3889 4464/5925/3890 1313/5239/2141
f 2675/5926/3891 5355/5425/3669 1303/5426/3670 4168/5927/3892
f 5081/5928/3663 2675/5926/3891 4168/5927/3892 750/5929/3664
f 2675/5926/3891 5081/5928/3663 755/5882/3260 4174/5880/3870
f 5355/5425/3669 2675/5926/3891 4174/5880/3870 1306/3359/2221
f 2676/5930/3893 5356/5434/2085 1309/3399/2243 4193/3397/2241
f 4275/3562/2326 2676/5930/3893 4193/3397/2241 773/3398/2242
f 2676/5930/3893 4275/3562/2326 827/3563/2327 4915/5002/3469
f 5356/5434/2085 2676/5930/3893 4915/5002/3469 1316/5003/2250
f 2677/5931/3894 5357/5511/3710 1319/5097/3519 4958/5915/3885
f 5159/5726/3793 2677/5931/3894 4958/5915/3885 1151/5063/3508
f 2677/5931/3894 5159/5726/3793 1227/3047/2043 5195/5750/3800
f 5357/5511/3710 2677/5931/3894 5195/5750/3800 1324/5512/3711
f 2678/5932/3895 5358/5517/3715 1320/5103/3525 4959/5919/3887
f 5217/5933/3719 2678/5932/3895 4959/5919/3887 1161/5918/3531
f 2678/5932/3895 5217/5933/3719 1257/5797/3721 5244/5796/3813
f 5358/5517/3715 2678/5932/3895 5244/5796/3813 1325/5518/3716
f 2679/5934/2085 5359/5637/2085 1321/5231/2085 5096/5229/2155
f 5043/5709/2085 2679/5934/2085 5096/5229/2155 1006/5228/2085
f 2679/5934/2085 5043/5709/2085 1196/5706/2085 5102/5935/2085
f 5359/5637/2085 2679/5934/2085 5102/5935/2085 1322/5638/2085
f 2680/5936/3896 5360/5649/2155 1313/5239/2141 4464/5925/3890
f 5112/5937/3762 2680/5936/3896 4464/5925/3890 852/5924/3319
f 2680/5936/3896 5112/5937/3762 1202/5671/3761 5115/5670/3766
f 5360/5649/2155 2680/5936/3896 5115/5670/3766 1323/5650/2085
f 2681/5938/2085 5361/5673/2141 1322/5638/2085 5102/5935/2085
f 5100/5705/2085 2681/5938/2085 5102/5935/2085 1196/5706/2085
f 2681/5938/2085 5100/5705/2085 1203/5647/2085 5307/5646/2085
f 5361/5673/2141 2681/5938/2085 5307/5646/2085 1323/5650/2085
f 2682/5939/3897 5362/5752/3802 1301/2561/1801 4046/2559/1799
f 3987/5940/2073 2682/5939/3897 4046/2559/1799 633/2560/1800
f 2682/5939/3897 3987/5940/2073 1230/5514/2075 5308/5513/3712
f 5362/5752/3802 2682/5939/3897 5308/5513/3712 1324/5512/3711
f 2683/5941/3898 5363/5801/3745 1302/2566/1806 4047/2565/1805
f 3982/3055/2051 2683/5941/3898 4047/2565/1805 628/2531/1794
f 2683/5941/3898 3982/3055/2051 1254/3054/2050 5309/5519/3717
f 5363/5801/3745 2683/5941/3898 5309/5519/3717 1325/5518/3716
f 2684/5942/3899 5398/8/8 1330/7/7 5368/5943/3900
f 2826/324/157 2684/5942/3899 5368/5943/3900 73/325/158
f 2684/5942/3899 2826/324/157 22/81/53 2719/5944/3901
f 5398/8/8 2684/5942/3899 2719/5944/3901 1326/9/9
f 2685/5945/3902 5399/41/33 1326/9/9 2719/5944/3901
f 2731/80/52 2685/5945/3902 2719/5944/3901 22/81/53
f 2685/5945/3902 2731/80/52 384/86/56 3410/1744/1322
f 5399/41/33 2685/5945/3902 3410/1744/1322 1334/42/34
f 2686/5946/3903 5400/50/42 1332/49/41 2898/476/182
f 2803/712/307 2686/5946/3903 2898/476/182 116/477/183
f 2686/5946/3903 2803/712/307 113/468/174 5369/467/173
f 5400/50/42 2686/5946/3903 5369/467/173 1331/51/43
f 2687/5947/3904 5401/187/122 1329/188/123 2740/488/189
f 3947/3003/2014 2687/5947/3904 2740/488/189 18/489/190
f 2687/5947/3904 3947/3003/2014 1299/3005/10 5310/5819/10
f 5401/187/122 2687/5947/3904 5310/5819/10 1358/189/10
f 2688/5948/3905 5402/307/148 1336/306/10 5374/5949/10
f 3865/2890/1944 2688/5948/3905 5374/5949/10 564/78/10
f 2688/5948/3905 3865/2890/1944 73/325/158 5368/5943/3900
f 5402/307/148 2688/5948/3905 5368/5943/3900 1330/7/7
f 2689/5950/3906 5403/473/179 1333/472/178 5371/5951/3907
f 2902/5952/1530 2689/5950/3906 5371/5951/3907 119/5953/1424
f 2689/5950/3906 2902/5952/1530 14/45/37 2893/44/36
f 5403/473/179 2689/5950/3906 2893/44/36 1331/51/43
f 2690/5954/3908 5404/478/184 1332/49/41 5370/47/39
f 2802/5955/1498 2690/5954/3908 5370/47/39 57/48/40
f 2690/5954/3908 2802/5955/1498 10/5956/1400 5366/5957/3909
f 5404/478/184 2690/5954/3908 5366/5957/3909 1328/480/186
f 2691/5958/3910 5405/490/191 1329/188/123 5367/186/121
f 2739/5959/1425 2691/5958/3910 5367/186/121 17/185/120
f 2691/5958/3910 2739/5959/1425 119/5953/1424 5371/5951/3907
f 5405/490/191 2691/5958/3910 5371/5951/3907 1333/472/178
f 2692/5960/3911 5406/1745/1323 1328/480/186 5366/5957/3909
f 2729/5961/1398 2692/5960/3911 5366/5957/3909 10/5956/1400
f 2692/5960/3911 2729/5961/1398 385/39/31 5372/38/30
f 5406/1745/1323 2692/5960/3911 5372/38/30 1334/42/34
f 2693/5962/3912 5407/1809/1383 1327/1810/50 2721/5963/1946
f 3441/5964/1505 2693/5962/3912 2721/5963/1946 1/5965/1506
f 2693/5962/3912 3441/5964/1505 471/2481/1511 3736/2480/1758
f 5407/1809/1383 2693/5962/3912 3736/2480/1758 1335/1811/1384
f 2694/5966/3913 5408/1949/1459 1337/1950/1460 3944/5821/3823
f 3946/2997/2010 2694/5966/3913 3944/5821/3823 603/2998/2011
f 2694/5967/3913 3946/3001/2010 604/2575/1461 3945/5968/1461
f 5408/1952/1459 2694/5967/3913 3945/5968/1461 1338/1953/1461
f 2695/5969/1384 5409/2486/1384 1339/2485/1384 5377/5742/1384
f 3694/2534/1384 2695/5969/1384 5377/5742/1384 629/2536/1384
f 2695/5969/1384 3694/2534/1384 484/1813/1384 5373/1812/1384
f 5409/2486/1384 2695/5969/1384 5373/1812/1384 1335/1811/1384
f 2696/5970/3914 5410/2905/45 1327/2904/50 5365/5971/1382
f 2720/71/46 2696/5970/3914 5365/5971/1382 21/72/47
f 2696/5970/3914 2720/71/46 564/78/10 5374/5949/10
f 5410/2905/45 2696/5970/3914 5374/5949/10 1336/306/10
f 2697/5972/1461 5411/3154/1461 1338/1953/1461 3945/5968/1461
f 4027/2574/1461 2697/5972/1461 3945/5968/1461 604/2575/1461
f 2697/5972/1461 4027/2574/1461 673/2573/1461 5378/5973/1461
f 5411/3154/1461 2697/5972/1461 5378/5973/1461 1340/3155/1461
f 2698/5974/1461 5412/3164/1461 1340/3155/1461 5378/5973/1461
f 5180/5754/1461 2698/5974/1461 5378/5973/1461 673/2573/1461
f 2698/5974/1461 5180/5754/1461 1248/5523/1461 5190/5736/1461
f 5412/3164/1461 2698/5974/1461 5190/5736/1461 1356/3165/1461
f 2699/5975/3915 5413/3176/2080 1342/3177/2081 5380/5976/3916
f 4097/3480/2274 2699/5975/3915 5380/5976/3916 684/3252/2137
f 2699/5975/3915 4097/3480/2274 683/3481/2250 4096/5977/2082
f 5413/3176/2080 2699/5975/3915 4096/5977/2082 1341/3178/2082
f 2700/5978/3917 5414/3212/2108 1343/3213/2109 5381/4465/3141
f 4112/3253/2138 2700/5978/3917 5381/4465/3141 698/3255/2140
f 2700/5978/3917 4112/3253/2138 684/3252/2137 5380/5976/3916
f 5414/3212/2108 2700/5978/3917 5380/5976/3916 1342/3177/2081
f 2701/5979/3918 5415/3218/2114 1345/3219/2115 4116/3615/2369
f 4394/4492/3155 2701/5979/3918 4116/3615/2369 701/3614/2368
f 2701/5979/3918 4394/4492/3155 716/3263/2147 5382/3621/2375
f 5415/3218/2114 2701/5979/3918 5382/3621/2375 1344/3220/2116
f 2702/5980/3919 5416/3352/2214 1359/3351/2213 5397/5981/3920
f 5287/5424/3668 2702/5980/3919 5397/5981/3920 1303/5426/3670
f 2702/5980/3919 5287/5424/3668 749/3635/2389 5384/3634/2388
f 5416/3352/2214 2702/5980/3919 5384/3634/2388 1346/3353/2215
f 2703/5982/2082 5417/3460/2082 1341/3178/2082 4096/5977/2082
f 4224/5313/2250 2703/5982/2082 4096/5977/2082 683/3481/2250
f 2703/5982/2082 4224/5313/2250 711/3246/2085 4223/5983/2082
f 5417/3460/2082 2703/5982/2082 4223/5983/2082 1348/3461/2082
f 2704/5984/3921 5418/3616/2370 1345/3219/2115 5383/3217/2113
f 4305/5985/3313 2704/5984/3921 5383/3217/2113 699/3216/2112
f 2704/5984/3921 4305/5985/3313 838/5986/3209 4304/5987/3922
f 5418/3616/2370 2704/5984/3921 4304/5987/3922 1349/3617/2371
f 2705/5988/3923 5419/3624/2378 1350/3623/2377 4307/5989/3924
f 4306/5990/3281 2705/5988/3923 4307/5989/3924 839/5991/3188
f 2705/5988/3923 4306/5990/3281 700/3222/2118 4115/3221/2117
f 5419/3624/2378 2705/5988/3923 4115/3221/2117 1344/3220/2116
f 2706/5992/3925 5420/3633/2387 1349/3617/2371 4304/5987/3922
f 4311/5993/3208 2706/5992/3925 4304/5987/3922 838/5986/3209
f 2706/5992/3925 4311/5993/3208 748/3347/2209 4167/3346/2208
f 5420/3633/2387 2706/5992/3925 4167/3346/2208 1346/3353/2215
f 2707/5994/3926 5421/4466/3142 1343/3213/2109 4113/3211/2107
f 4732/5995/3182 2707/5994/3926 4113/3211/2107 697/3210/2106
f 2707/5994/3926 4732/5995/3182 839/5991/3188 4307/5989/3924
f 5421/4466/3142 2707/5994/3926 4307/5989/3924 1350/3623/2377
f 2708/5996/3927 5422/4509/3165 1352/4508/1384 5390/5019/3478
f 4740/5997/3290 2708/5996/3927 5390/5019/3478 1067/5018/3292
f 2708/5996/3927 4740/5997/3290 1066/5998/3289 5389/5999/3596
f 5422/4509/3165 2708/5996/3927 5389/5999/3596 1351/4510/3166
f 2709/6000/3928 5423/4641/3250 1353/4640/1461 5391/6001/1461
f 4789/5421/3665 2709/6000/3928 5391/6001/1461 1097/5109/1461
f 2709/6000/3928 4789/5421/3665 750/5420/3664 5385/6002/3929
f 5423/4641/3250 2709/6000/3928 5385/6002/3929 1347/4642/3251
f 2710/6003/1384 5424/5020/1384 1352/4508/1384 4741/4506/1384
f 4923/5071/1384 2710/6003/1384 4741/4506/1384 1068/4507/1384
f 2710/6003/1384 4923/5071/1384 1139/5073/1384 4922/6004/1384
f 5424/5020/1384 2710/6003/1384 4922/6004/1384 1354/5021/1384
f 2711/6005/3930 5425/5326/3595 1348/3461/2082 4223/5983/2082
f 4128/3244/2132 2711/6005/3930 4223/5983/2082 711/3246/2085
f 2711/6005/3930 4128/3244/2132 708/3243/2131 4739/6006/3163
f 5425/5326/3595 2711/6005/3930 4739/6006/3163 1351/5327/3166
f 2712/6007/1384 5426/5465/1384 1354/5021/1384 4922/6004/1384
f 5160/5497/1384 2712/6007/1384 4922/6004/1384 1139/5073/1384
f 2712/6007/1384 5160/5497/1384 1228/5499/1384 5191/5740/1384
f 5426/5465/1384 2712/6007/1384 5191/5740/1384 1357/5466/1384
f 2713/6008/1461 5427/5608/1461 1355/5609/1461 5093/5737/1461
f 4963/5108/1461 2713/6008/1461 5093/5737/1461 1163/5110/1461
f 2713/6008/1461 4963/5108/1461 1097/5109/1461 5391/6001/1461
f 5427/5608/1461 2713/6008/1461 5391/6001/1461 1353/4640/1461
f 2714/6009/3931 5428/5738/1461 1355/5609/1461 5393/5607/3742
f 5162/6010/3709 2714/6009/3931 5393/5607/3742 1160/5606/3521
f 2714/6009/3931 5162/6010/3709 1230/3167/2075 5394/3166/2074
f 5428/5738/1461 2714/6009/3931 5394/3166/2074 1356/3165/1461
f 2715/6011/3932 5429/5743/1384 1339/2485/1384 4031/2483/1760
f 3971/6012/3747 2715/6011/3932 4031/2483/1760 617/2484/1761
f 2715/6011/3932 3971/6012/3747 1222/5468/3693 5395/5467/3692
f 5429/5743/1384 2715/6011/3932 5395/5467/3692 1357/5466/1384
f 2716/6013/3933 5430/5822/3824 1337/1950/1460 5375/1948/1458
f 2770/6014/3852 2716/6013/3933 5375/1948/1458 35/1947/1457
f 2716/6013/3933 2770/6014/3852 1272/191/125 5396/190/124
f 5430/5822/3824 2716/6013/3933 5396/190/124 1358/189/10
f 2717/6015/3934 5431/5878/3868 1347/5877/3251 5385/6016/3929
f 4168/5927/3892 2717/6015/3934 5385/6016/3929 750/5929/3664
f 2717/6015/3934 4168/5927/3892 1303/5426/3670 5397/5981/3920
f 5431/5878/3868 2717/6015/3934 5397/5981/3920 1359/3351/2213
