# Blender 4.2.2 LTS
# www.blender.org
mtllib egg.mtl
o Procedual_Fried_Egg
v 0.586585 2.670169 2.567189
v 0.584247 2.669308 2.544572
v 0.585839 2.666007 2.534455
v 0.600321 2.694161 2.716788
v 0.617588 2.670120 2.651549
v 0.630651 2.672830 2.604492
v 0.634391 2.670864 2.573730
v 0.639605 2.670248 2.551905
v 0.641531 2.664980 2.542532
v 0.611368 2.694057 2.721364
v 0.645026 2.669701 2.662863
v 0.666703 2.671555 2.620750
v 0.682281 2.671626 2.593043
v 0.691922 2.671563 2.573412
v 0.696086 2.664464 2.565131
v 0.620854 2.693967 2.728644
v 0.668456 2.669137 2.680729
v 0.699983 2.670790 2.646430
v 0.721146 2.671376 2.624003
v 0.743236 2.672525 2.607977
v 0.750298 2.665110 2.600474
v 0.628133 2.693898 2.738130
v 0.686544 2.667671 2.704301
v 0.726546 2.668272 2.679900
v 0.753229 2.667956 2.664094
v 0.771015 2.667147 2.652809
v 0.778880 2.663680 2.647929
v 0.632709 2.693855 2.749178
v 0.697872 2.669144 2.731648
v 0.744174 2.668534 2.719069
v 0.771270 2.666741 2.710878
v 0.796247 2.667344 2.705017
v 0.808785 2.664575 2.702260
v 0.634270 2.693840 2.761033
v 0.701705 2.668730 2.761047
v 0.749789 2.670511 2.761118
v 0.780973 2.670531 2.761036
v 0.799878 2.669885 2.761014
v 0.812833 2.663973 2.761033
v 0.632709 2.693855 2.772889
v 0.698010 2.670137 2.790402
v 0.741925 2.672731 2.802957
v 0.771547 2.673799 2.811005
v 0.800672 2.674062 2.817001
v 0.806944 2.664268 2.819744
v 0.628133 2.693898 2.783936
v 0.686700 2.670306 2.817838
v 0.726205 2.673165 2.842066
v 0.752575 2.672810 2.858004
v 0.775249 2.672953 2.869535
v 0.782408 2.664220 2.874350
v 0.620854 2.693967 2.793422
v 0.668547 2.669346 2.841328
v 0.699738 2.669648 2.875592
v 0.723505 2.671036 2.898067
v 0.741298 2.671448 2.914257
v 0.746106 2.664555 2.921283
v 0.611368 2.694057 2.800702
v 0.644946 2.667484 2.859331
v 0.667337 2.668719 2.901436
v 0.683142 2.669258 2.928866
v 0.696310 2.669185 2.948601
v 0.697494 2.664698 2.957094
v 0.600321 2.694161 2.805278
v 0.617584 2.667013 2.870660
v 0.628633 2.667340 2.917647
v 0.634950 2.666704 2.948220
v 0.644070 2.667504 2.970108
v 0.641531 2.664980 2.979534
v 0.588466 2.694273 2.806839
v 0.588208 2.666967 2.874527
v 0.585083 2.666967 2.923168
v 0.587514 2.667915 2.954824
v 0.583827 2.666894 2.977444
v 0.582986 2.665534 2.987242
v 0.588543 2.702399 2.761033
v 0.576612 2.694386 2.805278
v 0.558837 2.667459 2.870660
v 0.545867 2.668430 2.917644
v 0.538146 2.668501 2.948220
v 0.529766 2.667963 2.970088
v 0.526089 2.666389 2.979760
v 0.565564 2.694490 2.800702
v 0.531466 2.667689 2.859321
v 0.504023 2.668165 2.901444
v 0.487549 2.668146 2.928860
v 0.478923 2.668742 2.948475
v 0.471394 2.666886 2.957124
v 0.556078 2.694580 2.793422
v 0.508026 2.670169 2.841314
v 0.472366 2.671794 2.875643
v 0.449507 2.672001 2.898073
v 0.432147 2.671106 2.914077
v 0.426977 2.667769 2.921382
v 0.548799 2.694649 2.783936
v 0.489887 2.670641 2.817716
v 0.444723 2.671700 2.842123
v 0.416780 2.672255 2.857972
v 0.397194 2.672633 2.869239
v 0.388793 2.667730 2.874270
v 0.544224 2.694692 2.772889
v 0.478541 2.670569 2.790505
v 0.432054 2.672185 2.802987
v 0.397639 2.671813 2.811146
v 0.375841 2.672390 2.817144
v 0.364495 2.667603 2.819581
v 0.542663 2.694707 2.761033
v 0.474816 2.673336 2.761064
v 0.425006 2.672741 2.761059
v 0.393216 2.673304 2.761054
v 0.368601 2.673122 2.760965
v 0.359569 2.668272 2.761033
v 0.544224 2.694692 2.749178
v 0.478673 2.673977 2.731420
v 0.431258 2.676739 2.719234
v 0.398548 2.675235 2.710814
v 0.374715 2.674474 2.704943
v 0.364495 2.667603 2.702486
v 0.548799 2.694649 2.738130
v 0.489858 2.674766 2.704342
v 0.444972 2.676552 2.680043
v 0.419654 2.676319 2.664027
v 0.400372 2.676194 2.652815
v 0.394071 2.668772 2.647393
v 0.556078 2.694580 2.728644
v 0.508193 2.674066 2.680856
v 0.474878 2.675844 2.646396
v 0.450479 2.675739 2.623792
v 0.433913 2.675799 2.608067
v 0.429825 2.668287 2.600399
v 0.565564 2.694490 2.721364
v 0.531365 2.671450 2.662656
v 0.506795 2.673351 2.620637
v 0.490280 2.673290 2.593134
v 0.477119 2.672065 2.573469
v 0.470473 2.666745 2.565037
v 0.576612 2.694386 2.716788
v 0.558915 2.670571 2.651308
v 0.546618 2.670751 2.604464
v 0.535311 2.669600 2.573799
v 0.529195 2.669135 2.551984
v 0.531223 2.667405 2.541541
v 0.588466 2.694273 2.715227
v 0.588150 2.670241 2.647642
v 0.588471 2.671298 2.598933
v 0.610792 2.667321 2.676765
v 0.631832 2.667122 2.685480
v 0.649899 2.666951 2.699345
v 0.663763 2.666820 2.717412
v 0.672478 2.666738 2.738453
v 0.675451 2.666709 2.761033
v 0.672478 2.666738 2.783613
v 0.663763 2.666820 2.804654
v 0.649899 2.666951 2.822722
v 0.631832 2.667122 2.836586
v 0.610792 2.667321 2.845302
v 0.588214 2.667535 2.848274
v 0.565635 2.667749 2.845302
v 0.544594 2.667948 2.836586
v 0.526527 2.668119 2.822722
v 0.512664 2.668251 2.804654
v 0.503949 2.668333 2.783613
v 0.500976 2.668361 2.761033
v 0.503949 2.668333 2.738453
v 0.512664 2.668251 2.717412
v 0.526527 2.668119 2.699345
v 0.544594 2.667948 2.685480
v 0.565635 2.667749 2.676765
v 0.588214 2.667535 2.673792
v 0.624573 2.672538 2.628974
v 0.655018 2.670482 2.642689
v 0.682760 2.669023 2.664413
v 0.704815 2.668035 2.692726
v 0.718044 2.667567 2.725707
v 0.725076 2.669990 2.761046
v 0.718689 2.671783 2.796373
v 0.704469 2.670186 2.829351
v 0.683534 2.668442 2.857628
v 0.654438 2.667595 2.879360
v 0.622979 2.667432 2.892987
v 0.586125 2.666967 2.897641
v 0.553355 2.668768 2.892987
v 0.517820 2.667855 2.879338
v 0.490343 2.670457 2.857693
v 0.467827 2.670990 2.829324
v 0.455741 2.671632 2.796351
v 0.451903 2.672970 2.761071
v 0.454241 2.674788 2.725618
v 0.467817 2.674689 2.692740
v 0.490920 2.674362 2.664488
v 0.518006 2.672284 2.642781
v 0.551674 2.670121 2.629158
v 0.586119 2.670233 2.624357
v 0.605947 2.684336 2.695449
v 0.622322 2.684180 2.702232
v 0.636383 2.684047 2.713022
v 0.647173 2.683945 2.727084
v 0.653956 2.683881 2.743460
v 0.656269 2.683859 2.761033
v 0.653956 2.683881 2.778607
v 0.647173 2.683945 2.794983
v 0.636383 2.684047 2.809044
v 0.622322 2.684180 2.819835
v 0.605947 2.684335 2.826617
v 0.588374 2.684502 2.828931
v 0.570801 2.684668 2.826617
v 0.554426 2.684823 2.819835
v 0.540365 2.684956 2.809044
v 0.529575 2.685059 2.794983
v 0.522793 2.685123 2.778607
v 0.520479 2.685145 2.761033
v 0.522792 2.685123 2.743460
v 0.529575 2.685059 2.727084
v 0.540365 2.684956 2.713022
v 0.554426 2.684823 2.702232
v 0.570801 2.684668 2.695449
v 0.588374 2.684502 2.693135
v 0.609617 2.671366 2.681293
v 0.629526 2.671177 2.689540
v 0.646623 2.671016 2.702660
v 0.659741 2.670892 2.719757
v 0.667988 2.670813 2.739667
v 0.670801 2.670787 2.761033
v 0.667988 2.670813 2.782399
v 0.659741 2.670892 2.802310
v 0.646623 2.671016 2.819407
v 0.629526 2.671177 2.832526
v 0.609617 2.671366 2.840773
v 0.588251 2.671568 2.843586
v 0.566886 2.671771 2.840773
v 0.546977 2.671959 2.832526
v 0.529881 2.672121 2.819407
v 0.516762 2.672245 2.802310
v 0.508515 2.672323 2.782399
v 0.505702 2.672350 2.761033
v 0.508515 2.672323 2.739667
v 0.516762 2.672245 2.719757
v 0.529881 2.672121 2.702660
v 0.546977 2.671959 2.689540
v 0.566886 2.671771 2.681293
v 0.588251 2.671568 2.678480
v 0.612654 2.668874 2.669775
v 0.635490 2.668489 2.679245
v 0.654962 2.667080 2.694258
v 0.669987 2.667348 2.713816
v 0.679421 2.667537 2.736615
v 0.682676 2.667751 2.761015
v 0.679398 2.668705 2.785440
v 0.669926 2.668797 2.808177
v 0.654937 2.668485 2.827751
v 0.635405 2.667062 2.842803
v 0.612648 2.666992 2.852238
v 0.588225 2.668708 2.855452
v 0.563777 2.667832 2.852237
v 0.540998 2.667430 2.842806
v 0.521491 2.669841 2.827808
v 0.506442 2.669893 2.808204
v 0.497068 2.669127 2.785481
v 0.493915 2.670423 2.761036
v 0.497053 2.670768 2.736576
v 0.506503 2.671819 2.713911
v 0.521503 2.670361 2.694226
v 0.541020 2.670956 2.679371
v 0.563850 2.669299 2.669818
v 0.588223 2.668330 2.666580
v 0.587727 2.657258 2.567188
v 0.583499 2.658705 2.544600
v 0.586412 2.661691 2.534362
v 0.599716 2.687734 2.718818
v 0.617424 2.656564 2.651519
v 0.631466 2.654014 2.604532
v 0.634151 2.655899 2.573727
v 0.639835 2.656425 2.551912
v 0.641501 2.661725 2.542530
v 0.610256 2.687634 2.723184
v 0.644988 2.656735 2.662848
v 0.669144 2.654250 2.620731
v 0.683477 2.654133 2.593107
v 0.692523 2.654437 2.573403
v 0.696055 2.661212 2.565131
v 0.619307 2.687549 2.730130
v 0.668345 2.657838 2.680756
v 0.703355 2.654092 2.646367
v 0.721657 2.653931 2.623948
v 0.739618 2.653055 2.607972
v 0.749736 2.659690 2.600487
v 0.626252 2.687483 2.739181
v 0.686437 2.658606 2.704267
v 0.725451 2.657132 2.679950
v 0.753138 2.656625 2.664106
v 0.770921 2.657236 2.652809
v 0.778849 2.660429 2.647929
v 0.630618 2.687441 2.749722
v 0.697775 2.656823 2.731669
v 0.743514 2.656772 2.719096
v 0.773726 2.657187 2.710876
v 0.793622 2.657024 2.705010
v 0.806819 2.659401 2.702323
v 0.632107 2.687427 2.761033
v 0.701645 2.657055 2.761031
v 0.750055 2.653925 2.761014
v 0.777836 2.654356 2.760990
v 0.801188 2.653505 2.760995
v 0.814703 2.659275 2.761033
v 0.630618 2.687441 2.772345
v 0.697825 2.656430 2.790432
v 0.744093 2.652001 2.803037
v 0.771941 2.650778 2.811169
v 0.796072 2.650629 2.816993
v 0.805416 2.659564 2.819711
v 0.626252 2.687483 2.782885
v 0.686483 2.656268 2.817784
v 0.728249 2.652186 2.842010
v 0.753677 2.652308 2.857973
v 0.773227 2.651738 2.869464
v 0.783544 2.659664 2.874434
v 0.619307 2.687549 2.791936
v 0.668423 2.657387 2.841316
v 0.699581 2.656094 2.875639
v 0.721963 2.654610 2.898000
v 0.741116 2.653924 2.914238
v 0.747695 2.659988 2.921416
v 0.610256 2.687634 2.798882
v 0.644878 2.659679 2.859325
v 0.670212 2.657138 2.901437
v 0.683421 2.657026 2.928831
v 0.694400 2.657311 2.948579
v 0.697104 2.661062 2.957037
v 0.599716 2.687734 2.803248
v 0.617514 2.659711 2.870656
v 0.629441 2.659574 2.917644
v 0.635974 2.659863 2.948220
v 0.642013 2.659838 2.970088
v 0.641500 2.661729 2.979534
v 0.588406 2.687841 2.804737
v 0.588147 2.660581 2.874523
v 0.585910 2.660518 2.923168
v 0.588671 2.659577 2.954824
v 0.584441 2.660738 2.977450
v 0.582955 2.662283 2.987242
v 0.588478 2.695584 2.761033
v 0.577095 2.687948 2.803248
v 0.558775 2.660823 2.870656
v 0.544075 2.660872 2.917644
v 0.536888 2.660436 2.948220
v 0.530859 2.660662 2.970096
v 0.525732 2.662591 2.979721
v 0.566555 2.688048 2.798882
v 0.531406 2.661265 2.859318
v 0.503962 2.661318 2.901446
v 0.487092 2.661698 2.928861
v 0.476976 2.661574 2.948461
v 0.473176 2.662743 2.957350
v 0.557503 2.688134 2.791936
v 0.507888 2.659641 2.841324
v 0.472991 2.658523 2.875630
v 0.449769 2.658740 2.898078
v 0.435576 2.658963 2.914147
v 0.426433 2.663164 2.921339
v 0.550558 2.688200 2.782885
v 0.489754 2.658883 2.817783
v 0.448061 2.657863 2.842076
v 0.418897 2.658420 2.857949
v 0.398057 2.658458 2.869345
v 0.388236 2.663919 2.874224
v 0.546193 2.688241 2.772345
v 0.478493 2.658209 2.790487
v 0.429414 2.659160 2.802987
v 0.400753 2.658847 2.811149
v 0.376205 2.659279 2.817175
v 0.364464 2.664352 2.819581
v 0.544703 2.688255 2.761033
v 0.474662 2.657244 2.761095
v 0.423418 2.658477 2.761092
v 0.392318 2.658324 2.761039
v 0.367252 2.659054 2.760930
v 0.359019 2.663960 2.761033
v 0.546193 2.688241 2.749722
v 0.478491 2.655538 2.731378
v 0.429419 2.654952 2.719122
v 0.400046 2.656195 2.710799
v 0.375754 2.657481 2.704973
v 0.364464 2.664352 2.702486
v 0.550558 2.688200 2.739181
v 0.489605 2.655463 2.704322
v 0.445581 2.654396 2.680084
v 0.420346 2.654750 2.664061
v 0.397994 2.655636 2.652753
v 0.392370 2.662981 2.647474
v 0.557503 2.688134 2.730130
v 0.507942 2.655429 2.680796
v 0.472940 2.654355 2.646396
v 0.447259 2.655458 2.623893
v 0.431728 2.655270 2.608013
v 0.429186 2.662627 2.600430
v 0.566555 2.688048 2.723184
v 0.531255 2.658131 2.662637
v 0.506352 2.656259 2.620596
v 0.491268 2.655924 2.593212
v 0.474999 2.657939 2.573410
v 0.469856 2.663354 2.565131
v 0.577095 2.687948 2.718818
v 0.558803 2.657926 2.651316
v 0.546112 2.657390 2.604448
v 0.534783 2.659403 2.573835
v 0.528805 2.659776 2.551978
v 0.532082 2.661529 2.541543
v 0.588406 2.687841 2.717330
v 0.588014 2.657550 2.647671
v 0.586606 2.656523 2.598949
v 0.610116 2.661077 2.679066
v 0.630581 2.660883 2.687543
v 0.648156 2.660717 2.701029
v 0.661641 2.660589 2.718604
v 0.670118 2.660509 2.739070
v 0.673009 2.660481 2.761033
v 0.670118 2.660509 2.782996
v 0.661641 2.660589 2.803463
v 0.648156 2.660717 2.821037
v 0.630581 2.660883 2.834523
v 0.610116 2.661077 2.843001
v 0.588154 2.661285 2.845892
v 0.566192 2.661493 2.843001
v 0.545726 2.661686 2.834523
v 0.528152 2.661853 2.821037
v 0.514667 2.661980 2.803463
v 0.506190 2.662061 2.782996
v 0.503299 2.662088 2.761033
v 0.506190 2.662061 2.739070
v 0.514667 2.661980 2.718604
v 0.528152 2.661853 2.701029
v 0.545726 2.661686 2.687543
v 0.566192 2.661493 2.679066
v 0.588154 2.661285 2.676174
v 0.622133 2.655255 2.628910
v 0.654947 2.655775 2.642723
v 0.682840 2.656838 2.664429
v 0.704979 2.657702 2.692737
v 0.718570 2.657792 2.725704
v 0.724428 2.655816 2.761030
v 0.720348 2.653795 2.796365
v 0.704367 2.655604 2.829320
v 0.682686 2.658036 2.857656
v 0.654360 2.659033 2.879354
v 0.623209 2.659544 2.892987
v 0.586067 2.660851 2.897641
v 0.554293 2.659185 2.892987
v 0.518339 2.661060 2.879338
v 0.490009 2.659679 2.857657
v 0.467789 2.659306 2.829283
v 0.454440 2.659300 2.796411
v 0.450602 2.658078 2.761064
v 0.455111 2.655530 2.725559
v 0.467573 2.655609 2.692735
v 0.490536 2.655769 2.664376
v 0.520049 2.656749 2.642851
v 0.550727 2.658727 2.629118
v 0.586949 2.657066 2.624325
v 0.604928 2.678683 2.699050
v 0.620403 2.678537 2.705461
v 0.633693 2.678411 2.715659
v 0.643890 2.678314 2.728949
v 0.650300 2.678254 2.744425
v 0.652487 2.678233 2.761033
v 0.650300 2.678254 2.777641
v 0.643890 2.678314 2.793118
v 0.633693 2.678411 2.806407
v 0.620403 2.678537 2.816605
v 0.604928 2.678683 2.823016
v 0.588320 2.678840 2.825203
v 0.571713 2.678998 2.823016
v 0.556237 2.679144 2.816605
v 0.542948 2.679270 2.806407
v 0.532750 2.679367 2.793118
v 0.526340 2.679427 2.777641
v 0.524154 2.679448 2.761033
v 0.526340 2.679427 2.744425
v 0.532750 2.679367 2.728949
v 0.542948 2.679270 2.715659
v 0.556237 2.679144 2.705461
v 0.571713 2.678998 2.699050
v 0.588320 2.678840 2.696864
v 0.608477 2.666094 2.685361
v 0.627370 2.665915 2.693187
v 0.643595 2.665761 2.705638
v 0.656044 2.665644 2.721863
v 0.663870 2.665570 2.740757
v 0.666540 2.665544 2.761033
v 0.663870 2.665570 2.781310
v 0.656044 2.665644 2.800204
v 0.643595 2.665761 2.816429
v 0.627370 2.665915 2.828879
v 0.608477 2.666094 2.836705
v 0.588201 2.666286 2.839375
v 0.567926 2.666478 2.836705
v 0.549032 2.666657 2.828879
v 0.532808 2.666810 2.816429
v 0.520358 2.666928 2.800204
v 0.512532 2.667002 2.781310
v 0.509863 2.667028 2.761033
v 0.512532 2.667002 2.740757
v 0.520358 2.666928 2.721863
v 0.532808 2.666810 2.705638
v 0.549032 2.666657 2.693187
v 0.567926 2.666478 2.685361
v 0.588201 2.666286 2.682692
v 0.612423 2.658141 2.670228
v 0.635175 2.658258 2.679664
v 0.654603 2.659434 2.694537
v 0.669527 2.658650 2.714034
v 0.678883 2.657946 2.736741
v 0.682136 2.658624 2.760989
v 0.678898 2.657954 2.785393
v 0.669492 2.657634 2.807989
v 0.654557 2.658822 2.827460
v 0.635143 2.660122 2.842446
v 0.612466 2.659465 2.851826
v 0.588131 2.658899 2.855016
v 0.563814 2.660283 2.851832
v 0.541144 2.661344 2.842453
v 0.521699 2.659779 2.827507
v 0.506730 2.659450 2.807974
v 0.497416 2.660183 2.785372
v 0.494227 2.659986 2.761026
v 0.497408 2.658805 2.736723
v 0.506815 2.657433 2.714149
v 0.521737 2.659039 2.694567
v 0.541144 2.658166 2.679747
v 0.563873 2.659154 2.670264
v 0.588114 2.659309 2.667023
v 0.587773 2.659756 2.567189
v 0.584091 2.660855 2.545163
v 0.584347 2.663567 2.537381
v 0.599918 2.689877 2.718142
v 0.617475 2.658988 2.651531
v 0.630632 2.656311 2.604504
v 0.634181 2.658225 2.573718
v 0.639350 2.658740 2.552455
v 0.640827 2.663322 2.545099
v 0.610627 2.689775 2.722578
v 0.644991 2.659145 2.662833
v 0.668497 2.656694 2.620763
v 0.684287 2.656415 2.593061
v 0.692792 2.656554 2.573910
v 0.695166 2.662739 2.567411
v 0.619823 2.689688 2.729635
v 0.668367 2.659796 2.680745
v 0.702664 2.656633 2.646398
v 0.721340 2.656187 2.623943
v 0.739334 2.655118 2.608360
v 0.748126 2.660935 2.602622
v 0.626879 2.689621 2.738832
v 0.686465 2.660793 2.704276
v 0.725432 2.659302 2.679940
v 0.753159 2.658846 2.664108
v 0.770468 2.659473 2.653087
v 0.776563 2.662037 2.649257
v 0.631315 2.689579 2.749541
v 0.697792 2.659154 2.731663
v 0.743403 2.658839 2.719093
v 0.772603 2.659505 2.710873
v 0.793207 2.659342 2.705159
v 0.804336 2.660726 2.703079
v 0.632828 2.689565 2.761033
v 0.701641 2.659271 2.761037
v 0.750401 2.656224 2.761032
v 0.777876 2.656336 2.760997
v 0.800843 2.655930 2.761020
v 0.811293 2.660862 2.761033
v 0.631315 2.689579 2.772526
v 0.697861 2.658653 2.790400
v 0.743833 2.654409 2.803067
v 0.772132 2.652787 2.811124
v 0.795126 2.652740 2.816785
v 0.803212 2.660926 2.818970
v 0.626879 2.689621 2.783236
v 0.686540 2.658145 2.817810
v 0.728839 2.654302 2.841992
v 0.753414 2.654448 2.857966
v 0.773992 2.653806 2.869218
v 0.780898 2.661189 2.872949
v 0.619823 2.689688 2.792432
v 0.668445 2.659330 2.841326
v 0.699776 2.658199 2.875613
v 0.722450 2.656832 2.898029
v 0.741261 2.655953 2.913839
v 0.745369 2.661530 2.919306
v 0.610627 2.689775 2.799488
v 0.644897 2.661920 2.859336
v 0.669121 2.659587 2.901425
v 0.683094 2.659221 2.928847
v 0.694194 2.659278 2.948108
v 0.696553 2.662441 2.954741
v 0.599918 2.689877 2.803924
v 0.617538 2.662243 2.870660
v 0.628890 2.662075 2.917644
v 0.635245 2.662366 2.948220
v 0.642746 2.661771 2.969563
v 0.641341 2.663218 2.977001
v 0.588426 2.689986 2.805437
v 0.588170 2.662959 2.874527
v 0.585283 2.663056 2.923168
v 0.588151 2.662002 2.954824
v 0.585107 2.662864 2.976902
v 0.582970 2.663870 2.984585
v 0.588501 2.697856 2.761033
v 0.576934 2.690094 2.803924
v 0.558797 2.663212 2.870660
v 0.544497 2.662999 2.917644
v 0.537541 2.662620 2.948220
v 0.531717 2.662776 2.969565
v 0.526519 2.664119 2.977063
v 0.566225 2.690196 2.799488
v 0.531425 2.663468 2.859321
v 0.503983 2.663556 2.901444
v 0.487126 2.663977 2.928861
v 0.477215 2.663869 2.947981
v 0.473906 2.664343 2.954803
v 0.557029 2.690283 2.792432
v 0.507906 2.661816 2.841329
v 0.472753 2.660780 2.875631
v 0.449859 2.660605 2.898083
v 0.435871 2.661554 2.913733
v 0.427790 2.664684 2.919268
v 0.549973 2.690349 2.783236
v 0.489779 2.661410 2.817780
v 0.448320 2.660471 2.842088
v 0.418610 2.660697 2.857946
v 0.398129 2.660665 2.869070
v 0.391007 2.665337 2.872870
v 0.545537 2.690391 2.772526
v 0.478495 2.660952 2.790486
v 0.429611 2.661232 2.802996
v 0.401464 2.661417 2.811146
v 0.378251 2.661514 2.817017
v 0.367294 2.665868 2.818897
v 0.544024 2.690406 2.761033
v 0.474683 2.659318 2.761098
v 0.423665 2.661018 2.761080
v 0.392931 2.660508 2.761042
v 0.367493 2.661220 2.760942
v 0.361716 2.665476 2.761033
v 0.545537 2.690391 2.749541
v 0.478519 2.658002 2.731385
v 0.429389 2.656814 2.719152
v 0.400409 2.658577 2.710814
v 0.375862 2.659691 2.705116
v 0.367046 2.665914 2.703173
v 0.549973 2.690349 2.738832
v 0.489627 2.657464 2.704311
v 0.445388 2.656563 2.680079
v 0.420847 2.657105 2.664061
v 0.399687 2.657907 2.653056
v 0.395874 2.664211 2.649009
v 0.557029 2.690283 2.729635
v 0.507981 2.657464 2.680801
v 0.473595 2.656577 2.646414
v 0.446842 2.657614 2.623850
v 0.432824 2.657576 2.608473
v 0.430897 2.663909 2.602616
v 0.566225 2.690196 2.722578
v 0.531261 2.660331 2.662634
v 0.507070 2.658405 2.620617
v 0.491143 2.658174 2.593181
v 0.475318 2.660227 2.573919
v 0.471199 2.664928 2.567432
v 0.576934 2.690094 2.718142
v 0.558816 2.660140 2.651313
v 0.546727 2.659853 2.604465
v 0.534516 2.661759 2.573823
v 0.528696 2.661999 2.552501
v 0.531117 2.663193 2.544706
v 0.588426 2.689985 2.716629
v 0.588032 2.659956 2.647654
v 0.587189 2.658870 2.598936
v 0.610339 2.663166 2.678309
v 0.630993 2.662971 2.686865
v 0.648729 2.662802 2.700475
v 0.662339 2.662673 2.718212
v 0.670894 2.662593 2.738868
v 0.673812 2.662565 2.761033
v 0.670894 2.662593 2.783199
v 0.662339 2.662673 2.803854
v 0.648729 2.662802 2.821592
v 0.630993 2.662971 2.835201
v 0.610339 2.663166 2.843757
v 0.588174 2.663376 2.846676
v 0.566009 2.663586 2.843757
v 0.545355 2.663781 2.835201
v 0.527618 2.663949 2.821592
v 0.514009 2.664078 2.803854
v 0.505453 2.664159 2.783199
v 0.502535 2.664187 2.761033
v 0.505453 2.664159 2.738868
v 0.514009 2.664078 2.718212
v 0.527618 2.663949 2.700475
v 0.545355 2.663781 2.686865
v 0.566009 2.663586 2.678309
v 0.588174 2.663376 2.675391
v 0.622490 2.657328 2.628933
v 0.655066 2.658188 2.642702
v 0.683045 2.659349 2.664421
v 0.704888 2.659999 2.692746
v 0.717998 2.660129 2.725693
v 0.724203 2.657968 2.761029
v 0.720528 2.655962 2.796382
v 0.704392 2.657811 2.829332
v 0.682719 2.660199 2.857655
v 0.654419 2.661296 2.879356
v 0.623237 2.661708 2.892987
v 0.586088 2.663140 2.897641
v 0.554314 2.661521 2.892987
v 0.517781 2.663615 2.879337
v 0.489786 2.661672 2.857654
v 0.467870 2.661548 2.829296
v 0.454759 2.661469 2.796399
v 0.450509 2.660557 2.761061
v 0.454644 2.657800 2.725594
v 0.467632 2.657807 2.692740
v 0.490360 2.657746 2.664406
v 0.519448 2.658941 2.642827
v 0.550737 2.660984 2.629128
v 0.587238 2.659447 2.624341
v 0.605266 2.680572 2.697854
v 0.621041 2.680422 2.704388
v 0.634587 2.680294 2.714783
v 0.644981 2.680196 2.728329
v 0.651515 2.680134 2.744104
v 0.653743 2.680113 2.761033
v 0.651515 2.680134 2.777962
v 0.644981 2.680196 2.793737
v 0.634587 2.680294 2.807283
v 0.621041 2.680422 2.817678
v 0.605266 2.680572 2.824212
v 0.588338 2.680732 2.826441
v 0.571410 2.680892 2.824212
v 0.555635 2.681041 2.817678
v 0.542090 2.681170 2.807283
v 0.531696 2.681268 2.793737
v 0.525162 2.681330 2.777962
v 0.522933 2.681351 2.761033
v 0.525162 2.681330 2.744104
v 0.531696 2.681268 2.728329
v 0.542090 2.681170 2.714783
v 0.555635 2.681041 2.704388
v 0.571410 2.680892 2.697854
v 0.588338 2.680732 2.695625
v 0.608852 2.667869 2.684024
v 0.628080 2.667687 2.691988
v 0.644591 2.667531 2.704658
v 0.657260 2.667411 2.721170
v 0.665224 2.667335 2.740399
v 0.667941 2.667310 2.761033
v 0.665224 2.667335 2.781668
v 0.657260 2.667411 2.800896
v 0.644591 2.667531 2.817408
v 0.628080 2.667687 2.830078
v 0.608852 2.667869 2.838043
v 0.588218 2.668064 2.840760
v 0.567585 2.668260 2.838043
v 0.548357 2.668442 2.830078
v 0.531846 2.668598 2.817408
v 0.519177 2.668718 2.800896
v 0.511212 2.668793 2.781668
v 0.508495 2.668819 2.761033
v 0.511212 2.668793 2.740399
v 0.519177 2.668718 2.721170
v 0.531846 2.668598 2.704658
v 0.548357 2.668442 2.691988
v 0.567585 2.668260 2.684024
v 0.588218 2.668064 2.681307
v 0.612484 2.660584 2.670061
v 0.635271 2.660409 2.679532
v 0.654724 2.661648 2.694441
v 0.669679 2.661016 2.713954
v 0.679070 2.660429 2.736701
v 0.682313 2.660678 2.760993
v 0.679071 2.660111 2.785419
v 0.669624 2.659673 2.808047
v 0.654673 2.660803 2.827560
v 0.635230 2.662270 2.842569
v 0.612530 2.662060 2.851974
v 0.588153 2.661165 2.855170
v 0.563798 2.662685 2.851976
v 0.541094 2.663598 2.842577
v 0.521612 2.661773 2.827613
v 0.506613 2.661709 2.808057
v 0.497294 2.662321 2.785400
v 0.494092 2.661842 2.761043
v 0.497265 2.661024 2.736672
v 0.506690 2.659706 2.714072
v 0.521641 2.661258 2.694452
v 0.541083 2.660117 2.679615
v 0.563855 2.661470 2.670112
v 0.588145 2.661608 2.666869
v 0.587034 2.667864 2.567182
v 0.585249 2.666951 2.545173
v 0.584049 2.664161 2.537411
v 0.600119 2.692019 2.717467
v 0.617576 2.668030 2.651531
v 0.630252 2.670676 2.604514
v 0.634287 2.668616 2.573719
v 0.639437 2.668001 2.552453
v 0.640828 2.663400 2.545099
v 0.610997 2.691916 2.721972
v 0.645036 2.667455 2.662837
v 0.666644 2.669477 2.620751
v 0.682301 2.669481 2.593047
v 0.692400 2.669270 2.573886
v 0.695227 2.662998 2.567400
v 0.620338 2.691828 2.729140
v 0.668433 2.666715 2.680727
v 0.700017 2.668652 2.646423
v 0.721108 2.669058 2.623964
v 0.742750 2.669961 2.608385
v 0.748138 2.663901 2.602618
v 0.627506 2.691760 2.738481
v 0.686527 2.665230 2.704285
v 0.725774 2.665961 2.679928
v 0.752499 2.665679 2.664101
v 0.770518 2.664829 2.653090
v 0.776564 2.662115 2.649257
v 0.632011 2.691717 2.749359
v 0.697862 2.666749 2.731652
v 0.744147 2.666262 2.719079
v 0.771269 2.664520 2.710875
v 0.794571 2.664621 2.705166
v 0.804893 2.663001 2.703079
v 0.633548 2.691703 2.761033
v 0.701705 2.666386 2.761042
v 0.750103 2.668331 2.761056
v 0.780757 2.668127 2.761012
v 0.799349 2.667738 2.761011
v 0.810276 2.662624 2.761033
v 0.632011 2.691717 2.772707
v 0.697964 2.667469 2.790403
v 0.741782 2.670322 2.803048
v 0.771794 2.671463 2.811064
v 0.799968 2.671518 2.816802
v 0.804033 2.662863 2.818975
v 0.627506 2.691760 2.783585
v 0.686672 2.668015 2.817834
v 0.726838 2.670830 2.842025
v 0.753325 2.670358 2.857988
v 0.774836 2.670537 2.869222
v 0.779920 2.662860 2.872933
v 0.620338 2.691828 2.792926
v 0.668522 2.667244 2.841327
v 0.699704 2.667432 2.875604
v 0.723405 2.668456 2.898041
v 0.741147 2.669122 2.913803
v 0.745057 2.663253 2.919297
v 0.610997 2.691916 2.800094
v 0.644928 2.664954 2.859340
v 0.667425 2.666527 2.901428
v 0.683434 2.666915 2.928860
v 0.695701 2.666709 2.948096
v 0.696642 2.663274 2.954745
v 0.600119 2.692019 2.804600
v 0.617564 2.664829 2.870663
v 0.629167 2.665192 2.917645
v 0.635582 2.664595 2.948220
v 0.643877 2.665125 2.969567
v 0.641382 2.663531 2.977009
v 0.588446 2.692130 2.806137
v 0.588186 2.664678 2.874531
v 0.585302 2.664727 2.923168
v 0.587633 2.665720 2.954824
v 0.584600 2.664832 2.976898
v 0.582971 2.663948 2.984585
v 0.588522 2.700128 2.761033
v 0.576773 2.692240 2.804600
v 0.558815 2.665271 2.870663
v 0.545679 2.665957 2.917644
v 0.537661 2.666219 2.948220
v 0.530324 2.665772 2.969555
v 0.526284 2.664746 2.977047
v 0.565895 2.692343 2.800094
v 0.531443 2.665472 2.859324
v 0.504002 2.665830 2.901444
v 0.487130 2.665701 2.928860
v 0.478536 2.666249 2.947988
v 0.473764 2.665601 2.954805
v 0.556554 2.692431 2.792926
v 0.507978 2.667656 2.841331
v 0.472593 2.669488 2.875643
v 0.450366 2.669814 2.898071
v 0.432203 2.668983 2.913708
v 0.428380 2.666151 2.919273
v 0.549387 2.692499 2.783585
v 0.489847 2.668132 2.817752
v 0.444924 2.669748 2.842099
v 0.416936 2.670037 2.857976
v 0.396509 2.670451 2.869025
v 0.391411 2.666237 2.872885
v 0.544881 2.692542 2.772707
v 0.478533 2.668541 2.790500
v 0.431314 2.669666 2.802993
v 0.398156 2.669725 2.811141
v 0.377717 2.670204 2.817004
v 0.367294 2.665998 2.818893
v 0.543344 2.692557 2.761033
v 0.474797 2.670946 2.761074
v 0.424604 2.670005 2.761068
v 0.393096 2.670886 2.761047
v 0.367834 2.670651 2.760954
v 0.361907 2.666607 2.761033
v 0.544881 2.692542 2.749359
v 0.478635 2.671762 2.731400
v 0.431651 2.674372 2.719209
v 0.398212 2.672934 2.710825
v 0.375792 2.672117 2.705098
v 0.367047 2.665992 2.703173
v 0.549387 2.692499 2.738481
v 0.489788 2.672309 2.704318
v 0.445386 2.674047 2.680048
v 0.419847 2.674028 2.664042
v 0.401238 2.673686 2.653094
v 0.396794 2.667287 2.649008
v 0.556554 2.692431 2.729140
v 0.508131 2.671852 2.680800
v 0.474366 2.673674 2.646414
v 0.450876 2.673136 2.623806
v 0.434165 2.673322 2.608482
v 0.431994 2.666878 2.602623
v 0.565895 2.692343 2.721972
v 0.531324 2.668790 2.662627
v 0.506657 2.671095 2.620644
v 0.490689 2.671354 2.593157
v 0.476550 2.669634 2.573945
v 0.471200 2.665006 2.567432
v 0.576773 2.692240 2.717467
v 0.558893 2.668289 2.651304
v 0.545545 2.668432 2.604474
v 0.535348 2.667150 2.573807
v 0.528510 2.666768 2.552521
v 0.531409 2.665740 2.544700
v 0.588446 2.692130 2.715930
v 0.588116 2.668015 2.647641
v 0.587700 2.669062 2.598948
v 0.610561 2.665255 2.677552
v 0.631405 2.665058 2.686186
v 0.649303 2.664888 2.699920
v 0.663038 2.664758 2.717820
v 0.671671 2.664676 2.738665
v 0.674616 2.664649 2.761033
v 0.671671 2.664676 2.783402
v 0.663038 2.664758 2.804246
v 0.649303 2.664888 2.822146
v 0.631405 2.665058 2.835881
v 0.610561 2.665255 2.844514
v 0.588193 2.665467 2.847459
v 0.565826 2.665679 2.844514
v 0.544982 2.665876 2.835881
v 0.527084 2.666045 2.822146
v 0.513350 2.666175 2.804246
v 0.504717 2.666257 2.783402
v 0.501772 2.666285 2.761033
v 0.504717 2.666257 2.738665
v 0.513350 2.666175 2.717820
v 0.527084 2.666045 2.699920
v 0.544982 2.665876 2.686186
v 0.565826 2.665679 2.677552
v 0.588193 2.665467 2.674608
v 0.624822 2.670007 2.628955
v 0.654970 2.668251 2.642706
v 0.682926 2.666611 2.664416
v 0.705050 2.665668 2.692734
v 0.718037 2.665226 2.725703
v 0.724926 2.667551 2.761027
v 0.718948 2.669595 2.796381
v 0.704463 2.667819 2.829340
v 0.683321 2.665820 2.857645
v 0.654417 2.665260 2.879357
v 0.623161 2.665364 2.892987
v 0.586102 2.664678 2.897641
v 0.553405 2.666599 2.892987
v 0.517798 2.665525 2.879337
v 0.490294 2.668190 2.857677
v 0.468032 2.668610 2.829315
v 0.455756 2.669231 2.796376
v 0.451623 2.670196 2.761069
v 0.454225 2.672419 2.725606
v 0.467790 2.672312 2.692739
v 0.491244 2.672024 2.664446
v 0.518653 2.670118 2.642812
v 0.551340 2.667708 2.629150
v 0.586329 2.668207 2.624345
v 0.605605 2.682460 2.696658
v 0.621678 2.682308 2.703315
v 0.635480 2.682177 2.713907
v 0.646071 2.682077 2.727710
v 0.652729 2.682014 2.743784
v 0.654999 2.681992 2.761033
v 0.652729 2.682014 2.778282
v 0.646071 2.682077 2.794356
v 0.635480 2.682177 2.808159
v 0.621678 2.682308 2.818751
v 0.605605 2.682460 2.825409
v 0.588356 2.682623 2.827679
v 0.571108 2.682786 2.825409
v 0.555034 2.682939 2.818751
v 0.541232 2.683069 2.808159
v 0.530641 2.683170 2.794356
v 0.523983 2.683233 2.778282
v 0.521713 2.683254 2.761033
v 0.523983 2.683233 2.743784
v 0.530641 2.683170 2.727710
v 0.541232 2.683069 2.713907
v 0.555034 2.682939 2.703316
v 0.571108 2.682787 2.696658
v 0.588356 2.682623 2.694387
v 0.609227 2.669644 2.682686
v 0.628789 2.669459 2.690789
v 0.645586 2.669300 2.703679
v 0.658476 2.669178 2.720478
v 0.666578 2.669101 2.740040
v 0.669342 2.669075 2.761033
v 0.666578 2.669101 2.782026
v 0.658476 2.669178 2.801588
v 0.645586 2.669300 2.818387
v 0.628789 2.669459 2.831277
v 0.609227 2.669644 2.839380
v 0.588235 2.669843 2.842144
v 0.567243 2.670042 2.839380
v 0.547681 2.670227 2.831277
v 0.530884 2.670386 2.818387
v 0.517994 2.670508 2.801588
v 0.509892 2.670584 2.782026
v 0.507128 2.670610 2.761033
v 0.509892 2.670584 2.740040
v 0.517994 2.670508 2.720478
v 0.530884 2.670386 2.703679
v 0.547681 2.670227 2.690789
v 0.567243 2.670042 2.682686
v 0.588235 2.669843 2.679923
v 0.612600 2.666748 2.669886
v 0.635417 2.666204 2.679353
v 0.654857 2.664826 2.694338
v 0.669857 2.665159 2.713874
v 0.679290 2.665615 2.736652
v 0.682537 2.665393 2.761001
v 0.679287 2.666365 2.785445
v 0.669824 2.666587 2.808128
v 0.654842 2.665986 2.827677
v 0.635324 2.664810 2.842697
v 0.612596 2.664927 2.852121
v 0.588204 2.666570 2.855341
v 0.563786 2.665563 2.852121
v 0.541039 2.665149 2.842699
v 0.521544 2.667586 2.827735
v 0.506528 2.667872 2.808142
v 0.497173 2.667161 2.785443
v 0.493976 2.667939 2.761038
v 0.497142 2.668413 2.736620
v 0.506589 2.669723 2.713976
v 0.521576 2.667927 2.694311
v 0.541060 2.668672 2.679463
v 0.563867 2.666939 2.669933
v 0.588188 2.666176 2.666698
v 0.583813 2.669162 2.554256
v 0.584116 2.667719 2.538074
v 0.614827 2.669034 2.661702
v 0.627009 2.672185 2.617346
v 0.632999 2.672699 2.589037
v 0.637544 2.670647 2.561272
v 0.641024 2.667878 2.545566
v 0.615846 2.665910 2.536255
v 0.611815 2.669686 2.546436
v 0.611642 2.670672 2.568800
v 0.639697 2.668673 2.671984
v 0.659987 2.670780 2.632340
v 0.678860 2.672575 2.606843
v 0.687189 2.671215 2.581971
v 0.694903 2.667989 2.567672
v 0.669754 2.664747 2.552023
v 0.658278 2.671174 2.581869
v 0.647737 2.671986 2.611356
v 0.606170 2.694019 2.718288
v 0.666426 2.670833 2.560919
v 0.631649 2.670730 2.656328
v 0.660850 2.667984 2.688341
v 0.690687 2.669802 2.655973
v 0.710824 2.671213 2.635175
v 0.732508 2.671619 2.614960
v 0.749863 2.669399 2.602919
v 0.721784 2.664413 2.581459
v 0.718002 2.671495 2.589191
v 0.684704 2.671427 2.632555
v 0.657279 2.668925 2.670974
v 0.703988 2.671938 2.607206
v 0.616630 2.693919 2.724327
v 0.677263 2.667176 2.709636
v 0.715671 2.668879 2.686679
v 0.740533 2.668859 2.671984
v 0.762889 2.667502 2.657641
v 0.776336 2.665621 2.649567
v 0.625170 2.693839 2.732868
v 0.757116 2.669538 2.629320
v 0.737820 2.669636 2.643044
v 0.678304 2.668771 2.691951
v 0.764751 2.664197 2.623155
v 0.714237 2.669762 2.662313
v 0.687513 2.668101 2.734446
v 0.731026 2.668343 2.722623
v 0.757117 2.667703 2.714942
v 0.785272 2.666930 2.707524
v 0.805561 2.666805 2.703266
v 0.791964 2.663556 2.674468
v 0.766744 2.668094 2.686858
v 0.738805 2.669307 2.698958
v 0.631209 2.693781 2.743327
v 0.783472 2.666645 2.678184
v 0.693084 2.667615 2.717551
v 0.691066 2.668040 2.761024
v 0.736999 2.670979 2.761063
v 0.766214 2.670880 2.761093
v 0.791350 2.670033 2.761023
v 0.807235 2.667411 2.761023
v 0.700750 2.668702 2.746291
v 0.634335 2.693752 2.754994
v 0.812146 2.664177 2.731429
v 0.798966 2.667762 2.732826
v 0.751115 2.670142 2.739852
v 0.776268 2.667956 2.735704
v 0.687604 2.669653 2.787601
v 0.730190 2.672400 2.799519
v 0.756545 2.673873 2.806993
v 0.788911 2.674320 2.814342
v 0.804379 2.669284 2.818904
v 0.634335 2.693752 2.767072
v 0.800447 2.671732 2.789172
v 0.776891 2.672008 2.786345
v 0.700806 2.669482 2.775803
v 0.813076 2.664332 2.790654
v 0.745937 2.671483 2.782311
v 0.677299 2.670156 2.812424
v 0.714168 2.671102 2.835318
v 0.739474 2.673126 2.850073
v 0.766321 2.673408 2.864526
v 0.780152 2.668696 2.872887
v 0.735887 2.673443 2.822983
v 0.693296 2.669897 2.804483
v 0.797380 2.664404 2.847854
v 0.768209 2.674843 2.835104
v 0.631209 2.693781 2.778739
v 0.786628 2.673903 2.844030
v 0.660934 2.669630 2.833738
v 0.690746 2.668748 2.866082
v 0.710976 2.670178 2.886850
v 0.733040 2.671352 2.907209
v 0.744498 2.668044 2.919008
v 0.678391 2.669421 2.830194
v 0.625170 2.693839 2.789199
v 0.762806 2.663867 2.898753
v 0.756676 2.670783 2.892923
v 0.713596 2.670561 2.859699
v 0.739891 2.671668 2.879040
v 0.639606 2.667667 2.850075
v 0.659914 2.667896 2.889702
v 0.674807 2.668887 2.915219
v 0.691330 2.669504 2.940110
v 0.696735 2.667031 2.954233
v 0.704092 2.670502 2.914799
v 0.685235 2.669607 2.889595
v 0.616630 2.693919 2.797740
v 0.715409 2.669285 2.932911
v 0.657296 2.668460 2.851107
v 0.721704 2.664393 2.940595
v 0.614823 2.667634 2.860334
v 0.626426 2.667755 2.904559
v 0.631431 2.666828 2.932982
v 0.640398 2.667243 2.960758
v 0.642200 2.666250 2.976273
v 0.649570 2.668562 2.910841
v 0.631643 2.667027 2.865889
v 0.671678 2.665074 2.970280
v 0.659855 2.668032 2.940052
v 0.606170 2.694018 2.803778
v 0.668615 2.667469 2.961043
v 0.588221 2.668290 2.863837
v 0.585604 2.666967 2.909622
v 0.586738 2.667734 2.939048
v 0.586583 2.667707 2.967804
v 0.583255 2.666493 2.983813
v 0.614486 2.667206 2.975609
v 0.612064 2.667489 2.953163
v 0.603029 2.667642 2.873554
v 0.594504 2.694129 2.806904
v 0.619849 2.666447 2.986228
v 0.606245 2.666767 2.921779
v 0.580943 2.698171 2.789245
v 0.561607 2.667845 2.860335
v 0.549783 2.668520 2.904559
v 0.542355 2.668671 2.932982
v 0.533927 2.668391 2.960759
v 0.525800 2.667086 2.976230
v 0.559005 2.667212 2.953163
v 0.563922 2.667168 2.921779
v 0.582427 2.694243 2.806904
v 0.557571 2.667644 2.975606
v 0.573403 2.667971 2.873554
v 0.559185 2.666807 2.986072
v 0.536810 2.667696 2.850065
v 0.511309 2.668043 2.889715
v 0.495562 2.668133 2.915198
v 0.483297 2.668651 2.940101
v 0.474688 2.668185 2.954062
v 0.497669 2.666595 2.970194
v 0.500945 2.667703 2.960969
v 0.523354 2.667683 2.910825
v 0.544782 2.667721 2.865886
v 0.511022 2.667989 2.940069
v 0.570761 2.694354 2.803778
v 0.515550 2.669687 2.833772
v 0.480837 2.670782 2.866108
v 0.460712 2.671736 2.886890
v 0.440200 2.671623 2.907271
v 0.428455 2.669819 2.918746
v 0.453146 2.669552 2.932738
v 0.466912 2.669660 2.914796
v 0.519150 2.668617 2.851083
v 0.560301 2.694453 2.797740
v 0.448636 2.667471 2.940885
v 0.486530 2.669816 2.889653
v 0.499138 2.669880 2.812400
v 0.456963 2.671159 2.835342
v 0.431637 2.672224 2.850065
v 0.405603 2.672335 2.864488
v 0.391103 2.670987 2.872605
v 0.409642 2.668348 2.899265
v 0.431245 2.671768 2.878976
v 0.456481 2.671603 2.859697
v 0.551761 2.694534 2.789199
v 0.412836 2.672099 2.892744
v 0.498181 2.671318 2.830089
v 0.488979 2.670593 2.787692
v 0.445190 2.672226 2.799448
v 0.412636 2.671333 2.807085
v 0.386941 2.672754 2.814571
v 0.367793 2.670024 2.818793
v 0.375610 2.667836 2.847694
v 0.386410 2.672712 2.843939
v 0.437689 2.672202 2.823128
v 0.483332 2.670449 2.804475
v 0.407930 2.672733 2.835188
v 0.545722 2.694591 2.778739
v 0.485561 2.671703 2.761017
v 0.437046 2.672026 2.761058
v 0.408582 2.673124 2.761086
v 0.379090 2.673445 2.760978
v 0.363239 2.671235 2.761014
v 0.372741 2.673418 2.789297
v 0.393733 2.672303 2.786321
v 0.475676 2.672297 2.775989
v 0.542596 2.694620 2.767072
v 0.362647 2.668563 2.790651
v 0.426418 2.671899 2.782178
v 0.488972 2.672536 2.734314
v 0.443185 2.675121 2.722701
v 0.417274 2.677211 2.714987
v 0.384162 2.675027 2.707449
v 0.367687 2.671277 2.703230
v 0.361740 2.668296 2.731443
v 0.396348 2.675041 2.735732
v 0.425255 2.674153 2.739976
v 0.542596 2.694620 2.754994
v 0.370836 2.674171 2.732752
v 0.475868 2.674368 2.746010
v 0.499086 2.672849 2.709644
v 0.457215 2.675194 2.686785
v 0.433702 2.676624 2.672087
v 0.406748 2.675550 2.657577
v 0.397568 2.673054 2.649257
v 0.374242 2.667560 2.674454
v 0.383463 2.674904 2.678281
v 0.439729 2.677814 2.698964
v 0.483266 2.673871 2.717675
v 0.408777 2.676538 2.686805
v 0.545722 2.694591 2.743327
v 0.515605 2.671327 2.688300
v 0.484152 2.675753 2.656116
v 0.459749 2.675496 2.635046
v 0.437894 2.675050 2.614797
v 0.430950 2.672796 2.602957
v 0.551761 2.694534 2.732868
v 0.413334 2.675342 2.629283
v 0.432883 2.676383 2.642838
v 0.498221 2.673438 2.692033
v 0.403533 2.667234 2.623328
v 0.459019 2.676389 2.662534
v 0.536683 2.671019 2.671962
v 0.512396 2.672613 2.632398
v 0.498484 2.673258 2.606861
v 0.480307 2.672041 2.581873
v 0.472611 2.669507 2.567812
v 0.445287 2.666838 2.581572
v 0.469437 2.673836 2.607166
v 0.491072 2.674806 2.632382
v 0.560301 2.694453 2.724327
v 0.451868 2.673501 2.589248
v 0.519222 2.671594 2.670959
v 0.561712 2.669546 2.661670
v 0.549963 2.670730 2.617550
v 0.544844 2.671588 2.589074
v 0.531002 2.669133 2.561298
v 0.530930 2.668990 2.545554
v 0.544762 2.670969 2.656016
v 0.570761 2.694354 2.718288
v 0.497535 2.666569 2.551891
v 0.502361 2.670328 2.561018
v 0.525413 2.671474 2.611276
v 0.513121 2.670998 2.581963
v 0.588209 2.668923 2.658252
v 0.585605 2.670128 2.612455
v 0.582427 2.694243 2.715162
v 0.573414 2.669630 2.648516
v 0.564634 2.669945 2.600317
v 0.588502 2.698100 2.731826
v 0.586368 2.670380 2.583030
v 0.596061 2.698028 2.732821
v 0.603046 2.670748 2.648672
v 0.594504 2.694129 2.715162
v 0.606374 2.671211 2.600314
v 0.603105 2.697961 2.735739
v 0.609154 2.697904 2.740381
v 0.613795 2.697860 2.746430
v 0.616713 2.697833 2.753474
v 0.617708 2.697823 2.761033
v 0.616713 2.697833 2.768593
v 0.613795 2.697860 2.775637
v 0.609154 2.697904 2.781686
v 0.603105 2.697961 2.786327
v 0.596061 2.698028 2.789245
v 0.588502 2.698100 2.790240
v 0.573900 2.698238 2.786327
v 0.567851 2.698295 2.781686
v 0.563210 2.698339 2.775637
v 0.560292 2.698367 2.768593
v 0.559297 2.698376 2.761033
v 0.560292 2.698367 2.753474
v 0.563210 2.698339 2.746430
v 0.567851 2.698295 2.740381
v 0.573900 2.698238 2.735739
v 0.580943 2.698171 2.732821
v 0.558464 2.669454 2.546438
v 0.559642 2.669252 2.568854
v 0.557270 2.666465 2.536258
v 0.610384 2.668285 2.678321
v 0.631036 2.668089 2.686876
v 0.648769 2.667921 2.700484
v 0.662377 2.667792 2.718218
v 0.670931 2.667711 2.738870
v 0.673849 2.667684 2.761033
v 0.670931 2.667711 2.783196
v 0.662377 2.667792 2.803848
v 0.648769 2.667921 2.821583
v 0.631036 2.668089 2.835191
v 0.610384 2.668285 2.843745
v 0.588222 2.668494 2.846663
v 0.566061 2.668704 2.843745
v 0.545409 2.668900 2.835191
v 0.527676 2.669068 2.821583
v 0.514068 2.669197 2.803848
v 0.505514 2.669278 2.783196
v 0.502596 2.669305 2.761033
v 0.505514 2.669278 2.738870
v 0.514068 2.669197 2.718218
v 0.527676 2.669068 2.700484
v 0.545409 2.668900 2.686875
v 0.566061 2.668704 2.678321
v 0.588222 2.668494 2.675403
v 0.576827 2.667643 2.674539
v 0.554829 2.667851 2.680434
v 0.535107 2.668038 2.691821
v 0.519004 2.668191 2.707925
v 0.507618 2.668298 2.727648
v 0.501723 2.668354 2.749646
v 0.501723 2.668354 2.772420
v 0.507618 2.668298 2.794419
v 0.519004 2.668191 2.814142
v 0.535107 2.668038 2.830245
v 0.554829 2.667851 2.841632
v 0.576827 2.667643 2.847527
v 0.599600 2.667428 2.847527
v 0.621597 2.667219 2.841632
v 0.641319 2.667033 2.830245
v 0.657423 2.666880 2.814142
v 0.668809 2.666772 2.794419
v 0.674703 2.666717 2.772420
v 0.674703 2.666717 2.749646
v 0.668809 2.666772 2.727648
v 0.657423 2.666880 2.707925
v 0.641319 2.667033 2.691821
v 0.621597 2.667219 2.680434
v 0.599600 2.667428 2.674539
v 0.620116 2.671203 2.640479
v 0.650253 2.670524 2.652933
v 0.676014 2.668827 2.672623
v 0.695377 2.667430 2.698573
v 0.708202 2.668140 2.728679
v 0.712035 2.669108 2.761059
v 0.707829 2.669880 2.793360
v 0.696011 2.669681 2.823538
v 0.676086 2.668496 2.849379
v 0.650116 2.667850 2.869237
v 0.619647 2.666826 2.881706
v 0.587166 2.666967 2.885963
v 0.555705 2.668333 2.881706
v 0.524704 2.667621 2.869225
v 0.500070 2.670651 2.849426
v 0.479274 2.670887 2.823453
v 0.466552 2.670655 2.793386
v 0.463808 2.673666 2.761092
v 0.466476 2.674348 2.728490
v 0.478840 2.674201 2.698601
v 0.499666 2.674343 2.672662
v 0.524764 2.671146 2.652827
v 0.554861 2.669838 2.640315
v 0.587465 2.670753 2.636078
v 0.568352 2.669902 2.625625
v 0.534275 2.670478 2.634904
v 0.504393 2.673308 2.652663
v 0.477581 2.674374 2.677966
v 0.460046 2.674924 2.708782
v 0.450602 2.673340 2.743054
v 0.450676 2.671140 2.778881
v 0.460795 2.671218 2.813332
v 0.479267 2.671170 2.844203
v 0.502998 2.668966 2.869437
v 0.536201 2.668728 2.887241
v 0.568697 2.667362 2.896471
v 0.603980 2.666799 2.896471
v 0.639574 2.667875 2.887222
v 0.671596 2.669014 2.869448
v 0.694581 2.669082 2.844211
v 0.712247 2.670543 2.813367
v 0.721934 2.670074 2.778877
v 0.723358 2.668888 2.743155
v 0.713480 2.668322 2.708799
v 0.694508 2.668099 2.677856
v 0.669341 2.669699 2.652633
v 0.640293 2.672180 2.634729
v 0.605921 2.671563 2.625484
v 0.603486 2.689835 2.704828
v 0.617519 2.689702 2.710641
v 0.629569 2.689588 2.719888
v 0.638816 2.689500 2.731939
v 0.644629 2.689445 2.745973
v 0.646611 2.689427 2.761033
v 0.644629 2.689445 2.776094
v 0.638816 2.689500 2.790128
v 0.629569 2.689588 2.802179
v 0.617519 2.689702 2.811426
v 0.603486 2.689835 2.817239
v 0.588426 2.689978 2.819222
v 0.573366 2.690120 2.817239
v 0.559333 2.690253 2.811426
v 0.547282 2.690367 2.802179
v 0.538035 2.690454 2.790128
v 0.532223 2.690510 2.776094
v 0.530240 2.690528 2.761033
v 0.532223 2.690510 2.745973
v 0.538035 2.690454 2.731939
v 0.547282 2.690367 2.719888
v 0.559333 2.690253 2.710641
v 0.573366 2.690120 2.704828
v 0.588426 2.689978 2.702844
v 0.579512 2.684586 2.693717
v 0.562392 2.684748 2.698304
v 0.547042 2.684893 2.707167
v 0.534510 2.685012 2.719700
v 0.525648 2.685096 2.735050
v 0.521061 2.685139 2.752171
v 0.521061 2.685139 2.769896
v 0.525648 2.685096 2.787017
v 0.534510 2.685012 2.802367
v 0.547042 2.684893 2.814900
v 0.562392 2.684748 2.823762
v 0.579512 2.684586 2.828349
v 0.597236 2.684418 2.828349
v 0.614356 2.684256 2.823762
v 0.629705 2.684111 2.814900
v 0.642238 2.683992 2.802367
v 0.651100 2.683908 2.787017
v 0.655687 2.683865 2.769896
v 0.655687 2.683865 2.752171
v 0.651100 2.683908 2.735050
v 0.642238 2.683992 2.719700
v 0.629705 2.684111 2.707167
v 0.614356 2.684256 2.698304
v 0.597236 2.684418 2.693717
v 0.608066 2.677427 2.687295
v 0.626477 2.677253 2.694921
v 0.642287 2.677103 2.707053
v 0.654418 2.676988 2.722863
v 0.662044 2.676916 2.741275
v 0.664645 2.676891 2.761033
v 0.662044 2.676916 2.780792
v 0.654418 2.676988 2.799203
v 0.642287 2.677103 2.815013
v 0.626477 2.677253 2.827145
v 0.608066 2.677427 2.834771
v 0.588309 2.677614 2.837373
v 0.568551 2.677801 2.834771
v 0.550141 2.677975 2.827145
v 0.534331 2.678125 2.815013
v 0.522200 2.678240 2.799203
v 0.514574 2.678312 2.780792
v 0.511972 2.678337 2.761033
v 0.514574 2.678312 2.741275
v 0.522200 2.678240 2.722863
v 0.534331 2.678125 2.707053
v 0.550141 2.677975 2.694921
v 0.568551 2.677801 2.687295
v 0.588309 2.677614 2.684693
v 0.599026 2.671466 2.679188
v 0.619842 2.671269 2.684765
v 0.638504 2.671093 2.695540
v 0.653741 2.670948 2.710779
v 0.664516 2.670846 2.729442
v 0.670093 2.670794 2.750258
v 0.670093 2.670794 2.771808
v 0.664516 2.670846 2.792624
v 0.653741 2.670948 2.811287
v 0.638504 2.671093 2.826526
v 0.619842 2.671269 2.837301
v 0.599026 2.671466 2.842879
v 0.577477 2.671670 2.842879
v 0.556662 2.671867 2.837301
v 0.537999 2.672044 2.826526
v 0.522762 2.672188 2.811287
v 0.511987 2.672290 2.792624
v 0.506410 2.672343 2.771808
v 0.506410 2.672343 2.750258
v 0.511987 2.672290 2.729442
v 0.522762 2.672188 2.710779
v 0.537999 2.672044 2.695540
v 0.556662 2.671867 2.684765
v 0.577477 2.671670 2.679188
v 0.611400 2.668319 2.674497
v 0.633031 2.667827 2.683445
v 0.651571 2.666882 2.697668
v 0.665804 2.667096 2.716232
v 0.674757 2.667049 2.737850
v 0.677821 2.667238 2.761026
v 0.674735 2.667614 2.784214
v 0.665773 2.667577 2.805800
v 0.651539 2.667294 2.824361
v 0.632998 2.666893 2.838620
v 0.611396 2.667042 2.847566
v 0.588217 2.667901 2.850648
v 0.565024 2.667892 2.847584
v 0.543421 2.667566 2.838613
v 0.524884 2.668750 2.824382
v 0.510635 2.668888 2.805808
v 0.501644 2.668544 2.784234
v 0.498625 2.669094 2.761039
v 0.501646 2.669528 2.737832
v 0.510702 2.669709 2.716301
v 0.524897 2.669017 2.697679
v 0.543454 2.669097 2.683515
v 0.565052 2.668726 2.674504
v 0.588216 2.667791 2.671418
v 0.600524 2.668547 2.667372
v 0.624388 2.669064 2.673765
v 0.645721 2.667447 2.686114
v 0.663111 2.667440 2.703556
v 0.675448 2.667835 2.724895
v 0.681848 2.667444 2.748719
v 0.681855 2.668419 2.773323
v 0.675391 2.668606 2.797115
v 0.663070 2.668853 2.818456
v 0.645658 2.668409 2.835927
v 0.624343 2.667097 2.848261
v 0.600539 2.667577 2.854645
v 0.575895 2.668143 2.854644
v 0.552079 2.667607 2.848266
v 0.530750 2.668319 2.835955
v 0.513328 2.670004 2.818491
v 0.500986 2.668885 2.797143
v 0.494709 2.669698 2.773374
v 0.494709 2.670924 2.748672
v 0.500993 2.671248 2.724992
v 0.513416 2.671474 2.703522
v 0.530692 2.670055 2.686188
v 0.552181 2.670291 2.673864
v 0.575924 2.668695 2.667387
v 0.583711 2.658610 2.554240
v 0.584694 2.660004 2.538068
v 0.614666 2.657963 2.661772
v 0.626946 2.654844 2.617383
v 0.636067 2.653823 2.589036
v 0.637210 2.656088 2.561277
v 0.641641 2.658669 2.545515
v 0.617326 2.661192 2.536134
v 0.612819 2.657226 2.546431
v 0.610344 2.656577 2.568793
v 0.639598 2.657597 2.672085
v 0.661531 2.655169 2.632336
v 0.677576 2.653252 2.606852
v 0.690202 2.654268 2.581923
v 0.694810 2.657730 2.567687
v 0.669517 2.661463 2.552046
v 0.658980 2.655032 2.581888
v 0.648262 2.654627 2.611333
v 0.605298 2.687597 2.720248
v 0.668233 2.655270 2.560911
v 0.631542 2.655630 2.656282
v 0.660753 2.658639 2.688360
v 0.691692 2.656039 2.655993
v 0.713396 2.653953 2.635029
v 0.730509 2.653626 2.614869
v 0.746526 2.655809 2.603032
v 0.720822 2.660980 2.581572
v 0.716930 2.654097 2.589201
v 0.683638 2.654773 2.632508
v 0.657213 2.657522 2.671006
v 0.702023 2.654084 2.607229
v 0.615278 2.687502 2.726010
v 0.677133 2.658824 2.709638
v 0.715346 2.656687 2.686731
v 0.740897 2.656255 2.672004
v 0.762798 2.657049 2.657633
v 0.776254 2.658587 2.649581
v 0.623426 2.687425 2.734159
v 0.756618 2.655245 2.629315
v 0.738771 2.655463 2.643030
v 0.678177 2.657645 2.691948
v 0.767185 2.659833 2.622973
v 0.718273 2.654830 2.662361
v 0.687359 2.657282 2.734474
v 0.730970 2.656878 2.722618
v 0.761343 2.656159 2.714963
v 0.783432 2.657522 2.707521
v 0.801868 2.657639 2.703299
v 0.791932 2.660305 2.674468
v 0.765937 2.656782 2.686849
v 0.737818 2.656088 2.698964
v 0.629188 2.687371 2.744139
v 0.783412 2.657528 2.678188
v 0.692982 2.657519 2.717543
v 0.690874 2.657464 2.760999
v 0.737301 2.654038 2.761018
v 0.762709 2.654287 2.760998
v 0.792079 2.654211 2.760997
v 0.810175 2.655905 2.761012
v 0.700669 2.656785 2.746287
v 0.632171 2.687342 2.755271
v 0.812312 2.659398 2.731431
v 0.798858 2.655811 2.732779
v 0.747899 2.655605 2.739845
v 0.776165 2.656366 2.735743
v 0.687404 2.656914 2.787660
v 0.732473 2.652654 2.799509
v 0.757368 2.650920 2.807162
v 0.786507 2.651107 2.814446
v 0.802392 2.654846 2.818859
v 0.632171 2.687342 2.766795
v 0.802303 2.651941 2.789270
v 0.778332 2.652349 2.786330
v 0.700691 2.656009 2.775863
v 0.814868 2.658971 2.790679
v 0.748886 2.653044 2.782278
v 0.677119 2.656941 2.812392
v 0.714003 2.654538 2.835264
v 0.742520 2.652011 2.850071
v 0.764095 2.651453 2.864520
v 0.780454 2.655348 2.872847
v 0.737133 2.651685 2.823035
v 0.693064 2.655959 2.804450
v 0.800972 2.659059 2.847969
v 0.767273 2.650379 2.835115
v 0.629188 2.687371 2.777927
v 0.788150 2.650838 2.843832
v 0.660755 2.657009 2.833661
v 0.690583 2.657254 2.866084
v 0.710323 2.655672 2.886919
v 0.735999 2.653356 2.907188
v 0.744766 2.656848 2.918948
v 0.678222 2.656880 2.830136
v 0.623426 2.687425 2.787907
v 0.763157 2.660442 2.898806
v 0.755316 2.654389 2.892918
v 0.714867 2.654460 2.859699
v 0.738355 2.653677 2.879006
v 0.639502 2.659444 2.850011
v 0.660443 2.658446 2.889673
v 0.673549 2.657696 2.915237
v 0.691415 2.656623 2.940124
v 0.696420 2.658808 2.954213
v 0.703596 2.655740 2.914730
v 0.684332 2.656722 2.889610
v 0.615278 2.687502 2.796056
v 0.718727 2.655646 2.932922
v 0.657199 2.657940 2.851101
v 0.722866 2.660605 2.940725
v 0.614727 2.659211 2.860274
v 0.626075 2.659576 2.904559
v 0.634270 2.659258 2.932982
v 0.638824 2.659934 2.960756
v 0.642106 2.660493 2.976270
v 0.650648 2.658064 2.910828
v 0.631575 2.659610 2.865884
v 0.671478 2.661139 2.970253
v 0.658607 2.658940 2.940056
v 0.605298 2.687597 2.801819
v 0.667057 2.659277 2.961016
v 0.588135 2.659266 2.863774
v 0.585546 2.660851 2.909622
v 0.586208 2.660303 2.939048
v 0.586683 2.660059 2.967804
v 0.583207 2.661325 2.983813
v 0.612552 2.660508 2.975595
v 0.610140 2.660377 2.953163
v 0.602955 2.659865 2.873551
v 0.594167 2.687702 2.804801
v 0.619367 2.660847 2.986199
v 0.606187 2.660650 2.921779
v 0.581205 2.691514 2.788033
v 0.561551 2.660226 2.860276
v 0.548377 2.660599 2.904559
v 0.540388 2.660637 2.932982
v 0.535657 2.660031 2.960762
v 0.526771 2.661578 2.976271
v 0.559962 2.660736 2.953163
v 0.564121 2.660927 2.921779
v 0.582643 2.687811 2.804801
v 0.555582 2.661202 2.975589
v 0.573331 2.660345 2.873551
v 0.558035 2.661805 2.985892
v 0.536780 2.661343 2.850013
v 0.511672 2.661134 2.889717
v 0.495500 2.661486 2.915199
v 0.480934 2.661679 2.940098
v 0.474791 2.661730 2.954064
v 0.497469 2.662895 2.970171
v 0.500652 2.661757 2.960966
v 0.522982 2.661438 2.910825
v 0.544719 2.660983 2.865883
v 0.512912 2.660728 2.940070
v 0.571512 2.687917 2.801819
v 0.515489 2.659577 2.833734
v 0.481179 2.659309 2.866087
v 0.461335 2.658552 2.886904
v 0.441480 2.658813 2.907244
v 0.429262 2.660993 2.918786
v 0.451966 2.661174 2.932735
v 0.469156 2.660054 2.914809
v 0.519068 2.660849 2.851081
v 0.561531 2.688011 2.796056
v 0.448612 2.662921 2.940909
v 0.488931 2.659369 2.889645
v 0.499089 2.659134 2.812376
v 0.458402 2.658519 2.835274
v 0.434829 2.658300 2.850036
v 0.408156 2.658288 2.864489
v 0.391605 2.660723 2.872622
v 0.407839 2.663110 2.899156
v 0.430828 2.658996 2.879010
v 0.458070 2.658444 2.859734
v 0.553383 2.688088 2.787907
v 0.414969 2.658526 2.892828
v 0.498033 2.659251 2.830162
v 0.488952 2.658873 2.787665
v 0.442090 2.659422 2.799466
v 0.412593 2.659849 2.807080
v 0.388726 2.659052 2.814576
v 0.368201 2.661830 2.818811
v 0.374749 2.664121 2.847641
v 0.385528 2.658782 2.843995
v 0.436214 2.659019 2.823042
v 0.483243 2.659466 2.804529
v 0.409272 2.658736 2.835169
v 0.547621 2.688143 2.777927
v 0.485494 2.658593 2.761043
v 0.439077 2.658278 2.761093
v 0.409460 2.657924 2.761090
v 0.378884 2.658317 2.760944
v 0.361186 2.661134 2.761009
v 0.376385 2.657864 2.789298
v 0.394476 2.659307 2.786303
v 0.475592 2.658066 2.775833
v 0.544638 2.688171 2.766795
v 0.362384 2.663573 2.790645
v 0.424487 2.659326 2.782210
v 0.488951 2.657383 2.734348
v 0.442420 2.655635 2.722551
v 0.417029 2.654522 2.714954
v 0.383725 2.657154 2.707467
v 0.368323 2.660696 2.703241
v 0.361574 2.663787 2.731444
v 0.397342 2.656761 2.735713
v 0.426068 2.656545 2.739908
v 0.544638 2.688171 2.755271
v 0.369758 2.658114 2.732757
v 0.475657 2.655377 2.746140
v 0.498959 2.656426 2.709656
v 0.456927 2.655280 2.686792
v 0.432953 2.654234 2.672109
v 0.406476 2.655978 2.657570
v 0.394112 2.658996 2.649313
v 0.373978 2.664262 2.674468
v 0.383253 2.656814 2.678238
v 0.436397 2.653671 2.699046
v 0.483068 2.656145 2.717600
v 0.407754 2.655489 2.686835
v 0.547621 2.688143 2.744139
v 0.515559 2.657691 2.688388
v 0.482032 2.655088 2.656076
v 0.458798 2.655251 2.635014
v 0.437458 2.655732 2.614824
v 0.430521 2.658231 2.602997
v 0.553383 2.688088 2.734159
v 0.411684 2.656009 2.629244
v 0.431992 2.654758 2.642838
v 0.497990 2.655926 2.691988
v 0.403502 2.663982 2.623328
v 0.458827 2.654394 2.662516
v 0.536632 2.657823 2.672016
v 0.514684 2.656087 2.632383
v 0.500509 2.656106 2.606928
v 0.481343 2.657343 2.581858
v 0.471583 2.660420 2.567771
v 0.445256 2.663587 2.581572
v 0.468614 2.656117 2.607296
v 0.487113 2.655628 2.632403
v 0.561531 2.688011 2.726010
v 0.451645 2.656749 2.589181
v 0.519093 2.657240 2.670899
v 0.561635 2.658721 2.661762
v 0.548455 2.657998 2.617566
v 0.540968 2.657939 2.589061
v 0.530367 2.659783 2.561312
v 0.531359 2.659957 2.545548
v 0.544620 2.657670 2.656046
v 0.571512 2.687917 2.720248
v 0.498185 2.662769 2.551805
v 0.507666 2.658012 2.560940
v 0.523794 2.657961 2.611215
v 0.513577 2.658071 2.582011
v 0.588091 2.658891 2.658316
v 0.585887 2.657196 2.612412
v 0.582643 2.687811 2.717265
v 0.573303 2.658467 2.648531
v 0.563869 2.658276 2.600327
v 0.588440 2.691446 2.733081
v 0.587595 2.657203 2.583042
v 0.595674 2.691377 2.734033
v 0.602888 2.656601 2.648685
v 0.594167 2.687702 2.717265
v 0.606910 2.655937 2.600343
v 0.602415 2.691313 2.736825
v 0.608204 2.691258 2.741268
v 0.612646 2.691216 2.747057
v 0.615438 2.691190 2.753798
v 0.616390 2.691181 2.761033
v 0.615438 2.691190 2.768268
v 0.612646 2.691216 2.775009
v 0.608204 2.691258 2.780798
v 0.602415 2.691313 2.785241
v 0.595674 2.691377 2.788033
v 0.588440 2.691446 2.788985
v 0.574464 2.691578 2.785241
v 0.568675 2.691633 2.780798
v 0.564233 2.691675 2.775009
v 0.561440 2.691701 2.768268
v 0.560488 2.691710 2.761033
v 0.561440 2.691701 2.753798
v 0.564233 2.691675 2.747057
v 0.568675 2.691633 2.741268
v 0.574464 2.691578 2.736825
v 0.581205 2.691514 2.734033
v 0.559683 2.658723 2.546462
v 0.558656 2.659227 2.568870
v 0.557688 2.661827 2.536192
v 0.609425 2.662599 2.681699
v 0.629232 2.662411 2.689905
v 0.646242 2.662251 2.702957
v 0.659294 2.662127 2.719967
v 0.667498 2.662049 2.739776
v 0.670297 2.662023 2.761033
v 0.667498 2.662049 2.782291
v 0.659294 2.662127 2.802099
v 0.646242 2.662251 2.819110
v 0.629232 2.662411 2.832162
v 0.609425 2.662599 2.840367
v 0.588168 2.662800 2.843165
v 0.566912 2.663002 2.840367
v 0.547104 2.663189 2.832162
v 0.530095 2.663350 2.819110
v 0.517043 2.663474 2.802099
v 0.508838 2.663551 2.782291
v 0.506040 2.663578 2.761033
v 0.508838 2.663551 2.739776
v 0.517043 2.663474 2.719967
v 0.530095 2.663350 2.702957
v 0.547104 2.663189 2.689905
v 0.566912 2.663002 2.681699
v 0.588168 2.662800 2.678901
v 0.577078 2.661390 2.676901
v 0.555682 2.661592 2.682635
v 0.536498 2.661774 2.693711
v 0.520835 2.661922 2.709375
v 0.509759 2.662027 2.728559
v 0.504026 2.662081 2.749957
v 0.504026 2.662081 2.772110
v 0.509759 2.662027 2.793507
v 0.520835 2.661922 2.812691
v 0.536498 2.661774 2.828355
v 0.555682 2.661592 2.839432
v 0.577078 2.661390 2.845165
v 0.599230 2.661180 2.845165
v 0.620626 2.660977 2.839432
v 0.639810 2.660796 2.828355
v 0.655473 2.660647 2.812691
v 0.666549 2.660542 2.793507
v 0.672282 2.660488 2.772110
v 0.672282 2.660488 2.749957
v 0.666549 2.660542 2.728559
v 0.655473 2.660647 2.709375
v 0.639810 2.660796 2.693711
v 0.620626 2.660977 2.682635
v 0.599230 2.661180 2.676901
v 0.620450 2.655708 2.640377
v 0.650099 2.656036 2.652942
v 0.675942 2.657127 2.672668
v 0.695353 2.658405 2.698553
v 0.708521 2.657245 2.728694
v 0.712317 2.656584 2.761043
v 0.707891 2.655916 2.793359
v 0.695387 2.656525 2.823496
v 0.675778 2.658051 2.849406
v 0.650123 2.658798 2.869240
v 0.619798 2.660144 2.881706
v 0.587108 2.660851 2.885962
v 0.555993 2.659744 2.881706
v 0.524647 2.661442 2.869225
v 0.499345 2.659506 2.849393
v 0.479072 2.659159 2.823482
v 0.467420 2.658505 2.793438
v 0.463171 2.657262 2.761072
v 0.466568 2.655843 2.728443
v 0.478769 2.655593 2.698621
v 0.500093 2.655498 2.672576
v 0.524630 2.657979 2.652865
v 0.554764 2.658555 2.640302
v 0.587895 2.656645 2.636122
v 0.568164 2.658255 2.625588
v 0.534815 2.658122 2.634894
v 0.504016 2.656831 2.652688
v 0.478411 2.655604 2.677879
v 0.459775 2.655524 2.708733
v 0.451771 2.657189 2.743123
v 0.450981 2.659199 2.778893
v 0.459862 2.659331 2.813315
v 0.478703 2.658799 2.844178
v 0.502900 2.660581 2.869413
v 0.536620 2.659776 2.887241
v 0.569964 2.660098 2.896471
v 0.605564 2.659766 2.896471
v 0.638834 2.659371 2.887230
v 0.669898 2.657817 2.869435
v 0.695320 2.656440 2.844229
v 0.712303 2.655116 2.813385
v 0.722237 2.655516 2.778849
v 0.722152 2.656872 2.743173
v 0.713044 2.657527 2.708775
v 0.694713 2.657710 2.677882
v 0.669694 2.656346 2.652660
v 0.640698 2.654351 2.634697
v 0.605755 2.655339 2.625440
v 0.602661 2.683766 2.707689
v 0.615980 2.683640 2.713206
v 0.627417 2.683532 2.721982
v 0.636193 2.683449 2.733420
v 0.641710 2.683396 2.746740
v 0.643592 2.683378 2.761033
v 0.641710 2.683396 2.775327
v 0.636193 2.683449 2.788646
v 0.627417 2.683532 2.800084
v 0.615980 2.683640 2.808861
v 0.602661 2.683766 2.814378
v 0.588368 2.683901 2.816260
v 0.574075 2.684037 2.814378
v 0.560757 2.684163 2.808861
v 0.549319 2.684271 2.800084
v 0.540543 2.684354 2.788646
v 0.535026 2.684407 2.775327
v 0.533144 2.684424 2.761033
v 0.535026 2.684407 2.746740
v 0.540543 2.684354 2.733420
v 0.549319 2.684271 2.721982
v 0.560757 2.684163 2.713206
v 0.574075 2.684037 2.707689
v 0.588368 2.683901 2.705807
v 0.579945 2.678920 2.697414
v 0.563765 2.679073 2.701749
v 0.549259 2.679210 2.710125
v 0.537414 2.679322 2.721970
v 0.529039 2.679402 2.736477
v 0.524703 2.679443 2.752658
v 0.524703 2.679443 2.769409
v 0.529039 2.679402 2.785589
v 0.537414 2.679322 2.800096
v 0.549259 2.679210 2.811941
v 0.563765 2.679073 2.820317
v 0.579945 2.678920 2.824653
v 0.596696 2.678761 2.824653
v 0.612875 2.678608 2.820317
v 0.627382 2.678471 2.811941
v 0.639226 2.678359 2.800096
v 0.647601 2.678279 2.785589
v 0.651937 2.678238 2.769409
v 0.651937 2.678238 2.752658
v 0.647601 2.678279 2.736477
v 0.639226 2.678359 2.721970
v 0.627382 2.678471 2.710125
v 0.612875 2.678608 2.701749
v 0.596696 2.678761 2.697414
v 0.606920 2.672117 2.691382
v 0.624310 2.671953 2.698586
v 0.639244 2.671812 2.710046
v 0.650702 2.671703 2.724980
v 0.657906 2.671635 2.742371
v 0.660363 2.671612 2.761033
v 0.657906 2.671635 2.779696
v 0.650702 2.671703 2.797087
v 0.639244 2.671812 2.812021
v 0.624310 2.671953 2.823480
v 0.606920 2.672117 2.830684
v 0.588258 2.672294 2.833141
v 0.569597 2.672471 2.830684
v 0.552206 2.672636 2.823480
v 0.537273 2.672777 2.812021
v 0.525814 2.672886 2.797087
v 0.518611 2.672954 2.779696
v 0.516154 2.672977 2.761033
v 0.518611 2.672954 2.742371
v 0.525814 2.672886 2.724980
v 0.537273 2.672777 2.710046
v 0.552206 2.672636 2.698586
v 0.569597 2.672471 2.691382
v 0.588258 2.672294 2.688926
v 0.598426 2.666189 2.683362
v 0.618180 2.666002 2.688656
v 0.635890 2.665834 2.698882
v 0.650351 2.665698 2.713343
v 0.660575 2.665601 2.731054
v 0.665868 2.665551 2.750808
v 0.665868 2.665551 2.771259
v 0.660575 2.665601 2.791013
v 0.650351 2.665698 2.808724
v 0.635890 2.665834 2.823185
v 0.618180 2.666002 2.833411
v 0.598426 2.666189 2.838704
v 0.577976 2.666383 2.838704
v 0.558223 2.666570 2.833411
v 0.540513 2.666738 2.823185
v 0.526052 2.666874 2.808724
v 0.515827 2.666971 2.791013
v 0.510534 2.667021 2.771259
v 0.510534 2.667021 2.750808
v 0.515827 2.666971 2.731054
v 0.526052 2.666874 2.713343
v 0.540513 2.666738 2.698882
v 0.558223 2.666570 2.688656
v 0.577976 2.666383 2.683362
v 0.610939 2.659048 2.675892
v 0.632252 2.659175 2.684657
v 0.650574 2.659688 2.698590
v 0.664589 2.659522 2.716895
v 0.673377 2.659192 2.738201
v 0.676402 2.659217 2.761015
v 0.673340 2.658997 2.783880
v 0.664524 2.659029 2.805128
v 0.650568 2.659742 2.823463
v 0.632316 2.660282 2.837539
v 0.610999 2.660136 2.846329
v 0.588144 2.660210 2.849324
v 0.565288 2.660785 2.846349
v 0.543974 2.661295 2.837551
v 0.525758 2.660493 2.823430
v 0.511751 2.660396 2.805118
v 0.502858 2.661108 2.783890
v 0.499875 2.660865 2.761032
v 0.502942 2.660326 2.738214
v 0.511887 2.659755 2.717029
v 0.525788 2.660239 2.698651
v 0.544058 2.659920 2.684700
v 0.565313 2.660258 2.675782
v 0.588137 2.660280 2.672733
v 0.600362 2.658797 2.667819
v 0.624097 2.657888 2.674221
v 0.645396 2.659283 2.686455
v 0.662692 2.658567 2.703805
v 0.674932 2.658140 2.725061
v 0.681323 2.658793 2.748800
v 0.681288 2.657168 2.773285
v 0.674953 2.658061 2.796968
v 0.662651 2.658105 2.818222
v 0.645320 2.658963 2.835588
v 0.624125 2.660246 2.847883
v 0.600415 2.660242 2.854235
v 0.575870 2.659754 2.854223
v 0.552174 2.661190 2.847891
v 0.530928 2.660516 2.835619
v 0.513592 2.659027 2.818230
v 0.501305 2.660677 2.796978
v 0.495049 2.659522 2.773270
v 0.495052 2.658768 2.748782
v 0.501319 2.658186 2.725207
v 0.513699 2.657814 2.703806
v 0.530888 2.658865 2.686558
v 0.552237 2.658688 2.674274
v 0.575887 2.659844 2.667824
v 0.586766 2.663909 2.533049
v 0.641781 2.663352 2.541540
v 0.696584 2.662833 2.564241
v 0.750671 2.662379 2.599388
v 0.779754 2.662046 2.647415
v 0.809664 2.661819 2.701887
v 0.815827 2.661748 2.761033
v 0.807330 2.661822 2.820093
v 0.784177 2.662040 2.875037
v 0.747068 2.662383 2.922207
v 0.697197 2.662833 2.957909
v 0.641781 2.663352 2.980526
v 0.582971 2.663909 2.988269
v 0.525252 2.664466 2.980753
v 0.471412 2.664987 2.958267
v 0.425741 2.665436 2.922348
v 0.387729 2.665776 2.874863
v 0.363487 2.665987 2.819847
v 0.358388 2.666067 2.761033
v 0.363487 2.665987 2.702220
v 0.391423 2.665784 2.646657
v 0.428023 2.665440 2.599319
v 0.469358 2.664984 2.564241
v 0.531556 2.664470 2.539850
v 0.583730 2.660819 2.554320
v 0.584505 2.662124 2.539755
v 0.614707 2.660358 2.661745
v 0.626557 2.657118 2.617362
v 0.636312 2.656381 2.589035
v 0.637222 2.658410 2.561339
v 0.640496 2.661022 2.547270
v 0.614903 2.663045 2.539216
v 0.613028 2.659643 2.546991
v 0.611133 2.658823 2.568793
v 0.639633 2.659903 2.672030
v 0.660889 2.657861 2.632352
v 0.677836 2.655791 2.606853
v 0.689748 2.656887 2.582011
v 0.693906 2.659890 2.569287
v 0.669516 2.662859 2.554439
v 0.658507 2.657316 2.581861
v 0.647495 2.656742 2.611348
v 0.605589 2.689738 2.719595
v 0.667476 2.657663 2.561456
v 0.631559 2.658205 2.656284
v 0.660783 2.660906 2.688351
v 0.691069 2.658353 2.655994
v 0.712701 2.656340 2.635064
v 0.730756 2.655936 2.614938
v 0.745155 2.657949 2.604407
v 0.719619 2.662472 2.583651
v 0.715507 2.656363 2.589655
v 0.683723 2.657087 2.632540
v 0.657227 2.659832 2.670985
v 0.702052 2.656360 2.607202
v 0.615729 2.689641 2.725450
v 0.677178 2.661258 2.709627
v 0.715836 2.658694 2.686727
v 0.741032 2.658476 2.672004
v 0.762766 2.659290 2.657673
v 0.774817 2.660753 2.650421
v 0.624008 2.689563 2.733729
v 0.755696 2.657365 2.629646
v 0.738459 2.657604 2.643032
v 0.678205 2.659781 2.691951
v 0.763418 2.661615 2.624830
v 0.717659 2.657283 2.662350
v 0.687416 2.659857 2.734467
v 0.730973 2.659307 2.722617
v 0.761122 2.658261 2.714957
v 0.783390 2.659769 2.707537
v 0.800537 2.659746 2.703757
v 0.789494 2.661915 2.675485
v 0.765363 2.659012 2.686846
v 0.738086 2.658324 2.698965
v 0.629862 2.689507 2.743869
v 0.782910 2.659771 2.678404
v 0.693013 2.660017 2.717544
v 0.690941 2.659920 2.761004
v 0.737915 2.656256 2.761017
v 0.762736 2.656268 2.761016
v 0.791412 2.656481 2.761012
v 0.807940 2.658345 2.761019
v 0.700673 2.659209 2.746282
v 0.632892 2.689479 2.755179
v 0.808181 2.661070 2.731824
v 0.798991 2.658136 2.732864
v 0.748032 2.657535 2.739850
v 0.776196 2.658601 2.735734
v 0.687467 2.659200 2.787639
v 0.732042 2.654914 2.799554
v 0.757393 2.653247 2.807132
v 0.785577 2.652961 2.814406
v 0.800905 2.656665 2.818330
v 0.632892 2.689479 2.766887
v 0.800750 2.654515 2.789150
v 0.777628 2.654389 2.786332
v 0.700698 2.658396 2.775863
v 0.811035 2.660548 2.790265
v 0.748998 2.655143 2.782312
v 0.677156 2.658802 2.812396
v 0.714017 2.656732 2.835258
v 0.742582 2.654128 2.850044
v 0.765163 2.653520 2.864491
v 0.779204 2.657528 2.871898
v 0.737341 2.653985 2.822994
v 0.693124 2.657903 2.804431
v 0.796721 2.660471 2.846765
v 0.767222 2.652392 2.835096
v 0.629862 2.689507 2.778198
v 0.788075 2.652867 2.843652
v 0.660796 2.659249 2.833688
v 0.690608 2.659476 2.866075
v 0.710346 2.657720 2.886901
v 0.736924 2.655665 2.907149
v 0.743954 2.658822 2.917691
v 0.678264 2.659022 2.830160
v 0.624008 2.689563 2.788338
v 0.761267 2.662005 2.897159
v 0.754907 2.656415 2.892584
v 0.715127 2.656836 2.859685
v 0.738255 2.655673 2.879026
v 0.639530 2.661461 2.850042
v 0.660206 2.660882 2.889683
v 0.674044 2.659675 2.915228
v 0.691136 2.658779 2.940066
v 0.696306 2.660802 2.952734
v 0.703865 2.657649 2.914761
v 0.684852 2.658927 2.889592
v 0.615729 2.689641 2.796617
v 0.718786 2.658129 2.932453
v 0.657221 2.660175 2.851115
v 0.721502 2.662091 2.938515
v 0.614761 2.661969 2.860302
v 0.626317 2.661799 2.904559
v 0.633613 2.661767 2.932982
v 0.639910 2.661934 2.960691
v 0.642348 2.662536 2.974685
v 0.649850 2.660471 2.910829
v 0.631598 2.662071 2.865888
v 0.668839 2.662968 2.967593
v 0.658783 2.660969 2.940052
v 0.605589 2.689738 2.802471
v 0.666888 2.661425 2.960524
v 0.588157 2.661574 2.863803
v 0.585567 2.663140 2.909622
v 0.586431 2.662556 2.939048
v 0.586732 2.662379 2.967735
v 0.583227 2.663523 2.982178
v 0.611983 2.662920 2.975042
v 0.610869 2.662460 2.953163
v 0.602976 2.662148 2.873554
v 0.594279 2.689845 2.805502
v 0.617205 2.662548 2.983013
v 0.606208 2.662940 2.921779
v 0.581118 2.693733 2.788437
v 0.561564 2.662424 2.860302
v 0.549078 2.662643 2.904559
v 0.541033 2.662703 2.932982
v 0.534427 2.662604 2.960693
v 0.527063 2.663819 2.974666
v 0.560363 2.662902 2.953163
v 0.563885 2.663340 2.921779
v 0.582571 2.689956 2.805502
v 0.556040 2.663356 2.975045
v 0.573351 2.662518 2.873554
v 0.557599 2.663337 2.982936
v 0.536788 2.663629 2.850036
v 0.511397 2.663487 2.889715
v 0.495521 2.663730 2.915198
v 0.481569 2.663835 2.940039
v 0.474265 2.664191 2.952583
v 0.497611 2.664623 2.967583
v 0.500885 2.664044 2.960456
v 0.523004 2.663727 2.910825
v 0.544740 2.663332 2.865886
v 0.512336 2.663183 2.940070
v 0.571262 2.690063 2.802471
v 0.515487 2.661741 2.833755
v 0.480958 2.661450 2.866098
v 0.461005 2.660774 2.886882
v 0.441618 2.661136 2.907219
v 0.429912 2.663190 2.917530
v 0.452591 2.663282 2.932302
v 0.468187 2.662447 2.914811
v 0.519087 2.663092 2.851086
v 0.561122 2.690159 2.796617
v 0.449942 2.664515 2.938556
v 0.488517 2.661919 2.889646
v 0.499079 2.661560 2.812400
v 0.458844 2.661010 2.835296
v 0.433458 2.660753 2.850029
v 0.408109 2.660689 2.864448
v 0.393302 2.663031 2.871699
v 0.409591 2.664690 2.897295
v 0.430354 2.661041 2.878995
v 0.458288 2.660772 2.859719
v 0.552843 2.690237 2.788338
v 0.415410 2.660783 2.892484
v 0.498046 2.661348 2.830147
v 0.488925 2.661044 2.787668
v 0.442390 2.661385 2.799464
v 0.412592 2.662096 2.807087
v 0.388184 2.661408 2.814546
v 0.370484 2.663801 2.818360
v 0.378433 2.665383 2.846638
v 0.386224 2.661023 2.843785
v 0.436313 2.661360 2.823076
v 0.483256 2.661678 2.804527
v 0.408985 2.660998 2.835166
v 0.546989 2.690292 2.778198
v 0.485480 2.660734 2.761052
v 0.438155 2.660855 2.761077
v 0.410050 2.660098 2.761088
v 0.379585 2.660690 2.760955
v 0.362990 2.663390 2.761007
v 0.376736 2.660354 2.789213
v 0.393668 2.661659 2.786317
v 0.475602 2.660327 2.775877
v 0.543958 2.690321 2.766887
v 0.367054 2.664543 2.790274
v 0.424811 2.661449 2.782185
v 0.488902 2.659729 2.734327
v 0.442398 2.657840 2.722613
v 0.417389 2.656489 2.714948
v 0.383818 2.659300 2.707496
v 0.369413 2.662808 2.703712
v 0.365018 2.665106 2.731817
v 0.396854 2.659199 2.735709
v 0.426790 2.658908 2.739971
v 0.543958 2.690321 2.755179
v 0.369707 2.660285 2.732839
v 0.475689 2.657621 2.746088
v 0.498960 2.658756 2.709648
v 0.456970 2.657498 2.686777
v 0.432717 2.656467 2.672116
v 0.406227 2.658154 2.657593
v 0.395866 2.661026 2.650310
v 0.376448 2.665825 2.675485
v 0.384780 2.659016 2.678459
v 0.437245 2.655820 2.698992
v 0.483081 2.658353 2.717646
v 0.407781 2.657476 2.686832
v 0.546989 2.690292 2.743869
v 0.515557 2.660077 2.688361
v 0.482302 2.657070 2.656074
v 0.458843 2.657365 2.635011
v 0.437533 2.657943 2.614850
v 0.431983 2.660351 2.604428
v 0.552843 2.690237 2.733729
v 0.412199 2.658214 2.629617
v 0.431920 2.656946 2.642843
v 0.498007 2.658335 2.691996
v 0.405625 2.665549 2.624945
v 0.458312 2.656547 2.662532
v 0.536616 2.660099 2.671964
v 0.514721 2.658610 2.632388
v 0.500901 2.658425 2.606911
v 0.480982 2.659889 2.581919
v 0.472499 2.662579 2.569325
v 0.446889 2.665159 2.583680
v 0.468357 2.658575 2.607236
v 0.487861 2.657692 2.632422
v 0.561122 2.690159 2.725450
v 0.452514 2.659080 2.589690
v 0.519119 2.659699 2.670886
v 0.561646 2.661059 2.661731
v 0.548605 2.660174 2.617568
v 0.541682 2.659805 2.589064
v 0.530710 2.661998 2.561376
v 0.529938 2.662437 2.547305
v 0.544639 2.660022 2.656038
v 0.571262 2.690063 2.719595
v 0.500371 2.664050 2.554308
v 0.507809 2.660492 2.561452
v 0.523995 2.660246 2.611237
v 0.513985 2.660281 2.582001
v 0.588121 2.661178 2.658288
v 0.586393 2.659439 2.612407
v 0.582571 2.689955 2.716564
v 0.573334 2.660754 2.648517
v 0.563897 2.660562 2.600332
v 0.588461 2.693664 2.732663
v 0.586910 2.659684 2.583038
v 0.595803 2.693594 2.733629
v 0.602909 2.658820 2.648685
v 0.594279 2.689845 2.716564
v 0.606758 2.658440 2.600322
v 0.602645 2.693529 2.736464
v 0.608521 2.693474 2.740973
v 0.613029 2.693431 2.746848
v 0.615863 2.693404 2.753690
v 0.616830 2.693395 2.761033
v 0.615863 2.693404 2.768376
v 0.613029 2.693431 2.775218
v 0.608521 2.693474 2.781094
v 0.602645 2.693529 2.785603
v 0.595803 2.693594 2.788437
v 0.588461 2.693664 2.789403
v 0.574276 2.693798 2.785603
v 0.568401 2.693854 2.781094
v 0.563893 2.693896 2.775218
v 0.561059 2.693923 2.768376
v 0.560092 2.693932 2.761033
v 0.561059 2.693923 2.753690
v 0.563893 2.693896 2.746848
v 0.568401 2.693854 2.740973
v 0.574276 2.693798 2.736464
v 0.581118 2.693733 2.733629
v 0.559238 2.661202 2.547022
v 0.558683 2.661533 2.568862
v 0.558429 2.663205 2.539087
v 0.609740 2.664509 2.680591
v 0.629825 2.664319 2.688911
v 0.647072 2.664155 2.702145
v 0.660306 2.664030 2.719393
v 0.668625 2.663951 2.739479
v 0.671463 2.663924 2.761033
v 0.668625 2.663951 2.782588
v 0.660306 2.664030 2.802673
v 0.647072 2.664155 2.819921
v 0.629825 2.664319 2.833155
v 0.609740 2.664509 2.841475
v 0.588187 2.664713 2.844313
v 0.566633 2.664917 2.841475
v 0.546548 2.665107 2.833155
v 0.529301 2.665271 2.819921
v 0.516067 2.665396 2.802673
v 0.507748 2.665474 2.782588
v 0.504910 2.665501 2.761033
v 0.507748 2.665474 2.739479
v 0.516067 2.665396 2.719393
v 0.529301 2.665271 2.702145
v 0.546548 2.665107 2.688911
v 0.566633 2.664917 2.680591
v 0.588187 2.664713 2.677753
v 0.576996 2.663482 2.676125
v 0.555402 2.663686 2.681911
v 0.536041 2.663870 2.693089
v 0.520233 2.664019 2.708898
v 0.509055 2.664125 2.728260
v 0.503269 2.664180 2.749855
v 0.503269 2.664180 2.772212
v 0.509055 2.664125 2.793807
v 0.520233 2.664019 2.813169
v 0.536041 2.663870 2.828977
v 0.555402 2.663686 2.840155
v 0.576996 2.663482 2.845942
v 0.599352 2.663270 2.845942
v 0.620946 2.663065 2.840155
v 0.640307 2.662882 2.828977
v 0.656115 2.662733 2.813169
v 0.667293 2.662627 2.793807
v 0.673079 2.662572 2.772212
v 0.673079 2.662572 2.749855
v 0.667293 2.662627 2.728260
v 0.656115 2.662733 2.708898
v 0.640307 2.662882 2.693089
v 0.620946 2.663065 2.681911
v 0.599352 2.663270 2.676125
v 0.620447 2.658184 2.640419
v 0.650064 2.658443 2.652941
v 0.675855 2.659581 2.672639
v 0.695335 2.660686 2.698560
v 0.708544 2.659545 2.728679
v 0.712299 2.658667 2.761050
v 0.707711 2.658106 2.793348
v 0.695444 2.658718 2.823528
v 0.675758 2.660126 2.849413
v 0.650037 2.661134 2.869239
v 0.619621 2.662660 2.881706
v 0.587130 2.663140 2.885963
v 0.556012 2.662126 2.881706
v 0.524668 2.663731 2.869225
v 0.499345 2.661773 2.849393
v 0.479108 2.661494 2.823478
v 0.467411 2.660961 2.793424
v 0.463096 2.659398 2.761078
v 0.466678 2.658172 2.728457
v 0.479004 2.657961 2.698605
v 0.500256 2.657637 2.672595
v 0.524657 2.660219 2.652868
v 0.554865 2.660805 2.640297
v 0.588153 2.659172 2.636121
v 0.568196 2.660541 2.625598
v 0.534544 2.660691 2.634891
v 0.503665 2.658972 2.652680
v 0.478304 2.657838 2.677924
v 0.459849 2.657720 2.708759
v 0.451510 2.659432 2.743136
v 0.450898 2.661499 2.778871
v 0.460113 2.661636 2.813323
v 0.479076 2.661089 2.844176
v 0.502929 2.662810 2.869419
v 0.536074 2.662383 2.887241
v 0.569263 2.662766 2.896471
v 0.604964 2.662417 2.896471
v 0.639335 2.661424 2.887225
v 0.670455 2.659981 2.869445
v 0.695381 2.658915 2.844230
v 0.712131 2.657317 2.813393
v 0.721880 2.657662 2.778856
v 0.722075 2.659045 2.743158
v 0.712982 2.660043 2.708787
v 0.694409 2.659981 2.677868
v 0.669542 2.658786 2.652645
v 0.641086 2.656673 2.634711
v 0.606026 2.657556 2.625457
v 0.602936 2.685790 2.706736
v 0.616493 2.685661 2.712351
v 0.628135 2.685551 2.721285
v 0.637067 2.685466 2.732927
v 0.642683 2.685413 2.746484
v 0.644598 2.685395 2.761033
v 0.642683 2.685413 2.775582
v 0.637067 2.685466 2.789140
v 0.628135 2.685551 2.800782
v 0.616493 2.685661 2.809715
v 0.602936 2.685790 2.815331
v 0.588387 2.685927 2.817246
v 0.573839 2.686065 2.815331
v 0.560282 2.686193 2.809715
v 0.548641 2.686304 2.800782
v 0.539708 2.686388 2.789140
v 0.534092 2.686441 2.775582
v 0.532177 2.686460 2.761033
v 0.534092 2.686441 2.746484
v 0.539708 2.686388 2.732927
v 0.548641 2.686304 2.721285
v 0.560282 2.686193 2.712351
v 0.573839 2.686065 2.706736
v 0.588387 2.685927 2.704820
v 0.579801 2.680813 2.696186
v 0.563309 2.680969 2.700605
v 0.548522 2.681109 2.709142
v 0.536449 2.681223 2.721216
v 0.527913 2.681304 2.736003
v 0.523493 2.681346 2.752496
v 0.523493 2.681346 2.769571
v 0.527913 2.681304 2.786063
v 0.536449 2.681223 2.800851
v 0.548522 2.681109 2.812924
v 0.563309 2.680969 2.821461
v 0.579801 2.680813 2.825881
v 0.596875 2.680651 2.825881
v 0.613367 2.680495 2.821461
v 0.628154 2.680355 2.812924
v 0.640227 2.680240 2.800851
v 0.648764 2.680160 2.786063
v 0.653183 2.680118 2.769571
v 0.653183 2.680118 2.752496
v 0.648764 2.680160 2.736003
v 0.640227 2.680240 2.721216
v 0.628154 2.680355 2.709142
v 0.613367 2.680495 2.700605
v 0.596875 2.680651 2.696186
v 0.607299 2.673900 2.690032
v 0.625027 2.673732 2.697375
v 0.640250 2.673588 2.709056
v 0.651931 2.673477 2.724280
v 0.659273 2.673408 2.742008
v 0.661778 2.673384 2.761033
v 0.659273 2.673408 2.780058
v 0.651931 2.673477 2.797786
v 0.640250 2.673588 2.813010
v 0.625027 2.673732 2.824691
v 0.607299 2.673900 2.832034
v 0.588275 2.674080 2.834539
v 0.569251 2.674260 2.832034
v 0.551524 2.674428 2.824691
v 0.536301 2.674572 2.813010
v 0.524620 2.674682 2.797786
v 0.517277 2.674752 2.780058
v 0.514772 2.674776 2.761033
v 0.517277 2.674752 2.742008
v 0.524620 2.674682 2.724280
v 0.536301 2.674572 2.709056
v 0.551524 2.674428 2.697375
v 0.569251 2.674260 2.690032
v 0.588275 2.674080 2.687528
v 0.598624 2.667966 2.681990
v 0.618727 2.667775 2.687376
v 0.636750 2.667605 2.697783
v 0.651466 2.667465 2.712499
v 0.661871 2.667367 2.730524
v 0.667258 2.667316 2.750627
v 0.667258 2.667316 2.771439
v 0.661871 2.667367 2.791543
v 0.651466 2.667465 2.809567
v 0.636750 2.667605 2.824283
v 0.618727 2.667775 2.834690
v 0.598624 2.667966 2.840076
v 0.577813 2.668163 2.840076
v 0.557710 2.668353 2.834690
v 0.539686 2.668524 2.824283
v 0.524971 2.668663 2.809567
v 0.514565 2.668762 2.791543
v 0.509179 2.668813 2.771439
v 0.509179 2.668813 2.750627
v 0.514565 2.668762 2.730524
v 0.524971 2.668663 2.712499
v 0.539686 2.668524 2.697783
v 0.557710 2.668353 2.687376
v 0.577813 2.668163 2.681990
v 0.611070 2.661252 2.675470
v 0.632487 2.661395 2.684291
v 0.650905 2.662018 2.698283
v 0.664982 2.661797 2.716678
v 0.673806 2.661344 2.738092
v 0.676845 2.661418 2.761016
v 0.673769 2.661191 2.783987
v 0.664895 2.661147 2.805329
v 0.650875 2.661896 2.823750
v 0.632543 2.662492 2.837900
v 0.611130 2.662381 2.846739
v 0.588164 2.662392 2.849745
v 0.565200 2.663081 2.846760
v 0.543788 2.663500 2.837910
v 0.525483 2.662657 2.823725
v 0.511399 2.662640 2.805333
v 0.502469 2.663311 2.783998
v 0.499500 2.662869 2.761038
v 0.502555 2.662491 2.738101
v 0.511531 2.662004 2.716815
v 0.525507 2.662466 2.698349
v 0.543880 2.661968 2.684358
v 0.565227 2.662385 2.675381
v 0.588159 2.662441 2.672311
v 0.600412 2.661279 2.667656
v 0.624172 2.660025 2.674063
v 0.645505 2.661556 2.686343
v 0.662836 2.661017 2.703717
v 0.675097 2.660318 2.725003
v 0.681505 2.661106 2.748770
v 0.681481 2.659564 2.773308
v 0.675102 2.660169 2.797008
v 0.662771 2.660143 2.818304
v 0.645426 2.661025 2.835703
v 0.624199 2.662389 2.848016
v 0.600455 2.662444 2.854379
v 0.575872 2.662027 2.854372
v 0.552139 2.663091 2.848019
v 0.530861 2.662847 2.835740
v 0.513479 2.661353 2.818324
v 0.501193 2.662894 2.797040
v 0.494910 2.662121 2.773303
v 0.494908 2.660881 2.748734
v 0.501189 2.660380 2.725141
v 0.513586 2.660071 2.703704
v 0.530797 2.661043 2.686441
v 0.552209 2.660817 2.674128
v 0.575887 2.662038 2.667677
v 0.583788 2.666896 2.554324
v 0.585341 2.665680 2.539745
v 0.614800 2.666782 2.661707
v 0.626325 2.669892 2.617343
v 0.633785 2.670533 2.589038
v 0.637853 2.668370 2.561341
v 0.640541 2.665706 2.547272
v 0.614494 2.664159 2.539237
v 0.611719 2.667463 2.547007
v 0.611256 2.668427 2.568791
v 0.639688 2.666643 2.671999
v 0.659979 2.668527 2.632341
v 0.678755 2.670306 2.606834
v 0.687139 2.668940 2.582040
v 0.694418 2.665815 2.569273
v 0.669215 2.663258 2.554464
v 0.658253 2.668920 2.581862
v 0.647527 2.669633 2.611346
v 0.605879 2.691878 2.718943
v 0.666192 2.668575 2.561434
v 0.631646 2.668478 2.656299
v 0.660827 2.665561 2.688336
v 0.690634 2.667493 2.655987
v 0.710507 2.668890 2.635119
v 0.731894 2.669143 2.614978
v 0.748390 2.667122 2.604344
v 0.719564 2.662773 2.583650
v 0.716202 2.669153 2.589661
v 0.684537 2.669027 2.632567
v 0.657272 2.666662 2.670973
v 0.704141 2.669230 2.607198
v 0.616178 2.691781 2.724889
v 0.677237 2.664929 2.709627
v 0.716145 2.666721 2.686703
v 0.740977 2.666533 2.671997
v 0.762814 2.665169 2.657682
v 0.774846 2.663443 2.650417
v 0.624588 2.691701 2.733299
v 0.756612 2.667384 2.629644
v 0.738241 2.667364 2.643040
v 0.678286 2.666529 2.691943
v 0.762650 2.662732 2.624852
v 0.714350 2.667829 2.662326
v 0.687502 2.665755 2.734452
v 0.730817 2.665910 2.722620
v 0.757937 2.665897 2.714951
v 0.783759 2.664296 2.707538
v 0.802704 2.664210 2.703753
v 0.789494 2.661993 2.675485
v 0.766458 2.665741 2.686850
v 0.738919 2.666632 2.698961
v 0.630535 2.691645 2.743598
v 0.782935 2.664302 2.678409
v 0.693074 2.665536 2.717545
v 0.691036 2.665679 2.761013
v 0.737151 2.668914 2.761024
v 0.765678 2.668485 2.761042
v 0.791338 2.667619 2.761012
v 0.806716 2.665232 2.761018
v 0.700741 2.666491 2.746287
v 0.633612 2.691616 2.755086
v 0.808571 2.662614 2.731821
v 0.797475 2.665491 2.732873
v 0.751118 2.667536 2.739853
v 0.776258 2.665614 2.735710
v 0.687586 2.666880 2.787634
v 0.730127 2.670238 2.799560
v 0.756518 2.671329 2.807082
v 0.788831 2.671546 2.814355
v 0.802188 2.667146 2.818340
v 0.633612 2.691616 2.766980
v 0.798769 2.669361 2.789130
v 0.776801 2.669749 2.786355
v 0.700788 2.667257 2.775832
v 0.810163 2.663004 2.790262
v 0.745914 2.669652 2.782326
v 0.677265 2.667780 2.812418
v 0.714143 2.668732 2.835292
v 0.740575 2.670883 2.850047
v 0.766460 2.671013 2.864511
v 0.778629 2.666622 2.871909
v 0.736336 2.671096 2.822985
v 0.693261 2.667837 2.804452
v 0.796194 2.663345 2.846754
v 0.767827 2.672405 2.835089
v 0.630535 2.691645 2.778468
v 0.785570 2.671549 2.843724
v 0.660899 2.667302 2.833716
v 0.690695 2.666395 2.866070
v 0.711236 2.667698 2.886881
v 0.733252 2.669417 2.907160
v 0.745023 2.666169 2.917711
v 0.678361 2.667158 2.830172
v 0.624588 2.691701 2.788768
v 0.761398 2.662485 2.897165
v 0.756635 2.668156 2.892536
v 0.713564 2.668353 2.859693
v 0.740962 2.669326 2.879031
v 0.639583 2.665401 2.850070
v 0.659891 2.665555 2.889693
v 0.674852 2.666548 2.915221
v 0.690836 2.667106 2.940064
v 0.696902 2.665005 2.952740
v 0.704087 2.668097 2.914782
v 0.685674 2.667214 2.889594
v 0.616178 2.691781 2.797177
v 0.715238 2.667062 2.932418
v 0.657275 2.666276 2.851122
v 0.721155 2.663100 2.938503
v 0.614800 2.665360 2.860329
v 0.626265 2.665314 2.904559
v 0.632220 2.664774 2.932982
v 0.639933 2.664898 2.960691
v 0.642393 2.664211 2.974687
v 0.649778 2.666341 2.910832
v 0.631626 2.664820 2.865894
v 0.668973 2.663261 2.967603
v 0.659552 2.665674 2.940052
v 0.605879 2.691878 2.803124
v 0.667469 2.664849 2.960523
v 0.588199 2.666092 2.863832
v 0.585582 2.664678 2.909622
v 0.586838 2.665378 2.939048
v 0.586732 2.665434 2.967735
v 0.583235 2.664295 2.982178
v 0.612585 2.664539 2.975048
v 0.611862 2.665101 2.953163
v 0.603008 2.665436 2.873558
v 0.594392 2.691987 2.806202
v 0.617424 2.664694 2.983006
v 0.606223 2.664477 2.921779
v 0.581031 2.695952 2.788840
v 0.561589 2.665747 2.860329
v 0.549622 2.666100 2.904559
v 0.542571 2.666389 2.932982
v 0.533831 2.666106 2.960692
v 0.526740 2.664995 2.974658
v 0.560036 2.665277 2.953163
v 0.563899 2.664878 2.921779
v 0.582499 2.692100 2.806202
v 0.556812 2.665189 2.975051
v 0.573380 2.665623 2.873558
v 0.558521 2.665133 2.982968
v 0.536789 2.665184 2.850059
v 0.511288 2.665709 2.889716
v 0.495540 2.665803 2.915198
v 0.482855 2.666281 2.940041
v 0.474700 2.665809 2.952590
v 0.497517 2.664776 2.967571
v 0.500898 2.665357 2.960456
v 0.523018 2.665265 2.910825
v 0.544758 2.665381 2.865890
v 0.511367 2.665801 2.940069
v 0.571011 2.692209 2.803124
v 0.515523 2.667480 2.833776
v 0.481095 2.668229 2.866106
v 0.461054 2.669338 2.886891
v 0.440249 2.669484 2.907216
v 0.429539 2.667604 2.917509
v 0.452897 2.667132 2.932303
v 0.466872 2.667421 2.914799
v 0.519117 2.666204 2.851089
v 0.560712 2.692306 2.797177
v 0.450049 2.665908 2.938562
v 0.486907 2.667454 2.889651
v 0.499107 2.667869 2.812420
v 0.456959 2.669054 2.835311
v 0.431893 2.669895 2.850056
v 0.405532 2.670110 2.864452
v 0.392998 2.668441 2.871676
v 0.409761 2.666525 2.897302
v 0.430441 2.669507 2.878983
v 0.456481 2.669542 2.859709
v 0.552303 2.692385 2.788768
v 0.413159 2.670084 2.892441
v 0.498135 2.668657 2.830118
v 0.488956 2.668452 2.787678
v 0.444999 2.669676 2.799464
v 0.412639 2.669004 2.807081
v 0.388182 2.670358 2.814541
v 0.369948 2.668090 2.818364
v 0.378364 2.666329 2.846636
v 0.386007 2.670619 2.843768
v 0.437633 2.669583 2.823100
v 0.483296 2.668120 2.804505
v 0.408999 2.670440 2.835184
v 0.546356 2.692442 2.778468
v 0.485547 2.669206 2.761032
v 0.437023 2.669696 2.761069
v 0.408496 2.671048 2.761082
v 0.378877 2.671003 2.760971
v 0.363554 2.668667 2.761007
v 0.373897 2.671459 2.789204
v 0.393400 2.669902 2.786317
v 0.475678 2.669918 2.775942
v 0.543278 2.692471 2.766980
v 0.367573 2.667459 2.790273
v 0.425644 2.669474 2.782177
v 0.488972 2.670192 2.734331
v 0.442659 2.672758 2.722675
v 0.417737 2.674853 2.714981
v 0.385584 2.672576 2.707482
v 0.369442 2.669067 2.703701
v 0.364719 2.666842 2.731820
v 0.396852 2.672404 2.735732
v 0.425403 2.671861 2.739991
v 0.543278 2.692471 2.755086
v 0.371655 2.671792 2.732846
v 0.475837 2.672178 2.746045
v 0.499029 2.670651 2.709637
v 0.457149 2.672837 2.686764
v 0.433972 2.674393 2.672105
v 0.407004 2.673162 2.657597
v 0.398845 2.670729 2.650265
v 0.376448 2.665903 2.675485
v 0.383959 2.672610 2.678484
v 0.440115 2.675245 2.698965
v 0.483215 2.671506 2.717653
v 0.410585 2.674001 2.686813
v 0.546356 2.692442 2.743598
v 0.515611 2.669090 2.688313
v 0.484373 2.673074 2.656097
v 0.460742 2.673049 2.635015
v 0.438201 2.672690 2.614842
v 0.432366 2.670478 2.604408
v 0.552303 2.692385 2.733299
v 0.413018 2.672886 2.629635
v 0.433640 2.674025 2.642833
v 0.498137 2.671180 2.691999
v 0.405626 2.665627 2.624945
v 0.459418 2.673840 2.662548
v 0.536670 2.668844 2.671945
v 0.512893 2.670439 2.632390
v 0.498694 2.671163 2.606888
v 0.480277 2.669819 2.581922
v 0.472558 2.667335 2.569343
v 0.446889 2.665236 2.583680
v 0.468387 2.671401 2.607196
v 0.490906 2.672246 2.632411
v 0.560712 2.692306 2.724889
v 0.452195 2.671221 2.589705
v 0.519187 2.669289 2.670894
v 0.561703 2.667262 2.661689
v 0.549281 2.668479 2.617545
v 0.544813 2.669298 2.589074
v 0.531270 2.666904 2.561365
v 0.530679 2.666545 2.547303
v 0.544725 2.668680 2.656016
v 0.571011 2.692209 2.718943
v 0.500163 2.665396 2.554306
v 0.503011 2.668494 2.561488
v 0.525142 2.668832 2.611263
v 0.513568 2.668679 2.581983
v 0.588169 2.666642 2.658267
v 0.585572 2.668071 2.612432
v 0.582499 2.692100 2.715864
v 0.573389 2.667344 2.648516
v 0.563962 2.667657 2.600339
v 0.588482 2.695882 2.732246
v 0.586157 2.668098 2.583024
v 0.595932 2.695812 2.733227
v 0.603025 2.668657 2.648663
v 0.594392 2.691987 2.715864
v 0.606222 2.668956 2.600335
v 0.602875 2.695746 2.736102
v 0.608837 2.695689 2.740677
v 0.613412 2.695646 2.746639
v 0.616287 2.695619 2.753582
v 0.617268 2.695610 2.761033
v 0.616287 2.695619 2.768484
v 0.613412 2.695646 2.775427
v 0.608837 2.695689 2.781389
v 0.602875 2.695746 2.785964
v 0.595932 2.695812 2.788840
v 0.588482 2.695882 2.789821
v 0.574088 2.696018 2.785964
v 0.568126 2.696074 2.781389
v 0.563552 2.696118 2.775427
v 0.560676 2.696145 2.768484
v 0.559695 2.696155 2.761033
v 0.560676 2.696145 2.753582
v 0.563552 2.696118 2.746639
v 0.568126 2.696074 2.740677
v 0.574088 2.696018 2.736102
v 0.581031 2.695952 2.733227
v 0.558502 2.667103 2.547030
v 0.559654 2.666861 2.568849
v 0.557649 2.665107 2.539106
v 0.610055 2.666419 2.679482
v 0.630417 2.666226 2.687917
v 0.647901 2.666060 2.701334
v 0.661318 2.665933 2.718819
v 0.669752 2.665853 2.739182
v 0.672628 2.665826 2.761033
v 0.669752 2.665853 2.782884
v 0.661318 2.665933 2.803247
v 0.647901 2.666060 2.820733
v 0.630417 2.666226 2.834150
v 0.610055 2.666419 2.842584
v 0.588204 2.666625 2.845461
v 0.566354 2.666832 2.842584
v 0.545992 2.667025 2.834150
v 0.528508 2.667191 2.820733
v 0.515092 2.667317 2.803247
v 0.506658 2.667397 2.782884
v 0.503781 2.667425 2.761033
v 0.506658 2.667397 2.739182
v 0.515092 2.667317 2.718819
v 0.528508 2.667191 2.701334
v 0.545992 2.667025 2.687917
v 0.566354 2.666832 2.679482
v 0.588204 2.666625 2.676606
v 0.576913 2.665574 2.675348
v 0.555122 2.665780 2.681187
v 0.535584 2.665965 2.692467
v 0.519631 2.666116 2.708421
v 0.508351 2.666223 2.727960
v 0.502512 2.666278 2.749753
v 0.502512 2.666278 2.772314
v 0.508351 2.666223 2.794106
v 0.519631 2.666116 2.813645
v 0.535584 2.665965 2.829599
v 0.555122 2.665780 2.840879
v 0.576913 2.665574 2.846719
v 0.599474 2.665360 2.846719
v 0.621266 2.665154 2.840879
v 0.640803 2.664969 2.829599
v 0.656756 2.664818 2.813645
v 0.668037 2.664711 2.794106
v 0.673875 2.664655 2.772314
v 0.673875 2.664655 2.749753
v 0.668036 2.664711 2.727960
v 0.656756 2.664818 2.708421
v 0.640803 2.664969 2.692467
v 0.621266 2.665154 2.681187
v 0.599474 2.665360 2.675348
v 0.620190 2.668927 2.640458
v 0.650343 2.668141 2.652948
v 0.675806 2.666561 2.672624
v 0.695358 2.665107 2.698568
v 0.708299 2.665941 2.728680
v 0.712267 2.666777 2.761049
v 0.707790 2.667494 2.793351
v 0.695864 2.667111 2.823537
v 0.676036 2.666256 2.849408
v 0.649921 2.665450 2.869237
v 0.619493 2.664393 2.881706
v 0.587144 2.664678 2.885963
v 0.555921 2.666240 2.881706
v 0.524682 2.665294 2.869226
v 0.499819 2.667959 2.849411
v 0.479221 2.668572 2.823457
v 0.466517 2.668646 2.793407
v 0.463707 2.671057 2.761083
v 0.466432 2.671982 2.728465
v 0.478838 2.672007 2.698601
v 0.499829 2.672054 2.672636
v 0.524740 2.668812 2.652861
v 0.554837 2.667526 2.640306
v 0.587693 2.668566 2.636096
v 0.568286 2.667615 2.625608
v 0.533918 2.668145 2.634908
v 0.504535 2.670795 2.652673
v 0.477565 2.672121 2.677944
v 0.460013 2.672547 2.708786
v 0.450598 2.670992 2.743097
v 0.450625 2.668827 2.778865
v 0.460567 2.668805 2.813334
v 0.478831 2.668846 2.844199
v 0.502964 2.666621 2.869425
v 0.536270 2.666509 2.887241
v 0.568846 2.665166 2.896471
v 0.604510 2.664820 2.896471
v 0.639465 2.665477 2.887222
v 0.671248 2.666576 2.869447
v 0.694566 2.666732 2.844226
v 0.712248 2.668170 2.813391
v 0.722083 2.667700 2.778862
v 0.722751 2.666265 2.743153
v 0.713555 2.665766 2.708794
v 0.694476 2.665796 2.677858
v 0.669320 2.667439 2.652640
v 0.640712 2.670137 2.634730
v 0.605765 2.669642 2.625473
v 0.603210 2.687813 2.705783
v 0.617005 2.687683 2.711497
v 0.628851 2.687571 2.720587
v 0.637941 2.687485 2.732434
v 0.643654 2.687430 2.746229
v 0.645603 2.687412 2.761033
v 0.643654 2.687430 2.775837
v 0.637941 2.687485 2.789633
v 0.628851 2.687571 2.801479
v 0.617005 2.687683 2.810569
v 0.603210 2.687813 2.816283
v 0.588407 2.687953 2.818232
v 0.573603 2.688094 2.816283
v 0.559808 2.688224 2.810569
v 0.547962 2.688336 2.801479
v 0.538873 2.688422 2.789633
v 0.533159 2.688477 2.775837
v 0.531210 2.688495 2.761033
v 0.533159 2.688477 2.746229
v 0.538873 2.688422 2.732434
v 0.547962 2.688336 2.720587
v 0.559808 2.688224 2.711498
v 0.573603 2.688094 2.705783
v 0.588407 2.687953 2.703834
v 0.579657 2.682706 2.694958
v 0.562853 2.682865 2.699461
v 0.547786 2.683007 2.708160
v 0.535485 2.683124 2.720462
v 0.526786 2.683206 2.735529
v 0.522284 2.683249 2.752334
v 0.522284 2.683249 2.769732
v 0.526786 2.683206 2.786537
v 0.535485 2.683124 2.801604
v 0.547786 2.683007 2.813907
v 0.562853 2.682865 2.822606
v 0.579657 2.682706 2.827108
v 0.597055 2.682541 2.827108
v 0.613859 2.682382 2.822606
v 0.628926 2.682239 2.813907
v 0.641227 2.682123 2.801604
v 0.649926 2.682040 2.786537
v 0.654428 2.681998 2.769732
v 0.654428 2.681998 2.752334
v 0.649926 2.682040 2.735529
v 0.641227 2.682123 2.720462
v 0.628926 2.682239 2.708159
v 0.613859 2.682382 2.699461
v 0.597055 2.682541 2.694958
v 0.607678 2.675682 2.688682
v 0.625742 2.675510 2.696164
v 0.641255 2.675364 2.708068
v 0.653158 2.675251 2.723581
v 0.660640 2.675180 2.741647
v 0.663193 2.675156 2.761033
v 0.660640 2.675180 2.780420
v 0.653158 2.675251 2.798485
v 0.641255 2.675364 2.813998
v 0.625742 2.675510 2.825902
v 0.607678 2.675682 2.833385
v 0.588292 2.675865 2.835937
v 0.568906 2.676049 2.833385
v 0.550842 2.676220 2.825902
v 0.535329 2.676367 2.813998
v 0.523426 2.676479 2.798485
v 0.515944 2.676550 2.780420
v 0.513392 2.676574 2.761033
v 0.515944 2.676550 2.741647
v 0.523426 2.676479 2.723581
v 0.535329 2.676367 2.708068
v 0.550842 2.676220 2.696165
v 0.568906 2.676049 2.688682
v 0.588292 2.675865 2.686129
v 0.598821 2.669742 2.680618
v 0.619273 2.669549 2.686098
v 0.637609 2.669375 2.696685
v 0.652581 2.669233 2.711657
v 0.663167 2.669133 2.729994
v 0.668647 2.669081 2.750446
v 0.668647 2.669081 2.771620
v 0.663167 2.669133 2.792072
v 0.652581 2.669233 2.810410
v 0.637609 2.669375 2.825382
v 0.619273 2.669549 2.835969
v 0.598821 2.669742 2.841449
v 0.577649 2.669943 2.841449
v 0.557197 2.670137 2.835969
v 0.538861 2.670310 2.825382
v 0.523889 2.670452 2.810410
v 0.513303 2.670552 2.792072
v 0.507823 2.670604 2.771620
v 0.507823 2.670604 2.750446
v 0.513303 2.670552 2.729994
v 0.523889 2.670452 2.711657
v 0.538861 2.670310 2.696685
v 0.557197 2.670137 2.686098
v 0.577649 2.669943 2.680618
v 0.611279 2.666185 2.674868
v 0.632819 2.665695 2.683782
v 0.651256 2.664682 2.697960
v 0.665427 2.664823 2.716436
v 0.674349 2.664996 2.737956
v 0.677397 2.665017 2.761019
v 0.674333 2.665335 2.784123
v 0.665422 2.665385 2.805608
v 0.651241 2.665067 2.824085
v 0.632770 2.664684 2.838259
v 0.611273 2.665072 2.847178
v 0.588195 2.665656 2.850242
v 0.565110 2.665543 2.847181
v 0.543610 2.665356 2.838248
v 0.525140 2.666616 2.824107
v 0.510959 2.666707 2.805607
v 0.502030 2.666332 2.784125
v 0.498989 2.666876 2.761038
v 0.501996 2.667262 2.737935
v 0.511013 2.667560 2.716493
v 0.525147 2.666781 2.697946
v 0.543620 2.666873 2.683834
v 0.565128 2.666272 2.674872
v 0.588190 2.665574 2.671824
v 0.600486 2.666363 2.667490
v 0.624324 2.666902 2.673875
v 0.645632 2.665195 2.686209
v 0.662996 2.665237 2.703624
v 0.675314 2.665815 2.724938
v 0.681709 2.665105 2.748745
v 0.681733 2.666461 2.773316
v 0.675290 2.666253 2.797071
v 0.662970 2.666459 2.818406
v 0.645571 2.666043 2.835835
v 0.624276 2.664749 2.848150
v 0.600501 2.665328 2.854527
v 0.575888 2.665927 2.854529
v 0.552105 2.665439 2.848154
v 0.530799 2.666057 2.835864
v 0.513396 2.667865 2.818431
v 0.501090 2.666579 2.797091
v 0.494788 2.667437 2.773339
v 0.494780 2.668585 2.748696
v 0.501083 2.669062 2.725060
v 0.513508 2.669311 2.703584
v 0.530744 2.667773 2.686292
v 0.552209 2.668006 2.673967
v 0.575907 2.666067 2.667502
v 0.584406 2.663909 2.536656
v 0.640957 2.663360 2.544617
v 0.695526 2.662848 2.566913
v 0.749286 2.662399 2.601556
v 0.776996 2.662072 2.649008
v 0.805338 2.661849 2.702741
v 0.812567 2.661778 2.761033
v 0.804745 2.661851 2.819277
v 0.781545 2.662065 2.873473
v 0.746070 2.662403 2.920098
v 0.696614 2.662847 2.955337
v 0.641473 2.663360 2.977537
v 0.582970 2.663909 2.985084
v 0.526314 2.664459 2.977758
v 0.473891 2.664973 2.955702
v 0.427592 2.665415 2.920055
v 0.390595 2.665750 2.873285
v 0.366565 2.665958 2.819022
v 0.361064 2.666036 2.761033
v 0.366565 2.665958 2.703044
v 0.394797 2.665759 2.648199
v 0.430227 2.665419 2.601534
v 0.470950 2.664970 2.567000
v 0.531601 2.664461 2.543282
v 0.596028 2.689895 2.703286
v 0.614565 2.668179 2.539893
v 0.604472 2.671670 2.637207
v 0.608494 2.671564 2.584536
v 0.592860 2.697245 2.727876
v 0.610822 2.669920 2.555989
v 0.653462 2.671937 2.596513
v 0.601292 2.697165 2.730136
v 0.662933 2.671112 2.569989
v 0.610714 2.689756 2.707222
v 0.669361 2.668020 2.554826
v 0.635983 2.671790 2.645749
v 0.720896 2.668125 2.583803
v 0.663255 2.669316 2.661891
v 0.694547 2.672516 2.619874
v 0.608852 2.697093 2.734501
v 0.709772 2.671473 2.597044
v 0.623882 2.689631 2.714824
v 0.615025 2.697035 2.740674
v 0.747814 2.669553 2.635245
v 0.634633 2.689529 2.725575
v 0.762002 2.667051 2.625202
v 0.686820 2.668081 2.684959
v 0.725921 2.669843 2.652627
v 0.750728 2.668499 2.692900
v 0.619391 2.696994 2.748235
v 0.774835 2.666921 2.681888
v 0.642235 2.689457 2.738744
v 0.789196 2.665399 2.675709
v 0.702588 2.667440 2.713208
v 0.646170 2.689420 2.753431
v 0.807516 2.666613 2.731933
v 0.711446 2.668551 2.744734
v 0.765732 2.669677 2.737756
v 0.621650 2.696972 2.756668
v 0.789599 2.667941 2.734050
v 0.621650 2.696972 2.765398
v 0.788840 2.671592 2.787935
v 0.646170 2.689420 2.768636
v 0.809420 2.668703 2.790167
v 0.710983 2.669407 2.777330
v 0.762531 2.672253 2.784343
v 0.702675 2.669767 2.808876
v 0.750865 2.674528 2.829071
v 0.619391 2.696994 2.773831
v 0.781983 2.674705 2.840131
v 0.642235 2.689457 2.783323
v 0.791626 2.669404 2.846668
v 0.634633 2.689529 2.796491
v 0.760485 2.667454 2.897009
v 0.686728 2.669214 2.837137
v 0.727143 2.672283 2.869409
v 0.615025 2.697035 2.781392
v 0.747833 2.670731 2.886870
v 0.698494 2.671046 2.902226
v 0.608852 2.697093 2.787565
v 0.711088 2.669848 2.925103
v 0.623882 2.689631 2.807243
v 0.719093 2.666916 2.938063
v 0.664763 2.669048 2.860160
v 0.635406 2.667545 2.876445
v 0.653103 2.667988 2.925508
v 0.601292 2.697165 2.791931
v 0.665194 2.668015 2.952055
v 0.610714 2.689755 2.814845
v 0.669712 2.666322 2.966969
v 0.610768 2.666697 2.966027
v 0.596028 2.689895 2.818780
v 0.617521 2.667397 2.982108
v 0.604019 2.667436 2.884893
v 0.607796 2.666747 2.937522
v 0.592860 2.697245 2.794190
v 0.561601 2.667281 2.937522
v 0.584130 2.697327 2.794190
v 0.558750 2.667722 2.966031
v 0.580823 2.690039 2.818780
v 0.559852 2.668079 2.982130
v 0.571267 2.667558 2.884893
v 0.499148 2.667586 2.966898
v 0.540173 2.668277 2.876452
v 0.518856 2.668407 2.925495
v 0.575697 2.697407 2.791931
v 0.505391 2.667907 2.952059
v 0.566137 2.690178 2.814845
v 0.457929 2.669403 2.925070
v 0.552969 2.690302 2.807243
v 0.450590 2.668947 2.937929
v 0.511529 2.668866 2.860168
v 0.478574 2.670511 2.902276
v 0.568137 2.697479 2.787565
v 0.445062 2.671969 2.869374
v 0.561964 2.697537 2.781392
v 0.421265 2.672087 2.886897
v 0.542218 2.690404 2.796491
v 0.411234 2.671069 2.896884
v 0.488791 2.671109 2.837084
v 0.380682 2.671043 2.846458
v 0.471810 2.670693 2.808827
v 0.420149 2.671473 2.829154
v 0.557599 2.697578 2.773831
v 0.396643 2.673082 2.840244
v 0.534616 2.690476 2.783323
v 0.383715 2.673442 2.787999
v 0.530681 2.690513 2.768636
v 0.365847 2.671513 2.790194
v 0.463652 2.671423 2.777465
v 0.408109 2.671742 2.784291
v 0.555339 2.697600 2.765398
v 0.409972 2.674670 2.737892
v 0.555339 2.697600 2.756668
v 0.379622 2.673861 2.734002
v 0.530681 2.690513 2.753431
v 0.364988 2.671813 2.731868
v 0.464177 2.674314 2.744473
v 0.377673 2.671487 2.675668
v 0.471714 2.674419 2.713237
v 0.421900 2.676269 2.692833
v 0.557599 2.697578 2.748235
v 0.392574 2.675101 2.681878
v 0.534616 2.690476 2.738744
v 0.561964 2.697537 2.740674
v 0.419793 2.675414 2.635067
v 0.542218 2.690404 2.725575
v 0.406924 2.671467 2.625077
v 0.488229 2.674794 2.685052
v 0.447874 2.677168 2.652660
v 0.479199 2.674379 2.619768
v 0.568137 2.697479 2.734501
v 0.457919 2.673572 2.596918
v 0.552969 2.690302 2.714824
v 0.447458 2.670431 2.583915
v 0.511642 2.672574 2.661876
v 0.566137 2.690178 2.707222
v 0.499987 2.668826 2.554993
v 0.539373 2.670344 2.645551
v 0.517437 2.670920 2.596574
v 0.575697 2.697407 2.730136
v 0.508220 2.671153 2.569942
v 0.584130 2.697327 2.727876
v 0.557890 2.669044 2.556052
v 0.580823 2.690039 2.703286
v 0.556467 2.668151 2.539950
v 0.570851 2.669794 2.637151
v 0.563687 2.670045 2.584531
v 0.576537 2.668133 2.672195
v 0.553975 2.668720 2.678324
v 0.533680 2.668882 2.690001
v 0.517222 2.669712 2.706517
v 0.505453 2.669428 2.726779
v 0.499393 2.669205 2.749329
v 0.499371 2.668809 2.772742
v 0.505425 2.668535 2.795314
v 0.517164 2.669072 2.815555
v 0.533680 2.668134 2.832116
v 0.553928 2.667774 2.843806
v 0.576520 2.667726 2.849867
v 0.599903 2.667138 2.849851
v 0.622493 2.666928 2.843800
v 0.642750 2.667564 2.832115
v 0.659267 2.667729 2.815552
v 0.670960 2.667528 2.795304
v 0.677033 2.667427 2.772718
v 0.677052 2.667021 2.749338
v 0.670988 2.667226 2.726747
v 0.659295 2.667020 2.706483
v 0.642775 2.667178 2.689943
v 0.622501 2.668028 2.678284
v 0.599898 2.667984 2.672193
v 0.566897 2.670538 2.613748
v 0.531084 2.671378 2.623823
v 0.497689 2.673992 2.643157
v 0.467752 2.674711 2.670818
v 0.450214 2.675864 2.704276
v 0.439502 2.674176 2.741643
v 0.438319 2.671315 2.780377
v 0.450389 2.671819 2.817949
v 0.468712 2.671426 2.851475
v 0.495189 2.669331 2.878917
v 0.530545 2.668277 2.898309
v 0.566211 2.667166 2.908349
v 0.604998 2.666784 2.908349
v 0.645344 2.668598 2.898291
v 0.677497 2.668993 2.878921
v 0.703482 2.669820 2.851482
v 0.725197 2.672329 2.817918
v 0.734089 2.671313 2.780526
v 0.734863 2.668749 2.741601
v 0.727015 2.669615 2.704187
v 0.703471 2.668675 2.670557
v 0.676088 2.670239 2.643175
v 0.642796 2.671340 2.623657
v 0.608061 2.671641 2.613621
v 0.578345 2.677708 2.685348
v 0.559096 2.677891 2.690506
v 0.541839 2.678054 2.700469
v 0.527748 2.678187 2.714561
v 0.517784 2.678282 2.731820
v 0.512626 2.678330 2.751069
v 0.512626 2.678330 2.770998
v 0.517784 2.678282 2.790247
v 0.527748 2.678187 2.807505
v 0.541839 2.678054 2.821597
v 0.559096 2.677891 2.831561
v 0.578345 2.677708 2.836719
v 0.598273 2.677520 2.836719
v 0.617521 2.677337 2.831561
v 0.634779 2.677174 2.821597
v 0.648870 2.677041 2.807505
v 0.658833 2.676946 2.790247
v 0.663991 2.676898 2.770998
v 0.663991 2.676898 2.751069
v 0.658833 2.676946 2.731820
v 0.648870 2.677041 2.714561
v 0.634779 2.677174 2.700469
v 0.617521 2.677337 2.690506
v 0.598273 2.677520 2.685348
v 0.599399 2.668389 2.676137
v 0.620990 2.668184 2.681922
v 0.640348 2.668001 2.693099
v 0.656154 2.667851 2.708906
v 0.667330 2.667746 2.728264
v 0.673115 2.667691 2.749856
v 0.673115 2.667691 2.772210
v 0.667330 2.667746 2.793802
v 0.656154 2.667851 2.813161
v 0.640348 2.668001 2.828967
v 0.620990 2.668184 2.840144
v 0.599399 2.668389 2.845929
v 0.577046 2.668600 2.845929
v 0.555455 2.668805 2.840144
v 0.536097 2.668988 2.828967
v 0.520291 2.669138 2.813161
v 0.509115 2.669244 2.793802
v 0.503330 2.669298 2.772210
v 0.503330 2.669298 2.749856
v 0.509115 2.669244 2.728264
v 0.520291 2.669138 2.708906
v 0.536097 2.668988 2.693099
v 0.555455 2.668805 2.681922
v 0.577046 2.668600 2.676137
v 0.601627 2.668876 2.659136
v 0.627609 2.669138 2.666012
v 0.650785 2.668136 2.679466
v 0.669764 2.668320 2.698479
v 0.683204 2.667830 2.721660
v 0.690141 2.667761 2.747664
v 0.690224 2.668507 2.774391
v 0.683267 2.669693 2.800336
v 0.669819 2.669271 2.823623
v 0.650777 2.668495 2.842626
v 0.627556 2.667355 2.856010
v 0.601628 2.667024 2.862958
v 0.574802 2.668343 2.862956
v 0.548868 2.667336 2.856012
v 0.525643 2.668119 2.842612
v 0.506636 2.670135 2.823611
v 0.493237 2.670013 2.800375
v 0.486418 2.671573 2.774497
v 0.486442 2.672080 2.747514
v 0.493127 2.672297 2.721768
v 0.506677 2.672403 2.698358
v 0.525560 2.670702 2.679457
v 0.548930 2.671454 2.665976
v 0.574834 2.669037 2.659089
v 0.595583 2.683823 2.706225
v 0.614813 2.658980 2.539882
v 0.604753 2.655527 2.637211
v 0.610016 2.655723 2.584536
v 0.592609 2.690627 2.729308
v 0.611412 2.657194 2.555992
v 0.652584 2.654502 2.596509
v 0.600677 2.690551 2.731470
v 0.667220 2.654740 2.569939
v 0.609522 2.683691 2.709960
v 0.670075 2.657957 2.554770
v 0.636236 2.654650 2.645676
v 0.720795 2.657220 2.583867
v 0.663163 2.656996 2.661929
v 0.694032 2.653582 2.619809
v 0.607911 2.690482 2.735646
v 0.709526 2.653982 2.597005
v 0.622019 2.683572 2.717176
v 0.613818 2.690426 2.741553
v 0.749146 2.654872 2.635194
v 0.632223 2.683476 2.727380
v 0.763509 2.657082 2.625206
v 0.686360 2.658026 2.684977
v 0.730149 2.654835 2.652607
v 0.752661 2.656313 2.692886
v 0.617994 2.690387 2.748787
v 0.776001 2.657009 2.681889
v 0.639439 2.683407 2.739878
v 0.789121 2.658581 2.675722
v 0.702983 2.657987 2.713190
v 0.643174 2.683372 2.753818
v 0.807274 2.657318 2.731916
v 0.710979 2.657306 2.744746
v 0.763574 2.655395 2.737805
v 0.620156 2.690366 2.756856
v 0.788649 2.656193 2.734046
v 0.620156 2.690366 2.765210
v 0.788549 2.652153 2.787995
v 0.643174 2.683372 2.768249
v 0.810396 2.654943 2.790203
v 0.711065 2.656299 2.777338
v 0.765644 2.651640 2.784292
v 0.702557 2.656097 2.808873
v 0.751474 2.651111 2.829144
v 0.617994 2.690387 2.773279
v 0.777836 2.650128 2.840075
v 0.639439 2.683407 2.782188
v 0.798322 2.654206 2.846604
v 0.632223 2.683476 2.794686
v 0.760256 2.657301 2.896911
v 0.686866 2.656484 2.837117
v 0.728902 2.653037 2.869471
v 0.613818 2.690426 2.780513
v 0.747740 2.654225 2.886876
v 0.694970 2.655549 2.902250
v 0.607911 2.690482 2.786420
v 0.711905 2.655559 2.925085
v 0.622019 2.683572 2.804890
v 0.721975 2.657875 2.938137
v 0.663896 2.657713 2.860165
v 0.635242 2.659565 2.876451
v 0.653566 2.658664 2.925517
v 0.600677 2.690551 2.790596
v 0.665795 2.658283 2.952075
v 0.609522 2.683691 2.812106
v 0.669395 2.660015 2.966937
v 0.610710 2.660610 2.966027
v 0.595583 2.683823 2.815841
v 0.616467 2.660088 2.982070
v 0.604315 2.659754 2.884892
v 0.607738 2.660631 2.937522
v 0.592609 2.690627 2.792758
v 0.561459 2.660980 2.937522
v 0.584256 2.690706 2.792758
v 0.558275 2.660710 2.966030
v 0.581153 2.683959 2.815841
v 0.557841 2.660755 2.982050
v 0.571091 2.660676 2.884892
v 0.498386 2.662045 2.966866
v 0.540053 2.660425 2.876451
v 0.519789 2.660409 2.925495
v 0.576187 2.690782 2.790596
v 0.504613 2.661615 2.952057
v 0.567214 2.684091 2.812106
v 0.457856 2.660929 2.925088
v 0.554717 2.684209 2.804890
v 0.449804 2.661544 2.937910
v 0.511059 2.660853 2.860152
v 0.479829 2.659152 2.902279
v 0.568953 2.690851 2.786420
v 0.446945 2.658029 2.869426
v 0.563046 2.690907 2.780513
v 0.422001 2.658959 2.886869
v 0.544512 2.684306 2.794686
v 0.409033 2.660379 2.896915
v 0.488138 2.659451 2.837082
v 0.378465 2.661114 2.846452
v 0.471652 2.659425 2.808902
v 0.421004 2.659691 2.829120
v 0.558870 2.690946 2.773279
v 0.396070 2.657894 2.840230
v 0.537297 2.684374 2.782188
v 0.384848 2.657856 2.787988
v 0.533562 2.684410 2.768249
v 0.366396 2.660545 2.790191
v 0.464058 2.658091 2.777361
v 0.408927 2.659328 2.784282
v 0.556708 2.690967 2.765210
v 0.410062 2.656554 2.737851
v 0.556708 2.690967 2.756856
v 0.378471 2.657988 2.733986
v 0.533562 2.684410 2.753818
v 0.364317 2.660417 2.731886
v 0.464126 2.655891 2.744589
v 0.376895 2.660316 2.675654
v 0.471544 2.655809 2.713201
v 0.423739 2.654783 2.692898
v 0.558870 2.690946 2.748787
v 0.395353 2.656094 2.681897
v 0.537297 2.684374 2.739878
v 0.563046 2.690907 2.741553
v 0.419593 2.655400 2.635048
v 0.544512 2.684306 2.727380
v 0.406043 2.659779 2.625113
v 0.488761 2.655263 2.685004
v 0.446458 2.653774 2.652608
v 0.477488 2.656130 2.619835
v 0.568953 2.690851 2.735646
v 0.460402 2.656176 2.596905
v 0.554717 2.684209 2.717176
v 0.447354 2.659949 2.583911
v 0.511593 2.656872 2.661826
v 0.567214 2.684091 2.709960
v 0.501179 2.660297 2.554906
v 0.539482 2.658378 2.645583
v 0.516390 2.658619 2.596580
v 0.576187 2.690782 2.731470
v 0.511927 2.657412 2.569960
v 0.584256 2.690706 2.729308
v 0.559522 2.658983 2.556051
v 0.581153 2.683959 2.706225
v 0.559671 2.659688 2.539863
v 0.570711 2.658333 2.637160
v 0.563229 2.658129 2.584522
v 0.576625 2.660192 2.673504
v 0.554406 2.660081 2.679553
v 0.534427 2.660313 2.691070
v 0.518285 2.659712 2.707395
v 0.506716 2.659980 2.727348
v 0.500663 2.660572 2.749520
v 0.500636 2.660865 2.772552
v 0.506589 2.660843 2.794801
v 0.518188 2.660186 2.814710
v 0.534395 2.660904 2.831092
v 0.554345 2.660996 2.842644
v 0.576621 2.660205 2.848557
v 0.599678 2.660558 2.848612
v 0.621945 2.660198 2.842629
v 0.641896 2.659884 2.831090
v 0.658125 2.659212 2.814745
v 0.669656 2.659143 2.794791
v 0.675543 2.658576 2.772536
v 0.675679 2.659479 2.749518
v 0.669675 2.659352 2.727257
v 0.658159 2.659383 2.707300
v 0.641907 2.659807 2.690981
v 0.621884 2.659258 2.679578
v 0.599635 2.659713 2.673560
v 0.566135 2.658216 2.613751
v 0.530583 2.657604 2.623779
v 0.496273 2.656124 2.643222
v 0.467583 2.655564 2.670742
v 0.448411 2.655246 2.704233
v 0.441188 2.656103 2.741621
v 0.438205 2.659396 2.780437
v 0.448985 2.658835 2.817845
v 0.470996 2.658648 2.851484
v 0.495105 2.660268 2.878897
v 0.530161 2.660759 2.898309
v 0.566437 2.660942 2.908349
v 0.605778 2.660293 2.908349
v 0.644638 2.658542 2.898285
v 0.676283 2.657588 2.878886
v 0.703315 2.655967 2.851465
v 0.725033 2.653446 2.817934
v 0.733913 2.654071 2.780491
v 0.733440 2.656717 2.741586
v 0.725110 2.656306 2.704181
v 0.704809 2.656352 2.670619
v 0.676702 2.655627 2.643184
v 0.643195 2.655149 2.623652
v 0.605717 2.656064 2.613608
v 0.578847 2.672384 2.689543
v 0.560666 2.672556 2.694415
v 0.544365 2.672710 2.703827
v 0.531055 2.672836 2.717138
v 0.521643 2.672925 2.733439
v 0.516771 2.672971 2.751621
v 0.516771 2.672971 2.770445
v 0.521643 2.672925 2.788627
v 0.531055 2.672836 2.804929
v 0.544365 2.672710 2.818239
v 0.560666 2.672556 2.827651
v 0.578847 2.672384 2.832523
v 0.597670 2.672205 2.832523
v 0.615851 2.672033 2.827651
v 0.632152 2.671879 2.818239
v 0.645462 2.671753 2.804929
v 0.654873 2.671664 2.788627
v 0.659745 2.671618 2.770445
v 0.659745 2.671618 2.751621
v 0.654873 2.671664 2.733439
v 0.645462 2.671753 2.717138
v 0.632152 2.671879 2.703827
v 0.615851 2.672033 2.694415
v 0.597670 2.672205 2.689543
v 0.598888 2.662699 2.679605
v 0.619597 2.662503 2.685154
v 0.638164 2.662327 2.695874
v 0.653325 2.662184 2.711035
v 0.664044 2.662082 2.729603
v 0.669593 2.662030 2.750313
v 0.669593 2.662030 2.771754
v 0.664044 2.662082 2.792464
v 0.653325 2.662184 2.811032
v 0.638164 2.662327 2.826192
v 0.619597 2.662503 2.836912
v 0.598888 2.662699 2.842462
v 0.577449 2.662902 2.842462
v 0.556740 2.663098 2.836912
v 0.538172 2.663274 2.826192
v 0.523012 2.663417 2.811032
v 0.512292 2.663519 2.792464
v 0.506743 2.663571 2.771754
v 0.506744 2.663571 2.750313
v 0.512292 2.663519 2.729603
v 0.523012 2.663417 2.711035
v 0.538172 2.663274 2.695874
v 0.556740 2.663098 2.685154
v 0.577449 2.662902 2.679605
v 0.601499 2.658443 2.659190
v 0.627451 2.656854 2.666110
v 0.650699 2.658454 2.679530
v 0.669644 2.658363 2.698478
v 0.683048 2.657989 2.721673
v 0.689981 2.658230 2.747685
v 0.690037 2.657152 2.774441
v 0.683076 2.657247 2.800313
v 0.669653 2.657669 2.823563
v 0.650634 2.658298 2.842554
v 0.627461 2.659506 2.855951
v 0.601556 2.660329 2.862897
v 0.574731 2.660049 2.862896
v 0.548833 2.661229 2.855956
v 0.525608 2.660969 2.842563
v 0.506578 2.658938 2.823611
v 0.493221 2.659514 2.800352
v 0.486329 2.658209 2.774403
v 0.486431 2.657413 2.747617
v 0.493035 2.656979 2.721793
v 0.506608 2.656782 2.698409
v 0.525533 2.658062 2.679519
v 0.548815 2.657263 2.666070
v 0.574747 2.659028 2.659172
v 0.617814 2.663627 2.534668
v 0.669925 2.663086 2.551097
v 0.722200 2.662598 2.580606
v 0.767522 2.662196 2.622182
v 0.792897 2.661922 2.674075
v 0.813254 2.661767 2.731255
v 0.814721 2.661765 2.790850
v 0.799958 2.661910 2.848506
v 0.763568 2.662202 2.899386
v 0.722984 2.662597 2.941567
v 0.671904 2.663084 2.971341
v 0.620845 2.663626 2.987975
v 0.557468 2.664191 2.987348
v 0.497747 2.664734 2.971356
v 0.448188 2.665224 2.942060
v 0.407511 2.665625 2.900107
v 0.373802 2.665898 2.848068
v 0.360914 2.666051 2.790826
v 0.360340 2.666049 2.731272
v 0.373660 2.665898 2.673998
v 0.402703 2.665616 2.622703
v 0.444646 2.665219 2.580757
v 0.497667 2.664734 2.550723
v 0.557669 2.664191 2.534745
v 0.595731 2.685847 2.705246
v 0.613627 2.661274 2.541616
v 0.604908 2.657681 2.637225
v 0.610473 2.657923 2.584547
v 0.592692 2.692833 2.728831
v 0.611149 2.659633 2.556062
v 0.652610 2.656744 2.596508
v 0.600882 2.692755 2.731025
v 0.665148 2.657352 2.570021
v 0.609919 2.685713 2.709048
v 0.668649 2.660207 2.556508
v 0.636289 2.657019 2.645710
v 0.718051 2.659394 2.585351
v 0.663164 2.659306 2.661905
v 0.694199 2.655572 2.619828
v 0.608225 2.692686 2.735265
v 0.709466 2.656262 2.597087
v 0.622640 2.685592 2.716393
v 0.614220 2.692629 2.741261
v 0.749731 2.657002 2.635246
v 0.633026 2.685494 2.726779
v 0.762159 2.659338 2.626301
v 0.686401 2.660286 2.684964
v 0.729290 2.657058 2.652612
v 0.752502 2.658462 2.692881
v 0.618460 2.692589 2.748604
v 0.776474 2.659332 2.681916
v 0.640370 2.685424 2.739500
v 0.787572 2.660764 2.676370
v 0.702796 2.660426 2.713190
v 0.644172 2.685389 2.753689
v 0.805098 2.659525 2.732159
v 0.711066 2.659365 2.744736
v 0.764098 2.657538 2.737799
v 0.620654 2.692568 2.756794
v 0.788728 2.658307 2.734053
v 0.620654 2.692568 2.765272
v 0.789542 2.654436 2.787973
v 0.644172 2.685389 2.768378
v 0.807333 2.657444 2.789906
v 0.710890 2.658500 2.777344
v 0.766509 2.654121 2.784323
v 0.702573 2.658312 2.808876
v 0.751260 2.653292 2.829096
v 0.618460 2.692589 2.773463
v 0.777442 2.652119 2.840069
v 0.640370 2.685424 2.782566
v 0.795786 2.656383 2.845857
v 0.633026 2.685494 2.795287
v 0.758907 2.659333 2.895857
v 0.687121 2.658667 2.837136
v 0.729360 2.655132 2.869455
v 0.614220 2.692629 2.780806
v 0.747799 2.656419 2.886828
v 0.696283 2.657431 2.902238
v 0.608225 2.692686 2.786801
v 0.712158 2.657875 2.925046
v 0.622640 2.685592 2.805674
v 0.721317 2.660049 2.936723
v 0.664227 2.659894 2.860173
v 0.635272 2.661842 2.876447
v 0.653898 2.660864 2.925512
v 0.600882 2.692755 2.791041
v 0.666530 2.660414 2.952008
v 0.609919 2.685713 2.813018
v 0.667867 2.662368 2.965391
v 0.610722 2.662900 2.965959
v 0.595731 2.685847 2.816820
v 0.616006 2.662323 2.980375
v 0.604220 2.662091 2.884893
v 0.607760 2.662920 2.937522
v 0.592692 2.692833 2.793235
v 0.561292 2.663360 2.937522
v 0.584214 2.692914 2.793235
v 0.559288 2.662740 2.965963
v 0.581043 2.685986 2.816820
v 0.556918 2.663197 2.980342
v 0.571025 2.663079 2.884893
v 0.499123 2.664196 2.965353
v 0.540080 2.662762 2.876452
v 0.519851 2.662681 2.925495
v 0.576024 2.692991 2.791041
v 0.504650 2.663886 2.951993
v 0.566855 2.686121 2.813018
v 0.457916 2.663166 2.925035
v 0.554135 2.686241 2.805674
v 0.451087 2.663783 2.936543
v 0.511081 2.663090 2.860157
v 0.480273 2.661435 2.902275
v 0.568682 2.693060 2.786801
v 0.446895 2.660575 2.869387
v 0.562687 2.693117 2.780806
v 0.421203 2.661278 2.886842
v 0.543749 2.686339 2.795287
v 0.411905 2.662530 2.895807
v 0.488191 2.661677 2.837072
v 0.380206 2.663229 2.845757
v 0.471689 2.661669 2.808890
v 0.420372 2.661949 2.829129
v 0.558447 2.693157 2.773463
v 0.397591 2.660211 2.840194
v 0.536405 2.686409 2.782566
v 0.385698 2.660360 2.787982
v 0.532603 2.686445 2.768378
v 0.369250 2.662612 2.789940
v 0.464147 2.660539 2.777381
v 0.408500 2.661616 2.784286
v 0.556253 2.693178 2.765272
v 0.410076 2.658700 2.737868
v 0.556253 2.693178 2.756794
v 0.378620 2.660218 2.734000
v 0.532603 2.686445 2.753689
v 0.365824 2.662446 2.732134
v 0.464239 2.658232 2.744561
v 0.378645 2.662423 2.676378
v 0.471556 2.658012 2.713220
v 0.423231 2.657132 2.692862
v 0.558447 2.693157 2.748604
v 0.394944 2.658286 2.681913
v 0.536405 2.686409 2.739500
v 0.562687 2.693117 2.741261
v 0.419697 2.657589 2.635082
v 0.543749 2.686339 2.726779
v 0.407595 2.661884 2.626284
v 0.488612 2.657489 2.685036
v 0.447234 2.655855 2.652617
v 0.477511 2.657997 2.619811
v 0.568682 2.693060 2.735265
v 0.459685 2.658677 2.596963
v 0.554135 2.686241 2.716393
v 0.448504 2.662108 2.585378
v 0.511603 2.659267 2.661837
v 0.566855 2.686121 2.709048
v 0.502314 2.662517 2.556563
v 0.539397 2.660680 2.645566
v 0.516657 2.660855 2.596586
v 0.576024 2.692991 2.731025
v 0.512247 2.659705 2.570015
v 0.584214 2.692913 2.728831
v 0.558536 2.661461 2.556125
v 0.581043 2.685986 2.705246
v 0.559099 2.661965 2.541629
v 0.570748 2.660620 2.637158
v 0.563363 2.660316 2.584519
v 0.576591 2.662438 2.673080
v 0.554273 2.662294 2.679168
v 0.534191 2.662499 2.690748
v 0.517968 2.661857 2.707138
v 0.506332 2.662277 2.727177
v 0.500278 2.662781 2.749457
v 0.500228 2.663125 2.772614
v 0.506215 2.663108 2.794966
v 0.517871 2.662376 2.814967
v 0.534164 2.663063 2.831422
v 0.554209 2.663122 2.843023
v 0.576586 2.662513 2.848986
v 0.599753 2.662799 2.849028
v 0.622132 2.662537 2.843027
v 0.642152 2.661836 2.831402
v 0.658463 2.661299 2.814990
v 0.670055 2.661284 2.794945
v 0.675990 2.660770 2.772593
v 0.676114 2.661618 2.749462
v 0.670084 2.661534 2.727095
v 0.658531 2.661729 2.707032
v 0.642190 2.662078 2.690644
v 0.622065 2.661471 2.679187
v 0.599716 2.661983 2.673123
v 0.566156 2.660502 2.613747
v 0.530455 2.659932 2.623797
v 0.496155 2.658260 2.643197
v 0.467580 2.657767 2.670762
v 0.448475 2.657196 2.704235
v 0.441104 2.658561 2.741672
v 0.438233 2.661644 2.780397
v 0.449389 2.660998 2.817879
v 0.469525 2.661103 2.851480
v 0.495480 2.662516 2.878908
v 0.530289 2.662928 2.898309
v 0.566524 2.663154 2.908349
v 0.605511 2.662695 2.908349
v 0.644539 2.660664 2.898292
v 0.676655 2.659823 2.878897
v 0.703329 2.658180 2.851457
v 0.724445 2.655782 2.817930
v 0.733985 2.656130 2.780505
v 0.733395 2.658916 2.741583
v 0.725749 2.658469 2.704197
v 0.704810 2.658958 2.670597
v 0.676367 2.658091 2.643181
v 0.643050 2.657467 2.623678
v 0.605501 2.658268 2.613579
v 0.578681 2.674170 2.688157
v 0.560147 2.674346 2.693123
v 0.543530 2.674503 2.702718
v 0.529962 2.674632 2.716286
v 0.520369 2.674723 2.732904
v 0.515402 2.674770 2.751439
v 0.515402 2.674770 2.770627
v 0.520369 2.674723 2.789162
v 0.529962 2.674632 2.805780
v 0.543530 2.674503 2.819349
v 0.560147 2.674346 2.828943
v 0.578681 2.674170 2.833909
v 0.597869 2.673989 2.833909
v 0.616403 2.673813 2.828943
v 0.633021 2.673656 2.819349
v 0.646588 2.673527 2.805780
v 0.656182 2.673437 2.789162
v 0.661148 2.673390 2.770627
v 0.661148 2.673390 2.751439
v 0.656182 2.673437 2.732904
v 0.646588 2.673527 2.716286
v 0.633021 2.673656 2.702718
v 0.616403 2.673813 2.693123
v 0.597869 2.673989 2.688157
v 0.599056 2.664610 2.678467
v 0.620055 2.664411 2.684094
v 0.638881 2.664233 2.694963
v 0.654253 2.664087 2.710336
v 0.665123 2.663984 2.729164
v 0.670749 2.663931 2.750163
v 0.670749 2.663931 2.771903
v 0.665123 2.663984 2.792902
v 0.654253 2.664087 2.811730
v 0.638881 2.664233 2.827103
v 0.620055 2.664411 2.837972
v 0.599056 2.664610 2.843600
v 0.577317 2.664816 2.843600
v 0.556319 2.665015 2.837972
v 0.537492 2.665193 2.827103
v 0.522120 2.665339 2.811730
v 0.511250 2.665441 2.792902
v 0.505624 2.665494 2.771903
v 0.505624 2.665494 2.750163
v 0.511250 2.665441 2.729164
v 0.522120 2.665339 2.710336
v 0.537492 2.665193 2.694963
v 0.556319 2.665015 2.684094
v 0.577317 2.664816 2.678467
v 0.601529 2.660790 2.659177
v 0.627491 2.659459 2.666046
v 0.650731 2.660755 2.679502
v 0.669681 2.660623 2.698476
v 0.683102 2.660219 2.721664
v 0.690035 2.660430 2.747672
v 0.690103 2.659482 2.774443
v 0.683124 2.659255 2.800291
v 0.669686 2.659481 2.823589
v 0.650671 2.660301 2.842581
v 0.627494 2.661998 2.855979
v 0.601583 2.662852 2.862925
v 0.574748 2.662199 2.862923
v 0.548845 2.663515 2.855981
v 0.525615 2.663223 2.842588
v 0.506565 2.661415 2.823622
v 0.493202 2.661813 2.800376
v 0.486319 2.660629 2.774428
v 0.486392 2.659842 2.747567
v 0.493009 2.659366 2.721796
v 0.506607 2.659016 2.698388
v 0.525511 2.660345 2.679479
v 0.548826 2.659499 2.666022
v 0.574764 2.661225 2.659141
v 0.595879 2.687872 2.704268
v 0.614196 2.665974 2.541613
v 0.604850 2.669440 2.637213
v 0.609332 2.669428 2.584531
v 0.592776 2.695039 2.728355
v 0.610790 2.667658 2.556057
v 0.653380 2.669659 2.596514
v 0.601087 2.694961 2.730582
v 0.662884 2.668857 2.570046
v 0.610316 2.687735 2.708136
v 0.667959 2.665872 2.556520
v 0.636080 2.669657 2.645752
v 0.719369 2.665967 2.585295
v 0.663233 2.667055 2.661893
v 0.695601 2.670412 2.619844
v 0.608538 2.694890 2.734884
v 0.709554 2.669179 2.597123
v 0.623260 2.687613 2.715609
v 0.614622 2.694832 2.740968
v 0.747869 2.667592 2.635271
v 0.633828 2.687513 2.726178
v 0.760985 2.665019 2.626292
v 0.686510 2.665680 2.684958
v 0.726415 2.667846 2.652615
v 0.751788 2.666268 2.692893
v 0.618925 2.694792 2.748420
v 0.774759 2.664578 2.681919
v 0.641301 2.687442 2.739122
v 0.787599 2.663193 2.676367
v 0.702576 2.665108 2.713200
v 0.645169 2.687405 2.753560
v 0.804581 2.664054 2.732167
v 0.711318 2.666131 2.744735
v 0.765823 2.667091 2.737776
v 0.621151 2.694771 2.756731
v 0.788837 2.665555 2.734045
v 0.621151 2.694771 2.765335
v 0.788756 2.669408 2.787956
v 0.645169 2.687405 2.768507
v 0.806277 2.666231 2.789899
v 0.710960 2.667032 2.777331
v 0.762191 2.670263 2.784354
v 0.702653 2.667374 2.808884
v 0.751843 2.671741 2.829060
v 0.618925 2.694792 2.773647
v 0.782424 2.672287 2.840084
v 0.641301 2.687442 2.782944
v 0.790898 2.667589 2.845889
v 0.633828 2.687513 2.795888
v 0.760127 2.665333 2.895873
v 0.686747 2.667196 2.837142
v 0.728906 2.670057 2.869438
v 0.614622 2.694832 2.781098
v 0.747801 2.668354 2.886838
v 0.698447 2.668577 2.902231
v 0.608538 2.694890 2.787183
v 0.711249 2.667416 2.925049
v 0.623260 2.687613 2.806457
v 0.718608 2.665138 2.936712
v 0.664453 2.666598 2.860173
v 0.635317 2.665122 2.876446
v 0.653972 2.665678 2.925509
v 0.601087 2.694961 2.791485
v 0.665708 2.665882 2.952007
v 0.610316 2.687735 2.813931
v 0.668028 2.663890 2.965396
v 0.610736 2.664407 2.965959
v 0.595879 2.687872 2.817799
v 0.615657 2.664847 2.980365
v 0.604166 2.665343 2.884893
v 0.607774 2.664458 2.937522
v 0.592776 2.695039 2.793712
v 0.561306 2.664898 2.937522
v 0.584172 2.695121 2.793712
v 0.559193 2.665583 2.965963
v 0.580933 2.688013 2.817799
v 0.558353 2.665408 2.980366
v 0.571072 2.665086 2.884893
v 0.498710 2.665096 2.965342
v 0.540080 2.665929 2.876452
v 0.519338 2.666287 2.925495
v 0.575861 2.695199 2.791485
v 0.504665 2.665431 2.951993
v 0.566496 2.688150 2.813931
v 0.457951 2.667067 2.925025
v 0.553553 2.688272 2.806457
v 0.450745 2.666612 2.936545
v 0.511112 2.666202 2.860161
v 0.478982 2.668285 2.902275
v 0.568410 2.695270 2.787183
v 0.443754 2.669707 2.869388
v 0.562326 2.695327 2.781098
v 0.421119 2.669489 2.886831
v 0.542985 2.688373 2.795888
v 0.411816 2.668524 2.895763
v 0.488830 2.668537 2.837075
v 0.381497 2.668604 2.845762
v 0.471783 2.668364 2.808850
v 0.420748 2.669123 2.829142
v 0.558024 2.695368 2.773647
v 0.396519 2.671023 2.840210
v 0.535512 2.688443 2.782944
v 0.383769 2.671013 2.787976
v 0.531643 2.688480 2.768507
v 0.369348 2.669454 2.789944
v 0.463519 2.669502 2.777425
v 0.408105 2.669461 2.784287
v 0.555797 2.695389 2.765335
v 0.410369 2.672338 2.737890
v 0.555797 2.695389 2.756731
v 0.378708 2.671520 2.734021
v 0.531643 2.688480 2.753560
v 0.366805 2.669674 2.732125
v 0.464123 2.672128 2.744515
v 0.378678 2.669278 2.676373
v 0.471686 2.672049 2.713239
v 0.422001 2.673971 2.692840
v 0.558024 2.695368 2.748420
v 0.392618 2.672991 2.681902
v 0.535512 2.688443 2.739122
v 0.562326 2.695327 2.740968
v 0.420528 2.673252 2.635082
v 0.542985 2.688373 2.726178
v 0.407701 2.669268 2.626250
v 0.488671 2.672249 2.685050
v 0.448481 2.674822 2.652647
v 0.478833 2.671959 2.619785
v 0.568410 2.695270 2.734884
v 0.458013 2.671336 2.596970
v 0.553553 2.688272 2.715609
v 0.448556 2.668258 2.585370
v 0.511717 2.669970 2.661867
v 0.566496 2.688150 2.708136
v 0.500336 2.666849 2.556590
v 0.539353 2.668014 2.645561
v 0.518050 2.668575 2.596579
v 0.575861 2.695199 2.730582
v 0.508849 2.669441 2.570004
v 0.584172 2.695121 2.728355
v 0.557525 2.666725 2.556122
v 0.580933 2.688013 2.704268
v 0.558386 2.666347 2.541626
v 0.570817 2.667508 2.637153
v 0.563058 2.667981 2.584523
v 0.576561 2.665894 2.672578
v 0.554101 2.666401 2.678672
v 0.533890 2.666645 2.690303
v 0.517500 2.667531 2.706737
v 0.505793 2.667218 2.726936
v 0.499749 2.667005 2.749380
v 0.499751 2.666611 2.772684
v 0.505786 2.666337 2.795156
v 0.517448 2.666996 2.815323
v 0.533906 2.666010 2.831796
v 0.554065 2.665586 2.843426
v 0.576551 2.665526 2.849462
v 0.599827 2.664939 2.849437
v 0.622313 2.664757 2.843415
v 0.642489 2.665296 2.831800
v 0.658946 2.665545 2.815325
v 0.670580 2.665197 2.795153
v 0.676630 2.665479 2.772668
v 0.676627 2.664800 2.749396
v 0.670590 2.665004 2.726900
v 0.658952 2.664869 2.706730
v 0.642506 2.664970 2.690266
v 0.622335 2.665925 2.678640
v 0.599824 2.665802 2.672590
v 0.567442 2.667874 2.613742
v 0.530479 2.669121 2.623799
v 0.497678 2.671468 2.643174
v 0.467713 2.672340 2.670785
v 0.450023 2.673504 2.704258
v 0.439600 2.672000 2.741672
v 0.438291 2.668989 2.780376
v 0.450004 2.669286 2.817923
v 0.468622 2.668988 2.851476
v 0.495197 2.667097 2.878916
v 0.530341 2.665978 2.898309
v 0.566360 2.664939 2.908349
v 0.605066 2.664494 2.908349
v 0.644760 2.666155 2.898288
v 0.677386 2.666464 2.878908
v 0.703433 2.667458 2.851467
v 0.724533 2.669674 2.817937
v 0.734484 2.669050 2.780520
v 0.734051 2.666219 2.741590
v 0.727327 2.666990 2.704190
v 0.703423 2.666365 2.670572
v 0.676063 2.667939 2.643184
v 0.642644 2.669205 2.623646
v 0.607367 2.669174 2.613600
v 0.578516 2.675958 2.686771
v 0.559629 2.676136 2.691832
v 0.542696 2.676297 2.701609
v 0.528870 2.676428 2.715435
v 0.519094 2.676520 2.732369
v 0.514033 2.676568 2.751256
v 0.514033 2.676568 2.770810
v 0.519094 2.676520 2.789697
v 0.528870 2.676428 2.806631
v 0.542696 2.676297 2.820458
v 0.559629 2.676136 2.830235
v 0.578516 2.675958 2.835295
v 0.598068 2.675772 2.835295
v 0.616955 2.675594 2.830235
v 0.633888 2.675433 2.820458
v 0.647714 2.675302 2.806631
v 0.657490 2.675210 2.789697
v 0.662551 2.675162 2.770810
v 0.662551 2.675162 2.751256
v 0.657490 2.675210 2.732369
v 0.647714 2.675302 2.715435
v 0.633888 2.675433 2.701608
v 0.616955 2.675594 2.691832
v 0.598068 2.675772 2.686771
v 0.599224 2.666521 2.677329
v 0.620512 2.666320 2.683033
v 0.639598 2.666139 2.694053
v 0.655182 2.665991 2.709637
v 0.666201 2.665887 2.728724
v 0.671905 2.665833 2.750013
v 0.671905 2.665833 2.772053
v 0.666201 2.665887 2.793342
v 0.655182 2.665991 2.812429
v 0.639598 2.666139 2.828013
v 0.620512 2.666320 2.839033
v 0.599224 2.666521 2.844737
v 0.577185 2.666730 2.844737
v 0.555897 2.666931 2.839033
v 0.536811 2.667112 2.828013
v 0.521228 2.667259 2.812429
v 0.510208 2.667364 2.793342
v 0.504505 2.667418 2.772053
v 0.504505 2.667418 2.750013
v 0.510208 2.667364 2.728724
v 0.521228 2.667259 2.709637
v 0.536811 2.667112 2.694053
v 0.555897 2.666931 2.683033
v 0.577185 2.666730 2.677329
v 0.601603 2.666755 2.659146
v 0.627586 2.667246 2.666016
v 0.650774 2.665870 2.679477
v 0.669740 2.666076 2.698473
v 0.683188 2.665880 2.721658
v 0.690116 2.665638 2.747668
v 0.690209 2.666506 2.774416
v 0.683241 2.667152 2.800308
v 0.669780 2.666875 2.823612
v 0.650749 2.666371 2.842615
v 0.627534 2.665212 2.856004
v 0.601606 2.664807 2.862951
v 0.574780 2.666039 2.862951
v 0.548849 2.665051 2.856005
v 0.525624 2.665803 2.842609
v 0.506601 2.667865 2.823632
v 0.493217 2.668017 2.800381
v 0.486387 2.669177 2.774465
v 0.486454 2.669896 2.747542
v 0.493095 2.670225 2.721773
v 0.506666 2.670446 2.698356
v 0.525554 2.668683 2.679461
v 0.548906 2.669140 2.665976
v 0.574812 2.666713 2.659112
v 0.615438 2.663631 2.538258
v 0.669389 2.663097 2.553961
v 0.719926 2.662617 2.583198
v 0.764139 2.662221 2.624269
v 0.789955 2.661949 2.675294
v 0.809908 2.661798 2.731681
v 0.812187 2.661793 2.790449
v 0.797495 2.661937 2.847318
v 0.761670 2.662225 2.897523
v 0.721911 2.662615 2.939173
v 0.669027 2.663097 2.968100
v 0.618199 2.663630 2.984376
v 0.558184 2.664187 2.984096
v 0.497280 2.664721 2.968028
v 0.449861 2.665205 2.939398
v 0.409344 2.665600 2.898055
v 0.377764 2.665873 2.846961
v 0.365855 2.666026 2.790474
v 0.363892 2.666020 2.731678
v 0.375987 2.665869 2.675294
v 0.405230 2.665592 2.624642
v 0.446585 2.665200 2.583284
v 0.499454 2.664723 2.553517
v 0.557444 2.664187 2.537997
vn 0.0078 0.8240 -0.5666
vn 0.0086 0.9096 -0.4155
vn 0.0629 0.9089 -0.4123
vn 0.0817 0.8233 -0.5617
vn 0.0091 0.9599 -0.2802
vn 0.0461 0.9585 -0.2812
vn 0.0816 0.9592 -0.2706
vn 0.1161 0.9085 -0.4013
vn 0.1544 0.8226 -0.5473
vn 0.0007 0.7438 -0.6684
vn -0.0009 0.9402 -0.3405
vn 0.0572 0.9152 -0.3989
vn 0.1017 0.7262 -0.6799
vn -0.0055 0.9936 -0.1125
vn 0.0026 0.9901 -0.1402
vn 0.0355 0.9825 -0.1829
vn 0.1397 0.8603 -0.4903
vn 0.2211 0.6604 -0.7176
vn -0.0399 0.9992 -0.0048
vn -0.0489 0.9987 0.0127
vn -0.0293 0.9987 0.0416
vn -0.0472 0.9989 -0.0015
vn -0.0343 0.9960 0.0827
vn -0.0168 0.9939 0.1087
vn -0.0311 0.9940 0.1045
vn -0.0250 0.9973 0.0695
vn -0.0075 0.9999 0.0108
vn -0.0254 0.9987 -0.0451
vn -0.0312 0.9991 -0.0271
vn -0.0314 0.9988 -0.0370
vn -0.0178 0.9982 -0.0574
vn -0.0307 0.9995 0.0010
vn -0.0419 0.9991 0.0033
vn -0.0077 0.9998 0.0163
vn 0.0032 0.9991 -0.0430
vn -0.0002 0.9985 -0.0546
vn 0.0093 0.9852 -0.1711
vn 0.0368 0.9772 -0.2091
vn 0.0095 1.0000 -0.0000
vn 0.0536 0.9848 -0.1653
vn -0.0147 0.9997 -0.0190
vn -0.0172 0.9992 -0.0370
vn -0.0111 0.9994 -0.0326
vn 0.0165 0.9995 -0.0275
vn 0.0073 0.9991 -0.0428
vn 0.0124 0.9993 0.0366
vn -0.0189 0.9986 0.0497
vn -0.0022 0.9999 -0.0099
vn 0.0088 0.9991 -0.0405
vn 0.0900 0.9767 -0.1948
vn 0.1176 0.9579 -0.2620
vn 0.0949 0.9844 -0.1482
vn 0.1492 0.9586 -0.2426
vn -0.0087 0.9998 -0.0194
vn 0.0704 0.9756 -0.2081
vn -0.0051 0.9999 -0.0108
vn 0.1084 0.9715 -0.2108
vn 0.1678 0.9079 -0.3842
vn 0.2246 0.8220 -0.5234
vn 0.2163 0.9076 -0.3598
vn 0.2911 0.8213 -0.4907
vn 0.2298 0.8006 -0.5534
vn 0.3131 0.5855 -0.7478
vn 0.3144 0.7633 -0.5644
vn 0.4105 0.5541 -0.7241
vn 0.0040 0.9973 0.0733
vn 0.0434 0.9989 0.0178
vn -0.0265 0.9939 0.1067
vn 0.0104 0.9946 0.1031
vn 0.0442 0.9967 0.0678
vn 0.0496 0.9981 0.0352
vn 0.3553 0.7406 -0.5704
vn 0.4670 0.5023 -0.7277
vn 0.1112 0.9737 -0.1991
vn 0.1619 0.9808 -0.1084
vn 0.3003 0.9259 -0.2290
vn 0.6312 0.5566 -0.5401
vn 0.5905 0.5425 -0.5975
vn 0.0209 0.9989 0.0430
vn 0.0121 0.9988 0.0485
vn -0.0093 0.9981 0.0610
vn -0.0112 0.9995 0.0290
vn 0.0249 0.9994 0.0222
vn 0.0033 0.9984 0.0560
vn 0.0091 0.9997 0.0219
vn 0.0214 0.9996 -0.0161
vn -0.0225 0.9976 0.0656
vn -0.0068 0.9975 0.0703
vn 0.0282 0.9986 0.0442
vn 0.0340 0.9990 0.0296
vn 0.1376 0.9763 -0.1673
vn 0.1817 0.9573 -0.2250
vn 0.1303 0.9841 -0.1210
vn 0.2072 0.9580 -0.1981
vn -0.0064 1.0000 -0.0023
vn 0.0072 0.9990 0.0450
vn 0.2618 0.9070 -0.3299
vn 0.3527 0.8208 -0.4494
vn 0.3024 0.9068 -0.2938
vn 0.4084 0.8202 -0.4006
vn 0.1765 0.9759 -0.1284
vn 0.2341 0.9568 -0.1727
vn 0.1575 0.9838 -0.0856
vn 0.2517 0.9576 -0.1401
vn 0.0451 0.9966 0.0685
vn 0.1910 0.9815 -0.0120
vn 0.0514 0.9977 0.0438
vn 0.0576 0.9983 0.0048
vn 0.0566 0.9982 0.0204
vn 0.1530 0.9877 -0.0325
vn 0.3385 0.9063 -0.2532
vn 0.4572 0.8198 -0.3449
vn 0.3684 0.9062 -0.2077
vn 0.4984 0.8193 -0.2833
vn 0.4967 0.8385 -0.2240
vn 0.6375 0.6811 -0.3600
vn 0.3874 0.9046 -0.1778
vn 0.6063 0.7351 -0.3034
vn 0.0340 0.9992 0.0232
vn -0.0104 0.9989 0.0462
vn 0.0220 0.9990 0.0385
vn 0.0193 0.9996 0.0221
vn 0.0026 0.9998 0.0180
vn -0.0511 0.9984 0.0261
vn 0.0360 0.9984 0.0434
vn 0.0050 0.9983 0.0583
vn 0.0069 1.0000 0.0059
vn 0.0290 0.9995 0.0106
vn 0.0408 0.9992 0.0041
vn 0.0540 0.9985 0.0003
vn 0.0278 0.9996 -0.0014
vn 0.0140 0.9998 -0.0155
vn 0.0597 0.9977 -0.0325
vn 0.0436 0.9988 -0.0202
vn 0.2041 0.9756 -0.0807
vn 0.2711 0.9564 -0.1086
vn 0.1746 0.9836 -0.0443
vn 0.2797 0.9573 -0.0725
vn 0.0377 0.9993 -0.0067
vn 0.0818 0.9956 -0.0454
vn 0.0009 0.9999 -0.0158
vn 0.0457 0.9983 -0.0363
vn 0.3928 0.9057 -0.1591
vn 0.5312 0.8191 -0.2168
vn 0.4099 0.9058 -0.1075
vn 0.5550 0.8188 -0.1466
vn 0.3090 0.9340 -0.1795
vn 0.6390 0.6802 -0.3592
vn 0.3210 0.9393 -0.1213
vn 0.4840 0.8578 -0.1729
vn -0.0083 0.9999 -0.0147
vn -0.0543 0.9981 0.0298
vn -0.0066 0.9992 -0.0391
vn -0.0130 0.9996 -0.0250
vn 0.0159 0.9993 -0.0349
vn -0.0259 0.9997 -0.0027
vn 0.4209 0.9055 -0.0543
vn 0.5694 0.8187 -0.0739
vn 0.2903 0.9562 -0.0370
vn 0.2893 0.9573 -0.0000
vn 0.4241 0.9056 -0.0000
vn 0.5743 0.8186 -0.0000
vn 0.3377 0.9409 -0.0280
vn 0.6977 0.7146 -0.0511
vn 0.0798 0.9960 -0.0409
vn 0.1413 0.9878 -0.0650
vn 0.4252 0.9039 -0.0460
vn 0.6585 0.7522 -0.0235
vn -0.0037 0.9995 -0.0319
vn -0.0325 0.9980 -0.0549
vn -0.0285 0.9996 0.0021
vn -0.0428 0.9987 -0.0266
vn -0.0355 0.9989 -0.0292
vn -0.0623 0.9971 -0.0444
vn 0.0500 0.9958 -0.0765
vn 0.0397 0.9963 -0.0763
vn -0.0133 0.9983 -0.0568
vn -0.0145 0.9988 -0.0475
vn 0.0186 0.9981 -0.0583
vn 0.0384 0.9967 -0.0709
vn 0.2183 0.9755 -0.0275
vn 0.1804 0.9836 -0.0000
vn -0.0005 0.9983 -0.0580
vn 0.0185 0.9973 -0.0704
vn 0.2183 0.9755 0.0275
vn 0.2903 0.9562 0.0370
vn 0.1746 0.9836 0.0443
vn 0.2797 0.9573 0.0725
vn 0.0197 0.9971 -0.0735
vn 0.2217 0.9734 -0.0582
vn 0.0257 0.9975 -0.0654
vn 0.0086 0.9985 -0.0543
vn 0.0219 0.9986 -0.0480
vn 0.0387 0.9985 -0.0379
vn 0.4209 0.9055 0.0543
vn 0.5694 0.8187 0.0739
vn 0.4099 0.9058 0.1075
vn 0.5550 0.8188 0.1466
vn 0.6044 0.7966 0.0119
vn 0.7870 0.6114 0.0827
vn 0.5755 0.8053 0.1427
vn 0.6840 0.7032 0.1939
vn 0.8161 0.5335 0.2222
vn -0.0394 0.9983 -0.0426
vn -0.0779 0.9955 -0.0541
vn -0.0280 0.9985 -0.0469
vn -0.0108 0.9997 -0.0231
vn -0.0504 0.9984 -0.0266
vn -0.0959 0.9945 -0.0427
vn -0.0059 0.9980 -0.0636
vn -0.0177 0.9983 -0.0562
vn -0.0418 0.9976 -0.0546
vn -0.0192 0.9982 -0.0569
vn -0.0375 0.9993 0.0004
vn -0.1003 0.9949 -0.0078
vn 0.0051 1.0000 -0.0032
vn 0.0002 0.9998 0.0183
vn -0.0180 0.9997 0.0174
vn -0.0795 0.9968 0.0021
vn -0.0307 0.9995 0.0003
vn -0.0167 0.9998 0.0098
vn -0.0698 0.9973 -0.0226
vn -0.0966 0.9953 0.0111
vn -0.0389 0.9984 0.0414
vn -0.0226 0.9981 0.0566
vn 0.2041 0.9756 0.0807
vn 0.2711 0.9564 0.1086
vn 0.1575 0.9838 0.0856
vn 0.2517 0.9576 0.1401
vn 0.0201 0.9995 0.0250
vn 0.0509 0.9975 0.0482
vn -0.0126 0.9977 0.0665
vn 0.0097 0.9971 0.0761
vn 0.3928 0.9057 0.1591
vn 0.5312 0.8191 0.2168
vn 0.3684 0.9062 0.2077
vn 0.4984 0.8193 0.2833
vn 0.6346 0.7119 0.3009
vn 0.7053 0.6375 0.3100
vn 0.5820 0.7617 0.2848
vn 0.4770 0.8176 0.3225
vn 0.5727 0.7213 0.3895
vn 0.6397 0.6272 0.4444
vn 0.3385 0.9063 0.2532
vn 0.4572 0.8198 0.3449
vn 0.2341 0.9568 0.1727
vn 0.2072 0.9580 0.1981
vn 0.3024 0.9068 0.2938
vn 0.4084 0.8202 0.4006
vn 0.5394 0.7295 0.4206
vn 0.6491 0.5725 0.5008
vn 0.4191 0.8406 0.3432
vn 0.1877 0.9630 0.1935
vn 0.4416 0.7848 0.4348
vn 0.5667 0.6184 0.5444
vn -0.0110 0.9991 0.0412
vn -0.0583 0.9981 0.0187
vn -0.0018 0.9993 0.0377
vn -0.0028 0.9995 0.0304
vn 0.0056 0.9998 0.0202
vn -0.0139 0.9999 -0.0017
vn -0.0529 0.9981 0.0330
vn -0.0130 0.9989 0.0440
vn -0.0995 0.9950 0.0132
vn -0.0598 0.9979 -0.0249
vn -0.0411 0.9991 -0.0066
vn -0.0108 0.9997 0.0200
vn 0.1765 0.9759 0.1284
vn 0.1303 0.9841 0.1210
vn -0.0056 0.9994 0.0336
vn -0.0101 0.9995 0.0309
vn -0.0065 0.9997 0.0217
vn -0.0350 0.9993 -0.0087
vn -0.0252 0.9994 0.0245
vn -0.0527 0.9982 -0.0284
vn -0.0407 0.9991 -0.0075
vn -0.0473 0.9988 0.0153
vn -0.0406 0.9989 0.0230
vn 0.1376 0.9763 0.1673
vn 0.1817 0.9573 0.2250
vn 0.0949 0.9844 0.1482
vn 0.1492 0.9586 0.2426
vn -0.0132 0.9990 0.0419
vn 0.1110 0.9745 0.1952
vn -0.0167 0.9991 0.0397
vn 0.0936 0.9789 0.1816
vn 0.2618 0.9070 0.3299
vn 0.3527 0.8208 0.4494
vn 0.2163 0.9076 0.3598
vn 0.2911 0.8213 0.4907
vn 0.3055 0.8472 0.4347
vn 0.4448 0.6504 0.6158
vn 0.2169 0.8995 0.3793
vn 0.3824 0.6686 0.6377
vn -0.0244 0.9996 0.0113
vn -0.0185 0.9998 0.0050
vn -0.0429 0.9987 0.0291
vn -0.0458 0.9989 0.0126
vn -0.0441 0.9990 0.0062
vn -0.0273 0.9996 0.0025
vn -0.0282 0.9995 -0.0156
vn -0.0227 0.9994 -0.0275
vn -0.0153 0.9998 0.0085
vn 0.0090 0.9999 0.0101
vn -0.0069 1.0000 -0.0054
vn -0.0336 0.9993 -0.0148
vn -0.0378 0.9990 0.0235
vn -0.0449 0.9989 0.0102
vn -0.0252 0.9995 0.0165
vn -0.0313 0.9991 0.0283
vn -0.0218 0.9997 0.0140
vn -0.0168 0.9999 0.0008
vn 0.0900 0.9767 0.1948
vn 0.1176 0.9579 0.2621
vn 0.0536 0.9848 0.1653
vn 0.0816 0.9592 0.2706
vn -0.0318 0.9992 0.0252
vn 0.0291 0.9895 0.1415
vn -0.0176 0.9998 -0.0034
vn 0.0237 0.9964 0.0818
vn 0.1677 0.9079 0.3842
vn 0.2246 0.8220 0.5234
vn 0.1161 0.9085 0.4013
vn 0.1544 0.8226 0.5473
vn 0.1137 0.9452 0.3062
vn 0.1590 0.9090 0.3854
vn 0.0800 0.9726 0.2182
vn 0.1178 0.9505 0.2877
vn 0.0099 0.9999 0.0106
vn -0.0016 0.9999 0.0169
vn 0.0181 0.9998 -0.0013
vn 0.0081 1.0000 -0.0012
vn 0.0110 0.9997 0.0215
vn 0.0127 0.9997 0.0199
vn 0.0629 0.9089 0.4123
vn 0.0817 0.8233 0.5617
vn 0.0461 0.9585 0.2812
vn 0.0091 0.9599 0.2802
vn 0.0086 0.9096 0.4155
vn 0.0078 0.8240 0.5666
vn 0.0266 0.9866 0.1613
vn 0.0714 0.9639 0.2564
vn 0.0141 0.9894 0.1447
vn 0.0135 0.9620 0.2725
vn -0.0005 0.9999 0.0118
vn -0.0103 0.9999 0.0061
vn 0.0083 0.9999 0.0129
vn 0.0157 0.9992 0.0357
vn 0.0099 0.9998 0.0190
vn 0.0122 0.9999 0.0121
vn 0.0145 0.9998 -0.0170
vn -0.0012 1.0000 0.0031
vn 0.0100 0.9999 -0.0138
vn 0.0074 0.9997 -0.0228
vn 0.0368 0.9772 0.2091
vn 0.0093 0.9852 0.1711
vn 0.0262 0.9997 -0.0019
vn 0.0196 0.9998 -0.0012
vn 0.0370 0.9993 -0.0018
vn 0.0248 0.9997 -0.0003
vn 0.0260 0.9997 0.0007
vn 0.0177 0.9998 0.0062
vn -0.0183 0.9777 0.2091
vn -0.0280 0.9592 0.2812
vn -0.0350 0.9856 0.1653
vn -0.0634 0.9606 0.2706
vn 0.0130 0.9998 0.0157
vn 0.0088 0.9996 0.0282
vn 0.0045 0.9999 0.0126
vn -0.0122 0.9992 0.0384
vn -0.0457 0.9099 0.4123
vn -0.0661 0.8247 0.5617
vn -0.0989 0.9106 0.4013
vn -0.1388 0.8254 0.5473
vn 0.0062 0.9895 0.1446
vn -0.0144 0.9620 0.2725
vn -0.0438 0.9873 0.1529
vn -0.0660 0.9679 0.2425
vn 0.0397 0.9992 0.0061
vn 0.0476 0.9987 0.0166
vn 0.0142 0.9995 0.0286
vn -0.0020 0.9999 -0.0133
vn 0.0293 0.9992 -0.0269
vn 0.0361 0.9993 0.0089
vn -0.0522 0.9857 0.1601
vn -0.0911 0.9655 0.2441
vn -0.0019 0.9989 0.0458
vn 0.0089 0.9990 0.0433
vn -0.0784 0.9809 0.1778
vn -0.1479 0.9500 0.2749
vn -0.0003 0.9991 -0.0421
vn -0.0146 0.9998 -0.0143
vn 0.0067 0.9996 -0.0257
vn 0.0293 0.9996 0.0002
vn 0.0217 0.9998 -0.0020
vn 0.0190 0.9998 0.0019
vn -0.0068 1.0000 -0.0072
vn -0.0050 1.0000 0.0034
vn -0.0057 1.0000 -0.0060
vn 0.0443 0.9989 0.0136
vn 0.0369 0.9990 0.0254
vn 0.0281 0.9994 0.0214
vn -0.0714 0.9782 0.1948
vn -0.0995 0.9599 0.2621
vn -0.0762 0.9860 0.1482
vn -0.1310 0.9612 0.2426
vn 0.0032 0.9999 0.0105
vn 0.0302 0.9995 0.0065
vn -0.1505 0.9109 0.3842
vn -0.2090 0.8261 0.5234
vn -0.1991 0.9115 0.3598
vn -0.2755 0.8267 0.4907
vn 0.0400 0.9984 0.0400
vn -0.0109 0.9969 0.0779
vn 0.0461 0.9973 0.0564
vn 0.0238 0.9990 0.0372
vn 0.0229 0.9987 0.0461
vn -0.0481 0.9932 0.1057
vn -0.2445 0.9118 0.3299
vn -0.3371 0.8273 0.4494
vn -0.1636 0.9605 0.2250
vn -0.1890 0.9618 0.1981
vn -0.2852 0.9123 0.2938
vn -0.3928 0.8278 0.4006
vn -0.1483 0.9621 0.2288
vn -0.2332 0.9161 0.3261
vn -0.2749 0.9160 0.2923
vn -0.5048 0.7032 0.5007
vn 0.0723 0.9962 0.0480
vn 0.0675 0.9969 0.0400
vn 0.0816 0.9961 0.0332
vn 0.0873 0.9958 0.0277
vn 0.0571 0.9973 0.0469
vn 0.0502 0.9980 0.0379
vn 0.0645 0.9966 0.0505
vn 0.0844 0.9961 0.0262
vn 0.0565 0.9984 0.0054
vn 0.0299 0.9993 0.0226
vn -0.1191 0.9787 0.1673
vn -0.1117 0.9864 0.1210
vn 0.0100 0.9999 -0.0003
vn 0.0070 1.0000 0.0056
vn 0.0230 0.9996 -0.0135
vn 0.0196 0.9998 -0.0041
vn 0.0149 0.9999 -0.0045
vn 0.0221 0.9998 0.0034
vn -0.1580 0.9791 0.1284
vn -0.2159 0.9610 0.1727
vn -0.1388 0.9866 0.0856
vn -0.2335 0.9622 0.1401
vn 0.0097 0.9999 0.0126
vn -0.0870 0.9919 0.0925
vn 0.0172 0.9998 0.0092
vn -0.1049 0.9920 0.0699
vn -0.3213 0.9125 0.2532
vn -0.4416 0.8283 0.3449
vn -0.3512 0.9130 0.2077
vn -0.4828 0.8286 0.2833
vn -0.3581 0.8793 0.3140
vn -0.5781 0.6637 0.4746
vn -0.4192 0.8702 0.2588
vn -0.6274 0.6655 0.4043
vn 0.0109 0.9999 0.0056
vn 0.0165 0.9999 0.0030
vn 0.0441 0.9988 -0.0194
vn 0.0252 0.9990 -0.0368
vn 0.0056 0.9998 -0.0170
vn 0.0184 0.9998 -0.0083
vn -0.3981 0.9026 0.1640
vn -0.6369 0.7187 0.2790
vn -0.1301 0.9902 0.0501
vn -0.1525 0.9870 0.0498
vn -0.4404 0.8907 0.1129
vn -0.6939 0.7022 0.1597
vn 0.0294 0.9995 -0.0102
vn 0.0473 0.9989 -0.0005
vn 0.0249 0.9997 -0.0081
vn 0.0175 0.9988 0.0464
vn 0.0238 0.9996 0.0180
vn 0.0445 0.9989 -0.0121
vn 0.0105 0.9998 -0.0155
vn 0.0384 0.9990 -0.0229
vn 0.0024 1.0000 0.0069
vn -0.0092 1.0000 -0.0028
vn 0.0069 1.0000 -0.0035
vn 0.0591 0.9981 -0.0155
vn -0.1856 0.9793 0.0807
vn -0.2530 0.9614 0.1085
vn -0.1559 0.9868 0.0443
vn -0.2615 0.9625 0.0725
vn 0.0096 1.0000 -0.0019
vn 0.0203 0.9998 0.0007
vn -0.3756 0.9130 0.1591
vn -0.5156 0.8290 0.2168
vn -0.3927 0.9134 0.1075
vn -0.5394 0.8292 0.1466
vn 0.0328 0.9994 0.0133
vn -0.1461 0.9888 0.0304
vn 0.0560 0.9982 0.0203
vn 0.0142 0.9990 0.0419
vn -0.0021 0.9998 0.0186
vn -0.1801 0.9836 0.0131
vn -0.4037 0.9133 0.0543
vn -0.5538 0.8293 0.0739
vn -0.2721 0.9615 0.0370
vn -0.2711 0.9626 -0.0000
vn -0.4068 0.9135 -0.0000
vn -0.5587 0.8293 -0.0000
vn -0.4656 0.8832 0.0565
vn -0.7442 0.6642 0.0709
vn -0.5132 0.8582 0.0112
vn -0.7739 0.6333 0.0089
vn -0.0091 0.9970 0.0763
vn -0.0008 0.9995 0.0326
vn 0.0299 0.9965 0.0787
vn 0.0673 0.9957 0.0639
vn -0.0272 0.9967 0.0764
vn -0.0338 0.9969 0.0710
vn 0.0138 0.9995 0.0301
vn 0.0123 0.9998 0.0155
vn 0.0272 0.9978 0.0604
vn 0.0187 0.9981 0.0588
vn -0.1998 0.9794 0.0275
vn -0.1618 0.9868 -0.0000
vn -0.0049 0.9973 0.0734
vn -0.0326 0.9985 0.0432
vn 0.0226 0.9954 0.0935
vn 0.0320 0.9967 0.0750
vn -0.0327 0.9988 0.0369
vn -0.0530 0.9985 0.0159
vn -0.1998 0.9794 -0.0275
vn -0.2721 0.9615 -0.0370
vn -0.1559 0.9868 -0.0443
vn -0.2615 0.9625 -0.0725
vn -0.0253 0.9993 0.0272
vn -0.1970 0.9804 0.0007
vn -0.0397 0.9991 0.0120
vn -0.2309 0.9720 -0.0443
vn -0.4037 0.9133 -0.0543
vn -0.5538 0.8293 -0.0740
vn -0.3927 0.9134 -0.1075
vn -0.5394 0.8292 -0.1466
vn -0.5521 0.8326 -0.0435
vn -0.7863 0.6140 -0.0692
vn -0.5841 0.8006 -0.1338
vn -0.7877 0.5887 -0.1815
vn -0.0189 0.9994 0.0285
vn -0.0135 0.9984 0.0543
vn 0.0892 0.9954 0.0344
vn 0.0865 0.9961 0.0166
vn 0.0137 0.9998 0.0156
vn 0.0232 0.9988 0.0438
vn -0.5614 0.7788 -0.2799
vn -0.7173 0.6001 -0.3540
vn -0.2517 0.9619 -0.1068
vn -0.4483 0.8538 -0.2647
vn -0.5417 0.7812 -0.3102
vn -0.6663 0.6455 -0.3733
vn 0.0260 0.9996 0.0133
vn 0.0477 0.9987 0.0176
vn 0.0690 0.9967 0.0439
vn 0.0727 0.9966 0.0386
vn 0.0166 0.9998 0.0080
vn 0.0381 0.9993 0.0044
vn -0.0296 0.9995 -0.0116
vn -0.0435 0.9990 -0.0080
vn 0.0544 0.9985 0.0112
vn 0.0491 0.9988 0.0070
vn -0.0125 0.9999 -0.0041
vn -0.0380 0.9991 -0.0171
vn -0.1856 0.9793 -0.0807
vn -0.2530 0.9614 -0.1085
vn -0.1388 0.9866 -0.0856
vn -0.2335 0.9622 -0.1401
vn -0.0359 0.9993 0.0055
vn -0.0168 0.9999 -0.0040
vn 0.0261 0.9995 0.0200
vn -0.3756 0.9130 -0.1591
vn -0.5156 0.8290 -0.2168
vn -0.3512 0.9130 -0.2077
vn -0.4828 0.8286 -0.2833
vn -0.1580 0.9791 -0.1284
vn -0.2159 0.9610 -0.1727
vn -0.1117 0.9864 -0.1210
vn -0.1890 0.9618 -0.1981
vn 0.0005 0.9999 -0.0113
vn -0.2027 0.9675 -0.1513
vn -0.0246 0.9991 -0.0352
vn 0.0137 0.9983 -0.0560
vn 0.0241 0.9994 -0.0243
vn -0.1238 0.9785 -0.1649
vn -0.3213 0.9125 -0.2532
vn -0.4416 0.8283 -0.3449
vn -0.2852 0.9123 -0.2938
vn -0.3928 0.8278 -0.4006
vn -0.5310 0.7521 -0.3904
vn -0.6350 0.6195 -0.4615
vn -0.4384 0.7706 -0.4626
vn -0.5825 0.5733 -0.5761
vn 0.0188 0.9998 0.0072
vn 0.0188 0.9997 0.0178
vn 0.0923 0.9947 0.0445
vn 0.1283 0.9910 0.0376
vn 0.0644 0.9978 -0.0142
vn 0.0579 0.9982 0.0120
vn 0.0125 0.9998 -0.0165
vn 0.0499 0.9984 0.0260
vn 0.0434 0.9990 -0.0119
vn 0.0298 0.9986 -0.0440
vn 0.0287 0.9986 -0.0447
vn 0.0193 0.9982 -0.0564
vn 0.0593 0.9979 -0.0263
vn 0.0735 0.9969 -0.0286
vn 0.0566 0.9973 -0.0460
vn 0.0358 0.9980 -0.0524
vn -0.1191 0.9787 -0.1673
vn -0.1636 0.9605 -0.2250
vn -0.0762 0.9860 -0.1482
vn -0.1310 0.9612 -0.2426
vn 0.0395 0.9982 -0.0457
vn -0.0873 0.9763 -0.1981
vn 0.0246 0.9982 -0.0547
vn -0.0501 0.9822 -0.1813
vn -0.2445 0.9118 -0.3299
vn -0.3371 0.8273 -0.4494
vn -0.1991 0.9115 -0.3598
vn -0.2755 0.8267 -0.4907
vn -0.3689 0.7953 -0.4811
vn -0.5136 0.6110 -0.6024
vn -0.2218 0.8688 -0.4428
vn -0.3609 0.6605 -0.6584
vn 0.0952 0.9953 -0.0179
vn 0.0992 0.9951 0.0026
vn 0.1030 0.9946 0.0111
vn 0.0264 0.9996 -0.0048
vn 0.0690 0.9976 -0.0069
vn 0.0932 0.9956 0.0115
vn -0.1505 0.9109 -0.3842
vn -0.2090 0.8261 -0.5234
vn -0.0995 0.9599 -0.2620
vn -0.0634 0.9606 -0.2706
vn -0.0989 0.9106 -0.4013
vn -0.1388 0.8254 -0.5473
vn -0.1253 0.9288 -0.3489
vn -0.2728 0.6910 -0.6694
vn -0.0151 0.9905 -0.1368
vn -0.0009 0.9973 -0.0735
vn -0.0647 0.9591 -0.2757
vn -0.0904 0.9064 -0.4126
vn 0.0366 0.9990 -0.0245
vn 0.0665 0.9975 0.0232
vn 0.0268 0.9991 -0.0336
vn 0.0449 0.9989 -0.0109
vn 0.0182 0.9997 -0.0185
vn 0.0281 0.9991 0.0330
vn 0.0447 0.9982 -0.0409
vn 0.0435 0.9978 -0.0510
vn 0.0471 0.9988 -0.0165
vn 0.0304 0.9995 -0.0002
vn 0.0251 0.9991 -0.0340
vn 0.0196 0.9984 -0.0531
vn -0.0715 0.9782 -0.1948
vn -0.0350 0.9856 -0.1653
vn 0.0403 0.9976 -0.0563
vn 0.0277 0.9992 -0.0271
vn -0.0183 0.9777 -0.2091
vn -0.0279 0.9592 -0.2812
vn -0.0040 1.0000 -0.0040
vn -0.0037 0.9971 -0.0756
vn -0.0054 0.9987 -0.0503
vn -0.0457 0.9099 -0.4123
vn -0.0661 0.8247 -0.5617
vn -0.0239 0.9562 -0.2918
vn -0.0286 0.9097 -0.4142
vn -0.0119 0.9999 0.0002
vn 0.0011 0.9998 0.0199
vn 0.0059 0.9992 0.0390
vn 0.0038 0.9995 -0.0328
vn 0.0103 0.9999 -0.0004
vn 0.0908 0.9919 0.0894
vn 0.0981 0.9679 0.2315
vn 0.0562 0.9851 0.1626
vn 0.0445 0.9963 0.0728
vn 0.1057 0.9417 0.3195
vn 0.0584 0.9734 0.2216
vn 0.0073 0.9868 0.1615
vn 0.0067 0.9908 0.1355
vn 0.0061 0.9966 0.0820
vn 0.0819 0.9826 0.1666
vn 0.1813 0.9328 0.3115
vn 0.1541 0.9430 0.2951
vn 0.1161 0.9830 0.1423
vn 0.2068 0.9153 0.3457
vn 0.1606 0.9214 0.3538
vn 0.1705 0.9809 0.0937
vn 0.2663 0.9394 0.2159
vn 0.1900 0.9464 0.2611
vn 0.0943 0.9859 0.1381
vn 0.3054 0.9124 0.2723
vn 0.2278 0.9272 0.2974
vn 0.2077 0.9696 0.1294
vn 0.3835 0.8942 0.2308
vn 0.3557 0.9055 0.2313
vn 0.2093 0.9732 0.0953
vn 0.4487 0.8532 0.2660
vn 0.4158 0.8604 0.2947
vn 0.2219 0.9725 0.0700
vn 0.3440 0.9336 0.1006
vn 0.3656 0.9153 0.1693
vn 0.2103 0.9708 0.1154
vn 0.4042 0.9076 0.1135
vn 0.4292 0.8844 0.1831
vn 0.2152 0.9760 0.0333
vn 0.2752 0.9611 0.0234
vn 0.3253 0.9440 0.0554
vn 0.2239 0.9734 0.0485
vn 0.2820 0.9594 0.0109
vn 0.3535 0.9337 0.0569
vn 0.1544 0.9880 -0.0038
vn 0.1208 0.9926 -0.0150
vn 0.1935 0.9811 0.0033
vn 0.1955 0.9805 0.0178
vn 0.1141 0.9932 -0.0217
vn 0.1920 0.9814 -0.0093
vn 0.0729 0.9945 -0.0752
vn 0.1665 0.9780 -0.1252
vn 0.1105 0.9918 -0.0639
vn 0.0993 0.9937 -0.0525
vn 0.2075 0.9688 -0.1354
vn 0.1241 0.9904 -0.0608
vn 0.1006 0.9949 -0.0093
vn 0.1719 0.9788 -0.1112
vn 0.2044 0.9672 -0.1511
vn 0.0815 0.9950 -0.0571
vn 0.1843 0.9722 -0.1443
vn 0.2495 0.9506 -0.1844
vn 0.0192 0.9996 0.0195
vn -0.0073 0.9987 0.0495
vn 0.0811 0.9967 -0.0100
vn 0.0808 0.9963 0.0284
vn -0.1375 0.9561 0.2590
vn -0.1216 0.9730 0.1960
vn -0.0204 0.9998 -0.0082
vn 0.0008 0.9998 -0.0191
vn -0.0233 0.9994 0.0273
vn -0.0185 0.9998 0.0116
vn 0.0124 0.9995 -0.0291
vn -0.1047 0.9616 0.2536
vn 0.0310 0.9985 -0.0461
vn 0.0219 0.9952 -0.0955
vn 0.0004 0.9971 -0.0765
vn -0.0177 0.9990 -0.0416
vn 0.0199 0.9982 -0.0566
vn 0.0121 0.9975 -0.0696
vn 0.0005 0.9996 -0.0288
vn 0.0234 0.9989 0.0400
vn 0.0397 0.9990 -0.0228
vn 0.0460 0.9985 -0.0307
vn 0.0902 0.9486 0.3034
vn 0.0555 0.9591 0.2777
vn -0.0662 0.9975 -0.0252
vn -0.0372 0.9993 -0.0054
vn 0.0201 0.9991 0.0384
vn -0.0152 0.9993 -0.0353
vn 0.1307 0.9629 0.2360
vn 0.1273 0.9492 0.2878
vn -0.1192 0.9886 -0.0922
vn -0.1598 0.9760 -0.1483
vn -0.1078 0.9893 -0.0979
vn -0.1080 0.9928 -0.0515
vn -0.1540 0.9765 -0.1506
vn -0.0837 0.9920 -0.0941
vn -0.1535 0.9840 -0.0909
vn -0.2348 0.9612 -0.1449
vn -0.2137 0.9649 -0.1524
vn -0.1394 0.9863 -0.0887
vn -0.2725 0.9479 -0.1653
vn -0.2329 0.9573 -0.1712
vn -0.1420 0.9882 -0.0567
vn -0.2587 0.9631 -0.0747
vn -0.2506 0.9624 -0.1051
vn -0.1601 0.9843 -0.0742
vn -0.3139 0.9454 -0.0879
vn -0.2956 0.9474 -0.1229
vn -0.0744 0.9967 -0.0317
vn -0.1673 0.9857 -0.0212
vn -0.2285 0.9722 -0.0507
vn -0.1029 0.9932 -0.0546
vn -0.2139 0.9768 -0.0113
vn -0.2837 0.9577 -0.0482
vn -0.0668 0.9973 0.0287
vn -0.1162 0.9924 0.0414
vn -0.1212 0.9926 0.0093
vn -0.0677 0.9977 0.0037
vn -0.1380 0.9895 0.0438
vn -0.1503 0.9885 0.0149
vn -0.0406 0.9990 0.0184
vn -0.0897 0.9951 0.0416
vn -0.1191 0.9917 0.0485
vn -0.0568 0.9984 0.0086
vn -0.1063 0.9927 0.0564
vn -0.1441 0.9876 0.0624
vn -0.0554 0.9970 0.0546
vn -0.0218 0.9994 0.0285
vn -0.0519 0.9982 0.0306
vn -0.0564 0.9974 0.0454
vn -0.0057 0.9999 0.0152
vn -0.0433 0.9987 0.0280
vn 0.0031 0.9953 0.0971
vn -0.0584 0.9816 0.1820
vn -0.0186 0.9958 0.0901
vn -0.0084 0.9965 0.0837
vn -0.0988 0.9696 0.2239
vn -0.0355 0.9949 0.0943
vn -0.0335 0.9969 0.0715
vn -0.0668 0.9720 0.2252
vn -0.0794 0.9686 0.2355
vn -0.0192 0.9959 0.0879
vn -0.0860 0.9413 0.3265
vn -0.1131 0.9426 0.3143
vn -0.0397 0.9844 0.1713
vn -0.0265 0.9970 0.0732
vn -0.0429 0.9702 0.2383
vn 0.0305 0.9994 0.0171
vn 0.0066 0.9999 0.0157
vn -0.0292 0.9994 0.0161
vn 0.0910 0.9958 0.0068
vn 0.0624 0.9979 0.0158
vn 0.0705 0.9969 0.0336
vn 0.0958 0.9954 0.0030
vn 0.0920 0.9957 0.0150
vn 0.0567 0.9973 0.0471
vn 0.0624 0.9950 0.0782
vn 0.0955 0.9948 0.0353
vn 0.0127 0.9978 0.0648
vn 0.0232 0.9963 0.0822
vn 0.0284 0.9994 -0.0172
vn 0.0183 0.9998 0.0060
vn 0.0281 0.9996 -0.0030
vn 0.0391 0.9992 0.0092
vn 0.0647 0.9979 0.0099
vn 0.0264 0.9996 -0.0116
vn 0.0272 0.9995 0.0148
vn 0.0797 0.9965 0.0233
vn 0.0260 0.9994 0.0242
vn -0.0192 0.9997 0.0129
vn 0.0110 0.9999 0.0029
vn 0.0437 0.9989 0.0174
vn -0.0401 0.9992 0.0048
vn -0.0131 0.9999 0.0043
vn -0.0301 0.9993 -0.0208
vn -0.0199 0.9996 -0.0204
vn -0.0432 0.9989 -0.0178
vn -0.0404 0.9990 -0.0170
vn -0.1178 0.9930 -0.0031
vn -0.0966 0.9953 0.0072
vn -0.0543 0.9976 -0.0436
vn -0.0954 0.9953 -0.0189
vn -0.0358 0.9981 -0.0505
vn -0.0357 0.9981 -0.0507
vn -0.0331 0.9994 0.0111
vn -0.0430 0.9976 -0.0549
vn -0.0288 0.9996 0.0076
vn -0.0210 0.9996 0.0183
vn -0.0197 0.9968 0.0774
vn -0.0191 0.9980 0.0597
vn 0.0129 0.9989 0.0442
vn -0.0165 0.9978 0.0647
vn -0.0033 1.0000 0.0035
vn 0.0360 0.9992 0.0193
vn -0.0479 0.9988 0.0011
vn -0.1750 0.7137 -0.6783
vn -0.1654 0.7471 -0.6437
vn -0.0799 0.7463 -0.6608
vn -0.0849 0.7128 -0.6962
vn 0.0071 0.7455 -0.6665
vn 0.0067 0.7119 -0.7022
vn -0.3444 0.7153 -0.6081
vn -0.3262 0.7487 -0.5772
vn -0.2480 0.7479 -0.6157
vn -0.2620 0.7145 -0.6488
vn -0.4898 0.7166 -0.4965
vn -0.4642 0.7500 -0.4713
vn -0.3986 0.7493 -0.5287
vn -0.4207 0.7160 -0.5571
vn -0.6014 0.7177 -0.3511
vn -0.5701 0.7510 -0.3332
vn -0.5217 0.7505 -0.4057
vn -0.5503 0.7172 -0.4275
vn -0.6715 0.7184 -0.1817
vn -0.6367 0.7516 -0.1725
vn -0.6086 0.7513 -0.2550
vn -0.6420 0.7181 -0.2687
vn -0.6955 0.7186 -0.0000
vn -0.6594 0.7518 -0.0000
vn -0.6537 0.7518 -0.0870
vn -0.6894 0.7185 -0.0917
vn -0.6715 0.7184 0.1817
vn -0.6367 0.7516 0.1725
vn -0.6537 0.7518 0.0870
vn -0.6894 0.7185 0.0917
vn -0.6014 0.7177 0.3511
vn -0.5701 0.7510 0.3332
vn -0.6086 0.7513 0.2550
vn -0.6420 0.7181 0.2687
vn -0.4898 0.7166 0.4965
vn -0.4642 0.7500 0.4713
vn -0.5217 0.7505 0.4057
vn -0.5503 0.7172 0.4275
vn -0.3444 0.7153 0.6081
vn -0.3262 0.7487 0.5772
vn -0.3986 0.7493 0.5287
vn -0.4207 0.7160 0.5571
vn -0.1750 0.7137 0.6783
vn -0.1654 0.7471 0.6437
vn -0.2480 0.7479 0.6157
vn -0.2620 0.7145 0.6488
vn 0.0067 0.7119 0.7022
vn 0.0071 0.7455 0.6665
vn -0.0799 0.7463 0.6608
vn -0.0849 0.7128 0.6962
vn 0.1885 0.7102 0.6783
vn 0.1795 0.7439 0.6437
vn 0.0940 0.7447 0.6608
vn 0.0984 0.7111 0.6962
vn 0.3578 0.7086 0.6081
vn 0.3403 0.7424 0.5772
vn 0.2621 0.7431 0.6157
vn 0.2755 0.7094 0.6488
vn 0.5033 0.7072 0.4965
vn 0.4783 0.7410 0.4713
vn 0.4128 0.7417 0.5287
vn 0.4342 0.7079 0.5571
vn 0.6148 0.7062 0.3511
vn 0.5842 0.7400 0.3332
vn 0.5358 0.7405 0.4057
vn 0.5638 0.7067 0.4275
vn 0.6850 0.7055 0.1817
vn 0.6508 0.7394 0.1725
vn 0.6228 0.7397 0.2550
vn 0.6555 0.7058 0.2687
vn 0.7089 0.7053 -0.0000
vn 0.6735 0.7392 -0.0000
vn 0.6678 0.7393 0.0870
vn 0.7029 0.7053 0.0917
vn 0.6850 0.7055 -0.1817
vn 0.6508 0.7394 -0.1725
vn 0.6678 0.7393 -0.0870
vn 0.7029 0.7053 -0.0917
vn 0.6148 0.7062 -0.3511
vn 0.5842 0.7400 -0.3332
vn 0.6228 0.7397 -0.2550
vn 0.6555 0.7058 -0.2687
vn 0.5033 0.7072 -0.4965
vn 0.4783 0.7410 -0.4713
vn 0.5358 0.7405 -0.4057
vn 0.5638 0.7067 -0.4275
vn 0.3578 0.7086 -0.6081
vn 0.3403 0.7424 -0.5772
vn 0.4128 0.7417 -0.5287
vn 0.4342 0.7079 -0.5571
vn 0.1885 0.7102 -0.6783
vn 0.1795 0.7439 -0.6437
vn 0.2621 0.7431 -0.6157
vn 0.2755 0.7094 -0.6488
vn 0.0941 0.7447 -0.6608
vn 0.0984 0.7111 -0.6962
vn 0.0081 0.8592 -0.5115
vn 0.0075 0.7919 -0.6106
vn 0.0872 0.7911 -0.6054
vn 0.0749 0.8586 -0.5072
vn 0.1655 0.7904 -0.5898
vn 0.1405 0.8580 -0.4941
vn 0.2412 0.7897 -0.5642
vn 0.2039 0.8574 -0.4726
vn 0.3128 0.7890 -0.5288
vn 0.2639 0.8568 -0.4430
vn 0.3792 0.7884 -0.4845
vn 0.3195 0.8563 -0.4059
vn 0.4392 0.7878 -0.4318
vn 0.3698 0.8558 -0.3617
vn 0.4919 0.7873 -0.3717
vn 0.4139 0.8554 -0.3114
vn 0.5363 0.7869 -0.3053
vn 0.4511 0.8550 -0.2558
vn 0.5716 0.7866 -0.2337
vn 0.4807 0.8548 -0.1958
vn 0.5973 0.7863 -0.1580
vn 0.5022 0.8546 -0.1324
vn 0.6128 0.7862 -0.0797
vn 0.5153 0.8544 -0.0668
vn 0.6181 0.7861 -0.0000
vn 0.5196 0.8544 -0.0000
vn 0.6128 0.7862 0.0797
vn 0.5153 0.8544 0.0668
vn 0.5973 0.7863 0.1580
vn 0.5022 0.8546 0.1324
vn 0.5716 0.7866 0.2337
vn 0.4807 0.8548 0.1958
vn 0.5363 0.7869 0.3053
vn 0.4511 0.8550 0.2558
vn 0.4919 0.7873 0.3717
vn 0.4139 0.8554 0.3114
vn 0.4392 0.7878 0.4318
vn 0.3698 0.8558 0.3617
vn 0.3792 0.7884 0.4844
vn 0.3195 0.8563 0.4058
vn 0.3128 0.7890 0.5288
vn 0.2412 0.7897 0.5642
vn 0.1655 0.7904 0.5898
vn 0.0872 0.7911 0.6054
vn 0.0075 0.7919 0.6106
vn 0.0081 0.8592 0.5115
vn -0.0722 0.7926 0.6054
vn -0.0586 0.8598 0.5072
vn -0.1505 0.7934 0.5898
vn -0.1243 0.8605 0.4941
vn -0.2262 0.7941 0.5641
vn -0.2978 0.7948 0.5288
vn -0.3642 0.7954 0.4844
vn -0.4242 0.7960 0.4318
vn -0.3535 0.8627 0.3617
vn -0.4769 0.7965 0.3717
vn -0.3977 0.8631 0.3114
vn -0.5213 0.7969 0.3053
vn -0.4349 0.8634 0.2558
vn -0.5566 0.7972 0.2337
vn -0.4645 0.8637 0.1958
vn -0.5823 0.7975 0.1580
vn -0.4860 0.8639 0.1324
vn -0.5979 0.7976 0.0797
vn -0.4990 0.8640 0.0668
vn -0.6031 0.7977 -0.0000
vn -0.5034 0.8641 -0.0000
vn -0.5979 0.7976 -0.0797
vn -0.4990 0.8640 -0.0668
vn -0.5823 0.7975 -0.1580
vn -0.4860 0.8639 -0.1324
vn -0.5566 0.7972 -0.2337
vn -0.4645 0.8637 -0.1958
vn -0.5213 0.7969 -0.3053
vn -0.4349 0.8634 -0.2558
vn -0.4769 0.7965 -0.3717
vn -0.3977 0.8631 -0.3114
vn -0.4242 0.7960 -0.4318
vn -0.3536 0.8626 -0.3617
vn -0.3642 0.7954 -0.4844
vn -0.3033 0.8622 -0.4058
vn -0.2978 0.7948 -0.5288
vn -0.2476 0.8616 -0.4430
vn -0.2262 0.7941 -0.5641
vn -0.1876 0.8611 -0.4726
vn -0.1505 0.7934 -0.5898
vn -0.1243 0.8605 -0.4941
vn -0.0722 0.7926 -0.6054
vn -0.0586 0.8599 -0.5072
vn -0.0071 0.9961 0.0885
vn -0.0178 0.9954 0.0941
vn -0.0289 0.9968 0.0741
vn -0.0155 0.9971 0.0742
vn 0.0079 0.9962 0.0863
vn -0.0244 0.9964 0.0813
vn -0.0652 0.9959 0.0626
vn -0.0380 0.9972 0.0637
vn -0.0081 0.9997 0.0246
vn -0.0303 0.9993 -0.0237
vn -0.0562 0.9984 0.0085
vn -0.0628 0.9980 0.0117
vn -0.0532 0.9981 -0.0297
vn -0.0502 0.9970 -0.0587
vn -0.0616 0.9971 -0.0451
vn -0.0641 0.9972 -0.0393
vn -0.0653 0.9975 -0.0256
vn -0.0507 0.9986 -0.0114
vn -0.0449 0.9990 -0.0059
vn -0.0658 0.9975 0.0239
vn -0.0460 0.9989 0.0133
vn -0.0079 1.0000 -0.0038
vn 0.0031 1.0000 -0.0037
vn 0.0287 0.9994 0.0194
vn 0.0325 0.9985 0.0447
vn -0.0143 0.9995 0.0269
vn -0.0275 0.9996 0.0034
vn -0.0036 1.0000 -0.0014
vn 0.0306 0.9995 0.0059
vn 0.0719 0.9966 0.0404
vn 0.0760 0.9965 0.0345
vn 0.0429 0.9988 -0.0220
vn 0.0380 0.9983 -0.0453
vn 0.0676 0.9975 -0.0213
vn 0.1065 0.9939 0.0278
vn 0.1362 0.9898 0.0415
vn 0.1540 0.9873 0.0398
vn 0.1640 0.9854 0.0456
vn 0.1563 0.9868 0.0427
vn 0.1259 0.9892 0.0756
vn 0.1190 0.9905 0.0685
vn 0.1358 0.9896 0.0464
vn 0.1428 0.9882 0.0558
vn 0.0767 0.9955 0.0550
vn 0.0134 0.9990 0.0426
vn 0.0632 0.9977 0.0233
vn 0.0823 0.9961 0.0326
vn 0.0308 0.9977 0.0596
vn -0.0078 -0.8220 0.5694
vn -0.0821 -0.8214 0.5644
vn -0.0627 -0.9094 0.4111
vn -0.0086 -0.9101 0.4142
vn -0.1551 -0.8207 0.5500
vn -0.1158 -0.9091 0.4001
vn -0.0808 -0.9601 0.2677
vn -0.0457 -0.9594 0.2782
vn -0.0091 -0.9608 0.2771
vn -0.0072 -0.8875 -0.4607
vn 0.1132 -0.6938 -0.7112
vn 0.0341 -0.9188 -0.3934
vn -0.0168 -0.9396 -0.3418
vn 0.2177 -0.6368 -0.7396
vn 0.1337 -0.8462 -0.5158
vn 0.0169 -0.9829 -0.1835
vn -0.0178 -0.9895 -0.1434
vn -0.0219 -0.9943 -0.1046
vn -0.0718 -0.9974 -0.0110
vn -0.0460 -0.9989 -0.0096
vn -0.0400 -0.9982 0.0437
vn -0.0769 -0.9966 0.0289
vn -0.0257 -0.9997 0.0005
vn -0.0411 -0.9982 0.0440
vn -0.0618 -0.9938 0.0927
vn -0.0468 -0.9926 0.1119
vn -0.0602 -0.9940 0.0918
vn -0.0455 -0.9980 -0.0441
vn -0.0363 -0.9978 -0.0559
vn -0.0501 -0.9980 -0.0386
vn -0.0515 -0.9984 -0.0243
vn -0.0223 -0.9982 -0.0554
vn -0.0082 -0.9990 -0.0434
vn -0.0267 -0.9994 0.0219
vn -0.0591 -0.9982 0.0046
vn -0.0531 -0.9986 0.0028
vn -0.0366 -0.9775 0.2079
vn -0.0093 -0.9852 0.1712
vn -0.0536 -0.9848 0.1654
vn -0.0095 -1.0000 -0.0000
vn -0.0368 -0.9987 -0.0355
vn -0.0355 -0.9991 -0.0248
vn -0.0306 -0.9990 -0.0320
vn -0.0145 -0.9991 -0.0394
vn 0.0002 -0.9997 -0.0250
vn -0.0053 -0.9997 -0.0256
vn -0.0101 -0.9999 -0.0051
vn -0.0294 -0.9984 0.0487
vn -0.0106 -0.9993 0.0347
vn -0.1164 -0.9588 0.2592
vn -0.0895 -0.9770 0.1937
vn -0.1476 -0.9595 0.2400
vn -0.0949 -0.9844 0.1483
vn 0.0632 -0.9733 -0.2207
vn -0.0218 -0.9993 -0.0293
vn 0.1082 -0.9693 -0.2210
vn -0.0089 -0.9998 -0.0179
vn -0.2256 -0.8200 0.5260
vn -0.1673 -0.9084 0.3831
vn -0.2925 -0.8193 0.4931
vn -0.2157 -0.9082 0.3587
vn 0.3028 -0.5729 -0.7616
vn 0.2331 -0.7823 -0.5777
vn 0.3998 -0.5757 -0.7133
vn 0.3180 -0.7538 -0.5751
vn 0.0105 -0.9998 0.0144
vn -0.0083 -0.9984 0.0561
vn 0.0301 -0.9985 0.0452
vn 0.0355 -0.9968 0.0718
vn 0.0189 -0.9950 0.0977
vn -0.0341 -0.9953 0.0903
vn 0.4357 -0.5878 -0.6816
vn 0.3422 -0.7690 -0.5399
vn 0.5482 -0.6002 -0.5824
vn 0.3684 -0.8444 -0.3890
vn 0.1211 -0.9868 -0.1079
vn 0.1068 -0.9755 -0.1922
vn -0.0073 -0.9984 0.0565
vn -0.0007 -0.9984 0.0566
vn -0.0177 -0.9980 0.0613
vn -0.0042 -0.9990 0.0447
vn -0.0303 -0.9985 0.0458
vn -0.0115 -0.9972 0.0745
vn 0.0065 -0.9999 -0.0111
vn -0.0018 -0.9999 0.0128
vn 0.0132 -0.9997 0.0185
vn 0.0164 -0.9997 0.0155
vn -0.0340 -0.9978 0.0564
vn -0.0344 -0.9976 0.0600
vn -0.1799 -0.9582 0.2226
vn -0.1369 -0.9765 0.1664
vn -0.2050 -0.9589 0.1960
vn -0.1304 -0.9840 0.1210
vn -0.0131 -0.9999 -0.0053
vn -0.0034 -0.9996 0.0289
vn -0.3543 -0.8188 0.4517
vn -0.2610 -0.9076 0.3290
vn -0.4104 -0.8182 0.4026
vn -0.3015 -0.9074 0.2929
vn -0.2317 -0.9577 0.1708
vn -0.1756 -0.9761 0.1277
vn -0.2491 -0.9585 0.1386
vn -0.1576 -0.9838 0.0856
vn 0.1463 -0.9890 -0.0198
vn 0.0361 -0.9978 0.0555
vn 0.1278 -0.9915 -0.0261
vn 0.0413 -0.9989 0.0201
vn 0.0377 -0.9992 0.0140
vn 0.0391 -0.9984 0.0398
vn -0.4594 -0.8178 0.3466
vn -0.3376 -0.9068 0.2524
vn -0.5009 -0.8174 0.2847
vn -0.3673 -0.9067 0.2071
vn 0.6769 -0.6213 -0.3947
vn 0.3789 -0.9049 -0.1941
vn 0.6574 -0.6864 -0.3111
vn 0.3406 -0.9291 -0.1441
vn -0.0347 -0.9976 0.0591
vn 0.0040 -0.9993 0.0366
vn -0.0627 -0.9975 0.0340
vn -0.0169 -0.9998 0.0072
vn -0.0109 -0.9999 -0.0007
vn -0.0075 -0.9992 0.0387
vn 0.0437 -0.9984 0.0367
vn 0.0226 -0.9995 0.0220
vn -0.0012 -0.9995 0.0317
vn -0.0012 -0.9974 0.0718
vn 0.0342 -0.9994 -0.0063
vn 0.0131 -0.9999 -0.0046
vn 0.0356 -0.9991 -0.0218
vn 0.0248 -0.9995 -0.0206
vn -0.0222 -0.9997 -0.0038
vn -0.0112 -0.9999 0.0016
vn -0.2683 -0.9573 0.1074
vn -0.2030 -0.9759 0.0802
vn -0.2768 -0.9583 0.0717
vn -0.1747 -0.9836 0.0443
vn 0.0797 -0.9959 -0.0418
vn 0.0234 -0.9997 -0.0047
vn 0.0454 -0.9982 -0.0403
vn -0.0048 -0.9998 -0.0168
vn -0.5337 -0.8171 0.2179
vn -0.3917 -0.9063 0.1587
vn -0.5577 -0.8168 0.1474
vn -0.4087 -0.9064 0.1072
vn 0.5625 -0.7696 -0.3021
vn 0.2730 -0.9507 -0.1469
vn 0.5561 -0.8051 -0.2063
vn 0.2412 -0.9649 -0.1044
vn -0.0549 -0.9983 0.0185
vn -0.0118 -0.9996 -0.0265
vn -0.0318 -0.9995 -0.0028
vn 0.0152 -0.9996 -0.0257
vn -0.0156 -0.9998 -0.0127
vn -0.0246 -0.9986 -0.0463
vn -0.5722 -0.8167 0.0743
vn -0.4197 -0.9061 0.0541
vn -0.5771 -0.8167 -0.0000
vn -0.4228 -0.9062 -0.0000
vn -0.2862 -0.9582 -0.0000
vn -0.2872 -0.9572 0.0366
vn 0.4232 -0.9034 -0.0693
vn 0.3003 -0.9514 -0.0686
vn 0.5674 -0.8223 -0.0436
vn 0.4221 -0.9049 -0.0554
vn 0.1082 -0.9918 -0.0684
vn 0.0594 -0.9964 -0.0606
vn -0.0479 -0.9979 -0.0447
vn -0.0031 -0.9997 -0.0236
vn -0.0852 -0.9953 -0.0463
vn -0.0324 -0.9990 -0.0321
vn -0.0384 -0.9988 -0.0304
vn -0.0286 -0.9996 0.0032
vn 0.0210 -0.9983 -0.0552
vn 0.0180 -0.9985 -0.0520
vn 0.0102 -0.9968 -0.0789
vn 0.0081 -0.9971 -0.0753
vn -0.0290 -0.9974 -0.0661
vn -0.0326 -0.9979 -0.0568
vn -0.2172 -0.9758 0.0274
vn -0.1805 -0.9836 -0.0000
vn -0.0329 -0.9979 -0.0560
vn -0.0320 -0.9969 -0.0724
vn -0.2872 -0.9572 -0.0366
vn -0.2172 -0.9758 -0.0274
vn -0.2768 -0.9583 -0.0717
vn -0.1747 -0.9836 -0.0443
vn 0.1898 -0.9817 -0.0164
vn -0.0124 -0.9981 -0.0598
vn 0.2145 -0.9763 0.0292
vn 0.0038 -0.9995 -0.0325
vn 0.0071 -0.9995 -0.0303
vn 0.0163 -0.9977 -0.0654
vn -0.5722 -0.8167 -0.0743
vn -0.4197 -0.9061 -0.0541
vn -0.5577 -0.8168 -0.1474
vn -0.4087 -0.9064 -0.1072
vn 0.8550 -0.5039 0.1226
vn 0.5494 -0.8330 0.0658
vn 0.8728 -0.4434 0.2039
vn 0.6142 -0.7782 0.1309
vn -0.0976 -0.9937 -0.0553
vn -0.0486 -0.9981 -0.0371
vn -0.1105 -0.9929 -0.0431
vn -0.0693 -0.9972 -0.0265
vn -0.0427 -0.9990 -0.0134
vn -0.0387 -0.9989 -0.0260
vn -0.0028 -0.9976 -0.0692
vn -0.0308 -0.9990 -0.0325
vn -0.0663 -0.9969 -0.0430
vn -0.0474 -0.9971 -0.0588
vn -0.1141 -0.9934 -0.0090
vn -0.0614 -0.9981 -0.0028
vn -0.0885 -0.9961 -0.0064
vn -0.0406 -0.9992 0.0043
vn -0.0419 -0.9991 0.0015
vn -0.0400 -0.9991 -0.0135
vn -0.0293 -0.9995 0.0081
vn -0.0377 -0.9992 0.0091
vn -0.0418 -0.9980 0.0464
vn -0.0381 -0.9985 0.0390
vn -0.0975 -0.9952 0.0061
vn -0.0793 -0.9968 -0.0136
vn -0.2683 -0.9573 -0.1074
vn -0.2030 -0.9759 -0.0802
vn -0.2491 -0.9585 -0.1386
vn -0.1576 -0.9838 -0.0856
vn 0.1962 -0.9758 0.0965
vn -0.0031 -0.9999 0.0148
vn 0.1521 -0.9716 0.1811
vn -0.0329 -0.9977 0.0597
vn -0.5337 -0.8171 -0.2179
vn -0.3917 -0.9063 -0.1587
vn -0.5008 -0.8174 -0.2847
vn -0.3673 -0.9067 -0.2071
vn 0.8719 -0.3608 0.3311
vn 0.7755 -0.5594 0.2928
vn 0.7253 -0.4205 0.5451
vn 0.4679 -0.7934 0.3893
vn 0.3510 -0.9248 0.1468
vn -0.4594 -0.8178 -0.3466
vn -0.3376 -0.9068 -0.2524
vn -0.4104 -0.8182 -0.4026
vn -0.3015 -0.9074 -0.2929
vn -0.2050 -0.9589 -0.1960
vn -0.2317 -0.9577 -0.1708
vn 0.6786 -0.5073 0.5312
vn 0.4447 -0.8214 0.3571
vn 0.4829 -0.7502 0.4516
vn 0.3940 -0.8366 0.3806
vn 0.1699 -0.9704 0.1716
vn 0.1725 -0.9711 0.1650
vn -0.0785 -0.9967 0.0215
vn -0.0435 -0.9986 0.0308
vn -0.0438 -0.9990 0.0091
vn -0.0205 -0.9992 0.0331
vn -0.0218 -0.9994 0.0263
vn -0.0359 -0.9993 0.0139
vn -0.0360 -0.9988 0.0345
vn -0.0564 -0.9976 0.0405
vn -0.0484 -0.9988 0.0078
vn -0.0590 -0.9982 0.0081
vn -0.0819 -0.9966 -0.0132
vn -0.1104 -0.9938 0.0133
vn -0.1756 -0.9761 -0.1277
vn -0.1304 -0.9840 -0.1210
vn -0.0152 -0.9993 0.0338
vn -0.0089 -0.9998 0.0162
vn -0.0560 -0.9984 0.0105
vn -0.0514 -0.9987 0.0012
vn -0.0608 -0.9981 0.0132
vn -0.0509 -0.9984 0.0263
vn -0.0547 -0.9985 -0.0050
vn -0.0622 -0.9978 -0.0242
vn -0.1799 -0.9582 -0.2226
vn -0.1369 -0.9765 -0.1664
vn -0.1476 -0.9595 -0.2400
vn -0.0949 -0.9844 -0.1483
vn 0.0782 -0.9789 0.1887
vn -0.0430 -0.9984 0.0367
vn 0.0313 -0.9866 0.1601
vn -0.0390 -0.9983 0.0442
vn -0.3543 -0.8188 -0.4517
vn -0.2610 -0.9076 -0.3290
vn -0.2925 -0.8193 -0.4931
vn -0.2157 -0.9082 -0.3587
vn 0.4840 -0.5292 0.6969
vn 0.2852 -0.8511 0.4407
vn 0.3703 -0.6490 0.6645
vn 0.1797 -0.9083 0.3778
vn -0.0344 -0.9994 0.0010
vn -0.0310 -0.9994 0.0152
vn -0.0455 -0.9990 0.0015
vn -0.0549 -0.9984 0.0101
vn -0.0566 -0.9983 0.0104
vn -0.0571 -0.9979 0.0297
vn -0.0359 -0.9992 -0.0199
vn -0.0291 -0.9996 -0.0038
vn -0.0243 -0.9996 -0.0105
vn -0.0095 -0.9999 -0.0050
vn -0.0083 -0.9998 0.0175
vn -0.0089 -0.9999 0.0071
vn -0.0503 -0.9987 0.0120
vn -0.0386 -0.9989 0.0282
vn -0.0327 -0.9994 0.0146
vn -0.0366 -0.9992 0.0188
vn -0.0485 -0.9988 0.0105
vn -0.0443 -0.9990 0.0089
vn -0.1164 -0.9588 -0.2592
vn -0.0895 -0.9770 -0.1937
vn -0.0808 -0.9601 -0.2677
vn -0.0536 -0.9848 -0.1654
vn 0.0005 -0.9938 0.1111
vn -0.0417 -0.9982 0.0421
vn -0.0058 -0.9987 0.0504
vn -0.0296 -0.9994 0.0155
vn -0.2257 -0.8200 -0.5260
vn -0.1673 -0.9084 -0.3831
vn -0.1552 -0.8206 -0.5500
vn -0.1158 -0.9091 -0.4001
vn 0.1388 -0.9183 0.3708
vn 0.0782 -0.9627 0.2590
vn 0.0869 -0.9604 0.2649
vn 0.0488 -0.9828 0.1780
vn -0.0118 -0.9998 0.0154
vn -0.0001 -0.9998 0.0179
vn -0.0110 -0.9995 0.0290
vn -0.0044 -0.9995 0.0310
vn 0.0007 -1.0000 -0.0041
vn 0.0001 -1.0000 0.0067
vn -0.0821 -0.8214 -0.5644
vn -0.0627 -0.9094 -0.4111
vn -0.0078 -0.8220 -0.5694
vn -0.0086 -0.9101 -0.4142
vn -0.0091 -0.9608 -0.2771
vn -0.0457 -0.9594 -0.2782
vn 0.0474 -0.9712 0.2334
vn 0.0028 -0.9913 0.1318
vn -0.0116 -0.9684 0.2493
vn -0.0113 -0.9906 0.1367
vn -0.0296 -0.9995 0.0068
vn -0.0263 -0.9997 -0.0017
vn -0.0123 -0.9999 0.0101
vn -0.0185 -0.9998 0.0037
vn -0.0148 -0.9992 0.0359
vn -0.0187 -0.9997 0.0171
vn -0.0114 -0.9999 -0.0073
vn -0.0066 -0.9998 -0.0203
vn -0.0085 -0.9999 -0.0068
vn -0.0215 -0.9998 0.0023
vn -0.0366 -0.9775 -0.2079
vn -0.0093 -0.9852 -0.1712
vn -0.0060 -0.9999 -0.0103
vn -0.0065 -0.9999 -0.0132
vn -0.0009 -1.0000 -0.0038
vn 0.0076 -0.9999 -0.0125
vn -0.0007 -1.0000 -0.0026
vn -0.0041 -1.0000 -0.0031
vn 0.0275 -0.9601 -0.2782
vn 0.0181 -0.9780 -0.2079
vn 0.0626 -0.9615 -0.2677
vn 0.0350 -0.9856 -0.1654
vn -0.0060 -0.9991 0.0424
vn -0.0058 -0.9995 0.0309
vn -0.0253 -0.9987 0.0444
vn -0.0088 -0.9998 0.0200
vn 0.0665 -0.8228 -0.5644
vn 0.0455 -0.9105 -0.4111
vn 0.1396 -0.8234 -0.5500
vn 0.0986 -0.9112 -0.4001
vn -0.0310 -0.9637 0.2652
vn -0.0222 -0.9888 0.1474
vn -0.0839 -0.9643 0.2511
vn -0.0606 -0.9852 0.1601
vn 0.0316 -0.9993 0.0203
vn 0.0340 -0.9993 -0.0173
vn 0.0075 -0.9997 0.0235
vn 0.0160 -0.9985 -0.0514
vn -0.0132 -0.9997 -0.0183
vn -0.0048 -0.9996 0.0267
vn -0.1025 -0.9666 0.2349
vn -0.0694 -0.9862 0.1503
vn -0.1462 -0.9565 0.2524
vn -0.0829 -0.9851 0.1505
vn -0.0029 -0.9997 0.0247
vn -0.0263 -0.9991 0.0337
vn -0.0392 -0.9992 -0.0039
vn -0.0225 -0.9980 -0.0592
vn -0.0049 -1.0000 -0.0084
vn -0.0012 -0.9998 -0.0203
vn 0.0029 -1.0000 -0.0058
vn -0.0200 -0.9992 -0.0332
vn -0.0277 -0.9996 0.0058
vn -0.0103 -0.9998 -0.0182
vn 0.0007 -0.9993 0.0384
vn 0.0228 -0.9994 0.0272
vn 0.0367 -0.9992 0.0164
vn -0.0113 -0.9999 -0.0074
vn 0.0983 -0.9608 -0.2592
vn 0.0710 -0.9785 -0.1937
vn 0.1295 -0.9621 -0.2400
vn 0.0763 -0.9860 -0.1483
vn -0.0283 -0.9995 0.0121
vn 0.0011 -0.9997 0.0230
vn 0.2101 -0.8241 -0.5260
vn 0.1501 -0.9114 -0.3831
vn 0.2769 -0.8247 -0.4931
vn 0.1985 -0.9121 -0.3587
vn -0.0182 -0.9965 0.0812
vn 0.0285 -0.9981 0.0539
vn -0.0460 -0.9936 0.1035
vn 0.0213 -0.9992 0.0328
vn 0.0007 -0.9993 0.0366
vn 0.0255 -0.9976 0.0649
vn 0.3388 -0.8254 -0.4517
vn 0.2438 -0.9123 -0.3290
vn 0.3948 -0.8259 -0.4026
vn 0.2843 -0.9129 -0.2929
vn 0.1868 -0.9626 -0.1960
vn 0.1617 -0.9614 -0.2226
vn -0.2346 -0.9225 0.3064
vn -0.1585 -0.9640 0.2134
vn -0.5465 -0.6491 0.5292
vn -0.2661 -0.9208 0.2853
vn 0.0450 -0.9988 0.0171
vn 0.0440 -0.9986 0.0293
vn 0.0469 -0.9987 0.0207
vn 0.0382 -0.9988 0.0299
vn 0.0380 -0.9984 0.0408
vn 0.0453 -0.9983 0.0363
vn 0.0454 -0.9976 0.0526
vn 0.0070 -0.9997 0.0252
vn 0.0420 -0.9991 -0.0034
vn 0.0687 -0.9975 0.0177
vn 0.1184 -0.9789 -0.1664
vn 0.1117 -0.9863 -0.1211
vn -0.0058 -0.9999 0.0144
vn -0.0059 -0.9999 0.0144
vn 0.0109 -0.9999 -0.0052
vn -0.0169 -0.9998 -0.0105
vn -0.0032 -0.9999 -0.0163
vn 0.0231 -0.9997 -0.0003
vn 0.2135 -0.9619 -0.1708
vn 0.1571 -0.9793 -0.1277
vn 0.2309 -0.9631 -0.1386
vn 0.1389 -0.9866 -0.0856
vn -0.0968 -0.9912 0.0905
vn 0.0118 -0.9999 0.0019
vn -0.1384 -0.9870 0.0811
vn 0.0075 -0.9999 0.0074
vn 0.4439 -0.8264 -0.3466
vn 0.3203 -0.9131 -0.2524
vn 0.4853 -0.8267 -0.2847
vn 0.3501 -0.9135 -0.2071
vn -0.6349 -0.5781 0.5125
vn -0.3782 -0.8740 0.3051
vn -0.6938 -0.5794 0.4276
vn -0.4284 -0.8667 0.2554
vn 0.0305 -0.9995 -0.0071
vn 0.0123 -0.9999 0.0078
vn 0.0214 -0.9995 -0.0234
vn -0.0038 -1.0000 -0.0046
vn -0.0069 -1.0000 -0.0047
vn 0.0033 -0.9998 0.0217
vn -0.7011 -0.6471 0.2995
vn -0.4316 -0.8852 0.1737
vn -0.7239 -0.6709 0.1608
vn -0.4407 -0.8918 0.1027
vn -0.1689 -0.9846 0.0448
vn -0.1693 -0.9840 0.0554
vn 0.0089 -0.9999 -0.0071
vn -0.0081 -0.9998 0.0191
vn -0.0213 -0.9997 0.0118
vn -0.0214 -0.9990 0.0386
vn 0.0231 -0.9989 0.0411
vn 0.0096 -0.9998 0.0163
vn 0.0305 -0.9991 -0.0298
vn -0.0008 -0.9997 -0.0246
vn 0.0448 -0.9989 -0.0165
vn 0.0143 -0.9999 -0.0053
vn -0.0133 -0.9999 -0.0008
vn -0.0261 -0.9995 -0.0195
vn 0.2501 -0.9622 -0.1074
vn 0.1845 -0.9796 -0.0802
vn 0.2586 -0.9633 -0.0717
vn 0.1560 -0.9868 -0.0443
vn -0.0134 -0.9999 -0.0083
vn 0.0028 -1.0000 0.0017
vn 0.5182 -0.8271 -0.2179
vn 0.3745 -0.9136 -0.1587
vn 0.5422 -0.8273 -0.1474
vn 0.3915 -0.9139 -0.1072
vn -0.1364 -0.9902 0.0295
vn 0.0212 -0.9997 0.0081
vn -0.1987 -0.9800 0.0112
vn -0.0182 -0.9998 0.0081
vn -0.0019 -0.9994 0.0335
vn 0.0384 -0.9992 0.0112
vn 0.5566 -0.8274 -0.0743
vn 0.4025 -0.9138 -0.0541
vn 0.5616 -0.8274 -0.0000
vn 0.4056 -0.9141 -0.0000
vn 0.2680 -0.9634 -0.0000
vn 0.2691 -0.9624 -0.0366
vn -0.7677 -0.6357 0.0810
vn -0.4549 -0.8883 0.0631
vn -0.8383 -0.5451 0.0102
vn -0.5602 -0.8283 0.0139
vn -0.0392 -0.9985 0.0384
vn -0.0385 -0.9984 0.0406
vn -0.0329 -0.9973 0.0663
vn -0.0480 -0.9965 0.0680
vn 0.0448 -0.9965 0.0706
vn 0.0246 -0.9993 0.0267
vn 0.0073 -0.9996 0.0263
vn 0.0004 -0.9983 0.0581
vn 0.0028 -0.9977 0.0675
vn 0.0031 -0.9996 0.0266
vn 0.1987 -0.9797 -0.0274
vn 0.1619 -0.9868 -0.0000
vn -0.0503 -0.9981 0.0369
vn -0.0237 -0.9978 0.0623
vn -0.0653 -0.9978 0.0143
vn -0.0441 -0.9986 0.0301
vn 0.0067 -0.9985 0.0539
vn -0.0044 -0.9970 0.0768
vn 0.2691 -0.9624 0.0366
vn 0.1987 -0.9797 0.0274
vn 0.2586 -0.9633 0.0717
vn 0.1560 -0.9868 0.0443
vn -0.2128 -0.9771 -0.0082
vn -0.0445 -0.9988 0.0228
vn -0.2276 -0.9731 -0.0349
vn -0.0520 -0.9985 0.0159
vn 0.5566 -0.8274 0.0743
vn 0.4025 -0.9138 0.0541
vn 0.5422 -0.8273 0.1474
vn 0.3915 -0.9139 0.1072
vn -0.8262 -0.5573 -0.0820
vn -0.5760 -0.8153 -0.0600
vn -0.8001 -0.5721 -0.1802
vn -0.5712 -0.8111 -0.1257
vn -0.0163 -0.9979 0.0627
vn -0.0506 -0.9976 0.0480
vn 0.0025 -0.9995 0.0312
vn -0.0131 -0.9999 0.0070
vn 0.0635 -0.9980 0.0074
vn 0.0607 -0.9964 0.0584
vn -0.7762 -0.5124 -0.3675
vn -0.5865 -0.7666 -0.2615
vn -0.7596 -0.4903 -0.4274
vn -0.5874 -0.7382 -0.3316
vn -0.2376 -0.9636 -0.1227
vn -0.2554 -0.9629 -0.0871
vn 0.0144 -0.9999 0.0092
vn 0.0087 -0.9999 0.0071
vn 0.0087 -1.0000 0.0046
vn 0.0011 -0.9999 0.0115
vn 0.0380 -0.9987 0.0339
vn 0.0424 -0.9987 0.0292
vn -0.0593 -0.9982 -0.0018
vn -0.0442 -0.9990 -0.0028
vn -0.0534 -0.9985 -0.0114
vn -0.0267 -0.9996 -0.0007
vn 0.0348 -0.9992 0.0169
vn 0.0228 -0.9995 0.0209
vn 0.2501 -0.9622 0.1074
vn 0.1845 -0.9796 0.0802
vn 0.2309 -0.9631 0.1386
vn 0.1389 -0.9866 0.0856
vn -0.0496 -0.9987 0.0065
vn -0.0397 -0.9992 -0.0057
vn 0.5182 -0.8271 0.2179
vn 0.3745 -0.9136 0.1587
vn 0.4853 -0.8267 0.2847
vn 0.3501 -0.9135 0.2071
vn 0.2135 -0.9619 0.1708
vn 0.1571 -0.9793 0.1277
vn 0.1868 -0.9626 0.1960
vn 0.1117 -0.9863 0.1210
vn -0.2337 -0.9576 -0.1685
vn -0.0241 -0.9996 -0.0144
vn -0.1816 -0.9644 -0.1922
vn 0.0007 -0.9998 -0.0216
vn 0.0031 -0.9994 -0.0355
vn -0.0292 -0.9990 -0.0331
vn 0.4439 -0.8264 0.3466
vn 0.3203 -0.9131 0.2524
vn 0.3948 -0.8259 0.4026
vn 0.2843 -0.9129 0.2929
vn -0.6899 -0.5193 -0.5044
vn -0.5626 -0.7136 -0.4173
vn -0.5989 -0.5435 -0.5882
vn -0.4599 -0.7497 -0.4759
vn 0.0016 -1.0000 0.0018
vn 0.0013 -1.0000 0.0009
vn 0.0327 -0.9994 -0.0116
vn 0.0341 -0.9989 -0.0308
vn 0.0902 -0.9956 0.0249
vn 0.0575 -0.9978 0.0344
vn -0.0034 -0.9998 -0.0214
vn 0.0105 -0.9990 -0.0443
vn 0.0354 -0.9993 -0.0128
vn 0.0359 -0.9991 0.0229
vn 0.0022 -0.9997 -0.0248
vn 0.0077 -0.9997 -0.0241
vn 0.0284 -0.9992 -0.0280
vn 0.0538 -0.9983 -0.0239
vn 0.0416 -0.9986 -0.0323
vn 0.0248 -0.9994 -0.0233
vn 0.1617 -0.9614 0.2226
vn 0.1184 -0.9789 0.1664
vn 0.1295 -0.9621 0.2400
vn 0.0763 -0.9860 0.1483
vn -0.1279 -0.9686 -0.2134
vn 0.0032 -0.9989 -0.0466
vn -0.0882 -0.9756 -0.2011
vn -0.0048 -0.9983 -0.0580
vn 0.3388 -0.8254 0.4517
vn 0.2438 -0.9123 0.3290
vn 0.2769 -0.8247 0.4931
vn 0.1985 -0.9121 0.3587
vn -0.5353 -0.5796 -0.6145
vn -0.3912 -0.7810 -0.4869
vn -0.3830 -0.6399 -0.6662
vn -0.2506 -0.8523 -0.4590
vn 0.0514 -0.9986 0.0078
vn 0.0623 -0.9977 -0.0260
vn 0.0648 -0.9974 0.0325
vn 0.0480 -0.9988 0.0077
vn 0.0095 -0.9999 -0.0124
vn 0.0833 -0.9965 -0.0056
vn 0.2101 -0.8241 0.5260
vn 0.1501 -0.9114 0.3831
vn 0.1396 -0.8234 0.5500
vn 0.0986 -0.9112 0.4001
vn 0.0626 -0.9615 0.2677
vn 0.0983 -0.9608 0.2592
vn -0.2762 -0.6876 -0.6715
vn -0.1468 -0.9146 -0.3769
vn -0.1133 -0.8945 -0.4326
vn -0.0884 -0.9531 -0.2896
vn -0.0111 -0.9957 -0.0921
vn -0.0191 -0.9902 -0.1386
vn 0.0622 -0.9978 0.0208
vn 0.0219 -0.9997 -0.0109
vn 0.0133 -0.9997 0.0188
vn -0.0000 -0.9998 -0.0213
vn 0.0252 -0.9996 -0.0086
vn -0.0009 -0.9997 -0.0252
vn 0.0494 -0.9984 -0.0286
vn 0.0482 -0.9983 -0.0337
vn 0.0149 -0.9995 -0.0286
vn -0.0070 -0.9992 -0.0396
vn 0.0063 -1.0000 -0.0047
vn 0.0290 -0.9989 -0.0355
vn 0.0710 -0.9785 0.1937
vn 0.0350 -0.9856 0.1654
vn 0.0462 -0.9981 -0.0403
vn 0.0326 -0.9993 -0.0159
vn 0.0275 -0.9601 0.2782
vn 0.0181 -0.9780 0.2079
vn -0.0209 -0.9979 -0.0614
vn -0.0263 -0.9996 -0.0042
vn -0.0322 -0.9988 -0.0358
vn 0.0665 -0.8228 0.5644
vn 0.0455 -0.9105 0.4111
vn -0.0631 -0.8972 -0.4371
vn -0.0377 -0.9532 -0.3000
vn -0.0385 -0.9992 0.0092
vn -0.0430 -0.9991 0.0058
vn -0.0177 -0.9989 0.0445
vn -0.0291 -0.9990 -0.0348
vn -0.0143 -0.9999 0.0006
vn 0.0755 -0.9910 0.1109
vn 0.0174 -0.9957 0.0914
vn 0.0293 -0.9762 0.2147
vn 0.0826 -0.9652 0.2480
vn -0.0321 -0.9949 0.0957
vn -0.0251 -0.9735 0.2274
vn -0.0123 -0.9152 0.4027
vn 0.0471 -0.9160 0.3985
vn 0.1048 -0.9081 0.4054
vn 0.0736 -0.9849 0.1567
vn 0.0953 -0.9850 0.1440
vn 0.1405 -0.9462 0.2915
vn 0.1691 -0.9357 0.3097
vn 0.1701 -0.8952 0.4120
vn 0.2234 -0.8876 0.4027
vn 0.1562 -0.9828 0.0988
vn 0.0861 -0.9859 0.1432
vn 0.1884 -0.9424 0.2765
vn 0.2634 -0.9373 0.2282
vn 0.2685 -0.8917 0.3645
vn 0.3347 -0.8830 0.3292
vn 0.1895 -0.9741 0.1233
vn 0.1974 -0.9764 0.0879
vn 0.3493 -0.9081 0.2310
vn 0.3833 -0.8935 0.2337
vn 0.4060 -0.8606 0.3074
vn 0.4485 -0.8533 0.2660
vn 0.1991 -0.9771 0.0752
vn 0.1838 -0.9753 0.1226
vn 0.3703 -0.9102 0.1855
vn 0.3512 -0.9292 0.1150
vn 0.4600 -0.8648 0.2012
vn 0.4524 -0.8821 0.1308
vn 0.1789 -0.9835 0.0264
vn 0.1991 -0.9776 0.0680
vn 0.3219 -0.9443 0.0686
vn 0.2796 -0.9600 0.0154
vn 0.4345 -0.8983 0.0651
vn 0.4142 -0.9102 0.0039
vn 0.1494 -0.9888 -0.0009
vn 0.1737 -0.9847 -0.0136
vn 0.2548 -0.9666 -0.0259
vn 0.2158 -0.9754 -0.0439
vn 0.3937 -0.9179 -0.0493
vn 0.3728 -0.9223 -0.1017
vn 0.0596 -0.9944 -0.0872
vn 0.0867 -0.9947 -0.0555
vn 0.1863 -0.9769 -0.1047
vn 0.2187 -0.9613 -0.1674
vn 0.3710 -0.9136 -0.1665
vn 0.3792 -0.8957 -0.2323
vn 0.0862 -0.9963 -0.0024
vn 0.0823 -0.9955 -0.0474
vn 0.2410 -0.9540 -0.1782
vn 0.1959 -0.9693 -0.1488
vn 0.3599 -0.8904 -0.2788
vn 0.3019 -0.9069 -0.2939
vn 0.0115 -0.9998 0.0151
vn 0.0582 -0.9981 0.0205
vn 0.1204 -0.9879 -0.0977
vn 0.0463 -0.9970 -0.0623
vn 0.2251 -0.9324 -0.2827
vn 0.1559 -0.9479 -0.2777
vn -0.0415 -0.9985 -0.0360
vn -0.0358 -0.9993 -0.0143
vn 0.0062 -0.9965 -0.0831
vn -0.0003 -0.9899 -0.1417
vn 0.1112 -0.9470 -0.3014
vn 0.0752 -0.9357 -0.3447
vn 0.0160 -0.9982 -0.0582
vn -0.0380 -0.9981 -0.0483
vn -0.0048 -0.9790 -0.2037
vn 0.0122 -0.9773 -0.2114
vn 0.0369 -0.9225 -0.3842
vn -0.0009 -0.9251 -0.3796
vn -0.0258 -0.9984 -0.0494
vn 0.0042 -0.9989 -0.0468
vn -0.0182 -0.9859 -0.1663
vn -0.0480 -0.9887 -0.1422
vn -0.0532 -0.9344 -0.3522
vn -0.1030 -0.9335 -0.3434
vn -0.0686 -0.9971 -0.0340
vn -0.0031 -0.9986 -0.0527
vn -0.0374 -0.9925 -0.1161
vn -0.0833 -0.9919 -0.0955
vn -0.1379 -0.9359 -0.3242
vn -0.1809 -0.9384 -0.2944
vn -0.1278 -0.9881 -0.0851
vn -0.1187 -0.9912 -0.0591
vn -0.1347 -0.9827 -0.1271
vn -0.1823 -0.9725 -0.1448
vn -0.2311 -0.9314 -0.2813
vn -0.2882 -0.9189 -0.2694
vn -0.1268 -0.9897 -0.0662
vn -0.1323 -0.9892 -0.0624
vn -0.2424 -0.9590 -0.1468
vn -0.2683 -0.9513 -0.1518
vn -0.3502 -0.9021 -0.2523
vn -0.3907 -0.8935 -0.2213
vn -0.1374 -0.9904 -0.0119
vn -0.1296 -0.9897 -0.0602
vn -0.2725 -0.9552 -0.1158
vn -0.3044 -0.9508 -0.0572
vn -0.4132 -0.8950 -0.1684
vn -0.4470 -0.8877 -0.1106
vn -0.1091 -0.9926 -0.0528
vn -0.1233 -0.9916 -0.0380
vn -0.3124 -0.9484 -0.0543
vn -0.2532 -0.9666 -0.0399
vn -0.4648 -0.8831 -0.0635
vn -0.4324 -0.9016 -0.0121
vn -0.1152 -0.9921 0.0486
vn -0.1049 -0.9940 0.0300
vn -0.2226 -0.9742 0.0382
vn -0.2499 -0.9651 0.0779
vn -0.4017 -0.9142 0.0526
vn -0.3995 -0.9104 0.1074
vn -0.0730 -0.9970 0.0269
vn -0.1114 -0.9937 0.0089
vn -0.2481 -0.9650 0.0849
vn -0.2098 -0.9712 0.1132
vn -0.3824 -0.9115 0.1512
vn -0.3522 -0.9144 0.1995
vn -0.0673 -0.9969 0.0400
vn -0.0687 -0.9971 0.0332
vn -0.1824 -0.9757 0.1217
vn -0.1453 -0.9824 0.1177
vn -0.3254 -0.9140 0.2424
vn -0.2857 -0.9190 0.2717
vn -0.0183 -0.9909 0.1336
vn -0.0232 -0.9951 0.0960
vn -0.1060 -0.9782 0.1787
vn -0.1181 -0.9580 0.2613
vn -0.2455 -0.9137 0.3240
vn -0.2236 -0.8921 0.3926
vn -0.0672 -0.9931 0.0957
vn -0.0531 -0.9905 0.1268
vn -0.1249 -0.9427 0.3093
vn -0.1062 -0.9452 0.3089
vn -0.1878 -0.8759 0.4445
vn -0.1363 -0.8747 0.4651
vn -0.0569 -0.9944 0.0886
vn -0.0789 -0.9594 0.2706
vn -0.0797 -0.8954 0.4381
vn -0.0214 -0.9996 0.0196
vn 0.0181 -0.9995 0.0243
vn -0.0590 -0.9982 0.0074
vn 0.0493 -0.9988 0.0002
vn 0.0527 -0.9986 -0.0012
vn 0.0491 -0.9987 0.0113
vn 0.0540 -0.9983 0.0214
vn 0.0389 -0.9987 0.0330
vn 0.0521 -0.9984 0.0196
vn 0.0481 -0.9984 0.0286
vn 0.0247 -0.9985 0.0483
vn 0.0095 -0.9972 0.0738
vn -0.0026 -0.9973 0.0729
vn -0.0030 -0.9996 0.0267
vn 0.0016 -1.0000 -0.0093
vn 0.0122 -0.9995 -0.0279
vn 0.0268 -0.9993 -0.0273
vn 0.0384 -0.9992 -0.0058
vn 0.0561 -0.9984 -0.0011
vn 0.0636 -0.9980 0.0033
vn 0.0107 -0.9998 0.0177
vn -0.0362 -0.9987 0.0347
vn -0.0144 -0.9985 0.0524
vn 0.0065 -0.9994 0.0343
vn -0.0110 -0.9999 0.0111
vn -0.0276 -0.9995 0.0169
vn -0.0409 -0.9991 0.0078
vn -0.0484 -0.9985 -0.0250
vn -0.0559 -0.9979 -0.0317
vn -0.0607 -0.9978 -0.0279
vn -0.0791 -0.9967 -0.0176
vn -0.1150 -0.9934 0.0039
vn -0.1249 -0.9921 -0.0085
vn -0.1160 -0.9931 -0.0163
vn -0.0847 -0.9954 -0.0444
vn -0.0775 -0.9955 -0.0540
vn -0.0726 -0.9956 -0.0594
vn -0.0592 -0.9966 -0.0573
vn -0.0428 -0.9991 0.0079
vn -0.0394 -0.9991 0.0173
vn -0.0409 -0.9987 0.0320
vn -0.0472 -0.9957 0.0798
vn -0.0517 -0.9955 0.0798
vn -0.0301 -0.9973 0.0674
vn -0.0055 -0.9989 0.0460
vn -0.0003 -0.9998 0.0218
vn -0.0277 -0.9996 0.0105
vn -0.0559 -0.9984 -0.0006
vn 0.1704 -0.7300 0.6619
vn 0.0825 -0.7291 0.6794
vn 0.0799 -0.7463 0.6608
vn 0.1654 -0.7471 0.6438
vn -0.0069 -0.7283 0.6852
vn -0.0071 -0.7455 0.6665
vn 0.3357 -0.7316 0.5934
vn 0.2553 -0.7308 0.6331
vn 0.2480 -0.7479 0.6158
vn 0.3262 -0.7486 0.5772
vn 0.4776 -0.7329 0.4845
vn 0.4102 -0.7323 0.5436
vn 0.3987 -0.7493 0.5288
vn 0.4642 -0.7499 0.4713
vn 0.5865 -0.7339 0.3426
vn 0.5367 -0.7334 0.4171
vn 0.5217 -0.7505 0.4057
vn 0.5701 -0.7509 0.3333
vn 0.6550 -0.7346 0.1773
vn 0.6261 -0.7343 0.2622
vn 0.6087 -0.7513 0.2551
vn 0.6367 -0.7516 0.1725
vn 0.6783 -0.7348 -0.0000
vn 0.6724 -0.7347 0.0894
vn 0.6537 -0.7517 0.0870
vn 0.6594 -0.7518 -0.0000
vn 0.6550 -0.7346 -0.1773
vn 0.6724 -0.7347 -0.0894
vn 0.6537 -0.7517 -0.0870
vn 0.6367 -0.7516 -0.1725
vn 0.5865 -0.7339 -0.3426
vn 0.6261 -0.7343 -0.2622
vn 0.6087 -0.7513 -0.2551
vn 0.5701 -0.7509 -0.3333
vn 0.4776 -0.7329 -0.4845
vn 0.5367 -0.7334 -0.4171
vn 0.5217 -0.7505 -0.4057
vn 0.4642 -0.7499 -0.4713
vn 0.3357 -0.7316 -0.5934
vn 0.4102 -0.7323 -0.5436
vn 0.3986 -0.7493 -0.5288
vn 0.3262 -0.7486 -0.5772
vn 0.1704 -0.7300 -0.6619
vn 0.2553 -0.7308 -0.6331
vn 0.2480 -0.7479 -0.6158
vn 0.1654 -0.7471 -0.6438
vn -0.0069 -0.7283 -0.6852
vn 0.0825 -0.7291 -0.6794
vn 0.0799 -0.7463 -0.6608
vn -0.0071 -0.7455 -0.6665
vn -0.1842 -0.7266 -0.6619
vn -0.0963 -0.7274 -0.6794
vn -0.0941 -0.7446 -0.6608
vn -0.1796 -0.7438 -0.6438
vn -0.3495 -0.7251 -0.5934
vn -0.2691 -0.7258 -0.6331
vn -0.2621 -0.7431 -0.6158
vn -0.3403 -0.7423 -0.5772
vn -0.4914 -0.7237 -0.4845
vn -0.4240 -0.7244 -0.5436
vn -0.4128 -0.7416 -0.5288
vn -0.4783 -0.7410 -0.4713
vn -0.6003 -0.7227 -0.3426
vn -0.5505 -0.7232 -0.4171
vn -0.5358 -0.7405 -0.4057
vn -0.5842 -0.7400 -0.3332
vn -0.6687 -0.7220 -0.1774
vn -0.6399 -0.7223 -0.2622
vn -0.6228 -0.7396 -0.2551
vn -0.6508 -0.7394 -0.1725
vn -0.6921 -0.7218 -0.0000
vn -0.6862 -0.7219 -0.0894
vn -0.6678 -0.7392 -0.0870
vn -0.6735 -0.7392 -0.0000
vn -0.6687 -0.7220 0.1774
vn -0.6862 -0.7219 0.0895
vn -0.6678 -0.7392 0.0870
vn -0.6508 -0.7394 0.1725
vn -0.6003 -0.7227 0.3426
vn -0.6399 -0.7223 0.2622
vn -0.6228 -0.7396 0.2551
vn -0.5842 -0.7400 0.3332
vn -0.4914 -0.7237 0.4845
vn -0.5505 -0.7232 0.4171
vn -0.5358 -0.7405 0.4057
vn -0.4783 -0.7410 0.4713
vn -0.3495 -0.7251 0.5934
vn -0.4240 -0.7244 0.5436
vn -0.4128 -0.7416 0.5288
vn -0.3403 -0.7423 0.5772
vn -0.1842 -0.7266 0.6619
vn -0.2691 -0.7258 0.6331
vn -0.2621 -0.7431 0.6158
vn -0.1796 -0.7438 0.6438
vn -0.0963 -0.7275 0.6794
vn -0.0940 -0.7447 0.6608
vn -0.0837 -0.8123 0.5772
vn -0.0077 -0.8130 0.5822
vn -0.1584 -0.8116 0.5624
vn -0.2305 -0.8109 0.5379
vn -0.2988 -0.8103 0.5042
vn -0.3621 -0.8096 0.4619
vn -0.4193 -0.8091 0.4117
vn -0.4696 -0.8086 0.3544
vn -0.5119 -0.8082 0.2911
vn -0.5456 -0.8079 0.2228
vn -0.5700 -0.8077 0.1507
vn -0.5849 -0.8075 0.0760
vn -0.5899 -0.8075 -0.0000
vn -0.5849 -0.8075 -0.0760
vn -0.5700 -0.8077 -0.1507
vn -0.5456 -0.8079 -0.2228
vn -0.5119 -0.8082 -0.2911
vn -0.4696 -0.8086 -0.3544
vn -0.4194 -0.8091 -0.4117
vn -0.3621 -0.8096 -0.4619
vn -0.2988 -0.8102 -0.5042
vn -0.2305 -0.8109 -0.5379
vn -0.1584 -0.8116 -0.5624
vn -0.0837 -0.8123 -0.5772
vn -0.0077 -0.8130 -0.5822
vn 0.0683 -0.8137 -0.5772
vn 0.1430 -0.8144 -0.5624
vn 0.2151 -0.8151 -0.5379
vn 0.2834 -0.8158 -0.5042
vn 0.3467 -0.8163 -0.4619
vn 0.4040 -0.8169 -0.4117
vn 0.4542 -0.8174 -0.3544
vn 0.4965 -0.8178 -0.2911
vn 0.5302 -0.8181 -0.2228
vn 0.5547 -0.8183 -0.1507
vn 0.5695 -0.8184 -0.0760
vn 0.5745 -0.8185 -0.0000
vn 0.5695 -0.8184 0.0760
vn 0.5547 -0.8183 0.1507
vn 0.5302 -0.8181 0.2228
vn 0.4965 -0.8178 0.2911
vn 0.4542 -0.8174 0.3544
vn 0.4040 -0.8169 0.4117
vn 0.3467 -0.8164 0.4619
vn 0.2834 -0.8158 0.5042
vn 0.2151 -0.8151 0.5379
vn 0.1430 -0.8144 0.5624
vn 0.0683 -0.8137 0.5772
vn -0.0489 -0.9947 0.0907
vn -0.0383 -0.9953 0.0890
vn -0.0690 -0.9945 0.0789
vn -0.0423 -0.9949 0.0915
vn 0.0066 -0.9941 0.1086
vn -0.0189 -0.9957 0.0908
vn -0.0567 -0.9973 0.0476
vn -0.0337 -0.9989 0.0316
vn -0.0203 -0.9998 -0.0019
vn -0.0486 -0.9982 -0.0365
vn -0.0622 -0.9979 0.0193
vn -0.0809 -0.9965 0.0220
vn -0.0794 -0.9960 -0.0412
vn -0.0675 -0.9972 -0.0310
vn -0.0796 -0.9967 -0.0124
vn -0.0815 -0.9960 -0.0379
vn -0.0769 -0.9967 -0.0244
vn -0.0665 -0.9975 -0.0229
vn -0.0706 -0.9971 -0.0292
vn -0.0956 -0.9954 0.0049
vn -0.0593 -0.9982 -0.0029
vn 0.0009 -0.9997 -0.0228
vn -0.0200 -0.9998 -0.0059
vn -0.0026 -0.9998 0.0188
vn 0.0045 -0.9991 0.0421
vn -0.0372 -0.9986 0.0386
vn -0.0433 -0.9990 0.0060
vn -0.0322 -0.9994 -0.0111
vn 0.0092 -0.9999 0.0076
vn 0.0442 -0.9980 0.0442
vn 0.0453 -0.9978 0.0480
vn 0.0159 -0.9998 0.0111
vn 0.0123 -0.9992 -0.0379
vn 0.0599 -0.9980 -0.0188
vn 0.0972 -0.9950 0.0235
vn 0.1023 -0.9947 0.0032
vn 0.1285 -0.9906 0.0474
vn 0.1562 -0.9853 0.0692
vn 0.1438 -0.9887 0.0431
vn 0.0968 -0.9927 0.0716
vn 0.0838 -0.9947 0.0590
vn 0.1158 -0.9923 0.0444
vn 0.1277 -0.9898 0.0635
vn 0.0704 -0.9960 0.0550
vn 0.0078 -0.9993 0.0373
vn 0.0391 -0.9986 0.0352
vn 0.0644 -0.9968 0.0470
vn 0.0098 -0.9975 0.0706
vn 0.1614 0.6105 -0.7754
vn 0.0135 0.5707 -0.8210
vn 0.2473 0.5671 -0.7857
vn 0.1389 -0.5292 -0.8370
vn 0.2469 -0.5351 -0.8079
vn -0.0038 -0.5157 -0.8568
vn -0.0117 -0.5152 -0.8570
vn 0.3306 0.5084 -0.7952
vn 0.4288 0.4999 -0.7525
vn 0.3186 -0.5368 -0.7813
vn 0.3966 -0.5825 -0.7095
vn 0.4852 0.4548 -0.7468
vn 0.5817 0.5172 -0.6278
vn 0.4333 -0.5927 -0.6790
vn 0.5941 -0.4912 -0.6371
vn 0.6283 0.6866 -0.3657
vn 0.6889 0.6379 -0.3441
vn 0.7799 -0.3927 -0.4874
vn 0.7973 -0.4647 -0.3853
vn 0.7744 0.4650 -0.4290
vn 0.8709 0.3935 -0.2946
vn 0.8684 0.3941 -0.3008
vn 0.6949 -0.6134 -0.3752
vn 0.7171 -0.6553 -0.2373
vn 0.8503 0.5210 -0.0744
vn 0.7331 0.6799 -0.0160
vn 0.8503 -0.5166 -0.1003
vn 0.9567 -0.2895 -0.0314
vn 0.9562 -0.2909 -0.0320
vn 0.8527 -0.5127 -0.0996
vn 0.8251 0.5544 0.1086
vn 0.8548 0.4670 0.2263
vn 0.9516 -0.2702 0.1466
vn 0.9323 -0.2767 0.2328
vn 0.7321 0.6112 0.3007
vn 0.6281 0.6459 0.4339
vn 0.9080 -0.1176 0.4021
vn 0.7880 -0.2118 0.5780
vn 0.6607 0.5520 0.5086
vn 0.6052 0.5556 0.5701
vn 0.7696 -0.2438 0.5901
vn 0.6871 -0.1918 0.7008
vn 0.7401 -0.1737 0.6497
vn 0.4970 0.5446 0.6756
vn 0.4520 0.4280 0.7826
vn 0.5427 -0.3118 0.7799
vn 0.4444 -0.4330 0.7842
vn 0.3480 0.4451 0.8251
vn 0.3391 0.4509 0.8256
vn 0.2682 0.5311 0.8038
vn 0.2684 0.5316 0.8033
vn 0.3254 -0.4993 0.8030
vn 0.2519 -0.5563 0.7919
vn 0.2517 -0.5556 0.7924
vn 0.3272 -0.4987 0.8027
vn 0.1289 0.5484 0.8262
vn 0.1662 0.5522 0.8169
vn -0.0058 0.5076 0.8616
vn -0.0057 0.5078 0.8614
vn 0.1599 -0.5722 0.8044
vn -0.0166 -0.5338 0.8455
vn -0.0168 -0.5337 0.8455
vn 0.1061 -0.5621 0.8203
vn -0.0736 0.4962 0.8651
vn -0.1171 0.5054 0.8549
vn -0.2116 0.5163 0.8299
vn -0.2272 0.5166 0.8255
vn -0.1114 -0.5300 0.8406
vn -0.2317 -0.5155 0.8250
vn -0.2247 -0.5171 0.8259
vn -0.0990 -0.5302 0.8421
vn -0.3391 0.4933 0.8010
vn -0.3207 0.5000 0.8045
vn -0.4588 0.4671 0.7559
vn -0.4373 0.4696 0.7669
vn -0.3247 -0.5144 0.7937
vn -0.4433 -0.5390 0.7162
vn -0.4226 -0.5358 0.7309
vn -0.3463 -0.5200 0.7808
vn -0.5412 0.4888 0.6842
vn -0.5350 0.4838 0.6926
vn -0.5979 0.5566 0.5768
vn -0.5297 -0.5059 0.6808
vn -0.6481 -0.4279 0.6300
vn -0.5395 -0.4984 0.6786
vn -0.6276 0.5907 0.5071
vn -0.6718 0.6007 0.4334
vn -0.7229 -0.3734 0.5814
vn -0.7713 -0.3932 0.5004
vn -0.7188 0.6200 0.3146
vn -0.7827 0.5967 0.1771
vn -0.8050 -0.4782 0.3511
vn -0.8347 -0.5183 0.1863
vn -0.8371 0.5418 0.0752
vn -0.8568 0.5155 0.0086
vn -0.8799 -0.4681 0.0809
vn -0.9133 -0.4071 0.0091
vn -0.8516 0.5186 -0.0764
vn -0.8411 0.5040 -0.1965
vn -0.8902 -0.4482 -0.0815
vn -0.8671 -0.4563 -0.1997
vn -0.7543 0.5340 -0.3820
vn -0.6893 0.6059 -0.3972
vn -0.8210 -0.3893 -0.4177
vn -0.7967 -0.4092 -0.4448
vn -0.6394 0.6035 -0.4764
vn -0.5829 0.5653 -0.5836
vn -0.7079 -0.4819 -0.5163
vn -0.6166 -0.5062 -0.6030
vn -0.5338 0.5693 -0.6252
vn -0.4182 0.5473 -0.7250
vn -0.5614 -0.5205 -0.6434
vn -0.4238 -0.5279 -0.7360
vn -0.3092 0.4957 -0.8116
vn -0.2206 0.4876 -0.8447
vn -0.2047 0.4912 -0.8466
vn -0.3200 -0.5219 -0.7907
vn -0.2188 -0.5165 -0.8279
vn -0.2166 -0.5164 -0.8285
vn -0.1094 0.5210 -0.8465
vn -0.0927 0.5275 -0.8445
vn -0.1112 -0.5142 -0.8504
vn -0.1153 -0.5143 -0.8498
vn -0.0078 -0.8228 0.5683
vn -0.0819 -0.8221 0.5634
vn -0.0628 -0.9093 0.4115
vn -0.0086 -0.9100 0.4146
vn -0.1549 -0.8214 0.5489
vn -0.1159 -0.9090 0.4005
vn -0.0811 -0.9598 0.2687
vn -0.0458 -0.9591 0.2792
vn -0.0091 -0.9605 0.2782
vn -0.0074 -0.8517 -0.5239
vn 0.0658 -0.8533 -0.5172
vn 0.0426 -0.8890 -0.4560
vn -0.0105 -0.9237 -0.3829
vn 0.1312 -0.8547 -0.5024
vn 0.1324 -0.8312 -0.5400
vn 0.0258 -0.9765 -0.2142
vn -0.0095 -0.9858 -0.1676
vn -0.0241 -0.9930 -0.1158
vn -0.0739 -0.9972 -0.0058
vn -0.0507 -0.9987 -0.0054
vn -0.0433 -0.9979 0.0482
vn -0.0801 -0.9964 0.0279
vn -0.0232 -0.9997 0.0052
vn -0.0368 -0.9978 0.0553
vn -0.0531 -0.9937 0.0983
vn -0.0467 -0.9925 0.1133
vn -0.0613 -0.9944 0.0861
vn -0.0460 -0.9980 -0.0437
vn -0.0369 -0.9977 -0.0561
vn -0.0508 -0.9980 -0.0370
vn -0.0508 -0.9984 -0.0253
vn -0.0205 -0.9982 -0.0569
vn -0.0106 -0.9990 -0.0444
vn -0.0318 -0.9994 0.0158
vn -0.0592 -0.9982 -0.0009
vn -0.0508 -0.9987 -0.0001
vn -0.0367 -0.9774 0.2083
vn -0.0536 -0.9848 0.1653
vn -0.0360 -0.9987 -0.0356
vn -0.0362 -0.9991 -0.0207
vn -0.0296 -0.9990 -0.0336
vn -0.0116 -0.9990 -0.0437
vn -0.0011 -0.9997 -0.0258
vn -0.0031 -0.9994 -0.0337
vn -0.0133 -0.9999 -0.0063
vn -0.0320 -0.9981 0.0531
vn -0.0079 -0.9993 0.0373
vn -0.1169 -0.9585 0.2602
vn -0.0897 -0.9769 0.1941
vn -0.1482 -0.9592 0.2409
vn -0.0949 -0.9844 0.1482
vn 0.0746 -0.9647 -0.2524
vn -0.0239 -0.9994 -0.0249
vn -0.0248 -0.9997 -0.0031
vn -0.0168 -0.9998 -0.0126
vn -0.2252 -0.8208 0.5250
vn -0.1674 -0.9083 0.3834
vn -0.2919 -0.8201 0.4922
vn -0.2159 -0.9080 0.3590
vn 0.2826 -0.6495 -0.7059
vn 0.2239 -0.7775 -0.5877
vn 0.3907 -0.6201 -0.6803
vn 0.3268 -0.7402 -0.5876
vn 0.2662 -0.8413 -0.4705
vn 0.0202 -0.9997 0.0163
vn -0.0103 -0.9978 0.0651
vn 0.0363 -0.9985 0.0401
vn 0.0336 -0.9968 0.0723
vn 0.0123 -0.9954 0.0947
vn -0.0367 -0.9950 0.0925
vn 0.3258 -0.7893 -0.5204
vn 0.3518 -0.7574 -0.5502
vn 0.4669 -0.7463 -0.4744
vn 0.3926 -0.8228 -0.4108
vn 0.1401 -0.9809 -0.1352
vn 0.1276 -0.9665 -0.2228
vn -0.0057 -0.9986 0.0524
vn 0.0032 -0.9988 0.0487
vn -0.0175 -0.9981 0.0593
vn 0.0037 -0.9995 0.0314
vn -0.0295 -0.9988 0.0398
vn -0.0151 -0.9977 0.0667
vn 0.0070 -0.9998 -0.0167
vn -0.0056 -0.9999 0.0151
vn 0.0131 -0.9998 0.0174
vn 0.0124 -0.9997 0.0225
vn -0.0360 -0.9973 0.0637
vn -0.0425 -0.9970 0.0645
vn -0.1805 -0.9579 0.2234
vn -0.1372 -0.9764 0.1667
vn -0.2058 -0.9586 0.1967
vn -0.1304 -0.9841 0.1210
vn -0.0204 -0.9998 -0.0012
vn -0.0092 -0.9994 0.0322
vn -0.3537 -0.8195 0.4508
vn -0.2612 -0.9074 0.3292
vn -0.4096 -0.8190 0.4018
vn -0.3018 -0.9072 0.2931
vn -0.2325 -0.9574 0.1714
vn -0.1760 -0.9761 0.1279
vn -0.2500 -0.9582 0.1391
vn 0.1630 -0.9862 -0.0299
vn 0.0362 -0.9977 0.0568
vn 0.1441 -0.9890 -0.0338
vn 0.0442 -0.9988 0.0217
vn 0.0389 -0.9991 0.0149
vn 0.0350 -0.9986 0.0407
vn -0.4586 -0.8186 0.3459
vn -0.3378 -0.9067 0.2526
vn -0.4999 -0.8181 0.2841
vn -0.3676 -0.9066 0.2073
vn 0.5261 -0.7914 -0.3114
vn 0.4528 -0.8602 -0.2347
vn 0.3826 -0.9039 -0.1912
vn 0.3861 -0.9058 -0.1749
vn -0.0353 -0.9980 0.0524
vn 0.0101 -0.9995 0.0284
vn -0.0647 -0.9972 0.0372
vn -0.0099 -0.9999 0.0114
vn -0.0079 -0.9999 0.0062
vn -0.0045 -0.9991 0.0410
vn 0.0345 -0.9987 0.0385
vn 0.0202 -0.9996 0.0206
vn -0.0044 -0.9997 0.0259
vn -0.0094 -0.9976 0.0686
vn 0.0384 -0.9992 -0.0073
vn 0.0163 -0.9998 -0.0070
vn 0.0405 -0.9989 -0.0239
vn 0.0332 -0.9991 -0.0246
vn -0.0295 -0.9996 -0.0053
vn -0.0124 -0.9999 0.0016
vn -0.2693 -0.9570 0.1078
vn -0.2034 -0.9758 0.0804
vn -0.2778 -0.9579 0.0720
vn 0.0857 -0.9953 -0.0445
vn 0.0234 -0.9997 -0.0038
vn 0.0488 -0.9980 -0.0411
vn -0.0041 -0.9998 -0.0184
vn -0.5328 -0.8178 0.2175
vn -0.3920 -0.9062 0.1588
vn -0.5567 -0.8176 0.1471
vn -0.4090 -0.9062 0.1073
vn 0.3335 -0.9237 -0.1884
vn 0.2640 -0.9536 -0.1448
vn 0.4432 -0.8828 -0.1558
vn 0.2245 -0.9700 -0.0935
vn -0.0578 -0.9980 0.0237
vn -0.0086 -0.9996 -0.0263
vn -0.0304 -0.9995 -0.0109
vn 0.0108 -0.9994 -0.0341
vn -0.0225 -0.9996 -0.0161
vn -0.0230 -0.9988 -0.0432
vn -0.5712 -0.8175 0.0742
vn -0.4200 -0.9059 0.0542
vn -0.5761 -0.8174 -0.0000
vn -0.4232 -0.9061 -0.0000
vn -0.2873 -0.9579 -0.0000
vn -0.2883 -0.9568 0.0368
vn 0.4773 -0.8765 -0.0627
vn 0.3225 -0.9445 -0.0632
vn 0.5762 -0.8167 -0.0319
vn 0.4574 -0.8879 -0.0489
vn 0.1503 -0.9867 -0.0623
vn 0.0857 -0.9945 -0.0604
vn -0.0426 -0.9978 -0.0509
vn -0.0107 -0.9995 -0.0286
vn -0.0804 -0.9956 -0.0474
vn -0.0403 -0.9987 -0.0307
vn -0.0512 -0.9983 -0.0287
vn -0.0409 -0.9992 -0.0002
vn 0.0246 -0.9979 -0.0599
vn 0.0243 -0.9982 -0.0554
vn 0.0137 -0.9969 -0.0778
vn 0.0046 -0.9974 -0.0712
vn -0.0296 -0.9976 -0.0625
vn -0.0387 -0.9978 -0.0545
vn -0.2176 -0.9757 0.0274
vn -0.0252 -0.9980 -0.0580
vn -0.0154 -0.9973 -0.0712
vn -0.2883 -0.9568 -0.0368
vn -0.2176 -0.9757 -0.0274
vn -0.2778 -0.9579 -0.0720
vn 0.2254 -0.9740 -0.0216
vn 0.0038 -0.9980 -0.0635
vn 0.2513 -0.9676 0.0258
vn 0.0137 -0.9993 -0.0362
vn -0.0030 -0.9993 -0.0368
vn 0.0139 -0.9977 -0.0666
vn -0.5712 -0.8175 -0.0742
vn -0.4200 -0.9059 -0.0542
vn -0.5567 -0.8176 -0.1471
vn -0.4090 -0.9062 -0.1073
vn 0.6627 -0.7440 0.0853
vn 0.5729 -0.8178 0.0551
vn 0.7479 -0.6398 0.1769
vn 0.6716 -0.7280 0.1376
vn -0.0974 -0.9938 -0.0542
vn -0.0554 -0.9978 -0.0358
vn -0.1105 -0.9931 -0.0404
vn -0.0688 -0.9972 -0.0286
vn -0.0413 -0.9989 -0.0231
vn -0.0473 -0.9985 -0.0274
vn -0.0110 -0.9977 -0.0664
vn -0.0389 -0.9985 -0.0375
vn -0.0617 -0.9973 -0.0399
vn -0.0418 -0.9976 -0.0547
vn -0.1129 -0.9936 -0.0080
vn -0.0524 -0.9986 -0.0011
vn -0.0901 -0.9959 -0.0031
vn -0.0307 -0.9994 0.0138
vn -0.0299 -0.9995 0.0099
vn -0.0291 -0.9994 -0.0189
vn -0.0363 -0.9993 0.0076
vn -0.0442 -0.9990 0.0038
vn -0.0416 -0.9980 0.0474
vn -0.0429 -0.9984 0.0358
vn -0.0986 -0.9951 0.0053
vn -0.0784 -0.9968 -0.0174
vn -0.2693 -0.9570 -0.1078
vn -0.2034 -0.9758 -0.0804
vn -0.2500 -0.9582 -0.1391
vn 0.2468 -0.9620 0.1166
vn -0.0025 -0.9998 0.0180
vn 0.2019 -0.9559 0.2132
vn -0.0326 -0.9976 0.0612
vn -0.5328 -0.8178 -0.2175
vn -0.3920 -0.9062 -0.1588
vn -0.4999 -0.8181 -0.2842
vn -0.3676 -0.9066 -0.2073
vn 0.7744 -0.5435 0.3239
vn 0.8576 -0.3924 0.3325
vn 0.6455 -0.6014 0.4708
vn 0.5624 -0.7010 0.4387
vn 0.4291 -0.8852 0.1800
vn -0.4586 -0.8185 -0.3459
vn -0.3378 -0.9067 -0.2526
vn -0.4096 -0.8190 -0.4018
vn -0.3018 -0.9072 -0.2931
vn -0.2058 -0.9586 -0.1967
vn -0.2325 -0.9574 -0.1714
vn 0.5488 -0.7176 0.4288
vn 0.5171 -0.7529 0.4070
vn 0.4907 -0.7362 0.4661
vn 0.4612 -0.7711 0.4391
vn 0.1951 -0.9611 0.1957
vn 0.4035 -0.8526 0.3321
vn -0.0764 -0.9968 0.0222
vn -0.0310 -0.9988 0.0383
vn -0.0384 -0.9992 0.0090
vn -0.0135 -0.9992 0.0371
vn -0.0221 -0.9993 0.0300
vn -0.0291 -0.9993 0.0229
vn -0.0338 -0.9987 0.0387
vn -0.0592 -0.9975 0.0374
vn -0.0407 -0.9991 0.0137
vn -0.0590 -0.9983 0.0029
vn -0.0846 -0.9962 -0.0192
vn -0.1115 -0.9937 0.0110
vn -0.1760 -0.9761 -0.1279
vn -0.1304 -0.9841 -0.1210
vn -0.0017 -0.9993 0.0380
vn -0.0191 -0.9992 0.0345
vn -0.0127 -0.9998 0.0168
vn -0.0486 -0.9987 0.0174
vn -0.0533 -0.9986 -0.0031
vn -0.0594 -0.9981 0.0185
vn -0.0595 -0.9980 0.0194
vn -0.0608 -0.9981 -0.0122
vn -0.0713 -0.9970 -0.0291
vn -0.1805 -0.9579 -0.2234
vn -0.1372 -0.9764 -0.1667
vn -0.1482 -0.9592 -0.2409
vn -0.0949 -0.9844 -0.1482
vn 0.0930 -0.9740 0.2067
vn -0.0363 -0.9985 0.0405
vn 0.0424 -0.9834 0.1762
vn -0.0348 -0.9984 0.0449
vn -0.3537 -0.8195 -0.4508
vn -0.2612 -0.9074 -0.3292
vn -0.2919 -0.8201 -0.4922
vn -0.2159 -0.9080 -0.3590
vn 0.3841 -0.7375 0.5555
vn 0.3354 -0.8014 0.4952
vn 0.2544 -0.8379 0.4829
vn 0.2031 -0.8849 0.4192
vn -0.0353 -0.9994 0.0056
vn -0.0347 -0.9992 0.0200
vn -0.0425 -0.9991 0.0013
vn -0.0585 -0.9983 0.0071
vn -0.0604 -0.9980 0.0200
vn -0.0581 -0.9976 0.0376
vn -0.0364 -0.9990 -0.0259
vn -0.0377 -0.9992 -0.0146
vn -0.0361 -0.9992 -0.0146
vn -0.0152 -0.9998 -0.0113
vn -0.0088 -0.9999 0.0081
vn -0.0217 -0.9997 0.0079
vn -0.0568 -0.9983 0.0100
vn -0.0485 -0.9985 0.0237
vn -0.0352 -0.9993 0.0078
vn -0.0401 -0.9991 0.0154
vn -0.0483 -0.9987 0.0153
vn -0.0479 -0.9988 0.0086
vn -0.1169 -0.9585 -0.2602
vn -0.0897 -0.9769 -0.1941
vn -0.0811 -0.9598 -0.2687
vn -0.0536 -0.9848 -0.1653
vn 0.0130 -0.9901 0.1399
vn -0.0434 -0.9983 0.0401
vn 0.0011 -0.9975 0.0700
vn -0.0342 -0.9994 0.0115
vn -0.2252 -0.8208 -0.5250
vn -0.1674 -0.9083 -0.3834
vn -0.1549 -0.8214 -0.5489
vn -0.1159 -0.9090 -0.4005
vn 0.1241 -0.9342 0.3346
vn 0.0872 -0.9570 0.2766
vn 0.0860 -0.9555 0.2823
vn 0.0474 -0.9852 0.1647
vn -0.0139 -0.9998 0.0135
vn -0.0036 -0.9999 0.0168
vn -0.0093 -0.9994 0.0333
vn -0.0013 -0.9996 0.0298
vn -0.0017 -1.0000 -0.0052
vn -0.0020 -1.0000 0.0029
vn -0.0820 -0.8221 -0.5634
vn -0.0628 -0.9093 -0.4115
vn -0.0078 -0.8228 -0.5683
vn -0.0086 -0.9100 -0.4146
vn -0.0091 -0.9605 -0.2782
vn -0.0458 -0.9591 -0.2792
vn 0.0374 -0.9384 0.3435
vn -0.0039 -0.9965 0.0832
vn -0.0108 -0.9487 0.3161
vn -0.0115 -0.9974 0.0717
vn -0.0316 -0.9995 0.0062
vn -0.0229 -0.9997 0.0007
vn -0.0130 -0.9999 0.0076
vn -0.0193 -0.9998 0.0109
vn -0.0109 -0.9993 0.0364
vn -0.0114 -0.9999 0.0087
vn -0.0102 -0.9999 -0.0120
vn -0.0084 -0.9996 -0.0251
vn -0.0099 -0.9999 -0.0064
vn -0.0215 -0.9998 0.0022
vn -0.0367 -0.9774 -0.2083
vn -0.0052 -0.9999 -0.0109
vn 0.0003 -0.9999 -0.0164
vn -0.0044 -1.0000 0.0002
vn 0.0085 -0.9999 -0.0126
vn 0.0014 -1.0000 0.0004
vn 0.0034 -1.0000 0.0016
vn 0.0277 -0.9598 -0.2792
vn 0.0182 -0.9779 -0.2083
vn 0.0629 -0.9612 -0.2687
vn 0.0350 -0.9856 -0.1653
vn -0.0092 -0.9983 0.0581
vn -0.0079 -0.9996 0.0269
vn -0.0250 -0.9983 0.0527
vn -0.0161 -0.9998 0.0143
vn 0.0664 -0.8235 -0.5634
vn 0.0456 -0.9103 -0.4115
vn 0.1393 -0.8242 -0.5489
vn 0.0987 -0.9110 -0.4005
vn -0.0499 -0.9440 0.3261
vn -0.0158 -0.9970 0.0761
vn -0.0866 -0.9550 0.2838
vn -0.0455 -0.9943 0.0965
vn 0.0339 -0.9993 0.0146
vn 0.0307 -0.9995 -0.0075
vn 0.0142 -0.9998 0.0142
vn 0.0149 -0.9989 -0.0442
vn -0.0185 -0.9998 -0.0116
vn -0.0058 -0.9994 0.0339
vn -0.1121 -0.9627 0.2464
vn -0.0462 -0.9946 0.0931
vn -0.2068 -0.9208 0.3308
vn -0.0568 -0.9930 0.1036
vn -0.0092 -0.9993 0.0374
vn -0.0290 -0.9989 0.0364
vn -0.0412 -0.9991 -0.0112
vn -0.0246 -0.9984 -0.0505
vn 0.0011 -1.0000 -0.0055
vn -0.0022 -1.0000 -0.0089
vn 0.0053 -1.0000 -0.0040
vn -0.0183 -0.9994 -0.0288
vn -0.0290 -0.9995 0.0092
vn -0.0148 -0.9998 -0.0160
vn 0.0025 -0.9994 0.0359
vn 0.0211 -0.9994 0.0271
vn 0.0339 -0.9993 0.0136
vn -0.0148 -0.9999 -0.0078
vn 0.0987 -0.9605 -0.2602
vn 0.0712 -0.9784 -0.1941
vn 0.1300 -0.9618 -0.2409
vn 0.0763 -0.9860 -0.1482
vn -0.0251 -0.9996 0.0093
vn 0.0032 -0.9998 0.0209
vn 0.2097 -0.8249 -0.5250
vn 0.1502 -0.9113 -0.3834
vn 0.2763 -0.8255 -0.4922
vn 0.1987 -0.9119 -0.3590
vn -0.0292 -0.9955 0.0906
vn 0.0249 -0.9982 0.0548
vn -0.0580 -0.9922 0.1101
vn 0.0109 -0.9990 0.0440
vn 0.0010 -0.9992 0.0395
vn 0.0274 -0.9974 0.0661
vn 0.3381 -0.8261 -0.4508
vn 0.2440 -0.9122 -0.3292
vn 0.3940 -0.8266 -0.4018
vn 0.2845 -0.9128 -0.2931
vn 0.1876 -0.9624 -0.1967
vn 0.1623 -0.9611 -0.2234
vn -0.3218 -0.8571 0.4022
vn -0.1305 -0.9745 0.1825
vn -0.4617 -0.7732 0.4347
vn -0.2536 -0.9298 0.2669
vn 0.0530 -0.9983 0.0226
vn 0.0469 -0.9983 0.0344
vn 0.0441 -0.9989 0.0187
vn 0.0403 -0.9988 0.0292
vn 0.0392 -0.9984 0.0407
vn 0.0460 -0.9982 0.0380
vn 0.0504 -0.9975 0.0500
vn 0.0139 -0.9997 0.0180
vn 0.0401 -0.9992 -0.0021
vn 0.0679 -0.9975 0.0187
vn 0.1186 -0.9788 -0.1667
vn 0.1117 -0.9863 -0.1210
vn -0.0108 -0.9999 0.0122
vn -0.0025 -1.0000 0.0034
vn 0.0110 -0.9999 -0.0056
vn -0.0091 -0.9999 -0.0138
vn -0.0020 -0.9999 -0.0132
vn 0.0178 -0.9998 -0.0054
vn 0.2143 -0.9616 -0.1714
vn 0.1574 -0.9792 -0.1279
vn 0.2318 -0.9628 -0.1391
vn -0.1211 -0.9863 0.1118
vn 0.0051 -1.0000 0.0078
vn -0.1708 -0.9799 0.1034
vn 0.0080 -1.0000 0.0058
vn 0.4430 -0.8271 -0.3459
vn 0.3206 -0.9129 -0.2526
vn 0.4844 -0.8274 -0.2841
vn 0.3504 -0.9134 -0.2073
vn -0.5371 -0.7327 0.4179
vn -0.3613 -0.8844 0.2953
vn -0.5650 -0.7528 0.3377
vn -0.4588 -0.8454 0.2735
vn 0.0213 -0.9997 -0.0072
vn 0.0102 -0.9999 0.0023
vn 0.0179 -0.9997 -0.0185
vn -0.0023 -1.0000 -0.0068
vn -0.0035 -1.0000 -0.0077
vn 0.0029 -0.9999 0.0114
vn -0.5261 -0.8200 0.2253
vn -0.4758 -0.8586 0.1908
vn -0.5393 -0.8358 0.1027
vn -0.4622 -0.8807 0.1034
vn -0.1661 -0.9853 0.0404
vn -0.1838 -0.9811 0.0604
vn 0.0153 -0.9999 -0.0051
vn -0.0025 -0.9999 0.0139
vn -0.0097 -0.9999 0.0070
vn -0.0133 -0.9994 0.0329
vn 0.0155 -0.9991 0.0395
vn 0.0087 -0.9999 0.0140
vn 0.0298 -0.9991 -0.0310
vn 0.0013 -0.9997 -0.0223
vn 0.0408 -0.9990 -0.0177
vn 0.0049 -1.0000 -0.0022
vn -0.0175 -0.9998 0.0022
vn -0.0247 -0.9996 -0.0098
vn 0.2511 -0.9619 -0.1078
vn 0.1849 -0.9795 -0.0804
vn 0.2596 -0.9630 -0.0720
vn -0.0074 -0.9999 -0.0114
vn 0.0064 -1.0000 -0.0017
vn 0.5172 -0.8278 -0.2175
vn 0.3748 -0.9134 -0.1588
vn 0.5411 -0.8280 -0.1471
vn 0.3918 -0.9138 -0.1073
vn -0.1494 -0.9882 0.0342
vn 0.0246 -0.9997 0.0095
vn -0.2400 -0.9706 0.0198
vn -0.0135 -0.9998 0.0120
vn -0.0076 -0.9993 0.0363
vn 0.0342 -0.9993 0.0158
vn 0.5556 -0.8282 -0.0742
vn 0.4028 -0.9137 -0.0542
vn 0.5605 -0.8282 -0.0000
vn 0.4059 -0.9139 -0.0000
vn 0.2691 -0.9631 -0.0000
vn 0.2701 -0.9621 -0.0368
vn -0.6763 -0.7320 0.0818
vn -0.4922 -0.8671 0.0763
vn -0.7651 -0.6435 0.0251
vn -0.6669 -0.7447 0.0253
vn -0.0356 -0.9989 0.0310
vn -0.0367 -0.9982 0.0475
vn -0.0412 -0.9969 0.0664
vn -0.0559 -0.9960 0.0701
vn 0.0466 -0.9963 0.0717
vn 0.0226 -0.9989 0.0414
vn 0.0024 -0.9996 0.0278
vn 0.0042 -0.9983 0.0582
vn 0.0112 -0.9979 0.0646
vn 0.0029 -0.9998 0.0185
vn 0.1991 -0.9796 -0.0274
vn 0.1618 -0.9868 -0.0000
vn -0.0552 -0.9978 0.0358
vn -0.0282 -0.9975 0.0652
vn -0.0682 -0.9975 0.0174
vn -0.0507 -0.9983 0.0293
vn 0.0096 -0.9982 0.0592
vn 0.0038 -0.9960 0.0888
vn 0.2701 -0.9621 0.0368
vn 0.1991 -0.9796 0.0274
vn 0.2596 -0.9630 0.0720
vn -0.2552 -0.9668 -0.0110
vn -0.0380 -0.9990 0.0246
vn -0.2534 -0.9663 -0.0461
vn -0.0514 -0.9985 0.0174
vn 0.5556 -0.8282 0.0742
vn 0.4028 -0.9137 0.0542
vn 0.5411 -0.8280 0.1471
vn 0.3918 -0.9138 0.1073
vn -0.7557 -0.6504 -0.0770
vn -0.8903 -0.4461 -0.0911
vn -0.8193 -0.5454 -0.1770
vn -0.6608 -0.7365 -0.1447
vn -0.4499 -0.8920 -0.0432
vn -0.0220 -0.9975 0.0667
vn -0.0513 -0.9977 0.0438
vn 0.0051 -0.9993 0.0378
vn -0.0098 -0.9999 0.0107
vn 0.0661 -0.9978 0.0106
vn 0.0643 -0.9967 0.0488
vn -0.6918 -0.6161 -0.3767
vn -0.6378 -0.7092 -0.3005
vn -0.7131 -0.5810 -0.3923
vn -0.7884 -0.4083 -0.4601
vn -0.4660 -0.8478 -0.2531
vn -0.2510 -0.9595 -0.1283
vn -0.2640 -0.9596 -0.0979
vn 0.0220 -0.9997 0.0131
vn 0.0082 -0.9999 0.0105
vn 0.0147 -0.9999 0.0051
vn 0.0004 -1.0000 0.0090
vn 0.0409 -0.9986 0.0326
vn 0.0435 -0.9983 0.0378
vn -0.0570 -0.9984 -0.0016
vn -0.0462 -0.9989 -0.0070
vn -0.0517 -0.9986 -0.0115
vn -0.0295 -0.9996 -0.0005
vn 0.0320 -0.9994 0.0153
vn 0.0232 -0.9996 0.0148
vn 0.2511 -0.9619 0.1078
vn 0.1849 -0.9795 0.0804
vn 0.2318 -0.9628 0.1391
vn -0.0530 -0.9986 0.0045
vn -0.0420 -0.9991 -0.0079
vn 0.5172 -0.8278 0.2175
vn 0.3748 -0.9134 0.1588
vn 0.4843 -0.8274 0.2841
vn 0.3504 -0.9134 0.2073
vn 0.2143 -0.9616 0.1714
vn 0.1574 -0.9792 0.1279
vn 0.1876 -0.9624 0.1967
vn -0.0183 -0.9998 -0.0068
vn -0.0267 -0.9995 -0.0158
vn 0.0092 -0.9998 -0.0183
vn 0.0021 -0.9997 -0.0258
vn 0.0004 -0.9991 -0.0431
vn -0.0318 -0.9990 -0.0319
vn 0.4430 -0.8271 0.3459
vn 0.3206 -0.9129 0.2526
vn 0.3940 -0.8266 0.4018
vn 0.2845 -0.9128 0.2931
vn -0.6292 -0.6374 -0.4448
vn -0.6177 -0.6468 -0.4472
vn -0.5469 -0.6410 -0.5385
vn -0.4883 -0.7121 -0.5044
vn -0.3927 -0.8285 -0.3993
vn -0.4524 -0.8268 -0.3343
vn 0.0005 -1.0000 0.0090
vn -0.0004 -1.0000 0.0058
vn 0.0367 -0.9993 -0.0063
vn 0.0416 -0.9987 -0.0283
vn 0.0960 -0.9950 0.0270
vn 0.0584 -0.9976 0.0365
vn -0.0047 -0.9998 -0.0207
vn 0.0076 -0.9989 -0.0462
vn 0.0343 -0.9994 -0.0096
vn 0.0349 -0.9991 0.0240
vn -0.0029 -0.9993 -0.0378
vn 0.0054 -0.9995 -0.0309
vn 0.0211 -0.9991 -0.0367
vn 0.0547 -0.9981 -0.0297
vn 0.0511 -0.9983 -0.0296
vn 0.0305 -0.9993 -0.0194
vn 0.1623 -0.9611 0.2234
vn 0.1187 -0.9788 0.1667
vn 0.1300 -0.9618 0.2409
vn 0.0763 -0.9860 0.1482
vn -0.1402 -0.9634 -0.2285
vn 0.0077 -0.9989 -0.0463
vn -0.0959 -0.9716 -0.2163
vn -0.0068 -0.9983 -0.0585
vn 0.3381 -0.8261 0.4508
vn 0.2440 -0.9122 0.3292
vn 0.2763 -0.8255 0.4922
vn 0.1987 -0.9119 0.3590
vn -0.5132 -0.6597 -0.5491
vn -0.4187 -0.7482 -0.5146
vn -0.2349 -0.8803 -0.4122
vn -0.2642 -0.8340 -0.4844
vn 0.0602 -0.9982 0.0046
vn 0.0697 -0.9973 -0.0240
vn 0.0680 -0.9973 0.0261
vn 0.0494 -0.9987 0.0079
vn 0.0067 -0.9999 -0.0115
vn 0.0854 -0.9963 -0.0071
vn 0.2097 -0.8249 0.5250
vn 0.1502 -0.9113 0.3834
vn 0.1393 -0.8242 0.5489
vn 0.0987 -0.9110 0.4004
vn 0.0629 -0.9612 0.2687
vn 0.0987 -0.9605 0.2602
vn -0.2068 -0.8328 -0.5134
vn -0.1473 -0.9136 -0.3790
vn -0.1437 -0.8460 -0.5135
vn -0.0884 -0.9561 -0.2792
vn -0.0169 -0.9938 -0.1096
vn -0.0290 -0.9871 -0.1577
vn 0.0595 -0.9980 0.0190
vn 0.0198 -0.9997 -0.0170
vn 0.0090 -0.9997 0.0222
vn -0.0037 -0.9997 -0.0230
vn 0.0240 -0.9997 -0.0079
vn -0.0005 -0.9997 -0.0259
vn 0.0440 -0.9984 -0.0342
vn 0.0460 -0.9984 -0.0323
vn 0.0160 -0.9993 -0.0351
vn -0.0059 -0.9992 -0.0384
vn 0.0081 -1.0000 0.0012
vn 0.0312 -0.9991 -0.0293
vn 0.0712 -0.9784 0.1941
vn 0.0350 -0.9856 0.1653
vn 0.0422 -0.9981 -0.0447
vn 0.0310 -0.9994 -0.0183
vn 0.0277 -0.9598 0.2792
vn 0.0182 -0.9779 0.2083
vn -0.0254 -0.9972 -0.0709
vn -0.0256 -0.9997 -0.0019
vn -0.0295 -0.9987 -0.0418
vn 0.0664 -0.8235 0.5634
vn 0.0455 -0.9103 0.4115
vn -0.0624 -0.8535 -0.5173
vn -0.0408 -0.9538 -0.2976
vn -0.0338 -0.9994 0.0120
vn -0.0364 -0.9993 0.0047
vn -0.0128 -0.9991 0.0400
vn -0.0227 -0.9991 -0.0364
vn -0.0103 -0.9999 0.0033
vn 0.0758 -0.9913 0.1074
vn 0.0166 -0.9958 0.0901
vn 0.0300 -0.9761 0.2151
vn 0.0858 -0.9636 0.2531
vn -0.0243 -0.9954 0.0927
vn -0.0210 -0.9749 0.2216
vn -0.0119 -0.9135 0.4066
vn 0.0484 -0.9134 0.4043
vn 0.1081 -0.9031 0.4157
vn 0.0722 -0.9850 0.1569
vn 0.1029 -0.9848 0.1398
vn 0.1540 -0.9388 0.3082
vn 0.1845 -0.9235 0.3362
vn 0.1778 -0.8863 0.4277
vn 0.2352 -0.8755 0.4222
vn 0.1543 -0.9831 0.0981
vn 0.0784 -0.9861 0.1464
vn 0.1958 -0.9344 0.2975
vn 0.2729 -0.9321 0.2381
vn 0.2770 -0.8828 0.3794
vn 0.3446 -0.8756 0.3385
vn 0.1911 -0.9734 0.1262
vn 0.1973 -0.9763 0.0886
vn 0.3610 -0.9009 0.2411
vn 0.3961 -0.8853 0.2436
vn 0.4195 -0.8502 0.3181
vn 0.4592 -0.8449 0.2742
vn 0.1973 -0.9776 0.0728
vn 0.1859 -0.9750 0.1219
vn 0.3857 -0.9030 0.1892
vn 0.3682 -0.9224 0.1164
vn 0.4695 -0.8591 0.2040
vn 0.4649 -0.8753 0.1329
vn 0.1769 -0.9836 0.0365
vn 0.1967 -0.9788 0.0565
vn 0.3485 -0.9351 0.0639
vn 0.3022 -0.9530 0.0225
vn 0.4527 -0.8893 0.0652
vn 0.4341 -0.9009 0.0047
vn 0.1495 -0.9887 -0.0102
vn 0.1690 -0.9856 -0.0051
vn 0.2540 -0.9670 -0.0179
vn 0.2122 -0.9761 -0.0477
vn 0.4024 -0.9142 -0.0477
vn 0.3732 -0.9222 -0.1018
vn 0.0549 -0.9952 -0.0804
vn 0.0895 -0.9947 -0.0505
vn 0.1903 -0.9762 -0.1037
vn 0.2216 -0.9603 -0.1694
vn 0.3720 -0.9132 -0.1664
vn 0.3840 -0.8926 -0.2362
vn 0.0832 -0.9965 -0.0033
vn 0.0699 -0.9963 -0.0492
vn 0.2460 -0.9508 -0.1883
vn 0.2050 -0.9658 -0.1588
vn 0.3690 -0.8840 -0.2871
vn 0.3107 -0.9009 -0.3032
vn 0.0004 -0.9999 0.0169
vn 0.0607 -0.9977 0.0286
vn 0.1228 -0.9880 -0.0938
vn 0.0390 -0.9973 -0.0616
vn 0.2294 -0.9301 -0.2870
vn 0.1558 -0.9478 -0.2783
vn -0.0331 -0.9987 -0.0375
vn -0.0336 -0.9994 -0.0121
vn 0.0109 -0.9964 -0.0845
vn 0.0055 -0.9915 -0.1301
vn 0.1118 -0.9475 -0.2995
vn 0.0753 -0.9389 -0.3357
vn 0.0180 -0.9983 -0.0553
vn -0.0396 -0.9977 -0.0550
vn -0.0104 -0.9809 -0.1940
vn 0.0099 -0.9780 -0.2083
vn 0.0343 -0.9255 -0.3771
vn -0.0017 -0.9257 -0.3783
vn -0.0201 -0.9995 -0.0254
vn 0.0186 -0.9993 -0.0312
vn -0.0111 -0.9880 -0.1544
vn -0.0405 -0.9919 -0.1201
vn -0.0518 -0.9361 -0.3480
vn -0.0990 -0.9375 -0.3337
vn -0.0805 -0.9962 -0.0341
vn -0.0167 -0.9991 -0.0395
vn -0.0380 -0.9941 -0.1011
vn -0.0937 -0.9911 -0.0942
vn -0.1330 -0.9410 -0.3111
vn -0.1863 -0.9378 -0.2929
vn -0.1336 -0.9870 -0.0889
vn -0.1223 -0.9906 -0.0616
vn -0.1497 -0.9786 -0.1412
vn -0.1995 -0.9658 -0.1658
vn -0.2443 -0.9231 -0.2971
vn -0.3011 -0.9100 -0.2850
vn -0.1426 -0.9865 -0.0800
vn -0.1486 -0.9863 -0.0709
vn -0.2652 -0.9501 -0.1644
vn -0.2912 -0.9419 -0.1674
vn -0.3663 -0.8922 -0.2641
vn -0.4082 -0.8828 -0.2323
vn -0.1365 -0.9904 -0.0221
vn -0.1384 -0.9877 -0.0723
vn -0.2910 -0.9483 -0.1270
vn -0.3147 -0.9469 -0.0650
vn -0.4275 -0.8868 -0.1755
vn -0.4588 -0.8811 -0.1146
vn -0.1022 -0.9935 -0.0492
vn -0.1169 -0.9924 -0.0371
vn -0.3195 -0.9460 -0.0541
vn -0.2610 -0.9646 -0.0377
vn -0.4758 -0.8772 -0.0650
vn -0.4416 -0.8971 -0.0114
vn -0.0993 -0.9940 0.0465
vn -0.0948 -0.9953 0.0190
vn -0.2210 -0.9747 0.0337
vn -0.2430 -0.9670 0.0769
vn -0.4117 -0.9097 0.0545
vn -0.4104 -0.9053 0.1098
vn -0.0745 -0.9970 0.0193
vn -0.1037 -0.9946 0.0089
vn -0.2463 -0.9657 0.0828
vn -0.2033 -0.9739 0.1015
vn -0.3878 -0.9092 0.1516
vn -0.3482 -0.9170 0.1945
vn -0.0693 -0.9965 0.0473
vn -0.0682 -0.9969 0.0386
vn -0.1674 -0.9796 0.1111
vn -0.1340 -0.9846 0.1119
vn -0.3149 -0.9200 0.2333
vn -0.2749 -0.9250 0.2623
vn -0.0169 -0.9913 0.1308
vn -0.0235 -0.9948 0.0991
vn -0.1019 -0.9786 0.1788
vn -0.1211 -0.9546 0.2723
vn -0.2409 -0.9161 0.3206
vn -0.2257 -0.8891 0.3982
vn -0.0684 -0.9942 0.0826
vn -0.0551 -0.9920 0.1139
vn -0.1328 -0.9382 0.3195
vn -0.1110 -0.9460 0.3047
vn -0.1920 -0.8695 0.4551
vn -0.1396 -0.8691 0.4745
vn -0.0512 -0.9954 0.0809
vn -0.0747 -0.9630 0.2591
vn -0.0799 -0.8927 0.4435
vn -0.0201 -0.9996 0.0179
vn 0.0158 -0.9996 0.0240
vn -0.0589 -0.9982 0.0054
vn 0.0497 -0.9988 0.0051
vn 0.0610 -0.9981 0.0005
vn 0.0565 -0.9984 0.0081
vn 0.0520 -0.9984 0.0219
vn 0.0356 -0.9987 0.0353
vn 0.0556 -0.9983 0.0166
vn 0.0549 -0.9981 0.0294
vn 0.0306 -0.9978 0.0587
vn 0.0079 -0.9964 0.0839
vn -0.0051 -0.9976 0.0689
vn -0.0007 -0.9999 0.0135
vn 0.0054 -0.9999 -0.0099
vn 0.0138 -0.9998 -0.0166
vn 0.0216 -0.9996 -0.0194
vn 0.0266 -0.9996 -0.0083
vn 0.0482 -0.9988 0.0028
vn 0.0636 -0.9979 0.0126
vn 0.0132 -0.9998 0.0131
vn -0.0371 -0.9990 0.0233
vn -0.0084 -0.9990 0.0441
vn 0.0137 -0.9994 0.0305
vn -0.0101 -0.9999 0.0094
vn -0.0290 -0.9995 0.0159
vn -0.0458 -0.9989 0.0142
vn -0.0423 -0.9989 -0.0179
vn -0.0504 -0.9983 -0.0277
vn -0.0639 -0.9977 -0.0238
vn -0.0784 -0.9967 -0.0201
vn -0.1162 -0.9932 0.0023
vn -0.1263 -0.9920 -0.0069
vn -0.1117 -0.9936 -0.0156
vn -0.0813 -0.9960 -0.0380
vn -0.0743 -0.9958 -0.0528
vn -0.0698 -0.9958 -0.0599
vn -0.0641 -0.9962 -0.0585
vn -0.0527 -0.9986 0.0058
vn -0.0433 -0.9988 0.0234
vn -0.0454 -0.9986 0.0282
vn -0.0491 -0.9962 0.0722
vn -0.0504 -0.9955 0.0807
vn -0.0344 -0.9972 0.0663
vn -0.0018 -0.9988 0.0484
vn 0.0062 -0.9996 0.0258
vn -0.0274 -0.9996 0.0060
vn -0.0582 -0.9983 -0.0069
vn 0.1719 -0.7250 0.6670
vn 0.0833 -0.7241 0.6846
vn -0.0068 -0.7233 0.6905
vn 0.3384 -0.7265 0.5980
vn 0.2574 -0.7258 0.6380
vn 0.2480 -0.7479 0.6157
vn 0.3261 -0.7487 0.5772
vn 0.4814 -0.7279 0.4883
vn 0.4135 -0.7272 0.5478
vn 0.3986 -0.7493 0.5287
vn 0.4642 -0.7500 0.4713
vn 0.5911 -0.7289 0.3452
vn 0.5410 -0.7285 0.4204
vn 0.5701 -0.7510 0.3332
vn 0.6601 -0.7296 0.1787
vn 0.6311 -0.7293 0.2643
vn 0.6086 -0.7513 0.2550
vn 0.6836 -0.7298 -0.0000
vn 0.6777 -0.7298 0.0901
vn 0.6537 -0.7518 0.0870
vn 0.6601 -0.7296 -0.1787
vn 0.6777 -0.7298 -0.0901
vn 0.6537 -0.7518 -0.0870
vn 0.5911 -0.7289 -0.3452
vn 0.6311 -0.7293 -0.2643
vn 0.6086 -0.7513 -0.2550
vn 0.5701 -0.7510 -0.3332
vn 0.4814 -0.7279 -0.4883
vn 0.5410 -0.7285 -0.4204
vn 0.4642 -0.7500 -0.4713
vn 0.3384 -0.7265 -0.5980
vn 0.4135 -0.7272 -0.5478
vn 0.3986 -0.7493 -0.5287
vn 0.3261 -0.7487 -0.5772
vn 0.1719 -0.7250 -0.6670
vn 0.2574 -0.7258 -0.6380
vn 0.2480 -0.7479 -0.6157
vn -0.0068 -0.7233 -0.6905
vn 0.0833 -0.7241 -0.6846
vn -0.1856 -0.7216 -0.6670
vn -0.0970 -0.7224 -0.6846
vn -0.0940 -0.7447 -0.6608
vn -0.1795 -0.7439 -0.6438
vn -0.3521 -0.7200 -0.5980
vn -0.2711 -0.7208 -0.6380
vn -0.2621 -0.7431 -0.6157
vn -0.3403 -0.7424 -0.5772
vn -0.4951 -0.7187 -0.4883
vn -0.4272 -0.7193 -0.5478
vn -0.4128 -0.7417 -0.5287
vn -0.6048 -0.7176 -0.3453
vn -0.5547 -0.7181 -0.4204
vn -0.6738 -0.7170 -0.1787
vn -0.6448 -0.7172 -0.2642
vn -0.6228 -0.7397 -0.2550
vn -0.6973 -0.7167 -0.0000
vn -0.6914 -0.7168 -0.0901
vn -0.6738 -0.7170 0.1787
vn -0.6914 -0.7168 0.0901
vn -0.6048 -0.7176 0.3453
vn -0.6448 -0.7172 0.2642
vn -0.6228 -0.7397 0.2550
vn -0.4951 -0.7186 0.4883
vn -0.5547 -0.7181 0.4204
vn -0.3521 -0.7200 0.5980
vn -0.4272 -0.7193 0.5478
vn -0.4128 -0.7417 0.5287
vn -0.3403 -0.7424 0.5772
vn -0.1856 -0.7216 0.6670
vn -0.2711 -0.7208 0.6380
vn -0.2621 -0.7431 0.6157
vn -0.1795 -0.7439 0.6438
vn -0.0970 -0.7224 0.6846
vn -0.0847 -0.8064 0.5853
vn -0.0076 -0.8071 0.5904
vn -0.1604 -0.8056 0.5703
vn -0.2336 -0.8049 0.5455
vn -0.3028 -0.8043 0.5113
vn -0.3670 -0.8037 0.4684
vn -0.4251 -0.8031 0.4175
vn -0.4760 -0.8026 0.3594
vn -0.5189 -0.8022 0.2952
vn -0.5531 -0.8019 0.2259
vn -0.5779 -0.8017 0.1528
vn -0.5929 -0.8015 0.0771
vn -0.5980 -0.8015 -0.0000
vn -0.5929 -0.8015 -0.0771
vn -0.5779 -0.8017 -0.1528
vn -0.5531 -0.8019 -0.2259
vn -0.5189 -0.8022 -0.2952
vn -0.4760 -0.8026 -0.3594
vn -0.4251 -0.8031 -0.4175
vn -0.3670 -0.8037 -0.4684
vn -0.3028 -0.8043 -0.5113
vn -0.2336 -0.8049 -0.5455
vn -0.1604 -0.8056 -0.5703
vn -0.0847 -0.8063 -0.5853
vn -0.0076 -0.8071 -0.5904
vn 0.0694 -0.8078 -0.5853
vn 0.1452 -0.8085 -0.5703
vn 0.2183 -0.8092 -0.5455
vn 0.2875 -0.8099 -0.5113
vn 0.3517 -0.8105 -0.4684
vn 0.4098 -0.8110 -0.4175
vn 0.4607 -0.8115 -0.3594
vn 0.5036 -0.8119 -0.2952
vn 0.5378 -0.8123 -0.2259
vn 0.5626 -0.8125 -0.1528
vn 0.5777 -0.8126 -0.0771
vn 0.5827 -0.8127 -0.0000
vn 0.5777 -0.8126 0.0771
vn 0.5626 -0.8125 0.1528
vn 0.5378 -0.8123 0.2259
vn 0.5036 -0.8119 0.2952
vn 0.4607 -0.8115 0.3594
vn 0.4098 -0.8110 0.4175
vn 0.3518 -0.8105 0.4684
vn 0.2875 -0.8099 0.5113
vn 0.2183 -0.8092 0.5455
vn 0.1451 -0.8085 0.5703
vn 0.0694 -0.8078 0.5853
vn -0.0464 -0.9942 0.0975
vn -0.0338 -0.9955 0.0891
vn -0.0634 -0.9949 0.0789
vn -0.0404 -0.9963 0.0761
vn 0.0065 -0.9955 0.0946
vn -0.0221 -0.9960 0.0871
vn -0.0649 -0.9964 0.0544
vn -0.0403 -0.9982 0.0451
vn -0.0233 -0.9997 0.0008
vn -0.0436 -0.9985 -0.0331
vn -0.0601 -0.9980 0.0186
vn -0.0798 -0.9967 0.0149
vn -0.0741 -0.9965 -0.0384
vn -0.0642 -0.9974 -0.0328
vn -0.0770 -0.9967 -0.0249
vn -0.0826 -0.9952 -0.0517
vn -0.0814 -0.9962 -0.0295
vn -0.0718 -0.9973 -0.0180
vn -0.0723 -0.9971 -0.0243
vn -0.0933 -0.9956 0.0082
vn -0.0661 -0.9978 0.0093
vn -0.0146 -0.9999 -0.0067
vn -0.0177 -0.9998 -0.0001
vn 0.0103 -0.9997 0.0206
vn 0.0119 -0.9989 0.0455
vn -0.0361 -0.9987 0.0364
vn -0.0455 -0.9989 0.0098
vn -0.0350 -0.9994 -0.0006
vn 0.0056 -0.9999 0.0101
vn 0.0479 -0.9977 0.0470
vn 0.0431 -0.9980 0.0464
vn 0.0085 -1.0000 0.0034
vn 0.0098 -0.9994 -0.0329
vn 0.0522 -0.9986 -0.0118
vn 0.0867 -0.9960 0.0203
vn 0.1019 -0.9947 0.0130
vn 0.1272 -0.9906 0.0513
vn 0.1483 -0.9873 0.0573
vn 0.1363 -0.9898 0.0417
vn 0.0953 -0.9925 0.0759
vn 0.0884 -0.9942 0.0619
vn 0.1182 -0.9920 0.0453
vn 0.1281 -0.9898 0.0629
vn 0.0634 -0.9967 0.0500
vn -0.0005 -0.9996 0.0276
vn 0.0402 -0.9988 0.0267
vn 0.0632 -0.9969 0.0459
vn 0.0104 -0.9976 0.0691
vn 0.0078 0.8235 -0.5673
vn 0.0086 0.9098 -0.4149
vn 0.0628 0.9091 -0.4118
vn 0.0818 0.8228 -0.5624
vn 0.0091 0.9602 -0.2792
vn 0.0460 0.9588 -0.2802
vn 0.0813 0.9595 -0.2697
vn 0.1160 0.9088 -0.4008
vn 0.1546 0.8221 -0.5479
vn 0.0050 0.8640 -0.5035
vn 0.0106 0.9180 -0.3964
vn 0.0685 0.8806 -0.4689
vn 0.0706 0.8675 -0.4924
vn -0.0047 0.9938 -0.1107
vn 0.0043 0.9878 -0.1554
vn 0.0441 0.9764 -0.2112
vn 0.1497 0.8303 -0.5368
vn 0.1389 0.8726 -0.4683
vn -0.0476 0.9988 -0.0077
vn -0.0537 0.9984 0.0199
vn -0.0241 0.9987 0.0451
vn -0.0386 0.9992 -0.0032
vn -0.0393 0.9958 0.0833
vn -0.0184 0.9941 0.1066
vn -0.0296 0.9946 0.0998
vn -0.0222 0.9977 0.0641
vn -0.0091 0.9999 0.0062
vn -0.0268 0.9985 -0.0477
vn -0.0309 0.9991 -0.0299
vn -0.0328 0.9987 -0.0398
vn -0.0187 0.9980 -0.0596
vn -0.0308 0.9995 0.0050
vn -0.0416 0.9991 0.0059
vn -0.0087 0.9998 0.0199
vn 0.0076 0.9990 -0.0437
vn 0.0010 0.9983 -0.0577
vn 0.0367 0.9773 -0.2087
vn -0.0162 0.9997 -0.0192
vn -0.0180 0.9991 -0.0377
vn -0.0107 0.9994 -0.0329
vn 0.0172 0.9995 -0.0269
vn 0.0076 0.9990 -0.0442
vn 0.0130 0.9993 0.0351
vn -0.0187 0.9986 0.0499
vn 0.0018 0.9999 -0.0121
vn 0.0122 0.9992 -0.0389
vn 0.0898 0.9768 -0.1945
vn 0.1172 0.9582 -0.2611
vn 0.1487 0.9589 -0.2418
vn -0.0081 0.9997 -0.0213
vn 0.0863 0.9654 -0.2461
vn -0.0032 0.9999 -0.0097
vn -0.0119 0.9999 0.0041
vn 0.1675 0.9081 -0.3837
vn 0.2248 0.8215 -0.5240
vn 0.2161 0.9079 -0.3593
vn 0.2914 0.8208 -0.4913
vn 0.2328 0.7787 -0.5826
vn 0.2930 0.6534 -0.6980
vn 0.2567 0.8497 -0.4606
vn 0.3422 0.7205 -0.6031
vn 0.4080 0.5727 -0.7110
vn 0.0040 0.9973 0.0739
vn 0.0412 0.9990 0.0170
vn -0.0212 0.9949 0.0986
vn 0.0194 0.9952 0.0959
vn 0.0462 0.9963 0.0719
vn 0.0543 0.9978 0.0393
vn 0.3929 0.6840 -0.6147
vn 0.3809 0.7142 -0.5873
vn 0.1284 0.9684 -0.2139
vn 0.1723 0.9763 -0.1309
vn 0.3170 0.9142 -0.2524
vn 0.6820 0.4430 -0.5819
vn 0.5187 0.6561 -0.5482
vn 0.0215 0.9988 0.0438
vn 0.0136 0.9987 0.0500
vn -0.0042 0.9980 0.0627
vn -0.0113 0.9995 0.0302
vn 0.0270 0.9994 0.0233
vn 0.0046 0.9984 0.0570
vn 0.0177 0.9997 0.0159
vn 0.0264 0.9995 -0.0178
vn -0.0231 0.9974 0.0685
vn -0.0140 0.9975 0.0686
vn 0.0297 0.9990 0.0345
vn 0.0323 0.9992 0.0228
vn 0.1374 0.9763 -0.1670
vn 0.1811 0.9576 -0.2242
vn 0.2065 0.9583 -0.1974
vn -0.0058 1.0000 0.0029
vn 0.0038 0.9992 0.0398
vn 0.2614 0.9072 -0.3295
vn 0.3531 0.8203 -0.4500
vn 0.3020 0.9070 -0.2934
vn 0.4089 0.8197 -0.4011
vn 0.1762 0.9760 -0.1282
vn 0.2333 0.9571 -0.1721
vn 0.2509 0.9579 -0.1396
vn 0.0442 0.9969 0.0654
vn 0.2051 0.9784 -0.0255
vn 0.0507 0.9978 0.0430
vn 0.0608 0.9981 0.0083
vn 0.0596 0.9979 0.0243
vn 0.1694 0.9849 -0.0363
vn 0.3381 0.9065 -0.2528
vn 0.4578 0.8193 -0.3453
vn 0.3679 0.9064 -0.2075
vn 0.4991 0.8188 -0.2836
vn 0.5375 0.8036 -0.2556
vn 0.5434 0.7837 -0.3009
vn 0.4091 0.8933 -0.1860
vn 0.3477 0.9219 -0.1710
vn 0.0352 0.9991 0.0231
vn -0.0136 0.9988 0.0475
vn 0.0239 0.9991 0.0364
vn 0.0240 0.9996 0.0125
vn 0.0067 0.9999 0.0154
vn -0.0495 0.9983 0.0314
vn 0.0415 0.9983 0.0399
vn 0.0020 0.9981 0.0623
vn 0.0106 0.9998 0.0180
vn 0.0331 0.9993 0.0148
vn 0.0356 0.9994 0.0004
vn 0.0654 0.9978 -0.0047
vn 0.0149 0.9999 -0.0006
vn -0.0011 0.9999 -0.0105
vn 0.0544 0.9981 -0.0276
vn 0.0606 0.9979 -0.0225
vn 0.2037 0.9757 -0.0806
vn 0.2702 0.9567 -0.1082
vn 0.2788 0.9576 -0.0722
vn 0.0441 0.9990 -0.0044
vn 0.0908 0.9950 -0.0418
vn 0.0115 0.9998 -0.0177
vn 0.0537 0.9979 -0.0353
vn 0.3923 0.9060 -0.1589
vn 0.5318 0.8186 -0.2171
vn 0.4094 0.9060 -0.1074
vn 0.5557 0.8183 -0.1468
vn 0.3036 0.9384 -0.1651
vn 0.4109 0.8827 -0.2282
vn 0.2791 0.9547 -0.1032
vn 0.5725 0.7970 -0.1924
vn -0.0004 0.9998 -0.0208
vn -0.0468 0.9985 0.0275
vn -0.0007 0.9991 -0.0427
vn -0.0069 0.9997 -0.0222
vn 0.0252 0.9991 -0.0344
vn -0.0174 0.9998 -0.0049
vn 0.4204 0.9057 -0.0542
vn 0.5702 0.8182 -0.0740
vn 0.2893 0.9565 -0.0369
vn 0.2883 0.9576 -0.0000
vn 0.4235 0.9059 -0.0000
vn 0.5751 0.8181 -0.0000
vn 0.3120 0.9490 -0.0445
vn 0.5088 0.8593 -0.0529
vn 0.0892 0.9946 -0.0533
vn 0.1576 0.9855 -0.0636
vn 0.4334 0.9001 -0.0438
vn 0.4848 0.8743 -0.0238
vn 0.0064 0.9995 -0.0304
vn -0.0303 0.9980 -0.0551
vn -0.0239 0.9997 0.0022
vn -0.0349 0.9990 -0.0277
vn -0.0282 0.9991 -0.0315
vn -0.0693 0.9964 -0.0492
vn 0.0500 0.9964 -0.0692
vn 0.0458 0.9962 -0.0736
vn -0.0134 0.9984 -0.0553
vn -0.0110 0.9980 -0.0617
vn 0.0224 0.9974 -0.0678
vn 0.0384 0.9964 -0.0749
vn 0.2179 0.9756 -0.0275
vn -0.0026 0.9981 -0.0622
vn 0.0117 0.9973 -0.0720
vn 0.2179 0.9756 0.0275
vn 0.2893 0.9565 0.0369
vn 0.2788 0.9576 0.0722
vn 0.0200 0.9975 -0.0685
vn 0.2480 0.9674 -0.0503
vn 0.0299 0.9976 -0.0629
vn 0.0092 0.9988 -0.0474
vn 0.0249 0.9987 -0.0450
vn 0.0341 0.9987 -0.0373
vn 0.4204 0.9057 0.0542
vn 0.5702 0.8182 0.0740
vn 0.4094 0.9060 0.1074
vn 0.5557 0.8183 0.1468
vn 0.6079 0.7938 0.0196
vn 0.6141 0.7865 0.0665
vn 0.6325 0.7638 0.1290
vn 0.6989 0.6939 0.1735
vn 0.7090 0.6828 0.1764
vn -0.0404 0.9983 -0.0416
vn -0.0837 0.9948 -0.0573
vn -0.0268 0.9989 -0.0376
vn -0.0157 0.9996 -0.0227
vn -0.0541 0.9981 -0.0289
vn -0.0998 0.9941 -0.0418
vn -0.0001 0.9982 -0.0601
vn -0.0196 0.9985 -0.0517
vn -0.0400 0.9984 -0.0399
vn -0.0191 0.9989 -0.0434
vn -0.0358 0.9994 0.0029
vn -0.1025 0.9947 -0.0036
vn 0.0028 0.9999 -0.0128
vn 0.0008 0.9998 0.0174
vn -0.0096 0.9998 0.0173
vn -0.0754 0.9971 -0.0007
vn -0.0282 0.9996 -0.0012
vn -0.0179 0.9998 0.0079
vn -0.0621 0.9979 -0.0204
vn -0.0914 0.9958 0.0064
vn -0.0318 0.9988 0.0376
vn -0.0207 0.9984 0.0532
vn 0.2037 0.9757 0.0806
vn 0.2702 0.9567 0.1082
vn 0.2509 0.9579 0.1396
vn 0.0226 0.9996 0.0191
vn 0.0516 0.9975 0.0481
vn -0.0093 0.9975 0.0698
vn 0.0170 0.9963 0.0841
vn 0.3923 0.9060 0.1589
vn 0.5318 0.8186 0.2171
vn 0.3679 0.9064 0.2075
vn 0.4991 0.8188 0.2836
vn 0.6451 0.7012 0.3035
vn 0.6568 0.7015 0.2764
vn 0.5904 0.7554 0.2841
vn 0.4895 0.8068 0.3308
vn 0.5970 0.6895 0.4101
vn 0.5627 0.7272 0.3930
vn 0.3381 0.9065 0.2528
vn 0.4578 0.8193 0.3453
vn 0.2333 0.9571 0.1721
vn 0.2065 0.9583 0.1974
vn 0.3020 0.9070 0.2934
vn 0.4089 0.8197 0.4011
vn 0.5944 0.6688 0.4465
vn 0.7208 0.4436 0.5326
vn 0.2262 0.9544 0.1947
vn 0.1798 0.9660 0.1856
vn 0.5041 0.7289 0.4632
vn 0.4843 0.7352 0.4743
vn -0.0016 0.9991 0.0426
vn -0.0541 0.9982 0.0240
vn -0.0036 0.9996 0.0279
vn -0.0051 0.9996 0.0287
vn 0.0123 0.9993 0.0364
vn -0.0124 0.9999 0.0065
vn -0.0462 0.9982 0.0394
vn -0.0154 0.9990 0.0422
vn -0.0983 0.9951 0.0125
vn -0.0618 0.9979 -0.0213
vn -0.0376 0.9993 0.0009
vn -0.0199 0.9997 0.0137
vn 0.1762 0.9760 0.1282
vn 0.0009 0.9995 0.0310
vn -0.0056 0.9998 0.0195
vn -0.0306 0.9995 -0.0074
vn -0.0281 0.9994 0.0199
vn -0.0513 0.9982 -0.0294
vn -0.0392 0.9992 -0.0113
vn -0.0437 0.9989 0.0166
vn -0.0386 0.9990 0.0207
vn 0.1374 0.9763 0.1670
vn 0.1811 0.9576 0.2242
vn 0.1487 0.9589 0.2418
vn -0.0180 0.9989 0.0423
vn 0.0992 0.9772 0.1878
vn -0.0140 0.9989 0.0452
vn 0.0785 0.9810 0.1776
vn 0.2614 0.9072 0.3295
vn 0.3531 0.8203 0.4500
vn 0.2161 0.9079 0.3593
vn 0.2914 0.8208 0.4913
vn 0.3102 0.8366 0.4515
vn 0.3632 0.7839 0.5036
vn 0.2233 0.8891 0.3997
vn 0.2606 0.8449 0.4671
vn -0.0216 0.9996 0.0202
vn -0.0154 0.9999 0.0056
vn -0.0448 0.9982 0.0396
vn -0.0412 0.9989 0.0218
vn -0.0433 0.9990 0.0062
vn -0.0269 0.9996 0.0022
vn -0.0243 0.9996 -0.0163
vn -0.0200 0.9994 -0.0283
vn -0.0068 0.9999 0.0148
vn 0.0129 0.9998 0.0153
vn 0.0012 0.9999 -0.0103
vn -0.0250 0.9996 -0.0146
vn -0.0325 0.9992 0.0243
vn -0.0421 0.9991 0.0079
vn -0.0256 0.9996 0.0117
vn -0.0327 0.9992 0.0214
vn -0.0221 0.9996 0.0150
vn -0.0181 0.9998 0.0037
vn 0.0898 0.9768 0.1945
vn 0.1172 0.9582 0.2611
vn 0.0813 0.9595 0.2697
vn -0.0252 0.9989 0.0390
vn 0.0338 0.9880 0.1505
vn -0.0153 0.9998 0.0096
vn 0.0277 0.9959 0.0866
vn 0.1675 0.9081 0.3837
vn 0.2248 0.8215 0.5240
vn 0.1160 0.9088 0.4008
vn 0.1546 0.8221 0.5480
vn 0.1130 0.9484 0.2962
vn 0.1621 0.9095 0.3827
vn 0.0673 0.9825 0.1738
vn 0.1087 0.9500 0.2928
vn 0.0132 0.9997 0.0182
vn 0.0024 0.9998 0.0206
vn 0.0165 0.9999 0.0018
vn 0.0128 0.9999 -0.0035
vn 0.0164 0.9994 0.0293
vn 0.0119 0.9994 0.0339
vn 0.0628 0.9091 0.4118
vn 0.0818 0.8228 0.5624
vn 0.0460 0.9588 0.2802
vn 0.0091 0.9602 0.2792
vn 0.0086 0.9098 0.4149
vn 0.0078 0.8235 0.5673
vn 0.0117 0.9963 0.0846
vn 0.0577 0.9412 0.3329
vn 0.0119 0.9974 0.0715
vn 0.0089 0.9448 0.3274
vn -0.0010 1.0000 0.0043
vn -0.0115 0.9999 0.0099
vn 0.0085 0.9999 0.0127
vn 0.0093 0.9992 0.0379
vn 0.0014 0.9999 0.0146
vn 0.0075 0.9999 0.0117
vn 0.0111 0.9998 -0.0153
vn -0.0033 1.0000 0.0007
vn 0.0099 0.9999 -0.0114
vn 0.0091 0.9996 -0.0259
vn 0.0367 0.9773 0.2087
vn 0.0272 0.9996 -0.0100
vn 0.0165 0.9998 -0.0054
vn 0.0333 0.9994 -0.0005
vn 0.0242 0.9997 -0.0026
vn 0.0287 0.9996 -0.0067
vn 0.0122 0.9999 0.0070
vn -0.0182 0.9778 0.2087
vn -0.0278 0.9595 0.2802
vn -0.0632 0.9609 0.2697
vn 0.0102 0.9996 0.0257
vn 0.0070 0.9989 0.0465
vn -0.0004 0.9998 0.0177
vn -0.0121 0.9988 0.0469
vn -0.0456 0.9101 0.4118
vn -0.0662 0.8242 0.5624
vn -0.0988 0.9108 0.4008
vn -0.1390 0.8249 0.5480
vn 0.0062 0.9971 0.0763
vn -0.0224 0.9417 0.3357
vn -0.0281 0.9955 0.0903
vn -0.0650 0.9650 0.2541
vn 0.0456 0.9990 0.0034
vn 0.0498 0.9986 0.0154
vn 0.0176 0.9992 0.0347
vn -0.0010 0.9999 -0.0115
vn 0.0326 0.9990 -0.0302
vn 0.0354 0.9993 0.0123
vn -0.0243 0.9953 0.0939
vn -0.0904 0.9677 0.2354
vn -0.0085 0.9987 0.0496
vn 0.0064 0.9988 0.0489
vn -0.0401 0.9927 0.1140
vn -0.1982 0.9179 0.3438
vn -0.0046 0.9990 -0.0451
vn -0.0181 0.9998 -0.0129
vn 0.0014 0.9996 -0.0284
vn 0.0257 0.9997 -0.0020
vn 0.0160 0.9999 -0.0061
vn 0.0187 0.9998 -0.0043
vn -0.0055 0.9999 -0.0123
vn -0.0102 0.9999 0.0088
vn -0.0026 1.0000 -0.0094
vn 0.0461 0.9989 0.0126
vn 0.0365 0.9990 0.0251
vn 0.0262 0.9993 0.0264
vn -0.0713 0.9783 0.1945
vn -0.0991 0.9602 0.2611
vn -0.1305 0.9615 0.2418
vn 0.0006 0.9999 0.0110
vn 0.0279 0.9995 0.0119
vn -0.1503 0.9111 0.3837
vn -0.2093 0.8256 0.5241
vn -0.1988 0.9118 0.3593
vn -0.2758 0.8262 0.4913
vn 0.0408 0.9980 0.0480
vn -0.0170 0.9955 0.0933
vn 0.0490 0.9970 0.0597
vn 0.0234 0.9990 0.0373
vn 0.0244 0.9987 0.0446
vn -0.0778 0.9880 0.1334
vn -0.2442 0.9120 0.3295
vn -0.3375 0.8268 0.4500
vn -0.1630 0.9608 0.2242
vn -0.1883 0.9621 0.1974
vn -0.2848 0.9126 0.2934
vn -0.3933 0.8273 0.4011
vn -0.1401 0.9669 0.2131
vn -0.2919 0.8746 0.3872
vn -0.2793 0.9110 0.3035
vn -0.4099 0.8128 0.4140
vn 0.0686 0.9968 0.0414
vn 0.0718 0.9970 0.0298
vn 0.0693 0.9968 0.0386
vn 0.0722 0.9966 0.0390
vn 0.0633 0.9972 0.0407
vn 0.0557 0.9979 0.0315
vn 0.0674 0.9965 0.0502
vn 0.0851 0.9961 0.0240
vn 0.0608 0.9981 0.0032
vn 0.0313 0.9993 0.0223
vn -0.1189 0.9788 0.1670
vn -0.1117 0.9863 0.1210
vn 0.0082 1.0000 0.0041
vn 0.0035 1.0000 0.0081
vn 0.0284 0.9996 -0.0092
vn 0.0159 0.9998 -0.0110
vn 0.0110 0.9999 -0.0061
vn 0.0242 0.9997 0.0060
vn -0.1577 0.9791 0.1281
vn -0.2151 0.9613 0.1721
vn -0.1389 0.9866 0.0856
vn -0.2327 0.9625 0.1396
vn 0.0164 0.9999 0.0057
vn -0.1465 0.9798 0.1361
vn 0.0256 0.9996 0.0095
vn -0.1821 0.9764 0.1161
vn -0.3209 0.9127 0.2528
vn -0.4422 0.8278 0.3453
vn -0.3507 0.9132 0.2075
vn -0.4835 0.8281 0.2836
vn -0.3911 0.8580 0.3331
vn -0.5024 0.7646 0.4036
vn -0.4732 0.8330 0.2867
vn -0.5271 0.7829 0.3306
vn 0.0223 0.9997 0.0031
vn 0.0232 0.9997 0.0023
vn 0.0341 0.9994 -0.0055
vn 0.0180 0.9996 -0.0214
vn 0.0128 0.9998 -0.0153
vn 0.0211 0.9997 -0.0111
vn -0.4588 0.8675 0.1920
vn -0.4794 0.8520 0.2105
vn -0.1778 0.9817 0.0678
vn -0.1626 0.9855 0.0477
vn -0.4849 0.8678 0.1087
vn -0.5077 0.8557 0.0996
vn 0.0273 0.9996 -0.0009
vn 0.0386 0.9993 0.0009
vn 0.0196 0.9998 0.0047
vn 0.0223 0.9987 0.0450
vn 0.0172 0.9995 0.0270
vn 0.0283 0.9996 -0.0013
vn 0.0154 0.9997 -0.0194
vn 0.0436 0.9988 -0.0242
vn 0.0002 1.0000 -0.0026
vn -0.0052 1.0000 0.0003
vn 0.0159 0.9999 -0.0054
vn 0.0577 0.9981 -0.0197
vn -0.1852 0.9794 0.0806
vn -0.2520 0.9617 0.1082
vn -0.1560 0.9868 0.0443
vn -0.2606 0.9627 0.0723
vn 0.0118 0.9999 -0.0040
vn 0.0270 0.9996 -0.0052
vn -0.3751 0.9133 0.1589
vn -0.5162 0.8285 0.2171
vn -0.3922 0.9136 0.1074
vn -0.5401 0.8287 0.1468
vn 0.0415 0.9991 0.0079
vn -0.1705 0.9847 0.0355
vn 0.0497 0.9986 0.0173
vn 0.0076 0.9992 0.0396
vn 0.0045 0.9999 0.0154
vn -0.2321 0.9726 0.0158
vn -0.4032 0.9135 0.0542
vn -0.5546 0.8288 0.0740
vn -0.2711 0.9618 0.0369
vn -0.2701 0.9628 -0.0000
vn -0.4063 0.9137 -0.0000
vn -0.5595 0.8289 -0.0000
vn -0.5380 0.8395 0.0766
vn -0.6459 0.7598 0.0742
vn -0.6245 0.7806 0.0271
vn -0.6985 0.7152 0.0248
vn -0.0173 0.9979 0.0625
vn -0.0102 0.9996 0.0273
vn 0.0386 0.9972 0.0634
vn 0.0687 0.9954 0.0666
vn -0.0370 0.9966 0.0734
vn -0.0342 0.9970 0.0695
vn 0.0177 0.9994 0.0291
vn 0.0150 0.9998 0.0159
vn 0.0280 0.9976 0.0629
vn 0.0200 0.9981 0.0574
vn -0.1994 0.9795 0.0275
vn -0.0079 0.9973 0.0728
vn -0.0364 0.9984 0.0426
vn 0.0225 0.9951 0.0960
vn 0.0342 0.9969 0.0715
vn -0.0333 0.9988 0.0357
vn -0.0524 0.9985 0.0182
vn -0.1994 0.9795 -0.0275
vn -0.2711 0.9618 -0.0369
vn -0.1560 0.9868 -0.0443
vn -0.2606 0.9627 -0.0723
vn -0.0219 0.9994 0.0281
vn -0.2153 0.9765 -0.0048
vn -0.0387 0.9991 0.0152
vn -0.2445 0.9687 -0.0437
vn -0.4032 0.9135 -0.0542
vn -0.5546 0.8288 -0.0740
vn -0.3922 0.9136 -0.1074
vn -0.5401 0.8287 -0.1468
vn -0.6152 0.7862 -0.0576
vn -0.6981 0.7126 -0.0690
vn -0.6299 0.7644 -0.1377
vn -0.5600 0.8212 -0.1096
vn -0.0275 0.9990 0.0356
vn -0.0094 0.9981 0.0612
vn 0.0873 0.9954 0.0404
vn 0.0833 0.9964 0.0119
vn 0.0101 0.9999 0.0103
vn 0.0238 0.9989 0.0407
vn -0.6119 0.7282 -0.3088
vn -0.4978 0.8230 -0.2736
vn -0.2739 0.9542 -0.1202
vn -0.4866 0.8255 -0.2861
vn -0.6038 0.7207 -0.3406
vn -0.6083 0.7168 -0.3409
vn 0.0244 0.9996 0.0135
vn 0.0457 0.9988 0.0180
vn 0.0631 0.9972 0.0399
vn 0.0636 0.9974 0.0346
vn 0.0186 0.9998 0.0084
vn 0.0364 0.9993 0.0042
vn -0.0295 0.9995 -0.0116
vn -0.0423 0.9991 -0.0067
vn 0.0577 0.9983 0.0119
vn 0.0542 0.9985 0.0105
vn -0.0085 1.0000 -0.0012
vn -0.0379 0.9992 -0.0155
vn -0.1852 0.9794 -0.0806
vn -0.2520 0.9617 -0.1082
vn -0.1389 0.9866 -0.0856
vn -0.2327 0.9625 -0.1396
vn -0.0361 0.9993 0.0056
vn -0.0220 0.9997 -0.0076
vn 0.0077 0.9999 0.0073
vn -0.3751 0.9133 -0.1589
vn -0.5162 0.8285 -0.2171
vn -0.3507 0.9132 -0.2075
vn -0.4835 0.8281 -0.2836
vn -0.1577 0.9791 -0.1281
vn -0.2151 0.9613 -0.1721
vn -0.1117 0.9863 -0.1210
vn -0.1883 0.9621 -0.1974
vn -0.0074 0.9998 -0.0172
vn 0.0150 0.9999 0.0016
vn -0.0195 0.9991 -0.0368
vn 0.0178 0.9984 -0.0542
vn 0.0227 0.9994 -0.0270
vn 0.0486 0.9988 -0.0054
vn -0.3209 0.9127 -0.2528
vn -0.4422 0.8278 -0.3453
vn -0.2848 0.9126 -0.2934
vn -0.3933 0.8273 -0.4011
vn -0.5951 0.6810 -0.4267
vn -0.5445 0.7416 -0.3918
vn -0.4393 0.8406 -0.3168
vn -0.3567 0.8540 -0.3787
vn -0.4867 0.7070 -0.5131
vn -0.5164 0.6869 -0.5114
vn 0.0187 0.9998 0.0081
vn 0.0181 0.9997 0.0137
vn 0.0799 0.9961 0.0385
vn 0.1200 0.9924 0.0267
vn 0.0649 0.9977 -0.0193
vn 0.0577 0.9983 0.0035
vn 0.0153 0.9997 -0.0171
vn 0.0532 0.9981 0.0306
vn 0.0488 0.9988 -0.0088
vn 0.0282 0.9984 -0.0488
vn 0.0234 0.9989 -0.0406
vn 0.0145 0.9986 -0.0499
vn 0.0565 0.9982 -0.0213
vn 0.0735 0.9969 -0.0265
vn 0.0605 0.9975 -0.0363
vn 0.0354 0.9984 -0.0445
vn -0.1189 0.9788 -0.1670
vn -0.1630 0.9608 -0.2242
vn -0.1305 0.9615 -0.2418
vn 0.0348 0.9984 -0.0457
vn -0.1161 0.9677 -0.2238
vn 0.0142 0.9982 -0.0581
vn -0.0718 0.9761 -0.2050
vn -0.2442 0.9120 -0.3295
vn -0.3375 0.8268 -0.4500
vn -0.1988 0.9118 -0.3593
vn -0.2758 0.8262 -0.4913
vn -0.4163 0.7467 -0.5188
vn -0.3793 0.8231 -0.4227
vn -0.2571 0.8309 -0.4934
vn -0.2294 0.8733 -0.4298
vn 0.0971 0.9951 -0.0189
vn 0.0927 0.9957 0.0052
vn 0.0998 0.9950 -0.0055
vn 0.0205 0.9997 -0.0136
vn 0.0693 0.9976 0.0038
vn 0.0914 0.9956 0.0197
vn -0.1503 0.9111 -0.3837
vn -0.2093 0.8256 -0.5240
vn -0.0991 0.9602 -0.2611
vn -0.0632 0.9609 -0.2697
vn -0.0988 0.9108 -0.4008
vn -0.1390 0.8249 -0.5479
vn -0.1474 0.9050 -0.3991
vn -0.1912 0.8344 -0.5170
vn -0.0236 0.9864 -0.1628
vn 0.0017 0.9949 -0.1004
vn -0.0670 0.9600 -0.2720
vn -0.1285 0.8439 -0.5209
vn 0.0373 0.9991 -0.0215
vn 0.0735 0.9970 0.0239
vn 0.0209 0.9992 -0.0334
vn 0.0445 0.9989 -0.0111
vn 0.0161 0.9996 -0.0216
vn 0.0294 0.9991 0.0307
vn 0.0520 0.9980 -0.0366
vn 0.0538 0.9976 -0.0425
vn 0.0498 0.9986 -0.0202
vn 0.0272 0.9996 0.0042
vn 0.0211 0.9993 -0.0325
vn 0.0253 0.9986 -0.0472
vn -0.0713 0.9783 -0.1945
vn 0.0457 0.9973 -0.0567
vn 0.0370 0.9990 -0.0261
vn -0.0182 0.9778 -0.2087
vn -0.0278 0.9595 -0.2802
vn -0.0040 1.0000 -0.0036
vn -0.0049 0.9981 -0.0618
vn -0.0073 0.9986 -0.0515
vn -0.0456 0.9101 -0.4118
vn -0.0662 0.8242 -0.5624
vn -0.0213 0.9540 -0.2992
vn -0.0527 0.8548 -0.5162
vn -0.0170 0.9999 0.0018
vn -0.0070 0.9999 0.0148
vn 0.0041 0.9992 0.0406
vn 0.0024 0.9993 -0.0362
vn 0.0103 0.9999 0.0070
vn 0.0964 0.9916 0.0860
vn 0.0798 0.9848 0.1542
vn 0.0392 0.9949 0.0932
vn 0.0371 0.9973 0.0638
vn 0.0659 0.9817 0.1788
vn 0.0379 0.9926 0.1155
vn 0.0059 0.9962 0.0865
vn -0.0000 0.9959 0.0900
vn -0.0058 0.9972 0.0749
vn 0.0836 0.9834 0.1613
vn 0.1508 0.9552 0.2545
vn 0.1322 0.9649 0.2268
vn 0.1192 0.9832 0.1379
vn 0.1530 0.9569 0.2470
vn 0.1138 0.9679 0.2243
vn 0.1699 0.9815 0.0884
vn 0.2216 0.9607 0.1670
vn 0.1490 0.9662 0.2106
vn 0.0903 0.9862 0.1390
vn 0.2351 0.9513 0.1991
vn 0.1647 0.9626 0.2149
vn 0.2027 0.9707 0.1288
vn 0.3399 0.9175 0.2064
vn 0.3144 0.9297 0.1918
vn 0.2120 0.9733 0.0876
vn 0.3703 0.9022 0.2213
vn 0.3423 0.9098 0.2348
vn 0.2104 0.9750 0.0713
vn 0.2812 0.9558 0.0857
vn 0.3119 0.9377 0.1529
vn 0.2015 0.9721 0.1200
vn 0.3048 0.9485 0.0868
vn 0.3383 0.9293 0.1483
vn 0.1902 0.9812 0.0342
vn 0.2091 0.9776 0.0225
vn 0.2570 0.9652 0.0474
vn 0.2066 0.9771 0.0504
vn 0.1972 0.9803 0.0106
vn 0.2591 0.9649 0.0436
vn 0.1546 0.9880 -0.0075
vn 0.0966 0.9953 -0.0080
vn 0.1489 0.9888 0.0024
vn 0.1772 0.9842 0.0057
vn 0.0535 0.9986 -0.0056
vn 0.1195 0.9928 -0.0003
vn 0.0743 0.9942 -0.0775
vn 0.1369 0.9841 -0.1131
vn 0.0836 0.9951 -0.0525
vn 0.1051 0.9929 -0.0555
vn 0.1505 0.9829 -0.1056
vn 0.0656 0.9972 -0.0371
vn 0.0919 0.9958 0.0043
vn 0.1459 0.9859 -0.0817
vn 0.1774 0.9758 -0.1279
vn 0.0773 0.9960 -0.0455
vn 0.1503 0.9826 -0.1092
vn 0.2029 0.9676 -0.1500
vn 0.0097 0.9994 0.0324
vn -0.0172 0.9976 0.0670
vn 0.0642 0.9978 0.0147
vn 0.0741 0.9963 0.0447
vn -0.1412 0.9533 0.2671
vn -0.1282 0.9702 0.2055
vn -0.0177 0.9998 -0.0132
vn -0.0069 0.9999 0.0136
vn -0.0291 0.9983 0.0495
vn -0.0227 0.9997 0.0122
vn -0.0640 0.9624 0.2642
vn -0.1105 0.9555 0.2736
vn 0.0307 0.9986 -0.0438
vn 0.0222 0.9976 -0.0651
vn -0.0078 0.9990 -0.0431
vn -0.0201 0.9989 -0.0422
vn 0.0146 0.9673 0.2532
vn -0.0286 0.9680 0.2495
vn 0.0048 0.9998 -0.0168
vn 0.0250 0.9987 0.0436
vn 0.0346 0.9994 -0.0055
vn 0.0441 0.9988 -0.0226
vn 0.0867 0.9526 0.2915
vn 0.0519 0.9573 0.2844
vn -0.0633 0.9977 -0.0221
vn -0.0171 0.9996 0.0239
vn 0.0337 0.9981 0.0509
vn -0.0060 0.9996 -0.0281
vn 0.1423 0.9571 0.2523
vn 0.1298 0.9498 0.2845
vn -0.1051 0.9911 -0.0822
vn -0.1112 0.9890 -0.0979
vn -0.0703 0.9960 -0.0553
vn -0.0995 0.9938 -0.0502
vn -0.0922 0.9920 -0.0860
vn -0.0323 0.9991 -0.0290
vn -0.1354 0.9873 -0.0827
vn -0.1806 0.9766 -0.1168
vn -0.1643 0.9804 -0.1091
vn -0.1250 0.9896 -0.0706
vn -0.1839 0.9757 -0.1188
vn -0.1640 0.9794 -0.1175
vn -0.1199 0.9922 -0.0330
vn -0.2078 0.9770 -0.0475
vn -0.1869 0.9789 -0.0824
vn -0.1350 0.9882 -0.0721
vn -0.2250 0.9729 -0.0536
vn -0.1841 0.9797 -0.0792
vn -0.0632 0.9971 -0.0430
vn -0.1229 0.9919 -0.0318
vn -0.1939 0.9800 -0.0451
vn -0.0877 0.9950 -0.0478
vn -0.1510 0.9884 -0.0184
vn -0.2320 0.9719 -0.0397
vn -0.0615 0.9975 0.0361
vn -0.0992 0.9942 0.0409
vn -0.0806 0.9967 0.0132
vn -0.0577 0.9983 0.0129
vn -0.0921 0.9952 0.0314
vn -0.0864 0.9962 0.0113
vn -0.0466 0.9988 0.0144
vn -0.0623 0.9977 0.0252
vn -0.1031 0.9941 0.0330
vn -0.0654 0.9978 0.0055
vn -0.0378 0.9991 0.0195
vn -0.0824 0.9961 0.0304
vn -0.0472 0.9979 0.0440
vn -0.0020 1.0000 0.0060
vn -0.0276 0.9995 0.0132
vn -0.0512 0.9980 0.0381
vn 0.1944 0.9630 -0.1864
vn 0.2030 0.9670 -0.1539
vn 0.0097 0.9950 0.0994
vn -0.0337 0.9887 0.1460
vn 0.0049 0.9981 0.0610
vn 0.0002 0.9968 0.0796
vn -0.0656 0.9830 0.1715
vn 0.1578 0.9722 -0.1731
vn -0.0361 0.9971 0.0672
vn -0.0584 0.9806 0.1871
vn -0.0615 0.9783 0.1976
vn -0.0187 0.9959 0.0888
vn -0.0695 0.9635 0.2585
vn -0.0886 0.9627 0.2555
vn -0.0368 0.9902 0.1348
vn -0.0277 0.9972 0.0696
vn -0.0352 0.9855 0.1662
vn 0.0327 0.9994 0.0147
vn -0.0008 0.9999 0.0148
vn -0.0358 0.9993 0.0106
vn 0.0849 0.9964 0.0033
vn 0.0645 0.9979 0.0075
vn 0.0718 0.9970 0.0287
vn 0.0879 0.9961 0.0055
vn 0.0869 0.9961 0.0132
vn 0.0543 0.9976 0.0432
vn 0.0638 0.9952 0.0743
vn 0.0934 0.9950 0.0346
vn 0.0100 0.9977 0.0677
vn 0.0253 0.9959 0.0863
vn 0.0233 0.9997 -0.0109
vn 0.0143 0.9999 0.0059
vn 0.0332 0.9994 -0.0134
vn 0.0333 0.9994 0.0004
vn 0.0658 0.9978 0.0080
vn 0.0373 0.9992 -0.0114
vn 0.0270 0.9995 0.0168
vn 0.0786 0.9967 0.0217
vn 0.0205 0.9993 0.0323
vn -0.0206 0.9996 0.0192
vn 0.0107 0.9999 0.0061
vn 0.0395 0.9990 0.0210
vn -0.0360 0.9993 0.0070
vn -0.0125 0.9999 0.0105
vn -0.0306 0.9992 -0.0253
vn -0.0221 0.9995 -0.0230
vn -0.0534 0.9983 -0.0219
vn -0.0424 0.9989 -0.0216
vn -0.1157 0.9933 -0.0066
vn -0.1016 0.9948 0.0030
vn -0.0586 0.9976 -0.0367
vn -0.0952 0.9954 -0.0139
vn -0.0462 0.9971 -0.0600
vn -0.0464 0.9976 -0.0510
vn -0.0345 0.9994 0.0096
vn -0.0461 0.9972 -0.0586
vn -0.0260 0.9995 0.0173
vn -0.0176 0.9997 0.0184
vn -0.0270 0.9964 0.0807
vn -0.0280 0.9975 0.0655
vn 0.0173 0.9989 0.0444
vn -0.0155 0.9976 0.0670
vn -0.0075 1.0000 0.0033
vn 0.0321 0.9993 0.0170
vn -0.0434 0.9991 -0.0024
vn -0.1734 0.7194 -0.6726
vn -0.1654 0.7472 -0.6437
vn -0.0799 0.7463 -0.6607
vn -0.0841 0.7185 -0.6904
vn 0.0071 0.7455 -0.6664
vn 0.0068 0.7177 -0.6963
vn -0.3413 0.7210 -0.6030
vn -0.3261 0.7487 -0.5772
vn -0.2597 0.7202 -0.6433
vn -0.4856 0.7224 -0.4924
vn -0.4642 0.7500 -0.4712
vn -0.3986 0.7494 -0.5287
vn -0.4171 0.7217 -0.5524
vn -0.5962 0.7234 -0.3482
vn -0.5456 0.7229 -0.4239
vn -0.6658 0.7241 -0.1802
vn -0.6365 0.7238 -0.2665
vn -0.6895 0.7243 -0.0000
vn -0.6836 0.7242 -0.0909
vn -0.6658 0.7241 0.1802
vn -0.6836 0.7242 0.0909
vn -0.5962 0.7234 0.3482
vn -0.6365 0.7238 0.2665
vn -0.4856 0.7224 0.4924
vn -0.4642 0.7500 0.4712
vn -0.5456 0.7229 0.4239
vn -0.3414 0.7210 0.6030
vn -0.3261 0.7487 0.5772
vn -0.3986 0.7494 0.5287
vn -0.4171 0.7217 0.5524
vn -0.1734 0.7194 0.6726
vn -0.2597 0.7202 0.6433
vn 0.0068 0.7177 0.6963
vn 0.0071 0.7455 0.6664
vn -0.0799 0.7463 0.6607
vn -0.0841 0.7186 0.6904
vn 0.1870 0.7160 0.6726
vn 0.0940 0.7447 0.6607
vn 0.0977 0.7168 0.6904
vn 0.3549 0.7144 0.6030
vn 0.2732 0.7152 0.6433
vn 0.4992 0.7130 0.4924
vn 0.4783 0.7411 0.4712
vn 0.4307 0.7137 0.5524
vn 0.6098 0.7120 0.3482
vn 0.5592 0.7125 0.4239
vn 0.6794 0.7113 0.1802
vn 0.6501 0.7116 0.2665
vn 0.7031 0.7111 -0.0000
vn 0.6971 0.7112 0.0909
vn 0.6794 0.7113 -0.1802
vn 0.6971 0.7112 -0.0909
vn 0.6098 0.7120 -0.3482
vn 0.6501 0.7116 -0.2665
vn 0.4992 0.7130 -0.4924
vn 0.4783 0.7411 -0.4713
vn 0.5592 0.7125 -0.4239
vn 0.3549 0.7144 -0.6030
vn 0.4127 0.7417 -0.5287
vn 0.4307 0.7137 -0.5524
vn 0.1870 0.7160 -0.6726
vn 0.2733 0.7152 -0.6433
vn 0.0940 0.7447 -0.6607
vn 0.0977 0.7168 -0.6904
vn 0.0082 0.8651 -0.5016
vn 0.0076 0.7998 -0.6002
vn 0.0859 0.7991 -0.5951
vn 0.0736 0.8645 -0.4973
vn 0.1629 0.7984 -0.5797
vn 0.1380 0.8639 -0.4845
vn 0.2372 0.7977 -0.5545
vn 0.2001 0.8633 -0.4634
vn 0.3076 0.7970 -0.5197
vn 0.2589 0.8627 -0.4343
vn 0.3729 0.7964 -0.4761
vn 0.4319 0.7958 -0.4244
vn 0.4837 0.7953 -0.3654
vn 0.5273 0.7949 -0.3001
vn 0.4425 0.8610 -0.2508
vn 0.5620 0.7946 -0.2297
vn 0.4715 0.8607 -0.1919
vn 0.5872 0.7944 -0.1553
vn 0.4926 0.8605 -0.1298
vn 0.6026 0.7942 -0.0783
vn 0.5054 0.8604 -0.0655
vn 0.6077 0.7942 -0.0000
vn 0.5097 0.8604 -0.0000
vn 0.6026 0.7942 0.0783
vn 0.5054 0.8604 0.0655
vn 0.5872 0.7944 0.1553
vn 0.4926 0.8605 0.1298
vn 0.5620 0.7946 0.2297
vn 0.4715 0.8607 0.1919
vn 0.5273 0.7949 0.3001
vn 0.4425 0.8610 0.2508
vn 0.4837 0.7953 0.3654
vn 0.4061 0.8613 0.3053
vn 0.4319 0.7958 0.4244
vn 0.3628 0.8617 0.3546
vn 0.3729 0.7964 0.4761
vn 0.3135 0.8622 0.3979
vn 0.3076 0.7970 0.5198
vn 0.2372 0.7976 0.5545
vn 0.1629 0.7984 0.5797
vn 0.0859 0.7991 0.5950
vn 0.0076 0.7998 0.6002
vn -0.0708 0.8006 0.5950
vn -0.1478 0.8013 0.5797
vn -0.2221 0.8020 0.5545
vn -0.2925 0.8027 0.5198
vn -0.3578 0.8033 0.4762
vn -0.4168 0.8039 0.4244
vn -0.3464 0.8685 0.3546
vn -0.4686 0.8043 0.3654
vn -0.3897 0.8689 0.3053
vn -0.5121 0.8048 0.3001
vn -0.4261 0.8692 0.2508
vn -0.5469 0.8051 0.2297
vn -0.4551 0.8695 0.1919
vn -0.5721 0.8053 0.1553
vn -0.4762 0.8697 0.1298
vn -0.5874 0.8055 0.0783
vn -0.4890 0.8698 0.0655
vn -0.5926 0.8055 -0.0000
vn -0.4933 0.8699 -0.0000
vn -0.5874 0.8055 -0.0783
vn -0.4890 0.8698 -0.0655
vn -0.5721 0.8053 -0.1553
vn -0.4762 0.8697 -0.1298
vn -0.5469 0.8051 -0.2297
vn -0.4551 0.8695 -0.1919
vn -0.5122 0.8048 -0.3001
vn -0.4261 0.8692 -0.2508
vn -0.4685 0.8044 -0.3654
vn -0.3897 0.8689 -0.3053
vn -0.4168 0.8039 -0.4244
vn -0.3464 0.8685 -0.3546
vn -0.3578 0.8033 -0.4761
vn -0.2971 0.8680 -0.3979
vn -0.2925 0.8027 -0.5198
vn -0.2426 0.8675 -0.4343
vn -0.2221 0.8020 -0.5545
vn -0.1837 0.8669 -0.4634
vn -0.1478 0.8013 -0.5797
vn -0.1216 0.8663 -0.4845
vn -0.0708 0.8006 -0.5951
vn -0.0573 0.8657 -0.4973
vn -0.0164 0.9956 0.0919
vn -0.0201 0.9952 0.0954
vn -0.0317 0.9968 0.0736
vn -0.0167 0.9971 0.0739
vn 0.0142 0.9958 0.0909
vn -0.0160 0.9963 0.0849
vn -0.0611 0.9965 0.0572
vn -0.0349 0.9978 0.0569
vn -0.0052 0.9999 0.0130
vn -0.0217 0.9994 -0.0282
vn -0.0420 0.9990 0.0122
vn -0.0601 0.9981 0.0148
vn -0.0508 0.9981 -0.0349
vn -0.0423 0.9980 -0.0470
vn -0.0529 0.9981 -0.0308
vn -0.0597 0.9969 -0.0506
vn -0.0668 0.9974 -0.0268
vn -0.0555 0.9983 -0.0156
vn -0.0505 0.9985 -0.0200
vn -0.0711 0.9973 0.0187
vn -0.0449 0.9989 0.0160
vn -0.0030 1.0000 -0.0046
vn 0.0029 1.0000 -0.0026
vn 0.0288 0.9993 0.0219
vn 0.0297 0.9983 0.0492
vn -0.0132 0.9994 0.0317
vn -0.0269 0.9996 0.0045
vn -0.0122 0.9999 -0.0018
vn 0.0268 0.9996 0.0084
vn 0.0703 0.9964 0.0473
vn 0.0654 0.9969 0.0443
vn 0.0283 0.9996 -0.0037
vn 0.0259 0.9992 -0.0302
vn 0.0617 0.9980 -0.0157
vn 0.1009 0.9947 0.0214
vn 0.1298 0.9912 0.0278
vn 0.1549 0.9869 0.0450
vn 0.1699 0.9841 0.0520
vn 0.1577 0.9865 0.0447
vn 0.1181 0.9902 0.0750
vn 0.1058 0.9923 0.0647
vn 0.1336 0.9901 0.0435
vn 0.1470 0.9875 0.0564
vn 0.0778 0.9956 0.0530
vn 0.0132 0.9994 0.0315
vn 0.0606 0.9980 0.0201
vn 0.0869 0.9955 0.0383
vn 0.0296 0.9972 0.0684
vn -0.0073 -0.8494 -0.5276
vn 0.0584 -0.9105 -0.4095
vn 0.0128 0.8953 -0.4452
vn 0.0706 0.9411 -0.3308
vn 0.0786 0.9669 -0.2427
vn 0.0822 -0.9440 -0.3196
vn 0.0982 -0.9541 -0.2830
vn 0.1225 -0.9484 -0.2923
vn 0.0988 0.9723 -0.2119
vn 0.0968 0.9729 -0.2099
vn 0.1390 0.9642 -0.2258
vn 0.1394 0.9643 -0.2253
vn 0.1266 -0.9630 -0.2377
vn 0.1286 -0.9609 -0.2451
vn 0.2208 -0.9039 -0.3664
vn 0.2499 0.8872 -0.3878
vn 0.4037 0.8203 -0.4052
vn 0.4345 -0.7843 -0.4428
vn 0.4649 -0.8398 -0.2804
vn 0.3412 0.9208 -0.1891
vn 0.1584 0.9846 -0.0742
vn 0.2248 -0.9673 -0.1175
vn 0.0606 -0.9976 -0.0345
vn 0.0795 0.9962 -0.0345
vn 0.6513 0.6596 -0.3751
vn 0.6922 0.6764 -0.2516
vn 0.5208 -0.7975 -0.3047
vn 0.5394 -0.8200 -0.1914
vn 0.5141 -0.8554 -0.0631
vn 0.5798 0.8121 -0.0656
vn 0.4230 0.9060 -0.0163
vn 0.5777 -0.8159 -0.0232
vn 0.6354 -0.7674 0.0858
vn 0.5217 0.8503 0.0699
vn 0.6701 0.7230 0.1681
vn 0.6403 -0.7503 0.1643
vn 0.6849 -0.6617 0.3051
vn 0.6141 0.7479 0.2520
vn 0.4397 0.8458 0.3020
vn 0.5778 -0.7023 0.4159
vn 0.4729 -0.8027 0.3634
vn 0.3978 0.8685 0.2956
vn 0.4116 0.8613 0.2979
vn 0.3893 0.8520 0.3501
vn 0.4201 -0.8098 0.4095
vn 0.3377 -0.8060 0.4862
vn 0.3083 0.8547 0.4176
vn 0.2456 0.8558 0.4553
vn 0.2252 -0.8714 0.4358
vn 0.1206 -0.9416 0.3146
vn 0.1558 0.9172 0.3666
vn 0.1370 0.9057 0.4012
vn 0.1058 -0.9257 0.3631
vn 0.0859 -0.8654 0.4937
vn 0.1001 0.8631 0.4950
vn 0.0045 0.8596 0.5110
vn -0.0116 -0.8671 0.4979
vn -0.0552 -0.8613 0.5051
vn -0.0579 0.8452 0.5313
vn -0.0975 0.8953 0.4346
vn -0.1191 -0.8936 0.4329
vn -0.1780 -0.9102 0.3739
vn -0.1493 0.9237 0.3528
vn -0.2617 0.8418 0.4721
vn -0.2809 -0.8375 0.4687
vn -0.4110 -0.7329 0.5422
vn -0.3829 0.7626 0.5214
vn -0.4487 0.7745 0.4458
vn -0.5193 -0.6779 0.5203
vn -0.5961 -0.6491 0.4725
vn -0.5051 0.7593 0.4103
vn -0.4865 0.8189 0.3045
vn -0.5613 -0.7471 0.3561
vn -0.4347 -0.8803 0.1900
vn -0.3891 0.9039 0.1776
vn -0.4172 0.9059 0.0732
vn -0.4971 -0.8642 0.0780
vn -0.6806 -0.7292 0.0704
vn -0.5615 0.8252 0.0617
vn -0.6247 0.7806 0.0180
vn -0.6857 -0.7274 0.0257
vn -0.5703 -0.8195 -0.0571
vn -0.5864 0.8078 -0.0595
vn -0.3022 0.9522 -0.0435
vn -0.2938 -0.9551 -0.0394
vn -0.3096 -0.9500 -0.0404
vn -0.0833 -0.9962 -0.0251
vn -0.2427 0.9576 -0.1555
vn -0.4424 0.8590 -0.2575
vn -0.5446 -0.7553 -0.3644
vn -0.5760 -0.7534 -0.3173
vn -0.5345 -0.7535 -0.3828
vn -0.4059 0.8630 -0.3009
vn -0.3585 0.8589 -0.3656
vn -0.4803 -0.7436 -0.4651
vn -0.4959 -0.7416 -0.4519
vn -0.1996 0.9575 -0.2084
vn -0.1086 0.9676 -0.2278
vn -0.0528 -0.9965 -0.0649
vn -0.1195 -0.9694 -0.2143
vn -0.1950 -0.8669 -0.4588
vn -0.1886 0.8536 -0.4857
vn -0.1527 0.7526 -0.6405
vn -0.1627 -0.7532 -0.6373
vn -0.1016 -0.7742 -0.6247
vn -0.0686 0.7998 -0.5963
vt 0.201511 0.303928
vt 0.207870 0.295641
vt 0.214648 0.300243
vt 0.209456 0.309235
vt 0.215980 0.285072
vt 0.221091 0.289083
vt 0.227120 0.291504
vt 0.222022 0.303812
vt 0.218025 0.313462
vt 0.094944 0.442810
vt 0.099767 0.436525
vt 0.125950 0.453874
vt 0.122989 0.459001
vt 0.104243 0.430690
vt 0.129567 0.447608
vt 0.156880 0.461080
vt 0.154066 0.467874
vt 0.151034 0.475193
vt 0.156513 0.362571
vt 0.164162 0.352603
vt 0.178780 0.362369
vt 0.172498 0.373249
vt 0.171651 0.342843
vt 0.184931 0.351714
vt 0.199254 0.358779
vt 0.194546 0.370146
vt 0.189738 0.381753
vt 0.119065 0.411375
vt 0.129396 0.397910
vt 0.150226 0.411825
vt 0.141741 0.426523
vt 0.139796 0.384358
vt 0.158767 0.397032
vt 0.179229 0.407125
vt 0.172692 0.422907
vt 0.166197 0.438586
vt 0.215980 0.285072
vt 0.226850 0.270906
vt 0.227989 0.277136
vt 0.245978 0.245978
vt 0.233954 0.275007
vt 0.221091 0.289083
vt 0.233954 0.275007
vt 0.104243 0.430690
vt 0.110566 0.422451
vt 0.134760 0.438614
vt 0.129567 0.447608
vt 0.160854 0.451485
vt 0.156880 0.461080
vt 0.196413 0.430957
vt 0.192021 0.447349
vt 0.200834 0.414456
vt 0.223211 0.418910
vt 0.220982 0.435846
vt 0.218766 0.452672
vt 0.233954 0.275007
vt 0.236666 0.280730
vt 0.233096 0.294056
vt 0.241877 0.277130
vt 0.233954 0.275007
vt 0.239546 0.294834
vt 0.233096 0.294056
vt 0.241877 0.277130
vt 0.188407 0.460835
vt 0.185719 0.470867
vt 0.216944 0.466514
vt 0.215588 0.476811
vt 0.229760 0.306503
vt 0.227073 0.316533
vt 0.233096 0.294056
vt 0.239546 0.294834
vt 0.237807 0.308041
vt 0.236444 0.318397
vt 0.183847 0.477855
vt 0.182314 0.483575
vt 0.214629 0.484102
vt 0.213594 0.491956
vt 0.211194 0.375795
vt 0.207942 0.387931
vt 0.214378 0.363911
vt 0.230041 0.367029
vt 0.228436 0.379226
vt 0.226796 0.391683
vt 0.245978 0.486035
vt 0.245978 0.491956
vt 0.245978 0.478800
vt 0.276368 0.476811
vt 0.277328 0.484102
vt 0.278362 0.491956
vt 0.245978 0.380375
vt 0.245978 0.392938
vt 0.245978 0.368072
vt 0.261915 0.367029
vt 0.263521 0.379226
vt 0.265160 0.391683
vt 0.245978 0.437482
vt 0.245978 0.454453
vt 0.245978 0.420400
vt 0.268745 0.418910
vt 0.270975 0.435846
vt 0.273190 0.452672
vt 0.239546 0.294834
vt 0.245978 0.281956
vt 0.245978 0.295752
vt 0.250079 0.277130
vt 0.241877 0.277130
vt 0.252410 0.294834
vt 0.245978 0.295752
vt 0.245978 0.468415
vt 0.245978 0.478800
vt 0.275012 0.466514
vt 0.276368 0.476811
vt 0.245978 0.308638
vt 0.245978 0.319021
vt 0.252410 0.294834
vt 0.254149 0.308041
vt 0.255512 0.318397
vt 0.252410 0.294834
vt 0.250079 0.277130
vt 0.255290 0.280730
vt 0.258860 0.294056
vt 0.258002 0.275007
vt 0.264836 0.291504
vt 0.303549 0.460835
vt 0.306237 0.470866
vt 0.299935 0.447349
vt 0.325759 0.438586
vt 0.331102 0.451485
vt 0.335076 0.461080
vt 0.262196 0.306503
vt 0.264883 0.316532
vt 0.258860 0.294056
vt 0.264836 0.291504
vt 0.269933 0.303812
vt 0.273931 0.313462
vt 0.308110 0.477855
vt 0.309642 0.483575
vt 0.306237 0.470866
vt 0.335076 0.461080
vt 0.337890 0.467874
vt 0.340922 0.475193
vt 0.280762 0.375795
vt 0.284014 0.387931
vt 0.277578 0.363911
vt 0.292702 0.358779
vt 0.297410 0.370146
vt 0.302218 0.381753
vt 0.295543 0.430957
vt 0.291122 0.414456
vt 0.312727 0.407124
vt 0.319264 0.422907
vt 0.341730 0.411825
vt 0.350216 0.426523
vt 0.333189 0.397031
vt 0.352160 0.384358
vt 0.362560 0.397910
vt 0.372891 0.411374
vt 0.263967 0.277136
vt 0.270865 0.289083
vt 0.265106 0.270906
vt 0.258002 0.275007
vt 0.275976 0.285072
vt 0.265106 0.270906
vt 0.357196 0.438614
vt 0.362389 0.447607
vt 0.381390 0.422451
vt 0.387713 0.430690
vt 0.277308 0.300243
vt 0.282500 0.309235
vt 0.270865 0.289083
vt 0.275976 0.285072
vt 0.284086 0.295641
vt 0.290445 0.303928
vt 0.366007 0.453873
vt 0.368967 0.459001
vt 0.362389 0.447607
vt 0.392189 0.436524
vt 0.397012 0.442809
vt 0.313176 0.362369
vt 0.319458 0.373249
vt 0.307025 0.351714
vt 0.320305 0.342843
vt 0.327795 0.352603
vt 0.335443 0.362571
vt 0.290285 0.290285
vt 0.297627 0.297627
vt 0.281173 0.281173
vt 0.285072 0.275976
vt 0.295641 0.284086
vt 0.303928 0.290445
vt 0.415724 0.415724
vt 0.419911 0.419911
vt 0.410608 0.410608
vt 0.430690 0.387712
vt 0.436524 0.392189
vt 0.442809 0.397012
vt 0.341011 0.341011
vt 0.349895 0.349895
vt 0.332311 0.332311
vt 0.342843 0.320305
vt 0.352603 0.327794
vt 0.362571 0.335443
vt 0.381392 0.381392
vt 0.393392 0.393392
vt 0.369313 0.369313
vt 0.384358 0.352160
vt 0.397910 0.362560
vt 0.411374 0.372891
vt 0.275976 0.285072
vt 0.265106 0.270906
vt 0.271418 0.271418
vt 0.281173 0.281173
vt 0.270906 0.265106
vt 0.265106 0.270906
vt 0.285072 0.275976
vt 0.281173 0.281173
vt 0.270906 0.265106
vt 0.403264 0.403264
vt 0.422451 0.381390
vt 0.285072 0.275976
vt 0.270906 0.265106
vt 0.277136 0.263967
vt 0.289083 0.270865
vt 0.275007 0.258002
vt 0.270906 0.265106
vt 0.291504 0.264836
vt 0.289083 0.270865
vt 0.438614 0.357196
vt 0.447607 0.362389
vt 0.426523 0.350215
vt 0.438586 0.325759
vt 0.451485 0.331102
vt 0.461080 0.335076
vt 0.300243 0.277308
vt 0.309235 0.282500
vt 0.289083 0.270865
vt 0.291504 0.264836
vt 0.303812 0.269934
vt 0.313462 0.273931
vt 0.453874 0.366006
vt 0.459001 0.368967
vt 0.447608 0.362389
vt 0.461080 0.335076
vt 0.467874 0.337890
vt 0.475193 0.340922
vt 0.362369 0.313176
vt 0.373249 0.319458
vt 0.351714 0.307025
vt 0.358779 0.292702
vt 0.370146 0.297410
vt 0.381753 0.302218
vt 0.411825 0.341730
vt 0.397032 0.333189
vt 0.407124 0.312727
vt 0.422907 0.319264
vt 0.375795 0.280762
vt 0.387931 0.284014
vt 0.363911 0.277578
vt 0.367029 0.261915
vt 0.379226 0.263520
vt 0.391683 0.265160
vt 0.430956 0.295543
vt 0.447349 0.299935
vt 0.414456 0.291121
vt 0.418909 0.268745
vt 0.435846 0.270974
vt 0.452672 0.273190
vt 0.280730 0.255290
vt 0.294056 0.258860
vt 0.277130 0.250079
vt 0.275007 0.258002
vt 0.294834 0.252410
vt 0.294056 0.258860
vt 0.277130 0.250079
vt 0.460835 0.303549
vt 0.470866 0.306237
vt 0.466514 0.275012
vt 0.476811 0.276368
vt 0.306503 0.262196
vt 0.316532 0.264883
vt 0.294056 0.258860
vt 0.294834 0.252410
vt 0.308041 0.254149
vt 0.318397 0.255512
vt 0.477855 0.308109
vt 0.483575 0.309642
vt 0.470866 0.306236
vt 0.476811 0.276367
vt 0.484102 0.277327
vt 0.491956 0.278361
vt 0.308638 0.245978
vt 0.319021 0.245978
vt 0.295752 0.245978
vt 0.294834 0.239546
vt 0.308041 0.237807
vt 0.318397 0.236444
vt 0.486035 0.245978
vt 0.491956 0.245978
vt 0.478800 0.245978
vt 0.476811 0.215588
vt 0.484102 0.214628
vt 0.491956 0.213594
vt 0.380374 0.245978
vt 0.392938 0.245978
vt 0.368072 0.245978
vt 0.367028 0.230041
vt 0.379226 0.228435
vt 0.391683 0.226796
vt 0.437482 0.245978
vt 0.454453 0.245978
vt 0.420399 0.245978
vt 0.418909 0.223211
vt 0.435846 0.220981
vt 0.452672 0.218766
vt 0.294834 0.252410
vt 0.277130 0.250079
vt 0.281956 0.245978
vt 0.295752 0.245978
vt 0.277130 0.241877
vt 0.294834 0.239546
vt 0.295752 0.245978
vt 0.468414 0.245978
vt 0.478800 0.245978
vt 0.466514 0.216944
vt 0.476811 0.215588
vt 0.430956 0.196413
vt 0.447349 0.192021
vt 0.414456 0.200834
vt 0.407124 0.179229
vt 0.422907 0.172692
vt 0.438586 0.166197
vt 0.277130 0.241877
vt 0.280730 0.236666
vt 0.294056 0.233096
vt 0.275007 0.233954
vt 0.277130 0.241877
vt 0.291504 0.227120
vt 0.294056 0.233096
vt 0.460835 0.188407
vt 0.470866 0.185719
vt 0.451485 0.160854
vt 0.461080 0.156880
vt 0.306503 0.229760
vt 0.316532 0.227073
vt 0.294056 0.233096
vt 0.291504 0.227120
vt 0.303812 0.222023
vt 0.313462 0.218025
vt 0.477855 0.183846
vt 0.483575 0.182314
vt 0.470866 0.185719
vt 0.467874 0.154065
vt 0.475193 0.151034
vt 0.375795 0.211194
vt 0.387931 0.207942
vt 0.363911 0.214378
vt 0.358779 0.199254
vt 0.370146 0.194546
vt 0.381753 0.189738
vt 0.362369 0.178780
vt 0.373249 0.172498
vt 0.351714 0.184931
vt 0.342842 0.171651
vt 0.352603 0.164161
vt 0.362571 0.156513
vt 0.411825 0.150226
vt 0.426522 0.141740
vt 0.397031 0.158767
vt 0.384357 0.139795
vt 0.397910 0.129396
vt 0.411374 0.119065
vt 0.291504 0.227120
vt 0.275007 0.233954
vt 0.277136 0.227989
vt 0.289083 0.221091
vt 0.270906 0.226850
vt 0.275007 0.233954
vt 0.285072 0.215980
vt 0.289083 0.221091
vt 0.270906 0.226850
vt 0.438614 0.134760
vt 0.447607 0.129567
vt 0.422451 0.110565
vt 0.430690 0.104243
vt 0.300243 0.214648
vt 0.309235 0.209456
vt 0.285072 0.215980
vt 0.295641 0.207870
vt 0.303928 0.201512
vt 0.453873 0.125949
vt 0.459001 0.122989
vt 0.447607 0.129567
vt 0.430690 0.104243
vt 0.436524 0.099766
vt 0.442809 0.094944
vt 0.403264 0.088691
vt 0.410607 0.081348
vt 0.393392 0.098564
vt 0.372891 0.080581
vt 0.381390 0.069505
vt 0.387712 0.061266
vt 0.290285 0.201671
vt 0.297627 0.194329
vt 0.281173 0.210783
vt 0.275976 0.206884
vt 0.284086 0.196315
vt 0.290444 0.188028
vt 0.415724 0.076232
vt 0.419911 0.072045
vt 0.410607 0.081348
vt 0.387712 0.061266
vt 0.392189 0.055431
vt 0.397012 0.049146
vt 0.341011 0.150945
vt 0.349894 0.142061
vt 0.332311 0.159645
vt 0.320305 0.149113
vt 0.327794 0.139353
vt 0.335443 0.129385
vt 0.381391 0.110564
vt 0.369312 0.122643
vt 0.352160 0.107598
vt 0.362559 0.094046
vt 0.285072 0.215980
vt 0.270906 0.226850
vt 0.271418 0.220538
vt 0.281173 0.210783
vt 0.265106 0.221050
vt 0.275976 0.206884
vt 0.281173 0.210783
vt 0.265106 0.221050
vt 0.341730 0.080131
vt 0.350215 0.065433
vt 0.333189 0.094924
vt 0.312727 0.084832
vt 0.319264 0.069049
vt 0.325759 0.053370
vt 0.275976 0.206884
vt 0.265106 0.221050
vt 0.263967 0.214820
vt 0.270865 0.202873
vt 0.258002 0.216949
vt 0.265106 0.221050
vt 0.264835 0.200452
vt 0.258002 0.216949
vt 0.357196 0.053342
vt 0.362388 0.044348
vt 0.331102 0.040471
vt 0.335076 0.030876
vt 0.277308 0.191713
vt 0.282499 0.182721
vt 0.270865 0.202873
vt 0.264836 0.200452
vt 0.269933 0.188144
vt 0.273931 0.178494
vt 0.366006 0.038082
vt 0.368967 0.032955
vt 0.362388 0.044348
vt 0.335076 0.030876
vt 0.337890 0.024082
vt 0.340922 0.016763
vt 0.313176 0.129587
vt 0.319458 0.118707
vt 0.307025 0.140242
vt 0.292702 0.133177
vt 0.297410 0.121810
vt 0.302218 0.110203
vt 0.308109 0.014101
vt 0.309642 0.008381
vt 0.306236 0.021090
vt 0.276367 0.015145
vt 0.277327 0.007854
vt 0.278361 0.000000
vt 0.280762 0.116161
vt 0.284014 0.104025
vt 0.277578 0.128045
vt 0.261914 0.124928
vt 0.263520 0.112730
vt 0.265160 0.100273
vt 0.295543 0.061000
vt 0.299935 0.044607
vt 0.291121 0.077500
vt 0.268745 0.073047
vt 0.270974 0.056110
vt 0.273190 0.039284
vt 0.264835 0.200452
vt 0.255290 0.211226
vt 0.258860 0.197900
vt 0.250079 0.214826
vt 0.252410 0.197122
vt 0.258860 0.197900
vt 0.250079 0.214826
vt 0.303549 0.031121
vt 0.306236 0.021090
vt 0.275012 0.025442
vt 0.276367 0.015145
vt 0.262195 0.185453
vt 0.264883 0.175424
vt 0.252410 0.197122
vt 0.254149 0.183915
vt 0.255512 0.173559
vt 0.245978 0.023542
vt 0.245978 0.013156
vt 0.245978 0.037503
vt 0.218766 0.039284
vt 0.216944 0.025442
vt 0.215588 0.015145
vt 0.245978 0.183318
vt 0.245978 0.172935
vt 0.245978 0.196204
vt 0.239546 0.197122
vt 0.237807 0.183915
vt 0.236444 0.173559
vt 0.245978 0.005921
vt 0.245978 0.000000
vt 0.215588 0.015145
vt 0.214628 0.007854
vt 0.213594 0.000000
vt 0.245978 0.111582
vt 0.245978 0.099018
vt 0.245978 0.123884
vt 0.230041 0.124928
vt 0.228435 0.112730
vt 0.226795 0.100273
vt 0.245978 0.054474
vt 0.245978 0.071557
vt 0.223211 0.073047
vt 0.220981 0.056110
vt 0.245978 0.210000
vt 0.245978 0.196204
vt 0.241877 0.214826
vt 0.241877 0.214826
vt 0.196413 0.061000
vt 0.192021 0.044607
vt 0.200834 0.077500
vt 0.179229 0.084832
vt 0.172692 0.069050
vt 0.166197 0.053370
vt 0.239546 0.197122
vt 0.236666 0.211226
vt 0.233095 0.197900
vt 0.233954 0.216949
vt 0.227120 0.200452
vt 0.233095 0.197900
vt 0.188407 0.031121
vt 0.185719 0.021090
vt 0.160854 0.040471
vt 0.156880 0.030876
vt 0.229760 0.185453
vt 0.227073 0.175424
vt 0.227120 0.200452
vt 0.222022 0.188144
vt 0.218025 0.178494
vt 0.183846 0.014101
vt 0.182314 0.008382
vt 0.185719 0.021090
vt 0.156880 0.030876
vt 0.154065 0.024082
vt 0.151034 0.016763
vt 0.211193 0.116161
vt 0.207942 0.104025
vt 0.214378 0.128045
vt 0.199254 0.133177
vt 0.194546 0.121810
vt 0.189738 0.110203
vt 0.125949 0.038083
vt 0.122989 0.032955
vt 0.129567 0.044349
vt 0.104243 0.061266
vt 0.099766 0.055432
vt 0.094944 0.049147
vt 0.178780 0.129587
vt 0.172498 0.118707
vt 0.184931 0.140242
vt 0.171651 0.149114
vt 0.164161 0.139353
vt 0.156513 0.129385
vt 0.150226 0.080131
vt 0.141740 0.065434
vt 0.158767 0.094925
vt 0.139795 0.107599
vt 0.129396 0.094046
vt 0.119065 0.080582
vt 0.227120 0.200452
vt 0.233954 0.216949
vt 0.227989 0.214820
vt 0.221091 0.202873
vt 0.226850 0.221050
vt 0.233954 0.216949
vt 0.215980 0.206884
vt 0.221091 0.202873
vt 0.226850 0.221050
vt 0.134760 0.053343
vt 0.129567 0.044349
vt 0.110565 0.069505
vt 0.104243 0.061266
vt 0.214648 0.191713
vt 0.209456 0.182721
vt 0.221091 0.202873
vt 0.215980 0.206884
vt 0.207870 0.196315
vt 0.201511 0.188028
vt 0.088691 0.088692
vt 0.081348 0.081348
vt 0.098564 0.098564
vt 0.080581 0.119065
vt 0.069505 0.110566
vt 0.061266 0.104244
vt 0.201670 0.201671
vt 0.194328 0.194329
vt 0.210782 0.210783
vt 0.206884 0.215980
vt 0.196315 0.207870
vt 0.188028 0.201512
vt 0.076232 0.076232
vt 0.072045 0.072045
vt 0.061266 0.104244
vt 0.055431 0.099767
vt 0.049146 0.094944
vt 0.150945 0.150945
vt 0.142061 0.142062
vt 0.159645 0.159645
vt 0.149113 0.171651
vt 0.139353 0.164162
vt 0.129385 0.156513
vt 0.110564 0.110565
vt 0.122643 0.122644
vt 0.107598 0.139796
vt 0.094046 0.129397
vt 0.226850 0.221050
vt 0.220538 0.220538
vt 0.210783 0.210783
vt 0.221050 0.226850
vt 0.206884 0.215980
vt 0.221050 0.226850
vt 0.080131 0.150226
vt 0.065433 0.141741
vt 0.094924 0.158767
vt 0.084831 0.179229
vt 0.069049 0.172692
vt 0.053370 0.166197
vt 0.221050 0.226850
vt 0.214820 0.227989
vt 0.202873 0.221091
vt 0.216949 0.233954
vt 0.200452 0.227120
vt 0.202873 0.221091
vt 0.216949 0.233954
vt 0.053342 0.134760
vt 0.044348 0.129567
vt 0.040471 0.160854
vt 0.030876 0.156880
vt 0.191713 0.214648
vt 0.182721 0.209456
vt 0.202873 0.221091
vt 0.200452 0.227120
vt 0.188144 0.222023
vt 0.178494 0.218025
vt 0.038082 0.125950
vt 0.032955 0.122989
vt 0.044348 0.129567
vt 0.030876 0.156880
vt 0.024082 0.154066
vt 0.016763 0.151034
vt 0.129587 0.178780
vt 0.118707 0.172498
vt 0.140242 0.184931
vt 0.133177 0.199254
vt 0.121810 0.194546
vt 0.110203 0.189738
vt 0.014101 0.183847
vt 0.008381 0.182315
vt 0.021089 0.185720
vt 0.015145 0.215589
vt 0.007854 0.214629
vt 0.000000 0.213595
vt 0.116161 0.211194
vt 0.104025 0.207942
vt 0.128045 0.214378
vt 0.124927 0.230042
vt 0.112730 0.228436
vt 0.100273 0.226796
vt 0.060999 0.196413
vt 0.044607 0.192021
vt 0.077500 0.200835
vt 0.073047 0.223211
vt 0.056110 0.220982
vt 0.039284 0.218767
vt 0.200452 0.227120
vt 0.216949 0.233954
vt 0.211226 0.236666
vt 0.197900 0.233096
vt 0.214826 0.241877
vt 0.197122 0.239546
vt 0.197900 0.233096
vt 0.214826 0.241877
vt 0.031121 0.188408
vt 0.021090 0.185720
vt 0.025442 0.216944
vt 0.015145 0.215589
vt 0.185453 0.229760
vt 0.175423 0.227073
vt 0.197900 0.233096
vt 0.197122 0.239546
vt 0.183915 0.237807
vt 0.173559 0.236444
vt 0.197122 0.239546
vt 0.210000 0.245978
vt 0.196204 0.245978
vt 0.214826 0.250079
vt 0.214826 0.241877
vt 0.197122 0.252410
vt 0.023542 0.245978
vt 0.013156 0.245978
vt 0.037503 0.245978
vt 0.039284 0.273190
vt 0.025442 0.275012
vt 0.015145 0.276368
vt 0.183318 0.245978
vt 0.172935 0.245978
vt 0.196204 0.245978
vt 0.197122 0.252410
vt 0.183915 0.254149
vt 0.173559 0.255512
vt 0.005921 0.245978
vt 0.000000 0.245978
vt 0.013156 0.245978
vt 0.015145 0.276368
vt 0.007854 0.277328
vt 0.000000 0.278362
vt 0.111581 0.245978
vt 0.099018 0.245978
vt 0.123884 0.245978
vt 0.124927 0.261915
vt 0.112730 0.263521
vt 0.100273 0.265161
vt 0.054474 0.245978
vt 0.071557 0.245978
vt 0.073047 0.268745
vt 0.056110 0.270975
vt 0.061000 0.295543
vt 0.044607 0.299936
vt 0.077500 0.291122
vt 0.084832 0.312727
vt 0.069049 0.319265
vt 0.053370 0.325759
vt 0.197122 0.252410
vt 0.214826 0.250079
vt 0.211226 0.255290
vt 0.197900 0.258860
vt 0.216949 0.258002
vt 0.200452 0.264836
vt 0.197900 0.258860
vt 0.216949 0.258002
vt 0.031121 0.303549
vt 0.021090 0.306237
vt 0.040471 0.331102
vt 0.030876 0.335076
vt 0.185453 0.262196
vt 0.175423 0.264883
vt 0.197900 0.258860
vt 0.200452 0.264836
vt 0.188144 0.269934
vt 0.178494 0.273931
vt 0.014101 0.308110
vt 0.008382 0.309642
vt 0.021090 0.306237
vt 0.030876 0.335076
vt 0.024082 0.337891
vt 0.016763 0.340922
vt 0.116161 0.280763
vt 0.104025 0.284014
vt 0.128045 0.277578
vt 0.133177 0.292702
vt 0.121810 0.297410
vt 0.110203 0.302218
vt 0.191713 0.277308
vt 0.182721 0.282500
vt 0.202873 0.270865
vt 0.206884 0.275976
vt 0.196315 0.284086
vt 0.188028 0.290445
vt 0.038083 0.366007
vt 0.032955 0.368967
vt 0.044349 0.362389
vt 0.061266 0.387713
vt 0.055432 0.392190
vt 0.049147 0.397012
vt 0.129587 0.313176
vt 0.118707 0.319458
vt 0.140242 0.307025
vt 0.149113 0.320305
vt 0.139353 0.327795
vt 0.129385 0.335443
vt 0.080131 0.341730
vt 0.065433 0.350216
vt 0.094925 0.333189
vt 0.107598 0.352161
vt 0.094046 0.362560
vt 0.080582 0.372891
vt 0.216949 0.258002
vt 0.214820 0.263967
vt 0.202873 0.270865
vt 0.221050 0.265106
vt 0.053342 0.357197
vt 0.044349 0.362389
vt 0.069505 0.381391
vt 0.061266 0.387713
vt 0.220538 0.271418
vt 0.210783 0.281173
vt 0.226850 0.270906
vt 0.221050 0.265106
vt 0.210783 0.281173
vt 0.088692 0.403265
vt 0.081348 0.410608
vt 0.098564 0.393392
vt 0.201670 0.290285
vt 0.194329 0.297627
vt 0.210783 0.281173
vt 0.076232 0.415724
vt 0.072045 0.419911
vt 0.081348 0.410608
vt 0.150945 0.341011
vt 0.142061 0.349895
vt 0.159645 0.332311
vt 0.110564 0.381392
vt 0.122643 0.369313
vt 0.165391 0.307815
vt 0.169506 0.304657
vt 0.177852 0.314104
vt 0.174152 0.317804
vt 0.171152 0.303394
vt 0.179857 0.312099
vt 0.188562 0.320804
vt 0.187299 0.322450
vt 0.184141 0.326565
vt 0.152132 0.284850
vt 0.156912 0.282869
vt 0.162541 0.294151
vt 0.158010 0.296766
vt 0.158841 0.282071
vt 0.164996 0.292733
vt 0.145269 0.259237
vt 0.150425 0.258558
vt 0.152876 0.270926
vt 0.147862 0.272268
vt 0.152928 0.258228
vt 0.155268 0.270292
vt 0.145269 0.232720
vt 0.150399 0.233397
vt 0.149592 0.245977
vt 0.144401 0.245978
vt 0.152468 0.233667
vt 0.152066 0.245970
vt 0.152132 0.207106
vt 0.156924 0.209091
vt 0.152916 0.221042
vt 0.147862 0.219688
vt 0.158841 0.209885
vt 0.155655 0.221776
vt 0.165391 0.184141
vt 0.169506 0.187299
vt 0.162541 0.197806
vt 0.158010 0.195190
vt 0.171152 0.188562
vt 0.164996 0.199223
vt 0.184141 0.165391
vt 0.187299 0.169506
vt 0.177852 0.177852
vt 0.174152 0.174152
vt 0.188562 0.171152
vt 0.179857 0.179857
vt 0.207106 0.152132
vt 0.209091 0.156924
vt 0.197805 0.162541
vt 0.195189 0.158010
vt 0.209884 0.158841
vt 0.199223 0.164996
vt 0.232719 0.145269
vt 0.233396 0.150399
vt 0.221042 0.152916
vt 0.219688 0.147862
vt 0.233667 0.152469
vt 0.221776 0.155655
vt 0.259236 0.145269
vt 0.258559 0.150399
vt 0.245978 0.149582
vt 0.245978 0.144401
vt 0.258289 0.152469
vt 0.245978 0.152006
vt 0.284850 0.152132
vt 0.282865 0.156924
vt 0.270914 0.152916
vt 0.272268 0.147862
vt 0.282071 0.158841
vt 0.270180 0.155655
vt 0.307815 0.165391
vt 0.304657 0.169506
vt 0.294150 0.162541
vt 0.296766 0.158010
vt 0.303394 0.171152
vt 0.292733 0.164996
vt 0.326565 0.184141
vt 0.322450 0.187299
vt 0.314104 0.177852
vt 0.317803 0.174152
vt 0.320804 0.188562
vt 0.312099 0.179857
vt 0.339824 0.207106
vt 0.335032 0.209091
vt 0.329415 0.197805
vt 0.333946 0.195190
vt 0.333115 0.209885
vt 0.326959 0.199223
vt 0.346687 0.232719
vt 0.341557 0.233396
vt 0.339040 0.221042
vt 0.344094 0.219688
vt 0.339487 0.233667
vt 0.336301 0.221776
vt 0.346687 0.259237
vt 0.341557 0.258560
vt 0.342374 0.245978
vt 0.347555 0.245978
vt 0.339487 0.258289
vt 0.339950 0.245978
vt 0.339824 0.284850
vt 0.335032 0.282865
vt 0.339040 0.270914
vt 0.344094 0.272268
vt 0.333115 0.282071
vt 0.336301 0.270180
vt 0.326565 0.307815
vt 0.322450 0.304657
vt 0.329415 0.294150
vt 0.333946 0.296766
vt 0.320804 0.303394
vt 0.326960 0.292733
vt 0.307815 0.326565
vt 0.304657 0.322450
vt 0.314104 0.314104
vt 0.317804 0.317804
vt 0.303394 0.320804
vt 0.312099 0.312099
vt 0.284850 0.339824
vt 0.282865 0.335032
vt 0.294151 0.329415
vt 0.296766 0.333946
vt 0.282071 0.333115
vt 0.292733 0.326960
vt 0.259237 0.346687
vt 0.258560 0.341545
vt 0.270914 0.339040
vt 0.272268 0.344094
vt 0.258289 0.339488
vt 0.270180 0.336301
vt 0.232719 0.346687
vt 0.233396 0.341545
vt 0.245978 0.342323
vt 0.245978 0.347555
vt 0.233667 0.339487
vt 0.245978 0.339488
vt 0.207106 0.339824
vt 0.209091 0.335032
vt 0.221042 0.339040
vt 0.219688 0.344094
vt 0.209885 0.333115
vt 0.221776 0.336301
vt 0.197806 0.329415
vt 0.195190 0.333946
vt 0.199223 0.326960
vt 0.119160 0.343289
vt 0.132948 0.359008
vt 0.148667 0.372796
vt 0.098296 0.307150
vt 0.107545 0.325902
vt 0.087495 0.266843
vt 0.091576 0.287350
vt 0.087495 0.225114
vt 0.086130 0.245978
vt 0.098296 0.184806
vt 0.091576 0.204606
vt 0.119160 0.148667
vt 0.107545 0.166054
vt 0.148667 0.119160
vt 0.132948 0.132948
vt 0.184806 0.098296
vt 0.166054 0.107545
vt 0.225113 0.087495
vt 0.204606 0.091577
vt 0.266842 0.087495
vt 0.245978 0.086130
vt 0.307150 0.098296
vt 0.287350 0.091576
vt 0.343288 0.119160
vt 0.325902 0.107545
vt 0.372796 0.148667
vt 0.359008 0.132948
vt 0.393660 0.184806
vt 0.384411 0.166054
vt 0.404461 0.225113
vt 0.400380 0.204606
vt 0.404461 0.266843
vt 0.405826 0.245978
vt 0.393660 0.307150
vt 0.400380 0.287350
vt 0.372796 0.343289
vt 0.384411 0.325902
vt 0.343289 0.372796
vt 0.359008 0.359008
vt 0.307150 0.393660
vt 0.325902 0.384411
vt 0.266843 0.404461
vt 0.287350 0.400380
vt 0.225113 0.404461
vt 0.245978 0.405826
vt 0.184806 0.393661
vt 0.204606 0.400380
vt 0.166054 0.384411
vt 0.172536 0.302332
vt 0.180485 0.296233
vt 0.187637 0.304319
vt 0.181080 0.310876
vt 0.195723 0.311471
vt 0.189624 0.319420
vt 0.160453 0.281404
vt 0.169765 0.277555
vt 0.174525 0.287231
vt 0.166494 0.291868
vt 0.157928 0.257570
vt 0.164555 0.256698
vt 0.166579 0.267264
vt 0.159885 0.269092
vt 0.154198 0.233895
vt 0.164189 0.235203
vt 0.163776 0.245968
vt 0.156836 0.245934
vt 0.160453 0.210552
vt 0.169710 0.214387
vt 0.166283 0.224624
vt 0.157325 0.222224
vt 0.172536 0.189624
vt 0.180485 0.195724
vt 0.174525 0.204725
vt 0.166494 0.200088
vt 0.189624 0.172536
vt 0.195723 0.180485
vt 0.187637 0.187637
vt 0.181080 0.181080
vt 0.210552 0.160453
vt 0.214387 0.169710
vt 0.204724 0.174525
vt 0.200088 0.166494
vt 0.233895 0.154198
vt 0.235203 0.164189
vt 0.224624 0.166283
vt 0.222223 0.157325
vt 0.258061 0.154198
vt 0.256753 0.164189
vt 0.245978 0.163698
vt 0.245978 0.156503
vt 0.281404 0.160453
vt 0.277569 0.169710
vt 0.267332 0.166283
vt 0.269732 0.157325
vt 0.302332 0.172536
vt 0.296232 0.180485
vt 0.287231 0.174525
vt 0.291868 0.166494
vt 0.319420 0.189624
vt 0.311471 0.195724
vt 0.304319 0.187637
vt 0.310876 0.181080
vt 0.331503 0.210552
vt 0.322246 0.214387
vt 0.317431 0.204725
vt 0.325462 0.200088
vt 0.337758 0.233895
vt 0.327767 0.235203
vt 0.325673 0.224624
vt 0.334631 0.222224
vt 0.337758 0.258061
vt 0.327767 0.256753
vt 0.328258 0.245978
vt 0.335453 0.245978
vt 0.331503 0.281404
vt 0.322246 0.277569
vt 0.325673 0.267332
vt 0.334631 0.269732
vt 0.319420 0.302332
vt 0.311471 0.296232
vt 0.317431 0.287231
vt 0.325462 0.291868
vt 0.302332 0.319420
vt 0.296232 0.311471
vt 0.304319 0.304319
vt 0.310876 0.310876
vt 0.281404 0.331503
vt 0.277569 0.322246
vt 0.287231 0.317431
vt 0.291868 0.325462
vt 0.258061 0.337758
vt 0.256753 0.327824
vt 0.267332 0.325673
vt 0.269732 0.334631
vt 0.233895 0.337758
vt 0.235203 0.327824
vt 0.245978 0.328485
vt 0.245978 0.337758
vt 0.210552 0.331503
vt 0.214387 0.322246
vt 0.224624 0.325674
vt 0.222224 0.334631
vt 0.204725 0.317431
vt 0.200088 0.325462
vt 0.983912 0.422229
vt 0.984931 0.422458
vt 0.984931 0.434540
vt 0.983912 0.434540
vt 0.985950 0.422457
vt 0.985950 0.434540
vt 0.985950 0.446623
vt 0.984931 0.446621
vt 0.983912 0.446851
vt 0.984931 0.458473
vt 0.983912 0.458742
vt 0.985950 0.458294
vt 0.985950 0.469966
vt 0.984931 0.469961
vt 0.983912 0.470633
vt 0.984931 0.480828
vt 0.983912 0.481295
vt 0.985950 0.480430
vt 0.985950 0.490894
vt 0.984931 0.491425
vt 0.983912 0.491956
vt 0.486149 0.839822
vt 0.487168 0.840353
vt 0.487168 0.850949
vt 0.486149 0.850483
vt 0.488187 0.840884
vt 0.488187 0.851348
vt 0.488187 0.861812
vt 0.487168 0.861817
vt 0.486149 0.861145
vt 0.487168 0.873305
vt 0.486149 0.873036
vt 0.488187 0.873484
vt 0.488186 0.885155
vt 0.487168 0.885156
vt 0.486149 0.884927
vt 0.487168 0.897238
vt 0.486149 0.897238
vt 0.488187 0.897238
vt 0.488186 0.909321
vt 0.487168 0.909319
vt 0.486149 0.909549
vt 0.487168 0.921171
vt 0.486149 0.921440
vt 0.488187 0.920992
vt 0.488186 0.932664
vt 0.487168 0.932659
vt 0.486149 0.933331
vt 0.487168 0.943527
vt 0.486149 0.943993
vt 0.488187 0.943128
vt 0.488187 0.953592
vt 0.487168 0.954123
vt 0.486149 0.954654
vt 0.338623 0.258175
vt 0.338447 0.245978
vt 0.338623 0.233781
vt 0.987988 0.491956
vt 0.986969 0.491425
vt 0.986969 0.480828
vt 0.987988 0.481295
vt 0.985950 0.490894
vt 0.985950 0.480430
vt 0.985950 0.469966
vt 0.986969 0.469961
vt 0.987988 0.470633
vt 0.986969 0.458473
vt 0.987988 0.458742
vt 0.985950 0.458294
vt 0.985950 0.446623
vt 0.986969 0.446621
vt 0.987988 0.446851
vt 0.986969 0.434540
vt 0.987988 0.434540
vt 0.985950 0.434540
vt 0.985950 0.422457
vt 0.986969 0.422458
vt 0.987988 0.422229
vt 0.986969 0.410607
vt 0.987988 0.410338
vt 0.985950 0.410785
vt 0.985950 0.399114
vt 0.986969 0.399119
vt 0.987988 0.398447
vt 0.986969 0.388251
vt 0.987988 0.387785
vt 0.985950 0.388650
vt 0.985950 0.378186
vt 0.986969 0.377655
vt 0.987988 0.377124
vt 0.258175 0.153333
vt 0.245978 0.153509
vt 0.233781 0.153333
vt 0.491956 0.954654
vt 0.490937 0.954123
vt 0.490937 0.943527
vt 0.491956 0.943993
vt 0.489918 0.953592
vt 0.489918 0.943128
vt 0.489918 0.932664
vt 0.490937 0.932659
vt 0.491956 0.933331
vt 0.490937 0.921171
vt 0.491956 0.921440
vt 0.489918 0.920992
vt 0.489918 0.909321
vt 0.490937 0.909319
vt 0.491956 0.909549
vt 0.490937 0.897238
vt 0.491956 0.897238
vt 0.489918 0.897238
vt 0.489918 0.885155
vt 0.490937 0.885157
vt 0.491956 0.884927
vt 0.490937 0.873305
vt 0.491956 0.873036
vt 0.489918 0.873484
vt 0.489918 0.861812
vt 0.490937 0.861817
vt 0.491956 0.861145
vt 0.490937 0.850950
vt 0.491956 0.850483
vt 0.489918 0.851348
vt 0.489918 0.840884
vt 0.490937 0.840353
vt 0.491956 0.839822
vt 0.153333 0.233781
vt 0.153684 0.245955
vt 0.154646 0.258002
vt 0.156835 0.269888
vt 0.159647 0.281738
vt 0.983912 0.377124
vt 0.984931 0.377655
vt 0.984931 0.388251
vt 0.983912 0.387785
vt 0.985950 0.378186
vt 0.985950 0.388650
vt 0.985950 0.399114
vt 0.984931 0.399119
vt 0.983912 0.398447
vt 0.984931 0.410607
vt 0.983912 0.410338
vt 0.985950 0.410785
vt 0.178651 0.333720
vt 0.190680 0.341756
vt 0.184141 0.326565
vt 0.195190 0.333946
vt 0.207106 0.339824
vt 0.203655 0.348156
vt 0.217354 0.352805
vt 0.219688 0.344094
vt 0.232719 0.346687
vt 0.231542 0.355628
vt 0.245978 0.356573
vt 0.245978 0.347555
vt 0.259237 0.346687
vt 0.260414 0.355628
vt 0.274602 0.352805
vt 0.284850 0.339824
vt 0.288301 0.348156
vt 0.301276 0.341756
vt 0.296766 0.333946
vt 0.307815 0.326565
vt 0.313305 0.333720
vt 0.324181 0.324181
vt 0.317804 0.317804
vt 0.326565 0.307815
vt 0.333720 0.313305
vt 0.341756 0.301276
vt 0.333946 0.296766
vt 0.339824 0.284850
vt 0.348156 0.288301
vt 0.352805 0.274602
vt 0.344094 0.272268
vt 0.355628 0.260414
vt 0.356573 0.245978
vt 0.347555 0.245978
vt 0.346687 0.232719
vt 0.355628 0.231542
vt 0.352805 0.217354
vt 0.339824 0.207106
vt 0.348156 0.203654
vt 0.341756 0.190680
vt 0.333946 0.195190
vt 0.326565 0.184141
vt 0.333720 0.178651
vt 0.324180 0.167775
vt 0.317803 0.174152
vt 0.307815 0.165391
vt 0.313305 0.158236
vt 0.301275 0.150200
vt 0.296766 0.158010
vt 0.288301 0.143800
vt 0.274602 0.139151
vt 0.272268 0.147862
vt 0.259236 0.145269
vt 0.260414 0.136328
vt 0.245978 0.135383
vt 0.232719 0.145269
vt 0.231542 0.136328
vt 0.217354 0.139151
vt 0.219688 0.147863
vt 0.207106 0.152132
vt 0.203654 0.143800
vt 0.190680 0.150200
vt 0.195189 0.158010
vt 0.184141 0.165391
vt 0.178651 0.158236
vt 0.167775 0.167776
vt 0.174152 0.174153
vt 0.165391 0.184141
vt 0.158236 0.178651
vt 0.150200 0.190681
vt 0.158010 0.195190
vt 0.152132 0.207106
vt 0.143800 0.203655
vt 0.139151 0.217354
vt 0.147862 0.219688
vt 0.145269 0.232720
vt 0.136328 0.231542
vt 0.135383 0.245978
vt 0.144401 0.245978
vt 0.145269 0.259237
vt 0.136328 0.260414
vt 0.139151 0.274602
vt 0.147862 0.272268
vt 0.152132 0.284850
vt 0.143800 0.288302
vt 0.150200 0.301276
vt 0.158010 0.296766
vt 0.158236 0.313305
vt 0.167775 0.324181
vt 0.174152 0.317804
vt 0.780634 0.301625
vt 0.772518 0.305849
vt 0.767684 0.297500
vt 0.774163 0.293191
vt 0.764352 0.309756
vt 0.760670 0.300868
vt 0.755927 0.289415
vt 0.761680 0.287107
vt 0.766556 0.283279
vt 0.888968 0.442810
vt 0.860923 0.459001
vt 0.857963 0.453874
vt 0.884146 0.436524
vt 0.832878 0.475193
vt 0.829847 0.467874
vt 0.827032 0.461080
vt 0.854345 0.447608
vt 0.879669 0.430690
vt 0.827399 0.362571
vt 0.811414 0.373249
vt 0.805132 0.362368
vt 0.819750 0.352603
vt 0.794174 0.381753
vt 0.789366 0.370145
vt 0.784656 0.358775
vt 0.798979 0.351711
vt 0.812258 0.342839
vt 0.864847 0.411375
vt 0.842172 0.426523
vt 0.833686 0.411825
vt 0.854516 0.397910
vt 0.817715 0.438586
vt 0.811220 0.422907
vt 0.804683 0.407125
vt 0.825145 0.397031
vt 0.844117 0.384358
vt 0.766556 0.283279
vt 0.761680 0.287107
vt 0.755146 0.275791
vt 0.756240 0.269835
vt 0.755927 0.289415
vt 0.749442 0.273760
vt 0.737934 0.245978
vt 0.749442 0.273760
vt 0.879669 0.430690
vt 0.849152 0.438614
vt 0.873347 0.422451
vt 0.827032 0.461080
vt 0.823058 0.451485
vt 0.791892 0.447349
vt 0.787499 0.430957
vt 0.765146 0.452672
vt 0.762931 0.435846
vt 0.760701 0.418910
vt 0.783078 0.414456
vt 0.755927 0.289415
vt 0.750226 0.291852
vt 0.746844 0.279230
vt 0.744071 0.292592
vt 0.741859 0.275792
vt 0.741859 0.275792
vt 0.798193 0.470866
vt 0.795505 0.460835
vt 0.768324 0.476811
vt 0.766968 0.466514
vt 0.755801 0.312658
vt 0.753326 0.303422
vt 0.746945 0.314420
vt 0.745689 0.304882
vt 0.744071 0.292592
vt 0.750226 0.291852
vt 0.801598 0.483575
vt 0.800065 0.477855
vt 0.770318 0.491956
vt 0.769284 0.484102
vt 0.798193 0.470867
vt 0.775970 0.387931
vt 0.772718 0.375795
vt 0.757117 0.391683
vt 0.755477 0.379226
vt 0.753870 0.367025
vt 0.769533 0.363907
vt 0.737934 0.491956
vt 0.737934 0.486035
vt 0.705550 0.491956
vt 0.706585 0.484102
vt 0.707544 0.476811
vt 0.737934 0.478800
vt 0.737934 0.392938
vt 0.737934 0.380374
vt 0.718752 0.391683
vt 0.720392 0.379226
vt 0.721998 0.367024
vt 0.737934 0.368067
vt 0.737934 0.454453
vt 0.737934 0.437482
vt 0.710722 0.452672
vt 0.712938 0.435846
vt 0.715167 0.418909
vt 0.737934 0.420400
vt 0.737934 0.293470
vt 0.737934 0.280403
vt 0.741859 0.275792
vt 0.731797 0.292592
vt 0.734009 0.275792
vt 0.737934 0.293470
vt 0.737934 0.478800
vt 0.737934 0.468415
vt 0.707544 0.476811
vt 0.708900 0.466514
vt 0.737934 0.315010
vt 0.737934 0.305449
vt 0.728924 0.314420
vt 0.730179 0.304882
vt 0.731797 0.292592
vt 0.737934 0.293470
vt 0.725643 0.291852
vt 0.729024 0.279230
vt 0.734009 0.275792
vt 0.719942 0.289415
vt 0.726427 0.273760
vt 0.734009 0.275792
vt 0.726427 0.273760
vt 0.677676 0.470866
vt 0.680363 0.460835
vt 0.648836 0.461080
vt 0.652810 0.451485
vt 0.658153 0.438586
vt 0.683977 0.447349
vt 0.720067 0.312658
vt 0.722542 0.303422
vt 0.711516 0.309756
vt 0.715198 0.300868
vt 0.719942 0.289415
vt 0.725643 0.291852
vt 0.674270 0.483575
vt 0.675803 0.477855
vt 0.642990 0.475193
vt 0.646022 0.467874
vt 0.648836 0.461080
vt 0.677675 0.470866
vt 0.699898 0.387931
vt 0.703150 0.375795
vt 0.681694 0.381753
vt 0.686502 0.370145
vt 0.691212 0.358775
vt 0.706335 0.363907
vt 0.688369 0.430957
vt 0.664648 0.422907
vt 0.671185 0.407124
vt 0.692791 0.414456
vt 0.633697 0.426523
vt 0.642182 0.411825
vt 0.611021 0.411374
vt 0.621353 0.397910
vt 0.631752 0.384358
vt 0.650723 0.397031
vt 0.714188 0.287107
vt 0.720722 0.275791
vt 0.709313 0.283279
vt 0.719628 0.269835
vt 0.714188 0.287107
vt 0.719628 0.269835
vt 0.621523 0.447607
vt 0.626716 0.438614
vt 0.596200 0.430690
vt 0.602522 0.422451
vt 0.703351 0.305849
vt 0.708185 0.297500
vt 0.695235 0.301625
vt 0.701706 0.293191
vt 0.709313 0.283279
vt 0.614945 0.459001
vt 0.617906 0.453873
vt 0.586900 0.442809
vt 0.591723 0.436524
vt 0.596199 0.430690
vt 0.621523 0.447607
vt 0.664454 0.373249
vt 0.670736 0.362368
vt 0.648469 0.362571
vt 0.656118 0.352603
vt 0.663610 0.342839
vt 0.676889 0.351711
vt 0.688761 0.295151
vt 0.695831 0.288081
vt 0.682287 0.288678
vt 0.690722 0.282207
vt 0.700634 0.274600
vt 0.704352 0.279560
vt 0.564001 0.419911
vt 0.568188 0.415724
vt 0.541103 0.397012
vt 0.547388 0.392189
vt 0.553222 0.387713
vt 0.573304 0.410608
vt 0.634018 0.349895
vt 0.642902 0.341010
vt 0.621341 0.335443
vt 0.631309 0.327794
vt 0.641073 0.320302
vt 0.651604 0.332308
vt 0.590520 0.393392
vt 0.602520 0.381392
vt 0.572538 0.372891
vt 0.586002 0.362560
vt 0.599555 0.352160
vt 0.614600 0.369313
vt 0.709312 0.283279
vt 0.704352 0.279560
vt 0.713592 0.270320
vt 0.719628 0.269835
vt 0.700634 0.274600
vt 0.714077 0.264284
vt 0.714077 0.264284
vt 0.573304 0.410608
vt 0.580648 0.403264
vt 0.553222 0.387712
vt 0.561461 0.381390
vt 0.700634 0.274600
vt 0.696805 0.269724
vt 0.708122 0.263190
vt 0.694497 0.263970
vt 0.710152 0.257486
vt 0.696805 0.269724
vt 0.714077 0.264284
vt 0.710152 0.257486
vt 0.536305 0.362389
vt 0.545299 0.357196
vt 0.522832 0.335076
vt 0.532427 0.331102
vt 0.545326 0.325759
vt 0.557389 0.350215
vt 0.678063 0.280562
vt 0.686413 0.275727
vt 0.674156 0.272396
vt 0.683045 0.268714
vt 0.694497 0.263970
vt 0.696805 0.269724
vt 0.524911 0.368967
vt 0.530039 0.366006
vt 0.508719 0.340922
vt 0.516038 0.337890
vt 0.522832 0.335076
vt 0.536305 0.362389
vt 0.610663 0.319458
vt 0.621544 0.313176
vt 0.602159 0.302218
vt 0.613767 0.297410
vt 0.625137 0.292700
vt 0.632202 0.307023
vt 0.572087 0.341730
vt 0.561005 0.319264
vt 0.576788 0.312727
vt 0.586881 0.333189
vt 0.595982 0.284014
vt 0.608118 0.280762
vt 0.592229 0.265160
vt 0.604686 0.263520
vt 0.616888 0.261914
vt 0.620005 0.277577
vt 0.536563 0.299935
vt 0.552956 0.295543
vt 0.531240 0.273190
vt 0.548066 0.270974
vt 0.565003 0.268745
vt 0.569456 0.291121
vt 0.694497 0.263970
vt 0.692061 0.258270
vt 0.704683 0.254888
vt 0.691320 0.252115
vt 0.708120 0.249903
vt 0.710152 0.257486
vt 0.513046 0.306237
vt 0.523077 0.303549
vt 0.507102 0.276368
vt 0.517398 0.275012
vt 0.671255 0.263845
vt 0.680490 0.261370
vt 0.669492 0.254989
vt 0.679031 0.253733
vt 0.692061 0.258270
vt 0.500338 0.309642
vt 0.506057 0.308109
vt 0.491956 0.278361
vt 0.499811 0.277327
vt 0.513046 0.306237
vt 0.668902 0.245978
vt 0.678463 0.245978
vt 0.669492 0.236967
vt 0.679030 0.238223
vt 0.691320 0.239841
vt 0.690443 0.245978
vt 0.491956 0.245978
vt 0.497877 0.245978
vt 0.491956 0.213594
vt 0.499811 0.214628
vt 0.507102 0.215588
vt 0.505113 0.245978
vt 0.590974 0.245978
vt 0.603538 0.245978
vt 0.592229 0.226796
vt 0.604686 0.228435
vt 0.616888 0.230042
vt 0.615845 0.245978
vt 0.529459 0.245978
vt 0.546430 0.245978
vt 0.531240 0.218766
vt 0.548066 0.220981
vt 0.565003 0.223211
vt 0.563513 0.245978
vt 0.691320 0.252115
vt 0.690443 0.245978
vt 0.703510 0.245978
vt 0.708120 0.249903
vt 0.691320 0.239841
vt 0.708120 0.242053
vt 0.708120 0.249903
vt 0.515498 0.245978
vt 0.507102 0.215588
vt 0.517398 0.216944
vt 0.536563 0.192021
vt 0.552956 0.196413
vt 0.545326 0.166197
vt 0.561006 0.172692
vt 0.576788 0.179229
vt 0.569456 0.200834
vt 0.691320 0.239841
vt 0.692061 0.233686
vt 0.704683 0.237068
vt 0.694497 0.227986
vt 0.710152 0.234470
vt 0.708120 0.242053
vt 0.710152 0.234470
vt 0.513046 0.185719
vt 0.523077 0.188407
vt 0.522832 0.156880
vt 0.532427 0.160854
vt 0.671255 0.228111
vt 0.680490 0.230586
vt 0.674156 0.219560
vt 0.683045 0.223242
vt 0.694497 0.227986
vt 0.692061 0.233686
vt 0.500338 0.182314
vt 0.506057 0.183847
vt 0.508719 0.151034
vt 0.516038 0.154066
vt 0.522833 0.156880
vt 0.513046 0.185719
vt 0.595982 0.207942
vt 0.608118 0.211194
vt 0.602159 0.189738
vt 0.613767 0.194546
vt 0.625137 0.199256
vt 0.620005 0.214379
vt 0.610663 0.172498
vt 0.621544 0.178780
vt 0.621341 0.156513
vt 0.631309 0.164162
vt 0.641073 0.171654
vt 0.632202 0.184933
vt 0.557390 0.141740
vt 0.572087 0.150226
vt 0.572538 0.119065
vt 0.586002 0.129396
vt 0.599555 0.139795
vt 0.586881 0.158767
vt 0.694497 0.227986
vt 0.696805 0.222232
vt 0.708122 0.228766
vt 0.700634 0.217356
vt 0.714077 0.227672
vt 0.696805 0.222232
vt 0.710152 0.234470
vt 0.714077 0.227672
vt 0.536305 0.129567
vt 0.545299 0.134760
vt 0.553222 0.104243
vt 0.561462 0.110565
vt 0.678151 0.211462
vt 0.686431 0.216243
vt 0.683167 0.203954
vt 0.690799 0.209810
vt 0.700634 0.217356
vt 0.696805 0.222232
vt 0.524911 0.122989
vt 0.530039 0.125949
vt 0.541103 0.094944
vt 0.547388 0.099766
vt 0.553222 0.104243
vt 0.536305 0.129567
vt 0.573305 0.081348
vt 0.580648 0.088692
vt 0.596200 0.061266
vt 0.602522 0.069505
vt 0.611021 0.080581
vt 0.590520 0.098564
vt 0.689054 0.197077
vt 0.695868 0.203907
vt 0.695235 0.190331
vt 0.701707 0.198764
vt 0.709313 0.208677
vt 0.704353 0.212396
vt 0.564002 0.072045
vt 0.568188 0.076232
vt 0.586900 0.049146
vt 0.591723 0.055431
vt 0.573305 0.081348
vt 0.634018 0.142061
vt 0.642902 0.150946
vt 0.648470 0.129385
vt 0.656118 0.139353
vt 0.663610 0.149117
vt 0.651604 0.159648
vt 0.602521 0.110564
vt 0.621353 0.094046
vt 0.631752 0.107598
vt 0.614600 0.122643
vt 0.700634 0.217356
vt 0.704352 0.212396
vt 0.713592 0.221636
vt 0.714077 0.227672
vt 0.709313 0.208677
vt 0.719628 0.222121
vt 0.704352 0.212396
vt 0.719628 0.222121
vt 0.633697 0.065433
vt 0.642183 0.080131
vt 0.658153 0.053370
vt 0.664648 0.069049
vt 0.671185 0.084832
vt 0.650724 0.094924
vt 0.709313 0.208677
vt 0.714188 0.204849
vt 0.720722 0.216165
vt 0.719628 0.222121
vt 0.719942 0.202541
vt 0.726427 0.218196
vt 0.714188 0.204849
vt 0.726427 0.218196
vt 0.621524 0.044348
vt 0.626716 0.053342
vt 0.648836 0.030876
vt 0.652811 0.040471
vt 0.703164 0.185753
vt 0.708163 0.194412
vt 0.711092 0.181175
vt 0.715160 0.190997
vt 0.719942 0.202541
vt 0.714188 0.204849
vt 0.614945 0.032955
vt 0.617906 0.038082
vt 0.642990 0.016763
vt 0.646022 0.024082
vt 0.648836 0.030876
vt 0.621524 0.044348
vt 0.664454 0.118707
vt 0.670736 0.129588
vt 0.681694 0.110203
vt 0.686503 0.121811
vt 0.691212 0.133181
vt 0.676890 0.140245
vt 0.674271 0.008381
vt 0.675803 0.014101
vt 0.705551 -0.000000
vt 0.706585 0.007854
vt 0.707545 0.015145
vt 0.677676 0.021090
vt 0.699898 0.104025
vt 0.703150 0.116161
vt 0.718752 0.100273
vt 0.720392 0.112730
vt 0.721998 0.124932
vt 0.706335 0.128049
vt 0.683977 0.044607
vt 0.688370 0.061000
vt 0.710723 0.039284
vt 0.712938 0.056110
vt 0.715168 0.073047
vt 0.692791 0.077500
vt 0.725643 0.200104
vt 0.729024 0.212726
vt 0.731797 0.199364
vt 0.734009 0.216164
vt 0.725643 0.200104
vt 0.734009 0.216164
vt 0.677676 0.021090
vt 0.680364 0.031121
vt 0.707545 0.015145
vt 0.708900 0.025442
vt 0.720025 0.179196
vt 0.722533 0.188512
vt 0.728924 0.177536
vt 0.730179 0.187074
vt 0.725643 0.200104
vt 0.737934 0.013156
vt 0.737934 0.023542
vt 0.768324 0.015145
vt 0.766969 0.025442
vt 0.765146 0.039284
vt 0.737934 0.037503
vt 0.737934 0.176946
vt 0.737934 0.186507
vt 0.746945 0.177536
vt 0.745689 0.187074
vt 0.744071 0.199364
vt 0.737934 0.198486
vt 0.737934 0.000000
vt 0.737934 0.005921
vt 0.770318 0.000000
vt 0.769284 0.007854
vt 0.768324 0.015145
vt 0.737934 0.013156
vt 0.737934 0.099018
vt 0.737934 0.111582
vt 0.757117 0.100273
vt 0.755477 0.112730
vt 0.753870 0.124932
vt 0.737934 0.123889
vt 0.737934 0.054474
vt 0.762931 0.056110
vt 0.760701 0.073047
vt 0.737934 0.071557
vt 0.737934 0.198486
vt 0.737934 0.211553
vt 0.734009 0.216164
vt 0.744071 0.199364
vt 0.741859 0.216164
vt 0.737934 0.198486
vt 0.734009 0.216164
vt 0.741859 0.216164
vt 0.791892 0.044607
vt 0.787499 0.061000
vt 0.817715 0.053370
vt 0.811221 0.069049
vt 0.804683 0.084832
vt 0.783078 0.077500
vt 0.744071 0.199364
vt 0.750226 0.200104
vt 0.746844 0.212726
vt 0.755927 0.202541
vt 0.749442 0.218196
vt 0.750226 0.200104
vt 0.741859 0.216164
vt 0.749442 0.218196
vt 0.798193 0.021090
vt 0.795505 0.031121
vt 0.827033 0.030876
vt 0.823058 0.040471
vt 0.755801 0.179298
vt 0.753326 0.188534
vt 0.764352 0.182200
vt 0.760670 0.191088
vt 0.755927 0.202541
vt 0.750226 0.200104
vt 0.801598 0.008382
vt 0.800066 0.014101
vt 0.832878 0.016763
vt 0.829847 0.024082
vt 0.827032 0.030876
vt 0.798193 0.021090
vt 0.775970 0.104025
vt 0.772719 0.116161
vt 0.794174 0.110203
vt 0.789366 0.121811
vt 0.784657 0.133181
vt 0.769533 0.128049
vt 0.860924 0.032955
vt 0.857963 0.038083
vt 0.888968 0.049147
vt 0.884146 0.055432
vt 0.879669 0.061266
vt 0.854345 0.044349
vt 0.811414 0.118707
vt 0.805132 0.129588
vt 0.827399 0.129385
vt 0.819750 0.139353
vt 0.812259 0.149117
vt 0.798979 0.140246
vt 0.842172 0.065434
vt 0.833686 0.080131
vt 0.864847 0.080582
vt 0.854516 0.094046
vt 0.844117 0.107599
vt 0.825145 0.094925
vt 0.755927 0.202541
vt 0.761680 0.204849
vt 0.755147 0.216165
vt 0.749442 0.218196
vt 0.766556 0.208677
vt 0.756240 0.222121
vt 0.761680 0.204849
vt 0.756240 0.222121
vt 0.849153 0.053343
vt 0.879669 0.061266
vt 0.873347 0.069505
vt 0.772518 0.186107
vt 0.767684 0.194456
vt 0.780634 0.190331
vt 0.774163 0.198765
vt 0.766556 0.208677
vt 0.761680 0.204849
vt 0.902564 0.081348
vt 0.895221 0.088692
vt 0.922646 0.104244
vt 0.914407 0.110566
vt 0.903331 0.119065
vt 0.885348 0.098564
vt 0.787108 0.196805
vt 0.780037 0.203875
vt 0.793581 0.203278
vt 0.785147 0.209749
vt 0.775235 0.217356
vt 0.771516 0.212396
vt 0.911867 0.072045
vt 0.907680 0.076232
vt 0.934766 0.094944
vt 0.928481 0.099767
vt 0.902564 0.081348
vt 0.841851 0.142062
vt 0.832967 0.150946
vt 0.854527 0.156513
vt 0.844559 0.164162
vt 0.834796 0.171654
vt 0.824265 0.159648
vt 0.873348 0.110564
vt 0.889866 0.129397
vt 0.876314 0.139796
vt 0.861269 0.122644
vt 0.762276 0.221636
vt 0.756240 0.222121
vt 0.775235 0.217356
vt 0.761791 0.227672
vt 0.918479 0.141741
vt 0.903781 0.150226
vt 0.930542 0.166197
vt 0.914863 0.172692
vt 0.899081 0.179229
vt 0.888988 0.158767
vt 0.775235 0.217356
vt 0.779063 0.222232
vt 0.767747 0.228766
vt 0.761791 0.227672
vt 0.781372 0.227986
vt 0.765716 0.234470
vt 0.779063 0.222232
vt 0.765716 0.234470
vt 0.939564 0.129567
vt 0.930570 0.134760
vt 0.953036 0.156880
vt 0.943441 0.160854
vt 0.797806 0.211395
vt 0.789456 0.216229
vt 0.801712 0.219560
vt 0.792824 0.223242
vt 0.781372 0.227986
vt 0.779063 0.222232
vt 0.950958 0.122989
vt 0.945830 0.125950
vt 0.967149 0.151034
vt 0.959830 0.154066
vt 0.953036 0.156880
vt 0.939564 0.129567
vt 0.865206 0.172498
vt 0.854325 0.178780
vt 0.873710 0.189738
vt 0.862102 0.194546
vt 0.850732 0.199256
vt 0.843667 0.184933
vt 0.975531 0.182314
vt 0.969812 0.183847
vt 0.983912 0.213595
vt 0.976058 0.214629
vt 0.968767 0.215589
vt 0.962823 0.185720
vt 0.879887 0.207942
vt 0.867751 0.211194
vt 0.883639 0.226796
vt 0.871182 0.228436
vt 0.858981 0.230042
vt 0.855864 0.214379
vt 0.939306 0.192021
vt 0.922913 0.196413
vt 0.944628 0.218766
vt 0.927802 0.220982
vt 0.910866 0.223211
vt 0.906412 0.200835
vt 0.781372 0.227986
vt 0.783808 0.233686
vt 0.771186 0.237068
vt 0.784548 0.239841
vt 0.767748 0.242053
vt 0.783808 0.233686
vt 0.767748 0.242053
vt 0.962823 0.185720
vt 0.952791 0.188407
vt 0.968767 0.215589
vt 0.958470 0.216944
vt 0.804614 0.228111
vt 0.795379 0.230586
vt 0.806376 0.236968
vt 0.796838 0.238223
vt 0.784548 0.239841
vt 0.783808 0.233686
vt 0.784548 0.239841
vt 0.785426 0.245978
vt 0.772359 0.245978
vt 0.767748 0.242053
vt 0.784548 0.252115
vt 0.767748 0.249903
vt 0.785426 0.245978
vt 0.767748 0.242053
vt 0.767748 0.249903
vt 0.970756 0.245978
vt 0.960371 0.245978
vt 0.968767 0.276368
vt 0.958470 0.275012
vt 0.944628 0.273190
vt 0.946409 0.245978
vt 0.806966 0.245978
vt 0.797405 0.245978
vt 0.806376 0.254989
vt 0.796838 0.253733
vt 0.784548 0.252115
vt 0.983912 0.245978
vt 0.977991 0.245978
vt 0.983912 0.278362
vt 0.976058 0.277328
vt 0.970756 0.245978
vt 0.884894 0.245978
vt 0.872330 0.245978
vt 0.883639 0.265161
vt 0.871182 0.263521
vt 0.858981 0.261914
vt 0.860024 0.245978
vt 0.929438 0.245978
vt 0.927802 0.270975
vt 0.910866 0.268745
vt 0.912356 0.245978
vt 0.939306 0.299936
vt 0.922913 0.295543
vt 0.930542 0.325759
vt 0.914863 0.319264
vt 0.899081 0.312727
vt 0.906412 0.291122
vt 0.784548 0.252115
vt 0.783808 0.258270
vt 0.771186 0.254888
vt 0.781372 0.263970
vt 0.765716 0.257486
vt 0.783808 0.258270
vt 0.767748 0.249903
vt 0.962823 0.306237
vt 0.952791 0.303549
vt 0.953036 0.335076
vt 0.943441 0.331102
vt 0.804614 0.263845
vt 0.795379 0.261370
vt 0.801712 0.272396
vt 0.792824 0.268714
vt 0.781372 0.263970
vt 0.975531 0.309642
vt 0.969811 0.308110
vt 0.967149 0.340922
vt 0.959830 0.337891
vt 0.953036 0.335076
vt 0.962823 0.306237
vt 0.879887 0.284014
vt 0.867751 0.280762
vt 0.873709 0.302218
vt 0.862101 0.297410
vt 0.850731 0.292700
vt 0.855864 0.277577
vt 0.797806 0.280562
vt 0.789456 0.275728
vt 0.793581 0.288678
vt 0.785147 0.282207
vt 0.775235 0.274600
vt 0.779063 0.269724
vt 0.950957 0.368967
vt 0.945830 0.366007
vt 0.934766 0.397012
vt 0.928481 0.392189
vt 0.922646 0.387713
vt 0.939564 0.362389
vt 0.865205 0.319458
vt 0.854325 0.313176
vt 0.854527 0.335443
vt 0.844559 0.327794
vt 0.834795 0.320302
vt 0.843667 0.307023
vt 0.918479 0.350216
vt 0.903781 0.341730
vt 0.903331 0.372891
vt 0.889866 0.362560
vt 0.876314 0.352160
vt 0.888988 0.333189
vt 0.781372 0.263970
vt 0.767747 0.263190
vt 0.765716 0.257486
vt 0.761791 0.264284
vt 0.779063 0.269724
vt 0.765716 0.257486
vt 0.761791 0.264284
vt 0.939564 0.362389
vt 0.930570 0.357196
vt 0.914407 0.381391
vt 0.775235 0.274600
vt 0.771516 0.279560
vt 0.762276 0.270320
vt 0.756240 0.269835
vt 0.771516 0.279560
vt 0.756240 0.269835
vt 0.902564 0.410608
vt 0.895221 0.403265
vt 0.885348 0.393392
vt 0.787108 0.295152
vt 0.780037 0.288081
vt 0.911867 0.419911
vt 0.907680 0.415724
vt 0.902564 0.410608
vt 0.841851 0.349895
vt 0.832967 0.341010
vt 0.824264 0.332308
vt 0.873348 0.381392
vt 0.861269 0.369313
vt 0.818170 0.307545
vt 0.809446 0.317490
vt 0.805131 0.313175
vt 0.813328 0.303830
vt 0.799501 0.326214
vt 0.795786 0.321372
vt 0.793508 0.318404
vt 0.802485 0.310529
vt 0.810360 0.301552
vt 0.831371 0.284681
vt 0.825518 0.296545
vt 0.820234 0.293494
vt 0.825733 0.282345
vt 0.816993 0.291623
vt 0.822275 0.280913
vt 0.838204 0.259179
vt 0.835622 0.272153
vt 0.829727 0.270574
vt 0.832154 0.258382
vt 0.826113 0.269605
vt 0.828443 0.257894
vt 0.838204 0.232777
vt 0.839068 0.245978
vt 0.832965 0.245978
vt 0.832154 0.233574
vt 0.829223 0.245978
vt 0.828444 0.234062
vt 0.831371 0.207276
vt 0.835622 0.219803
vt 0.829727 0.221382
vt 0.825733 0.209611
vt 0.826113 0.222351
vt 0.822276 0.211043
vt 0.818170 0.184411
vt 0.825518 0.195411
vt 0.820234 0.198462
vt 0.813329 0.188126
vt 0.816993 0.200334
vt 0.810360 0.190404
vt 0.799501 0.165743
vt 0.809446 0.174466
vt 0.805131 0.178781
vt 0.795786 0.170584
vt 0.802485 0.181427
vt 0.793508 0.173553
vt 0.776637 0.152542
vt 0.788501 0.158394
vt 0.785450 0.163679
vt 0.774302 0.158180
vt 0.783579 0.166919
vt 0.772870 0.161637
vt 0.751135 0.145709
vt 0.764110 0.148291
vt 0.762530 0.154185
vt 0.750338 0.151759
vt 0.761562 0.157800
vt 0.749850 0.155469
vt 0.724734 0.145709
vt 0.737934 0.144845
vt 0.737934 0.150947
vt 0.725530 0.151759
vt 0.737934 0.154689
vt 0.726018 0.155469
vt 0.699232 0.152542
vt 0.711759 0.148291
vt 0.713338 0.154185
vt 0.701567 0.158179
vt 0.714307 0.157799
vt 0.702999 0.161637
vt 0.676368 0.165742
vt 0.687368 0.158394
vt 0.690419 0.163678
vt 0.680082 0.170584
vt 0.692290 0.166919
vt 0.682360 0.173552
vt 0.657699 0.184411
vt 0.666422 0.174466
vt 0.670737 0.178781
vt 0.662540 0.188126
vt 0.673383 0.181427
vt 0.665509 0.190404
vt 0.644498 0.207275
vt 0.650350 0.195411
vt 0.655635 0.198462
vt 0.650136 0.209611
vt 0.658876 0.200333
vt 0.653593 0.211043
vt 0.637665 0.232777
vt 0.640247 0.219803
vt 0.646141 0.221382
vt 0.643715 0.233574
vt 0.649756 0.222351
vt 0.647425 0.234062
vt 0.637665 0.259179
vt 0.636801 0.245978
vt 0.642903 0.245978
vt 0.643715 0.258382
vt 0.646645 0.245978
vt 0.647425 0.257894
vt 0.644498 0.284681
vt 0.640247 0.272153
vt 0.646141 0.270574
vt 0.650136 0.282345
vt 0.649756 0.269605
vt 0.653593 0.280913
vt 0.657699 0.307545
vt 0.650350 0.296545
vt 0.655635 0.293494
vt 0.662540 0.303830
vt 0.658875 0.291623
vt 0.665509 0.301552
vt 0.676367 0.326214
vt 0.666422 0.317490
vt 0.670737 0.313175
vt 0.680082 0.321372
vt 0.673383 0.310529
vt 0.682360 0.318403
vt 0.699232 0.339414
vt 0.687367 0.333562
vt 0.690419 0.328277
vt 0.701567 0.333777
vt 0.692290 0.325037
vt 0.702999 0.330319
vt 0.724733 0.346247
vt 0.711759 0.343665
vt 0.713338 0.337771
vt 0.725530 0.340197
vt 0.714307 0.334157
vt 0.726018 0.336487
vt 0.751135 0.346248
vt 0.737934 0.347111
vt 0.737934 0.341009
vt 0.750338 0.340198
vt 0.737934 0.337267
vt 0.749850 0.336487
vt 0.776637 0.339414
vt 0.764109 0.343666
vt 0.762530 0.337771
vt 0.774301 0.333777
vt 0.761562 0.334157
vt 0.772870 0.330319
vt 0.788501 0.333562
vt 0.785450 0.328277
vt 0.783579 0.325037
vt 0.850964 0.359008
vt 0.864752 0.343289
vt 0.835245 0.372796
vt 0.876367 0.325902
vt 0.885617 0.307150
vt 0.892336 0.287350
vt 0.896417 0.266843
vt 0.897783 0.245978
vt 0.896417 0.225114
vt 0.892336 0.204606
vt 0.885617 0.184806
vt 0.876367 0.166054
vt 0.864752 0.148667
vt 0.850964 0.132948
vt 0.835245 0.119160
vt 0.817858 0.107545
vt 0.799106 0.098296
vt 0.779306 0.091576
vt 0.758799 0.087495
vt 0.737934 0.086130
vt 0.717070 0.087495
vt 0.696563 0.091576
vt 0.676762 0.098296
vt 0.658010 0.107545
vt 0.640624 0.119160
vt 0.624905 0.132948
vt 0.611117 0.148667
vt 0.599502 0.166054
vt 0.590252 0.184806
vt 0.583533 0.204606
vt 0.579452 0.225113
vt 0.578086 0.245978
vt 0.579452 0.266843
vt 0.583533 0.287350
vt 0.590252 0.307150
vt 0.599501 0.325902
vt 0.611116 0.343289
vt 0.624904 0.359008
vt 0.640624 0.372796
vt 0.658010 0.384411
vt 0.676762 0.393660
vt 0.696562 0.400380
vt 0.717070 0.404461
vt 0.737934 0.405826
vt 0.758799 0.404461
vt 0.779306 0.400380
vt 0.799106 0.393661
vt 0.817858 0.384411
vt 0.086786 0.976741
vt 0.086786 0.988149
vt 0.078154 0.988149
vt 0.078154 0.977867
vt 0.086786 0.999557
vt 0.078154 0.998431
vt 0.069521 0.997304
vt 0.069521 0.988149
vt 0.069521 0.978994
vt 0.815798 0.278230
vt 0.811143 0.288287
vt 0.805243 0.284863
vt 0.809602 0.275664
vt 0.807277 0.299186
vt 0.800429 0.293932
vt 0.821492 0.256979
vt 0.819341 0.267791
vt 0.812863 0.266055
vt 0.814843 0.256103
vt 0.809602 0.275664
vt 0.801712 0.272396
vt 0.804614 0.263845
vt 0.806376 0.254989
vt 0.821492 0.234977
vt 0.822213 0.245978
vt 0.815506 0.245978
vt 0.814843 0.235853
vt 0.806376 0.236967
vt 0.815798 0.213726
vt 0.819341 0.224165
vt 0.812863 0.225901
vt 0.809602 0.216292
vt 0.804614 0.228111
vt 0.801712 0.219560
vt 0.807277 0.192770
vt 0.811143 0.203669
vt 0.805243 0.207093
vt 0.800429 0.198024
vt 0.815798 0.213726
vt 0.809602 0.216292
vt 0.052257 0.999558
vt 0.052257 0.988149
vt 0.060889 0.988149
vt 0.060889 0.998431
vt 0.052257 0.976741
vt 0.060889 0.977867
vt 0.069521 0.978994
vt 0.069521 0.988149
vt 0.069521 0.997305
vt 0.770187 0.168114
vt 0.780244 0.172769
vt 0.776819 0.178670
vt 0.767620 0.174310
vt 0.791143 0.176636
vt 0.785888 0.183483
vt 0.748935 0.162420
vt 0.759747 0.164572
vt 0.758011 0.171049
vt 0.748060 0.169069
vt 0.770187 0.168114
vt 0.767620 0.174310
vt 0.764352 0.182200
vt 0.746945 0.177536
vt 0.726934 0.162420
vt 0.737934 0.161700
vt 0.737934 0.168406
vt 0.727809 0.169069
vt 0.728924 0.177536
vt 0.704486 0.165227
vt 0.716015 0.164313
vt 0.717795 0.170899
vt 0.707789 0.173201
vt 0.726934 0.162420
vt 0.727809 0.169069
vt 0.086786 0.999558
vt 0.086786 0.988149
vt 0.095418 0.988149
vt 0.095418 0.998431
vt 0.086786 0.976741
vt 0.095418 0.977867
vt 0.104050 0.978994
vt 0.104050 0.988149
vt 0.104050 0.997304
vt 0.671071 0.194672
vt 0.678171 0.186162
vt 0.682984 0.190997
vt 0.676392 0.198755
vt 0.684726 0.176635
vt 0.689980 0.183483
vt 0.660070 0.213726
vt 0.664947 0.203839
vt 0.670755 0.207192
vt 0.666266 0.216292
vt 0.671071 0.194672
vt 0.676392 0.198755
vt 0.683167 0.203954
vt 0.678151 0.211462
vt 0.674156 0.219560
vt 0.654376 0.234977
vt 0.656528 0.224165
vt 0.663006 0.225901
vt 0.661025 0.235853
vt 0.671255 0.228111
vt 0.654376 0.256979
vt 0.653656 0.245978
vt 0.660362 0.245978
vt 0.661025 0.256103
vt 0.668902 0.245978
vt 0.669492 0.254989
vt 0.660070 0.278230
vt 0.656528 0.267791
vt 0.663006 0.266055
vt 0.666266 0.275664
vt 0.674156 0.272396
vt 0.668592 0.299186
vt 0.664725 0.288287
vt 0.670626 0.284863
vt 0.675439 0.293932
vt 0.666266 0.275664
vt 0.052257 0.976741
vt 0.052257 0.988149
vt 0.043625 0.988149
vt 0.043625 0.977867
vt 0.052257 0.999558
vt 0.043625 0.998431
vt 0.034992 0.997304
vt 0.034992 0.988149
vt 0.034992 0.978994
vt 0.705682 0.323842
vt 0.695625 0.319187
vt 0.699049 0.313286
vt 0.708248 0.317646
vt 0.684726 0.315320
vt 0.689980 0.308473
vt 0.726934 0.329536
vt 0.716121 0.327385
vt 0.717857 0.320907
vt 0.727809 0.322887
vt 0.705682 0.323842
vt 0.708248 0.317646
vt 0.711516 0.309756
vt 0.720067 0.312658
vt 0.728924 0.314420
vt 0.748935 0.329536
vt 0.737934 0.330256
vt 0.737934 0.323550
vt 0.748060 0.322887
vt 0.737934 0.315010
vt 0.746945 0.314420
vt 0.770186 0.323842
vt 0.759747 0.327385
vt 0.758011 0.320907
vt 0.767620 0.317646
vt 0.755801 0.312658
vt 0.764352 0.309756
vt 0.791143 0.315320
vt 0.780244 0.319187
vt 0.776819 0.313286
vt 0.785888 0.308473
vt 0.770187 0.323842
vt 0.767620 0.317646
vt 0.793508 0.318403
vt 0.783579 0.325037
vt 0.782152 0.322548
vt 0.791913 0.316315
vt 0.771747 0.327609
vt 0.760802 0.331323
vt 0.771747 0.327609
vt 0.749467 0.333579
vt 0.737934 0.334334
vt 0.726401 0.333579
vt 0.715066 0.331323
vt 0.704121 0.327609
vt 0.702999 0.330319
vt 0.692290 0.325037
vt 0.693716 0.322548
vt 0.682360 0.318403
vt 0.683955 0.316315
vt 0.673383 0.310529
vt 0.675240 0.308673
vt 0.665509 0.301552
vt 0.667597 0.299957
vt 0.676659 0.307253
vt 0.658876 0.291623
vt 0.661364 0.290196
vt 0.653593 0.280913
vt 0.656303 0.279791
vt 0.652589 0.268846
vt 0.656303 0.279791
vt 0.650333 0.257511
vt 0.649578 0.245978
vt 0.650333 0.234445
vt 0.652589 0.223110
vt 0.656303 0.212165
vt 0.661416 0.201800
vt 0.667836 0.192190
vt 0.665509 0.190404
vt 0.673383 0.181427
vt 0.675417 0.183449
vt 0.683965 0.175634
vt 0.692290 0.166919
vt 0.693603 0.169193
vt 0.703999 0.164067
vt 0.694606 0.170931
vt 0.714307 0.157799
vt 0.715041 0.160572
vt 0.726018 0.155469
vt 0.726401 0.158377
vt 0.737934 0.157622
vt 0.726401 0.158377
vt 0.749467 0.158377
vt 0.760802 0.160633
vt 0.771747 0.164347
vt 0.783579 0.166919
vt 0.782152 0.169408
vt 0.771747 0.164347
vt 0.793508 0.173553
vt 0.791913 0.175641
vt 0.802485 0.181427
vt 0.800629 0.183284
vt 0.808271 0.191999
vt 0.799210 0.184703
vt 0.816993 0.200334
vt 0.814504 0.201760
vt 0.822275 0.211043
vt 0.819566 0.212165
vt 0.823280 0.223110
vt 0.825535 0.234445
vt 0.826290 0.245978
vt 0.825535 0.257511
vt 0.823280 0.268846
vt 0.819565 0.279791
vt 0.822275 0.280913
vt 0.816993 0.291623
vt 0.814504 0.290196
vt 0.819565 0.279791
vt 0.810360 0.301552
vt 0.808271 0.299957
vt 0.802485 0.310529
vt 0.800629 0.308673
vt 0.799210 0.307253
vt 0.793199 0.341700
vt 0.805221 0.333668
vt 0.780233 0.348096
vt 0.766541 0.352742
vt 0.752361 0.355564
vt 0.737934 0.356508
vt 0.723507 0.355564
vt 0.709327 0.352742
vt 0.695636 0.348096
vt 0.682669 0.341700
vt 0.670647 0.333668
vt 0.659778 0.324134
vt 0.650244 0.313265
vt 0.642212 0.301243
vt 0.635817 0.288276
vt 0.631170 0.274585
vt 0.628349 0.260405
vt 0.627404 0.245978
vt 0.628349 0.231551
vt 0.631171 0.217371
vt 0.635817 0.203679
vt 0.642213 0.190713
vt 0.650244 0.178691
vt 0.659778 0.167821
vt 0.670647 0.158288
vt 0.682669 0.150256
vt 0.695636 0.143860
vt 0.709327 0.139214
vt 0.723507 0.136392
vt 0.737934 0.135448
vt 0.752362 0.136392
vt 0.766542 0.139214
vt 0.780233 0.143860
vt 0.793199 0.150256
vt 0.805222 0.158288
vt 0.816091 0.167822
vt 0.825625 0.178691
vt 0.833656 0.190713
vt 0.840052 0.203680
vt 0.844698 0.217371
vt 0.847520 0.231551
vt 0.848464 0.245978
vt 0.847520 0.260405
vt 0.844698 0.274585
vt 0.840052 0.288277
vt 0.833656 0.301243
vt 0.825625 0.313265
vt 0.816091 0.324135
vt 0.989719 0.164448
vt 0.989719 0.196831
vt 0.986816 0.196831
vt 0.986816 0.164754
vt 0.989719 0.229215
vt 0.986816 0.228909
vt 0.983912 0.229215
vt 0.983912 0.196831
vt 0.983912 0.164448
vt 0.989719 0.260495
vt 0.986816 0.260375
vt 0.989719 0.291775
vt 0.986816 0.290877
vt 0.983912 0.291775
vt 0.983912 0.260495
vt 0.989719 0.319820
vt 0.986816 0.319731
vt 0.989719 0.347866
vt 0.986816 0.347866
vt 0.983912 0.347866
vt 0.983912 0.319820
vt 0.491956 0.491956
vt 0.491956 0.520001
vt 0.489053 0.520091
vt 0.489053 0.491956
vt 0.491956 0.548046
vt 0.489052 0.548945
vt 0.486149 0.548046
vt 0.486149 0.520001
vt 0.486149 0.491956
vt 0.491956 0.579327
vt 0.489052 0.579447
vt 0.491956 0.610607
vt 0.489052 0.610913
vt 0.486149 0.610607
vt 0.486149 0.579327
vt 0.491956 0.642990
vt 0.489052 0.642990
vt 0.491956 0.675374
vt 0.489052 0.675067
vt 0.486149 0.675374
vt 0.486149 0.642990
vt 0.491956 0.706654
vt 0.489052 0.706534
vt 0.491956 0.737934
vt 0.489052 0.737036
vt 0.486149 0.737934
vt 0.486149 0.706654
vt 0.491956 0.765979
vt 0.489052 0.765747
vt 0.491956 0.794024
vt 0.489052 0.792595
vt 0.486149 0.794024
vt 0.486149 0.765979
vt 0.491956 0.816923
vt 0.489052 0.816780
vt 0.491956 0.839822
vt 0.489053 0.839822
vt 0.486149 0.839822
vt 0.486149 0.816923
vt 0.982547 0.839822
vt 0.982547 0.811777
vt 0.985451 0.811687
vt 0.985451 0.839822
vt 0.982547 0.783731
vt 0.985451 0.782833
vt 0.988354 0.783731
vt 0.988355 0.811777
vt 0.988355 0.839822
vt 0.982547 0.752451
vt 0.985451 0.752331
vt 0.982547 0.721171
vt 0.985451 0.720865
vt 0.988354 0.721171
vt 0.988355 0.752451
vt 0.982547 0.688788
vt 0.985451 0.688788
vt 0.982547 0.656404
vt 0.985451 0.656711
vt 0.988354 0.656404
vt 0.988355 0.688788
vt 0.982547 0.625124
vt 0.985451 0.625244
vt 0.982547 0.593844
vt 0.985451 0.594742
vt 0.988354 0.593844
vt 0.988355 0.625124
vt 0.982548 0.565799
vt 0.985451 0.566031
vt 0.982547 0.537754
vt 0.985451 0.539183
vt 0.988354 0.537754
vt 0.988355 0.565799
vt 0.982548 0.514855
vt 0.985451 0.514998
vt 0.982548 0.491956
vt 0.985451 0.491956
vt 0.988355 0.491956
vt 0.988355 0.514855
vt 0.976740 0.839822
vt 0.976740 0.811777
vt 0.979644 0.811687
vt 0.979644 0.839822
vt 0.976740 0.783732
vt 0.979644 0.782833
vt 0.982547 0.783732
vt 0.982548 0.811777
vt 0.982548 0.839822
vt 0.976740 0.752452
vt 0.979644 0.752331
vt 0.976740 0.721171
vt 0.979644 0.720865
vt 0.982547 0.721171
vt 0.982548 0.752452
vt 0.976740 0.688788
vt 0.979644 0.688788
vt 0.976740 0.656404
vt 0.979644 0.656711
vt 0.982547 0.656404
vt 0.982548 0.688788
vt 0.976740 0.625124
vt 0.979644 0.625244
vt 0.976740 0.593844
vt 0.979644 0.594742
vt 0.982547 0.593844
vt 0.982548 0.625124
vt 0.976740 0.565799
vt 0.979644 0.566031
vt 0.976740 0.537754
vt 0.979644 0.539183
vt 0.982547 0.537754
vt 0.982548 0.565799
vt 0.976740 0.514855
vt 0.979644 0.514998
vt 0.976740 0.491956
vt 0.979644 0.491956
vt 0.982548 0.491956
vt 0.982548 0.514855
vt 0.989719 0.000000
vt 0.989719 0.022899
vt 0.986816 0.023042
vt 0.986816 0.000000
vt 0.989719 0.045797
vt 0.986816 0.047227
vt 0.983912 0.045797
vt 0.983912 0.022899
vt 0.983912 -0.000000
vt 0.989719 0.073842
vt 0.986816 0.074075
vt 0.989719 0.101887
vt 0.986816 0.102786
vt 0.983912 0.101887
vt 0.983912 0.073842
vt 0.989719 0.133168
vt 0.986816 0.133288
vt 0.983912 0.133168
vt 0.285951 0.791115
vt 0.277646 0.795379
vt 0.272674 0.786791
vt 0.279272 0.782409
vt 0.269320 0.799357
vt 0.265534 0.790218
vt 0.260673 0.778481
vt 0.266518 0.776136
vt 0.271472 0.772246
vt 0.391225 0.928310
vt 0.363588 0.944266
vt 0.361489 0.940629
vt 0.387468 0.923414
vt 0.335952 0.960222
vt 0.333591 0.954521
vt 0.331262 0.948900
vt 0.358505 0.935462
vt 0.383764 0.918588
vt 0.331857 0.850941
vt 0.315872 0.861620
vt 0.309591 0.850739
vt 0.324209 0.840974
vt 0.298632 0.870124
vt 0.293824 0.858516
vt 0.289116 0.847149
vt 0.303439 0.840084
vt 0.316719 0.831213
vt 0.369305 0.899745
vt 0.346630 0.914893
vt 0.338144 0.900195
vt 0.358974 0.886280
vt 0.322173 0.926956
vt 0.315679 0.911277
vt 0.309141 0.895495
vt 0.329603 0.885402
vt 0.348575 0.872728
vt 0.271472 0.772246
vt 0.259863 0.764609
vt 0.260972 0.758562
vt 0.260673 0.778481
vt 0.254072 0.762546
vt 0.266518 0.776136
vt 0.242392 0.734348
vt 0.260972 0.758562
vt 0.254072 0.762546
vt 0.383764 0.918588
vt 0.358505 0.935462
vt 0.353573 0.926919
vt 0.377759 0.910762
vt 0.331262 0.948900
vt 0.327488 0.939787
vt 0.296350 0.935720
vt 0.291957 0.919327
vt 0.269604 0.941042
vt 0.267389 0.924216
vt 0.265159 0.907280
vt 0.287536 0.902827
vt 0.260673 0.778481
vt 0.254881 0.780956
vt 0.251436 0.768099
vt 0.254072 0.762545
vt 0.248627 0.781709
vt 0.246376 0.764608
vt 0.254881 0.780956
vt 0.246376 0.764608
vt 0.302497 0.958661
vt 0.299944 0.949134
vt 0.272704 0.964590
vt 0.271417 0.954811
vt 0.260604 0.802315
vt 0.258059 0.792819
vt 0.251577 0.804112
vt 0.250286 0.794304
vt 0.305128 0.968481
vt 0.304041 0.964425
vt 0.274304 0.976740
vt 0.273498 0.970622
vt 0.272704 0.964590
vt 0.302497 0.958661
vt 0.280428 0.876301
vt 0.277177 0.864165
vt 0.261575 0.880053
vt 0.259935 0.867597
vt 0.258329 0.855399
vt 0.273992 0.852282
vt 0.242392 0.976741
vt 0.242392 0.972541
vt 0.210481 0.976741
vt 0.211286 0.970622
vt 0.212080 0.964590
vt 0.242392 0.966574
vt 0.242392 0.881309
vt 0.242392 0.868745
vt 0.223210 0.880053
vt 0.224850 0.867597
vt 0.226456 0.855399
vt 0.242392 0.856442
vt 0.242392 0.942823
vt 0.242392 0.925852
vt 0.215180 0.941042
vt 0.217396 0.924216
vt 0.219625 0.907280
vt 0.242392 0.908770
vt 0.242392 0.782600
vt 0.242392 0.769290
vt 0.246376 0.764608
vt 0.236157 0.781709
vt 0.238409 0.764608
vt 0.242392 0.782600
vt 0.238409 0.764608
vt 0.242392 0.966574
vt 0.242392 0.956710
vt 0.212080 0.964590
vt 0.213368 0.954811
vt 0.242392 0.804713
vt 0.242392 0.794881
vt 0.233208 0.804112
vt 0.234499 0.794304
vt 0.236157 0.781709
vt 0.242392 0.782600
vt 0.236157 0.781709
vt 0.229904 0.780956
vt 0.233349 0.768099
vt 0.238409 0.764608
vt 0.224112 0.778481
vt 0.230713 0.762545
vt 0.229904 0.780956
vt 0.238409 0.764608
vt 0.230713 0.762546
vt 0.182288 0.958661
vt 0.184841 0.949134
vt 0.153522 0.948900
vt 0.157297 0.939787
vt 0.162611 0.926956
vt 0.188435 0.935720
vt 0.224181 0.802315
vt 0.226725 0.792819
vt 0.215465 0.799357
vt 0.219250 0.790218
vt 0.224112 0.778481
vt 0.229904 0.780956
vt 0.179656 0.968481
vt 0.180743 0.964425
vt 0.148832 0.960222
vt 0.151194 0.954521
vt 0.153522 0.948900
vt 0.182288 0.958661
vt 0.204356 0.876301
vt 0.207608 0.864165
vt 0.186152 0.870124
vt 0.190960 0.858516
vt 0.195669 0.847149
vt 0.210792 0.852282
vt 0.192827 0.919327
vt 0.169106 0.911277
vt 0.175643 0.895495
vt 0.197249 0.902826
vt 0.138155 0.914893
vt 0.146640 0.900195
vt 0.115479 0.899745
vt 0.125811 0.886280
vt 0.136210 0.872728
vt 0.155182 0.885402
vt 0.218266 0.776136
vt 0.224921 0.764609
vt 0.230713 0.762545
vt 0.213312 0.772246
vt 0.223813 0.758562
vt 0.218266 0.776136
vt 0.223813 0.758562
vt 0.126279 0.935462
vt 0.131211 0.926919
vt 0.101020 0.918588
vt 0.107025 0.910762
vt 0.207138 0.795379
vt 0.212111 0.786791
vt 0.198834 0.791115
vt 0.205513 0.782409
vt 0.213312 0.772246
vt 0.121196 0.944266
vt 0.123296 0.940630
vt 0.093560 0.928310
vt 0.097317 0.923414
vt 0.101020 0.918588
vt 0.168912 0.861620
vt 0.175194 0.850739
vt 0.152927 0.850941
vt 0.160576 0.840974
vt 0.168065 0.831213
vt 0.181345 0.840084
vt 0.192230 0.784511
vt 0.199532 0.777208
vt 0.185626 0.777907
vt 0.194331 0.771228
vt 0.204494 0.763429
vt 0.208273 0.768467
vt 0.070995 0.905746
vt 0.073964 0.902776
vt 0.048430 0.883180
vt 0.053326 0.879424
vt 0.058153 0.875720
vt 0.078184 0.898557
vt 0.138476 0.838265
vt 0.147360 0.829381
vt 0.125799 0.823813
vt 0.135767 0.816165
vt 0.145528 0.808675
vt 0.156059 0.820682
vt 0.094978 0.881762
vt 0.106979 0.869762
vt 0.076996 0.861261
vt 0.090460 0.850930
vt 0.104013 0.840531
vt 0.119058 0.857683
vt 0.213312 0.772246
vt 0.208273 0.768467
vt 0.217685 0.759056
vt 0.223813 0.758562
vt 0.204494 0.763428
vt 0.218179 0.752928
vt 0.208273 0.768467
vt 0.218179 0.752928
vt 0.078184 0.898557
vt 0.085159 0.891582
vt 0.065978 0.869715
vt 0.204494 0.763429
vt 0.200605 0.758474
vt 0.212132 0.751819
vt 0.218179 0.752928
vt 0.198259 0.752629
vt 0.214195 0.746028
vt 0.200605 0.758474
vt 0.214195 0.746028
vt 0.041279 0.850461
vt 0.049821 0.845529
vt 0.027841 0.823218
vt 0.036954 0.819444
vt 0.049784 0.814129
vt 0.061848 0.838586
vt 0.181361 0.769602
vt 0.189950 0.764630
vt 0.177383 0.761276
vt 0.186522 0.757490
vt 0.198259 0.752629
vt 0.032474 0.855544
vt 0.036111 0.853445
vt 0.016519 0.827908
vt 0.022220 0.825547
vt 0.027841 0.823218
vt 0.115121 0.807828
vt 0.126001 0.801547
vt 0.106617 0.790588
vt 0.118225 0.785780
vt 0.129591 0.781072
vt 0.136656 0.795395
vt 0.076545 0.830100
vt 0.065464 0.807634
vt 0.081246 0.801097
vt 0.091339 0.821559
vt 0.100440 0.772384
vt 0.112575 0.769133
vt 0.096687 0.753531
vt 0.109144 0.751891
vt 0.121342 0.750285
vt 0.124459 0.765948
vt 0.041021 0.788306
vt 0.057414 0.783913
vt 0.035698 0.761560
vt 0.052524 0.759345
vt 0.069461 0.757115
vt 0.073914 0.779492
vt 0.198259 0.752629
vt 0.195785 0.746837
vt 0.208641 0.743392
vt 0.195032 0.740583
vt 0.212133 0.738332
vt 0.195785 0.746837
vt 0.212133 0.738332
vt 0.018079 0.794453
vt 0.027607 0.791900
vt 0.012150 0.764660
vt 0.021930 0.763373
vt 0.174426 0.752560
vt 0.183922 0.750015
vt 0.172629 0.743533
vt 0.182436 0.742242
vt 0.195032 0.740583
vt 0.195785 0.746837
vt 0.008259 0.797084
vt 0.012315 0.795997
vt 0.000000 0.766260
vt 0.006118 0.765454
vt 0.018079 0.794453
vt 0.172028 0.734348
vt 0.181859 0.734348
vt 0.172629 0.725164
vt 0.182436 0.726455
vt 0.195032 0.728113
vt 0.194141 0.734348
vt 0.000000 0.734348
vt 0.004199 0.734348
vt -0.000000 0.702437
vt 0.006118 0.703242
vt 0.012150 0.704036
vt 0.010167 0.734348
vt 0.095432 0.734348
vt 0.107996 0.734348
vt 0.096687 0.715166
vt 0.109144 0.716806
vt 0.121342 0.718412
vt 0.120299 0.734348
vt 0.033917 0.734348
vt 0.050888 0.734348
vt 0.035698 0.707136
vt 0.052524 0.709352
vt 0.069461 0.711581
vt 0.067971 0.734348
vt 0.195032 0.740584
vt 0.194141 0.734348
vt 0.207451 0.734348
vt 0.195032 0.728113
vt 0.212133 0.730365
vt 0.194141 0.734348
vt 0.212133 0.738332
vt 0.212133 0.730365
vt 0.020030 0.734348
vt 0.012150 0.704036
vt 0.021930 0.705324
vt 0.041021 0.680391
vt 0.057414 0.684783
vt 0.049784 0.654567
vt 0.065464 0.661062
vt 0.081246 0.667599
vt 0.073914 0.689205
vt 0.195785 0.721860
vt 0.208641 0.725305
vt 0.212133 0.730365
vt 0.198259 0.716068
vt 0.214195 0.722669
vt 0.195785 0.721860
vt 0.212133 0.730365
vt 0.214195 0.722669
vt 0.018080 0.674244
vt 0.027607 0.676797
vt 0.027841 0.645478
vt 0.036954 0.649253
vt 0.174426 0.716137
vt 0.183922 0.718681
vt 0.177383 0.707421
vt 0.186522 0.711206
vt 0.198259 0.716068
vt 0.195785 0.721860
vt 0.008259 0.671613
vt 0.012315 0.672699
vt 0.016519 0.640788
vt 0.022220 0.643150
vt 0.027841 0.645478
vt 0.018080 0.674244
vt 0.100440 0.696312
vt 0.112575 0.699564
vt 0.106617 0.678108
vt 0.118225 0.682916
vt 0.129591 0.687624
vt 0.124459 0.702748
vt 0.115121 0.660868
vt 0.126002 0.667150
vt 0.125799 0.644883
vt 0.135767 0.652532
vt 0.145528 0.660021
vt 0.136656 0.673301
vt 0.061848 0.630111
vt 0.076545 0.638596
vt 0.076996 0.607435
vt 0.090460 0.617767
vt 0.104013 0.628166
vt 0.091339 0.647138
vt 0.198259 0.716068
vt 0.200605 0.710222
vt 0.212132 0.716877
vt 0.214195 0.722669
vt 0.204494 0.705268
vt 0.218179 0.715769
vt 0.214195 0.722669
vt 0.218179 0.715769
vt 0.041279 0.618235
vt 0.049821 0.623167
vt 0.058153 0.592976
vt 0.065979 0.598981
vt 0.181455 0.699166
vt 0.189969 0.704082
vt 0.186568 0.691513
vt 0.194416 0.697535
vt 0.204494 0.705268
vt 0.200605 0.710222
vt 0.032475 0.613152
vt 0.036111 0.615252
vt 0.048430 0.585516
vt 0.053326 0.589273
vt 0.041279 0.618235
vt 0.078184 0.570140
vt 0.085159 0.577115
vt 0.101021 0.550109
vt 0.107025 0.557934
vt 0.115479 0.568952
vt 0.094978 0.586934
vt 0.192565 0.684500
vt 0.199574 0.691525
vt 0.198834 0.677582
vt 0.205514 0.686286
vt 0.213312 0.696450
vt 0.208273 0.700229
vt 0.070995 0.562951
vt 0.073964 0.565920
vt 0.093560 0.540386
vt 0.097317 0.545282
vt 0.101021 0.550109
vt 0.078184 0.570140
vt 0.138476 0.630432
vt 0.147360 0.639316
vt 0.152928 0.617755
vt 0.160576 0.627723
vt 0.168066 0.637484
vt 0.156059 0.648015
vt 0.106979 0.598935
vt 0.125811 0.582416
vt 0.136210 0.595969
vt 0.119058 0.611014
vt 0.204494 0.705268
vt 0.208273 0.700229
vt 0.217685 0.709641
vt 0.218179 0.715769
vt 0.213312 0.696450
vt 0.223813 0.710135
vt 0.208273 0.700229
vt 0.223813 0.710135
vt 0.138155 0.553804
vt 0.146640 0.568501
vt 0.162611 0.541740
vt 0.169106 0.557420
vt 0.175643 0.573202
vt 0.155182 0.583295
vt 0.213312 0.696450
vt 0.218266 0.692561
vt 0.224921 0.704088
vt 0.223813 0.710135
vt 0.224112 0.690215
vt 0.230713 0.706151
vt 0.218266 0.692561
vt 0.223813 0.710135
vt 0.126280 0.533235
vt 0.131211 0.541777
vt 0.153522 0.519797
vt 0.157297 0.528910
vt 0.206922 0.672912
vt 0.212086 0.681856
vt 0.215010 0.668242
vt 0.219208 0.678380
vt 0.121196 0.524430
vt 0.123296 0.528067
vt 0.148832 0.508475
vt 0.151194 0.514176
vt 0.126280 0.533235
vt 0.168912 0.607077
vt 0.175194 0.617957
vt 0.186152 0.598573
vt 0.190960 0.610181
vt 0.195669 0.621547
vt 0.181346 0.628612
vt 0.179657 0.500215
vt 0.180743 0.504271
vt 0.210481 0.491956
vt 0.211286 0.498074
vt 0.212080 0.504106
vt 0.182288 0.510036
vt 0.204356 0.592396
vt 0.207608 0.604531
vt 0.223210 0.588644
vt 0.224850 0.601100
vt 0.226456 0.613298
vt 0.210792 0.616415
vt 0.188435 0.532977
vt 0.192827 0.549370
vt 0.215181 0.527654
vt 0.217396 0.544481
vt 0.219625 0.561417
vt 0.197249 0.565870
vt 0.224112 0.690215
vt 0.229904 0.687741
vt 0.233349 0.700597
vt 0.230713 0.706151
vt 0.236157 0.686988
vt 0.238409 0.704089
vt 0.229904 0.687741
vt 0.230713 0.706151
vt 0.238409 0.704089
vt 0.182288 0.510036
vt 0.184841 0.519563
vt 0.212080 0.504107
vt 0.213368 0.513886
vt 0.224136 0.666273
vt 0.226716 0.675855
vt 0.233208 0.664585
vt 0.234499 0.674392
vt 0.236157 0.686988
vt 0.229904 0.687741
vt 0.242392 0.502123
vt 0.242392 0.511986
vt 0.272704 0.504107
vt 0.271417 0.513886
vt 0.269604 0.527654
vt 0.242392 0.525873
vt 0.242392 0.663984
vt 0.242392 0.673815
vt 0.251577 0.664585
vt 0.250286 0.674392
vt 0.248627 0.686988
vt 0.242392 0.686097
vt 0.242392 0.491956
vt 0.242392 0.496155
vt 0.274304 0.491956
vt 0.273498 0.498075
vt 0.242392 0.502123
vt 0.242392 0.587388
vt 0.242392 0.599952
vt 0.261575 0.588643
vt 0.259935 0.601100
vt 0.258329 0.613298
vt 0.242392 0.612255
vt 0.242392 0.542844
vt 0.267389 0.544481
vt 0.265159 0.561417
vt 0.242392 0.559927
vt 0.236157 0.686988
vt 0.242392 0.686097
vt 0.242392 0.699406
vt 0.238409 0.704089
vt 0.248627 0.686988
vt 0.246376 0.704089
vt 0.242392 0.686097
vt 0.296350 0.532977
vt 0.291957 0.549370
vt 0.322173 0.541740
vt 0.315679 0.557420
vt 0.309141 0.573202
vt 0.287536 0.565870
vt 0.254881 0.687741
vt 0.251436 0.700597
vt 0.246376 0.704089
vt 0.260673 0.690215
vt 0.254072 0.706151
vt 0.254881 0.687741
vt 0.254072 0.706151
vt 0.302497 0.510036
vt 0.299944 0.519563
vt 0.331262 0.519797
vt 0.327488 0.528910
vt 0.260604 0.666382
vt 0.258059 0.675878
vt 0.269320 0.669339
vt 0.265534 0.678478
vt 0.260673 0.690215
vt 0.254881 0.687741
vt 0.305128 0.500216
vt 0.304041 0.504272
vt 0.335952 0.508475
vt 0.333591 0.514176
vt 0.331262 0.519797
vt 0.302497 0.510036
vt 0.280428 0.592396
vt 0.277177 0.604531
vt 0.298632 0.598573
vt 0.293824 0.610181
vt 0.289116 0.621547
vt 0.273992 0.616415
vt 0.363589 0.524431
vt 0.361489 0.528067
vt 0.391225 0.540386
vt 0.387468 0.545282
vt 0.383764 0.550109
vt 0.358505 0.533235
vt 0.315872 0.607077
vt 0.309591 0.617957
vt 0.331857 0.617755
vt 0.324209 0.627723
vt 0.316719 0.637484
vt 0.303439 0.628612
vt 0.346630 0.553804
vt 0.338144 0.568501
vt 0.369305 0.568952
vt 0.358974 0.582416
vt 0.348575 0.595969
vt 0.329603 0.583295
vt 0.266518 0.692561
vt 0.259863 0.704088
vt 0.271472 0.696450
vt 0.260972 0.710135
vt 0.266518 0.692561
vt 0.254072 0.706151
vt 0.260972 0.710135
vt 0.353573 0.541777
vt 0.383764 0.550109
vt 0.377759 0.557935
vt 0.277646 0.673317
vt 0.272674 0.681906
vt 0.285951 0.677582
vt 0.279272 0.686288
vt 0.271472 0.696450
vt 0.406601 0.570140
vt 0.399626 0.577115
vt 0.426632 0.592977
vt 0.418806 0.598981
vt 0.407789 0.607435
vt 0.389806 0.586934
vt 0.292555 0.684186
vt 0.285252 0.691488
vt 0.299159 0.690790
vt 0.290453 0.697469
vt 0.280290 0.705268
vt 0.276511 0.700229
vt 0.413790 0.562951
vt 0.410820 0.565921
vt 0.436354 0.585516
vt 0.431459 0.589273
vt 0.426632 0.592977
vt 0.346309 0.630432
vt 0.337425 0.639316
vt 0.358985 0.644884
vt 0.349018 0.652532
vt 0.339257 0.660022
vt 0.328725 0.648015
vt 0.377806 0.598935
vt 0.394324 0.617767
vt 0.380772 0.628166
vt 0.365727 0.611014
vt 0.271472 0.696450
vt 0.276511 0.700229
vt 0.267100 0.709641
vt 0.260972 0.710135
vt 0.280290 0.705268
vt 0.266606 0.715769
vt 0.276511 0.700229
vt 0.260972 0.710135
vt 0.266606 0.715769
vt 0.422937 0.630111
vt 0.408239 0.638596
vt 0.435000 0.654567
vt 0.419321 0.661062
vt 0.403539 0.667599
vt 0.393446 0.647138
vt 0.280290 0.705268
vt 0.284180 0.710222
vt 0.272653 0.716877
vt 0.286525 0.716068
vt 0.270590 0.722669
vt 0.266606 0.715769
vt 0.270590 0.722669
vt 0.443506 0.618236
vt 0.434963 0.623167
vt 0.456943 0.645478
vt 0.447831 0.649253
vt 0.303423 0.699094
vt 0.294835 0.704067
vt 0.307401 0.707421
vt 0.298262 0.711206
vt 0.286525 0.716068
vt 0.284180 0.710222
vt 0.452310 0.613152
vt 0.448674 0.615252
vt 0.468266 0.640788
vt 0.462564 0.643150
vt 0.456943 0.645478
vt 0.443506 0.618236
vt 0.369664 0.660868
vt 0.358783 0.667150
vt 0.378168 0.678108
vt 0.366560 0.682916
vt 0.355193 0.687625
vt 0.348128 0.673302
vt 0.476525 0.671613
vt 0.472469 0.672700
vt 0.484784 0.702437
vt 0.478666 0.703242
vt 0.472634 0.704037
vt 0.466705 0.674244
vt 0.384345 0.696312
vt 0.372209 0.699564
vt 0.388097 0.715166
vt 0.375641 0.716806
vt 0.363443 0.718412
vt 0.360326 0.702748
vt 0.443764 0.680391
vt 0.427371 0.684784
vt 0.449086 0.707137
vt 0.432260 0.709352
vt 0.415324 0.711581
vt 0.410870 0.689205
vt 0.289000 0.721860
vt 0.276143 0.725305
vt 0.270590 0.722669
vt 0.289753 0.728113
vt 0.272652 0.730365
vt 0.272652 0.730365
vt 0.466705 0.674244
vt 0.457177 0.676797
vt 0.472634 0.704037
vt 0.462855 0.705324
vt 0.310359 0.716137
vt 0.300863 0.718681
vt 0.312155 0.725164
vt 0.302348 0.726455
vt 0.289753 0.728113
vt 0.289000 0.721860
vt 0.289753 0.728113
vt 0.290644 0.734348
vt 0.277334 0.734348
vt 0.289753 0.740584
vt 0.272652 0.738332
vt 0.474618 0.734348
vt 0.464754 0.734348
vt 0.472634 0.764660
vt 0.462855 0.763373
vt 0.449086 0.761560
vt 0.450867 0.734348
vt 0.312757 0.734348
vt 0.302925 0.734348
vt 0.312155 0.743533
vt 0.302348 0.742242
vt 0.289753 0.740583
vt 0.290644 0.734348
vt 0.484784 0.734349
vt 0.480585 0.734348
vt 0.484784 0.766260
vt 0.478666 0.765454
vt 0.472634 0.764660
vt 0.474618 0.734348
vt 0.389353 0.734348
vt 0.376789 0.734348
vt 0.388097 0.753531
vt 0.375641 0.751891
vt 0.363443 0.750285
vt 0.364486 0.734348
vt 0.433896 0.734348
vt 0.432260 0.759345
vt 0.415324 0.757115
vt 0.416814 0.734348
vt 0.443764 0.788306
vt 0.427371 0.783913
vt 0.435000 0.814129
vt 0.419321 0.807635
vt 0.403539 0.801097
vt 0.410870 0.779492
vt 0.289753 0.740584
vt 0.289000 0.746837
vt 0.276143 0.743392
vt 0.286525 0.752629
vt 0.270590 0.746028
vt 0.289000 0.746837
vt 0.272652 0.738332
vt 0.270590 0.746028
vt 0.466705 0.794453
vt 0.457177 0.791900
vt 0.456943 0.823218
vt 0.447830 0.819444
vt 0.310359 0.752560
vt 0.300863 0.750015
vt 0.307401 0.761276
vt 0.298262 0.757490
vt 0.286525 0.752629
vt 0.476525 0.797084
vt 0.472469 0.795997
vt 0.468266 0.827908
vt 0.462564 0.825547
vt 0.456943 0.823218
vt 0.466705 0.794453
vt 0.384345 0.772385
vt 0.372209 0.769133
vt 0.378168 0.790588
vt 0.366560 0.785780
vt 0.355193 0.781072
vt 0.360326 0.765948
vt 0.303423 0.769602
vt 0.294835 0.764630
vt 0.299159 0.777907
vt 0.290453 0.771228
vt 0.280290 0.763429
vt 0.284180 0.758474
vt 0.452310 0.855545
vt 0.448673 0.853445
vt 0.436354 0.883181
vt 0.431458 0.879424
vt 0.426632 0.875720
vt 0.443506 0.850461
vt 0.369664 0.807828
vt 0.358783 0.801547
vt 0.358985 0.823813
vt 0.349018 0.816165
vt 0.339257 0.808675
vt 0.348128 0.795395
vt 0.422937 0.838586
vt 0.408239 0.830100
vt 0.407789 0.861262
vt 0.394324 0.850930
vt 0.380772 0.840531
vt 0.393446 0.821559
vt 0.286525 0.752629
vt 0.284180 0.758474
vt 0.272653 0.751819
vt 0.270590 0.746028
vt 0.280290 0.763428
vt 0.266606 0.752928
vt 0.270590 0.746028
vt 0.266606 0.752928
vt 0.443506 0.850461
vt 0.434963 0.845529
vt 0.426632 0.875720
vt 0.418806 0.869716
vt 0.280290 0.763428
vt 0.276511 0.768467
vt 0.267100 0.759056
vt 0.271472 0.772246
vt 0.260972 0.758562
vt 0.266606 0.752928
vt 0.260972 0.758562
vt 0.406601 0.898557
vt 0.399626 0.891582
vt 0.389806 0.881763
vt 0.292555 0.784511
vt 0.285252 0.777208
vt 0.276511 0.768467
vt 0.413789 0.905746
vt 0.410820 0.902776
vt 0.406601 0.898557
vt 0.346309 0.838265
vt 0.337425 0.829381
vt 0.328725 0.820682
vt 0.377806 0.869762
vt 0.365727 0.857683
vt 0.322752 0.796010
vt 0.314015 0.805971
vt 0.309907 0.801863
vt 0.318143 0.792474
vt 0.304054 0.814708
vt 0.300518 0.810099
vt 0.298479 0.807443
vt 0.307540 0.799495
vt 0.315486 0.790435
vt 0.335973 0.773111
vt 0.330112 0.784993
vt 0.325081 0.782088
vt 0.330606 0.770888
vt 0.322181 0.780414
vt 0.327512 0.769606
vt 0.342817 0.747570
vt 0.340231 0.760564
vt 0.334619 0.759060
vt 0.337057 0.746811
vt 0.331385 0.758194
vt 0.333737 0.746374
vt 0.342817 0.721127
vt 0.343682 0.734348
vt 0.337873 0.734348
vt 0.337057 0.721886
vt 0.334524 0.734348
vt 0.333737 0.722323
vt 0.335973 0.695586
vt 0.340231 0.708133
vt 0.334619 0.709636
vt 0.330606 0.697809
vt 0.331385 0.710503
vt 0.327512 0.699090
vt 0.322752 0.672686
vt 0.330112 0.683703
vt 0.325081 0.686608
vt 0.318143 0.676223
vt 0.322181 0.688282
vt 0.315486 0.678261
vt 0.304054 0.653989
vt 0.314015 0.662726
vt 0.309907 0.666834
vt 0.300518 0.658598
vt 0.307540 0.669201
vt 0.298479 0.661254
vt 0.281155 0.640768
vt 0.293037 0.646629
vt 0.290132 0.651660
vt 0.278931 0.646135
vt 0.288458 0.654560
vt 0.277650 0.649228
vt 0.255613 0.633924
vt 0.268608 0.636510
vt 0.267104 0.642122
vt 0.254855 0.639684
vt 0.266238 0.645356
vt 0.254418 0.643003
vt 0.229171 0.633924
vt 0.242392 0.633059
vt 0.242392 0.638868
vt 0.229929 0.639684
vt 0.242392 0.642216
vt 0.230366 0.643003
vt 0.203630 0.640768
vt 0.216177 0.636510
vt 0.217680 0.642121
vt 0.205853 0.646135
vt 0.218547 0.645356
vt 0.207134 0.649228
vt 0.180730 0.653989
vt 0.191747 0.646629
vt 0.194652 0.651660
vt 0.184267 0.658598
vt 0.196326 0.654560
vt 0.186305 0.661254
vt 0.162033 0.672686
vt 0.170770 0.662726
vt 0.174878 0.666834
vt 0.166642 0.676223
vt 0.177245 0.669201
vt 0.169298 0.678261
vt 0.148812 0.695586
vt 0.154673 0.683703
vt 0.159704 0.686608
vt 0.154179 0.697809
vt 0.162604 0.688282
vt 0.157272 0.699090
vt 0.141968 0.721127
vt 0.144554 0.708133
vt 0.150165 0.709636
vt 0.147728 0.721886
vt 0.153400 0.710503
vt 0.151047 0.722323
vt 0.141968 0.747569
vt 0.141103 0.734348
vt 0.146912 0.734348
vt 0.147728 0.746811
vt 0.150260 0.734348
vt 0.151047 0.746374
vt 0.148812 0.773111
vt 0.144554 0.760564
vt 0.150165 0.759060
vt 0.154179 0.770887
vt 0.153399 0.758194
vt 0.157272 0.769606
vt 0.162033 0.796010
vt 0.154673 0.784993
vt 0.159704 0.782088
vt 0.166642 0.792474
vt 0.162604 0.780414
vt 0.169298 0.790435
vt 0.180730 0.814708
vt 0.170770 0.805971
vt 0.174878 0.801863
vt 0.184267 0.810099
vt 0.177245 0.799496
vt 0.186305 0.807442
vt 0.203630 0.827929
vt 0.191747 0.822068
vt 0.194652 0.817037
vt 0.205853 0.822562
vt 0.196326 0.814137
vt 0.207134 0.819468
vt 0.229171 0.834773
vt 0.216177 0.832187
vt 0.217680 0.826575
vt 0.229929 0.829013
vt 0.218547 0.823341
vt 0.230366 0.825693
vt 0.255613 0.834773
vt 0.242392 0.835638
vt 0.242392 0.829829
vt 0.254855 0.829013
vt 0.242392 0.826480
vt 0.254418 0.825693
vt 0.281155 0.827929
vt 0.268608 0.832187
vt 0.267104 0.826575
vt 0.278931 0.822562
vt 0.266238 0.823341
vt 0.277650 0.819468
vt 0.293037 0.822068
vt 0.290132 0.817037
vt 0.288458 0.814137
vt 0.355422 0.847378
vt 0.369210 0.831659
vt 0.339703 0.861166
vt 0.380825 0.814273
vt 0.390075 0.795520
vt 0.396794 0.775720
vt 0.400875 0.755213
vt 0.402241 0.734348
vt 0.400875 0.713484
vt 0.396794 0.692977
vt 0.390075 0.673176
vt 0.380825 0.654424
vt 0.369210 0.637038
vt 0.355422 0.621319
vt 0.339703 0.607531
vt 0.322316 0.595916
vt 0.303564 0.586666
vt 0.283764 0.579947
vt 0.263257 0.575866
vt 0.242392 0.574500
vt 0.221528 0.575866
vt 0.201021 0.579947
vt 0.181220 0.586666
vt 0.162468 0.595915
vt 0.145082 0.607530
vt 0.129363 0.621318
vt 0.115575 0.637038
vt 0.103960 0.654424
vt 0.094710 0.673176
vt 0.087991 0.692976
vt 0.083910 0.713484
vt 0.082544 0.734348
vt 0.083910 0.755213
vt 0.087991 0.775720
vt 0.094710 0.795520
vt 0.103960 0.814272
vt 0.115574 0.831659
vt 0.129362 0.847378
vt 0.145082 0.861166
vt 0.162468 0.872781
vt 0.181220 0.882031
vt 0.201020 0.888750
vt 0.221528 0.892831
vt 0.242392 0.894197
vt 0.263257 0.892831
vt 0.283764 0.888750
vt 0.303564 0.882031
vt 0.322316 0.872781
vt 0.017496 0.976741
vt 0.017496 0.988370
vt 0.008748 0.988370
vt 0.008748 0.977886
vt 0.017496 1.000000
vt 0.008748 0.998855
vt -0.000000 0.997710
vt 0.000000 0.988370
vt 0.000000 0.979031
vt 0.321632 0.767171
vt 0.316905 0.777413
vt 0.311009 0.773990
vt 0.315450 0.764610
vt 0.313079 0.788588
vt 0.306119 0.783248
vt 0.327427 0.745543
vt 0.325237 0.756547
vt 0.318774 0.754815
vt 0.320793 0.744670
vt 0.315450 0.764610
vt 0.312156 0.743533
vt 0.327427 0.723153
vt 0.328160 0.734348
vt 0.321468 0.734348
vt 0.320793 0.724027
vt 0.312757 0.734348
vt 0.312155 0.725164
vt 0.321632 0.701526
vt 0.325237 0.712150
vt 0.318774 0.713882
vt 0.315450 0.704087
vt 0.310359 0.716137
vt 0.307401 0.707421
vt 0.313079 0.680108
vt 0.316905 0.691284
vt 0.311009 0.694707
vt 0.306119 0.685449
vt 0.321632 0.701526
vt 0.315450 0.704087
vt 0.976740 0.983895
vt 0.976740 0.972265
vt 0.985488 0.972265
vt 0.985489 0.982750
vt 0.976740 0.960635
vt 0.985489 0.961780
vt 0.994237 0.962926
vt 0.994237 0.972265
vt 0.994237 0.981605
vt 0.275215 0.655108
vt 0.285457 0.659836
vt 0.282034 0.665732
vt 0.272654 0.661291
vt 0.296632 0.663661
vt 0.291292 0.670622
vt 0.253587 0.649313
vt 0.264591 0.651503
vt 0.262859 0.657967
vt 0.252714 0.655948
vt 0.272654 0.661291
vt 0.269320 0.669339
vt 0.260604 0.666382
vt 0.251577 0.664585
vt 0.231197 0.649313
vt 0.242392 0.648581
vt 0.242392 0.655272
vt 0.232071 0.655948
vt 0.242392 0.663984
vt 0.233208 0.664585
vt 0.208296 0.652031
vt 0.220080 0.651229
vt 0.221861 0.657809
vt 0.211653 0.660137
vt 0.231197 0.649314
vt 0.232071 0.655948
vt 0.017496 1.000000
vt 0.017496 0.988370
vt 0.026244 0.988370
vt 0.026244 0.998855
vt 0.017496 0.976741
vt 0.026244 0.977886
vt 0.034992 0.979031
vt 0.034992 0.988370
vt 0.034992 0.997710
vt 0.174347 0.682136
vt 0.181565 0.673466
vt 0.186374 0.678298
vt 0.179656 0.686209
vt 0.188152 0.663661
vt 0.193493 0.670621
vt 0.163152 0.701526
vt 0.168115 0.691465
vt 0.173911 0.694810
vt 0.169335 0.704087
vt 0.174347 0.682136
vt 0.186568 0.691513
vt 0.181455 0.699166
vt 0.177383 0.707421
vt 0.157357 0.723153
vt 0.159547 0.712150
vt 0.166011 0.713882
vt 0.163992 0.724027
vt 0.174426 0.716137
vt 0.172629 0.725164
vt 0.157357 0.745543
vt 0.156625 0.734348
vt 0.163316 0.734348
vt 0.163992 0.744670
vt 0.172028 0.734348
vt 0.163152 0.767170
vt 0.159547 0.756547
vt 0.166011 0.754815
vt 0.169335 0.764610
vt 0.174426 0.752560
vt 0.177383 0.761276
vt 0.171705 0.788588
vt 0.167880 0.777413
vt 0.173775 0.773990
vt 0.178665 0.783248
vt 0.994237 0.937376
vt 0.994237 0.949006
vt 0.985488 0.949006
vt 0.985489 0.938521
vt 0.994237 0.960635
vt 0.985489 0.959490
vt 0.976740 0.958345
vt 0.976740 0.949006
vt 0.976740 0.939666
vt 0.209570 0.813588
vt 0.199328 0.808861
vt 0.202751 0.802965
vt 0.212131 0.807406
vt 0.188152 0.805035
vt 0.193493 0.798075
vt 0.231197 0.819383
vt 0.220194 0.817193
vt 0.221926 0.810730
vt 0.232071 0.812749
vt 0.209570 0.813588
vt 0.212131 0.807406
vt 0.233208 0.804112
vt 0.253587 0.819383
vt 0.242392 0.820116
vt 0.242392 0.813424
vt 0.252714 0.812749
vt 0.242392 0.804713
vt 0.275214 0.813588
vt 0.264591 0.817193
vt 0.262859 0.810730
vt 0.272654 0.807406
vt 0.260604 0.802315
vt 0.269320 0.799357
vt 0.296632 0.805035
vt 0.285457 0.808861
vt 0.282034 0.802965
vt 0.291292 0.798075
vt 0.275215 0.813588
vt 0.272654 0.807406
vt 0.298479 0.807442
vt 0.288458 0.814137
vt 0.287230 0.811991
vt 0.297136 0.805681
vt 0.277650 0.819468
vt 0.276677 0.817120
vt 0.265580 0.820886
vt 0.276678 0.817120
vt 0.254086 0.823173
vt 0.242392 0.823939
vt 0.230698 0.823173
vt 0.219204 0.820886
vt 0.208107 0.817120
vt 0.207134 0.819468
vt 0.196326 0.814137
vt 0.197555 0.811991
vt 0.208107 0.817120
vt 0.186305 0.807443
vt 0.187649 0.805681
vt 0.177245 0.799496
vt 0.178808 0.797933
vt 0.169298 0.790435
vt 0.171060 0.789092
vt 0.179929 0.796812
vt 0.162604 0.780414
vt 0.164749 0.779186
vt 0.159620 0.768634
vt 0.155854 0.757536
vt 0.153567 0.746042
vt 0.152802 0.734348
vt 0.153567 0.722654
vt 0.155854 0.711160
vt 0.159620 0.700063
vt 0.164805 0.689553
vt 0.171315 0.679808
vt 0.169298 0.678261
vt 0.177245 0.669201
vt 0.179000 0.670943
vt 0.171314 0.679808
vt 0.186305 0.661254
vt 0.187659 0.663008
vt 0.196326 0.654560
vt 0.197431 0.656474
vt 0.207134 0.649228
vt 0.207976 0.651277
vt 0.198224 0.657846
vt 0.218547 0.645356
vt 0.219178 0.647746
vt 0.230366 0.643003
vt 0.230698 0.645523
vt 0.242392 0.644758
vt 0.254086 0.645523
vt 0.265580 0.647811
vt 0.276678 0.651576
vt 0.277650 0.649228
vt 0.288458 0.654560
vt 0.287230 0.656705
vt 0.276678 0.651576
vt 0.298479 0.661254
vt 0.297136 0.663016
vt 0.307539 0.669201
vt 0.305977 0.670764
vt 0.315487 0.678261
vt 0.313725 0.679605
vt 0.304856 0.671885
vt 0.322181 0.688282
vt 0.320035 0.689511
vt 0.327512 0.699090
vt 0.325164 0.700063
vt 0.328930 0.711161
vt 0.325164 0.700063
vt 0.331217 0.722654
vt 0.331983 0.734348
vt 0.331217 0.746042
vt 0.328930 0.757536
vt 0.325164 0.768634
vt 0.327512 0.769606
vt 0.322181 0.780414
vt 0.320035 0.779186
vt 0.325164 0.768634
vt 0.315486 0.790435
vt 0.313725 0.789092
vt 0.307539 0.799496
vt 0.305977 0.797933
vt 0.304856 0.796812
vt 0.297672 0.830096
vt 0.309697 0.822062
vt 0.284702 0.836493
vt 0.271007 0.841140
vt 0.256823 0.843963
vt 0.242392 0.844908
vt 0.227961 0.843963
vt 0.213777 0.841140
vt 0.200083 0.836493
vt 0.187113 0.830096
vt 0.175087 0.822062
vt 0.164215 0.812526
vt 0.154679 0.801653
vt 0.146645 0.789628
vt 0.140248 0.776658
vt 0.135600 0.762963
vt 0.132778 0.748779
vt 0.131833 0.734348
vt 0.132778 0.719917
vt 0.135600 0.705733
vt 0.140248 0.692039
vt 0.146645 0.679069
vt 0.154679 0.667043
vt 0.164215 0.656171
vt 0.175087 0.646635
vt 0.187113 0.638601
vt 0.200083 0.632204
vt 0.213777 0.627556
vt 0.227961 0.624734
vt 0.242392 0.623789
vt 0.256823 0.624734
vt 0.271007 0.627556
vt 0.284702 0.632204
vt 0.297672 0.638601
vt 0.309697 0.646635
vt 0.320570 0.656171
vt 0.330106 0.667043
vt 0.338139 0.679069
vt 0.344537 0.692039
vt 0.349184 0.705734
vt 0.352007 0.719917
vt 0.352952 0.734348
vt 0.352007 0.748779
vt 0.349184 0.762963
vt 0.344537 0.776658
vt 0.338139 0.789628
vt 0.330106 0.801653
vt 0.320569 0.812526
vt 0.689931 0.792234
vt 0.696819 0.783258
vt 0.703506 0.787768
vt 0.698179 0.796996
vt 0.704810 0.772844
vt 0.709842 0.776794
vt 0.715779 0.779177
vt 0.710755 0.791304
vt 0.706426 0.801758
vt 0.585516 0.928310
vt 0.589273 0.923414
vt 0.615252 0.940630
vt 0.613152 0.944266
vt 0.592976 0.918588
vt 0.618235 0.935462
vt 0.645478 0.948900
vt 0.643150 0.954521
vt 0.640788 0.960222
vt 0.644883 0.850941
vt 0.652532 0.840974
vt 0.667150 0.850740
vt 0.660868 0.861620
vt 0.660019 0.831216
vt 0.673299 0.840088
vt 0.687623 0.847153
vt 0.682916 0.858517
vt 0.678108 0.870124
vt 0.607435 0.899745
vt 0.617767 0.886280
vt 0.638596 0.900195
vt 0.630111 0.914893
vt 0.628166 0.872728
vt 0.647137 0.885402
vt 0.667599 0.895495
vt 0.661062 0.911277
vt 0.654567 0.926956
vt 0.704810 0.772844
vt 0.715495 0.758918
vt 0.716619 0.765056
vt 0.709842 0.776794
vt 0.734348 0.734348
vt 0.722497 0.762960
vt 0.715495 0.758918
vt 0.715779 0.779177
vt 0.709842 0.776794
vt 0.722497 0.762961
vt 0.592976 0.918588
vt 0.598981 0.910762
vt 0.623167 0.926920
vt 0.618235 0.935462
vt 0.649253 0.939787
vt 0.645478 0.948900
vt 0.684783 0.919327
vt 0.680391 0.935720
vt 0.689205 0.902827
vt 0.711581 0.907280
vt 0.709352 0.924216
vt 0.707136 0.941042
vt 0.715779 0.779177
vt 0.722497 0.762961
vt 0.725171 0.768599
vt 0.721663 0.781690
vt 0.730306 0.765053
vt 0.722497 0.762961
vt 0.728015 0.782455
vt 0.676797 0.949134
vt 0.674244 0.958661
vt 0.705324 0.954811
vt 0.704036 0.964590
vt 0.718396 0.793869
vt 0.715744 0.803717
vt 0.721663 0.781690
vt 0.728015 0.782455
vt 0.726316 0.795356
vt 0.724990 0.805433
vt 0.672699 0.964425
vt 0.671612 0.968481
vt 0.674244 0.958661
vt 0.704036 0.964590
vt 0.703242 0.970622
vt 0.702437 0.976740
vt 0.699564 0.864166
vt 0.696312 0.876301
vt 0.702747 0.852286
vt 0.718411 0.855403
vt 0.716806 0.867597
vt 0.715166 0.880053
vt 0.734348 0.972541
vt 0.734348 0.976741
vt 0.734348 0.966574
vt 0.764660 0.964590
vt 0.765454 0.970622
vt 0.766260 0.976740
vt 0.734348 0.868745
vt 0.734348 0.881309
vt 0.734348 0.856446
vt 0.750285 0.855403
vt 0.751891 0.867597
vt 0.753531 0.880053
vt 0.734348 0.925852
vt 0.734348 0.942823
vt 0.734348 0.908770
vt 0.757115 0.907280
vt 0.759345 0.924216
vt 0.761560 0.941042
vt 0.728015 0.782455
vt 0.730306 0.765053
vt 0.734348 0.769807
vt 0.734348 0.783360
vt 0.738390 0.765053
vt 0.730306 0.765053
vt 0.740682 0.782455
vt 0.734348 0.783360
vt 0.738391 0.765053
vt 0.734348 0.956710
vt 0.734348 0.966574
vt 0.763373 0.954811
vt 0.764660 0.964590
vt 0.734348 0.795943
vt 0.734348 0.806045
vt 0.740681 0.782455
vt 0.742380 0.795356
vt 0.743707 0.805433
vt 0.743525 0.768599
vt 0.747033 0.781690
vt 0.746200 0.762961
vt 0.738390 0.765053
vt 0.752917 0.779177
vt 0.747033 0.781690
vt 0.746200 0.762961
vt 0.791900 0.949133
vt 0.794453 0.958661
vt 0.788306 0.935720
vt 0.814129 0.926956
vt 0.819443 0.939786
vt 0.823218 0.948899
vt 0.750290 0.793845
vt 0.752905 0.803602
vt 0.752917 0.779177
vt 0.757896 0.791199
vt 0.761786 0.800588
vt 0.795997 0.964425
vt 0.797084 0.968481
vt 0.794453 0.958661
vt 0.823218 0.948900
vt 0.825547 0.954521
vt 0.827908 0.960222
vt 0.769133 0.864166
vt 0.772384 0.876301
vt 0.765949 0.852286
vt 0.781074 0.847153
vt 0.785780 0.858517
vt 0.790588 0.870124
vt 0.783913 0.919327
vt 0.779492 0.902827
vt 0.801097 0.895495
vt 0.807634 0.911277
vt 0.830100 0.900195
vt 0.838586 0.914893
vt 0.821559 0.885402
vt 0.840531 0.872728
vt 0.850930 0.886280
vt 0.861261 0.899745
vt 0.752917 0.779177
vt 0.746200 0.762960
vt 0.752077 0.765056
vt 0.758854 0.776794
vt 0.753201 0.758918
vt 0.746200 0.762961
vt 0.763887 0.772844
vt 0.758854 0.776794
vt 0.753201 0.758918
vt 0.845529 0.926919
vt 0.850461 0.935462
vt 0.869715 0.910762
vt 0.875720 0.918588
vt 0.765162 0.787712
vt 0.770273 0.796539
vt 0.758854 0.776794
vt 0.763887 0.772844
vt 0.771879 0.783257
vt 0.778765 0.792234
vt 0.853445 0.940629
vt 0.855544 0.944266
vt 0.850461 0.935462
vt 0.875720 0.918587
vt 0.879424 0.923414
vt 0.883180 0.928310
vt 0.801547 0.850740
vt 0.807828 0.861620
vt 0.795397 0.840088
vt 0.808677 0.831216
vt 0.816165 0.840974
vt 0.823813 0.850941
vt 0.777965 0.777965
vt 0.785500 0.785500
vt 0.769005 0.769005
vt 0.772843 0.763887
vt 0.783257 0.771879
vt 0.792234 0.778766
vt 0.902776 0.902776
vt 0.905745 0.905745
vt 0.898557 0.898557
vt 0.918587 0.875720
vt 0.923414 0.879424
vt 0.928310 0.883180
vt 0.829381 0.829381
vt 0.838265 0.838265
vt 0.820684 0.820684
vt 0.831216 0.808678
vt 0.840974 0.816165
vt 0.850941 0.823813
vt 0.869762 0.869762
vt 0.881762 0.881762
vt 0.857683 0.857683
vt 0.872728 0.840531
vt 0.886280 0.850930
vt 0.899745 0.861261
vt 0.763887 0.772844
vt 0.753201 0.758918
vt 0.759421 0.759421
vt 0.769005 0.769005
vt 0.758918 0.753201
vt 0.753201 0.758918
vt 0.772843 0.763887
vt 0.758918 0.753201
vt 0.891582 0.891582
vt 0.898557 0.898557
vt 0.910762 0.869715
vt 0.918588 0.875720
vt 0.765056 0.752078
vt 0.776793 0.758854
vt 0.762960 0.746200
vt 0.779177 0.752917
vt 0.776794 0.758854
vt 0.762960 0.746200
vt 0.926919 0.845529
vt 0.935462 0.850461
vt 0.914893 0.838586
vt 0.926956 0.814129
vt 0.939786 0.819444
vt 0.948899 0.823218
vt 0.787712 0.765162
vt 0.796538 0.770273
vt 0.779177 0.752917
vt 0.791199 0.757896
vt 0.800588 0.761786
vt 0.940629 0.853445
vt 0.944266 0.855544
vt 0.935462 0.850461
vt 0.948900 0.823218
vt 0.954520 0.825546
vt 0.960222 0.827908
vt 0.850739 0.801547
vt 0.861619 0.807828
vt 0.840088 0.795397
vt 0.847153 0.781074
vt 0.858516 0.785780
vt 0.870123 0.790588
vt 0.900195 0.830100
vt 0.885402 0.821559
vt 0.895495 0.801097
vt 0.911277 0.807634
vt 0.864166 0.769133
vt 0.876301 0.772384
vt 0.852285 0.765949
vt 0.855403 0.750285
vt 0.867597 0.751891
vt 0.880053 0.753531
vt 0.919327 0.783913
vt 0.935720 0.788306
vt 0.902826 0.779492
vt 0.907279 0.757115
vt 0.924216 0.759345
vt 0.941042 0.761560
vt 0.779177 0.752917
vt 0.762960 0.746200
vt 0.768599 0.743526
vt 0.781690 0.747033
vt 0.765053 0.738391
vt 0.762960 0.746200
vt 0.782455 0.740682
vt 0.781690 0.747033
vt 0.765053 0.738391
vt 0.949133 0.791900
vt 0.958661 0.794453
vt 0.954811 0.763373
vt 0.964590 0.764660
vt 0.793844 0.750290
vt 0.803602 0.752905
vt 0.781690 0.747033
vt 0.782455 0.740682
vt 0.795356 0.742380
vt 0.805432 0.743707
vt 0.964425 0.795997
vt 0.968481 0.797084
vt 0.958661 0.794453
vt 0.964590 0.764660
vt 0.970622 0.765454
vt 0.976740 0.766260
vt 0.795943 0.734348
vt 0.806045 0.734348
vt 0.783360 0.734348
vt 0.782455 0.728015
vt 0.795356 0.726316
vt 0.805432 0.724990
vt 0.972541 0.734348
vt 0.976740 0.734348
vt 0.966574 0.734348
vt 0.964590 0.704036
vt 0.970622 0.703242
vt 0.976740 0.702437
vt 0.868745 0.734348
vt 0.881308 0.734348
vt 0.856446 0.734348
vt 0.855403 0.718411
vt 0.867597 0.716806
vt 0.880053 0.715166
vt 0.925852 0.734348
vt 0.942823 0.734348
vt 0.908769 0.734348
vt 0.907280 0.711581
vt 0.924216 0.709352
vt 0.941042 0.707136
vt 0.765053 0.738391
vt 0.769807 0.734348
vt 0.783360 0.734348
vt 0.765053 0.730306
vt 0.765053 0.738391
vt 0.782455 0.728015
vt 0.783360 0.734348
vt 0.765053 0.730306
vt 0.956710 0.734348
vt 0.966574 0.734348
vt 0.954811 0.705324
vt 0.964590 0.704036
vt 0.919326 0.684783
vt 0.935720 0.680391
vt 0.902826 0.689205
vt 0.895495 0.667599
vt 0.911277 0.661062
vt 0.926956 0.654567
vt 0.782455 0.728015
vt 0.768599 0.725171
vt 0.781690 0.721663
vt 0.762960 0.722497
vt 0.779177 0.715780
vt 0.781690 0.721663
vt 0.949133 0.676797
vt 0.958661 0.674244
vt 0.939786 0.649253
vt 0.948899 0.645478
vt 0.793844 0.718406
vt 0.803602 0.715792
vt 0.781690 0.721663
vt 0.779177 0.715779
vt 0.791198 0.710800
vt 0.800588 0.706911
vt 0.964425 0.672699
vt 0.968481 0.671613
vt 0.958661 0.674244
vt 0.948899 0.645478
vt 0.954520 0.643150
vt 0.960222 0.640788
vt 0.864166 0.699564
vt 0.876301 0.696312
vt 0.852285 0.702747
vt 0.847153 0.687623
vt 0.858516 0.682916
vt 0.870123 0.678108
vt 0.850739 0.667150
vt 0.861619 0.660868
vt 0.840088 0.673299
vt 0.831216 0.660019
vt 0.840974 0.652532
vt 0.850941 0.644883
vt 0.900195 0.638596
vt 0.914893 0.630111
vt 0.885402 0.647137
vt 0.872728 0.628166
vt 0.886280 0.617767
vt 0.899744 0.607435
vt 0.779177 0.715780
vt 0.762960 0.722497
vt 0.765056 0.716619
vt 0.776793 0.709842
vt 0.758918 0.715495
vt 0.762960 0.722497
vt 0.772843 0.704810
vt 0.758918 0.715495
vt 0.926919 0.623167
vt 0.935461 0.618235
vt 0.910762 0.598981
vt 0.918587 0.592976
vt 0.787712 0.703535
vt 0.796538 0.698424
vt 0.776793 0.709842
vt 0.772843 0.704810
vt 0.783257 0.696818
vt 0.792234 0.689931
vt 0.940629 0.615252
vt 0.944266 0.613152
vt 0.935461 0.618235
vt 0.918587 0.592976
vt 0.923414 0.589273
vt 0.928310 0.585516
vt 0.891582 0.577115
vt 0.898556 0.570140
vt 0.881762 0.586934
vt 0.861261 0.568952
vt 0.869715 0.557934
vt 0.875720 0.550109
vt 0.777965 0.690731
vt 0.785500 0.683197
vt 0.769005 0.699692
vt 0.763887 0.695853
vt 0.771879 0.685439
vt 0.778765 0.676462
vt 0.902776 0.565920
vt 0.905745 0.562951
vt 0.898556 0.570140
vt 0.875720 0.550109
vt 0.879424 0.545282
vt 0.883180 0.540386
vt 0.829381 0.639315
vt 0.838265 0.630432
vt 0.820684 0.648012
vt 0.808677 0.637480
vt 0.816165 0.627723
vt 0.823813 0.617755
vt 0.869762 0.598935
vt 0.857683 0.611014
vt 0.840530 0.595969
vt 0.850930 0.582416
vt 0.772843 0.704810
vt 0.758918 0.715495
vt 0.759421 0.709275
vt 0.753201 0.709778
vt 0.758918 0.715495
vt 0.763887 0.695853
vt 0.753201 0.709778
vt 0.830100 0.568501
vt 0.838585 0.553804
vt 0.821559 0.583295
vt 0.801097 0.573202
vt 0.807634 0.557420
vt 0.814129 0.541740
vt 0.763887 0.695853
vt 0.752077 0.703640
vt 0.758854 0.691903
vt 0.746200 0.705736
vt 0.753201 0.709778
vt 0.752917 0.689520
vt 0.758854 0.691903
vt 0.746200 0.705736
vt 0.845529 0.541777
vt 0.850461 0.533235
vt 0.819443 0.528910
vt 0.823218 0.519797
vt 0.765162 0.680985
vt 0.770272 0.672158
vt 0.758854 0.691903
vt 0.757896 0.677498
vt 0.761786 0.668108
vt 0.853444 0.528067
vt 0.855544 0.524430
vt 0.850461 0.533235
vt 0.823218 0.519797
vt 0.825546 0.514176
vt 0.827908 0.508475
vt 0.801547 0.617957
vt 0.807828 0.607077
vt 0.795397 0.628609
vt 0.781073 0.621543
vt 0.785780 0.610180
vt 0.790588 0.598573
vt 0.795997 0.504271
vt 0.797084 0.500215
vt 0.794452 0.510036
vt 0.764660 0.504106
vt 0.765454 0.498074
vt 0.766260 0.491956
vt 0.769133 0.604531
vt 0.772384 0.592396
vt 0.765949 0.616411
vt 0.750285 0.613294
vt 0.751891 0.601099
vt 0.753531 0.588644
vt 0.783913 0.549370
vt 0.788305 0.532977
vt 0.779492 0.565870
vt 0.757115 0.561417
vt 0.759345 0.544481
vt 0.761560 0.527654
vt 0.752917 0.689520
vt 0.746200 0.705736
vt 0.743525 0.700098
vt 0.747033 0.687007
vt 0.738390 0.703644
vt 0.746200 0.705736
vt 0.740681 0.686241
vt 0.738390 0.703644
vt 0.791900 0.519563
vt 0.763372 0.513886
vt 0.750290 0.674852
vt 0.752905 0.665095
vt 0.747033 0.687007
vt 0.740681 0.686241
vt 0.742380 0.673340
vt 0.743706 0.663264
vt 0.734348 0.511986
vt 0.734348 0.502123
vt 0.734348 0.525873
vt 0.707136 0.527654
vt 0.705324 0.513886
vt 0.704036 0.504107
vt 0.734348 0.672753
vt 0.734348 0.662652
vt 0.734348 0.685337
vt 0.728015 0.686241
vt 0.726316 0.673340
vt 0.724990 0.663264
vt 0.734348 0.496155
vt 0.734348 0.491956
vt 0.734348 0.502123
vt 0.704036 0.504107
vt 0.703242 0.498075
vt 0.702437 0.491956
vt 0.734348 0.599951
vt 0.734348 0.587388
vt 0.734348 0.612251
vt 0.718411 0.613294
vt 0.716806 0.601099
vt 0.715166 0.588643
vt 0.734348 0.542845
vt 0.734348 0.559927
vt 0.711581 0.561417
vt 0.709352 0.544481
vt 0.740681 0.686241
vt 0.738390 0.703644
vt 0.734348 0.698890
vt 0.734348 0.685337
vt 0.730306 0.703644
vt 0.728015 0.686241
vt 0.730306 0.703644
vt 0.684783 0.549370
vt 0.680391 0.532977
vt 0.689205 0.565870
vt 0.667599 0.573202
vt 0.661062 0.557420
vt 0.654567 0.541740
vt 0.728015 0.686241
vt 0.730306 0.703644
vt 0.725171 0.700098
vt 0.721663 0.687007
vt 0.722497 0.705736
vt 0.730306 0.703644
vt 0.715779 0.689520
vt 0.721663 0.687007
vt 0.722497 0.705736
vt 0.676797 0.519563
vt 0.674244 0.510036
vt 0.649253 0.528910
vt 0.645478 0.519797
vt 0.718406 0.674852
vt 0.715792 0.665095
vt 0.721663 0.687007
vt 0.715779 0.689520
vt 0.710800 0.677498
vt 0.706911 0.668108
vt 0.672699 0.504272
vt 0.671612 0.500216
vt 0.674244 0.510036
vt 0.645478 0.519797
vt 0.643150 0.514176
vt 0.640788 0.508475
vt 0.699564 0.604531
vt 0.696312 0.592396
vt 0.702747 0.616411
vt 0.687623 0.621543
vt 0.682916 0.610180
vt 0.678108 0.598573
vt 0.615252 0.528067
vt 0.613152 0.524431
vt 0.618235 0.533235
vt 0.592976 0.550109
vt 0.589272 0.545282
vt 0.585516 0.540386
vt 0.667150 0.617957
vt 0.660868 0.607077
vt 0.673299 0.628609
vt 0.660019 0.637481
vt 0.652531 0.627723
vt 0.644883 0.617756
vt 0.638596 0.568501
vt 0.630111 0.553804
vt 0.647137 0.583295
vt 0.628166 0.595969
vt 0.617766 0.582416
vt 0.607435 0.568952
vt 0.715779 0.689520
vt 0.722497 0.705736
vt 0.716619 0.703640
vt 0.709842 0.691903
vt 0.715495 0.709778
vt 0.704810 0.695853
vt 0.623167 0.541777
vt 0.618235 0.533235
vt 0.598981 0.557935
vt 0.592976 0.550109
vt 0.703535 0.680984
vt 0.698424 0.672158
vt 0.709842 0.691903
vt 0.704810 0.695853
vt 0.696818 0.685440
vt 0.689931 0.676462
vt 0.577114 0.577115
vt 0.570140 0.570140
vt 0.586934 0.586934
vt 0.568952 0.607435
vt 0.557934 0.598981
vt 0.550109 0.592977
vt 0.690731 0.690731
vt 0.683196 0.683197
vt 0.699692 0.699692
vt 0.695853 0.704810
vt 0.685439 0.696818
vt 0.676462 0.689931
vt 0.565920 0.565921
vt 0.562951 0.562951
vt 0.550109 0.592977
vt 0.545282 0.589273
vt 0.540386 0.585516
vt 0.639315 0.639315
vt 0.630432 0.630432
vt 0.648012 0.648012
vt 0.637480 0.660019
vt 0.627722 0.652532
vt 0.617755 0.644884
vt 0.598934 0.598935
vt 0.611014 0.611014
vt 0.595968 0.628166
vt 0.582416 0.617767
vt 0.704810 0.695853
vt 0.715495 0.709778
vt 0.709275 0.709275
vt 0.699692 0.699692
vt 0.709778 0.715495
vt 0.715495 0.709778
vt 0.695853 0.704810
vt 0.699691 0.699692
vt 0.709778 0.715495
vt 0.568501 0.638597
vt 0.553803 0.630111
vt 0.583295 0.647138
vt 0.573202 0.667599
vt 0.557419 0.661062
vt 0.541740 0.654568
vt 0.695853 0.704810
vt 0.709778 0.715495
vt 0.703640 0.716619
vt 0.691903 0.709842
vt 0.705736 0.722497
vt 0.689519 0.715780
vt 0.691903 0.709842
vt 0.705736 0.722497
vt 0.541777 0.623168
vt 0.533235 0.618236
vt 0.528910 0.649253
vt 0.519797 0.645478
vt 0.680984 0.703535
vt 0.672158 0.698424
vt 0.691903 0.709843
vt 0.689519 0.715780
vt 0.677498 0.710800
vt 0.668108 0.706911
vt 0.528067 0.615252
vt 0.524430 0.613152
vt 0.519797 0.645478
vt 0.514176 0.643150
vt 0.508474 0.640788
vt 0.617957 0.667150
vt 0.607077 0.660868
vt 0.628608 0.673300
vt 0.621543 0.687623
vt 0.610180 0.682916
vt 0.598573 0.678108
vt 0.504271 0.672700
vt 0.500215 0.671613
vt 0.510035 0.674244
vt 0.504106 0.704037
vt 0.498074 0.703242
vt 0.491956 0.702437
vt 0.604531 0.699564
vt 0.592395 0.696312
vt 0.616411 0.702747
vt 0.613294 0.718411
vt 0.601099 0.716806
vt 0.588643 0.715166
vt 0.549370 0.684784
vt 0.532977 0.680391
vt 0.565870 0.689205
vt 0.561417 0.711582
vt 0.544480 0.709352
vt 0.527654 0.707137
vt 0.689519 0.715780
vt 0.705736 0.722497
vt 0.700098 0.725171
vt 0.687006 0.721663
vt 0.703643 0.730306
vt 0.686241 0.728015
vt 0.703643 0.730306
vt 0.519563 0.676797
vt 0.510035 0.674244
vt 0.513886 0.705324
vt 0.504106 0.704037
vt 0.674852 0.718406
vt 0.665094 0.715792
vt 0.686241 0.728015
vt 0.673340 0.726317
vt 0.663264 0.724990
vt 0.703643 0.730306
vt 0.698889 0.734348
vt 0.685336 0.734348
vt 0.703643 0.738391
vt 0.686241 0.740682
vt 0.685336 0.734348
vt 0.703643 0.738391
vt 0.511986 0.734349
vt 0.502123 0.734349
vt 0.525873 0.734348
vt 0.527654 0.761560
vt 0.513886 0.763373
vt 0.504106 0.764660
vt 0.672753 0.734348
vt 0.662651 0.734348
vt 0.685336 0.734348
vt 0.686241 0.740682
vt 0.673340 0.742380
vt 0.663264 0.743707
vt 0.496155 0.734348
vt 0.491956 0.734349
vt 0.504106 0.764660
vt 0.498074 0.765455
vt 0.491956 0.766260
vt 0.599951 0.734348
vt 0.587388 0.734348
vt 0.612251 0.734348
vt 0.613294 0.750286
vt 0.601099 0.751891
vt 0.588643 0.753531
vt 0.542844 0.734348
vt 0.559927 0.734348
vt 0.561417 0.757115
vt 0.544480 0.759345
vt 0.549370 0.783913
vt 0.532977 0.788306
vt 0.565870 0.779492
vt 0.573202 0.801097
vt 0.557420 0.807635
vt 0.541740 0.814129
vt 0.686241 0.740682
vt 0.703644 0.738391
vt 0.700098 0.743526
vt 0.687006 0.747034
vt 0.705736 0.746200
vt 0.703643 0.738391
vt 0.689519 0.752917
vt 0.687006 0.747033
vt 0.705736 0.746200
vt 0.519563 0.791900
vt 0.510035 0.794453
vt 0.528910 0.819444
vt 0.519797 0.823219
vt 0.674852 0.750290
vt 0.665094 0.752905
vt 0.689519 0.752917
vt 0.677498 0.757897
vt 0.668108 0.761786
vt 0.504271 0.795997
vt 0.500215 0.797084
vt 0.510035 0.794453
vt 0.519797 0.823218
vt 0.514176 0.825547
vt 0.508475 0.827908
vt 0.604531 0.769133
vt 0.592395 0.772385
vt 0.616411 0.765950
vt 0.621543 0.781074
vt 0.610180 0.785781
vt 0.598573 0.790588
vt 0.681005 0.765146
vt 0.672257 0.770197
vt 0.691903 0.758854
vt 0.695853 0.763887
vt 0.685530 0.771808
vt 0.677467 0.777995
vt 0.528067 0.853445
vt 0.524430 0.855545
vt 0.533235 0.850461
vt 0.550109 0.875720
vt 0.545282 0.879424
vt 0.540386 0.883181
vt 0.617957 0.801547
vt 0.607077 0.807829
vt 0.628608 0.795397
vt 0.637480 0.808678
vt 0.627723 0.816165
vt 0.617755 0.823813
vt 0.568501 0.830100
vt 0.553804 0.838586
vt 0.583295 0.821559
vt 0.595969 0.840531
vt 0.582416 0.850930
vt 0.568952 0.861261
vt 0.689519 0.752917
vt 0.703640 0.752078
vt 0.691903 0.758854
vt 0.709778 0.753202
vt 0.705736 0.746200
vt 0.695853 0.763887
vt 0.709778 0.753201
vt 0.541777 0.845529
vt 0.533235 0.850461
vt 0.557934 0.869716
vt 0.550109 0.875720
vt 0.695853 0.763887
vt 0.709778 0.753201
vt 0.709275 0.759421
vt 0.699691 0.769005
vt 0.715495 0.758918
vt 0.709778 0.753202
vt 0.704809 0.772844
vt 0.699691 0.769005
vt 0.715495 0.758918
vt 0.577115 0.891582
vt 0.570140 0.898557
vt 0.586934 0.881763
vt 0.690778 0.777923
vt 0.683575 0.785145
vt 0.699692 0.769005
vt 0.565920 0.902776
vt 0.562951 0.905746
vt 0.570140 0.898557
vt 0.639315 0.829381
vt 0.630432 0.838265
vt 0.648012 0.820684
vt 0.598935 0.869762
vt 0.611014 0.857683
vt 0.653864 0.796106
vt 0.658242 0.792747
vt 0.666510 0.802188
vt 0.662615 0.806082
vt 0.660585 0.790949
vt 0.668569 0.800138
vt 0.677475 0.808466
vt 0.675933 0.810473
vt 0.672591 0.814832
vt 0.640623 0.773171
vt 0.645720 0.771059
vt 0.651271 0.782313
vt 0.646493 0.785071
vt 0.648449 0.769929
vt 0.653829 0.780836
vt 0.660585 0.790949
vt 0.658242 0.792747
vt 0.653864 0.796106
vt 0.633769 0.747590
vt 0.639239 0.746870
vt 0.641688 0.759177
vt 0.636359 0.760605
vt 0.642167 0.746484
vt 0.644541 0.758412
vt 0.633769 0.721107
vt 0.639239 0.721827
vt 0.638419 0.734348
vt 0.632902 0.734348
vt 0.642167 0.722213
vt 0.641373 0.734348
vt 0.640623 0.695526
vt 0.645720 0.697637
vt 0.641688 0.709520
vt 0.636359 0.708092
vt 0.648449 0.698768
vt 0.644541 0.710285
vt 0.653864 0.672591
vt 0.658221 0.675936
vt 0.651264 0.686378
vt 0.646493 0.683625
vt 0.660230 0.677476
vt 0.653783 0.687825
vt 0.648449 0.698768
vt 0.640623 0.695526
vt 0.672591 0.653865
vt 0.675936 0.658221
vt 0.666539 0.666539
vt 0.662615 0.662615
vt 0.677475 0.660230
vt 0.668853 0.668853
vt 0.695526 0.640623
vt 0.697637 0.645720
vt 0.686378 0.651264
vt 0.683625 0.646493
vt 0.698768 0.648450
vt 0.687825 0.653783
vt 0.721107 0.633769
vt 0.721827 0.639239
vt 0.709520 0.641688
vt 0.708092 0.636359
vt 0.722212 0.642168
vt 0.710284 0.644542
vt 0.697637 0.645720
vt 0.695526 0.640623
vt 0.747590 0.633769
vt 0.746870 0.639239
vt 0.734348 0.638419
vt 0.734348 0.632902
vt 0.746484 0.642168
vt 0.734348 0.641373
vt 0.773170 0.640623
vt 0.771059 0.645720
vt 0.759176 0.641688
vt 0.760604 0.636359
vt 0.769929 0.648450
vt 0.758412 0.644541
vt 0.796105 0.653865
vt 0.792760 0.658221
vt 0.782318 0.651264
vt 0.785071 0.646493
vt 0.791221 0.660230
vt 0.780871 0.653783
vt 0.769928 0.648450
vt 0.771059 0.645720
vt 0.814832 0.672591
vt 0.810475 0.675936
vt 0.802157 0.666539
vt 0.806081 0.662615
vt 0.808466 0.677475
vt 0.799843 0.668853
vt 0.828073 0.695526
vt 0.822976 0.697637
vt 0.817433 0.686378
vt 0.822203 0.683625
vt 0.820247 0.698768
vt 0.814914 0.687825
vt 0.834928 0.721107
vt 0.829458 0.721827
vt 0.827009 0.709520
vt 0.832338 0.708092
vt 0.826529 0.722212
vt 0.824155 0.710285
vt 0.820247 0.698768
vt 0.822976 0.697637
vt 0.828073 0.695526
vt 0.834928 0.747590
vt 0.829458 0.746870
vt 0.830277 0.734348
vt 0.835794 0.734348
vt 0.826529 0.746484
vt 0.827323 0.734348
vt 0.828073 0.773170
vt 0.822976 0.771059
vt 0.827008 0.759177
vt 0.832338 0.760605
vt 0.820247 0.769929
vt 0.824155 0.758412
vt 0.814832 0.796106
vt 0.810475 0.792761
vt 0.817433 0.782319
vt 0.822203 0.785071
vt 0.808466 0.791221
vt 0.814914 0.780872
vt 0.820247 0.769929
vt 0.822976 0.771059
vt 0.828073 0.773171
vt 0.796105 0.814832
vt 0.792760 0.810475
vt 0.802157 0.802157
vt 0.806081 0.806082
vt 0.791221 0.808466
vt 0.799844 0.799844
vt 0.773170 0.828074
vt 0.771059 0.822976
vt 0.782318 0.817433
vt 0.785071 0.822203
vt 0.769929 0.820247
vt 0.780872 0.814914
vt 0.747590 0.834928
vt 0.746870 0.829458
vt 0.759176 0.827009
vt 0.760604 0.832338
vt 0.746484 0.826529
vt 0.758412 0.824155
vt 0.769929 0.820247
vt 0.771059 0.822976
vt 0.773170 0.828073
vt 0.721107 0.834928
vt 0.721827 0.829458
vt 0.734348 0.830277
vt 0.734348 0.835795
vt 0.722212 0.826529
vt 0.734348 0.827323
vt 0.695526 0.828074
vt 0.697629 0.823000
vt 0.709516 0.827017
vt 0.708092 0.832338
vt 0.698596 0.820661
vt 0.710262 0.824210
vt 0.722212 0.826529
vt 0.721827 0.829458
vt 0.721107 0.834928
vt 0.686400 0.817397
vt 0.683625 0.822203
vt 0.688036 0.814564
vt 0.607530 0.831659
vt 0.621318 0.847378
vt 0.637038 0.861166
vt 0.586666 0.795520
vt 0.595915 0.814273
vt 0.575865 0.755213
vt 0.579947 0.775720
vt 0.575865 0.713484
vt 0.574500 0.734348
vt 0.586666 0.673176
vt 0.579946 0.692977
vt 0.607530 0.637038
vt 0.595915 0.654424
vt 0.637037 0.607531
vt 0.621318 0.621319
vt 0.673176 0.586666
vt 0.654424 0.595916
vt 0.713484 0.575866
vt 0.692976 0.579947
vt 0.755213 0.575866
vt 0.734348 0.574500
vt 0.795520 0.586666
vt 0.775720 0.579947
vt 0.831659 0.607530
vt 0.814272 0.595915
vt 0.861166 0.637038
vt 0.847378 0.621318
vt 0.882031 0.673176
vt 0.872781 0.654424
vt 0.892831 0.713484
vt 0.888750 0.692976
vt 0.892831 0.755213
vt 0.894196 0.734348
vt 0.882031 0.795520
vt 0.888750 0.775720
vt 0.861166 0.831659
vt 0.872781 0.814272
vt 0.831659 0.861166
vt 0.847378 0.847378
vt 0.795520 0.882031
vt 0.814272 0.872781
vt 0.755213 0.892831
vt 0.775720 0.888750
vt 0.713484 0.892831
vt 0.734348 0.894197
vt 0.673176 0.882031
vt 0.692976 0.888750
vt 0.654424 0.872781
vt 0.665122 0.787468
vt 0.670419 0.783403
vt 0.677261 0.791468
vt 0.672444 0.796315
vt 0.684503 0.799307
vt 0.679076 0.806380
vt 0.653732 0.767741
vt 0.659901 0.765185
vt 0.664564 0.774638
vt 0.658782 0.777977
vt 0.668108 0.761786
vt 0.670419 0.783403
vt 0.665122 0.787468
vt 0.647837 0.745738
vt 0.654457 0.744866
vt 0.656514 0.755204
vt 0.650065 0.756932
vt 0.663264 0.743707
vt 0.665094 0.752905
vt 0.647837 0.722959
vt 0.654457 0.723830
vt 0.653768 0.734348
vt 0.647091 0.734348
vt 0.663264 0.724990
vt 0.662651 0.734348
vt 0.653732 0.700956
vt 0.659901 0.703511
vt 0.656514 0.713493
vt 0.650065 0.711765
vt 0.665094 0.715792
vt 0.662317 0.679077
vt 0.669389 0.684504
vt 0.664423 0.693950
vt 0.658515 0.690515
vt 0.659901 0.703511
vt 0.653732 0.700956
vt 0.994468 0.888255
vt 0.985604 0.887092
vt 0.985395 0.876404
vt 0.992371 0.876405
vt 0.976741 0.885928
vt 0.976740 0.876405
vt 0.976741 0.866881
vt 0.985604 0.865717
vt 0.994468 0.864554
vt 0.700956 0.653732
vt 0.703511 0.659901
vt 0.693950 0.664423
vt 0.690515 0.658515
vt 0.684504 0.669390
vt 0.679076 0.662317
vt 0.722959 0.647837
vt 0.723830 0.654457
vt 0.713493 0.656514
vt 0.711764 0.650065
vt 0.724990 0.663264
vt 0.715792 0.665095
vt 0.706911 0.668108
vt 0.703511 0.659901
vt 0.700956 0.653733
vt 0.745737 0.647837
vt 0.744866 0.654457
vt 0.734348 0.653768
vt 0.734348 0.647092
vt 0.743707 0.663264
vt 0.734348 0.662652
vt 0.767740 0.653732
vt 0.765185 0.659901
vt 0.755204 0.656514
vt 0.756932 0.650065
vt 0.761786 0.668108
vt 0.752905 0.665095
vt 0.789620 0.662317
vt 0.784193 0.669390
vt 0.774746 0.664423
vt 0.778181 0.658515
vt 0.765185 0.659901
vt 0.994468 0.912644
vt 0.985604 0.911480
vt 0.985395 0.900793
vt 0.992371 0.900793
vt 0.976740 0.910317
vt 0.976740 0.900793
vt 0.976741 0.891269
vt 0.985604 0.890106
vt 0.994468 0.888942
vt 0.814964 0.700956
vt 0.808795 0.703511
vt 0.804273 0.693950
vt 0.810182 0.690515
vt 0.799307 0.684504
vt 0.806379 0.679076
vt 0.820860 0.722959
vt 0.814240 0.723830
vt 0.812182 0.713493
vt 0.818632 0.711765
vt 0.805432 0.724990
vt 0.803602 0.715792
vt 0.800588 0.706911
vt 0.808795 0.703511
vt 0.814964 0.700956
vt 0.820860 0.745738
vt 0.814240 0.744866
vt 0.814928 0.734348
vt 0.821605 0.734348
vt 0.805432 0.743707
vt 0.806045 0.734348
vt 0.814964 0.767740
vt 0.808795 0.765185
vt 0.812182 0.755204
vt 0.818632 0.756932
vt 0.800588 0.761786
vt 0.803602 0.752905
vt 0.806380 0.789620
vt 0.799307 0.784193
vt 0.804273 0.774746
vt 0.810182 0.778181
vt 0.808795 0.765185
vt 0.814964 0.767740
vt 0.979368 0.840165
vt 0.988232 0.841329
vt 0.988442 0.852016
vt 0.981465 0.852016
vt 0.997096 0.842492
vt 0.997096 0.852016
vt 0.997096 0.861540
vt 0.988232 0.862703
vt 0.979368 0.863867
vt 0.767740 0.814964
vt 0.765185 0.808795
vt 0.774746 0.804274
vt 0.778181 0.810182
vt 0.784193 0.799307
vt 0.789620 0.806380
vt 0.745738 0.820860
vt 0.744866 0.814240
vt 0.755204 0.812183
vt 0.756932 0.818632
vt 0.752905 0.803602
vt 0.761786 0.800588
vt 0.765185 0.808795
vt 0.767740 0.814964
vt 0.722959 0.820860
vt 0.723830 0.814240
vt 0.734348 0.814928
vt 0.734348 0.821605
vt 0.724990 0.805432
vt 0.734348 0.806045
vt 0.699603 0.818231
vt 0.703015 0.809994
vt 0.713425 0.812347
vt 0.711636 0.818943
vt 0.723830 0.814240
vt 0.722959 0.820860
vt 0.979368 0.913331
vt 0.988232 0.914494
vt 0.988442 0.925182
vt 0.981465 0.925182
vt 0.997096 0.915658
vt 0.997096 0.925182
vt 0.997096 0.934705
vt 0.988232 0.935869
vt 0.979368 0.937033
vt 0.976741 0.912987
vt 0.978054 0.913159
vt 0.978264 0.925182
vt 0.976740 0.925182
vt 0.978054 0.937204
vt 0.976741 0.937376
vt 0.699100 0.819446
vt 0.710776 0.822236
vt 0.722493 0.824398
vt 0.722493 0.824398
vt 0.734348 0.825173
vt 0.746203 0.824398
vt 0.757855 0.822079
vt 0.769106 0.818261
vt 0.769106 0.818261
vt 0.779864 0.813140
vt 0.790420 0.807423
vt 0.976740 0.839822
vt 0.978054 0.839993
vt 0.978264 0.852016
vt 0.976740 0.852016
vt 0.978054 0.864039
vt 0.976740 0.864210
vt 0.807423 0.790421
vt 0.813140 0.779865
vt 0.818261 0.769106
vt 0.818261 0.769106
vt 0.822078 0.757856
vt 0.824397 0.746203
vt 0.825173 0.734348
vt 0.824397 0.722493
vt 0.822078 0.710841
vt 0.818261 0.699591
vt 0.818261 0.699591
vt 0.813140 0.688832
vt 0.807423 0.678276
vt 0.997096 0.912987
vt 0.995782 0.912816
vt 0.995572 0.900793
vt 0.997096 0.900793
vt 0.995782 0.888770
vt 0.997096 0.888599
vt 0.790420 0.661273
vt 0.779864 0.655556
vt 0.769106 0.650436
vt 0.769106 0.650436
vt 0.757855 0.646618
vt 0.746203 0.644299
vt 0.734348 0.643523
vt 0.722493 0.644299
vt 0.710841 0.646618
vt 0.699590 0.650436
vt 0.699590 0.650436
vt 0.688832 0.655556
vt 0.678276 0.661274
vt 0.997096 0.888599
vt 0.995782 0.888427
vt 0.995572 0.876405
vt 0.997096 0.876405
vt 0.995782 0.864382
vt 0.997096 0.864210
vt 0.661273 0.678276
vt 0.655556 0.688832
vt 0.650436 0.699591
vt 0.650436 0.699591
vt 0.646618 0.710841
vt 0.644299 0.722493
vt 0.643523 0.734348
vt 0.644299 0.746204
vt 0.646618 0.757856
vt 0.650436 0.769106
vt 0.655691 0.779761
vt 0.662291 0.789640
vt 0.662291 0.789640
vt 0.670021 0.798707
vt 0.678276 0.807423
vt 0.667025 0.822085
vt 0.679054 0.830121
vt 0.672591 0.814832
vt 0.683625 0.822203
vt 0.695526 0.828074
vt 0.692027 0.836520
vt 0.705726 0.841169
vt 0.719913 0.843992
vt 0.734348 0.844937
vt 0.748783 0.843992
vt 0.762971 0.841169
vt 0.776669 0.836520
vt 0.789642 0.830121
vt 0.785071 0.822203
vt 0.796106 0.814832
vt 0.801671 0.822085
vt 0.812546 0.812546
vt 0.806081 0.806082
vt 0.814832 0.796106
vt 0.822085 0.801671
vt 0.830121 0.789643
vt 0.836520 0.776669
vt 0.841169 0.762971
vt 0.843992 0.748783
vt 0.844937 0.734348
vt 0.843992 0.719913
vt 0.841168 0.705726
vt 0.836520 0.692027
vt 0.830121 0.679054
vt 0.822203 0.683625
vt 0.814832 0.672591
vt 0.822085 0.667025
vt 0.812546 0.656150
vt 0.806081 0.662615
vt 0.796105 0.653865
vt 0.801671 0.646611
vt 0.789642 0.638576
vt 0.785071 0.646493
vt 0.776669 0.632176
vt 0.762971 0.627528
vt 0.748783 0.624704
vt 0.734348 0.623760
vt 0.719913 0.624705
vt 0.705726 0.627528
vt 0.692027 0.632177
vt 0.679054 0.638576
vt 0.672591 0.653865
vt 0.667025 0.646612
vt 0.656150 0.656150
vt 0.662615 0.662615
vt 0.653864 0.672591
vt 0.646611 0.667025
vt 0.638576 0.679054
vt 0.646493 0.683625
vt 0.632176 0.692027
vt 0.627528 0.705726
vt 0.624704 0.719914
vt 0.623760 0.734348
vt 0.624704 0.748783
vt 0.627528 0.762971
vt 0.632176 0.776669
vt 0.638576 0.789643
vt 0.646611 0.801671
vt 0.656150 0.812546
vt 0.662615 0.806082
vt 0.989236 0.654006
vt 0.989676 0.654309
vt 0.989676 0.685918
vt 0.989236 0.685918
vt 0.990117 0.654006
vt 0.990117 0.685918
vt 0.990117 0.717830
vt 0.989676 0.717528
vt 0.989236 0.717830
vt 0.989676 0.748535
vt 0.989236 0.748654
vt 0.990117 0.748654
vt 0.990117 0.779478
vt 0.989676 0.778592
vt 0.989236 0.779478
vt 0.989676 0.807026
vt 0.989236 0.807114
vt 0.990117 0.807114
vt 0.990117 0.834751
vt 0.989676 0.834751
vt 0.989236 0.834751
vt 0.988355 0.491956
vt 0.988795 0.491956
vt 0.988795 0.519681
vt 0.988355 0.519592
vt 0.989236 0.491956
vt 0.989236 0.519592
vt 0.989236 0.547229
vt 0.988795 0.548114
vt 0.988355 0.547229
vt 0.988795 0.578171
vt 0.988355 0.578053
vt 0.989236 0.578053
vt 0.989236 0.608877
vt 0.988795 0.609179
vt 0.988354 0.608877
vt 0.988795 0.640788
vt 0.988355 0.640788
vt 0.989236 0.640788
vt 0.989235 0.672700
vt 0.988795 0.672398
vt 0.988354 0.672700
vt 0.988795 0.703405
vt 0.988355 0.703524
vt 0.989236 0.703524
vt 0.989236 0.734348
vt 0.988795 0.733463
vt 0.988354 0.734348
vt 0.988795 0.761755
vt 0.988355 0.761985
vt 0.989236 0.761985
vt 0.989236 0.789621
vt 0.988795 0.788212
vt 0.988355 0.789621
vt 0.988795 0.812045
vt 0.988355 0.812186
vt 0.989236 0.812186
vt 0.989236 0.834751
vt 0.988795 0.834751
vt 0.988355 0.834751
vt 0.990600 0.297665
vt 0.990160 0.297665
vt 0.990160 0.269940
vt 0.990600 0.270028
vt 0.989719 0.297665
vt 0.989719 0.270028
vt 0.989719 0.242392
vt 0.990160 0.241507
vt 0.990600 0.242392
vt 0.990160 0.211449
vt 0.990600 0.211568
vt 0.989719 0.211568
vt 0.989719 0.180744
vt 0.990160 0.180442
vt 0.990600 0.180744
vt 0.990160 0.148832
vt 0.990600 0.148832
vt 0.989719 0.148832
vt 0.989719 0.116921
vt 0.990160 0.117223
vt 0.990600 0.116921
vt 0.990160 0.086215
vt 0.990600 0.086096
vt 0.989719 0.086096
vt 0.989719 0.055272
vt 0.990160 0.056158
vt 0.990600 0.055272
vt 0.990160 0.027725
vt 0.990600 0.027636
vt 0.989719 0.027636
vt 0.989719 0.000000
vt 0.990160 0.000000
vt 0.990600 0.000000
vt 0.485665 0.879880
vt 0.485225 0.879880
vt 0.485225 0.857175
vt 0.485665 0.857316
vt 0.484784 0.879880
vt 0.484784 0.857316
vt 0.484784 0.834751
vt 0.485225 0.833342
vt 0.485665 0.834751
vt 0.485225 0.806885
vt 0.485665 0.807114
vt 0.484784 0.807114
vt 0.484784 0.779478
vt 0.485225 0.778593
vt 0.485665 0.779478
vt 0.485225 0.748535
vt 0.485665 0.748654
vt 0.484784 0.748654
vt 0.484784 0.717830
vt 0.485225 0.717528
vt 0.485665 0.717830
vt 0.485225 0.685918
vt 0.485665 0.685918
vt 0.484784 0.685918
vt 0.484784 0.654007
vt 0.485225 0.654309
vt 0.485665 0.654007
vt 0.485225 0.623301
vt 0.485665 0.623183
vt 0.484784 0.623183
vt 0.484784 0.592358
vt 0.485225 0.593244
vt 0.485665 0.592358
vt 0.485225 0.564952
vt 0.485665 0.564722
vt 0.484784 0.564722
vt 0.484784 0.537086
vt 0.485225 0.538495
vt 0.485665 0.537086
vt 0.485225 0.514662
vt 0.485665 0.514521
vt 0.484784 0.514521
vt 0.484784 0.491956
vt 0.485225 0.491956
vt 0.485665 0.491956
vt 0.989236 0.491956
vt 0.989676 0.491956
vt 0.989676 0.514662
vt 0.989236 0.514521
vt 0.990117 0.491956
vt 0.990117 0.514521
vt 0.990117 0.537086
vt 0.989676 0.538495
vt 0.989236 0.537086
vt 0.989676 0.564951
vt 0.989236 0.564722
vt 0.990117 0.564722
vt 0.990117 0.592358
vt 0.989676 0.593244
vt 0.989236 0.592358
vt 0.989676 0.623301
vt 0.989236 0.623182
vt 0.990117 0.623182
s 1
usemtl bake.002
f 217/1/1 1468/2/2 3221/3/3 1492/4/4
f 1468/2/2 143/5/5 1323/6/6 3221/3/3
f 3221/3/3 1323/6/6 4/7/7 1445/8/8
f 1492/4/4 3221/3/3 1445/8/8 194/9/9
f 3/10/10 1062/11/11 3222/12/12 1068/13/13
f 1062/11/11 2/14/14 1069/15/15 3222/12/12
f 3222/12/12 1069/15/15 8/16/16 1067/17/17
f 1068/13/13 3222/12/12 1067/17/17 9/18/18
f 193/19/19 1420/20/20 3223/21/21 1444/22/22
f 1420/20/20 144/23/23 1322/24/24 3223/21/21
f 3223/21/21 1322/24/24 5/25/25 1397/26/26
f 1444/22/22 3223/21/21 1397/26/26 170/27/27
f 1/28/28 1320/29/29 3224/30/30 1070/31/31
f 1320/29/29 145/32/32 1324/33/33 3224/30/30
f 3224/30/30 1324/33/33 6/34/34 1065/35/35
f 1070/31/31 3224/30/30 1065/35/35 7/36/36
f 143/37/5 1319/38/37 3225/39/38 1323/6/6
f 76/40/39 1321/41/40 3225/39/38 1319/38/37
f 4/7/7 1323/42/6 3225/39/38 1321/43/40
f 2/44/14 1061/45/41 3226/46/42 1069/47/15
f 1061/45/41 1/28/28 1070/31/31 3226/46/42
f 3226/46/42 1070/31/31 7/36/36 1066/48/43
f 1069/47/15 3226/46/42 1066/48/43 8/49/16
f 7/36/36 1065/35/35 3227/50/44 1077/51/45
f 1065/35/35 6/34/34 1078/52/46 3227/50/44
f 3227/50/44 1078/52/46 12/53/47 1073/54/48
f 1077/51/45 3227/50/44 1073/54/48 13/55/49
f 4/7/7 1321/56/40 3228/57/50 1079/58/51
f 76/40/39 1325/59/52 3228/57/50 1321/60/40
f 10/61/53 1079/62/51 3228/57/50 1325/63/52
f 8/49/16 1066/48/43 3229/64/54 1080/65/55
f 1066/48/43 7/36/36 1077/51/45 3229/64/54
f 3229/64/54 1077/51/45 13/55/49 1074/66/56
f 1080/65/55 3229/64/54 1074/66/56 14/67/57
f 194/9/9 1445/8/8 3230/68/58 1491/69/59
f 1445/8/8 4/7/7 1079/70/51 3230/68/58
f 3230/68/58 1079/70/51 10/71/53 1446/72/60
f 1491/69/59 3230/68/58 1446/72/60 195/73/61
f 9/18/18 1067/17/17 3231/74/62 1076/75/63
f 1067/17/17 8/16/16 1080/65/55 3231/74/62
f 3231/74/62 1080/65/55 14/67/57 1075/76/64
f 1076/75/63 3231/74/62 1075/76/64 15/77/65
f 170/27/27 1397/26/26 3232/78/66 1443/79/67
f 1397/26/26 5/25/25 1081/80/68 3232/78/66
f 3232/78/66 1081/80/68 11/81/69 1398/82/70
f 1443/79/67 3232/78/66 1398/82/70 171/83/71
f 15/77/65 1075/76/64 3233/84/72 1087/85/73
f 1075/76/64 14/67/57 1088/86/74 3233/84/72
f 3233/84/72 1088/86/74 20/87/75 1086/88/76
f 1087/85/73 3233/84/72 1086/88/77 21/89/78
f 171/83/71 1398/82/70 3234/90/79 1442/91/80
f 1398/82/70 11/81/69 1090/92/81 3234/90/79
f 3234/90/79 1090/92/81 17/93/82 1399/94/83
f 1442/91/80 3234/90/79 1399/94/83 172/95/84
f 13/55/49 1073/54/48 3235/96/85 1091/97/86
f 1073/54/48 12/53/47 1089/98/87 3235/96/85
f 3235/96/85 1089/98/87 18/99/88 1084/100/89
f 1091/97/86 3235/96/85 1084/100/89 19/101/90
f 10/102/53 1325/63/52 3236/103/91 1092/104/92
f 76/40/39 1326/105/93 3236/103/91 1325/106/52
f 16/107/94 1092/108/92 3236/103/91 1326/105/93
f 14/67/57 1074/66/56 3237/109/95 1088/110/74
f 1074/66/56 13/55/49 1091/97/86 3237/109/95
f 3237/109/95 1091/97/86 19/101/90 1085/111/96
f 1088/110/74 3237/109/95 1085/111/96 20/112/75
f 195/73/61 1446/72/60 3238/113/97 1490/114/98
f 1446/72/60 10/71/53 1092/104/92 3238/113/97
f 3238/113/97 1092/104/92 16/115/94 1447/116/99
f 1490/114/98 3238/113/97 1447/116/99 196/117/100
f 16/118/94 1326/119/93 3239/120/101 1098/121/102
f 76/40/39 1327/122/103 3239/120/101 1326/119/93
f 22/123/104 1098/121/102 3239/120/101 1327/122/103
f 20/112/75 1085/111/96 3240/124/105 1099/125/106
f 1085/111/96 19/101/90 1100/126/107 3240/124/105
f 3240/124/105 1100/126/107 25/127/108 1096/128/109
f 1099/125/106 3240/124/105 1096/128/109 26/129/110
f 196/117/100 1447/116/99 3241/130/111 1489/131/112
f 1447/116/99 16/115/94 1098/132/102 3241/130/111
f 3241/130/111 1098/132/102 22/133/104 1448/134/113
f 1489/131/112 3241/130/111 1448/134/113 197/135/114
f 21/89/78 1086/88/77 3242/136/115 1102/137/116
f 1086/88/76 20/87/75 1099/138/106 3242/136/115
f 3242/136/115 1099/138/106 26/139/110 1097/140/117
f 1102/137/116 3242/136/115 1097/140/117 27/141/118
f 172/95/84 1399/94/83 3243/142/119 1441/143/120
f 1399/94/83 17/93/82 1101/144/121 3243/142/119
f 3243/142/119 1101/144/121 23/145/122 1400/146/123
f 1441/143/120 3243/142/119 1400/146/123 173/147/124
f 19/101/90 1084/100/89 3244/148/125 1100/126/107
f 1084/100/89 18/99/88 1103/149/126 3244/148/125
f 3244/148/125 1103/149/126 24/150/127 1095/151/128
f 1100/126/107 3244/148/125 1095/151/128 25/127/108
f 25/127/108 1095/151/128 3245/152/129 1110/153/130
f 1095/151/128 24/150/127 1111/154/131 3245/152/129
f 3245/152/129 1111/154/131 30/155/132 1106/156/133
f 1110/153/130 3245/152/129 1106/156/133 31/157/134
f 22/123/104 1327/122/103 3246/158/135 1112/159/136
f 76/40/39 1328/160/137 3246/158/135 1327/161/103
f 28/162/138 1112/159/136 3246/158/135 1328/163/137
f 26/129/110 1096/128/109 3247/164/139 1113/165/140
f 1096/128/109 25/127/108 1110/153/130 3247/164/139
f 3247/164/139 1110/153/130 31/157/134 1107/166/141
f 1113/165/140 3247/164/139 1107/166/141 32/167/142
f 197/135/114 1448/134/113 3248/168/143 1488/169/144
f 1448/134/113 22/133/104 1112/170/136 3248/168/143
f 3248/168/143 1112/170/136 28/171/138 1449/172/145
f 1488/169/144 3248/168/143 1449/172/145 198/173/146
f 27/141/118 1097/140/117 3249/174/147 1109/175/148
f 1097/140/117 26/139/110 1113/176/140 3249/174/147
f 3249/174/147 1113/176/140 32/167/142 1108/177/149
f 1109/175/148 3249/174/147 1108/177/149 33/178/150
f 173/147/124 1400/146/123 3250/179/151 1440/180/152
f 1400/146/123 23/145/122 1114/181/153 3250/179/151
f 3250/179/151 1114/181/153 29/182/154 1401/183/155
f 1440/180/152 3250/179/151 1401/183/155 174/184/156
f 198/173/146 1449/172/145 3251/185/157 1487/186/158
f 1449/172/145 28/171/138 1121/187/159 3251/185/157
f 3251/185/157 1121/187/159 34/188/160 1450/189/161
f 1487/186/158 3251/185/157 1450/189/161 199/190/162
f 33/178/150 1108/177/149 3252/191/163 1122/192/164
f 1108/177/149 32/167/142 1123/193/165 3252/191/163
f 3252/191/163 1123/193/165 38/194/166 1119/195/167
f 1122/192/164 3252/191/163 1119/195/167 39/196/168
f 174/184/156 1401/183/155 3253/197/169 1439/198/170
f 1401/183/155 29/182/154 1120/199/171 3253/197/169
f 3253/197/169 1120/199/171 35/200/172 1402/201/173
f 1439/198/170 3253/197/169 1402/201/173 175/202/174
f 31/157/134 1106/156/133 3254/203/175 1125/204/176
f 1106/156/133 30/155/132 1124/205/177 3254/203/175
f 3254/203/175 1124/205/177 36/206/178 1117/207/179
f 1125/204/176 3254/203/175 1117/207/179 37/208/180
f 28/209/138 1328/210/137 3255/211/181 1121/212/159
f 76/40/39 1329/213/182 3255/211/181 1328/214/137
f 34/215/160 1121/216/159 3255/211/181 1329/217/182
f 32/167/142 1107/166/141 3256/218/183 1123/193/165
f 1107/166/141 31/157/134 1125/204/176 3256/218/183
f 3256/218/183 1125/204/176 37/208/180 1118/219/184
f 1123/193/165 3256/218/183 1118/219/184 38/194/166
f 34/220/160 1329/221/182 3257/222/185 1131/223/186
f 76/40/39 1330/224/187 3257/222/185 1329/225/182
f 40/226/188 1131/227/186 3257/222/185 1330/224/187
f 38/194/166 1118/219/184 3258/228/189 1132/229/190
f 1118/219/184 37/208/180 1133/230/191 3258/228/189
f 3258/228/189 1133/230/191 43/231/192 1129/232/193
f 1132/229/190 3258/228/189 1129/232/193 44/233/194
f 199/190/162 1450/189/161 3259/234/195 1486/235/196
f 1450/189/161 34/188/160 1131/236/186 3259/234/195
f 3259/234/195 1131/236/186 40/237/188 1451/238/197
f 1486/235/196 3259/234/195 1451/238/197 200/239/198
f 39/196/168 1119/195/167 3260/240/199 1135/241/200
f 1119/195/167 38/194/166 1132/242/190 3260/240/199
f 3260/240/199 1132/242/190 44/243/201 1130/244/202
f 1135/241/200 3260/240/199 1130/244/202 45/245/203
f 175/202/174 1402/201/173 3261/246/204 1438/247/205
f 1402/201/173 35/200/172 1134/248/206 3261/246/204
f 3261/246/204 1134/248/206 41/249/207 1403/250/208
f 1438/247/205 3261/246/204 1403/250/208 176/251/209
f 37/208/180 1117/207/179 3262/252/210 1133/230/191
f 1117/207/179 36/206/178 1136/253/211 3262/252/210
f 3262/252/210 1136/253/211 42/254/212 1128/255/213
f 1133/230/191 3262/252/210 1128/255/213 43/231/192
f 176/251/209 1403/250/208 3263/256/214 1437/257/215
f 1403/250/208 41/249/207 1143/258/216 3263/256/214
f 3263/256/214 1143/258/216 47/259/217 1404/260/218
f 1437/257/215 3263/256/214 1404/260/218 177/261/219
f 43/231/192 1128/255/213 3264/262/220 1145/263/221
f 1128/255/213 42/254/212 1142/264/222 3264/262/220
f 3264/262/220 1142/264/222 48/265/223 1139/266/224
f 1145/263/221 3264/262/220 1139/266/224 49/267/225
f 40/237/188 1330/224/187 3265/268/226 1146/269/227
f 76/40/39 1331/270/228 3265/268/226 1330/271/187
f 46/272/229 1146/273/227 3265/268/226 1331/274/228
f 44/233/194 1129/232/193 3266/275/230 1147/276/231
f 1129/232/193 43/231/192 1145/263/221 3266/275/230
f 3266/275/230 1145/263/221 49/267/225 1140/277/232
f 1147/276/231 3266/275/230 1140/277/232 50/278/233
f 200/239/198 1451/238/197 3267/279/234 1485/280/235
f 1451/238/197 40/237/188 1146/281/227 3267/279/234
f 3267/279/234 1146/281/227 46/282/229 1452/283/236
f 1485/280/235 3267/279/234 1452/283/236 201/284/237
f 45/245/203 1130/244/202 3268/285/238 1144/286/239
f 1130/244/202 44/243/201 1147/287/240 3268/285/238
f 3268/285/238 1147/287/240 50/288/241 1141/289/242
f 1144/286/239 3268/285/238 1141/289/242 51/290/243
f 201/284/237 1452/283/236 3269/291/244 1484/292/245
f 1452/283/236 46/282/229 1154/293/246 3269/291/244
f 3269/291/244 1154/293/246 52/294/247 1453/295/248
f 1484/292/245 3269/291/244 1453/295/248 202/296/249
f 51/290/243 1141/289/242 3270/297/250 1155/298/251
f 1141/289/242 50/288/241 1156/299/252 3270/297/250
f 3270/297/250 1156/299/252 56/300/253 1152/301/254
f 1155/298/251 3270/297/250 1152/301/254 57/302/255
f 177/261/219 1404/260/218 3271/303/256 1436/304/257
f 1404/260/218 47/259/217 1153/305/258 3271/303/256
f 3271/303/256 1153/305/258 53/306/259 1405/307/260
f 1436/304/257 3271/303/256 1405/307/260 178/308/261
f 49/267/225 1139/266/224 3272/309/262 1158/310/263
f 1139/266/224 48/265/223 1157/311/264 3272/309/262
f 3272/309/262 1157/311/264 54/312/265 1150/313/266
f 1158/310/263 3272/309/262 1150/313/266 55/314/267
f 46/315/229 1331/316/228 3273/317/268 1154/318/246
f 76/40/39 1332/319/269 3273/317/268 1331/274/228
f 52/320/247 1154/321/246 3273/317/268 1332/319/269
f 50/278/233 1140/277/232 3274/322/270 1156/323/271
f 1140/277/232 49/267/225 1158/310/263 3274/322/270
f 3274/322/270 1158/310/263 55/314/267 1151/324/272
f 1156/323/271 3274/322/270 1151/324/272 56/325/253
f 55/314/267 1150/313/266 3275/326/273 1164/327/274
f 1150/313/266 54/312/265 1165/328/275 3275/326/273
f 3275/326/273 1165/328/275 60/329/276 1161/330/277
f 1164/327/274 3275/326/273 1161/330/277 61/331/278
f 52/320/247 1332/332/269 3276/333/279 1166/334/280
f 76/40/39 1333/335/281 3276/333/279 1332/336/269
f 58/337/282 1166/338/280 3276/333/279 1333/335/281
f 56/325/253 1151/324/272 3277/339/283 1167/340/284
f 1151/324/272 55/314/267 1164/327/274 3277/339/283
f 3277/339/283 1164/327/274 61/331/278 1162/341/285
f 1167/340/284 3277/339/283 1162/341/285 62/342/286
f 202/296/249 1453/295/248 3278/343/287 1483/344/288
f 1453/295/248 52/294/247 1166/345/280 3278/343/287
f 3278/343/287 1166/345/280 58/346/282 1454/347/289
f 1483/344/288 3278/343/287 1454/347/289 203/348/290
f 57/302/255 1152/301/254 3279/349/291 1169/350/292
f 1152/301/254 56/300/253 1167/351/284 3279/349/291
f 3279/349/291 1167/351/284 62/342/286 1163/352/293
f 1169/350/292 3279/349/291 1163/352/293 63/353/294
f 178/308/261 1405/307/260 3280/354/295 1435/355/296
f 1405/307/260 53/306/259 1168/356/297 3280/354/295
f 3280/354/295 1168/356/297 59/357/298 1406/358/299
f 1435/355/296 3280/354/295 1406/358/299 179/359/300
f 179/359/300 1406/358/299 3281/360/301 1434/361/302
f 1406/358/299 59/357/298 1176/362/303 3281/360/301
f 3281/360/301 1176/362/303 65/363/304 1407/364/305
f 1434/361/302 3281/360/301 1407/364/305 180/365/306
f 61/331/278 1161/330/277 3282/366/307 1178/367/308
f 1161/330/277 60/329/276 1175/368/309 3282/366/307
f 3282/366/307 1175/368/309 66/369/310 1172/370/311
f 1178/367/308 3282/366/307 1172/370/311 67/371/312
f 58/372/282 1333/373/281 3283/374/313 1179/375/314
f 76/40/39 1334/376/315 3283/374/313 1333/377/281
f 64/378/316 1179/379/314 3283/374/313 1334/380/315
f 62/342/286 1162/341/285 3284/381/317 1180/382/318
f 1162/341/285 61/331/278 1178/367/308 3284/381/317
f 3284/381/317 1178/367/308 67/371/312 1173/383/319
f 1180/382/318 3284/381/317 1173/383/319 68/384/320
f 203/348/290 1454/347/289 3285/385/321 1482/386/322
f 1454/347/289 58/346/282 1179/379/314 3285/385/321
f 3285/385/321 1179/379/314 64/387/316 1455/388/323
f 1482/386/322 3285/385/321 1455/388/323 204/389/324
f 63/353/294 1163/352/293 3286/390/325 1177/391/326
f 1163/352/293 62/342/286 1180/392/318 3286/390/325
f 3286/390/325 1180/392/318 68/393/320 1174/394/327
f 1177/391/326 3286/390/325 1174/394/327 69/395/328
f 68/384/320 1173/383/319 3287/396/329 1186/397/330
f 1173/383/319 67/371/312 1187/398/331 3287/396/329
f 3287/396/329 1187/398/331 73/399/332 1184/400/333
f 1186/397/330 3287/396/329 1184/400/333 74/401/334
f 204/389/324 1455/388/323 3288/402/335 1481/403/336
f 1455/388/323 64/387/316 1189/404/337 3288/402/335
f 3288/402/335 1189/404/337 70/405/338 1456/406/339
f 1481/403/336 3288/402/335 1456/406/339 205/407/340
f 69/395/328 1174/394/327 3289/408/341 1190/409/342
f 1174/394/327 68/393/320 1186/410/330 3289/408/341
f 3289/408/341 1186/410/330 74/411/334 1185/412/343
f 1190/409/342 3289/408/341 1185/412/343 75/413/344
f 180/365/306 1407/364/305 3290/414/345 1433/415/346
f 1407/364/305 65/363/304 1188/416/347 3290/414/345
f 3290/414/345 1188/416/347 71/417/348 1408/418/349
f 1433/415/346 3290/414/345 1408/418/349 181/419/350
f 67/371/312 1172/370/311 3291/420/351 1187/398/331
f 1172/370/311 66/369/310 1191/421/352 3291/420/351
f 3291/420/351 1191/421/352 72/422/353 1183/423/354
f 1187/398/331 3291/420/351 1183/423/354 73/399/332
f 64/424/316 1334/425/315 3292/426/355 1189/427/337
f 76/40/39 1335/428/356 3292/426/355 1334/376/315
f 70/429/338 1189/430/337 3292/426/355 1335/431/356
f 73/399/332 1183/423/354 3293/432/357 1198/433/358
f 1183/423/354 72/422/353 1199/434/359 3293/432/357
f 3293/432/357 1199/434/359 79/435/360 1195/436/361
f 1198/433/358 3293/432/357 1195/436/361 80/437/362
f 70/438/338 1335/439/356 3294/440/363 1200/441/364
f 76/40/39 1192/442/365 3294/440/363 1335/443/356
f 77/444/366 1200/441/364 3294/440/363 1192/445/365
f 74/401/334 1184/400/333 3295/446/367 1201/447/368
f 1184/400/333 73/399/332 1198/433/358 3295/446/367
f 3295/446/367 1198/433/358 80/437/362 1196/448/369
f 1201/447/368 3295/446/367 1196/448/369 81/449/370
f 205/407/340 1456/406/339 3296/450/371 1480/451/372
f 1456/406/339 70/405/338 1200/452/364 3296/450/371
f 3296/450/371 1200/452/364 77/453/366 1457/454/373
f 1480/451/372 3296/450/371 1457/454/373 206/455/374
f 75/413/344 1185/412/343 3297/456/375 1203/457/376
f 1185/412/343 74/411/334 1201/458/368 3297/456/375
f 3297/456/375 1201/458/368 81/459/370 1197/460/377
f 1203/457/376 3297/456/375 1197/460/377 82/461/378
f 181/419/350 1408/418/349 3298/462/379 1432/463/380
f 1408/418/349 71/417/348 1202/464/381 3298/462/379
f 3298/462/379 1202/464/381 78/465/382 1409/466/383
f 1432/463/380 3298/462/379 1409/466/383 182/467/384
f 82/461/378 1197/460/377 3299/468/385 1209/469/386
f 1197/460/377 81/459/370 1210/470/387 3299/468/385
f 3299/468/385 1210/470/387 87/471/388 1208/472/389
f 1209/469/386 3299/468/385 1208/472/389 88/473/390
f 182/467/384 1409/466/383 3300/474/391 1431/475/392
f 1409/466/383 78/465/382 1212/476/393 3300/474/391
f 3300/474/391 1212/476/393 84/477/394 1410/478/395
f 1431/475/392 3300/474/391 1410/478/395 183/479/396
f 80/437/362 1195/436/361 3301/480/397 1213/481/398
f 1195/436/361 79/435/360 1211/482/399 3301/480/397
f 3301/480/397 1211/482/399 85/483/400 1206/484/401
f 1213/481/398 3301/480/397 1206/484/401 86/485/402
f 77/486/366 1192/445/365 3302/487/403 1214/488/404
f 76/40/39 1336/489/405 3302/487/403 1192/445/365
f 83/490/406 1214/491/404 3302/487/403 1336/492/405
f 81/449/370 1196/448/369 3303/493/407 1210/494/387
f 1196/448/369 80/437/362 1213/481/398 3303/493/407
f 3303/493/407 1213/481/398 86/485/402 1207/495/408
f 1210/494/387 3303/493/407 1207/495/408 87/496/388
f 206/455/374 1457/454/373 3304/497/409 1479/498/410
f 1457/454/373 77/453/366 1214/488/404 3304/497/409
f 3304/497/409 1214/488/404 83/499/406 1458/500/411
f 1479/498/410 3304/497/409 1458/500/411 207/501/412
f 87/496/388 1207/495/408 3305/502/413 1220/503/414
f 1207/495/408 86/485/402 1221/504/415 3305/502/413
f 3305/502/413 1221/504/415 92/505/416 1218/506/417
f 1220/503/414 3305/502/413 1218/506/417 93/507/418
f 207/501/412 1458/500/411 3306/508/419 1478/509/420
f 1458/500/411 83/499/406 1223/510/421 3306/508/419
f 3306/508/419 1223/510/421 89/511/422 1459/512/423
f 1478/509/420 3306/508/419 1459/512/423 208/513/424
f 88/473/390 1208/472/389 3307/514/425 1224/515/426
f 1208/472/389 87/471/388 1220/503/414 3307/514/425
f 3307/514/425 1220/503/414 93/516/418 1219/517/427
f 1224/515/426 3307/514/425 1219/517/427 94/518/428
f 183/479/396 1410/478/395 3308/519/429 1430/520/430
f 1410/478/395 84/477/394 1222/521/431 3308/519/429
f 3308/519/429 1222/521/431 90/522/432 1411/523/433
f 1430/520/430 3308/519/429 1411/523/433 184/524/434
f 86/485/402 1206/484/401 3309/525/435 1221/504/415
f 1206/484/401 85/483/400 1225/526/436 3309/525/435
f 3309/525/435 1225/526/436 91/527/437 1217/528/438
f 1221/504/415 3309/525/435 1217/528/438 92/505/416
f 83/499/406 1336/492/405 3310/529/439 1223/530/421
f 76/40/39 1337/531/440 3310/529/439 1336/489/405
f 89/511/422 1223/530/421 3310/529/439 1337/532/440
f 92/505/416 1217/528/438 3311/533/441 1232/534/442
f 1217/528/438 91/527/437 1233/535/443 3311/533/441
f 3311/533/441 1233/535/443 97/536/444 1228/537/445
f 1232/534/442 3311/533/441 1228/537/445 98/538/446
f 89/539/422 1337/531/440 3312/540/447 1234/541/448
f 76/40/39 1338/542/449 3312/540/447 1337/531/440
f 95/543/450 1234/544/448 3312/540/447 1338/542/449
f 93/507/418 1218/506/417 3313/545/451 1235/546/452
f 1218/506/417 92/505/416 1232/534/442 3313/545/451
f 3313/545/451 1232/534/442 98/538/446 1229/547/453
f 1235/546/452 3313/545/451 1229/547/453 99/548/454
f 208/513/424 1459/512/423 3314/549/455 1477/550/456
f 1459/512/423 89/511/422 1234/544/448 3314/549/455
f 3314/549/455 1234/544/448 95/551/450 1460/552/457
f 1477/550/456 3314/549/455 1460/552/457 209/553/458
f 94/518/428 1219/517/427 3315/554/459 1231/555/460
f 1219/517/427 93/516/418 1235/556/452 3315/554/459
f 3315/554/459 1235/556/452 99/557/454 1230/558/461
f 1231/555/460 3315/554/459 1230/558/461 100/559/462
f 184/524/434 1411/523/433 3316/560/463 1429/561/464
f 1411/523/433 90/522/432 1236/562/465 3316/560/463
f 3316/560/463 1236/562/465 96/563/466 1412/564/467
f 1429/561/464 3316/560/463 1412/564/467 185/565/468
f 100/559/462 1230/558/461 3317/566/469 1242/567/470
f 1230/558/461 99/557/454 1243/568/471 3317/566/469
f 3317/566/469 1243/568/471 105/569/472 1241/570/473
f 1242/567/470 3317/566/469 1241/570/473 106/571/474
f 185/565/468 1412/564/467 3318/572/475 1428/573/476
f 1412/564/467 96/563/466 1245/574/477 3318/572/475
f 3318/572/475 1245/574/477 102/575/478 1413/576/479
f 1428/573/476 3318/572/475 1413/576/479 186/577/480
f 98/538/446 1228/537/445 3319/578/481 1246/579/482
f 1228/537/445 97/536/444 1244/580/483 3319/578/481
f 3319/578/481 1244/580/483 103/581/484 1239/582/485
f 1246/579/482 3319/578/481 1239/582/485 104/583/486
f 95/584/450 1338/585/449 3320/586/487 1247/587/488
f 76/40/39 1339/588/489 3320/586/487 1338/589/449
f 101/590/490 1247/591/488 3320/586/487 1339/592/489
f 99/548/454 1229/547/453 3321/593/491 1243/594/471
f 1229/547/453 98/538/446 1246/579/482 3321/593/491
f 3321/593/491 1246/579/482 104/583/486 1240/595/492
f 1243/594/471 3321/593/491 1240/595/492 105/596/472
f 209/553/458 1460/552/457 3322/597/493 1476/598/494
f 1460/552/457 95/551/450 1247/599/488 3322/597/493
f 3322/597/493 1247/599/488 101/600/490 1461/601/495
f 1476/598/494 3322/597/493 1461/601/495 210/602/496
f 105/596/472 1240/595/492 3323/603/497 1253/604/498
f 1240/595/492 104/583/486 1254/605/499 3323/603/497
f 3323/603/497 1254/605/499 110/606/500 1251/607/501
f 1253/604/498 3323/603/497 1251/607/501 111/608/502
f 210/602/496 1461/601/495 3324/609/503 1475/610/504
f 1461/601/495 101/600/490 1256/611/505 3324/609/503
f 3324/609/503 1256/611/505 107/612/506 1462/613/507
f 1475/610/504 3324/609/503 1462/613/507 211/614/508
f 106/571/474 1241/570/473 3325/615/509 1257/616/510
f 1241/570/473 105/569/472 1253/604/498 3325/615/509
f 3325/615/509 1253/604/498 111/617/502 1252/618/511
f 1257/616/510 3325/615/509 1252/618/511 112/619/512
f 186/577/480 1413/576/479 3326/620/513 1427/621/514
f 1413/576/479 102/575/478 1255/622/515 3326/620/513
f 3326/620/513 1255/622/515 108/623/516 1414/624/517
f 1427/621/514 3326/620/513 1414/624/517 187/625/518
f 104/583/486 1239/582/485 3327/626/519 1254/605/499
f 1239/582/485 103/581/484 1258/627/520 3327/626/519
f 3327/626/519 1258/627/520 109/628/521 1250/629/522
f 1254/605/499 3327/626/519 1250/629/522 110/606/500
f 101/590/490 1339/630/489 3328/631/523 1256/632/505
f 76/40/39 1340/633/524 3328/631/523 1339/588/489
f 107/634/506 1256/632/505 3328/631/523 1340/635/524
f 110/606/500 1250/629/522 3329/636/525 1265/637/526
f 1250/629/522 109/628/521 1266/638/527 3329/636/525
f 3329/636/525 1266/638/527 115/639/528 1261/640/529
f 1265/637/526 3329/636/525 1261/640/529 116/641/530
f 107/634/506 1340/642/524 3330/643/531 1267/644/532
f 76/40/39 1341/645/533 3330/643/531 1340/633/524
f 113/646/534 1267/647/532 3330/643/531 1341/648/533
f 111/608/502 1251/607/501 3331/649/535 1268/650/536
f 1251/607/501 110/606/500 1265/637/526 3331/649/535
f 3331/649/535 1265/637/526 116/641/530 1262/651/537
f 1268/650/536 3331/649/535 1262/651/537 117/652/538
f 211/614/508 1462/613/507 3332/653/539 1474/654/540
f 1462/613/507 107/612/506 1267/655/532 3332/653/539
f 3332/653/539 1267/655/532 113/656/534 1463/657/541
f 1474/654/540 3332/653/539 1463/657/541 212/658/542
f 112/619/512 1252/618/511 3333/659/543 1264/660/544
f 1252/618/511 111/617/502 1268/661/536 3333/659/543
f 3333/659/543 1268/661/536 117/662/538 1263/663/545
f 1264/660/544 3333/659/543 1263/663/545 118/664/546
f 187/625/518 1414/624/517 3334/665/547 1426/666/548
f 1414/624/517 108/623/516 1269/667/549 3334/665/547
f 3334/665/547 1269/667/549 114/668/550 1415/669/551
f 1426/666/548 3334/665/547 1415/669/551 188/670/552
f 118/664/546 1263/663/545 3335/671/553 1275/672/554
f 1263/663/545 117/662/538 1276/673/555 3335/671/553
f 3335/671/553 1276/673/555 123/674/556 1274/675/557
f 1275/672/554 3335/671/553 1274/675/557 124/676/558
f 188/670/552 1415/669/551 3336/677/559 1425/678/560
f 1415/669/551 114/668/550 1278/679/561 3336/677/559
f 3336/677/559 1278/679/561 120/680/562 1416/681/563
f 1425/678/560 3336/677/559 1416/681/563 189/682/564
f 116/641/530 1261/640/529 3337/683/565 1279/684/566
f 1261/640/529 115/639/528 1277/685/567 3337/683/565
f 3337/683/565 1277/685/567 121/686/568 1272/687/569
f 1279/684/566 3337/683/565 1272/687/569 122/688/570
f 113/689/534 1341/690/533 3338/691/571 1280/692/572
f 76/40/39 1342/693/573 3338/691/571 1341/690/533
f 119/694/574 1280/695/572 3338/691/571 1342/696/573
f 117/652/538 1262/651/537 3339/697/575 1276/698/555
f 1262/651/537 116/641/530 1279/684/566 3339/697/575
f 3339/697/575 1279/684/566 122/688/570 1273/699/576
f 1276/698/555 3339/697/575 1273/699/576 123/700/577
f 212/658/542 1463/657/541 3340/701/578 1473/702/579
f 1463/657/541 113/656/534 1280/703/572 3340/701/578
f 3340/701/578 1280/703/572 119/704/574 1464/705/580
f 1473/702/579 3340/701/578 1464/705/580 213/706/581
f 119/707/574 1342/696/573 3341/708/582 1286/709/583
f 76/40/39 1343/710/584 3341/708/582 1342/711/573
f 125/712/585 1286/709/583 3341/708/582 1343/710/584
f 123/700/577 1273/699/576 3342/713/586 1287/714/587
f 1273/699/576 122/688/570 1288/715/588 3342/713/586
f 3342/713/586 1288/715/588 128/716/589 1284/717/590
f 1287/714/587 3342/713/586 1284/717/590 129/718/591
f 213/706/581 1464/705/580 3343/719/592 1472/720/593
f 1464/705/580 119/704/574 1286/721/583 3343/719/592
f 3343/719/592 1286/721/583 125/722/585 1465/723/594
f 1472/720/593 3343/719/592 1465/723/594 214/724/595
f 124/676/558 1274/675/557 3344/725/596 1290/726/597
f 1274/675/557 123/674/556 1287/727/587 3344/725/596
f 3344/725/596 1287/727/587 129/728/591 1285/729/598
f 1290/726/597 3344/725/596 1285/729/598 130/730/599
f 189/682/564 1416/681/563 3345/731/600 1424/732/601
f 1416/681/563 120/680/562 1289/733/602 3345/731/600
f 3345/731/600 1289/733/602 126/734/603 1417/735/604
f 1424/732/601 3345/731/600 1417/735/604 190/736/605
f 122/688/570 1272/687/569 3346/737/606 1288/715/588
f 1272/687/569 121/686/568 1291/738/607 3346/737/606
f 3346/737/606 1291/738/607 127/739/608 1283/740/609
f 1288/715/588 3346/737/606 1283/740/609 128/716/589
f 128/716/589 1283/740/609 3347/741/610 1298/742/611
f 1283/740/609 127/739/608 1299/743/612 3347/741/610
f 3347/741/610 1299/743/612 133/744/613 1294/745/614
f 1298/742/611 3347/741/610 1294/745/614 134/746/615
f 125/747/585 1343/748/584 3348/749/616 1300/750/617
f 76/40/39 1344/751/618 3348/749/616 1343/748/584
f 131/752/619 1300/753/617 3348/749/616 1344/754/618
f 129/718/591 1284/717/590 3349/755/620 1301/756/621
f 1284/717/590 128/716/589 1298/742/611 3349/755/620
f 3349/755/620 1298/742/611 134/746/615 1295/757/622
f 1301/756/621 3349/755/620 1295/757/622 135/758/623
f 214/724/595 1465/723/594 3350/759/624 1471/760/625
f 1465/723/594 125/722/585 1300/761/617 3350/759/624
f 3350/759/624 1300/761/617 131/762/619 1466/763/626
f 1471/760/625 3350/759/624 1466/763/626 215/764/627
f 130/730/599 1285/729/598 3351/765/628 1297/766/629
f 1285/729/598 129/728/591 1301/767/621 3351/765/628
f 3351/765/628 1301/767/621 135/768/623 1296/769/630
f 1297/766/629 3351/765/628 1296/769/630 136/770/631
f 190/736/605 1417/735/604 3352/771/632 1423/772/633
f 1417/735/604 126/734/603 1302/773/634 3352/771/632
f 3352/771/632 1302/773/634 132/774/635 1418/775/636
f 1423/772/633 3352/771/632 1418/775/636 191/776/637
f 215/764/627 1466/763/626 3353/777/638 1470/778/639
f 1466/763/626 131/762/619 1309/779/640 3353/777/638
f 3353/777/638 1309/779/640 137/780/641 1467/781/642
f 1470/778/639 3353/777/638 1467/781/642 216/782/643
f 136/770/631 1296/769/630 3354/783/644 1310/784/645
f 1296/769/630 135/768/623 1311/785/646 3354/783/644
f 3354/783/644 1311/785/646 141/786/647 1307/787/648
f 1310/784/645 3354/783/644 1307/787/648 142/788/649
f 191/776/637 1418/775/636 3355/789/650 1422/790/651
f 1418/775/636 132/774/635 1308/791/652 3355/789/650
f 3355/789/650 1308/791/652 138/792/653 1419/793/654
f 1422/790/651 3355/789/650 1419/793/654 192/794/655
f 134/746/615 1294/745/614 3356/795/656 1313/796/657
f 1294/745/614 133/744/613 1312/797/658 3356/795/656
f 3356/795/656 1312/797/658 139/798/659 1305/799/660
f 1313/796/657 3356/795/656 1305/799/660 140/800/661
f 131/752/619 1344/801/618 3357/802/662 1309/803/640
f 76/40/39 1345/804/663 3357/802/662 1344/801/618
f 137/780/641 1309/803/640 3357/802/662 1345/804/663
f 135/758/623 1295/757/622 3358/805/664 1311/806/646
f 1295/757/622 134/746/615 1313/796/657 3358/805/664
f 3358/805/664 1313/796/657 140/800/661 1306/807/665
f 1311/806/646 3358/805/664 1306/807/665 141/808/647
f 137/780/641 1345/804/663 3359/809/666 1316/810/667
f 76/40/39 1319/811/37 3359/809/666 1345/812/663
f 143/37/5 1316/813/667 3359/809/666 1319/811/37
f 141/808/647 1306/807/665 3360/814/668 1346/815/669
f 1306/807/665 140/800/661 1347/816/670 3360/814/668
f 3360/814/668 1347/816/670 1/28/28 1061/45/41
f 1346/815/669 3360/814/668 1061/45/41 2/44/14
f 216/782/643 1467/781/642 3361/817/671 1469/818/672
f 1467/781/642 137/780/641 1316/819/667 3361/817/671
f 3361/817/671 1316/819/667 143/5/5 1468/2/2
f 1469/818/672 3361/817/671 1468/2/2 217/1/1
f 142/788/649 1307/787/648 3362/820/673 1348/821/674
f 1307/787/648 141/786/647 1346/822/669 3362/820/673
f 3362/820/673 1346/822/669 2/14/14 1062/11/11
f 1348/821/674 3362/820/673 1062/11/11 3/10/10
f 192/794/655 1419/793/654 3363/823/675 1421/824/676
f 1419/793/654 138/792/653 1317/825/677 3363/823/675
f 3363/823/675 1317/825/677 144/23/23 1420/20/20
f 1421/824/676 3363/823/675 1420/20/20 193/19/19
f 140/800/661 1305/799/660 3364/826/678 1347/816/670
f 1305/799/660 139/798/659 1318/827/679 3364/826/678
f 3364/826/678 1318/827/679 145/32/32 1320/29/29
f 1347/816/670 3364/826/678 1320/29/29 1/28/28
f 264/828/680 1563/829/681 3365/830/682 1588/831/683
f 1563/829/681 168/832/684 1373/833/685 3365/830/682
f 3365/830/682 1373/833/685 169/834/686 1564/835/687
f 1588/831/683 3365/830/682 1564/835/687 265/836/688
f 263/837/689 1562/838/690 3366/839/691 1587/840/692
f 1562/838/690 167/841/693 1374/842/694 3366/839/691
f 3366/839/691 1374/842/694 168/832/684 1563/829/681
f 1587/840/692 3366/839/691 1563/829/681 264/828/680
f 262/843/695 1561/844/696 3367/845/697 1586/846/698
f 1561/844/696 166/847/699 1375/848/700 3367/845/697
f 3367/845/697 1375/848/700 167/841/693 1562/838/690
f 1586/846/698 3367/845/697 1562/838/690 263/837/689
f 261/849/701 1560/850/702 3368/851/703 1585/852/704
f 1560/850/702 165/853/705 1376/854/706 3368/851/703
f 3368/851/703 1376/854/706 166/847/699 1561/844/696
f 1585/852/704 3368/851/703 1561/844/696 262/843/695
f 260/855/707 1559/856/708 3369/857/709 1584/858/710
f 1559/856/708 164/859/711 1377/860/712 3369/857/709
f 3369/857/709 1377/860/712 165/853/705 1560/850/702
f 1584/858/710 3369/857/709 1560/850/702 261/849/701
f 259/861/713 1558/862/714 3370/863/715 1583/864/716
f 1558/862/714 163/865/717 1378/866/718 3370/863/715
f 3370/863/715 1378/866/718 164/859/711 1559/856/708
f 1583/864/716 3370/863/715 1559/856/708 260/855/707
f 258/867/719 1557/868/720 3371/869/721 1582/870/722
f 1557/868/720 162/871/723 1379/872/724 3371/869/721
f 3371/869/721 1379/872/724 163/865/717 1558/862/714
f 1582/870/722 3371/869/721 1558/862/714 259/861/713
f 257/873/725 1556/874/726 3372/875/727 1581/876/728
f 1556/874/726 161/877/729 1380/878/730 3372/875/727
f 3372/875/727 1380/878/730 162/871/723 1557/868/720
f 1581/876/728 3372/875/727 1557/868/720 258/867/719
f 256/879/731 1555/880/732 3373/881/733 1580/882/734
f 1555/880/732 160/883/735 1381/884/736 3373/881/733
f 3373/881/733 1381/884/736 161/877/729 1556/874/726
f 1580/882/734 3373/881/733 1556/874/726 257/873/725
f 255/885/737 1554/886/738 3374/887/739 1579/888/740
f 1554/886/738 159/889/741 1382/890/742 3374/887/739
f 3374/887/739 1382/890/742 160/883/735 1555/880/732
f 1579/888/740 3374/887/739 1555/880/732 256/879/731
f 254/891/743 1553/892/744 3375/893/745 1578/894/746
f 1553/892/744 158/895/747 1383/896/748 3375/893/745
f 3375/893/745 1383/896/748 159/889/741 1554/886/738
f 1578/894/746 3375/893/745 1554/886/738 255/885/737
f 253/897/749 1552/898/750 3376/899/751 1577/900/752
f 1552/898/750 157/901/753 1384/902/754 3376/899/751
f 3376/899/751 1384/902/754 158/895/747 1553/892/744
f 1577/900/752 3376/899/751 1553/892/744 254/891/743
f 252/903/755 1551/904/756 3377/905/757 1576/906/758
f 1551/904/756 156/907/759 1385/908/760 3377/905/757
f 3377/905/757 1385/908/760 157/901/753 1552/898/750
f 1576/906/758 3377/905/757 1552/898/750 253/897/749
f 251/909/761 1550/910/762 3378/911/763 1575/912/764
f 1550/910/762 155/913/765 1386/914/766 3378/911/763
f 3378/911/763 1386/914/766 156/907/759 1551/904/756
f 1575/912/764 3378/911/763 1551/904/756 252/903/755
f 250/915/767 1549/916/768 3379/917/769 1574/918/770
f 1549/916/768 154/919/771 1387/920/772 3379/917/769
f 3379/917/769 1387/920/772 155/913/765 1550/910/762
f 1574/918/770 3379/917/769 1550/910/762 251/909/761
f 249/921/773 1548/922/774 3380/923/775 1573/924/776
f 1548/922/774 153/925/777 1388/926/778 3380/923/775
f 3380/923/775 1388/926/778 154/919/771 1549/916/768
f 1573/924/776 3380/923/775 1549/916/768 250/915/767
f 248/927/779 1547/928/780 3381/929/781 1572/930/782
f 1547/928/780 152/931/783 1389/932/784 3381/929/781
f 3381/929/781 1389/932/784 153/925/777 1548/922/774
f 1572/930/782 3381/929/781 1548/922/774 249/921/773
f 247/933/785 1546/934/786 3382/935/787 1571/936/788
f 1546/934/786 151/937/789 1390/938/790 3382/935/787
f 3382/935/787 1390/938/790 152/931/783 1547/928/780
f 1571/936/788 3382/935/787 1547/928/780 248/927/779
f 246/939/791 1545/940/792 3383/941/793 1570/942/794
f 1545/940/792 150/943/795 1391/944/796 3383/941/793
f 3383/941/793 1391/944/796 151/937/789 1546/934/786
f 1570/942/794 3383/941/793 1546/934/786 247/933/785
f 245/945/797 1544/946/798 3384/947/799 1569/948/800
f 1544/946/798 149/949/801 1392/950/802 3384/947/799
f 3384/947/799 1392/950/802 150/943/795 1545/940/792
f 1569/948/800 3384/947/799 1545/940/792 246/939/791
f 244/951/803 1543/952/804 3385/953/805 1568/954/806
f 1543/952/804 148/955/807 1393/956/808 3385/953/805
f 3385/953/805 1393/956/808 149/949/801 1544/946/798
f 1568/954/806 3385/953/805 1544/946/798 245/945/797
f 243/957/809 1542/958/810 3386/959/811 1567/960/812
f 1542/958/810 147/961/813 1394/962/814 3386/959/811
f 3386/959/811 1394/962/814 148/955/807 1543/952/804
f 1567/960/812 3386/959/811 1543/952/804 244/951/803
f 242/963/815 1541/964/816 3387/965/817 1566/966/818
f 1541/964/816 146/967/819 1395/968/820 3387/965/817
f 3387/965/817 1395/968/820 147/961/813 1542/958/810
f 1566/966/818 3387/965/817 1542/958/810 243/957/809
f 265/836/688 1564/835/687 3388/969/821 1565/970/822
f 1564/835/687 169/834/686 1396/971/823 3388/969/821
f 3388/969/821 1396/971/823 146/967/819 1541/964/816
f 1565/970/822 3388/969/821 1541/964/816 242/963/815
f 139/798/659 1304/972/824 3389/973/825 1318/827/679
f 1304/972/824 192/794/655 1421/824/676 3389/973/825
f 3389/973/825 1421/824/676 193/19/19 1315/974/826
f 1318/827/679 3389/973/825 1315/974/826 145/32/32
f 133/744/613 1293/975/827 3390/976/828 1312/797/658
f 1293/975/827 191/776/637 1422/790/651 3390/976/828
f 3390/976/828 1422/790/651 192/794/655 1304/972/824
f 1312/797/658 3390/976/828 1304/972/824 139/798/659
f 127/739/608 1282/977/829 3391/978/830 1299/743/612
f 1282/977/829 190/736/605 1423/772/633 3391/978/830
f 3391/978/830 1423/772/633 191/776/637 1293/975/827
f 1299/743/612 3391/978/830 1293/975/827 133/744/613
f 121/686/568 1271/979/831 3392/980/832 1291/738/607
f 1271/979/831 189/682/564 1424/732/601 3392/980/832
f 3392/980/832 1424/732/601 190/736/605 1282/977/829
f 1291/738/607 3392/980/832 1282/977/829 127/739/608
f 115/639/528 1260/981/833 3393/982/834 1277/685/567
f 1260/981/833 188/670/552 1425/678/560 3393/982/834
f 3393/982/834 1425/678/560 189/682/564 1271/979/831
f 1277/685/567 3393/982/834 1271/979/831 121/686/568
f 109/628/521 1249/983/835 3394/984/836 1266/638/527
f 1249/983/835 187/625/518 1426/666/548 3394/984/836
f 3394/984/836 1426/666/548 188/670/552 1260/981/833
f 1266/638/527 3394/984/836 1260/981/833 115/639/528
f 103/581/484 1238/985/837 3395/986/838 1258/627/520
f 1238/985/837 186/577/480 1427/621/514 3395/986/838
f 3395/986/838 1427/621/514 187/625/518 1249/983/835
f 1258/627/520 3395/986/838 1249/983/835 109/628/521
f 97/536/444 1227/987/839 3396/988/840 1244/580/483
f 1227/987/839 185/565/468 1428/573/476 3396/988/840
f 3396/988/840 1428/573/476 186/577/480 1238/985/837
f 1244/580/483 3396/988/840 1238/985/837 103/581/484
f 91/527/437 1216/989/841 3397/990/842 1233/535/443
f 1216/989/841 184/524/434 1429/561/464 3397/990/842
f 3397/990/842 1429/561/464 185/565/468 1227/987/839
f 1233/535/443 3397/990/842 1227/987/839 97/536/444
f 85/483/400 1205/991/843 3398/992/844 1225/526/436
f 1205/991/843 183/479/396 1430/520/430 3398/992/844
f 3398/992/844 1430/520/430 184/524/434 1216/989/841
f 1225/526/436 3398/992/844 1216/989/841 91/527/437
f 79/435/360 1194/993/845 3399/994/846 1211/482/399
f 1194/993/845 182/467/384 1431/475/392 3399/994/846
f 3399/994/846 1431/475/392 183/479/396 1205/991/843
f 1211/482/399 3399/994/846 1205/991/843 85/483/400
f 72/422/353 1182/995/847 3400/996/848 1199/434/359
f 1182/995/847 181/419/350 1432/463/380 3400/996/848
f 3400/996/848 1432/463/380 182/467/384 1194/993/845
f 1199/434/359 3400/996/848 1194/993/845 79/435/360
f 66/369/310 1171/997/849 3401/998/850 1191/421/352
f 1171/997/849 180/365/306 1433/415/346 3401/998/850
f 3401/998/850 1433/415/346 181/419/350 1182/995/847
f 1191/421/352 3401/998/850 1182/995/847 72/422/353
f 60/329/276 1160/999/851 3402/1000/852 1175/368/309
f 1160/999/851 179/359/300 1434/361/302 3402/1000/852
f 3402/1000/852 1434/361/302 180/365/306 1171/997/849
f 1175/368/309 3402/1000/852 1171/997/849 66/369/310
f 54/312/265 1149/1001/853 3403/1002/854 1165/328/275
f 1149/1001/853 178/308/261 1435/355/296 3403/1002/854
f 3403/1002/854 1435/355/296 179/359/300 1160/999/851
f 1165/328/275 3403/1002/854 1160/999/851 60/329/276
f 48/265/223 1138/1003/855 3404/1004/856 1157/311/264
f 1138/1003/855 177/261/219 1436/304/257 3404/1004/856
f 3404/1004/856 1436/304/257 178/308/261 1149/1001/853
f 1157/311/264 3404/1004/856 1149/1001/853 54/312/265
f 42/254/212 1127/1005/857 3405/1006/858 1142/264/222
f 1127/1005/857 176/251/209 1437/257/215 3405/1006/858
f 3405/1006/858 1437/257/215 177/261/219 1138/1003/855
f 1142/264/222 3405/1006/858 1138/1003/855 48/265/223
f 36/206/178 1116/1007/859 3406/1008/860 1136/253/211
f 1116/1007/859 175/202/174 1438/247/205 3406/1008/860
f 3406/1008/860 1438/247/205 176/251/209 1127/1005/857
f 1136/253/211 3406/1008/860 1127/1005/857 42/254/212
f 30/155/132 1105/1009/861 3407/1010/862 1124/205/177
f 1105/1009/861 174/184/156 1439/198/170 3407/1010/862
f 3407/1010/862 1439/198/170 175/202/174 1116/1007/859
f 1124/205/177 3407/1010/862 1116/1007/859 36/206/178
f 24/150/127 1094/1011/863 3408/1012/864 1111/154/131
f 1094/1011/863 173/147/124 1440/180/152 3408/1012/864
f 3408/1012/864 1440/180/152 174/184/156 1105/1009/861
f 1111/154/131 3408/1012/864 1105/1009/861 30/155/132
f 18/99/88 1083/1013/865 3409/1014/866 1103/149/126
f 1083/1013/865 172/95/84 1441/143/120 3409/1014/866
f 3409/1014/866 1441/143/120 173/147/124 1094/1011/863
f 1103/149/126 3409/1014/866 1094/1011/863 24/150/127
f 12/53/47 1072/1015/867 3410/1016/868 1089/98/87
f 1072/1015/867 171/83/71 1442/91/80 3410/1016/868
f 3410/1016/868 1442/91/80 172/95/84 1083/1013/865
f 1089/98/87 3410/1016/868 1083/1013/865 18/99/88
f 6/34/34 1064/1017/869 3411/1018/870 1078/52/46
f 1064/1017/869 170/27/27 1443/79/67 3411/1018/870
f 3411/1018/870 1443/79/67 171/83/71 1072/1015/867
f 1078/52/46 3411/1018/870 1072/1015/867 12/53/47
f 145/32/32 1315/974/826 3412/1019/871 1324/33/33
f 1315/974/826 193/19/19 1444/22/22 3412/1019/871
f 3412/1019/871 1444/22/22 170/27/27 1064/1017/869
f 1324/33/33 3412/1019/871 1064/1017/869 6/34/34
f 240/1020/872 1515/1021/873 3413/1022/874 1540/1023/875
f 1515/1021/873 216/782/643 1469/818/672 3413/1022/874
f 3413/1022/874 1469/818/672 217/1/1 1516/1024/876
f 1540/1023/875 3413/1022/874 1516/1024/876 241/1025/877
f 239/1026/878 1514/1027/879 3414/1028/880 1539/1029/881
f 1514/1027/879 215/764/627 1470/778/639 3414/1028/880
f 3414/1028/880 1470/778/639 216/782/643 1515/1021/873
f 1539/1029/881 3414/1028/880 1515/1021/873 240/1020/872
f 238/1030/882 1513/1031/883 3415/1032/884 1538/1033/885
f 1513/1031/883 214/724/595 1471/760/625 3415/1032/884
f 3415/1032/884 1471/760/625 215/764/627 1514/1027/879
f 1538/1033/885 3415/1032/884 1514/1027/879 239/1026/878
f 237/1034/886 1512/1035/887 3416/1036/888 1537/1037/889
f 1512/1035/887 213/706/581 1472/720/593 3416/1036/888
f 3416/1036/888 1472/720/593 214/724/595 1513/1031/883
f 1537/1037/889 3416/1036/888 1513/1031/883 238/1030/882
f 236/1038/890 1511/1039/891 3417/1040/892 1536/1041/893
f 1511/1039/891 212/658/542 1473/702/579 3417/1040/892
f 3417/1040/892 1473/702/579 213/706/581 1512/1035/887
f 1536/1041/893 3417/1040/892 1512/1035/887 237/1034/886
f 235/1042/894 1510/1043/895 3418/1044/896 1535/1045/897
f 1510/1043/895 211/614/508 1474/654/540 3418/1044/896
f 3418/1044/896 1474/654/540 212/658/542 1511/1039/891
f 1535/1045/897 3418/1044/896 1511/1039/891 236/1038/890
f 234/1046/898 1509/1047/899 3419/1048/900 1534/1049/901
f 1509/1047/899 210/602/496 1475/610/504 3419/1048/900
f 3419/1048/900 1475/610/504 211/614/508 1510/1043/895
f 1534/1049/901 3419/1048/900 1510/1043/895 235/1042/894
f 233/1050/902 1508/1051/903 3420/1052/904 1533/1053/905
f 1508/1051/903 209/553/458 1476/598/494 3420/1052/904
f 3420/1052/904 1476/598/494 210/602/496 1509/1047/899
f 1533/1053/905 3420/1052/904 1509/1047/899 234/1046/898
f 232/1054/906 1507/1055/907 3421/1056/908 1532/1057/909
f 1507/1055/907 208/513/424 1477/550/456 3421/1056/908
f 3421/1056/908 1477/550/456 209/553/458 1508/1051/903
f 1532/1057/909 3421/1056/908 1508/1051/903 233/1050/902
f 231/1058/910 1506/1059/911 3422/1060/912 1531/1061/913
f 1506/1059/911 207/501/412 1478/509/420 3422/1060/912
f 3422/1060/912 1478/509/420 208/513/424 1507/1055/907
f 1531/1061/913 3422/1060/912 1507/1055/907 232/1054/906
f 230/1062/914 1505/1063/915 3423/1064/916 1530/1065/917
f 1505/1063/915 206/455/374 1479/498/410 3423/1064/916
f 3423/1064/916 1479/498/410 207/501/412 1506/1059/911
f 1530/1065/917 3423/1064/916 1506/1059/911 231/1058/910
f 229/1066/918 1504/1067/919 3424/1068/920 1529/1069/921
f 1504/1067/919 205/407/340 1480/451/372 3424/1068/920
f 3424/1068/920 1480/451/372 206/455/374 1505/1063/915
f 1529/1069/921 3424/1068/920 1505/1063/915 230/1062/914
f 228/1070/922 1503/1071/923 3425/1072/924 1528/1073/925
f 1503/1071/923 204/389/324 1481/403/336 3425/1072/924
f 3425/1072/924 1481/403/336 205/407/340 1504/1067/919
f 1528/1073/925 3425/1072/924 1504/1067/919 229/1066/918
f 227/1074/926 1502/1075/927 3426/1076/928 1527/1077/929
f 1502/1075/927 203/348/290 1482/386/322 3426/1076/928
f 3426/1076/928 1482/386/322 204/389/324 1503/1071/923
f 1527/1077/929 3426/1076/928 1503/1071/923 228/1070/922
f 226/1078/930 1501/1079/931 3427/1080/932 1526/1081/933
f 1501/1079/931 202/296/249 1483/344/288 3427/1080/932
f 3427/1080/932 1483/344/288 203/348/290 1502/1075/927
f 1526/1081/933 3427/1080/932 1502/1075/927 227/1074/926
f 225/1082/934 1500/1083/935 3428/1084/936 1525/1085/937
f 1500/1083/935 201/284/237 1484/292/245 3428/1084/936
f 3428/1084/936 1484/292/245 202/296/249 1501/1079/931
f 1525/1085/937 3428/1084/936 1501/1079/931 226/1078/930
f 224/1086/938 1499/1087/939 3429/1088/940 1524/1089/941
f 1499/1087/939 200/239/198 1485/280/235 3429/1088/940
f 3429/1088/940 1485/280/235 201/284/237 1500/1083/935
f 1524/1089/941 3429/1088/940 1500/1083/935 225/1082/934
f 223/1090/942 1498/1091/943 3430/1092/944 1523/1093/945
f 1498/1091/943 199/190/162 1486/235/196 3430/1092/944
f 3430/1092/944 1486/235/196 200/239/198 1499/1087/939
f 1523/1093/945 3430/1092/944 1499/1087/939 224/1086/938
f 222/1094/946 1497/1095/947 3431/1096/948 1522/1097/949
f 1497/1095/947 198/173/146 1487/186/158 3431/1096/948
f 3431/1096/948 1487/186/158 199/190/162 1498/1091/943
f 1522/1097/949 3431/1096/948 1498/1091/943 223/1090/942
f 221/1098/950 1496/1099/951 3432/1100/952 1521/1101/953
f 1496/1099/951 197/135/114 1488/169/144 3432/1100/952
f 3432/1100/952 1488/169/144 198/173/146 1497/1095/947
f 1521/1101/953 3432/1100/952 1497/1095/947 222/1094/946
f 220/1102/954 1495/1103/955 3433/1104/956 1520/1105/957
f 1495/1103/955 196/117/100 1489/131/112 3433/1104/956
f 3433/1104/956 1489/131/112 197/135/114 1496/1099/951
f 1520/1105/957 3433/1104/956 1496/1099/951 221/1098/950
f 219/1106/958 1494/1107/959 3434/1108/960 1519/1109/961
f 1494/1107/959 195/73/61 1490/114/98 3434/1108/960
f 3434/1108/960 1490/114/98 196/117/100 1495/1103/955
f 1519/1109/961 3434/1108/960 1495/1103/955 220/1102/954
f 218/1110/962 1493/1111/963 3435/1112/964 1518/1113/965
f 1493/1111/963 194/9/9 1491/69/59 3435/1112/964
f 3435/1112/964 1491/69/59 195/73/61 1494/1107/959
f 1518/1113/965 3435/1112/964 1494/1107/959 219/1106/958
f 241/1025/877 1516/1024/876 3436/1114/966 1517/1115/967
f 1516/1024/876 217/1/1 1492/4/4 3436/1114/966
f 3436/1114/966 1492/4/4 194/9/9 1493/1111/963
f 1517/1115/967 3436/1114/966 1493/1111/963 218/1110/962
f 169/1116/968 1372/1117/969 3437/1118/970 1396/1119/971
f 1372/1117/969 241/1120/877 1517/1121/967 3437/1118/970
f 3437/1118/970 1517/1121/967 218/1122/962 1349/1123/972
f 1396/1119/971 3437/1118/970 1349/1123/972 146/1124/973
f 146/1124/973 1349/1123/972 3438/1125/974 1395/1126/975
f 1349/1123/972 218/1122/962 1518/1127/965 3438/1125/974
f 3438/1125/974 1518/1127/965 219/1128/958 1350/1129/976
f 1395/1126/975 3438/1125/974 1350/1129/976 147/1130/977
f 147/1130/977 1350/1129/976 3439/1131/978 1394/1132/979
f 1350/1129/976 219/1128/958 1519/1133/961 3439/1131/978
f 3439/1131/978 1519/1133/961 220/1134/954 1351/1135/980
f 1394/1132/979 3439/1131/978 1351/1135/980 148/1136/981
f 148/1137/981 1351/1138/980 3440/1139/982 1393/1140/983
f 1351/1138/980 220/1141/954 1520/1142/957 3440/1139/982
f 3440/1139/982 1520/1142/957 221/1143/950 1352/1144/984
f 1393/1140/983 3440/1139/982 1352/1144/984 149/1145/985
f 149/1145/985 1352/1144/984 3441/1146/986 1392/1147/987
f 1352/1144/984 221/1143/950 1521/1148/953 3441/1146/986
f 3441/1146/986 1521/1148/953 222/1149/946 1353/1150/988
f 1392/1147/987 3441/1146/986 1353/1150/988 150/1151/989
f 150/1151/989 1353/1150/988 3442/1152/990 1391/1153/991
f 1353/1150/988 222/1149/946 1522/1154/949 3442/1152/990
f 3442/1152/990 1522/1154/949 223/1155/942 1354/1156/992
f 1391/1153/991 3442/1152/990 1354/1156/992 151/1157/993
f 151/1157/993 1354/1156/992 3443/1158/994 1390/1159/995
f 1354/1156/992 223/1155/942 1523/1160/945 3443/1158/994
f 3443/1158/994 1523/1160/945 224/1161/938 1355/1162/996
f 1390/1159/995 3443/1158/994 1355/1162/996 152/1163/997
f 152/1163/997 1355/1162/996 3444/1164/998 1389/1165/999
f 1355/1162/996 224/1161/938 1524/1166/941 3444/1164/998
f 3444/1164/998 1524/1166/941 225/1167/934 1356/1168/1000
f 1389/1165/999 3444/1164/998 1356/1168/1000 153/1169/1001
f 153/925/1001 1356/1170/1000 3445/1171/1002 1388/926/1003
f 1356/1170/1000 225/1082/934 1525/1085/937 3445/1171/1002
f 3445/1171/1002 1525/1085/937 226/1078/930 1357/1172/1004
f 1388/926/1003 3445/1171/1002 1357/1172/1004 154/919/1005
f 154/1173/1005 1357/1174/1004 3446/1175/1006 1387/1176/1007
f 1357/1174/1004 226/1177/930 1526/1178/933 3446/1175/1006
f 3446/1175/1006 1526/1178/933 227/1179/926 1358/1180/1008
f 1387/1176/1007 3446/1175/1006 1358/1180/1008 155/1181/765
f 155/1181/765 1358/1180/1008 3447/1182/1009 1386/1183/766
f 1358/1180/1008 227/1179/926 1527/1184/929 3447/1182/1009
f 3447/1182/1009 1527/1184/929 228/1185/922 1359/1186/1010
f 1386/1183/766 3447/1182/1009 1359/1186/1010 156/1187/759
f 156/1187/759 1359/1186/1010 3448/1188/1011 1385/1189/760
f 1359/1186/1010 228/1185/922 1528/1190/925 3448/1188/1011
f 3448/1188/1011 1528/1190/925 229/1191/918 1360/1192/1012
f 1385/1189/760 3448/1188/1011 1360/1192/1012 157/1193/1013
f 157/1193/1013 1360/1192/1012 3449/1194/1014 1384/1195/1015
f 1360/1192/1012 229/1191/918 1529/1196/921 3449/1194/1014
f 3449/1194/1014 1529/1196/921 230/1197/914 1361/1198/1016
f 1384/1195/1015 3449/1194/1014 1361/1198/1016 158/1199/1017
f 158/1199/1017 1361/1198/1016 3450/1200/1018 1383/1201/748
f 1361/1198/1016 230/1197/914 1530/1202/917 3450/1200/1018
f 3450/1200/1018 1530/1202/917 231/1203/910 1362/1204/1019
f 1383/1201/748 3450/1200/1018 1362/1204/1019 159/1205/741
f 159/889/741 1362/1206/1019 3451/1207/1020 1382/890/742
f 1362/1206/1019 231/1058/910 1531/1061/913 3451/1207/1020
f 3451/1207/1020 1531/1061/913 232/1054/906 1363/1208/1021
f 1382/890/742 3451/1207/1020 1363/1208/1021 160/883/1022
f 160/1209/1022 1363/1210/1021 3452/1211/1023 1381/1212/1024
f 1363/1210/1021 232/1213/906 1532/1214/909 3452/1211/1023
f 3452/1211/1023 1532/1214/909 233/1215/902 1364/1216/1025
f 1381/1212/1024 3452/1211/1023 1364/1216/1025 161/1217/1026
f 161/1217/1026 1364/1216/1025 3453/1218/1027 1380/1219/1028
f 1364/1216/1025 233/1215/902 1533/1220/905 3453/1218/1027
f 3453/1218/1027 1533/1220/905 234/1221/898 1365/1222/1029
f 1380/1219/1028 3453/1218/1027 1365/1222/1029 162/1223/1030
f 162/1223/1030 1365/1222/1029 3454/1224/1031 1379/1225/1032
f 1365/1222/1029 234/1221/898 1534/1226/901 3454/1224/1031
f 3454/1224/1031 1534/1226/901 235/1227/894 1366/1228/1033
f 1379/1225/1032 3454/1224/1031 1366/1228/1033 163/1229/1034
f 163/1229/1034 1366/1228/1033 3455/1230/1035 1378/1231/1036
f 1366/1228/1033 235/1227/894 1535/1232/897 3455/1230/1035
f 3455/1230/1035 1535/1232/897 236/1233/890 1367/1234/1037
f 1378/1231/1036 3455/1230/1035 1367/1234/1037 164/1235/1038
f 164/1235/1038 1367/1234/1037 3456/1236/1039 1377/1237/1040
f 1367/1234/1037 236/1233/890 1536/1238/893 3456/1236/1039
f 3456/1236/1039 1536/1238/893 237/1239/886 1368/1240/1041
f 1377/1237/1040 3456/1236/1039 1368/1240/1041 165/1241/1042
f 165/853/1042 1368/1242/1041 3457/1243/1043 1376/854/1044
f 1368/1242/1041 237/1034/886 1537/1037/889 3457/1243/1043
f 3457/1243/1043 1537/1037/889 238/1030/882 1369/1244/1045
f 1376/854/1044 3457/1243/1043 1369/1244/1045 166/847/1046
f 166/847/1046 1369/1244/1045 3458/1245/1047 1375/848/1048
f 1369/1244/1045 238/1030/882 1538/1033/885 3458/1245/1047
f 3458/1245/1047 1538/1033/885 239/1026/878 1370/1246/1049
f 1375/848/1048 3458/1245/1047 1370/1246/1049 167/841/1050
f 167/1247/1050 1370/1248/1049 3459/1249/1051 1374/1250/1052
f 1370/1248/1049 239/1251/878 1539/1252/881 3459/1249/1051
f 3459/1249/1051 1539/1252/881 240/1253/872 1371/1254/1053
f 1374/1250/1052 3459/1249/1051 1371/1254/1053 168/1255/1054
f 168/1255/1054 1371/1254/1053 3460/1256/1055 1373/1257/1056
f 1371/1254/1053 240/1253/872 1540/1258/875 3460/1256/1055
f 3460/1256/1055 1540/1258/875 241/1120/877 1372/1117/969
f 1373/1257/1056 3460/1256/1055 1372/1117/969 169/1116/968
f 144/23/23 1314/1259/1057 3461/1260/1058 1322/24/24
f 1314/1259/1057 265/1261/688 1565/1262/822 3461/1260/1058
f 3461/1260/1058 1565/1262/822 242/1263/815 1063/1264/1059
f 1322/24/24 3461/1260/1058 1063/1264/1059 5/25/25
f 5/25/25 1063/1264/1059 3462/1265/1060 1081/80/68
f 1063/1264/1059 242/1263/815 1566/1266/818 3462/1265/1060
f 3462/1265/1060 1566/1266/818 243/1267/809 1071/1268/1061
f 1081/80/68 3462/1265/1060 1071/1268/1061 11/81/69
f 11/81/69 1071/1268/1061 3463/1269/1062 1090/92/81
f 1071/1268/1061 243/1267/809 1567/1270/812 3463/1269/1062
f 3463/1269/1062 1567/1270/812 244/1271/803 1082/1272/1063
f 1090/92/81 3463/1269/1062 1082/1272/1063 17/93/82
f 17/93/82 1082/1272/1063 3464/1273/1064 1101/144/121
f 1082/1272/1063 244/1271/803 1568/954/806 3464/1273/1064
f 3464/1273/1064 1568/954/806 245/1274/797 1093/1275/1065
f 1101/144/121 3464/1273/1064 1093/1275/1065 23/145/122
f 23/145/122 1093/1275/1065 3465/1276/1066 1114/181/153
f 1093/1275/1065 245/1274/797 1569/1277/800 3465/1276/1066
f 3465/1276/1066 1569/1277/800 246/1278/791 1104/1279/1067
f 1114/181/153 3465/1276/1066 1104/1279/1067 29/182/154
f 29/182/154 1104/1279/1067 3466/1280/1068 1120/199/171
f 1104/1279/1067 246/1278/791 1570/1281/794 3466/1280/1068
f 3466/1280/1068 1570/1281/794 247/1282/785 1115/1283/1069
f 1120/199/171 3466/1280/1068 1115/1283/1069 35/200/172
f 35/200/172 1115/1283/1069 3467/1284/1070 1134/248/206
f 1115/1283/1069 247/1282/785 1571/1285/788 3467/1284/1070
f 3467/1284/1070 1571/1285/788 248/1286/779 1126/1287/1071
f 1134/248/206 3467/1284/1070 1126/1287/1071 41/249/207
f 41/249/207 1126/1287/1071 3468/1288/1072 1143/258/216
f 1126/1287/1071 248/1286/779 1572/1289/782 3468/1288/1072
f 3468/1288/1072 1572/1289/782 249/921/773 1137/1290/1073
f 1143/258/216 3468/1288/1072 1137/1290/1073 47/259/217
f 47/259/217 1137/1290/1073 3469/1291/1074 1153/305/258
f 1137/1290/1073 249/921/773 1573/1292/776 3469/1291/1074
f 3469/1291/1074 1573/1292/776 250/1293/767 1148/1294/1075
f 1153/305/258 3469/1291/1074 1148/1294/1075 53/306/259
f 53/306/259 1148/1294/1075 3470/1295/1076 1168/356/297
f 1148/1294/1075 250/1293/767 1574/918/770 3470/1295/1076
f 3470/1295/1076 1574/918/770 251/1296/761 1159/1297/1077
f 1168/356/297 3470/1295/1076 1159/1297/1077 59/357/298
f 59/357/298 1159/1297/1077 3471/1298/1078 1176/362/303
f 1159/1297/1077 251/1296/761 1575/1299/764 3471/1298/1078
f 3471/1298/1078 1575/1299/764 252/1300/755 1170/1301/1079
f 1176/362/303 3471/1298/1078 1170/1301/1079 65/363/304
f 65/363/304 1170/1301/1079 3472/1302/1080 1188/416/347
f 1170/1301/1079 252/1300/755 1576/1303/758 3472/1302/1080
f 3472/1302/1080 1576/1303/758 253/1304/749 1181/1305/1081
f 1188/416/347 3472/1302/1080 1181/1305/1081 71/417/348
f 71/417/348 1181/1305/1081 3473/1306/1082 1202/464/381
f 1181/1305/1081 253/1304/749 1577/1307/752 3473/1306/1082
f 3473/1306/1082 1577/1307/752 254/891/743 1193/1308/1083
f 1202/464/381 3473/1306/1082 1193/1308/1083 78/465/382
f 78/465/382 1193/1308/1083 3474/1309/1084 1212/476/393
f 1193/1308/1083 254/891/743 1578/1310/746 3474/1309/1084
f 3474/1309/1084 1578/1310/746 255/1311/737 1204/1312/1085
f 1212/476/393 3474/1309/1084 1204/1312/1085 84/477/394
f 84/477/394 1204/1312/1085 3475/1313/1086 1222/521/431
f 1204/1312/1085 255/1311/737 1579/888/740 3475/1313/1086
f 3475/1313/1086 1579/888/740 256/1314/731 1215/1315/1087
f 1222/521/431 3475/1313/1086 1215/1315/1087 90/522/432
f 90/522/432 1215/1315/1087 3476/1316/1088 1236/562/465
f 1215/1315/1087 256/1314/731 1580/1317/734 3476/1316/1088
f 3476/1316/1088 1580/1317/734 257/1318/725 1226/1319/1089
f 1236/562/465 3476/1316/1088 1226/1319/1089 96/563/466
f 96/563/466 1226/1319/1089 3477/1320/1090 1245/574/477
f 1226/1319/1089 257/1318/725 1581/1321/728 3477/1320/1090
f 3477/1320/1090 1581/1321/728 258/1322/719 1237/1323/1091
f 1245/574/477 3477/1320/1090 1237/1323/1091 102/575/478
f 102/575/478 1237/1323/1091 3478/1324/1092 1255/622/515
f 1237/1323/1091 258/1322/719 1582/1325/722 3478/1324/1092
f 3478/1324/1092 1582/1325/722 259/1326/713 1248/1327/1093
f 1255/622/515 3478/1324/1092 1248/1327/1093 108/623/516
f 108/623/516 1248/1327/1093 3479/1328/1094 1269/667/549
f 1248/1327/1093 259/1326/713 1583/1329/716 3479/1328/1094
f 3479/1328/1094 1583/1329/716 260/1330/707 1259/1331/1095
f 1269/667/549 3479/1328/1094 1259/1331/1095 114/668/550
f 114/668/550 1259/1331/1095 3480/1332/1096 1278/679/561
f 1259/1331/1095 260/1330/707 1584/1333/710 3480/1332/1096
f 3480/1332/1096 1584/1333/710 261/1334/701 1270/1335/1097
f 1278/679/561 3480/1332/1096 1270/1335/1097 120/680/562
f 120/680/562 1270/1335/1097 3481/1336/1098 1289/733/602
f 1270/1335/1097 261/1334/701 1585/1337/704 3481/1336/1098
f 3481/1336/1098 1585/1337/704 262/1338/695 1281/1339/1099
f 1289/733/602 3481/1336/1098 1281/1339/1099 126/734/603
f 126/734/603 1281/1339/1099 3482/1340/1100 1302/773/634
f 1281/1339/1099 262/1338/695 1586/1341/698 3482/1340/1100
f 3482/1340/1100 1586/1341/698 263/1342/689 1292/1343/1101
f 1302/773/634 3482/1340/1100 1292/1343/1101 132/774/635
f 132/774/635 1292/1343/1101 3483/1344/1102 1308/791/652
f 1292/1343/1101 263/1342/689 1587/1345/692 3483/1344/1102
f 3483/1344/1102 1587/1345/692 264/828/680 1303/1346/1103
f 1308/791/652 3483/1344/1102 1303/1346/1103 138/792/653
f 138/792/653 1303/1346/1103 3484/1347/1104 1317/825/677
f 1303/1346/1103 264/828/680 1588/1348/683 3484/1347/1104
f 3484/1347/1104 1588/1348/683 265/1261/688 1314/1259/1057
f 1317/825/677 3484/1347/1104 1314/1259/1057 144/23/23
f 482/1349/1105 2020/1350/1106 3485/1351/1107 1996/1352/1108
f 2020/1350/1106 459/1353/1109 1973/1354/1110 3485/1351/1107
f 3485/1351/1107 1973/1354/1110 269/1355/1111 1851/1356/1112
f 1996/1352/1108 3485/1351/1107 1851/1356/1112 408/1357/1113
f 268/1358/1114 1596/1359/1115 3486/1360/1116 1590/1361/1117
f 1596/1359/1115 274/1362/1118 1595/1363/1119 3486/1360/1116
f 3486/1360/1116 1595/1363/1119 273/1364/1120 1597/1365/1121
f 1590/1361/1117 3486/1360/1116 1597/1365/1121 267/1366/1122
f 458/1367/1123 1972/1368/1124 3487/1369/1125 1948/1370/1126
f 1972/1368/1124 435/1371/1127 1925/1372/1128 3487/1369/1125
f 3487/1369/1125 1925/1372/1128 270/1373/1129 1850/1374/1130
f 1948/1370/1126 3487/1369/1125 1850/1374/1130 409/1375/1131
f 266/1376/1132 1598/1377/1133 3488/1378/1134 1848/1379/1135
f 1598/1377/1133 272/1380/1136 1593/1381/1137 3488/1378/1134
f 3488/1378/1134 1593/1381/1137 271/1382/1138 1852/1383/1139
f 1848/1379/1135 3488/1378/1134 1852/1383/1139 410/1384/1140
f 408/1385/1113 1851/1386/1112 3489/1387/1141 1847/1388/1142
f 269/1389/1111 1849/1390/1143 3489/1387/1141 1851/1356/1112
f 341/1391/1144 1847/1388/1142 3489/1387/1141 1849/1392/1143
f 267/1393/1122 1597/1365/1121 3490/1394/1145 1589/1395/1146
f 1597/1365/1121 273/1396/1120 1594/1397/1147 3490/1394/1145
f 3490/1394/1145 1594/1397/1147 272/1380/1136 1598/1377/1133
f 1589/1395/1146 3490/1394/1145 1598/1377/1133 266/1376/1132
f 272/1380/1136 1605/1398/1148 3491/1399/1149 1593/1381/1137
f 1605/1398/1148 278/1400/1150 1601/1401/1151 3491/1399/1149
f 3491/1399/1149 1601/1401/1151 277/1402/1152 1606/1403/1153
f 1593/1381/1137 3491/1399/1149 1606/1403/1153 271/1382/1138
f 269/1404/1111 1607/1405/1154 3492/1406/1155 1849/1390/1143
f 275/1407/1156 1853/1408/1157 3492/1406/1155 1607/1405/1154
f 341/1391/1144 1849/1392/1143 3492/1406/1155 1853/1409/1157
f 273/1396/1120 1608/1410/1158 3493/1411/1159 1594/1397/1147
f 1608/1410/1158 279/1412/1160 1602/1413/1161 3493/1411/1159
f 3493/1411/1159 1602/1413/1161 278/1400/1150 1605/1398/1148
f 1594/1397/1147 3493/1411/1159 1605/1398/1148 272/1380/1136
f 459/1353/1109 2019/1414/1162 3494/1415/1163 1973/1354/1110
f 2019/1414/1162 460/1416/1164 1974/1417/1165 3494/1415/1163
f 3494/1415/1163 1974/1417/1165 275/1418/1156 1607/1419/1154
f 1973/1354/1110 3494/1415/1163 1607/1419/1154 269/1355/1111
f 274/1362/1118 1604/1420/1166 3495/1421/1167 1595/1363/1119
f 1604/1420/1166 280/1422/1168 1603/1423/1169 3495/1421/1167
f 3495/1421/1167 1603/1423/1169 279/1412/1160 1608/1424/1158
f 1595/1363/1119 3495/1421/1167 1608/1424/1158 273/1364/1120
f 435/1371/1127 1971/1425/1170 3496/1426/1171 1925/1372/1128
f 1971/1425/1170 436/1427/1172 1926/1428/1173 3496/1426/1171
f 3496/1426/1171 1926/1428/1173 276/1429/1174 1609/1430/1175
f 1925/1372/1128 3496/1426/1171 1609/1430/1175 270/1373/1129
f 280/1422/1168 1615/1431/1176 3497/1432/1177 1603/1423/1169
f 1615/1431/1176 286/1433/1178 1614/1434/1179 3497/1432/1177
f 3497/1432/1177 1614/1434/1179 285/1435/1180 1616/1436/1181
f 1603/1423/1169 3497/1432/1177 1616/1436/1181 279/1412/1160
f 436/1427/1172 1970/1437/1182 3498/1438/1183 1926/1428/1173
f 1970/1437/1182 437/1439/1184 1927/1440/1185 3498/1438/1183
f 3498/1438/1183 1927/1440/1185 282/1441/1186 1618/1442/1187
f 1926/1428/1173 3498/1438/1183 1618/1442/1187 276/1429/1174
f 278/1400/1150 1619/1443/1188 3499/1444/1189 1601/1401/1151
f 1619/1443/1188 284/1445/1190 1612/1446/1191 3499/1444/1189
f 3499/1444/1189 1612/1446/1191 283/1447/1192 1617/1448/1193
f 1601/1401/1151 3499/1444/1189 1617/1448/1193 277/1402/1152
f 275/1418/1156 1620/1449/1194 3500/1450/1195 1853/1451/1157
f 281/1452/1196 1854/1453/1197 3500/1450/1195 1620/1454/1194
f 341/1391/1144 1853/1408/1157 3500/1450/1195 1854/1453/1197
f 279/1412/1160 1616/1455/1181 3501/1456/1198 1602/1413/1161
f 1616/1455/1181 285/1457/1180 1613/1458/1199 3501/1456/1198
f 3501/1456/1198 1613/1458/1199 284/1445/1190 1619/1443/1188
f 1602/1413/1161 3501/1456/1198 1619/1443/1188 278/1400/1150
f 460/1416/1164 2018/1459/1200 3502/1460/1201 1974/1417/1165
f 2018/1459/1200 461/1461/1202 1975/1462/1203 3502/1460/1201
f 3502/1460/1201 1975/1462/1203 281/1463/1196 1620/1464/1194
f 1974/1417/1165 3502/1460/1201 1620/1464/1194 275/1418/1156
f 281/1452/1196 1626/1465/1204 3503/1466/1205 1854/1467/1197
f 287/1468/1206 1855/1469/1207 3503/1466/1205 1626/1465/1204
f 341/1391/1144 1854/1470/1197 3503/1466/1205 1855/1471/1207
f 285/1457/1180 1627/1472/1208 3504/1473/1209 1613/1458/1199
f 1627/1472/1208 291/1474/1210 1624/1475/1211 3504/1473/1209
f 3504/1473/1209 1624/1475/1211 290/1476/1212 1628/1477/1213
f 1613/1458/1199 3504/1473/1209 1628/1477/1213 284/1445/1190
f 461/1461/1202 2017/1478/1214 3505/1479/1215 1975/1462/1203
f 2017/1478/1214 462/1480/1216 1976/1481/1217 3505/1479/1215
f 3505/1479/1215 1976/1481/1217 287/1482/1206 1626/1483/1204
f 1975/1462/1203 3505/1479/1215 1626/1483/1204 281/1463/1196
f 286/1433/1178 1630/1484/1218 3506/1485/1219 1614/1434/1179
f 1630/1484/1218 292/1486/1220 1625/1487/1221 3506/1485/1219
f 3506/1485/1219 1625/1487/1221 291/1488/1210 1627/1489/1208
f 1614/1434/1179 3506/1485/1219 1627/1489/1208 285/1435/1180
f 437/1439/1184 1969/1490/1222 3507/1491/1223 1927/1440/1185
f 1969/1490/1222 438/1492/1224 1928/1493/1225 3507/1491/1223
f 3507/1491/1223 1928/1493/1225 288/1494/1226 1629/1495/1227
f 1927/1440/1185 3507/1491/1223 1629/1495/1227 282/1441/1186
f 284/1445/1190 1628/1477/1213 3508/1496/1228 1612/1446/1191
f 1628/1477/1213 290/1476/1212 1623/1497/1229 3508/1496/1228
f 3508/1496/1228 1623/1497/1229 289/1498/1230 1631/1499/1231
f 1612/1446/1191 3508/1496/1228 1631/1499/1231 283/1447/1192
f 290/1476/1212 1638/1500/1232 3509/1501/1233 1623/1497/1229
f 1638/1500/1232 296/1502/1234 1634/1503/1235 3509/1501/1233
f 3509/1501/1233 1634/1503/1235 295/1504/1236 1639/1505/1237
f 1623/1497/1229 3509/1501/1233 1639/1505/1237 289/1498/1230
f 287/1482/1206 1640/1506/1238 3510/1507/1239 1855/1469/1207
f 293/1508/1240 1856/1509/1241 3510/1507/1239 1640/1510/1238
f 341/1391/1144 1855/1469/1207 3510/1507/1239 1856/1511/1241
f 291/1474/1210 1641/1512/1242 3511/1513/1243 1624/1475/1211
f 1641/1512/1242 297/1514/1244 1635/1515/1245 3511/1513/1243
f 3511/1513/1243 1635/1515/1245 296/1502/1234 1638/1500/1232
f 1624/1475/1211 3511/1513/1243 1638/1500/1232 290/1476/1212
f 462/1480/1216 2016/1516/1246 3512/1517/1247 1976/1481/1217
f 2016/1516/1246 463/1518/1248 1977/1519/1249 3512/1517/1247
f 3512/1517/1247 1977/1519/1249 293/1520/1240 1640/1510/1238
f 1976/1481/1217 3512/1517/1247 1640/1510/1238 287/1482/1206
f 292/1486/1220 1637/1521/1250 3513/1522/1251 1625/1487/1221
f 1637/1521/1250 298/1523/1252 1636/1524/1253 3513/1522/1251
f 3513/1522/1251 1636/1524/1253 297/1525/1244 1641/1526/1242
f 1625/1487/1221 3513/1522/1251 1641/1526/1242 291/1488/1210
f 438/1492/1224 1968/1527/1254 3514/1528/1255 1928/1493/1225
f 1968/1527/1254 439/1529/1256 1929/1530/1257 3514/1528/1255
f 3514/1528/1255 1929/1530/1257 294/1531/1258 1642/1532/1259
f 1928/1493/1225 3514/1528/1255 1642/1532/1259 288/1494/1226
f 463/1518/1248 2015/1533/1260 3515/1534/1261 1977/1519/1249
f 2015/1533/1260 464/1535/1262 1978/1536/1263 3515/1534/1261
f 3515/1534/1261 1978/1536/1263 299/1537/1264 1649/1538/1265
f 1977/1519/1249 3515/1534/1261 1649/1538/1265 293/1520/1240
f 298/1523/1252 1650/1539/1266 3516/1540/1267 1636/1524/1253
f 1650/1539/1266 304/1541/1268 1647/1542/1269 3516/1540/1267
f 3516/1540/1267 1647/1542/1269 303/1543/1270 1651/1544/1271
f 1636/1524/1253 3516/1540/1267 1651/1544/1271 297/1525/1244
f 439/1529/1256 1967/1545/1272 3517/1546/1273 1929/1530/1257
f 1967/1545/1272 440/1547/1274 1930/1548/1275 3517/1546/1273
f 3517/1546/1273 1930/1548/1275 300/1549/1276 1648/1550/1277
f 1929/1530/1257 3517/1546/1273 1648/1550/1277 294/1531/1258
f 296/1502/1234 1653/1551/1278 3518/1552/1279 1634/1503/1235
f 1653/1551/1278 302/1553/1280 1645/1554/1281 3518/1552/1279
f 3518/1552/1279 1645/1554/1281 301/1555/1282 1652/1556/1283
f 1634/1503/1235 3518/1552/1279 1652/1556/1283 295/1504/1236
f 293/1557/1240 1649/1558/1265 3519/1559/1284 1856/1560/1241
f 299/1561/1264 1857/1562/1285 3519/1559/1284 1649/1558/1265
f 341/1391/1144 1856/1511/1241 3519/1559/1284 1857/1563/1285
f 297/1514/1244 1651/1564/1271 3520/1565/1286 1635/1515/1245
f 1651/1564/1271 303/1566/1270 1646/1567/1287 3520/1565/1286
f 3520/1565/1286 1646/1567/1287 302/1553/1280 1653/1551/1278
f 1635/1515/1245 3520/1565/1286 1653/1551/1278 296/1502/1234
f 299/1568/1264 1659/1569/1288 3521/1570/1289 1857/1562/1285
f 305/1571/1290 1858/1572/1291 3521/1570/1289 1659/1573/1288
f 341/1391/1144 1857/1574/1285 3521/1570/1289 1858/1575/1291
f 303/1566/1270 1660/1576/1292 3522/1577/1293 1646/1567/1287
f 1660/1576/1292 309/1578/1294 1657/1579/1295 3522/1577/1293
f 3522/1577/1293 1657/1579/1295 308/1580/1296 1661/1581/1297
f 1646/1567/1287 3522/1577/1293 1661/1581/1297 302/1553/1280
f 464/1535/1262 2014/1582/1298 3523/1583/1299 1978/1536/1263
f 2014/1582/1298 465/1584/1300 1979/1585/1301 3523/1583/1299
f 3523/1583/1299 1979/1585/1301 305/1586/1290 1659/1587/1288
f 1978/1536/1263 3523/1583/1299 1659/1587/1288 299/1537/1264
f 304/1541/1268 1663/1588/1302 3524/1589/1303 1647/1542/1269
f 1663/1588/1302 310/1590/1304 1658/1591/1305 3524/1589/1303
f 3524/1589/1303 1658/1591/1305 309/1592/1294 1660/1593/1292
f 1647/1542/1269 3524/1589/1303 1660/1593/1292 303/1543/1270
f 440/1547/1274 1966/1594/1306 3525/1595/1307 1930/1548/1275
f 1966/1594/1306 441/1596/1308 1931/1597/1309 3525/1595/1307
f 3525/1595/1307 1931/1597/1309 306/1598/1310 1662/1599/1311
f 1930/1548/1275 3525/1595/1307 1662/1599/1311 300/1549/1276
f 302/1553/1280 1661/1581/1297 3526/1600/1312 1645/1554/1281
f 1661/1581/1297 308/1580/1296 1656/1601/1313 3526/1600/1312
f 3526/1600/1312 1656/1601/1313 307/1602/1314 1664/1603/1315
f 1645/1554/1281 3526/1600/1312 1664/1603/1315 301/1555/1282
f 441/1596/1308 1965/1604/1316 3527/1605/1317 1931/1597/1309
f 1965/1604/1316 442/1606/1318 1932/1607/1319 3527/1605/1317
f 3527/1605/1317 1932/1607/1319 312/1608/1320 1671/1609/1321
f 1931/1597/1309 3527/1605/1317 1671/1609/1321 306/1598/1310
f 308/1580/1296 1673/1610/1322 3528/1611/1323 1656/1601/1313
f 1673/1610/1322 314/1612/1324 1667/1613/1325 3528/1611/1323
f 3528/1611/1323 1667/1613/1325 313/1614/1326 1670/1615/1327
f 1656/1601/1313 3528/1611/1323 1670/1615/1327 307/1602/1314
f 305/1616/1290 1674/1617/1328 3529/1618/1329 1858/1575/1291
f 311/1619/1330 1859/1620/1331 3529/1618/1329 1674/1617/1328
f 341/1391/1144 1858/1621/1291 3529/1618/1329 1859/1620/1331
f 309/1578/1294 1675/1622/1332 3530/1623/1333 1657/1579/1295
f 1675/1622/1332 315/1624/1334 1668/1625/1335 3530/1623/1333
f 3530/1623/1333 1668/1625/1335 314/1612/1324 1673/1610/1322
f 1657/1579/1295 3530/1623/1333 1673/1610/1322 308/1580/1296
f 465/1584/1300 2013/1626/1336 3531/1627/1337 1979/1585/1301
f 2013/1626/1336 466/1628/1338 1980/1629/1339 3531/1627/1337
f 3531/1627/1337 1980/1629/1339 311/1619/1330 1674/1630/1328
f 1979/1585/1301 3531/1627/1337 1674/1630/1328 305/1586/1290
f 310/1590/1304 1672/1631/1340 3532/1632/1341 1658/1591/1305
f 1672/1631/1340 316/1633/1342 1669/1634/1343 3532/1632/1341
f 3532/1632/1344 1669/1634/1343 315/1624/1334 1675/1635/1332
f 1658/1591/1305 3532/1632/1344 1675/1635/1332 309/1592/1294
f 466/1628/1338 2012/1636/1345 3533/1637/1346 1980/1629/1339
f 2012/1636/1345 467/1638/1347 1981/1639/1348 3533/1637/1346
f 3533/1637/1346 1981/1639/1348 317/1640/1349 1682/1641/1350
f 1980/1629/1339 3533/1637/1346 1682/1641/1350 311/1619/1330
f 316/1633/1342 1683/1642/1351 3534/1643/1352 1669/1634/1343
f 1683/1642/1351 322/1644/1353 1680/1645/1354 3534/1643/1352
f 3534/1643/1352 1680/1645/1354 321/1646/1355 1684/1647/1356
f 1669/1634/1343 3534/1643/1352 1684/1647/1356 315/1624/1334
f 442/1606/1318 1964/1648/1357 3535/1649/1358 1932/1607/1319
f 1964/1648/1357 443/1650/1359 1933/1651/1360 3535/1649/1358
f 3535/1649/1358 1933/1651/1360 318/1652/1361 1681/1653/1362
f 1932/1607/1319 3535/1649/1358 1681/1653/1362 312/1608/1320
f 314/1612/1324 1686/1654/1363 3536/1655/1364 1667/1613/1325
f 1686/1654/1363 320/1656/1365 1678/1657/1366 3536/1655/1364
f 3536/1655/1364 1678/1657/1366 319/1658/1367 1685/1659/1368
f 1667/1613/1325 3536/1655/1364 1685/1659/1368 313/1614/1326
f 311/1660/1330 1682/1661/1350 3537/1662/1369 1859/1663/1331
f 317/1664/1349 1860/1665/1370 3537/1662/1369 1682/1661/1350
f 341/1391/1144 1859/1666/1331 3537/1662/1369 1860/1665/1370
f 315/1624/1334 1684/1647/1356 3538/1667/1371 1668/1625/1335
f 1684/1647/1356 321/1668/1355 1679/1669/1372 3538/1667/1371
f 3538/1667/1371 1679/1669/1372 320/1656/1365 1686/1654/1363
f 1668/1625/1335 3538/1667/1371 1686/1654/1363 314/1612/1324
f 320/1656/1365 1692/1670/1373 3539/1671/1374 1678/1657/1366
f 1692/1670/1373 326/1672/1375 1689/1673/1376 3539/1671/1374
f 3539/1671/1374 1689/1673/1376 325/1674/1377 1693/1675/1378
f 1678/1657/1366 3539/1671/1374 1693/1675/1378 319/1658/1367
f 317/1676/1349 1694/1677/1379 3540/1678/1380 1860/1665/1370
f 323/1679/1381 1861/1680/1382 3540/1678/1380 1694/1677/1379
f 341/1391/1144 1860/1681/1370 3540/1678/1380 1861/1682/1382
f 321/1668/1355 1695/1683/1383 3541/1684/1384 1679/1669/1372
f 1695/1683/1383 327/1685/1385 1690/1686/1386 3541/1684/1384
f 3541/1684/1384 1690/1686/1386 326/1672/1375 1692/1670/1373
f 1679/1669/1372 3541/1684/1384 1692/1670/1373 320/1656/1365
f 467/1638/1347 2011/1687/1387 3542/1688/1388 1981/1639/1348
f 2011/1687/1387 468/1689/1389 1982/1690/1390 3542/1688/1388
f 3542/1688/1388 1982/1690/1390 323/1691/1381 1694/1692/1379
f 1981/1639/1348 3542/1688/1388 1694/1692/1379 317/1640/1349
f 322/1644/1353 1697/1693/1391 3543/1694/1392 1680/1645/1354
f 1697/1693/1391 328/1695/1393 1691/1696/1394 3543/1694/1392
f 3543/1694/1392 1691/1696/1394 327/1697/1385 1695/1698/1383
f 1680/1645/1354 3543/1694/1392 1695/1698/1383 321/1646/1355
f 443/1650/1359 1963/1699/1395 3544/1700/1396 1933/1651/1360
f 1963/1699/1395 444/1701/1397 1934/1702/1398 3544/1700/1396
f 3544/1700/1396 1934/1702/1398 324/1703/1399 1696/1704/1400
f 1933/1651/1360 3544/1700/1396 1696/1704/1400 318/1652/1361
f 444/1701/1397 1962/1705/1401 3545/1706/1402 1934/1702/1398
f 1962/1705/1401 445/1707/1403 1935/1708/1404 3545/1706/1402
f 3545/1706/1402 1935/1708/1404 330/1709/1405 1704/1710/1406
f 1934/1702/1398 3545/1706/1402 1704/1710/1406 324/1703/1399
f 326/1672/1375 1706/1711/1407 3546/1712/1408 1689/1673/1376
f 1706/1711/1407 332/1713/1409 1700/1714/1410 3546/1712/1408
f 3546/1712/1408 1700/1714/1410 331/1715/1411 1703/1716/1412
f 1689/1673/1376 3546/1712/1408 1703/1716/1412 325/1674/1377
f 323/1717/1381 1707/1718/1413 3547/1719/1414 1861/1680/1382
f 329/1720/1415 1862/1721/1416 3547/1719/1414 1707/1722/1413
f 341/1391/1144 1861/1723/1382 3547/1719/1414 1862/1724/1416
f 327/1685/1385 1708/1725/1417 3548/1726/1418 1690/1686/1386
f 1708/1725/1417 333/1727/1419 1701/1728/1420 3548/1726/1418
f 3548/1726/1418 1701/1728/1420 332/1713/1409 1706/1711/1407
f 1690/1686/1386 3548/1726/1418 1706/1711/1407 326/1672/1375
f 468/1689/1389 2010/1729/1421 3549/1730/1422 1982/1690/1390
f 2010/1729/1421 469/1731/1423 1983/1732/1424 3549/1730/1422
f 3549/1730/1422 1983/1732/1424 329/1733/1415 1707/1734/1413
f 1982/1690/1390 3549/1730/1422 1707/1734/1413 323/1691/1381
f 328/1695/1393 1705/1735/1425 3550/1736/1426 1691/1696/1394
f 1705/1735/1425 334/1737/1427 1702/1738/1428 3550/1736/1426
f 3550/1736/1426 1702/1738/1428 333/1739/1419 1708/1740/1417
f 1691/1696/1394 3550/1736/1426 1708/1740/1417 327/1697/1385
f 333/1727/1419 1714/1741/1429 3551/1742/1430 1701/1728/1420
f 1714/1741/1429 339/1743/1431 1712/1744/1432 3551/1742/1430
f 3551/1742/1430 1712/1744/1432 338/1745/1433 1715/1746/1434
f 1701/1728/1420 3551/1742/1430 1715/1746/1434 332/1713/1409
f 469/1731/1423 2009/1747/1435 3552/1748/1436 1983/1732/1424
f 2009/1747/1435 470/1749/1437 1984/1750/1438 3552/1748/1436
f 3552/1748/1436 1984/1750/1438 335/1751/1439 1717/1752/1440
f 1983/1732/1424 3552/1748/1436 1717/1752/1440 329/1733/1415
f 334/1737/1427 1718/1753/1441 3553/1754/1442 1702/1738/1428
f 1718/1753/1441 340/1755/1443 1713/1756/1444 3553/1754/1442
f 3553/1754/1442 1713/1756/1444 339/1743/1431 1714/1757/1429
f 1702/1738/1428 3553/1754/1442 1714/1757/1429 333/1739/1419
f 445/1707/1403 1961/1758/1445 3554/1759/1446 1935/1708/1404
f 1961/1758/1445 446/1760/1447 1936/1761/1448 3554/1759/1446
f 3554/1759/1446 1936/1761/1448 336/1762/1449 1716/1763/1450
f 1935/1708/1404 3554/1759/1446 1716/1763/1450 330/1709/1405
f 332/1713/1409 1715/1746/1434 3555/1764/1451 1700/1714/1410
f 1715/1746/1434 338/1745/1433 1711/1765/1452 3555/1764/1451
f 3555/1764/1451 1711/1765/1452 337/1766/1453 1719/1767/1454
f 1700/1714/1410 3555/1764/1451 1719/1767/1454 331/1715/1411
f 329/1768/1415 1717/1769/1440 3556/1770/1455 1862/1771/1416
f 335/1772/1439 1863/1773/1456 3556/1770/1455 1717/1774/1440
f 341/1391/1144 1862/1721/1416 3556/1770/1455 1863/1775/1456
f 338/1745/1433 1726/1776/1457 3557/1777/1458 1711/1765/1452
f 1726/1776/1457 345/1778/1459 1723/1779/1460 3557/1777/1458
f 3557/1777/1458 1723/1779/1460 344/1780/1461 1727/1781/1462
f 1711/1765/1452 3557/1777/1458 1727/1781/1462 337/1766/1453
f 335/1782/1439 1728/1783/1463 3558/1784/1464 1863/1785/1456
f 342/1786/1465 1720/1787/1466 3558/1784/1464 1728/1788/1463
f 341/1391/1144 1863/1775/1456 3558/1784/1464 1720/1789/1466
f 339/1743/1431 1729/1790/1467 3559/1791/1468 1712/1744/1432
f 1729/1790/1467 346/1792/1469 1724/1793/1470 3559/1791/1468
f 3559/1791/1468 1724/1793/1470 345/1778/1459 1726/1776/1457
f 1712/1744/1432 3559/1791/1468 1726/1776/1457 338/1745/1433
f 470/1749/1437 2008/1794/1471 3560/1795/1472 1984/1750/1438
f 2008/1794/1471 471/1796/1473 1985/1797/1474 3560/1795/1472
f 3560/1795/1472 1985/1797/1474 342/1798/1465 1728/1799/1463
f 1984/1750/1438 3560/1795/1472 1728/1799/1463 335/1751/1439
f 340/1755/1443 1731/1800/1475 3561/1801/1476 1713/1756/1444
f 1731/1800/1475 347/1802/1477 1725/1803/1478 3561/1801/1476
f 3561/1801/1476 1725/1803/1478 346/1804/1469 1729/1805/1467
f 1713/1756/1444 3561/1801/1476 1729/1805/1467 339/1743/1431
f 446/1760/1447 1960/1806/1479 3562/1807/1480 1936/1761/1448
f 1960/1806/1479 447/1808/1481 1937/1809/1482 3562/1807/1480
f 3562/1807/1480 1937/1809/1482 343/1810/1483 1730/1811/1484
f 1936/1761/1448 3562/1807/1480 1730/1811/1484 336/1762/1449
f 347/1802/1477 1737/1812/1485 3563/1813/1486 1725/1803/1478
f 1737/1812/1485 353/1814/1487 1736/1815/1488 3563/1813/1486
f 3563/1813/1486 1736/1815/1488 352/1816/1489 1738/1817/1490
f 1725/1803/1478 3563/1813/1486 1738/1817/1490 346/1804/1469
f 447/1808/1481 1959/1818/1491 3564/1819/1492 1937/1809/1482
f 1959/1818/1491 448/1820/1493 1938/1821/1494 3564/1819/1492
f 3564/1819/1492 1938/1821/1494 349/1822/1495 1740/1823/1496
f 1937/1809/1482 3564/1819/1492 1740/1823/1496 343/1810/1483
f 345/1778/1459 1741/1824/1497 3565/1825/1498 1723/1779/1460
f 1741/1824/1497 351/1826/1499 1734/1827/1500 3565/1825/1498
f 3565/1825/1498 1734/1827/1500 350/1828/1501 1739/1829/1502
f 1723/1779/1460 3565/1825/1498 1739/1829/1502 344/1780/1461
f 342/1798/1465 1742/1830/1503 3566/1831/1504 1720/1787/1466
f 348/1832/1505 1864/1833/1506 3566/1831/1504 1742/1834/1503
f 341/1391/1144 1720/1789/1466 3566/1831/1504 1864/1835/1506
f 346/1792/1469 1738/1836/1490 3567/1837/1507 1724/1793/1470
f 1738/1836/1490 352/1838/1489 1735/1839/1508 3567/1837/1507
f 3567/1837/1507 1735/1839/1508 351/1826/1499 1741/1824/1497
f 1724/1793/1470 3567/1837/1507 1741/1824/1497 345/1778/1459
f 471/1796/1473 2007/1840/1509 3568/1841/1510 1985/1797/1474
f 2007/1840/1509 472/1842/1511 1986/1843/1512 3568/1841/1510
f 3568/1841/1510 1986/1843/1512 348/1832/1505 1742/1844/1503
f 1985/1797/1474 3568/1841/1510 1742/1844/1503 342/1798/1465
f 352/1838/1489 1748/1845/1513 3569/1846/1514 1735/1839/1508
f 1748/1845/1513 358/1847/1515 1746/1848/1516 3569/1846/1514
f 3569/1846/1514 1746/1848/1516 357/1849/1517 1749/1850/1518
f 1735/1839/1508 3569/1846/1514 1749/1850/1518 351/1826/1499
f 472/1842/1511 2006/1851/1519 3570/1852/1520 1986/1843/1512
f 2006/1851/1519 473/1853/1521 1987/1854/1522 3570/1852/1520
f 3570/1852/1520 1987/1854/1522 354/1855/1523 1751/1856/1524
f 1986/1843/1512 3570/1852/1520 1751/1856/1524 348/1832/1505
f 353/1814/1487 1752/1857/1525 3571/1858/1526 1736/1815/1488
f 1752/1857/1525 359/1859/1527 1747/1860/1528 3571/1858/1526
f 3571/1858/1526 1747/1860/1528 358/1861/1515 1748/1862/1513
f 1736/1815/1488 3571/1858/1526 1748/1862/1513 352/1816/1489
f 448/1820/1493 1958/1863/1529 3572/1864/1530 1938/1821/1494
f 1958/1863/1529 449/1865/1531 1939/1866/1532 3572/1864/1530
f 3572/1864/1530 1939/1866/1532 355/1867/1533 1750/1868/1534
f 1938/1821/1494 3572/1864/1530 1750/1868/1534 349/1822/1495
f 351/1826/1499 1749/1850/1518 3573/1869/1535 1734/1827/1500
f 1749/1850/1518 357/1849/1517 1745/1870/1536 3573/1869/1535
f 3573/1869/1535 1745/1870/1536 356/1871/1537 1753/1872/1538
f 1734/1827/1500 3573/1869/1535 1753/1872/1538 350/1828/1501
f 348/1832/1505 1751/1873/1524 3574/1874/1539 1864/1875/1506
f 354/1876/1523 1865/1877/1540 3574/1874/1539 1751/1878/1524
f 341/1391/1144 1864/1879/1506 3574/1874/1539 1865/1880/1540
f 357/1849/1517 1760/1881/1541 3575/1882/1542 1745/1870/1536
f 1760/1881/1541 363/1883/1543 1756/1884/1544 3575/1882/1542
f 3575/1882/1542 1756/1884/1544 362/1885/1545 1761/1886/1546
f 1745/1870/1536 3575/1882/1542 1761/1886/1546 356/1871/1537
f 354/1887/1523 1762/1888/1547 3576/1889/1548 1865/1877/1540
f 360/1890/1549 1866/1891/1550 3576/1889/1548 1762/1892/1547
f 341/1391/1144 1865/1893/1540 3576/1889/1548 1866/1894/1550
f 358/1847/1515 1763/1895/1551 3577/1896/1552 1746/1848/1516
f 1763/1895/1551 364/1897/1553 1757/1898/1554 3577/1896/1552
f 3577/1896/1552 1757/1898/1554 363/1883/1543 1760/1881/1541
f 1746/1848/1516 3577/1896/1552 1760/1881/1541 357/1849/1517
f 473/1853/1521 2005/1899/1555 3578/1900/1556 1987/1854/1522
f 2005/1899/1555 474/1901/1557 1988/1902/1558 3578/1900/1556
f 3578/1900/1556 1988/1902/1558 360/1903/1549 1762/1904/1547
f 1987/1854/1522 3578/1900/1556 1762/1904/1547 354/1855/1523
f 359/1859/1527 1759/1905/1559 3579/1906/1560 1747/1860/1528
f 1759/1905/1559 365/1907/1561 1758/1908/1562 3579/1906/1560
f 3579/1906/1560 1758/1908/1562 364/1909/1553 1763/1910/1551
f 1747/1860/1528 3579/1906/1560 1763/1910/1551 358/1861/1515
f 449/1865/1531 1957/1911/1563 3580/1912/1564 1939/1866/1532
f 1957/1911/1563 450/1913/1565 1940/1914/1566 3580/1912/1564
f 3580/1912/1564 1940/1914/1566 361/1915/1567 1764/1916/1568
f 1939/1866/1532 3580/1912/1564 1764/1916/1568 355/1867/1533
f 365/1907/1561 1770/1917/1569 3581/1918/1570 1758/1908/1562
f 1770/1917/1569 371/1919/1571 1769/1920/1572 3581/1918/1570
f 3581/1918/1570 1769/1920/1572 370/1921/1573 1771/1922/1574
f 1758/1908/1562 3581/1918/1570 1771/1922/1574 364/1909/1553
f 450/1913/1565 1956/1923/1575 3582/1924/1576 1940/1914/1566
f 1956/1923/1575 451/1925/1577 1941/1926/1578 3582/1924/1576
f 3582/1924/1576 1941/1926/1578 367/1927/1579 1773/1928/1580
f 1940/1914/1566 3582/1924/1576 1773/1928/1580 361/1915/1567
f 363/1883/1543 1774/1929/1581 3583/1930/1582 1756/1884/1544
f 1774/1929/1581 369/1931/1583 1767/1932/1584 3583/1930/1582
f 3583/1930/1582 1767/1932/1584 368/1933/1585 1772/1934/1586
f 1756/1884/1544 3583/1930/1582 1772/1934/1586 362/1885/1545
f 360/1935/1549 1775/1936/1587 3584/1937/1588 1866/1938/1550
f 366/1939/1589 1867/1940/1590 3584/1937/1588 1775/1941/1587
f 341/1391/1144 1866/1938/1550 3584/1937/1588 1867/1942/1590
f 364/1897/1553 1771/1922/1574 3585/1943/1591 1757/1898/1554
f 1771/1922/1574 370/1944/1573 1768/1945/1592 3585/1943/1591
f 3585/1943/1591 1768/1945/1592 369/1931/1583 1774/1929/1581
f 1757/1898/1554 3585/1943/1591 1774/1929/1581 363/1883/1543
f 474/1901/1557 2004/1946/1593 3586/1947/1594 1988/1902/1558
f 2004/1946/1593 475/1948/1595 1989/1949/1596 3586/1947/1594
f 3586/1947/1594 1989/1949/1596 366/1950/1589 1775/1951/1587
f 1988/1902/1558 3586/1947/1594 1775/1951/1587 360/1903/1549
f 370/1944/1573 1781/1952/1597 3587/1953/1598 1768/1945/1592
f 1781/1952/1597 376/1954/1599 1779/1955/1600 3587/1953/1598
f 3587/1953/1598 1779/1955/1600 375/1956/1601 1782/1957/1602
f 1768/1945/1592 3587/1953/1598 1782/1957/1602 369/1931/1583
f 475/1948/1595 2003/1958/1603 3588/1959/1604 1989/1949/1596
f 2003/1958/1603 476/1960/1605 1990/1961/1606 3588/1959/1604
f 3588/1959/1604 1990/1961/1606 372/1962/1607 1784/1963/1608
f 1989/1949/1596 3588/1959/1604 1784/1963/1608 366/1950/1589
f 371/1919/1571 1785/1964/1609 3589/1965/1610 1769/1920/1572
f 1785/1964/1609 377/1966/1611 1780/1967/1612 3589/1965/1610
f 3589/1965/1610 1780/1967/1612 376/1954/1599 1781/1968/1597
f 1769/1920/1572 3589/1965/1610 1781/1968/1597 370/1921/1573
f 451/1925/1577 1955/1969/1613 3590/1970/1614 1941/1926/1578
f 1955/1969/1613 452/1971/1615 1942/1972/1616 3590/1970/1614
f 3590/1970/1614 1942/1972/1616 373/1973/1617 1783/1974/1618
f 1941/1926/1578 3590/1970/1614 1783/1974/1618 367/1927/1579
f 369/1931/1583 1782/1957/1602 3591/1975/1619 1767/1932/1584
f 1782/1957/1602 375/1956/1601 1778/1976/1620 3591/1975/1619
f 3591/1975/1619 1778/1976/1620 374/1977/1621 1786/1978/1622
f 1767/1932/1584 3591/1975/1619 1786/1978/1622 368/1933/1585
f 366/1939/1589 1784/1963/1608 3592/1979/1623 1867/1980/1590
f 372/1981/1607 1868/1982/1624 3592/1979/1623 1784/1963/1608
f 341/1391/1144 1867/1980/1590 3592/1979/1623 1868/1982/1624
f 375/1956/1601 1793/1983/1625 3593/1984/1626 1778/1976/1620
f 1793/1983/1625 381/1985/1627 1789/1986/1628 3593/1984/1626
f 3593/1984/1626 1789/1986/1628 380/1987/1629 1794/1988/1630
f 1778/1976/1620 3593/1984/1626 1794/1988/1630 374/1977/1621
f 372/1989/1607 1795/1990/1631 3594/1991/1632 1868/1992/1624
f 378/1993/1633 1869/1994/1634 3594/1991/1632 1795/1995/1631
f 341/1391/1144 1868/1992/1624 3594/1991/1632 1869/1996/1634
f 376/1954/1599 1796/1997/1635 3595/1998/1636 1779/1955/1600
f 1796/1997/1635 382/1999/1637 1790/2000/1638 3595/1998/1636
f 3595/1998/1636 1790/2000/1638 381/1985/1627 1793/1983/1625
f 1779/1955/1600 3595/1998/1636 1793/1983/1625 375/1956/1601
f 476/1960/1605 2002/2001/1639 3596/2002/1640 1990/1961/1606
f 2002/2001/1639 477/2003/1641 1991/2004/1642 3596/2002/1640
f 3596/2002/1640 1991/2004/1642 378/2005/1633 1795/2006/1631
f 1990/1961/1606 3596/2002/1640 1795/2006/1631 372/1962/1607
f 377/1966/1611 1792/2007/1643 3597/2008/1644 1780/1967/1612
f 1792/2007/1643 383/2009/1645 1791/2010/1646 3597/2008/1644
f 3597/2008/1644 1791/2010/1646 382/2011/1637 1796/2012/1635
f 1780/1967/1612 3597/2008/1644 1796/2012/1635 376/1954/1599
f 452/1971/1615 1954/2013/1647 3598/2014/1648 1942/1972/1616
f 1954/2013/1647 453/2015/1649 1943/2016/1650 3598/2014/1648
f 3598/2014/1648 1943/2016/1650 379/2017/1651 1797/2018/1652
f 1942/1972/1616 3598/2014/1648 1797/2018/1652 373/1973/1617
f 383/2009/1645 1803/2019/1653 3599/2020/1654 1791/2010/1646
f 1803/2019/1653 389/2021/1655 1802/2022/1656 3599/2020/1654
f 3599/2020/1654 1802/2022/1656 388/2023/1657 1804/2024/1658
f 1791/2010/1646 3599/2020/1654 1804/2024/1658 382/2011/1637
f 453/2015/1649 1953/2025/1659 3600/2026/1660 1943/2016/1650
f 1953/2025/1659 454/2027/1661 1944/2028/1662 3600/2026/1660
f 3600/2026/1660 1944/2028/1662 385/2029/1663 1806/2030/1664
f 1943/2016/1650 3600/2026/1660 1806/2030/1664 379/2017/1651
f 381/1985/1627 1807/2031/1665 3601/2032/1666 1789/1986/1628
f 1807/2031/1665 387/2033/1667 1800/2034/1668 3601/2032/1666
f 3601/2032/1666 1800/2034/1668 386/2035/1669 1805/2036/1670
f 1789/1986/1628 3601/2032/1666 1805/2036/1670 380/1987/1629
f 378/2037/1633 1808/2038/1671 3602/2039/1672 1869/1994/1634
f 384/2040/1673 1870/2041/1674 3602/2039/1672 1808/2042/1671
f 341/1391/1144 1869/1996/1634 3602/2039/1672 1870/2043/1674
f 382/1999/1637 1804/2044/1658 3603/2045/1675 1790/2000/1638
f 1804/2044/1658 388/2046/1657 1801/2047/1676 3603/2045/1675
f 3603/2045/1675 1801/2047/1676 387/2033/1667 1807/2031/1665
f 1790/2000/1638 3603/2045/1675 1807/2031/1665 381/1985/1627
f 477/2003/1641 2001/2048/1677 3604/2049/1678 1991/2004/1642
f 2001/2048/1677 478/2050/1679 1992/2051/1680 3604/2049/1678
f 3604/2049/1678 1992/2051/1680 384/2052/1673 1808/2053/1671
f 1991/2004/1642 3604/2049/1678 1808/2053/1671 378/2005/1633
f 384/2054/1673 1814/2055/1681 3605/2056/1682 1870/2057/1674
f 390/2058/1683 1871/2059/1684 3605/2056/1682 1814/2060/1681
f 341/1391/1144 1870/2061/1674 3605/2056/1682 1871/2062/1684
f 388/2046/1657 1815/2063/1685 3606/2064/1686 1801/2047/1676
f 1815/2063/1685 394/2065/1687 1812/2066/1688 3606/2064/1686
f 3606/2064/1686 1812/2066/1688 393/2067/1689 1816/2068/1690
f 1801/2047/1676 3606/2064/1686 1816/2068/1690 387/2033/1667
f 478/2050/1679 2000/2069/1691 3607/2070/1692 1992/2051/1680
f 2000/2069/1691 479/2071/1693 1993/2072/1694 3607/2070/1692
f 3607/2070/1692 1993/2072/1694 390/2073/1683 1814/2055/1681
f 1992/2051/1680 3607/2070/1692 1814/2055/1681 384/2052/1673
f 389/2021/1655 1818/2074/1695 3608/2075/1696 1802/2022/1656
f 1818/2074/1695 395/2076/1697 1813/2077/1698 3608/2075/1696
f 3608/2075/1696 1813/2077/1698 394/2065/1687 1815/2078/1685
f 1802/2022/1656 3608/2075/1696 1815/2078/1685 388/2023/1657
f 454/2027/1661 1952/2079/1699 3609/2080/1700 1944/2028/1662
f 1952/2079/1699 455/2081/1701 1945/2082/1702 3609/2080/1700
f 3609/2080/1700 1945/2082/1702 391/2083/1703 1817/2084/1704
f 1944/2028/1662 3609/2080/1700 1817/2084/1704 385/2029/1663
f 387/2033/1667 1816/2068/1690 3610/2085/1705 1800/2034/1668
f 1816/2068/1690 393/2067/1689 1811/2086/1706 3610/2085/1705
f 3610/2085/1705 1811/2086/1706 392/2087/1707 1819/2088/1708
f 1800/2034/1668 3610/2085/1705 1819/2088/1708 386/2035/1669
f 393/2067/1689 1826/2089/1709 3611/2090/1710 1811/2086/1706
f 1826/2089/1709 399/2091/1711 1822/2092/1712 3611/2090/1710
f 3611/2090/1710 1822/2092/1712 398/2093/1713 1827/2094/1714
f 1811/2086/1706 3611/2090/1710 1827/2094/1714 392/2087/1707
f 390/2095/1683 1828/2096/1715 3612/2097/1716 1871/2062/1684
f 396/2098/1717 1872/2099/1718 3612/2097/1716 1828/2100/1715
f 341/1391/1144 1871/2101/1684 3612/2097/1716 1872/2099/1718
f 394/2065/1687 1829/2102/1719 3613/2103/1720 1812/2066/1688
f 1829/2102/1719 400/2104/1721 1823/2105/1722 3613/2103/1720
f 3613/2103/1720 1823/2105/1722 399/2091/1711 1826/2089/1709
f 1812/2066/1688 3613/2103/1720 1826/2089/1709 393/2067/1689
f 479/2071/1693 1999/2106/1723 3614/2107/1724 1993/2072/1694
f 1999/2106/1723 480/2108/1725 1994/2109/1726 3614/2107/1724
f 3614/2107/1724 1994/2109/1726 396/2110/1717 1828/2096/1715
f 1993/2072/1694 3614/2107/1724 1828/2096/1715 390/2073/1683
f 395/2076/1697 1825/2111/1727 3615/2112/1728 1813/2077/1698
f 1825/2111/1727 401/2113/1729 1824/2114/1730 3615/2112/1728
f 3615/2112/1728 1824/2114/1730 400/2115/1721 1829/2116/1719
f 1813/2077/1698 3615/2112/1728 1829/2116/1719 394/2065/1687
f 455/2081/1701 1951/2117/1731 3616/2118/1732 1945/2082/1702
f 1951/2117/1731 456/2119/1733 1946/2120/1734 3616/2118/1732
f 3616/2118/1732 1946/2120/1734 397/2121/1735 1830/2122/1736
f 1945/2082/1702 3616/2118/1732 1830/2122/1736 391/2083/1703
f 480/2108/1725 1998/2123/1737 3617/2124/1738 1994/2109/1726
f 1998/2123/1737 481/2125/1739 1995/2126/1740 3617/2124/1738
f 3617/2124/1738 1995/2126/1740 402/2127/1741 1837/2128/1742
f 1994/2109/1726 3617/2124/1738 1837/2128/1742 396/2110/1717
f 401/2113/1729 1838/2129/1743 3618/2130/1744 1824/2114/1730
f 1838/2129/1743 407/2131/1745 1835/2132/1746 3618/2130/1744
f 3618/2130/1744 1835/2132/1746 406/2133/1747 1839/2134/1748
f 1824/2114/1730 3618/2130/1744 1839/2134/1748 400/2115/1721
f 456/2119/1733 1950/2135/1749 3619/2136/1750 1946/2120/1734
f 1950/2135/1749 457/2137/1751 1947/2138/1752 3619/2136/1750
f 3619/2136/1750 1947/2138/1752 403/2139/1753 1836/2140/1754
f 1946/2120/1734 3619/2136/1750 1836/2140/1754 397/2121/1735
f 399/2091/1711 1841/2141/1755 3620/2142/1756 1822/2092/1712
f 1841/2141/1755 405/2143/1757 1833/2144/1758 3620/2142/1756
f 3620/2142/1756 1833/2144/1758 404/2145/1759 1840/2146/1760
f 1822/2092/1712 3620/2142/1756 1840/2146/1760 398/2093/1713
f 396/2147/1717 1837/2128/1742 3621/2148/1761 1872/2149/1718
f 402/2127/1741 1873/2150/1762 3621/2148/1761 1837/2151/1742
f 341/1391/1144 1872/2152/1718 3621/2148/1761 1873/2153/1762
f 400/2104/1721 1839/2154/1748 3622/2155/1763 1823/2105/1722
f 1839/2154/1748 406/2133/1747 1834/2156/1764 3622/2155/1763
f 3622/2155/1763 1834/2156/1764 405/2143/1757 1841/2141/1755
f 1823/2105/1722 3622/2155/1763 1841/2141/1755 399/2091/1711
f 402/2157/1741 1844/2158/1765 3623/2159/1766 1873/2153/1762
f 408/1385/1113 1847/2160/1142 3623/2159/1766 1844/2161/1765
f 341/1391/1144 1873/2153/1762 3623/2159/1766 1847/2162/1142
f 406/2133/1747 1874/2163/1767 3624/2164/1768 1834/2156/1764
f 1874/2163/1767 267/1393/1122 1589/1395/1146 3624/2164/1768
f 3624/2164/1768 1589/1395/1146 266/1376/1132 1875/2165/1769
f 1834/2156/1764 3624/2164/1768 1875/2165/1769 405/2143/1757
f 481/2125/1739 1997/2166/1770 3625/2167/1771 1995/2126/1740
f 1997/2166/1770 482/1349/1105 1996/1352/1108 3625/2167/1771
f 3625/2167/1771 1996/1352/1108 408/1357/1113 1844/2158/1765
f 1995/2126/1740 3625/2167/1771 1844/2158/1765 402/2127/1741
f 407/2131/1745 1876/2168/1772 3626/2169/1773 1835/2132/1746
f 1876/2168/1772 268/1358/1114 1590/1361/1117 3626/2169/1773
f 3626/2169/1773 1590/1361/1117 267/1366/1122 1874/2170/1767
f 1835/2132/1746 3626/2169/1773 1874/2170/1767 406/2133/1747
f 457/2137/1751 1949/2171/1774 3627/2172/1775 1947/2138/1752
f 1949/2171/1774 458/1367/1123 1948/1370/1126 3627/2172/1775
f 3627/2172/1775 1948/1370/1126 409/1375/1131 1845/2173/1776
f 1947/2138/1752 3627/2172/1775 1845/2173/1776 403/2139/1753
f 405/2143/1757 1875/2165/1769 3628/2174/1777 1833/2144/1758
f 1875/2165/1769 266/1376/1132 1848/1379/1135 3628/2174/1777
f 3628/2174/1777 1848/1379/1135 410/1384/1140 1846/2175/1778
f 1833/2144/1758 3628/2174/1777 1846/2175/1778 404/2145/1759
f 529/2176/1779 2116/2177/1780 3629/2178/1781 2091/2179/1782
f 2116/2177/1780 530/2180/1783 2092/2181/1784 3629/2178/1781
f 3629/2178/1781 2092/2181/1784 434/2182/1785 1901/2183/1786
f 2091/2179/1782 3629/2178/1781 1901/2183/1786 433/2184/1787
f 528/2185/1788 2115/2186/1789 3630/2187/1790 2090/2188/1791
f 2115/2186/1789 529/2176/1779 2091/2179/1782 3630/2187/1790
f 3630/2187/1790 2091/2179/1782 433/2184/1787 1902/2189/1792
f 2090/2188/1791 3630/2187/1790 1902/2189/1792 432/2190/1793
f 527/2191/1794 2114/2192/1795 3631/2193/1796 2089/2194/1797
f 2114/2192/1795 528/2185/1788 2090/2188/1791 3631/2193/1796
f 3631/2193/1796 2090/2188/1791 432/2190/1793 1903/2195/1798
f 2089/2194/1797 3631/2193/1796 1903/2195/1798 431/2196/1799
f 526/2197/1800 2113/2198/1801 3632/2199/1802 2088/2200/1803
f 2113/2198/1801 527/2191/1794 2089/2194/1797 3632/2199/1802
f 3632/2199/1802 2089/2194/1797 431/2196/1799 1904/2201/1804
f 2088/2200/1803 3632/2199/1802 1904/2201/1804 430/2202/1805
f 525/2203/1806 2112/2204/1807 3633/2205/1808 2087/2206/1809
f 2112/2204/1807 526/2197/1800 2088/2200/1803 3633/2205/1808
f 3633/2205/1808 2088/2200/1803 430/2202/1805 1905/2207/1810
f 2087/2206/1809 3633/2205/1808 1905/2207/1810 429/2208/1811
f 524/2209/1812 2111/2210/1813 3634/2211/1814 2086/2212/1815
f 2111/2210/1813 525/2203/1806 2087/2206/1809 3634/2211/1814
f 3634/2211/1814 2087/2206/1809 429/2208/1811 1906/2213/1816
f 2086/2212/1815 3634/2211/1814 1906/2213/1816 428/2214/1817
f 523/2215/1818 2110/2216/1819 3635/2217/1820 2085/2218/1821
f 2110/2216/1819 524/2209/1812 2086/2212/1815 3635/2217/1820
f 3635/2217/1820 2086/2212/1815 428/2214/1817 1907/2219/1822
f 2085/2218/1821 3635/2217/1820 1907/2219/1822 427/2220/1823
f 522/2221/1824 2109/2222/1825 3636/2223/1826 2084/2224/1827
f 2109/2222/1825 523/2215/1818 2085/2218/1821 3636/2223/1826
f 3636/2223/1826 2085/2218/1821 427/2220/1823 1908/2225/1828
f 2084/2224/1827 3636/2223/1826 1908/2225/1828 426/2226/1829
f 521/2227/1830 2108/2228/1831 3637/2229/1832 2083/2230/1833
f 2108/2228/1831 522/2221/1824 2084/2224/1827 3637/2229/1832
f 3637/2229/1832 2084/2224/1827 426/2226/1829 1909/2231/1834
f 2083/2230/1833 3637/2229/1832 1909/2231/1834 425/2232/1835
f 520/2233/1836 2107/2234/1837 3638/2235/1838 2082/2236/1839
f 2107/2234/1837 521/2227/1830 2083/2230/1833 3638/2235/1838
f 3638/2235/1838 2083/2230/1833 425/2232/1835 1910/2237/1840
f 2082/2236/1839 3638/2235/1838 1910/2237/1840 424/2238/1841
f 519/2239/1842 2106/2240/1843 3639/2241/1844 2081/2242/1845
f 2106/2240/1843 520/2233/1836 2082/2236/1839 3639/2241/1844
f 3639/2241/1844 2082/2236/1839 424/2238/1841 1911/2243/1846
f 2081/2242/1845 3639/2241/1844 1911/2243/1846 423/2244/1847
f 518/2245/1848 2105/2246/1849 3640/2247/1850 2080/2248/1851
f 2105/2246/1849 519/2239/1842 2081/2242/1845 3640/2247/1850
f 3640/2247/1850 2081/2242/1845 423/2244/1847 1912/2249/1852
f 2080/2248/1851 3640/2247/1850 1912/2249/1852 422/2250/1853
f 517/2251/1854 2104/2252/1855 3641/2253/1856 2079/2254/1857
f 2104/2252/1855 518/2245/1848 2080/2248/1851 3641/2253/1856
f 3641/2253/1856 2080/2248/1851 422/2250/1853 1913/2255/1858
f 2079/2254/1857 3641/2253/1856 1913/2255/1858 421/2256/1859
f 516/2257/1860 2103/2258/1861 3642/2259/1862 2078/2260/1863
f 2103/2258/1861 517/2251/1854 2079/2254/1857 3642/2259/1862
f 3642/2259/1862 2079/2254/1857 421/2256/1859 1914/2261/1864
f 2078/2260/1863 3642/2259/1862 1914/2261/1864 420/2262/1865
f 515/2263/1866 2102/2264/1867 3643/2265/1868 2077/2266/1869
f 2102/2264/1867 516/2257/1860 2078/2260/1863 3643/2265/1868
f 3643/2265/1868 2078/2260/1863 420/2262/1865 1915/2267/1870
f 2077/2266/1869 3643/2265/1868 1915/2267/1870 419/2268/1871
f 514/2269/1872 2101/2270/1873 3644/2271/1874 2076/2272/1875
f 2101/2270/1873 515/2263/1866 2077/2266/1869 3644/2271/1874
f 3644/2271/1874 2077/2266/1869 419/2268/1871 1916/2273/1876
f 2076/2272/1875 3644/2271/1874 1916/2273/1876 418/2274/1877
f 513/2275/1878 2100/2276/1879 3645/2277/1880 2075/2278/1881
f 2100/2276/1879 514/2269/1872 2076/2272/1875 3645/2277/1880
f 3645/2277/1880 2076/2272/1875 418/2274/1877 1917/2279/1882
f 2075/2278/1881 3645/2277/1880 1917/2279/1882 417/2280/1883
f 512/2281/1884 2099/2282/1885 3646/2283/1886 2074/2284/1887
f 2099/2282/1885 513/2275/1878 2075/2278/1881 3646/2283/1886
f 3646/2283/1886 2075/2278/1881 417/2280/1883 1918/2285/1888
f 2074/2284/1887 3646/2283/1886 1918/2285/1888 416/2286/1889
f 511/2287/1890 2098/2288/1891 3647/2289/1892 2073/2290/1893
f 2098/2288/1891 512/2281/1884 2074/2284/1887 3647/2289/1892
f 3647/2289/1892 2074/2284/1887 416/2286/1889 1919/2291/1894
f 2073/2290/1893 3647/2289/1892 1919/2291/1894 415/2292/1895
f 510/2293/1896 2097/2294/1897 3648/2295/1898 2072/2296/1899
f 2097/2294/1897 511/2287/1890 2073/2290/1893 3648/2295/1898
f 3648/2295/1898 2073/2290/1893 415/2292/1895 1920/2297/1900
f 2072/2296/1899 3648/2295/1898 1920/2297/1900 414/2298/1901
f 509/2299/1902 2096/2300/1903 3649/2301/1904 2071/2302/1905
f 2096/2300/1903 510/2293/1896 2072/2296/1899 3649/2301/1904
f 3649/2301/1904 2072/2296/1899 414/2298/1901 1921/2303/1906
f 2071/2302/1905 3649/2301/1904 1921/2303/1906 413/2304/1907
f 508/2305/1908 2095/2306/1909 3650/2307/1910 2070/2308/1911
f 2095/2306/1909 509/2299/1902 2071/2302/1905 3650/2307/1910
f 3650/2307/1910 2071/2302/1905 413/2304/1907 1922/2309/1912
f 2070/2308/1911 3650/2307/1910 1922/2309/1912 412/2310/1913
f 507/2311/1914 2094/2312/1915 3651/2313/1916 2069/2314/1917
f 2094/2312/1915 508/2305/1908 2070/2308/1911 3651/2313/1916
f 3651/2313/1916 2070/2308/1911 412/2310/1913 1923/2315/1918
f 2069/2314/1917 3651/2313/1916 1923/2315/1918 411/2316/1919
f 530/2180/1783 2093/2317/1920 3652/2318/1921 2092/2181/1784
f 2093/2317/1920 507/2311/1914 2069/2314/1917 3652/2318/1921
f 3652/2318/1921 2069/2314/1917 411/2316/1919 1924/2319/1922
f 2092/2181/1784 3652/2318/1921 1924/2319/1922 434/2182/1785
f 404/2145/1759 1846/2175/1778 3653/2320/1923 1832/2321/1924
f 1846/2175/1778 410/1384/1140 1843/2322/1925 3653/2320/1923
f 3653/2320/1923 1843/2322/1925 458/1367/1123 1949/2171/1774
f 1832/2321/1924 3653/2320/1923 1949/2171/1774 457/2137/1751
f 398/2093/1713 1840/2146/1760 3654/2323/1926 1821/2324/1927
f 1840/2146/1760 404/2145/1759 1832/2321/1924 3654/2323/1926
f 3654/2323/1926 1832/2321/1924 457/2137/1751 1950/2135/1749
f 1821/2324/1927 3654/2323/1926 1950/2135/1749 456/2119/1733
f 392/2087/1707 1827/2094/1714 3655/2325/1928 1810/2326/1929
f 1827/2094/1714 398/2093/1713 1821/2324/1927 3655/2325/1928
f 3655/2325/1928 1821/2324/1927 456/2119/1733 1951/2117/1731
f 1810/2326/1929 3655/2325/1928 1951/2117/1731 455/2081/1701
f 386/2035/1669 1819/2088/1708 3656/2327/1930 1799/2328/1931
f 1819/2088/1708 392/2087/1707 1810/2326/1929 3656/2327/1930
f 3656/2327/1930 1810/2326/1929 455/2081/1701 1952/2079/1699
f 1799/2328/1931 3656/2327/1930 1952/2079/1699 454/2027/1661
f 380/1987/1629 1805/2036/1670 3657/2329/1932 1788/2330/1933
f 1805/2036/1670 386/2035/1669 1799/2328/1931 3657/2329/1932
f 3657/2329/1932 1799/2328/1931 454/2027/1661 1953/2025/1659
f 1788/2330/1933 3657/2329/1932 1953/2025/1659 453/2015/1649
f 374/1977/1621 1794/1988/1630 3658/2331/1934 1777/2332/1935
f 1794/1988/1630 380/1987/1629 1788/2330/1933 3658/2331/1934
f 3658/2331/1934 1788/2330/1933 453/2015/1649 1954/2013/1647
f 1777/2332/1935 3658/2331/1934 1954/2013/1647 452/1971/1615
f 368/1933/1585 1786/1978/1622 3659/2333/1936 1766/2334/1937
f 1786/1978/1622 374/1977/1621 1777/2332/1935 3659/2333/1936
f 3659/2333/1936 1777/2332/1935 452/1971/1615 1955/1969/1613
f 1766/2334/1937 3659/2333/1936 1955/1969/1613 451/1925/1577
f 362/1885/1545 1772/1934/1586 3660/2335/1938 1755/2336/1939
f 1772/1934/1586 368/1933/1585 1766/2334/1937 3660/2335/1938
f 3660/2335/1938 1766/2334/1937 451/1925/1577 1956/1923/1575
f 1755/2336/1939 3660/2335/1938 1956/1923/1575 450/1913/1565
f 356/1871/1537 1761/1886/1546 3661/2337/1940 1744/2338/1941
f 1761/1886/1546 362/1885/1545 1755/2336/1939 3661/2337/1940
f 3661/2337/1940 1755/2336/1939 450/1913/1565 1957/1911/1563
f 1744/2338/1941 3661/2337/1940 1957/1911/1563 449/1865/1531
f 350/1828/1501 1753/1872/1538 3662/2339/1942 1733/2340/1943
f 1753/1872/1538 356/1871/1537 1744/2338/1941 3662/2339/1942
f 3662/2339/1942 1744/2338/1941 449/1865/1531 1958/1863/1529
f 1733/2340/1943 3662/2339/1942 1958/1863/1529 448/1820/1493
f 344/1780/1461 1739/1829/1502 3663/2341/1944 1722/2342/1945
f 1739/1829/1502 350/1828/1501 1733/2340/1943 3663/2341/1944
f 3663/2341/1944 1733/2340/1943 448/1820/1493 1959/1818/1491
f 1722/2342/1945 3663/2341/1944 1959/1818/1491 447/1808/1481
f 337/1766/1453 1727/1781/1462 3664/2343/1946 1710/2344/1947
f 1727/1781/1462 344/1780/1461 1722/2342/1945 3664/2343/1946
f 3664/2343/1946 1722/2342/1945 447/1808/1481 1960/1806/1479
f 1710/2344/1947 3664/2343/1946 1960/1806/1479 446/1760/1447
f 331/1715/1411 1719/1767/1454 3665/2345/1948 1699/2346/1949
f 1719/1767/1454 337/1766/1453 1710/2344/1947 3665/2345/1948
f 3665/2345/1948 1710/2344/1947 446/1760/1447 1961/1758/1445
f 1699/2346/1949 3665/2345/1948 1961/1758/1445 445/1707/1403
f 325/1674/1377 1703/1716/1412 3666/2347/1950 1688/2348/1951
f 1703/1716/1412 331/1715/1411 1699/2346/1949 3666/2347/1950
f 3666/2347/1950 1699/2346/1949 445/1707/1403 1962/1705/1401
f 1688/2348/1951 3666/2347/1950 1962/1705/1401 444/1701/1397
f 319/1658/1367 1693/1675/1378 3667/2349/1952 1677/2350/1953
f 1693/1675/1378 325/1674/1377 1688/2348/1951 3667/2349/1952
f 3667/2349/1952 1688/2348/1951 444/1701/1397 1963/1699/1395
f 1677/2350/1953 3667/2349/1952 1963/1699/1395 443/1650/1359
f 313/1614/1326 1685/1659/1368 3668/2351/1954 1666/2352/1955
f 1685/1659/1368 319/1658/1367 1677/2350/1953 3668/2351/1954
f 3668/2351/1954 1677/2350/1953 443/1650/1359 1964/1648/1357
f 1666/2352/1955 3668/2351/1954 1964/1648/1357 442/1606/1318
f 307/1602/1314 1670/1615/1327 3669/2353/1956 1655/2354/1957
f 1670/1615/1327 313/1614/1326 1666/2352/1955 3669/2353/1956
f 3669/2353/1956 1666/2352/1955 442/1606/1318 1965/1604/1316
f 1655/2354/1957 3669/2353/1956 1965/1604/1316 441/1596/1308
f 301/1555/1282 1664/1603/1315 3670/2355/1958 1644/2356/1959
f 1664/1603/1315 307/1602/1314 1655/2354/1957 3670/2355/1958
f 3670/2355/1958 1655/2354/1957 441/1596/1308 1966/1594/1306
f 1644/2356/1959 3670/2355/1958 1966/1594/1306 440/1547/1274
f 295/1504/1236 1652/1556/1283 3671/2357/1960 1633/2358/1961
f 1652/1556/1283 301/1555/1282 1644/2356/1959 3671/2357/1960
f 3671/2357/1960 1644/2356/1959 440/1547/1274 1967/1545/1272
f 1633/2358/1961 3671/2357/1960 1967/1545/1272 439/1529/1256
f 289/1498/1230 1639/1505/1237 3672/2359/1962 1622/2360/1963
f 1639/1505/1237 295/1504/1236 1633/2358/1961 3672/2359/1962
f 3672/2359/1962 1633/2358/1961 439/1529/1256 1968/1527/1254
f 1622/2360/1963 3672/2359/1962 1968/1527/1254 438/1492/1224
f 283/1447/1192 1631/1499/1231 3673/2361/1964 1611/2362/1965
f 1631/1499/1231 289/1498/1230 1622/2360/1963 3673/2361/1964
f 3673/2361/1964 1622/2360/1963 438/1492/1224 1969/1490/1222
f 1611/2362/1965 3673/2361/1964 1969/1490/1222 437/1439/1184
f 277/1402/1152 1617/1448/1193 3674/2363/1966 1600/2364/1967
f 1617/1448/1193 283/1447/1192 1611/2362/1965 3674/2363/1966
f 3674/2363/1966 1611/2362/1965 437/1439/1184 1970/1437/1182
f 1600/2364/1967 3674/2363/1966 1970/1437/1182 436/1427/1172
f 271/1382/1138 1606/1403/1153 3675/2365/1968 1592/2366/1969
f 1606/1403/1153 277/1402/1152 1600/2364/1967 3675/2365/1968
f 3675/2365/1968 1600/2364/1967 436/1427/1172 1971/1425/1170
f 1592/2366/1969 3675/2365/1968 1971/1425/1170 435/1371/1127
f 410/1384/1140 1852/1383/1139 3676/2367/1970 1843/2322/1925
f 1852/1383/1139 271/1382/1138 1592/2366/1969 3676/2367/1970
f 3676/2367/1970 1592/2366/1969 435/1371/1127 1972/1368/1124
f 1843/2322/1925 3676/2367/1970 1972/1368/1124 458/1367/1123
f 505/2368/1971 2068/2369/1972 3677/2370/1973 2043/2371/1974
f 2068/2369/1972 506/2372/1975 2044/2373/1976 3677/2370/1973
f 3677/2370/1973 2044/2373/1976 482/2374/1105 1997/2375/1770
f 2043/2371/1974 3677/2370/1973 1997/2375/1770 481/2376/1739
f 504/2377/1977 2067/2378/1978 3678/2379/1979 2042/2380/1980
f 2067/2378/1978 505/2381/1971 2043/2382/1974 3678/2379/1979
f 3678/2379/1979 2043/2382/1974 481/2125/1739 1998/2123/1737
f 2042/2380/1980 3678/2379/1979 1998/2123/1737 480/2108/1725
f 503/2383/1981 2066/2384/1982 3679/2385/1983 2041/2386/1984
f 2066/2384/1982 504/2377/1977 2042/2387/1980 3679/2385/1983
f 3679/2385/1983 2042/2387/1980 480/2388/1725 1999/2389/1723
f 2041/2386/1984 3679/2385/1983 1999/2389/1723 479/2390/1693
f 502/2391/1985 2065/2392/1986 3680/2393/1987 2040/2394/1988
f 2065/2392/1986 503/2383/1981 2041/2386/1984 3680/2393/1987
f 3680/2393/1987 2041/2386/1984 479/2390/1693 2000/2069/1691
f 2040/2394/1988 3680/2393/1987 2000/2069/1691 478/2395/1679
f 501/2396/1989 2064/2397/1990 3681/2398/1991 2039/2399/1992
f 2064/2397/1990 502/2391/1985 2040/2394/1988 3681/2398/1991
f 3681/2398/1991 2040/2394/1988 478/2395/1679 2001/2400/1677
f 2039/2399/1992 3681/2398/1991 2001/2400/1677 477/2401/1641
f 500/2402/1993 2063/2403/1994 3682/2404/1995 2038/2405/1996
f 2063/2403/1994 501/2406/1989 2039/2407/1992 3682/2404/1995
f 3682/2404/1995 2039/2407/1992 477/2003/1641 2002/2001/1639
f 2038/2405/1996 3682/2404/1995 2002/2001/1639 476/1960/1605
f 499/2408/1997 2062/2409/1998 3683/2410/1999 2037/2411/2000
f 2062/2409/1998 500/2412/1993 2038/2413/1996 3683/2410/1999
f 3683/2410/1999 2038/2413/1996 476/2414/1605 2003/2415/1603
f 2037/2411/2000 3683/2410/1999 2003/2415/1603 475/2416/1595
f 498/2417/2001 2061/2418/2002 3684/2419/2003 2036/2420/2004
f 2061/2418/2002 499/2421/1997 2037/2422/2000 3684/2419/2003
f 3684/2419/2003 2037/2422/2000 475/1948/1595 2004/1946/1593
f 2036/2420/2004 3684/2419/2003 2004/1946/1593 474/1901/1557
f 497/2423/2005 2060/2424/2006 3685/2425/2007 2035/2426/2008
f 2060/2424/2006 498/2427/2001 2036/2428/2004 3685/2425/2007
f 3685/2425/2007 2036/2428/2004 474/2429/1557 2005/1899/1555
f 2035/2426/2008 3685/2425/2007 2005/1899/1555 473/2430/1521
f 496/2431/2009 2059/2432/2010 3686/2433/2011 2034/2434/2012
f 2059/2432/2010 497/2423/2005 2035/2426/2008 3686/2433/2011
f 3686/2433/2011 2035/2426/2008 473/2430/1521 2006/1851/1519
f 2034/2434/2012 3686/2433/2011 2006/1851/1519 472/2435/1511
f 495/2436/2013 2058/2437/2014 3687/2438/2015 2033/2439/2016
f 2058/2437/2014 496/2440/2009 2034/2441/2012 3687/2438/2015
f 3687/2438/2015 2034/2441/2012 472/1842/1511 2007/1840/1509
f 2033/2439/2016 3687/2438/2015 2007/1840/1509 471/1796/1473
f 494/2442/2017 2057/2443/2018 3688/2444/2019 2032/2445/2020
f 2057/2443/2018 495/2446/2013 2033/2447/2016 3688/2444/2019
f 3688/2444/2019 2033/2447/2016 471/2448/1473 2008/2449/1471
f 2032/2445/2020 3688/2444/2019 2008/2449/1471 470/2450/1437
f 493/2451/2021 2056/2452/2022 3689/2453/2023 2031/2454/2024
f 2056/2452/2022 494/2455/2017 2032/2456/2020 3689/2453/2023
f 3689/2453/2023 2032/2456/2020 470/1749/1437 2009/1747/1435
f 2031/2454/2024 3689/2453/2023 2009/1747/1435 469/1731/1423
f 492/2457/2025 2055/2458/2026 3690/2459/2027 2030/2460/2028
f 2055/2458/2026 493/2461/2021 2031/2462/2024 3690/2459/2027
f 3690/2459/2027 2031/2462/2024 469/2463/1423 2010/2464/1421
f 2030/2460/2028 3690/2459/2027 2010/2464/1421 468/2465/1389
f 491/2466/2029 2054/2467/2030 3691/2468/2031 2029/2469/2032
f 2054/2467/2030 492/2457/2025 2030/2460/2028 3691/2468/2031
f 3691/2468/2031 2030/2460/2028 468/2465/1389 2011/2470/1387
f 2029/2469/2032 3691/2468/2031 2011/2470/1387 467/1638/1347
f 490/2471/2033 2053/2472/2034 3692/2473/2035 2028/2474/2036
f 2053/2472/2034 491/2466/2029 2029/2469/2032 3692/2473/2035
f 3692/2473/2035 2029/2469/2032 467/1638/1347 2012/2475/1345
f 2028/2474/2036 3692/2473/2035 2012/2475/1345 466/2476/1338
f 489/2477/2037 2052/2478/2038 3693/2479/2039 2027/2480/2040
f 2052/2478/2038 490/2471/2033 2028/2474/2036 3693/2479/2039
f 3693/2479/2039 2028/2474/2036 466/2476/1338 2013/1626/1336
f 2027/2480/2040 3693/2479/2039 2013/1626/1336 465/2481/1300
f 488/2482/2041 2051/2483/2042 3694/2484/2043 2026/2485/2044
f 2051/2483/2042 489/2477/2037 2027/2486/2040 3694/2484/2043
f 3694/2484/2043 2027/2486/2040 465/1584/1300 2014/1582/1298
f 2026/2485/2044 3694/2484/2043 2014/1582/1298 464/1535/1262
f 487/2487/2045 2050/2488/2046 3695/2489/2047 2025/2490/2048
f 2050/2488/2046 488/2491/2041 2026/2492/2044 3695/2489/2047
f 3695/2489/2047 2026/2492/2044 464/2493/1262 2015/2494/1260
f 2025/2490/2048 3695/2489/2047 2015/2494/1260 463/2495/1248
f 486/2496/2049 2049/2497/2050 3696/2498/2051 2024/2499/2052
f 2049/2497/2050 487/2500/2045 2025/2501/2048 3696/2498/2051
f 3696/2498/2051 2025/2501/2048 463/1518/1248 2016/1516/1246
f 2024/2499/2052 3696/2498/2051 2016/1516/1246 462/1480/1216
f 485/2502/2053 2048/2503/2054 3697/2504/2055 2023/2505/2056
f 2048/2503/2054 486/2506/2049 2024/2507/2052 3697/2504/2055
f 3697/2504/2055 2024/2507/2052 462/2508/1216 2017/2509/1214
f 2023/2505/2056 3697/2504/2055 2017/2509/1214 461/2510/1202
f 484/2511/2057 2047/2512/2058 3698/2513/2059 2022/2514/2060
f 2047/2512/2058 485/2502/2053 2023/2505/2056 3698/2513/2059
f 3698/2513/2059 2023/2505/2056 461/2510/1202 2018/2515/1200
f 2022/2514/2060 3698/2513/2059 2018/2515/1200 460/2516/1164
f 483/2517/2061 2046/2518/2062 3699/2519/2063 2021/2520/2064
f 2046/2518/2062 484/2511/2057 2022/2514/2060 3699/2519/2063
f 3699/2519/2063 2022/2514/2060 460/2516/1164 2019/2521/1162
f 2021/2520/2064 3699/2519/2063 2019/2521/1162 459/2522/1109
f 506/2523/1975 2045/2524/2065 3700/2525/2066 2044/2526/1976
f 2045/2524/2065 483/2527/2061 2021/2528/2064 3700/2525/2066
f 3700/2525/2066 2021/2528/2064 459/1353/1109 2020/1350/1106
f 2044/2526/1976 3700/2525/2066 2020/1350/1106 482/1349/1105
f 434/2529/1785 1924/2530/1922 3701/2531/2067 1900/2532/2068
f 1924/2530/1922 411/2316/1919 1877/2533/2069 3701/2531/2067
f 3701/2531/2067 1877/2533/2069 483/2527/2061 2045/2524/2065
f 1900/2532/2068 3701/2531/2067 2045/2524/2065 506/2523/1975
f 411/2316/1919 1923/2315/1918 3702/2534/2070 1877/2535/2069
f 1923/2315/1918 412/2310/1913 1878/2536/2071 3702/2534/2070
f 3702/2534/2070 1878/2536/2071 484/2511/2057 2046/2518/2062
f 1877/2535/2069 3702/2534/2070 2046/2518/2062 483/2517/2061
f 412/2310/1913 1922/2309/1912 3703/2537/2072 1878/2536/2071
f 1922/2309/1912 413/2304/1907 1879/2538/2073 3703/2537/2072
f 3703/2537/2072 1879/2538/2073 485/2502/2053 2047/2512/2058
f 1878/2536/2071 3703/2537/2072 2047/2512/2058 484/2511/2057
f 413/2304/1907 1921/2303/1906 3704/2539/2074 1879/2538/2073
f 1921/2303/1906 414/2298/1901 1880/2540/2075 3704/2539/2074
f 3704/2539/2074 1880/2540/2075 486/2506/2049 2048/2503/2054
f 1879/2538/2073 3704/2539/2074 2048/2503/2054 485/2502/2053
f 414/2541/1901 1920/2542/1900 3705/2543/2076 1880/2540/2075
f 1920/2542/1900 415/2544/1895 1881/2545/2077 3705/2543/2076
f 3705/2543/2076 1881/2545/2077 487/2500/2045 2049/2497/2050
f 1880/2540/2075 3705/2543/2076 2049/2497/2050 486/2496/2049
f 415/2544/1895 1919/2546/1894 3706/2547/2078 1881/2545/2077
f 1919/2546/1894 416/2548/1889 1882/2549/2079 3706/2547/2078
f 3706/2547/2078 1882/2549/2079 488/2482/2041 2050/2550/2046
f 1881/2545/2077 3706/2547/2078 2050/2550/2046 487/2500/2045
f 416/2548/1889 1918/2551/1888 3707/2552/2080 1882/2549/2079
f 1918/2551/1888 417/2553/1883 1883/2554/2081 3707/2552/2080
f 3707/2552/2080 1883/2554/2081 489/2477/2037 2051/2483/2042
f 1882/2549/2079 3707/2552/2080 2051/2483/2042 488/2482/2041
f 417/2280/1883 1917/2279/1882 3708/2555/2082 1883/2556/2081
f 1917/2279/1882 418/2274/1877 1884/2557/2083 3708/2555/2082
f 3708/2555/2082 1884/2557/2083 490/2471/2033 2052/2478/2038
f 1883/2556/2081 3708/2555/2082 2052/2478/2038 489/2477/2037
f 418/2274/1877 1916/2273/1876 3709/2558/2084 1884/2557/2083
f 1916/2273/1876 419/2268/1871 1885/2559/2085 3709/2558/2084
f 3709/2558/2084 1885/2559/2085 491/2466/2029 2053/2472/2034
f 1884/2557/2083 3709/2558/2084 2053/2472/2034 490/2471/2033
f 419/2268/1871 1915/2267/1870 3710/2560/2086 1885/2559/2085
f 1915/2267/1870 420/2262/1865 1886/2561/2087 3710/2560/2086
f 3710/2560/2086 1886/2561/2087 492/2457/2025 2054/2467/2030
f 1885/2559/2085 3710/2560/2086 2054/2467/2030 491/2466/2029
f 420/2262/1865 1914/2261/1864 3711/2562/2088 1886/2561/2087
f 1914/2261/1864 421/2256/1859 1887/2563/2089 3711/2562/2088
f 3711/2562/2088 1887/2563/2089 493/2461/2021 2055/2458/2026
f 1886/2561/2087 3711/2562/2088 2055/2458/2026 492/2457/2025
f 421/2564/1859 1913/2565/1858 3712/2566/2090 1887/2563/2089
f 1913/2565/1858 422/2250/1853 1888/2567/2091 3712/2566/2090
f 3712/2566/2090 1888/2567/2091 494/2455/2017 2056/2452/2022
f 1887/2563/2089 3712/2566/2090 2056/2452/2022 493/2451/2021
f 422/2250/1853 1912/2568/1852 3713/2569/2092 1888/2567/2091
f 1912/2568/1852 423/2244/1847 1889/2570/2093 3713/2569/2092
f 3713/2569/2092 1889/2570/2093 495/2436/2013 2057/2571/2018
f 1888/2567/2091 3713/2569/2092 2057/2571/2018 494/2455/2017
f 423/2244/1847 1911/2572/1846 3714/2573/2094 1889/2570/2093
f 1911/2572/1846 424/2574/1841 1890/2575/2095 3714/2573/2094
f 3714/2573/2094 1890/2575/2095 496/2440/2009 2058/2437/2014
f 1889/2570/2093 3714/2573/2094 2058/2437/2014 495/2436/2013
f 424/2238/1841 1910/2237/1840 3715/2576/2096 1890/2577/2095
f 1910/2237/1840 425/2232/1835 1891/2578/2097 3715/2576/2096
f 3715/2576/2096 1891/2578/2097 497/2423/2005 2059/2432/2010
f 1890/2577/2095 3715/2576/2096 2059/2432/2010 496/2431/2009
f 425/2232/1835 1909/2231/1834 3716/2579/2098 1891/2578/2097
f 1909/2231/1834 426/2226/1829 1892/2580/2099 3716/2579/2098
f 3716/2579/2098 1892/2580/2099 498/2427/2001 2060/2424/2006
f 1891/2578/2097 3716/2579/2098 2060/2424/2006 497/2423/2005
f 426/2226/1829 1908/2581/1828 3717/2582/2100 1892/2583/2099
f 1908/2581/1828 427/2584/1823 1893/2585/2101 3717/2582/2100
f 3717/2582/2100 1893/2585/2101 499/2421/1997 2061/2418/2002
f 1892/2583/2099 3717/2582/2100 2061/2418/2002 498/2417/2001
f 427/2584/1823 1907/2586/1822 3718/2587/2102 1893/2585/2101
f 1907/2586/1822 428/2214/1817 1894/2588/2103 3718/2587/2102
f 3718/2587/2102 1894/2588/2103 500/2402/1993 2062/2589/1998
f 1893/2585/2101 3718/2587/2102 2062/2589/1998 499/2421/1997
f 428/2214/1817 1906/2590/1816 3719/2591/2104 1894/2588/2103
f 1906/2590/1816 429/2592/1811 1895/2593/2105 3719/2591/2104
f 3719/2591/2104 1895/2593/2105 501/2406/1989 2063/2403/1994
f 1894/2588/2103 3719/2591/2104 2063/2403/1994 500/2402/1993
f 429/2208/1811 1905/2207/1810 3720/2594/2106 1895/2593/2105
f 1905/2207/1810 430/2202/1805 1896/2595/2107 3720/2594/2106
f 3720/2594/2106 1896/2595/2107 502/2391/1985 2064/2397/1990
f 1895/2593/2105 3720/2594/2106 2064/2397/1990 501/2396/1989
f 430/2202/1805 1904/2201/1804 3721/2596/2108 1896/2595/2107
f 1904/2201/1804 431/2196/1799 1897/2597/2109 3721/2596/2108
f 3721/2596/2108 1897/2597/2109 503/2383/1981 2065/2392/1986
f 1896/2595/2107 3721/2596/2108 2065/2392/1986 502/2391/1985
f 431/2196/1799 1903/2195/1798 3722/2598/2110 1897/2597/2109
f 1903/2195/1798 432/2190/1793 1898/2599/2111 3722/2598/2110
f 3722/2598/2110 1898/2599/2111 504/2377/1977 2066/2384/1982
f 1897/2597/2109 3722/2598/2110 2066/2384/1982 503/2383/1981
f 432/2600/1793 1902/2601/1792 3723/2602/2112 1898/2603/2111
f 1902/2601/1792 433/2604/1787 1899/2605/2113 3723/2602/2112
f 3723/2602/2112 1899/2605/2113 505/2381/1971 2067/2378/1978
f 1898/2603/2111 3723/2602/2112 2067/2378/1978 504/2377/1977
f 433/2604/1787 1901/2606/1786 3724/2607/2114 1899/2605/2113
f 1901/2606/1786 434/2529/1785 1900/2532/2068 3724/2607/2114
f 3724/2607/2114 1900/2532/2068 506/2523/1975 2068/2608/1972
f 1899/2605/2113 3724/2607/2114 2068/2608/1972 505/2381/1971
f 409/1375/1131 1850/1374/1130 3725/2609/2115 1842/2610/2116
f 1850/1374/1130 270/1373/1129 1591/2611/2117 3725/2609/2115
f 3725/2609/2115 1591/2611/2117 507/2311/1914 2093/2317/1920
f 1842/2610/2116 3725/2609/2115 2093/2317/1920 530/2180/1783
f 270/1373/1129 1609/1430/1175 3726/2612/2118 1591/2611/2117
f 1609/1430/1175 276/1429/1174 1599/2613/2119 3726/2612/2118
f 3726/2612/2118 1599/2613/2119 508/2305/1908 2094/2312/1915
f 1591/2611/2117 3726/2612/2118 2094/2312/1915 507/2311/1914
f 276/1429/1174 1618/1442/1187 3727/2614/2120 1599/2613/2119
f 1618/1442/1187 282/1441/1186 1610/2615/2121 3727/2614/2120
f 3727/2614/2120 1610/2615/2121 509/2299/1902 2095/2306/1909
f 1599/2613/2119 3727/2614/2120 2095/2306/1909 508/2305/1908
f 282/1441/1186 1629/1495/1227 3728/2616/2122 1610/2615/2121
f 1629/1495/1227 288/1494/1226 1621/2617/2123 3728/2616/2122
f 3728/2616/2122 1621/2617/2123 510/2293/1896 2096/2300/1903
f 1610/2615/2121 3728/2616/2122 2096/2300/1903 509/2299/1902
f 288/1494/1226 1642/1532/1259 3729/2618/2124 1621/2617/2123
f 1642/1532/1259 294/1531/1258 1632/2619/2125 3729/2618/2124
f 3729/2618/2124 1632/2619/2125 511/2287/1890 2097/2294/1897
f 1621/2617/2123 3729/2618/2124 2097/2294/1897 510/2293/1896
f 294/1531/1258 1648/1550/1277 3730/2620/2126 1632/2619/2125
f 1648/1550/1277 300/1549/1276 1643/2621/2127 3730/2620/2126
f 3730/2620/2126 1643/2621/2127 512/2281/1884 2098/2288/1891
f 1632/2619/2125 3730/2620/2126 2098/2288/1891 511/2287/1890
f 300/1549/1276 1662/1599/1311 3731/2622/2128 1643/2621/2127
f 1662/1599/1311 306/1598/1310 1654/2623/2129 3731/2622/2128
f 3731/2622/2128 1654/2623/2129 513/2275/1878 2099/2282/1885
f 1643/2621/2127 3731/2622/2128 2099/2282/1885 512/2281/1884
f 306/1598/1310 1671/1609/1321 3732/2624/2130 1654/2623/2129
f 1671/1609/1321 312/1608/1320 1665/2625/2131 3732/2624/2130
f 3732/2624/2130 1665/2625/2131 514/2269/1872 2100/2276/1879
f 1654/2623/2129 3732/2624/2130 2100/2276/1879 513/2275/1878
f 312/1608/1320 1681/1653/1362 3733/2626/2132 1665/2625/2131
f 1681/1653/1362 318/1652/1361 1676/2627/2133 3733/2626/2132
f 3733/2626/2132 1676/2627/2133 515/2263/1866 2101/2270/1873
f 1665/2625/2131 3733/2626/2132 2101/2270/1873 514/2269/1872
f 318/1652/1361 1696/1704/1400 3734/2628/2134 1676/2627/2133
f 1696/1704/1400 324/1703/1399 1687/2629/2135 3734/2628/2134
f 3734/2628/2134 1687/2629/2135 516/2257/1860 2102/2264/1867
f 1676/2627/2133 3734/2628/2134 2102/2264/1867 515/2263/1866
f 324/1703/1399 1704/1710/1406 3735/2630/2136 1687/2629/2135
f 1704/1710/1406 330/1709/1405 1698/2631/2137 3735/2630/2136
f 3735/2630/2136 1698/2631/2137 517/2251/1854 2103/2258/1861
f 1687/2629/2135 3735/2630/2136 2103/2258/1861 516/2257/1860
f 330/1709/1405 1716/1763/1450 3736/2632/2138 1698/2631/2137
f 1716/1763/1450 336/1762/1449 1709/2633/2139 3736/2632/2138
f 3736/2632/2138 1709/2633/2139 518/2245/1848 2104/2252/1855
f 1698/2631/2137 3736/2632/2138 2104/2252/1855 517/2251/1854
f 336/1762/1449 1730/1811/1484 3737/2634/2140 1709/2633/2139
f 1730/1811/1484 343/1810/1483 1721/2635/2141 3737/2634/2140
f 3737/2634/2140 1721/2635/2141 519/2239/1842 2105/2246/1849
f 1709/2633/2139 3737/2634/2140 2105/2246/1849 518/2245/1848
f 343/1810/1483 1740/1823/1496 3738/2636/2142 1721/2635/2141
f 1740/1823/1496 349/1822/1495 1732/2637/2143 3738/2636/2142
f 3738/2636/2142 1732/2637/2143 520/2233/1836 2106/2240/1843
f 1721/2635/2141 3738/2636/2142 2106/2240/1843 519/2239/1842
f 349/1822/1495 1750/1868/1534 3739/2638/2144 1732/2637/2143
f 1750/1868/1534 355/1867/1533 1743/2639/2145 3739/2638/2144
f 3739/2638/2144 1743/2639/2145 521/2227/1830 2107/2234/1837
f 1732/2637/2143 3739/2638/2144 2107/2234/1837 520/2233/1836
f 355/1867/1533 1764/1916/1568 3740/2640/2146 1743/2639/2145
f 1764/1916/1568 361/1915/1567 1754/2641/2147 3740/2640/2146
f 3740/2640/2146 1754/2641/2147 522/2221/1824 2108/2228/1831
f 1743/2639/2145 3740/2640/2146 2108/2228/1831 521/2227/1830
f 361/1915/1567 1773/1928/1580 3741/2642/2148 1754/2641/2147
f 1773/1928/1580 367/1927/1579 1765/2643/2149 3741/2642/2148
f 3741/2642/2148 1765/2643/2149 523/2215/1818 2109/2222/1825
f 1754/2641/2147 3741/2642/2148 2109/2222/1825 522/2221/1824
f 367/1927/1579 1783/1974/1618 3742/2644/2150 1765/2643/2149
f 1783/1974/1618 373/1973/1617 1776/2645/2151 3742/2644/2150
f 3742/2644/2150 1776/2645/2151 524/2209/1812 2110/2216/1819
f 1765/2643/2149 3742/2644/2150 2110/2216/1819 523/2215/1818
f 373/1973/1617 1797/2018/1652 3743/2646/2152 1776/2645/2151
f 1797/2018/1652 379/2017/1651 1787/2647/2153 3743/2646/2152
f 3743/2646/2152 1787/2647/2153 525/2203/1806 2111/2210/1813
f 1776/2645/2151 3743/2646/2152 2111/2210/1813 524/2209/1812
f 379/2017/1651 1806/2030/1664 3744/2648/2154 1787/2647/2153
f 1806/2030/1664 385/2029/1663 1798/2649/2155 3744/2648/2154
f 3744/2648/2154 1798/2649/2155 526/2197/1800 2112/2204/1807
f 1787/2647/2153 3744/2648/2154 2112/2204/1807 525/2203/1806
f 385/2029/1663 1817/2084/1704 3745/2650/2156 1798/2649/2155
f 1817/2084/1704 391/2083/1703 1809/2651/2157 3745/2650/2156
f 3745/2650/2156 1809/2651/2157 527/2191/1794 2113/2198/1801
f 1798/2649/2155 3745/2650/2156 2113/2198/1801 526/2197/1800
f 391/2083/1703 1830/2122/1736 3746/2652/2158 1809/2651/2157
f 1830/2122/1736 397/2121/1735 1820/2653/2159 3746/2652/2158
f 3746/2652/2158 1820/2653/2159 528/2185/1788 2114/2192/1795
f 1809/2651/2157 3746/2652/2158 2114/2192/1795 527/2191/1794
f 397/2121/1735 1836/2140/1754 3747/2654/2160 1820/2653/2159
f 1836/2140/1754 403/2139/1753 1831/2655/2161 3747/2654/2160
f 3747/2654/2160 1831/2655/2161 529/2176/1779 2115/2186/1789
f 1820/2653/2159 3747/2654/2160 2115/2186/1789 528/2185/1788
f 403/2139/1753 1845/2173/1776 3748/2656/2162 1831/2655/2161
f 1845/2173/1776 409/1375/1131 1842/2610/2116 3748/2656/2162
f 3748/2656/2162 1842/2610/2116 530/2180/1783 2116/2177/1780
f 1831/2655/2161 3748/2656/2162 2116/2177/1780 529/2176/1779
f 3/2657/10 1068/2658/13 3749/2659/2163 2117/2660/2164
f 1068/2658/13 9/2661/18 2118/2662/2165 3749/2659/2163
f 3749/2659/2166 2118/2662/2167 274/2663/1118 1596/2664/1115
f 2117/2660/2168 3749/2659/2166 1596/2664/1115 268/2665/2169
f 9/2661/18 1076/2666/63 3750/2667/2170 2118/2662/2165
f 1076/2666/63 15/2668/65 2119/2669/2171 3750/2667/2170
f 3750/2667/2172 2119/2669/2173 280/2670/1168 1604/2671/1166
f 2118/2662/2167 3750/2667/2172 1604/2671/1166 274/2663/1118
f 15/2668/65 1087/2672/73 3751/2673/2174 2119/2669/2171
f 1087/2672/73 21/2674/78 2120/2675/2175 3751/2673/2174
f 3751/2673/2176 2120/2675/2177 286/2676/1178 1615/2677/1176
f 2119/2669/2173 3751/2673/2176 1615/2677/1176 280/2670/1168
f 21/2678/78 1102/2679/116 3752/2680/2178 2120/2681/2175
f 1102/2679/116 27/2682/118 2121/2683/2179 3752/2680/2178
f 3752/2680/2180 2121/2683/2181 292/2684/1220 1630/2685/1218
f 2120/2681/2177 3752/2680/2180 1630/2685/1218 286/2686/1178
f 27/2682/118 1109/2687/148 3753/2688/2182 2121/2683/2179
f 1109/2687/148 33/2689/2183 2122/2690/2184 3753/2688/2182
f 3753/2688/2185 2122/2690/2186 298/2691/1252 1637/2692/1250
f 2121/2683/2181 3753/2688/2185 1637/2692/1250 292/2684/1220
f 33/2689/2183 1122/2693/164 3754/2694/2187 2122/2690/2184
f 1122/2693/164 39/2695/168 2123/2696/2188 3754/2694/2187
f 3754/2694/2189 2123/2696/2190 304/2697/2191 1650/2698/2192
f 2122/2690/2186 3754/2694/2189 1650/2698/2192 298/2691/1252
f 39/2695/168 1135/2699/200 3755/2700/2193 2123/2696/2188
f 1135/2699/200 45/2701/203 2124/2702/2194 3755/2700/2193
f 3755/2700/2195 2124/2702/2196 310/2703/1304 1663/2704/1302
f 2123/2696/2190 3755/2700/2195 1663/2704/1302 304/2697/2191
f 45/2701/203 1144/2705/239 3756/2706/2197 2124/2702/2194
f 1144/2705/239 51/2707/243 2125/2708/2198 3756/2706/2197
f 3756/2706/2199 2125/2708/2200 316/2709/1342 1672/2710/1340
f 2124/2702/2196 3756/2706/2199 1672/2710/1340 310/2703/1304
f 51/2707/243 1155/2711/251 3757/2712/2201 2125/2708/2198
f 1155/2711/251 57/2713/255 2126/2714/2202 3757/2712/2201
f 3757/2712/2203 2126/2714/2204 322/2715/2205 1683/2716/1351
f 2125/2708/2200 3757/2712/2203 1683/2716/1351 316/2709/1342
f 57/2717/255 1169/2718/292 3758/2719/2206 2126/2720/2202
f 1169/2718/292 63/2721/294 2127/2722/2207 3758/2719/2206
f 3758/2719/2208 2127/2722/2209 328/2723/1393 1697/2724/1391
f 2126/2720/2204 3758/2719/2208 1697/2724/1391 322/2725/2205
f 63/2721/294 1177/2726/2210 3759/2727/2211 2127/2722/2207
f 1177/2726/2210 69/2728/2212 2128/2729/2213 3759/2727/2211
f 3759/2727/2214 2128/2729/2215 334/2730/2216 1705/2731/2217
f 2127/2722/2209 3759/2727/2214 1705/2731/2217 328/2723/1393
f 69/2728/2212 1190/2732/2218 3760/2733/2219 2128/2729/2213
f 1190/2732/2218 75/2734/2220 2129/2735/2221 3760/2733/2219
f 3760/2733/2222 2129/2735/2223 340/2736/2224 1718/2737/2225
f 2128/2729/2215 3760/2733/2222 1718/2737/2225 334/2730/2216
f 75/2734/2220 1203/2738/2226 3761/2739/2227 2129/2735/2221
f 1203/2738/2226 82/2740/2228 2130/2741/2229 3761/2739/2227
f 3761/2739/2230 2130/2741/2231 347/2742/2232 1731/2743/2233
f 2129/2735/2223 3761/2739/2230 1731/2743/2233 340/2736/2224
f 82/2740/2228 1209/2744/2234 3762/2745/2235 2130/2741/2229
f 1209/2744/2234 88/2746/2236 2131/2747/2237 3762/2745/2235
f 3762/2745/2238 2131/2747/2239 353/2748/2240 1737/2749/2241
f 2130/2741/2231 3762/2745/2238 1737/2749/2241 347/2742/2232
f 88/2746/2236 1224/2750/2242 3763/2751/2243 2131/2747/2237
f 1224/2750/2242 94/2752/428 2132/2753/2244 3763/2751/2243
f 3763/2751/2245 2132/2753/2246 359/2754/1527 1752/2755/2247
f 2131/2747/2239 3763/2751/2245 1752/2755/2247 353/2748/2240
f 94/2756/428 1231/2757/460 3764/2758/2248 2132/2759/2244
f 1231/2757/460 100/2760/462 2133/2761/2249 3764/2758/2248
f 3764/2758/2250 2133/2761/2251 365/2762/1561 1759/2763/1559
f 2132/2759/2246 3764/2758/2250 1759/2763/1559 359/2764/1527
f 100/2760/462 1242/2765/470 3765/2766/2252 2133/2761/2249
f 1242/2765/470 106/2767/474 2134/2768/2253 3765/2766/2252
f 3765/2766/2254 2134/2768/2255 371/2769/1571 1770/2770/1569
f 2133/2761/2251 3765/2766/2254 1770/2770/1569 365/2762/1561
f 106/2767/474 1257/2771/510 3766/2772/2256 2134/2768/2253
f 1257/2771/510 112/2773/512 2135/2774/2257 3766/2772/2256
f 3766/2772/2258 2135/2774/2259 377/2775/1611 1785/2776/1609
f 2134/2768/2255 3766/2772/2258 1785/2776/1609 371/2769/1571
f 112/2773/512 1264/2777/544 3767/2778/2260 2135/2774/2257
f 1264/2777/544 118/2779/546 2136/2780/2261 3767/2778/2260
f 3767/2778/2262 2136/2780/2263 383/2781/1645 1792/2782/1643
f 2135/2774/2259 3767/2778/2262 1792/2782/1643 377/2775/1611
f 118/2779/546 1275/2783/554 3768/2784/2264 2136/2780/2261
f 1275/2783/554 124/2785/558 2137/2786/2265 3768/2784/2264
f 3768/2784/2266 2137/2786/2267 389/2787/1655 1803/2788/1653
f 2136/2780/2263 3768/2784/2266 1803/2788/1653 383/2781/1645
f 124/2785/558 1290/2789/597 3769/2790/2268 2137/2786/2265
f 1290/2789/597 130/2791/599 2138/2792/2269 3769/2790/2268
f 3769/2790/2270 2138/2792/2271 395/2793/1697 1818/2794/1695
f 2137/2786/2267 3769/2790/2270 1818/2794/1695 389/2787/1655
f 130/2795/599 1297/2796/629 3770/2797/2272 2138/2798/2269
f 1297/2796/629 136/2799/631 2139/2800/2273 3770/2797/2272
f 3770/2797/2274 2139/2800/2275 401/2801/1729 1825/2802/1727
f 2138/2798/2271 3770/2797/2274 1825/2802/1727 395/2803/1697
f 136/2799/631 1310/2804/645 3771/2805/2276 2139/2800/2273
f 1310/2804/645 142/2806/2277 2140/2807/2278 3771/2805/2276
f 3771/2805/2279 2140/2807/2280 407/2808/2281 1838/2809/1743
f 2139/2800/2275 3771/2805/2279 1838/2809/1743 401/2801/1729
f 142/2806/2277 1348/2810/2282 3772/2811/2283 2140/2807/2278
f 1348/2810/2282 3/2657/10 2117/2660/2164 3772/2811/2283
f 3772/2811/2284 2117/2660/2168 268/2665/2169 1876/2812/2285
f 2140/2807/2280 3772/2811/2284 1876/2812/2285 407/2808/2281
f 747/2813/2286 2572/2814/2287 3773/2815/2288 2548/2816/2289
f 2572/2814/2287 724/2817/2290 2525/2818/2291 3773/2815/2288
f 3773/2815/2288 2525/2818/2291 534/2819/2292 2403/2820/2293
f 2548/2816/2289 3773/2815/2288 2403/2820/2293 673/2821/2294
f 533/2822/2295 2148/2823/2296 3774/2824/2297 2142/2825/2298
f 2148/2823/2296 539/2826/2299 2147/2827/2300 3774/2824/2297
f 3774/2824/2297 2147/2827/2300 538/2828/2301 2149/2829/2302
f 2142/2825/2298 3774/2824/2297 2149/2829/2302 532/2830/2303
f 723/2831/2304 2524/2832/2305 3775/2833/2306 2500/2834/2307
f 2524/2832/2305 700/2835/2308 2477/2836/2309 3775/2833/2306
f 3775/2833/2306 2477/2836/2309 535/2837/2310 2402/2838/2311
f 2500/2834/2307 3775/2833/2306 2402/2838/2311 674/2839/2312
f 531/2840/2313 2150/2841/2314 3776/2842/2315 2400/2843/2316
f 2150/2841/2314 537/2844/2317 2145/2845/2318 3776/2842/2315
f 3776/2842/2315 2145/2845/2318 536/2846/2319 2404/2847/2320
f 2400/2843/2316 3776/2842/2315 2404/2847/2320 675/2848/2321
f 673/2849/2294 2403/2820/2293 3777/2850/2322 2399/2851/1142
f 534/2852/2292 2401/2853/2323 3777/2850/2322 2403/2854/2293
f 606/2855/1144 2399/2856/1142 3777/2850/2322 2401/2857/2323
f 532/2858/2303 2149/2859/2302 3778/2860/2324 2141/2861/2325
f 2149/2859/2302 538/2862/2301 2146/2863/2326 3778/2860/2324
f 3778/2860/2324 2146/2863/2326 537/2844/2317 2150/2841/2314
f 2141/2861/2325 3778/2860/2324 2150/2841/2314 531/2840/2313
f 537/2844/2317 2157/2864/2327 3779/2865/2328 2145/2845/2318
f 2157/2864/2327 543/2866/2329 2153/2867/2330 3779/2865/2328
f 3779/2865/2328 2153/2867/2330 542/2868/2331 2158/2869/2332
f 2145/2845/2318 3779/2865/2328 2158/2869/2332 536/2846/2319
f 534/2870/2292 2159/2871/2333 3780/2872/2334 2401/2873/2323
f 540/2874/2335 2405/2875/2336 3780/2872/2334 2159/2876/2333
f 606/2855/1144 2401/2873/2323 3780/2872/2334 2405/2877/2336
f 538/2862/2301 2160/2878/2337 3781/2879/2338 2146/2863/2326
f 2160/2878/2337 544/2880/2339 2154/2881/2340 3781/2879/2338
f 3781/2879/2338 2154/2881/2340 543/2866/2329 2157/2864/2327
f 2146/2863/2326 3781/2879/2338 2157/2864/2327 537/2844/2317
f 724/2817/2290 2571/2882/2341 3782/2883/2342 2525/2818/2291
f 2571/2882/2341 725/2884/2343 2526/2885/2344 3782/2883/2342
f 3782/2883/2342 2526/2885/2344 540/2874/2335 2159/2876/2333
f 2525/2818/2291 3782/2883/2342 2159/2876/2333 534/2819/2292
f 539/2826/2299 2156/2886/2345 3783/2887/2346 2147/2827/2300
f 2156/2886/2345 545/2888/2347 2155/2889/2348 3783/2887/2346
f 3783/2887/2346 2155/2889/2348 544/2890/2349 2160/2891/2337
f 2147/2827/2300 3783/2887/2346 2160/2891/2337 538/2828/2301
f 700/2835/2308 2523/2892/2350 3784/2893/2351 2477/2836/2309
f 2523/2892/2350 701/2894/2352 2478/2895/2353 3784/2893/2351
f 3784/2893/2351 2478/2895/2353 541/2896/2354 2161/2897/2355
f 2477/2836/2309 3784/2893/2351 2161/2897/2355 535/2837/2310
f 545/2888/2347 2167/2898/2356 3785/2899/2357 2155/2889/2348
f 2167/2898/2356 551/2900/2358 2166/2901/2359 3785/2899/2357
f 3785/2899/2357 2166/2901/2359 550/2902/2360 2168/2903/2361
f 2155/2889/2348 3785/2899/2357 2168/2903/2361 544/2890/2349
f 701/2894/2352 2522/2904/2362 3786/2905/2363 2478/2895/2353
f 2522/2904/2362 702/2906/2364 2479/2907/2365 3786/2905/2363
f 3786/2905/2363 2479/2907/2365 547/2908/2366 2170/2909/2367
f 2478/2895/2353 3786/2905/2363 2170/2909/2367 541/2896/2354
f 543/2866/2329 2171/2910/2368 3787/2911/2369 2153/2867/2330
f 2171/2910/2368 549/2912/2370 2164/2913/2371 3787/2911/2369
f 3787/2911/2369 2164/2913/2371 548/2914/2372 2169/2915/2373
f 2153/2867/2330 3787/2911/2369 2169/2915/2373 542/2868/2331
f 540/2874/2335 2172/2916/2374 3788/2917/2375 2405/2918/2336
f 546/2919/2376 2406/2920/2377 3788/2917/2375 2172/2921/2374
f 606/2855/1144 2405/2875/2336 3788/2917/2375 2406/2922/2377
f 544/2880/2339 2168/2923/2361 3789/2924/2378 2154/2881/2340
f 2168/2923/2361 550/2925/2360 2165/2926/2379 3789/2924/2378
f 3789/2924/2378 2165/2926/2379 549/2912/2370 2171/2910/2368
f 2154/2881/2340 3789/2924/2378 2171/2910/2368 543/2866/2329
f 725/2884/2343 2570/2927/2380 3790/2928/2381 2526/2885/2344
f 2570/2927/2380 726/2929/2382 2527/2930/2383 3790/2928/2381
f 3790/2928/2381 2527/2930/2383 546/2931/2376 2172/2932/2374
f 2526/2885/2344 3790/2928/2381 2172/2932/2374 540/2874/2335
f 546/2933/2376 2178/2934/2384 3791/2935/2385 2406/2936/2377
f 552/2937/2386 2407/2938/1207 3791/2935/2385 2178/2939/2384
f 606/2855/1144 2406/2940/2377 3791/2935/2385 2407/2941/1207
f 550/2925/2360 2179/2942/2387 3792/2943/2388 2165/2926/2379
f 2179/2942/2387 556/2944/2389 2176/2945/2390 3792/2943/2388
f 3792/2943/2388 2176/2945/2390 555/2946/2391 2180/2947/2392
f 2165/2926/2379 3792/2943/2388 2180/2947/2392 549/2912/2370
f 726/2929/2382 2569/2948/2393 3793/2949/2394 2527/2930/2383
f 2569/2948/2393 727/2950/2395 2528/2951/2396 3793/2949/2394
f 3793/2949/2394 2528/2951/2396 552/2952/2386 2178/2953/2384
f 2527/2930/2383 3793/2949/2394 2178/2953/2384 546/2931/2376
f 551/2900/2358 2182/2954/2397 3794/2955/2398 2166/2901/2359
f 2182/2954/2397 557/2956/2399 2177/2957/2400 3794/2955/2398
f 3794/2955/2398 2177/2957/2400 556/2958/2389 2179/2959/2387
f 2166/2901/2359 3794/2955/2398 2179/2959/2387 550/2902/2360
f 702/2906/2364 2521/2960/2401 3795/2961/2402 2479/2907/2365
f 2521/2960/2401 703/2962/2403 2480/2963/2404 3795/2961/2402
f 3795/2961/2402 2480/2963/2404 553/2964/2405 2181/2965/2406
f 2479/2907/2365 3795/2961/2402 2181/2965/2406 547/2908/2366
f 549/2912/2370 2180/2947/2392 3796/2966/2407 2164/2913/2371
f 2180/2947/2392 555/2946/2391 2175/2967/2408 3796/2966/2407
f 3796/2966/2407 2175/2967/2408 554/2968/2409 2183/2969/2410
f 2164/2913/2371 3796/2966/2407 2183/2969/2410 548/2914/2372
f 555/2946/2391 2190/2970/2411 3797/2971/2412 2175/2967/2408
f 2190/2970/2411 561/2972/2413 2186/2973/2414 3797/2971/2412
f 3797/2971/2412 2186/2973/2414 560/2974/2415 2191/2975/2416
f 2175/2967/2408 3797/2971/2412 2191/2975/2416 554/2968/2409
f 552/2937/2386 2192/2976/2417 3798/2977/2418 2407/2978/1207
f 558/2979/2419 2408/2980/1241 3798/2977/2418 2192/2981/2417
f 606/2855/1144 2407/2941/1207 3798/2977/2418 2408/2982/1241
f 556/2944/2389 2193/2983/2420 3799/2984/2421 2176/2945/2390
f 2193/2983/2420 562/2985/2422 2187/2986/2423 3799/2984/2421
f 3799/2984/2421 2187/2986/2423 561/2972/2413 2190/2970/2411
f 2176/2945/2390 3799/2984/2421 2190/2970/2411 555/2946/2391
f 727/2950/2395 2568/2987/2424 3800/2988/2425 2528/2951/2396
f 2568/2987/2424 728/2989/2426 2529/2990/2427 3800/2988/2425
f 3800/2988/2425 2529/2990/2427 558/2991/2419 2192/2976/2417
f 2528/2951/2396 3800/2988/2425 2192/2976/2417 552/2952/2386
f 557/2956/2399 2189/2992/2428 3801/2993/2429 2177/2957/2400
f 2189/2992/2428 563/2994/2430 2188/2995/2431 3801/2993/2429
f 3801/2993/2429 2188/2995/2431 562/2996/2422 2193/2983/2420
f 2177/2957/2400 3801/2993/2429 2193/2983/2420 556/2958/2389
f 703/2962/2403 2520/2997/2432 3802/2998/2433 2480/2963/2404
f 2520/2997/2432 704/2999/2434 2481/3000/2435 3802/2998/2433
f 3802/2998/2433 2481/3000/2435 559/3001/2436 2194/3002/2437
f 2480/2963/2404 3802/2998/2433 2194/3002/2437 553/2964/2405
f 728/2989/2426 2567/3003/2438 3803/3004/2439 2529/2990/2427
f 2567/3003/2438 729/3005/2440 2530/3006/2441 3803/3004/2439
f 3803/3004/2439 2530/3006/2441 564/3007/2442 2201/3008/2443
f 2529/2990/2427 3803/3004/2439 2201/3008/2443 558/2991/2419
f 563/2994/2430 2202/3009/2444 3804/3010/2445 2188/2995/2431
f 2202/3009/2444 569/3011/2446 2199/3012/2447 3804/3010/2445
f 3804/3010/2445 2199/3012/2447 568/3013/2448 2203/3014/2449
f 2188/2995/2431 3804/3010/2445 2203/3014/2449 562/2996/2422
f 704/2999/2434 2519/3015/2450 3805/3016/2451 2481/3000/2435
f 2519/3015/2450 705/3017/2452 2482/3018/2453 3805/3016/2451
f 3805/3016/2451 2482/3018/2453 565/3019/2454 2200/3020/2455
f 2481/3000/2435 3805/3016/2451 2200/3020/2455 559/3001/2436
f 561/2972/2413 2205/3021/2456 3806/3022/2457 2186/2973/2414
f 2205/3021/2456 567/3023/2458 2197/3024/2459 3806/3022/2457
f 3806/3022/2457 2197/3024/2459 566/3025/2460 2204/3026/2461
f 2186/2973/2414 3806/3022/2457 2204/3026/2461 560/2974/2415
f 558/3027/2419 2201/3028/2443 3807/3029/2462 2408/3030/1241
f 564/3031/2442 2409/3032/1285 3807/3029/2462 2201/3033/2443
f 606/2855/1144 2408/3030/1241 3807/3029/2462 2409/3034/1285
f 562/2985/2422 2203/3035/2449 3808/3036/2463 2187/2986/2423
f 2203/3035/2449 568/3013/2448 2198/3037/2464 3808/3036/2463
f 3808/3036/2463 2198/3037/2464 567/3023/2458 2205/3021/2456
f 2187/2986/2423 3808/3036/2463 2205/3021/2456 561/2972/2413
f 564/3038/2442 2211/3039/2465 3809/3040/2466 2409/3041/1285
f 570/3042/2467 2410/3043/1291 3809/3040/2466 2211/3044/2465
f 606/2855/1144 2409/3032/1285 3809/3040/2466 2410/3045/1291
f 568/3013/2448 2212/3046/2468 3810/3047/2469 2198/3037/2464
f 2212/3046/2468 574/3048/2470 2209/3049/2471 3810/3047/2469
f 3810/3047/2469 2209/3049/2471 573/3050/2472 2213/3051/2473
f 2198/3037/2464 3810/3047/2469 2213/3051/2473 567/3023/2458
f 729/3005/2440 2566/3052/2474 3811/3053/2475 2530/3006/2441
f 2566/3052/2474 730/3054/2476 2531/3055/2477 3811/3053/2475
f 3811/3053/2475 2531/3055/2477 570/3056/2467 2211/3044/2465
f 2530/3006/2441 3811/3053/2475 2211/3044/2465 564/3007/2442
f 569/3011/2446 2215/3057/2478 3812/3058/2479 2199/3012/2447
f 2215/3057/2478 575/3059/2480 2210/3060/2481 3812/3058/2479
f 3812/3058/2479 2210/3060/2481 574/3061/2470 2212/3046/2468
f 2199/3012/2447 3812/3058/2479 2212/3046/2468 568/3013/2448
f 705/3017/2452 2518/3062/2482 3813/3063/2483 2482/3018/2453
f 2518/3062/2482 706/3064/2484 2483/3065/2485 3813/3063/2483
f 3813/3063/2483 2483/3065/2485 571/3066/2486 2214/3067/2487
f 2482/3018/2453 3813/3063/2483 2214/3067/2487 565/3019/2454
f 567/3023/2458 2213/3051/2473 3814/3068/2488 2197/3024/2459
f 2213/3051/2473 573/3050/2472 2208/3069/2489 3814/3068/2488
f 3814/3068/2488 2208/3069/2489 572/3070/2490 2216/3071/2491
f 2197/3024/2459 3814/3068/2488 2216/3071/2491 566/3025/2460
f 706/3064/2484 2517/3072/2492 3815/3073/2493 2483/3065/2485
f 2517/3072/2492 707/3074/2494 2484/3075/2495 3815/3073/2493
f 3815/3073/2493 2484/3075/2495 577/3076/2496 2223/3077/2497
f 2483/3065/2485 3815/3073/2493 2223/3077/2497 571/3066/2486
f 573/3050/2472 2225/3078/2498 3816/3079/2499 2208/3069/2489
f 2225/3078/2498 579/3080/2500 2219/3081/2501 3816/3079/2499
f 3816/3079/2499 2219/3081/2501 578/3082/2502 2222/3083/2503
f 2208/3069/2489 3816/3079/2499 2222/3083/2503 572/3070/2490
f 570/3084/2467 2226/3085/2504 3817/3086/2505 2410/3045/1291
f 576/3087/2506 2411/3088/1331 3817/3086/2505 2226/3089/2504
f 606/2855/1144 2410/3043/1291 3817/3086/2505 2411/3090/1331
f 574/3048/2470 2227/3091/2507 3818/3092/2508 2209/3049/2471
f 2227/3091/2507 580/3093/2509 2220/3094/2510 3818/3092/2508
f 3818/3092/2508 2220/3094/2510 579/3080/2500 2225/3078/2498
f 2209/3049/2471 3818/3092/2508 2225/3078/2498 573/3050/2472
f 730/3054/2476 2565/3095/2511 3819/3096/2512 2531/3055/2477
f 2565/3095/2511 731/3097/2513 2532/3098/2514 3819/3096/2512
f 3819/3096/2512 2532/3098/2514 576/3099/2506 2226/3100/2504
f 2531/3055/2477 3819/3096/2512 2226/3100/2504 570/3056/2467
f 575/3059/2480 2224/3101/2515 3820/3102/2516 2210/3060/2481
f 2224/3101/2515 581/3103/2517 2221/3104/2518 3820/3102/2516
f 3820/3102/2519 2221/3104/2518 580/3093/2509 2227/3105/2507
f 2210/3060/2481 3820/3102/2519 2227/3105/2507 574/3061/2470
f 731/3097/2513 2564/3106/2520 3821/3107/2521 2532/3098/2514
f 2564/3106/2520 732/3108/2522 2533/3109/2523 3821/3107/2521
f 3821/3107/2521 2533/3109/2523 582/3110/2524 2234/3111/2525
f 2532/3098/2514 3821/3107/2521 2234/3111/2525 576/3099/2506
f 581/3103/2517 2235/3112/2526 3822/3113/2527 2221/3104/2518
f 2235/3112/2526 587/3114/2528 2232/3115/2529 3822/3113/2527
f 3822/3113/2527 2232/3115/2529 586/3116/2530 2236/3117/2531
f 2221/3104/2518 3822/3113/2527 2236/3117/2531 580/3093/2509
f 707/3074/2494 2516/3118/2532 3823/3119/2533 2484/3075/2495
f 2516/3118/2532 708/3120/2534 2485/3121/2535 3823/3119/2533
f 3823/3119/2533 2485/3121/2535 583/3122/2536 2233/3123/2537
f 2484/3075/2495 3823/3119/2533 2233/3123/2537 577/3076/2496
f 579/3080/2500 2238/3124/2538 3824/3125/2539 2219/3081/2501
f 2238/3124/2538 585/3126/2540 2230/3127/2541 3824/3125/2539
f 3824/3125/2539 2230/3127/2541 584/3128/2542 2237/3129/2543
f 2219/3081/2501 3824/3125/2539 2237/3129/2543 578/3082/2502
f 576/3130/2506 2234/3131/2525 3825/3132/2544 2411/3090/1331
f 582/3133/2524 2412/3134/2545 3825/3132/2544 2234/3135/2525
f 606/2855/1144 2411/3136/1331 3825/3132/2544 2412/3137/2545
f 580/3093/2509 2236/3117/2546 3826/3138/2547 2220/3094/2510
f 2236/3117/2546 586/3139/2530 2231/3140/2548 3826/3138/2547
f 3826/3138/2547 2231/3140/2548 585/3126/2540 2238/3124/2538
f 2220/3094/2510 3826/3138/2547 2238/3124/2538 579/3080/2500
f 585/3126/2540 2244/3141/2549 3827/3142/2550 2230/3127/2541
f 2244/3141/2549 591/3143/2551 2241/3144/2552 3827/3142/2550
f 3827/3142/2550 2241/3144/2552 590/3145/2553 2245/3146/2554
f 2230/3127/2541 3827/3142/2550 2245/3146/2554 584/3128/2542
f 582/3110/2524 2246/3147/2555 3828/3148/2556 2412/3149/2545
f 588/3150/2557 2413/3151/2558 3828/3148/2556 2246/3152/2555
f 606/2855/1144 2412/3153/2545 3828/3148/2556 2413/3154/2558
f 586/3139/2530 2247/3155/2559 3829/3156/2560 2231/3140/2548
f 2247/3155/2559 592/3157/2561 2242/3158/2562 3829/3156/2560
f 3829/3156/2560 2242/3158/2562 591/3143/2551 2244/3141/2549
f 2231/3140/2548 3829/3156/2560 2244/3141/2549 585/3126/2540
f 732/3108/2522 2563/3159/2563 3830/3160/2564 2533/3109/2523
f 2563/3159/2563 733/3161/2565 2534/3162/2566 3830/3160/2564
f 3830/3160/2564 2534/3162/2566 588/3163/2557 2246/3164/2555
f 2533/3109/2523 3830/3160/2564 2246/3164/2555 582/3110/2524
f 587/3114/2528 2249/3165/2567 3831/3166/2568 2232/3115/2529
f 2249/3165/2567 593/3167/2569 2243/3168/2570 3831/3166/2568
f 3831/3166/2568 2243/3168/2570 592/3169/2561 2247/3170/2559
f 2232/3115/2529 3831/3166/2568 2247/3170/2559 586/3116/2530
f 708/3120/2534 2515/3171/2571 3832/3172/2572 2485/3121/2535
f 2515/3171/2571 709/3173/2573 2486/3174/2574 3832/3172/2572
f 3832/3172/2572 2486/3174/2574 589/3175/2575 2248/3176/2576
f 2485/3121/2535 3832/3172/2572 2248/3176/2576 583/3122/2536
f 709/3173/2573 2514/3177/2577 3833/3178/2578 2486/3174/2574
f 2514/3177/2577 710/3179/2579 2487/3180/2580 3833/3178/2578
f 3833/3178/2578 2487/3180/2580 595/3181/2581 2256/3182/2582
f 2486/3174/2574 3833/3178/2578 2256/3182/2582 589/3175/2575
f 591/3143/2551 2258/3183/2583 3834/3184/2584 2241/3144/2552
f 2258/3183/2583 597/3185/2585 2252/3186/2586 3834/3184/2584
f 3834/3184/2584 2252/3186/2586 596/3187/2587 2255/3188/2588
f 2241/3144/2552 3834/3184/2584 2255/3188/2588 590/3145/2553
f 588/3189/2557 2259/3190/2589 3835/3191/2590 2413/3192/2558
f 594/3193/2591 2414/3194/2592 3835/3191/2590 2259/3190/2589
f 606/2855/1144 2413/3195/2558 3835/3191/2590 2414/3196/2592
f 592/3157/2561 2260/3197/2593 3836/3198/2594 2242/3158/2562
f 2260/3197/2593 598/3199/2595 2253/3200/2596 3836/3198/2594
f 3836/3198/2594 2253/3200/2596 597/3185/2585 2258/3183/2583
f 2242/3158/2562 3836/3198/2594 2258/3183/2583 591/3143/2551
f 733/3161/2565 2562/3201/2597 3837/3202/2598 2534/3162/2566
f 2562/3201/2597 734/3203/2599 2535/3204/2600 3837/3202/2598
f 3837/3202/2598 2535/3204/2600 594/3205/2591 2259/3206/2589
f 2534/3162/2566 3837/3202/2598 2259/3206/2589 588/3163/2557
f 593/3167/2569 2257/3207/2601 3838/3208/2602 2243/3168/2570
f 2257/3207/2601 599/3209/2603 2254/3210/2604 3838/3208/2602
f 3838/3208/2602 2254/3210/2604 598/3199/2595 2260/3211/2593
f 2243/3168/2570 3838/3208/2602 2260/3211/2593 592/3169/2561
f 598/3199/2595 2266/3212/2605 3839/3213/2606 2253/3200/2596
f 2266/3212/2605 604/3214/2607 2264/3215/2608 3839/3213/2606
f 3839/3213/2606 2264/3215/2608 603/3216/2609 2267/3217/2610
f 2253/3200/2596 3839/3213/2606 2267/3217/2610 597/3185/2585
f 734/3203/2599 2561/3218/2611 3840/3219/2612 2535/3204/2600
f 2561/3218/2611 735/3220/2613 2536/3221/2614 3840/3219/2612
f 3840/3219/2612 2536/3221/2614 600/3222/2615 2269/3223/2616
f 2535/3204/2600 3840/3219/2612 2269/3223/2616 594/3205/2591
f 599/3209/2603 2270/3224/2617 3841/3225/2618 2254/3210/2604
f 2270/3224/2617 605/3226/2619 2265/3227/2620 3841/3225/2618
f 3841/3225/2618 2265/3227/2620 604/3228/2607 2266/3229/2605
f 2254/3210/2604 3841/3225/2618 2266/3229/2605 598/3199/2595
f 710/3179/2579 2513/3230/2621 3842/3231/2622 2487/3180/2580
f 2513/3230/2621 711/3232/2623 2488/3233/2624 3842/3231/2622
f 3842/3231/2622 2488/3233/2624 601/3234/2625 2268/3235/2626
f 2487/3180/2580 3842/3231/2622 2268/3235/2626 595/3181/2581
f 597/3185/2585 2267/3217/2610 3843/3236/2627 2252/3186/2586
f 2267/3217/2610 603/3216/2609 2263/3237/2628 3843/3236/2627
f 3843/3236/2627 2263/3237/2628 602/3238/2629 2271/3239/2630
f 2252/3186/2586 3843/3236/2627 2271/3239/2630 596/3187/2587
f 594/3240/2591 2269/3241/2616 3844/3242/2631 2414/3243/2592
f 600/3244/2615 2415/3245/1456 3844/3242/2631 2269/3246/2616
f 606/2855/1144 2414/3243/2592 3844/3242/2631 2415/3247/1456
f 603/3216/2609 2278/3248/2632 3845/3249/2633 2263/3237/2628
f 2278/3248/2632 610/3250/2634 2275/3251/2635 3845/3249/2633
f 3845/3249/2633 2275/3251/2635 609/3252/2636 2279/3253/2637
f 2263/3237/2628 3845/3249/2633 2279/3253/2637 602/3238/2629
f 600/3254/2615 2280/3255/2638 3846/3256/2639 2415/3257/1456
f 607/3258/2640 2272/3259/2641 3846/3256/2639 2280/3260/2638
f 606/2855/1144 2415/3261/1456 3846/3256/2639 2272/3259/2641
f 604/3214/2607 2281/3262/2642 3847/3263/2643 2264/3215/2608
f 2281/3262/2642 611/3264/2644 2276/3265/2645 3847/3263/2643
f 3847/3263/2643 2276/3265/2645 610/3250/2634 2278/3248/2632
f 2264/3215/2608 3847/3263/2643 2278/3248/2632 603/3216/2609
f 735/3220/2613 2560/3266/2646 3848/3267/2647 2536/3221/2614
f 2560/3266/2646 736/3268/2648 2537/3269/2649 3848/3267/2647
f 3848/3267/2647 2537/3269/2649 607/3258/2640 2280/3255/2638
f 2536/3221/2614 3848/3267/2647 2280/3255/2638 600/3222/2615
f 605/3226/2619 2283/3270/2650 3849/3271/2651 2265/3227/2620
f 2283/3270/2650 612/3272/2652 2277/3273/2653 3849/3271/2651
f 3849/3271/2651 2277/3273/2653 611/3264/2644 2281/3274/2642
f 2265/3227/2620 3849/3271/2651 2281/3274/2642 604/3228/2607
f 711/3232/2623 2512/3275/2654 3850/3276/2655 2488/3233/2624
f 2512/3275/2654 712/3277/2656 2489/3278/2657 3850/3276/2655
f 3850/3276/2655 2489/3278/2657 608/3279/2658 2282/3280/2659
f 2488/3233/2624 3850/3276/2655 2282/3280/2659 601/3234/2625
f 612/3272/2652 2289/3281/2660 3851/3282/2661 2277/3273/2653
f 2289/3281/2660 618/3283/2662 2288/3284/2663 3851/3282/2661
f 3851/3282/2661 2288/3284/2663 617/3285/2664 2290/3286/2665
f 2277/3273/2653 3851/3282/2661 2290/3286/2665 611/3264/2644
f 712/3277/2656 2511/3287/2666 3852/3288/2667 2489/3278/2657
f 2511/3287/2666 713/3289/2668 2490/3290/2669 3852/3288/2667
f 3852/3288/2667 2490/3290/2669 614/3291/2670 2292/3292/2671
f 2489/3278/2657 3852/3288/2667 2292/3292/2671 608/3279/2658
f 610/3250/2634 2293/3293/2672 3853/3294/2673 2275/3251/2635
f 2293/3293/2672 616/3295/2674 2286/3296/2675 3853/3294/2673
f 3853/3294/2673 2286/3296/2675 615/3297/2676 2291/3298/2677
f 2275/3251/2635 3853/3294/2673 2291/3298/2677 609/3252/2636
f 607/3299/2640 2294/3300/2678 3854/3301/2679 2272/3302/2641
f 613/3303/2680 2416/3304/2681 3854/3301/2679 2294/3305/2678
f 606/2855/1144 2272/3306/2641 3854/3301/2679 2416/3307/2681
f 611/3264/2644 2290/3308/2665 3855/3309/2682 2276/3265/2645
f 2290/3308/2665 617/3310/2664 2287/3311/2683 3855/3309/2682
f 3855/3309/2682 2287/3311/2683 616/3295/2674 2293/3293/2672
f 2276/3265/2645 3855/3309/2682 2293/3293/2672 610/3250/2634
f 736/3268/2648 2559/3312/2684 3856/3313/2685 2537/3269/2649
f 2559/3312/2684 737/3314/2686 2538/3315/2687 3856/3313/2685
f 3856/3313/2685 2538/3315/2687 613/3316/2680 2294/3317/2678
f 2537/3269/2649 3856/3313/2685 2294/3317/2678 607/3258/2640
f 617/3310/2664 2300/3318/2688 3857/3319/2689 2287/3311/2683
f 2300/3318/2688 623/3320/2690 2298/3321/2691 3857/3319/2689
f 3857/3319/2689 2298/3321/2691 622/3322/2692 2301/3323/2693
f 2287/3311/2683 3857/3319/2689 2301/3323/2693 616/3295/2674
f 737/3314/2686 2558/3324/2694 3858/3325/2695 2538/3315/2687
f 2558/3324/2694 738/3326/2696 2539/3327/2697 3858/3325/2695
f 3858/3325/2695 2539/3327/2697 619/3328/2698 2303/3329/2699
f 2538/3315/2687 3858/3325/2695 2303/3329/2699 613/3316/2680
f 618/3283/2662 2304/3330/2700 3859/3331/2701 2288/3284/2663
f 2304/3330/2700 624/3332/2702 2299/3333/2703 3859/3331/2701
f 3859/3331/2701 2299/3333/2703 623/3320/2690 2300/3334/2688
f 2288/3284/2663 3859/3331/2701 2300/3334/2688 617/3285/2664
f 713/3289/2668 2510/3335/2704 3860/3336/2705 2490/3290/2669
f 2510/3335/2704 714/3337/2706 2491/3338/2707 3860/3336/2705
f 3860/3336/2705 2491/3338/2707 620/3339/2708 2302/3340/2709
f 2490/3290/2669 3860/3336/2705 2302/3340/2709 614/3291/2670
f 616/3295/2674 2301/3323/2693 3861/3341/2710 2286/3296/2675
f 2301/3323/2693 622/3322/2692 2297/3342/2711 3861/3341/2710
f 3861/3341/2710 2297/3342/2711 621/3343/2712 2305/3344/2713
f 2286/3296/2675 3861/3341/2710 2305/3344/2713 615/3297/2676
f 613/3345/2680 2303/3346/2699 3862/3347/2714 2416/3348/2681
f 619/3349/2698 2417/3350/2715 3862/3347/2714 2303/3351/2699
f 606/2855/1144 2416/3348/2681 3862/3347/2714 2417/3350/2715
f 622/3322/2692 2312/3352/2716 3863/3353/2717 2297/3342/2711
f 2312/3352/2716 628/3354/2718 2308/3355/2719 3863/3353/2717
f 3863/3353/2717 2308/3355/2719 627/3356/2720 2313/3357/2721
f 2297/3342/2711 3863/3353/2717 2313/3357/2721 621/3343/2712
f 619/3349/2698 2314/3358/2722 3864/3359/2723 2417/3360/2715
f 625/3361/2724 2418/3362/1550 3864/3359/2723 2314/3363/2722
f 606/2855/1144 2417/3360/2715 3864/3359/2723 2418/3364/1550
f 623/3320/2690 2315/3365/2725 3865/3366/2726 2298/3321/2691
f 2315/3365/2725 629/3367/2727 2309/3368/2728 3865/3366/2726
f 3865/3366/2726 2309/3368/2728 628/3354/2718 2312/3352/2716
f 2298/3321/2691 3865/3366/2726 2312/3352/2716 622/3322/2692
f 738/3326/2696 2557/3369/2729 3866/3370/2730 2539/3327/2697
f 2557/3369/2729 739/3371/2731 2540/3372/2732 3866/3370/2730
f 3866/3370/2730 2540/3372/2732 625/3373/2724 2314/3374/2722
f 2539/3327/2697 3866/3370/2730 2314/3374/2722 619/3328/2698
f 624/3332/2702 2311/3375/2733 3867/3376/2734 2299/3333/2703
f 2311/3375/2733 630/3377/2735 2310/3378/2736 3867/3376/2734
f 3867/3376/2734 2310/3378/2736 629/3379/2727 2315/3380/2725
f 2299/3333/2703 3867/3376/2734 2315/3380/2725 623/3320/2690
f 714/3337/2706 2509/3381/2737 3868/3382/2738 2491/3338/2707
f 2509/3381/2737 715/3383/2739 2492/3384/2740 3868/3382/2738
f 3868/3382/2738 2492/3384/2740 626/3385/2741 2316/3386/2742
f 2491/3338/2707 3868/3382/2738 2316/3386/2742 620/3339/2708
f 630/3377/2735 2322/3387/2743 3869/3388/2744 2310/3378/2736
f 2322/3387/2743 636/3389/2745 2321/3390/2746 3869/3388/2744
f 3869/3388/2744 2321/3390/2746 635/3391/2747 2323/3392/2748
f 2310/3378/2736 3869/3388/2744 2323/3392/2748 629/3379/2727
f 715/3383/2739 2508/3393/2749 3870/3394/2750 2492/3384/2740
f 2508/3393/2749 716/3395/2751 2493/3396/2752 3870/3394/2750
f 3870/3394/2750 2493/3396/2752 632/3397/2753 2325/3398/2754
f 2492/3384/2740 3870/3394/2750 2325/3398/2754 626/3385/2741
f 628/3354/2718 2326/3399/2755 3871/3400/2756 2308/3355/2719
f 2326/3399/2755 634/3401/2757 2319/3402/2758 3871/3400/2756
f 3871/3400/2756 2319/3402/2758 633/3403/2759 2324/3404/2760
f 2308/3355/2719 3871/3400/2756 2324/3404/2760 627/3356/2720
f 625/3361/2724 2327/3405/2761 3872/3406/2762 2418/3362/1550
f 631/3407/2763 2419/3408/1590 3872/3406/2762 2327/3409/2761
f 606/2855/1144 2418/3410/1550 3872/3406/2762 2419/3411/1590
f 629/3367/2727 2323/3392/2748 3873/3412/2764 2309/3368/2728
f 2323/3392/2748 635/3413/2747 2320/3414/2765 3873/3412/2764
f 3873/3412/2764 2320/3414/2765 634/3401/2757 2326/3399/2755
f 2309/3368/2728 3873/3412/2764 2326/3399/2755 628/3354/2718
f 739/3371/2731 2556/3415/2766 3874/3416/2767 2540/3372/2732
f 2556/3415/2766 740/3417/2768 2541/3418/2769 3874/3416/2767
f 3874/3416/2767 2541/3418/2769 631/3419/2763 2327/3405/2761
f 2540/3372/2732 3874/3416/2767 2327/3405/2761 625/3373/2724
f 635/3413/2747 2333/3420/2770 3875/3421/2771 2320/3414/2765
f 2333/3420/2770 641/3422/2772 2331/3423/2773 3875/3421/2771
f 3875/3421/2771 2331/3423/2773 640/3424/2774 2334/3425/2775
f 2320/3414/2765 3875/3421/2771 2334/3425/2775 634/3401/2757
f 740/3417/2768 2555/3426/2776 3876/3427/2777 2541/3418/2769
f 2555/3426/2776 741/3428/2778 2542/3429/2779 3876/3427/2777
f 3876/3427/2777 2542/3429/2779 637/3430/2780 2336/3431/2781
f 2541/3418/2769 3876/3427/2777 2336/3431/2781 631/3419/2763
f 636/3389/2745 2337/3432/2782 3877/3433/2783 2321/3390/2746
f 2337/3432/2782 642/3434/2784 2332/3435/2785 3877/3433/2783
f 3877/3433/2783 2332/3435/2785 641/3436/2772 2333/3420/2770
f 2321/3390/2746 3877/3433/2783 2333/3420/2770 635/3391/2747
f 716/3395/2751 2507/3437/2786 3878/3438/2787 2493/3396/2752
f 2507/3437/2786 717/3439/2788 2494/3440/2789 3878/3438/2787
f 3878/3438/2787 2494/3440/2789 638/3441/2790 2335/3442/2791
f 2493/3396/2752 3878/3438/2787 2335/3442/2791 632/3397/2753
f 634/3401/2757 2334/3425/2775 3879/3443/2792 2319/3402/2758
f 2334/3425/2775 640/3424/2774 2330/3444/2793 3879/3443/2792
f 3879/3443/2792 2330/3444/2793 639/3445/2794 2338/3446/2795
f 2319/3402/2758 3879/3443/2792 2338/3446/2795 633/3403/2759
f 631/3447/2763 2336/3448/2781 3880/3449/2796 2419/3450/1590
f 637/3451/2780 2420/3452/2797 3880/3449/2796 2336/3453/2781
f 606/2855/1144 2419/3454/1590 3880/3449/2796 2420/3455/2797
f 640/3424/2774 2345/3456/2798 3881/3457/2799 2330/3444/2793
f 2345/3456/2798 646/3458/2800 2341/3459/2801 3881/3457/2799
f 3881/3457/2799 2341/3459/2801 645/3460/2802 2346/3461/2803
f 2330/3444/2793 3881/3457/2799 2346/3461/2803 639/3445/2794
f 637/3462/2780 2347/3463/2804 3882/3464/2805 2420/3452/2797
f 643/3465/2806 2421/3466/1634 3882/3464/2805 2347/3463/2804
f 606/2855/1144 2420/3467/2797 3882/3464/2805 2421/3468/1634
f 641/3422/2772 2348/3469/2807 3883/3470/2808 2331/3423/2773
f 2348/3469/2807 647/3471/2809 2342/3472/2810 3883/3470/2808
f 3883/3470/2808 2342/3472/2810 646/3458/2800 2345/3456/2798
f 2331/3423/2773 3883/3470/2808 2345/3456/2798 640/3424/2774
f 741/3428/2778 2554/3473/2811 3884/3474/2812 2542/3429/2779
f 2554/3473/2811 742/3475/2813 2543/3476/2814 3884/3474/2812
f 3884/3474/2812 2543/3476/2814 643/3477/2806 2347/3478/2804
f 2542/3429/2779 3884/3474/2812 2347/3478/2804 637/3430/2780
f 642/3434/2784 2344/3479/2815 3885/3480/2816 2332/3435/2785
f 2344/3479/2815 648/3481/2817 2343/3482/2818 3885/3480/2816
f 3885/3480/2819 2343/3482/2818 647/3483/2809 2348/3484/2807
f 2332/3435/2785 3885/3480/2819 2348/3484/2807 641/3436/2772
f 717/3439/2788 2506/3485/2820 3886/3486/2821 2494/3440/2789
f 2506/3485/2820 718/3487/2822 2495/3488/2823 3886/3486/2821
f 3886/3486/2821 2495/3488/2823 644/3489/2824 2349/3490/2825
f 2494/3440/2789 3886/3486/2821 2349/3490/2825 638/3441/2790
f 648/3481/2817 2355/3491/2826 3887/3492/2827 2343/3482/2818
f 2355/3491/2826 654/3493/2828 2354/3494/2829 3887/3492/2827
f 3887/3492/2827 2354/3494/2830 653/3495/2831 2356/3496/2832
f 2343/3482/2818 3887/3492/2827 2356/3496/2832 647/3483/2809
f 718/3487/2822 2505/3497/2833 3888/3498/2834 2495/3488/2823
f 2505/3497/2833 719/3499/2835 2496/3500/2836 3888/3498/2834
f 3888/3498/2834 2496/3500/2836 650/3501/2837 2358/3502/2838
f 2495/3488/2823 3888/3498/2834 2358/3502/2838 644/3489/2824
f 646/3458/2800 2359/3503/2839 3889/3504/2840 2341/3459/2801
f 2359/3503/2839 652/3505/2841 2352/3506/2842 3889/3504/2840
f 3889/3504/2840 2352/3506/2842 651/3507/2843 2357/3508/2844
f 2341/3459/2801 3889/3504/2840 2357/3508/2844 645/3460/2802
f 643/3477/2806 2360/3509/2845 3890/3510/2846 2421/3511/1634
f 649/3512/2847 2422/3513/1674 3890/3510/2846 2360/3509/2845
f 606/2855/1144 2421/3468/1634 3890/3510/2846 2422/3514/1674
f 647/3471/2809 2356/3515/2832 3891/3516/2848 2342/3472/2810
f 2356/3515/2832 653/3517/2831 2353/3518/2849 3891/3516/2848
f 3891/3516/2848 2353/3518/2849 652/3505/2841 2359/3503/2839
f 2342/3472/2810 3891/3516/2848 2359/3503/2839 646/3458/2800
f 742/3475/2813 2553/3519/2850 3892/3520/2851 2543/3476/2814
f 2553/3519/2850 743/3521/2852 2544/3522/2853 3892/3520/2851
f 3892/3520/2851 2544/3522/2853 649/3523/2847 2360/3524/2845
f 2543/3476/2814 3892/3520/2851 2360/3524/2845 643/3477/2806
f 649/3525/2847 2366/3526/2854 3893/3527/2855 2422/3514/1674
f 655/3528/2856 2423/3529/1684 3893/3527/2855 2366/3526/2854
f 606/2855/1144 2422/3514/1674 3893/3527/2855 2423/3529/1684
f 653/3517/2831 2367/3530/2857 3894/3531/2858 2353/3518/2849
f 2367/3530/2857 659/3532/2859 2364/3533/2860 3894/3531/2858
f 3894/3531/2858 2364/3533/2860 658/3534/2861 2368/3535/2862
f 2353/3518/2849 3894/3531/2858 2368/3535/2862 652/3505/2841
f 743/3521/2852 2552/3536/2863 3895/3537/2864 2544/3522/2853
f 2552/3536/2863 744/3538/2865 2545/3539/2866 3895/3537/2864
f 3895/3537/2864 2545/3539/2866 655/3540/2856 2366/3541/2854
f 2544/3522/2853 3895/3537/2864 2366/3541/2854 649/3523/2847
f 654/3493/2828 2370/3542/2867 3896/3543/2868 2354/3494/2829
f 2370/3542/2867 660/3544/2869 2365/3545/2870 3896/3543/2868
f 3896/3543/2868 2365/3545/2870 659/3546/2871 2367/3547/2872
f 2354/3494/2830 3896/3543/2868 2367/3547/2872 653/3495/2831
f 719/3499/2835 2504/3548/2873 3897/3549/2874 2496/3500/2836
f 2504/3548/2873 720/3550/2875 2497/3551/2876 3897/3549/2874
f 3897/3549/2874 2497/3551/2876 656/3552/2877 2369/3553/2878
f 2496/3500/2836 3897/3549/2874 2369/3553/2878 650/3501/2837
f 652/3505/2841 2368/3535/2862 3898/3554/2879 2352/3506/2842
f 2368/3535/2862 658/3534/2861 2363/3555/2880 3898/3554/2879
f 3898/3554/2879 2363/3555/2880 657/3556/2881 2371/3557/2882
f 2352/3506/2842 3898/3554/2879 2371/3557/2882 651/3507/2843
f 658/3534/2861 2378/3558/2883 3899/3559/2884 2363/3555/2880
f 2378/3558/2883 664/3560/2885 2374/3561/2886 3899/3559/2884
f 3899/3559/2884 2374/3561/2886 663/3562/2887 2379/3563/2888
f 2363/3555/2880 3899/3559/2884 2379/3563/2888 657/3556/2881
f 655/3564/2856 2380/3565/2889 3900/3566/2890 2423/3529/1684
f 661/3567/2891 2424/3568/2892 3900/3566/2890 2380/3569/2889
f 606/2855/1144 2423/3570/1684 3900/3566/2890 2424/3571/2892
f 659/3532/2859 2381/3572/2893 3901/3573/2894 2364/3533/2860
f 2381/3572/2893 665/3574/2895 2375/3575/2896 3901/3573/2894
f 3901/3573/2894 2375/3575/2896 664/3560/2885 2378/3558/2883
f 2364/3533/2860 3901/3573/2894 2378/3558/2883 658/3534/2861
f 744/3538/2865 2551/3576/2897 3902/3577/2898 2545/3539/2866
f 2551/3576/2897 745/3578/2899 2546/3579/2900 3902/3577/2898
f 3902/3577/2898 2546/3579/2900 661/3580/2891 2380/3565/2889
f 2545/3539/2866 3902/3577/2898 2380/3565/2889 655/3540/2856
f 660/3544/2869 2377/3581/2901 3903/3582/2902 2365/3545/2870
f 2377/3581/2901 666/3583/2903 2376/3584/2904 3903/3582/2902
f 3903/3582/2902 2376/3584/2904 665/3585/2895 2381/3586/2893
f 2365/3545/2870 3903/3582/2902 2381/3586/2893 659/3546/2871
f 720/3550/2875 2503/3587/2905 3904/3588/2906 2497/3551/2876
f 2503/3587/2905 721/3589/2907 2498/3590/2908 3904/3588/2906
f 3904/3588/2906 2498/3590/2908 662/3591/2909 2382/3592/2910
f 2497/3551/2876 3904/3588/2906 2382/3592/2910 656/3552/2877
f 745/3578/2899 2550/3593/2911 3905/3594/2912 2546/3579/2900
f 2550/3593/2911 746/3595/2913 2547/3596/2914 3905/3594/2912
f 3905/3594/2912 2547/3596/2914 667/3597/2915 2389/3598/2916
f 2546/3579/2900 3905/3594/2912 2389/3598/2916 661/3580/2891
f 666/3583/2903 2390/3599/2917 3906/3600/2918 2376/3584/2904
f 2390/3599/2917 672/3601/2919 2387/3602/2920 3906/3600/2918
f 3906/3600/2918 2387/3602/2920 671/3603/2921 2391/3604/2922
f 2376/3584/2904 3906/3600/2918 2391/3604/2922 665/3585/2895
f 721/3589/2907 2502/3605/2923 3907/3606/2924 2498/3590/2908
f 2502/3605/2923 722/3607/2925 2499/3608/2926 3907/3606/2924
f 3907/3606/2924 2499/3608/2926 668/3609/2927 2388/3610/2928
f 2498/3590/2908 3907/3606/2924 2388/3610/2928 662/3591/2909
f 664/3560/2885 2393/3611/2929 3908/3612/2930 2374/3561/2886
f 2393/3611/2929 670/3613/2931 2385/3614/2932 3908/3612/2930
f 3908/3612/2930 2385/3614/2932 669/3615/2933 2392/3616/2934
f 2374/3561/2886 3908/3612/2930 2392/3616/2934 663/3562/2887
f 661/3617/2891 2389/3618/2916 3909/3619/2935 2424/3620/2892
f 667/3621/2915 2425/3622/2936 3909/3619/2935 2389/3598/2916
f 606/2855/1144 2424/3623/2892 3909/3619/2935 2425/3624/2936
f 665/3574/2895 2391/3625/2922 3910/3626/2937 2375/3575/2896
f 2391/3625/2922 671/3627/2921 2386/3628/2938 3910/3626/2937
f 3910/3626/2937 2386/3628/2938 670/3613/2931 2393/3611/2929
f 2375/3575/2896 3910/3626/2937 2393/3611/2929 664/3560/2885
f 667/3629/2915 2396/3630/2939 3911/3631/2940 2425/3624/2936
f 673/3632/2294 2399/3633/1142 3911/3631/2940 2396/3630/2939
f 606/2855/1144 2425/3634/2936 3911/3631/2940 2399/3635/1142
f 671/3627/2921 2426/3636/2941 3912/3637/2942 2386/3628/2938
f 2426/3636/2941 532/2858/2303 2141/2861/2325 3912/3637/2942
f 3912/3637/2942 2141/2861/2325 531/2840/2313 2427/3638/2943
f 2386/3628/2938 3912/3637/2942 2427/3638/2943 670/3613/2931
f 746/3595/2913 2549/3639/2944 3913/3640/2945 2547/3596/2914
f 2549/3639/2944 747/2813/2286 2548/2816/2289 3913/3640/2945
f 3913/3640/2945 2548/2816/2289 673/2821/2294 2396/3641/2939
f 2547/3596/2914 3913/3640/2945 2396/3641/2939 667/3597/2915
f 672/3601/2919 2428/3642/2946 3914/3643/2947 2387/3602/2920
f 2428/3642/2946 533/2822/2295 2142/2825/2298 3914/3643/2947
f 3914/3643/2947 2142/2825/2298 532/2830/2303 2426/3644/2941
f 2387/3602/2920 3914/3643/2947 2426/3644/2941 671/3603/2921
f 722/3607/2925 2501/3645/2948 3915/3646/2949 2499/3608/2926
f 2501/3645/2948 723/2831/2304 2500/2834/2307 3915/3646/2949
f 3915/3646/2949 2500/2834/2307 674/2839/2312 2397/3647/2950
f 2499/3608/2926 3915/3646/2949 2397/3647/2950 668/3609/2927
f 670/3613/2931 2427/3638/2943 3916/3648/2951 2385/3614/2932
f 2427/3638/2943 531/2840/2313 2400/2843/2316 3916/3648/2951
f 3916/3648/2951 2400/2843/2316 675/2848/2321 2398/3649/2952
f 2385/3614/2932 3916/3648/2951 2398/3649/2952 669/3615/2933
f 794/3650/2953 2668/3651/2954 3917/3652/2955 2643/3653/2956
f 2668/3651/2954 795/3654/2957 2644/3655/2958 3917/3652/2955
f 3917/3652/2955 2644/3655/2958 699/3656/2959 2453/3657/2960
f 2643/3653/2956 3917/3652/2955 2453/3657/2960 698/3658/2961
f 793/3659/2962 2667/3660/2963 3918/3661/2964 2642/3662/2965
f 2667/3660/2963 794/3650/2953 2643/3653/2956 3918/3661/2964
f 3918/3661/2964 2643/3653/2956 698/3658/2961 2454/3663/2966
f 2642/3662/2965 3918/3661/2964 2454/3663/2966 697/3664/2967
f 792/3665/2968 2666/3666/2969 3919/3667/2970 2641/3668/2971
f 2666/3666/2969 793/3659/2962 2642/3662/2965 3919/3667/2970
f 3919/3667/2970 2642/3662/2965 697/3664/2967 2455/3669/2972
f 2641/3668/2971 3919/3667/2970 2455/3669/2972 696/3670/2973
f 791/3671/2974 2665/3672/2975 3920/3673/2976 2640/3674/2977
f 2665/3672/2975 792/3665/2968 2641/3668/2971 3920/3673/2976
f 3920/3673/2976 2641/3668/2971 696/3670/2973 2456/3675/2978
f 2640/3674/2977 3920/3673/2976 2456/3675/2978 695/3676/2979
f 790/3677/2980 2664/3678/2981 3921/3679/2982 2639/3680/2983
f 2664/3678/2981 791/3671/2974 2640/3674/2977 3921/3679/2982
f 3921/3679/2982 2640/3674/2977 695/3676/2979 2457/3681/2984
f 2639/3680/2983 3921/3679/2982 2457/3681/2984 694/3682/2985
f 789/3683/2986 2663/3684/2987 3922/3685/2988 2638/3686/2989
f 2663/3684/2987 790/3677/2980 2639/3680/2983 3922/3685/2988
f 3922/3685/2988 2639/3680/2983 694/3682/2985 2458/3687/2990
f 2638/3686/2989 3922/3685/2988 2458/3687/2990 693/3688/2991
f 788/3689/2992 2662/3690/2993 3923/3691/2994 2637/3692/2995
f 2662/3690/2993 789/3683/2986 2638/3686/2989 3923/3691/2994
f 3923/3691/2994 2638/3686/2989 693/3688/2991 2459/3693/2996
f 2637/3692/2995 3923/3691/2994 2459/3693/2996 692/3694/2997
f 787/3695/2998 2661/3696/2999 3924/3697/3000 2636/3698/3001
f 2661/3696/2999 788/3689/2992 2637/3692/2995 3924/3697/3000
f 3924/3697/3000 2637/3692/2995 692/3694/2997 2460/3699/3002
f 2636/3698/3001 3924/3697/3000 2460/3699/3002 691/3700/3003
f 786/3701/3004 2660/3702/3005 3925/3703/3006 2635/3704/3007
f 2660/3702/3005 787/3695/2998 2636/3698/3001 3925/3703/3006
f 3925/3703/3006 2636/3698/3001 691/3700/3003 2461/3705/3008
f 2635/3704/3007 3925/3703/3006 2461/3705/3008 690/3706/3009
f 785/3707/3010 2659/3708/3011 3926/3709/3012 2634/3710/3013
f 2659/3708/3011 786/3701/3004 2635/3704/3007 3926/3709/3012
f 3926/3709/3012 2635/3704/3007 690/3706/3009 2462/3711/3014
f 2634/3710/3013 3926/3709/3012 2462/3711/3014 689/3712/3015
f 784/3713/3016 2658/3714/3017 3927/3715/3018 2633/3716/3019
f 2658/3714/3017 785/3707/3010 2634/3710/3013 3927/3715/3018
f 3927/3715/3018 2634/3710/3013 689/3712/3015 2463/3717/3020
f 2633/3716/3019 3927/3715/3018 2463/3717/3020 688/3718/3021
f 783/3719/3022 2657/3720/3023 3928/3721/3024 2632/3722/3025
f 2657/3720/3023 784/3713/3016 2633/3716/3019 3928/3721/3024
f 3928/3721/3024 2633/3716/3019 688/3718/3021 2464/3723/3026
f 2632/3722/3025 3928/3721/3024 2464/3723/3026 687/3724/3027
f 782/3725/3028 2656/3726/3029 3929/3727/3030 2631/3728/3031
f 2656/3726/3029 783/3719/3022 2632/3722/3025 3929/3727/3030
f 3929/3727/3030 2632/3722/3025 687/3724/3027 2465/3729/3032
f 2631/3728/3031 3929/3727/3030 2465/3729/3032 686/3730/3033
f 781/3731/3034 2655/3732/3035 3930/3733/3036 2630/3734/3037
f 2655/3732/3035 782/3725/3028 2631/3728/3031 3930/3733/3036
f 3930/3733/3036 2631/3728/3031 686/3730/3033 2466/3735/3038
f 2630/3734/3037 3930/3733/3036 2466/3735/3038 685/3736/3039
f 780/3737/3040 2654/3738/3041 3931/3739/3042 2629/3740/3043
f 2654/3738/3041 781/3731/3034 2630/3734/3037 3931/3739/3042
f 3931/3739/3042 2630/3734/3037 685/3736/3039 2467/3741/3044
f 2629/3740/3043 3931/3739/3042 2467/3741/3044 684/3742/3045
f 779/3743/3046 2653/3744/3047 3932/3745/3048 2628/3746/3049
f 2653/3744/3047 780/3737/3040 2629/3740/3043 3932/3745/3048
f 3932/3745/3048 2629/3740/3043 684/3742/3045 2468/3747/3050
f 2628/3746/3049 3932/3745/3048 2468/3747/3050 683/3748/3051
f 778/3749/3052 2652/3750/3053 3933/3751/3054 2627/3752/3055
f 2652/3750/3053 779/3743/3046 2628/3746/3049 3933/3751/3054
f 3933/3751/3054 2628/3746/3049 683/3748/3051 2469/3753/3056
f 2627/3752/3055 3933/3751/3054 2469/3753/3056 682/3754/3057
f 777/3755/3058 2651/3756/3059 3934/3757/3060 2626/3758/3061
f 2651/3756/3059 778/3749/3052 2627/3752/3055 3934/3757/3060
f 3934/3757/3060 2627/3752/3055 682/3754/3057 2470/3759/3062
f 2626/3758/3061 3934/3757/3060 2470/3759/3062 681/3760/3063
f 776/3761/3064 2650/3762/3065 3935/3763/3066 2625/3764/3067
f 2650/3762/3065 777/3755/3058 2626/3758/3061 3935/3763/3066
f 3935/3763/3066 2626/3758/3061 681/3760/3063 2471/3765/3068
f 2625/3764/3067 3935/3763/3066 2471/3765/3068 680/3766/3069
f 775/3767/3070 2649/3768/3071 3936/3769/3072 2624/3770/3073
f 2649/3768/3071 776/3761/3064 2625/3764/3067 3936/3769/3072
f 3936/3769/3072 2625/3764/3067 680/3766/3069 2472/3771/3074
f 2624/3770/3073 3936/3769/3072 2472/3771/3074 679/3772/3075
f 774/3773/3076 2648/3774/3077 3937/3775/3078 2623/3776/3079
f 2648/3774/3077 775/3767/3070 2624/3770/3073 3937/3775/3078
f 3937/3775/3078 2624/3770/3073 679/3772/3075 2473/3777/3080
f 2623/3776/3079 3937/3775/3078 2473/3777/3080 678/3778/3081
f 773/3779/3082 2647/3780/3083 3938/3781/3084 2622/3782/3085
f 2647/3780/3083 774/3773/3076 2623/3776/3079 3938/3781/3084
f 3938/3781/3084 2623/3776/3079 678/3778/3081 2474/3783/3086
f 2622/3782/3085 3938/3781/3084 2474/3783/3086 677/3784/3087
f 772/3785/3088 2646/3786/3089 3939/3787/3090 2621/3788/3091
f 2646/3786/3089 773/3779/3082 2622/3782/3085 3939/3787/3090
f 3939/3787/3090 2622/3782/3085 677/3784/3087 2475/3789/3092
f 2621/3788/3091 3939/3787/3090 2475/3789/3092 676/3790/3093
f 795/3654/2957 2645/3791/3094 3940/3792/3095 2644/3655/2958
f 2645/3791/3094 772/3785/3088 2621/3788/3091 3940/3792/3095
f 3940/3792/3095 2621/3788/3091 676/3790/3093 2476/3793/3096
f 2644/3655/2958 3940/3792/3095 2476/3793/3096 699/3656/2959
f 669/3615/2933 2398/3649/2952 3941/3794/3097 2384/3795/3098
f 2398/3649/2952 675/2848/2321 2395/3796/3099 3941/3794/3097
f 3941/3794/3097 2395/3796/3099 723/2831/2304 2501/3645/2948
f 2384/3795/3098 3941/3794/3097 2501/3645/2948 722/3607/2925
f 663/3562/2887 2392/3616/2934 3942/3797/3100 2373/3798/3101
f 2392/3616/2934 669/3615/2933 2384/3795/3098 3942/3797/3100
f 3942/3797/3100 2384/3795/3098 722/3607/2925 2502/3605/2923
f 2373/3798/3101 3942/3797/3100 2502/3605/2923 721/3589/2907
f 657/3556/2881 2379/3563/2888 3943/3799/3102 2362/3800/3103
f 2379/3563/2888 663/3562/2887 2373/3798/3101 3943/3799/3102
f 3943/3799/3102 2373/3798/3101 721/3589/2907 2503/3587/2905
f 2362/3800/3103 3943/3799/3102 2503/3587/2905 720/3550/2875
f 651/3507/2843 2371/3557/2882 3944/3801/3104 2351/3802/3105
f 2371/3557/2882 657/3556/2881 2362/3800/3103 3944/3801/3104
f 3944/3801/3104 2362/3800/3103 720/3550/2875 2504/3548/2873
f 2351/3802/3105 3944/3801/3104 2504/3548/2873 719/3499/2835
f 645/3460/2802 2357/3508/2844 3945/3803/3106 2340/3804/3107
f 2357/3508/2844 651/3507/2843 2351/3802/3105 3945/3803/3106
f 3945/3803/3106 2351/3802/3105 719/3499/2835 2505/3497/2833
f 2340/3804/3107 3945/3803/3106 2505/3497/2833 718/3487/2822
f 639/3445/2794 2346/3461/2803 3946/3805/3108 2329/3806/3109
f 2346/3461/2803 645/3460/2802 2340/3804/3107 3946/3805/3108
f 3946/3805/3108 2340/3804/3107 718/3487/2822 2506/3485/2820
f 2329/3806/3109 3946/3805/3108 2506/3485/2820 717/3439/2788
f 633/3403/2759 2338/3446/2795 3947/3807/3110 2318/3808/3111
f 2338/3446/2795 639/3445/2794 2329/3806/3109 3947/3807/3110
f 3947/3807/3110 2329/3806/3109 717/3439/2788 2507/3437/2786
f 2318/3808/3111 3947/3807/3110 2507/3437/2786 716/3395/2751
f 627/3356/2720 2324/3404/2760 3948/3809/3112 2307/3810/3113
f 2324/3404/2760 633/3403/2759 2318/3808/3111 3948/3809/3112
f 3948/3809/3112 2318/3808/3111 716/3395/2751 2508/3393/2749
f 2307/3810/3113 3948/3809/3112 2508/3393/2749 715/3383/2739
f 621/3343/2712 2313/3357/2721 3949/3811/3114 2296/3812/3115
f 2313/3357/2721 627/3356/2720 2307/3810/3113 3949/3811/3114
f 3949/3811/3114 2307/3810/3113 715/3383/2739 2509/3381/2737
f 2296/3812/3115 3949/3811/3114 2509/3381/2737 714/3337/2706
f 615/3297/2676 2305/3344/2713 3950/3813/3116 2285/3814/3117
f 2305/3344/2713 621/3343/2712 2296/3812/3115 3950/3813/3116
f 3950/3813/3116 2296/3812/3115 714/3337/2706 2510/3335/2704
f 2285/3814/3117 3950/3813/3116 2510/3335/2704 713/3289/2668
f 609/3252/2636 2291/3298/2677 3951/3815/3118 2274/3816/3119
f 2291/3298/2677 615/3297/2676 2285/3814/3117 3951/3815/3118
f 3951/3815/3118 2285/3814/3117 713/3289/2668 2511/3287/2666
f 2274/3816/3119 3951/3815/3118 2511/3287/2666 712/3277/2656
f 602/3238/2629 2279/3253/2637 3952/3817/3120 2262/3818/3121
f 2279/3253/2637 609/3252/2636 2274/3816/3119 3952/3817/3120
f 3952/3817/3120 2274/3816/3119 712/3277/2656 2512/3275/2654
f 2262/3818/3121 3952/3817/3120 2512/3275/2654 711/3232/2623
f 596/3187/2587 2271/3239/2630 3953/3819/3122 2251/3820/3123
f 2271/3239/2630 602/3238/2629 2262/3818/3121 3953/3819/3122
f 3953/3819/3122 2262/3818/3121 711/3232/2623 2513/3230/2621
f 2251/3820/3123 3953/3819/3122 2513/3230/2621 710/3179/2579
f 590/3145/2553 2255/3188/2588 3954/3821/3124 2240/3822/3125
f 2255/3188/2588 596/3187/2587 2251/3820/3123 3954/3821/3124
f 3954/3821/3124 2251/3820/3123 710/3179/2579 2514/3177/2577
f 2240/3822/3125 3954/3821/3124 2514/3177/2577 709/3173/2573
f 584/3128/2542 2245/3146/2554 3955/3823/3126 2229/3824/3127
f 2245/3146/2554 590/3145/2553 2240/3822/3125 3955/3823/3126
f 3955/3823/3126 2240/3822/3125 709/3173/2573 2515/3171/2571
f 2229/3824/3127 3955/3823/3126 2515/3171/2571 708/3120/2534
f 578/3082/2502 2237/3129/2543 3956/3825/3128 2218/3826/3129
f 2237/3129/2543 584/3128/2542 2229/3824/3127 3956/3825/3128
f 3956/3825/3128 2229/3824/3127 708/3120/2534 2516/3118/2532
f 2218/3826/3129 3956/3825/3128 2516/3118/2532 707/3074/2494
f 572/3070/2490 2222/3083/2503 3957/3827/3130 2207/3828/3131
f 2222/3083/2503 578/3082/2502 2218/3826/3129 3957/3827/3130
f 3957/3827/3130 2218/3826/3129 707/3074/2494 2517/3072/2492
f 2207/3828/3131 3957/3827/3130 2517/3072/2492 706/3064/2484
f 566/3025/2460 2216/3071/2491 3958/3829/3132 2196/3830/3133
f 2216/3071/2491 572/3070/2490 2207/3828/3131 3958/3829/3132
f 3958/3829/3132 2207/3828/3131 706/3064/2484 2518/3062/2482
f 2196/3830/3133 3958/3829/3132 2518/3062/2482 705/3017/2452
f 560/2974/2415 2204/3026/2461 3959/3831/3134 2185/3832/3135
f 2204/3026/2461 566/3025/2460 2196/3830/3133 3959/3831/3134
f 3959/3831/3134 2196/3830/3133 705/3017/2452 2519/3015/2450
f 2185/3832/3135 3959/3831/3134 2519/3015/2450 704/2999/2434
f 554/2968/2409 2191/2975/2416 3960/3833/3136 2174/3834/3137
f 2191/2975/2416 560/2974/2415 2185/3832/3135 3960/3833/3136
f 3960/3833/3136 2185/3832/3135 704/2999/2434 2520/2997/2432
f 2174/3834/3137 3960/3833/3136 2520/2997/2432 703/2962/2403
f 548/2914/2372 2183/2969/2410 3961/3835/3138 2163/3836/3139
f 2183/2969/2410 554/2968/2409 2174/3834/3137 3961/3835/3138
f 3961/3835/3138 2174/3834/3137 703/2962/2403 2521/2960/2401
f 2163/3836/3139 3961/3835/3138 2521/2960/2401 702/2906/2364
f 542/2868/2331 2169/2915/2373 3962/3837/3140 2152/3838/3141
f 2169/2915/2373 548/2914/2372 2163/3836/3139 3962/3837/3140
f 3962/3837/3140 2163/3836/3139 702/2906/2364 2522/2904/2362
f 2152/3838/3141 3962/3837/3140 2522/2904/2362 701/2894/2352
f 536/2846/2319 2158/2869/2332 3963/3839/3142 2144/3840/3143
f 2158/2869/2332 542/2868/2331 2152/3838/3141 3963/3839/3142
f 3963/3839/3142 2152/3838/3141 701/2894/2352 2523/2892/2350
f 2144/3840/3143 3963/3839/3142 2523/2892/2350 700/2835/2308
f 675/2848/2321 2404/2847/2320 3964/3841/3144 2395/3796/3099
f 2404/2847/2320 536/2846/2319 2144/3840/3143 3964/3841/3144
f 3964/3841/3144 2144/3840/3143 700/2835/2308 2524/2832/2305
f 2395/3796/3099 3964/3841/3144 2524/2832/2305 723/2831/2304
f 770/3842/3145 2620/3843/3146 3965/3844/1973 2595/3845/1974
f 2620/3843/3146 771/3846/3147 2596/3847/1976 3965/3844/1973
f 3965/3844/1973 2596/3847/1976 747/3848/2286 2549/3849/2944
f 2595/3845/1974 3965/3844/1973 2549/3849/2944 746/3850/2913
f 769/3851/3148 2619/3852/3149 3966/3853/3150 2594/3854/3151
f 2619/3852/3149 770/3855/3145 2595/3856/1974 3966/3853/3150
f 3966/3853/3150 2595/3856/1974 746/3595/2913 2550/3593/2911
f 2594/3854/3151 3966/3853/3150 2550/3593/2911 745/3578/2899
f 768/3857/3152 2618/3858/3153 3967/3859/3154 2593/3860/3155
f 2618/3858/3153 769/3851/3148 2594/3861/3151 3967/3859/3154
f 3967/3859/3154 2594/3861/3151 745/3578/2899 2551/3576/2897
f 2593/3860/3155 3967/3859/3154 2551/3576/2897 744/3862/2865
f 767/3863/3156 2617/3864/3157 3968/3865/1987 2592/3866/3158
f 2617/3864/3157 768/3857/3152 2593/3860/3155 3968/3865/1987
f 3968/3865/1987 2593/3860/3155 744/3862/2865 2552/3867/2863
f 2592/3866/3158 3968/3865/1987 2552/3867/2863 743/3868/2852
f 766/3869/3159 2616/3870/3160 3969/3871/3161 2591/3872/1992
f 2616/3870/3160 767/3863/3156 2592/3866/3158 3969/3871/3161
f 3969/3871/3161 2592/3866/3158 743/3868/2852 2553/3873/2850
f 2591/3872/1992 3969/3871/3161 2553/3873/2850 742/3874/2813
f 765/3875/3162 2615/3876/3163 3970/3877/3164 2590/3878/1996
f 2615/3876/3163 766/3879/3159 2591/3880/1992 3970/3877/3164
f 3970/3877/3164 2591/3880/1992 742/3475/2813 2554/3473/2811
f 2590/3878/1996 3970/3877/3164 2554/3473/2811 741/3428/2778
f 764/3881/3165 2614/3882/3166 3971/3883/3167 2589/3884/2000
f 2614/3882/3166 765/3885/3162 2590/3886/1996 3971/3883/3167
f 3971/3883/3167 2590/3886/1996 741/3887/2778 2555/3888/2776
f 2589/3884/2000 3971/3883/3167 2555/3888/2776 740/3889/2768
f 763/3890/3168 2613/3891/3169 3972/3892/3170 2588/3893/3171
f 2613/3891/3169 764/3894/3165 2589/3895/2000 3972/3892/3170
f 3972/3892/3170 2589/3895/2000 740/3417/2768 2556/3415/2766
f 2588/3893/3171 3972/3892/3170 2556/3415/2766 739/3371/2731
f 762/3896/3172 2612/3897/3173 3973/3898/2007 2587/3899/3174
f 2612/3897/3173 763/3890/3168 2588/3900/3171 3973/3898/2007
f 3973/3898/2007 2588/3900/3171 739/3901/2731 2557/3902/2729
f 2587/3899/3174 3973/3898/2007 2557/3902/2729 738/3903/2696
f 761/3904/3175 2611/3905/3176 3974/3906/3177 2586/3907/3178
f 2611/3905/3176 762/3896/3172 2587/3899/3174 3974/3906/3177
f 3974/3906/3177 2587/3899/3174 738/3903/2696 2558/3908/2694
f 2586/3907/3178 3974/3906/3177 2558/3908/2694 737/3909/2686
f 760/3910/3179 2610/3911/3180 3975/3912/3181 2585/3913/2016
f 2610/3911/3180 761/3914/3175 2586/3915/3178 3975/3912/3181
f 3975/3912/3181 2586/3915/3178 737/3314/2686 2559/3312/2684
f 2585/3913/2016 3975/3912/3181 2559/3312/2684 736/3268/2648
f 759/3916/3182 2609/3917/3183 3976/3918/2019 2584/3919/2020
f 2609/3917/3183 760/3920/3179 2585/3921/2016 3976/3918/2019
f 3976/3918/2019 2585/3921/2016 736/3922/2648 2560/3923/2646
f 2584/3919/2020 3976/3918/2019 2560/3923/2646 735/3924/2613
f 758/3925/3184 2608/3926/3185 3977/3927/3186 2583/3928/3187
f 2608/3926/3185 759/3929/3182 2584/3930/2020 3977/3927/3186
f 3977/3927/3186 2584/3930/2020 735/3220/2613 2561/3218/2611
f 2583/3928/3187 3977/3927/3186 2561/3218/2611 734/3203/2599
f 757/3931/3188 2607/3932/3189 3978/3933/3190 2582/3934/3191
f 2607/3932/3189 758/3935/3184 2583/3928/3187 3978/3933/3190
f 3978/3933/3190 2583/3928/3187 734/3936/2599 2562/3937/2597
f 2582/3934/3191 3978/3933/3190 2562/3937/2597 733/3938/2565
f 756/3939/3192 2606/3940/3193 3979/3941/3194 2581/3942/2032
f 2606/3940/3193 757/3931/3188 2582/3934/3191 3979/3941/3194
f 3979/3941/3194 2582/3934/3191 733/3938/2565 2563/3943/2563
f 2581/3942/2032 3979/3941/3194 2563/3943/2563 732/3944/2522
f 755/3945/3195 2605/3946/3196 3980/3947/2035 2580/3948/2036
f 2605/3946/3196 756/3939/3192 2581/3942/2032 3980/3947/2035
f 3980/3947/2035 2581/3942/2032 732/3944/2522 2564/3949/2520
f 2580/3948/2036 3980/3947/2035 2564/3949/2520 731/3097/2513
f 754/3950/3197 2604/3951/3198 3981/3952/3199 2579/3953/2040
f 2604/3951/3198 755/3945/3195 2580/3948/2036 3981/3952/3199
f 3981/3952/3199 2580/3948/2036 731/3097/2513 2565/3954/2511
f 2579/3953/2040 3981/3952/3199 2565/3954/2511 730/3955/2476
f 753/3956/3200 2603/3957/3201 3982/3958/2043 2578/3959/2044
f 2603/3957/3201 754/3950/3197 2579/3953/2040 3982/3958/2043
f 3982/3958/2043 2579/3953/2040 730/3054/2476 2566/3052/2474
f 2578/3959/2044 3982/3958/2043 2566/3052/2474 729/3005/2440
f 752/3960/3202 2602/3961/3203 3983/3962/2047 2577/3963/2048
f 2602/3961/3203 753/3964/3200 2578/3965/2044 3983/3962/2047
f 3983/3962/2047 2578/3965/2044 729/3966/2440 2567/3967/2438
f 2577/3963/2048 3983/3962/2047 2567/3967/2438 728/3968/2426
f 751/3969/3204 2601/3970/3205 3984/3971/3206 2576/3972/2052
f 2601/3970/3205 752/3973/3202 2577/3974/2048 3984/3971/3206
f 3984/3971/3206 2577/3974/2048 728/2989/2426 2568/2987/2424
f 2576/3972/2052 3984/3971/3206 2568/2987/2424 727/2950/2395
f 750/3975/3207 2600/3976/3208 3985/3977/2055 2575/3978/2056
f 2600/3976/3208 751/3979/3204 2576/3980/2052 3985/3977/2055
f 3985/3977/2055 2576/3980/2052 727/2950/2395 2569/2948/2393
f 2575/3978/2056 3985/3977/2055 2569/2948/2393 726/3981/2382
f 749/3982/3209 2599/3983/3210 3986/3984/3211 2574/3985/3212
f 2599/3983/3210 750/3975/3207 2575/3978/2056 3986/3984/3211
f 3986/3984/3211 2575/3978/2056 726/3981/2382 2570/3986/2380
f 2574/3985/3212 3986/3984/3211 2570/3986/2380 725/2884/2343
f 748/3987/3213 2598/3988/3214 3987/3989/3215 2573/3990/3216
f 2598/3988/3214 749/3982/3209 2574/3985/3212 3987/3989/3215
f 3987/3989/3215 2574/3985/3212 725/2884/2343 2571/3991/2341
f 2573/3990/3216 3987/3989/3215 2571/3991/2341 724/3992/2290
f 771/3993/3147 2597/3994/3217 3988/3995/2066 2596/3996/1976
f 2597/3994/3217 748/3997/3213 2573/3998/3216 3988/3995/2066
f 3988/3995/2066 2573/3998/3216 724/2817/2290 2572/2814/2287
f 2596/3996/1976 3988/3995/2066 2572/2814/2287 747/2813/2286
f 699/3999/2959 2476/4000/3096 3989/4001/3218 2452/4002/3219
f 2476/4000/3096 676/4003/3093 2429/4004/3220 3989/4001/3218
f 3989/4001/3218 2429/4004/3220 748/3997/3213 2597/3994/3217
f 2452/4002/3219 3989/4001/3218 2597/3994/3217 771/3993/3147
f 676/3790/3093 2475/3789/3092 3990/4005/3221 2429/4006/3220
f 2475/3789/3092 677/3784/3087 2430/4007/3222 3990/4005/3221
f 3990/4005/3221 2430/4007/3222 749/3982/3209 2598/3988/3214
f 2429/4006/3220 3990/4005/3221 2598/3988/3214 748/3987/3213
f 677/3784/3087 2474/3783/3086 3991/4008/3223 2430/4007/3222
f 2474/3783/3086 678/3778/3081 2431/4009/3224 3991/4008/3223
f 3991/4008/3223 2431/4009/3224 750/3975/3207 2599/3983/3210
f 2430/4007/3222 3991/4008/3223 2599/3983/3210 749/3982/3209
f 678/3778/3081 2473/3777/3080 3992/4010/3225 2431/4009/3224
f 2473/3777/3080 679/3772/3075 2432/4011/3226 3992/4010/3225
f 3992/4010/3225 2432/4011/3226 751/3979/3204 2600/3976/3208
f 2431/4009/3224 3992/4010/3225 2600/3976/3208 750/3975/3207
f 679/4012/3075 2472/4013/3074 3993/4014/3227 2432/4015/3226
f 2472/4013/3074 680/4016/3069 2433/4017/3228 3993/4014/3227
f 3993/4014/3227 2433/4017/3228 752/3973/3202 2601/3970/3205
f 2432/4015/3226 3993/4014/3227 2601/3970/3205 751/3969/3204
f 680/4016/3069 2471/4018/3068 3994/4019/3229 2433/4017/3228
f 2471/4018/3068 681/4020/3063 2434/4021/3230 3994/4019/3229
f 3994/4019/3229 2434/4021/3230 753/3956/3200 2602/4022/3203
f 2433/4017/3228 3994/4019/3229 2602/4022/3203 752/3973/3202
f 681/4020/3063 2470/4023/3062 3995/4024/3231 2434/4021/3230
f 2470/4023/3062 682/3754/3057 2435/4025/3232 3995/4024/3231
f 3995/4024/3231 2435/4025/3232 754/3950/3197 2603/3957/3201
f 2434/4021/3230 3995/4024/3231 2603/3957/3201 753/3956/3200
f 682/3754/3057 2469/3753/3056 3996/4026/3233 2435/4025/3232
f 2469/3753/3056 683/3748/3051 2436/4027/3234 3996/4026/3233
f 3996/4026/3233 2436/4027/3234 755/3945/3195 2604/3951/3198
f 2435/4025/3232 3996/4026/3233 2604/3951/3198 754/3950/3197
f 683/3748/3051 2468/3747/3050 3997/4028/3235 2436/4027/3234
f 2468/3747/3050 684/3742/3045 2437/4029/3236 3997/4028/3235
f 3997/4028/3235 2437/4029/3236 756/3939/3192 2605/3946/3196
f 2436/4027/3234 3997/4028/3235 2605/3946/3196 755/3945/3195
f 684/3742/3045 2467/3741/3044 3998/4030/3237 2437/4029/3236
f 2467/3741/3044 685/3736/3039 2438/4031/3238 3998/4030/3237
f 3998/4030/3237 2438/4031/3238 757/3931/3188 2606/3940/3193
f 2437/4029/3236 3998/4030/3237 2606/3940/3193 756/3939/3192
f 685/3736/3039 2466/3735/3038 3999/4032/3239 2438/4031/3238
f 2466/3735/3038 686/3730/3033 2439/4033/3240 3999/4032/3239
f 3999/4032/3239 2439/4033/3240 758/3935/3184 2607/3932/3189
f 2438/4031/3238 3999/4032/3239 2607/3932/3189 757/3931/3188
f 686/4034/3033 2465/4035/3032 4000/4036/3241 2439/4037/3240
f 2465/4035/3032 687/4038/3027 2440/4039/3242 4000/4036/3241
f 4000/4036/3241 2440/4039/3242 759/3929/3182 2608/3926/3185
f 2439/4037/3240 4000/4036/3241 2608/3926/3185 758/3925/3184
f 687/4038/3027 2464/4040/3026 4001/4041/3243 2440/4039/3242
f 2464/4040/3026 688/4042/3021 2441/4043/3244 4001/4041/3243
f 4001/4041/3243 2441/4043/3244 760/3910/3179 2609/4044/3183
f 2440/4039/3242 4001/4041/3243 2609/4044/3183 759/3929/3182
f 688/4042/3021 2463/4045/3020 4002/4046/3245 2441/4043/3244
f 2463/4045/3020 689/4047/3015 2442/4048/3246 4002/4046/3245
f 4002/4046/3245 2442/4048/3246 761/3914/3175 2610/3911/3180
f 2441/4043/3244 4002/4046/3245 2610/3911/3180 760/3910/3179
f 689/3712/3015 2462/3711/3014 4003/4049/3247 2442/4048/3246
f 2462/3711/3014 690/3706/3009 2443/4050/3248 4003/4049/3247
f 4003/4049/3247 2443/4050/3248 762/3896/3172 2611/3905/3176
f 2442/4048/3246 4003/4049/3247 2611/3905/3176 761/3904/3175
f 690/3706/3009 2461/3705/3008 4004/4051/3249 2443/4050/3248
f 2461/3705/3008 691/3700/3003 2444/4052/3250 4004/4051/3249
f 4004/4051/3249 2444/4052/3250 763/3890/3168 2612/3897/3173
f 2443/4050/3248 4004/4051/3249 2612/3897/3173 762/3896/3172
f 691/4053/3003 2460/4054/3002 4005/4055/3251 2444/4056/3250
f 2460/4054/3002 692/4057/2997 2445/4058/3252 4005/4055/3251
f 4005/4055/3251 2445/4058/3252 764/3894/3165 2613/3891/3169
f 2444/4056/3250 4005/4055/3251 2613/3891/3169 763/3890/3168
f 692/4057/2997 2459/4059/2996 4006/4060/3253 2445/4058/3252
f 2459/4059/2996 693/4061/2991 2446/4062/3254 4006/4060/3253
f 4006/4060/3253 2446/4062/3254 765/3875/3162 2614/4063/3166
f 2445/4058/3252 4006/4060/3253 2614/4063/3166 764/3894/3165
f 693/4061/2991 2458/4064/2990 4007/4065/3255 2446/4062/3254
f 2458/4064/2990 694/4066/2985 2447/4067/3256 4007/4065/3255
f 4007/4065/3255 2447/4067/3256 766/3879/3159 2615/3876/3163
f 2446/4062/3254 4007/4065/3255 2615/3876/3163 765/3875/3162
f 694/3682/2985 2457/3681/2984 4008/4068/3257 2447/4069/3256
f 2457/3681/2984 695/3676/2979 2448/4070/3258 4008/4068/3257
f 4008/4068/3257 2448/4070/3258 767/3863/3156 2616/3870/3160
f 2447/4069/3256 4008/4068/3257 2616/3870/3160 766/3869/3159
f 695/3676/2979 2456/3675/2978 4009/4071/3259 2448/4070/3258
f 2456/3675/2978 696/3670/2973 2449/4072/3260 4009/4071/3259
f 4009/4071/3259 2449/4072/3260 768/3857/3152 2617/3864/3157
f 2448/4070/3258 4009/4071/3259 2617/3864/3157 767/3863/3156
f 696/3670/2973 2455/3669/2972 4010/4073/3261 2449/4072/3260
f 2455/3669/2972 697/3664/2967 2450/4074/3262 4010/4073/3261
f 4010/4073/3261 2450/4074/3262 769/3851/3148 2618/3858/3153
f 2449/4072/3260 4010/4073/3261 2618/3858/3153 768/3857/3152
f 697/4075/2967 2454/4076/2966 4011/4077/3263 2450/4078/3262
f 2454/4076/2966 698/4079/2961 2451/4080/3264 4011/4077/3263
f 4011/4077/3263 2451/4080/3264 770/3855/3145 2619/3852/3149
f 2450/4078/3262 4011/4077/3263 2619/3852/3149 769/3851/3148
f 698/4079/2961 2453/4081/2960 4012/4082/3265 2451/4080/3264
f 2453/4081/2960 699/3999/2959 2452/4002/3219 4012/4082/3265
f 4012/4082/3265 2452/4002/3219 771/3993/3147 2620/4083/3146
f 2451/4080/3264 4012/4082/3265 2620/4083/3146 770/3855/3145
f 674/2839/2312 2402/2838/2311 4013/4084/3266 2394/4085/3267
f 2402/2838/2311 535/2837/2310 2143/4086/3268 4013/4084/3266
f 4013/4084/3266 2143/4086/3268 772/3785/3088 2645/3791/3094
f 2394/4085/3267 4013/4084/3266 2645/3791/3094 795/3654/2957
f 535/2837/2310 2161/2897/2355 4014/4087/3269 2143/4086/3268
f 2161/2897/2355 541/2896/2354 2151/4088/3270 4014/4087/3269
f 4014/4087/3269 2151/4088/3270 773/3779/3082 2646/3786/3089
f 2143/4086/3268 4014/4087/3269 2646/3786/3089 772/3785/3088
f 541/2896/2354 2170/2909/2367 4015/4089/3271 2151/4088/3270
f 2170/2909/2367 547/2908/2366 2162/4090/3272 4015/4089/3271
f 4015/4089/3271 2162/4090/3272 774/3773/3076 2647/3780/3083
f 2151/4088/3270 4015/4089/3271 2647/3780/3083 773/3779/3082
f 547/2908/2366 2181/2965/2406 4016/4091/3273 2162/4090/3272
f 2181/2965/2406 553/2964/2405 2173/4092/3274 4016/4091/3273
f 4016/4091/3273 2173/4092/3274 775/3767/3070 2648/3774/3077
f 2162/4090/3272 4016/4091/3273 2648/3774/3077 774/3773/3076
f 553/2964/2405 2194/3002/2437 4017/4093/3275 2173/4092/3274
f 2194/3002/2437 559/3001/2436 2184/4094/3276 4017/4093/3275
f 4017/4093/3275 2184/4094/3276 776/3761/3064 2649/3768/3071
f 2173/4092/3274 4017/4093/3275 2649/3768/3071 775/3767/3070
f 559/3001/2436 2200/3020/2455 4018/4095/3277 2184/4094/3276
f 2200/3020/2455 565/3019/2454 2195/4096/3278 4018/4095/3277
f 4018/4095/3277 2195/4096/3278 777/3755/3058 2650/3762/3065
f 2184/4094/3276 4018/4095/3277 2650/3762/3065 776/3761/3064
f 565/3019/2454 2214/3067/2487 4019/4097/3279 2195/4096/3278
f 2214/3067/2487 571/3066/2486 2206/4098/3280 4019/4097/3279
f 4019/4097/3279 2206/4098/3280 778/3749/3052 2651/3756/3059
f 2195/4096/3278 4019/4097/3279 2651/3756/3059 777/3755/3058
f 571/3066/2486 2223/3077/2497 4020/4099/3281 2206/4098/3280
f 2223/3077/2497 577/3076/2496 2217/4100/3282 4020/4099/3281
f 4020/4099/3281 2217/4100/3282 779/3743/3046 2652/3750/3053
f 2206/4098/3280 4020/4099/3281 2652/3750/3053 778/3749/3052
f 577/3076/2496 2233/3123/2537 4021/4101/3283 2217/4100/3282
f 2233/3123/2537 583/3122/2536 2228/4102/3284 4021/4101/3283
f 4021/4101/3283 2228/4102/3284 780/3737/3040 2653/3744/3047
f 2217/4100/3282 4021/4101/3283 2653/3744/3047 779/3743/3046
f 583/3122/2536 2248/3176/2576 4022/4103/3285 2228/4102/3284
f 2248/3176/2576 589/3175/2575 2239/4104/3286 4022/4103/3285
f 4022/4103/3285 2239/4104/3286 781/3731/3034 2654/3738/3041
f 2228/4102/3284 4022/4103/3285 2654/3738/3041 780/3737/3040
f 589/3175/2575 2256/3182/2582 4023/4105/3287 2239/4104/3286
f 2256/3182/2582 595/3181/2581 2250/4106/3288 4023/4105/3287
f 4023/4105/3287 2250/4106/3288 782/3725/3028 2655/3732/3035
f 2239/4104/3286 4023/4105/3287 2655/3732/3035 781/3731/3034
f 595/3181/2581 2268/3235/2626 4024/4107/3289 2250/4106/3288
f 2268/3235/2626 601/3234/2625 2261/4108/3290 4024/4107/3289
f 4024/4107/3289 2261/4108/3290 783/3719/3022 2656/3726/3029
f 2250/4106/3288 4024/4107/3289 2656/3726/3029 782/3725/3028
f 601/3234/2625 2282/3280/2659 4025/4109/3291 2261/4108/3290
f 2282/3280/2659 608/3279/2658 2273/4110/3292 4025/4109/3291
f 4025/4109/3291 2273/4110/3292 784/3713/3016 2657/3720/3023
f 2261/4108/3290 4025/4109/3291 2657/3720/3023 783/3719/3022
f 608/3279/2658 2292/3292/2671 4026/4111/3293 2273/4110/3292
f 2292/3292/2671 614/3291/2670 2284/4112/3294 4026/4111/3293
f 4026/4111/3293 2284/4112/3294 785/3707/3010 2658/3714/3017
f 2273/4110/3292 4026/4111/3293 2658/3714/3017 784/3713/3016
f 614/3291/2670 2302/3340/2709 4027/4113/3295 2284/4112/3294
f 2302/3340/2709 620/3339/2708 2295/4114/3296 4027/4113/3295
f 4027/4113/3295 2295/4114/3296 786/3701/3004 2659/3708/3011
f 2284/4112/3294 4027/4113/3295 2659/3708/3011 785/3707/3010
f 620/3339/2708 2316/3386/2742 4028/4115/3297 2295/4114/3296
f 2316/3386/2742 626/3385/2741 2306/4116/3298 4028/4115/3297
f 4028/4115/3297 2306/4116/3298 787/3695/2998 2660/3702/3005
f 2295/4114/3296 4028/4115/3297 2660/3702/3005 786/3701/3004
f 626/3385/2741 2325/3398/2754 4029/4117/3299 2306/4116/3298
f 2325/3398/2754 632/3397/2753 2317/4118/3300 4029/4117/3299
f 4029/4117/3299 2317/4118/3300 788/3689/2992 2661/3696/2999
f 2306/4116/3298 4029/4117/3299 2661/3696/2999 787/3695/2998
f 632/3397/2753 2335/3442/2791 4030/4119/3301 2317/4118/3300
f 2335/3442/2791 638/3441/2790 2328/4120/3302 4030/4119/3301
f 4030/4119/3301 2328/4120/3302 789/3683/2986 2662/3690/2993
f 2317/4118/3300 4030/4119/3301 2662/3690/2993 788/3689/2992
f 638/3441/2790 2349/3490/2825 4031/4121/3303 2328/4120/3302
f 2349/3490/2825 644/3489/2824 2339/4122/3304 4031/4121/3303
f 4031/4121/3303 2339/4122/3304 790/3677/2980 2663/3684/2987
f 2328/4120/3302 4031/4121/3303 2663/3684/2987 789/3683/2986
f 644/3489/2824 2358/3502/2838 4032/4123/3305 2339/4122/3304
f 2358/3502/2838 650/3501/2837 2350/4124/3306 4032/4123/3305
f 4032/4123/3305 2350/4124/3306 791/3671/2974 2664/3678/2981
f 2339/4122/3304 4032/4123/3305 2664/3678/2981 790/3677/2980
f 650/3501/2837 2369/3553/2878 4033/4125/3307 2350/4124/3306
f 2369/3553/2878 656/3552/2877 2361/4126/3308 4033/4125/3307
f 4033/4125/3307 2361/4126/3308 792/3665/2968 2665/3672/2975
f 2350/4124/3306 4033/4125/3307 2665/3672/2975 791/3671/2974
f 656/3552/2877 2382/3592/2910 4034/4127/3309 2361/4126/3308
f 2382/3592/2910 662/3591/2909 2372/4128/3310 4034/4127/3309
f 4034/4127/3309 2372/4128/3310 793/3659/2962 2666/3666/2969
f 2361/4126/3308 4034/4127/3309 2666/3666/2969 792/3665/2968
f 662/3591/2909 2388/3610/2928 4035/4129/3311 2372/4128/3310
f 2388/3610/2928 668/3609/2927 2383/4130/3312 4035/4129/3311
f 4035/4129/3311 2383/4130/3312 794/3650/2953 2667/3660/2963
f 2372/4128/3310 4035/4129/3311 2667/3660/2963 793/3659/2962
f 668/3609/2927 2397/3647/2950 4036/4131/3313 2383/4130/3312
f 2397/3647/2950 674/2839/2312 2394/4085/3267 4036/4131/3313
f 4036/4131/3313 2394/4085/3267 795/3654/2957 2668/3651/2954
f 2383/4130/3312 4036/4131/3313 2668/3651/2954 794/3650/2953
f 1012/4132/3314 3076/4133/3315 4037/4134/3316 3100/4135/3317
f 3076/4133/3315 938/4136/3318 2931/4137/3319 4037/4134/3316
f 4037/4134/3316 2931/4137/3319 799/4138/3320 3053/4139/3321
f 3100/4135/3317 4037/4134/3316 3053/4139/3321 989/4140/3322
f 798/4141/3323 2670/4142/3324 4038/4143/3325 2676/4144/3326
f 2670/4142/3324 797/4145/3327 2677/4146/3328 4038/4143/3325
f 4038/4143/3325 2677/4146/3328 803/4147/3329 2675/4148/3330
f 2676/4144/3326 4038/4143/3325 2675/4148/3330 804/4149/3331
f 988/4150/3332 3028/4151/3333 4039/4152/3334 3052/4153/3335
f 3028/4151/3333 939/4154/3336 2930/4155/3337 4039/4152/3334
f 4039/4152/3334 2930/4155/3337 800/4156/3338 3005/4157/3339
f 3052/4153/3335 4039/4152/3334 3005/4157/3339 965/4158/3340
f 796/4159/3341 2928/4160/3342 4040/4161/3343 2678/4162/3344
f 2928/4160/3342 940/4163/3345 2932/4164/3346 4040/4161/3343
f 4040/4161/3343 2932/4164/3346 801/4165/3347 2673/4166/3348
f 2678/4162/3344 4040/4161/3343 2673/4166/3348 802/4167/3349
f 938/4168/3318 2927/4169/37 4041/4170/3350 2931/4171/3319
f 871/4172/39 2929/4173/40 4041/4170/3350 2927/4174/37
f 799/4175/3320 2931/4176/3319 4041/4170/3350 2929/4177/40
f 797/4178/3327 2669/4179/3351 4042/4180/3352 2677/4181/3328
f 2669/4179/3351 796/4159/3341 2678/4162/3344 4042/4180/3352
f 4042/4180/3352 2678/4162/3344 802/4167/3349 2674/4182/3353
f 2677/4181/3328 4042/4180/3352 2674/4182/3353 803/4183/3329
f 802/4167/3349 2673/4166/3348 4043/4184/3354 2685/4185/3355
f 2673/4166/3348 801/4165/3347 2686/4186/3356 4043/4184/3354
f 4043/4184/3354 2686/4186/3356 807/4187/3357 2681/4188/3358
f 2685/4185/3355 4043/4184/3354 2681/4188/3358 808/4189/3359
f 799/4190/3320 2929/4191/40 4044/4192/3360 2687/4193/3361
f 871/4172/39 2933/4194/52 4044/4192/3360 2929/4195/40
f 805/4196/3362 2687/4193/3361 4044/4192/3360 2933/4194/52
f 803/4183/3329 2674/4182/3353 4045/4197/3363 2688/4198/3364
f 2674/4182/3353 802/4167/3349 2685/4185/3355 4045/4197/3363
f 4045/4197/3363 2685/4185/3355 808/4189/3359 2682/4199/3365
f 2688/4198/3364 4045/4197/3363 2682/4199/3365 809/4200/3366
f 989/4140/3322 3053/4139/3321 4046/4201/3367 3099/4202/3368
f 3053/4139/3321 799/4138/3320 2687/4203/3361 4046/4201/3367
f 4046/4201/3367 2687/4203/3361 805/4204/3362 3054/4205/3369
f 3099/4202/3368 4046/4201/3367 3054/4205/3369 990/4206/3370
f 804/4149/3331 2675/4148/3330 4047/4207/3371 2684/4208/3372
f 2675/4148/3330 803/4147/3329 2688/4209/3364 4047/4207/3371
f 4047/4207/3371 2688/4209/3364 809/4210/3373 2683/4211/3374
f 2684/4208/3372 4047/4207/3371 2683/4211/3374 810/4212/3375
f 965/4158/3340 3005/4157/3339 4048/4213/3376 3051/4214/3377
f 3005/4157/3339 800/4156/3338 2689/4215/3378 4048/4213/3376
f 4048/4213/3376 2689/4215/3378 806/4216/3379 3006/4217/3380
f 3051/4214/3377 4048/4213/3376 3006/4217/3380 966/4218/3381
f 810/4212/3375 2683/4211/3374 4049/4219/3382 2695/4220/3383
f 2683/4211/3374 809/4210/3373 2696/4221/3384 4049/4219/3382
f 4049/4219/3382 2696/4221/3384 815/4222/3385 2694/4223/3386
f 2695/4220/3383 4049/4219/3382 2694/4223/3387 816/4224/3388
f 966/4218/3381 3006/4217/3380 4050/4225/3389 3050/4226/3390
f 3006/4217/3380 806/4216/3379 2698/4227/3391 4050/4225/3389
f 4050/4225/3389 2698/4227/3391 812/4228/3392 3007/4229/3393
f 3050/4226/3390 4050/4225/3389 3007/4229/3393 967/4230/3394
f 808/4189/3359 2681/4188/3358 4051/4231/3395 2699/4232/3396
f 2681/4188/3358 807/4187/3357 2697/4233/3397 4051/4231/3395
f 4051/4231/3395 2697/4233/3397 813/4234/3398 2692/4235/3399
f 2699/4232/3396 4051/4231/3395 2692/4235/3399 814/4236/3400
f 805/4237/3362 2933/4238/52 4052/4239/3401 2700/4240/3402
f 871/4172/39 2934/4241/93 4052/4239/3401 2933/4242/52
f 811/4243/3403 2700/4244/3402 4052/4239/3401 2934/4245/93
f 809/4200/3366 2682/4199/3365 4053/4246/3404 2696/4247/3384
f 2682/4199/3365 808/4189/3359 2699/4232/3396 4053/4246/3404
f 4053/4246/3404 2699/4232/3396 814/4236/3400 2693/4248/3405
f 2696/4247/3384 4053/4246/3404 2693/4248/3405 815/4249/3385
f 990/4206/3370 3054/4205/3369 4054/4250/3406 3098/4251/3407
f 3054/4205/3369 805/4204/3362 2700/4244/3402 4054/4250/3406
f 4054/4250/3406 2700/4244/3402 811/4252/3403 3055/4253/3408
f 3098/4251/3407 4054/4250/3406 3055/4253/3408 991/4254/3409
f 811/4243/3403 2934/4241/93 4055/4255/3410 2706/4256/3411
f 871/4172/39 2935/4257/103 4055/4255/3410 2934/4258/93
f 817/4259/3412 2706/4260/3411 4055/4255/3410 2935/4261/103
f 815/4249/3385 2693/4248/3405 4056/4262/3413 2707/4263/3414
f 2693/4248/3405 814/4236/3400 2708/4264/3415 4056/4262/3413
f 4056/4262/3413 2708/4264/3415 820/4265/3416 2704/4266/3417
f 2707/4263/3414 4056/4262/3413 2704/4266/3417 821/4267/3418
f 991/4254/3409 3055/4253/3408 4057/4268/3419 3097/4269/3420
f 3055/4253/3408 811/4252/3403 2706/4260/3411 4057/4268/3419
f 4057/4268/3419 2706/4260/3411 817/4270/3412 3056/4271/3421
f 3097/4269/3420 4057/4268/3419 3056/4271/3421 992/4272/3422
f 816/4224/3388 2694/4223/3387 4058/4273/3423 2710/4274/3424
f 2694/4223/3386 815/4222/3385 2707/4275/3414 4058/4273/3423
f 4058/4273/3423 2707/4275/3414 821/4276/3418 2705/4277/3425
f 2710/4274/3424 4058/4273/3423 2705/4277/3425 822/4278/3426
f 967/4230/3394 3007/4229/3393 4059/4279/3427 3049/4280/3428
f 3007/4229/3393 812/4228/3392 2709/4281/3429 4059/4279/3427
f 4059/4279/3427 2709/4281/3429 818/4282/3430 3008/4283/3431
f 3049/4280/3428 4059/4279/3427 3008/4283/3431 968/4284/3432
f 814/4236/3400 2692/4235/3399 4060/4285/3433 2708/4264/3415
f 2692/4235/3399 813/4234/3398 2711/4286/3434 4060/4285/3433
f 4060/4285/3433 2711/4286/3434 819/4287/3435 2703/4288/3436
f 2708/4264/3415 4060/4285/3433 2703/4288/3436 820/4265/3416
f 820/4265/3416 2703/4288/3436 4061/4289/3437 2718/4290/3438
f 2703/4288/3436 819/4287/3435 2719/4291/3439 4061/4289/3437
f 4061/4289/3437 2719/4291/3439 825/4292/3440 2714/4293/3441
f 2718/4290/3438 4061/4289/3437 2714/4293/3441 826/4294/3442
f 817/4295/3412 2935/4296/103 4062/4297/3443 2720/4298/3444
f 871/4172/39 2936/4299/137 4062/4297/3443 2935/4300/103
f 823/4301/3445 2720/4302/3444 4062/4297/3443 2936/4303/137
f 821/4267/3418 2704/4266/3417 4063/4304/3446 2721/4305/3447
f 2704/4266/3417 820/4265/3416 2718/4290/3438 4063/4304/3446
f 4063/4304/3446 2718/4290/3438 826/4294/3442 2715/4306/3448
f 2721/4305/3447 4063/4304/3446 2715/4306/3448 827/4307/3449
f 992/4272/3422 3056/4271/3421 4064/4308/3450 3096/4309/3451
f 3056/4271/3421 817/4270/3412 2720/4310/3444 4064/4308/3450
f 4064/4308/3450 2720/4310/3444 823/4311/3445 3057/4312/3452
f 3096/4309/3451 4064/4308/3450 3057/4312/3452 993/4313/3453
f 822/4278/3426 2705/4277/3425 4065/4314/3454 2717/4315/3455
f 2705/4277/3425 821/4276/3418 2721/4316/3447 4065/4314/3454
f 4065/4314/3454 2721/4316/3447 827/4317/3449 2716/4318/3456
f 2717/4315/3455 4065/4314/3454 2716/4318/3456 828/4319/3457
f 968/4284/3432 3008/4283/3431 4066/4320/3458 3048/4321/3459
f 3008/4283/3431 818/4282/3430 2722/4322/3460 4066/4320/3458
f 4066/4320/3458 2722/4322/3460 824/4323/3461 3009/4324/3462
f 3048/4321/3459 4066/4320/3458 3009/4324/3462 969/4325/3463
f 993/4313/3453 3057/4312/3452 4067/4326/3464 3095/4327/3465
f 3057/4312/3452 823/4311/3445 2729/4328/3466 4067/4326/3464
f 4067/4326/3464 2729/4328/3466 829/4329/3467 3058/4330/3468
f 3095/4327/3465 4067/4326/3464 3058/4330/3468 994/4331/3469
f 828/4319/3457 2716/4318/3456 4068/4332/3470 2730/4333/3471
f 2716/4318/3456 827/4317/3449 2731/4334/3472 4068/4332/3470
f 4068/4332/3470 2731/4334/3472 833/4335/3473 2727/4336/3474
f 2730/4333/3471 4068/4332/3470 2727/4336/3474 834/4337/3475
f 969/4325/3463 3009/4324/3462 4069/4338/3476 3047/4339/3477
f 3009/4324/3462 824/4323/3461 2728/4340/3478 4069/4338/3476
f 4069/4338/3476 2728/4340/3478 830/4341/3479 3010/4342/3480
f 3047/4339/3477 4069/4338/3476 3010/4342/3480 970/4343/3481
f 826/4294/3442 2714/4293/3441 4070/4344/3482 2733/4345/3483
f 2714/4293/3441 825/4292/3440 2732/4346/3484 4070/4344/3482
f 4070/4344/3482 2732/4346/3484 831/4347/3485 2725/4348/3486
f 2733/4345/3483 4070/4344/3482 2725/4348/3486 832/4349/3487
f 823/4350/3445 2936/4351/137 4071/4352/3488 2729/4353/3466
f 871/4172/39 2937/4354/182 4071/4352/3488 2936/4355/137
f 829/4356/3467 2729/4353/3466 4071/4352/3488 2937/4357/182
f 827/4307/3449 2715/4306/3448 4072/4358/3489 2731/4359/3472
f 2715/4306/3448 826/4294/3442 2733/4345/3483 4072/4358/3489
f 4072/4358/3489 2733/4345/3483 832/4349/3487 2726/4360/3490
f 2731/4359/3472 4072/4358/3489 2726/4360/3490 833/4361/3473
f 829/4356/3467 2937/4354/182 4073/4362/3491 2739/4363/3492
f 871/4172/39 2938/4364/187 4073/4362/3491 2937/4354/182
f 835/4365/3493 2739/4366/3492 4073/4362/3491 2938/4367/187
f 833/4361/3473 2726/4360/3490 4074/4368/3494 2740/4369/3495
f 2726/4360/3490 832/4349/3487 2741/4370/3496 4074/4368/3494
f 4074/4368/3494 2741/4370/3496 838/4371/3497 2737/4372/3498
f 2740/4369/3495 4074/4368/3494 2737/4372/3498 839/4373/3499
f 994/4331/3469 3058/4330/3468 4075/4374/3500 3094/4375/3501
f 3058/4330/3468 829/4329/3467 2739/4363/3492 4075/4374/3500
f 4075/4374/3500 2739/4363/3492 835/4376/3493 3059/4377/3502
f 3094/4375/3501 4075/4374/3500 3059/4377/3502 995/4378/3503
f 834/4337/3475 2727/4336/3474 4076/4379/3504 2743/4380/3505
f 2727/4336/3474 833/4335/3473 2740/4381/3495 4076/4379/3504
f 4076/4379/3504 2740/4381/3495 839/4382/3506 2738/4383/3507
f 2743/4380/3505 4076/4379/3504 2738/4383/3507 840/4384/3508
f 970/4343/3481 3010/4342/3480 4077/4385/3509 3046/4386/3510
f 3010/4342/3480 830/4341/3479 2742/4387/3511 4077/4385/3509
f 4077/4385/3509 2742/4387/3511 836/4388/3512 3011/4389/3513
f 3046/4386/3510 4077/4385/3509 3011/4389/3513 971/4390/3514
f 832/4349/3487 2725/4348/3486 4078/4391/3515 2741/4370/3496
f 2725/4348/3486 831/4347/3485 2744/4392/3516 4078/4391/3515
f 4078/4391/3515 2744/4392/3516 837/4393/3517 2736/4394/3518
f 2741/4370/3496 4078/4391/3515 2736/4394/3518 838/4371/3497
f 971/4390/3514 3011/4389/3513 4079/4395/3519 3045/4396/3520
f 3011/4389/3513 836/4388/3512 2751/4397/3521 4079/4395/3519
f 4079/4395/3519 2751/4397/3521 842/4398/3522 3012/4399/3523
f 3045/4396/3520 4079/4395/3519 3012/4399/3523 972/4400/3524
f 838/4371/3497 2736/4394/3518 4080/4401/3525 2753/4402/3526
f 2736/4394/3518 837/4393/3517 2750/4403/3527 4080/4401/3525
f 4080/4401/3525 2750/4403/3527 843/4404/3528 2747/4405/3529
f 2753/4402/3526 4080/4401/3525 2747/4405/3529 844/4406/3530
f 835/4407/3493 2938/4408/187 4081/4409/3531 2754/4410/3532
f 871/4172/39 2939/4411/228 4081/4409/3531 2938/4412/187
f 841/4413/3533 2754/4414/3532 4081/4409/3531 2939/4415/228
f 839/4373/3499 2737/4372/3498 4082/4416/3534 2755/4417/3535
f 2737/4372/3498 838/4371/3497 2753/4402/3526 4082/4416/3534
f 4082/4416/3534 2753/4402/3526 844/4406/3530 2748/4418/3536
f 2755/4417/3535 4082/4416/3534 2748/4418/3536 845/4419/3537
f 995/4378/3503 3059/4377/3502 4083/4420/3538 3093/4421/3539
f 3059/4377/3502 835/4376/3493 2754/4422/3532 4083/4420/3538
f 4083/4420/3538 2754/4422/3532 841/4423/3533 3060/4424/3540
f 3093/4421/3539 4083/4420/3538 3060/4424/3540 996/4425/3541
f 840/4384/3508 2738/4383/3507 4084/4426/3542 2752/4427/3543
f 2738/4383/3507 839/4382/3506 2755/4428/3544 4084/4426/3542
f 4084/4426/3542 2755/4428/3544 845/4429/3545 2749/4430/3546
f 2752/4427/3543 4084/4426/3542 2749/4430/3546 846/4431/3547
f 996/4425/3541 3060/4424/3540 4085/4432/3548 3092/4433/3549
f 3060/4424/3540 841/4423/3533 2762/4434/3550 4085/4432/3548
f 4085/4432/3548 2762/4434/3550 847/4435/3551 3061/4436/3552
f 3092/4433/3549 4085/4432/3548 3061/4436/3552 997/4437/3553
f 846/4431/3547 2749/4430/3546 4086/4438/3554 2763/4439/3555
f 2749/4430/3546 845/4429/3545 2764/4440/3556 4086/4438/3554
f 4086/4438/3554 2764/4440/3556 851/4441/3557 2760/4442/3558
f 2763/4439/3555 4086/4438/3554 2760/4442/3558 852/4443/3559
f 972/4400/3524 3012/4399/3523 4087/4444/3560 3044/4445/3561
f 3012/4399/3523 842/4398/3522 2761/4446/3562 4087/4444/3560
f 4087/4444/3560 2761/4446/3562 848/4447/3563 3013/4448/3564
f 3044/4445/3561 4087/4444/3560 3013/4448/3564 973/4449/3565
f 844/4406/3530 2747/4405/3529 4088/4450/3566 2766/4451/3567
f 2747/4405/3529 843/4404/3528 2765/4452/3568 4088/4450/3566
f 4088/4450/3566 2765/4452/3568 849/4453/3569 2758/4454/3570
f 2766/4451/3567 4088/4450/3566 2758/4454/3570 850/4455/3571
f 841/4413/3533 2939/4456/228 4089/4457/3572 2762/4458/3550
f 871/4172/39 2940/4459/269 4089/4457/3572 2939/4460/228
f 847/4461/3551 2762/4462/3550 4089/4457/3572 2940/4463/269
f 845/4419/3537 2748/4418/3536 4090/4464/3573 2764/4465/3556
f 2748/4418/3536 844/4406/3530 2766/4451/3567 4090/4464/3573
f 4090/4464/3573 2766/4451/3567 850/4455/3571 2759/4466/3574
f 2764/4465/3556 4090/4464/3573 2759/4466/3574 851/4467/3557
f 850/4455/3571 2758/4454/3570 4091/4468/3575 2772/4469/3576
f 2758/4454/3570 849/4453/3569 2773/4470/3577 4091/4468/3575
f 4091/4468/3575 2773/4470/3577 855/4471/3578 2769/4472/3579
f 2772/4469/3576 4091/4468/3575 2769/4472/3579 856/4473/3580
f 847/4474/3551 2940/4459/269 4092/4475/3581 2774/4476/3582
f 871/4172/39 2941/4477/281 4092/4475/3581 2940/4459/269
f 853/4478/3583 2774/4479/3582 4092/4475/3581 2941/4477/281
f 851/4467/3557 2759/4466/3574 4093/4480/3584 2775/4481/3585
f 2759/4466/3574 850/4455/3571 2772/4469/3576 4093/4480/3584
f 4093/4480/3584 2772/4469/3576 856/4473/3580 2770/4482/3586
f 2775/4481/3585 4093/4480/3584 2770/4482/3586 857/4483/3587
f 997/4437/3553 3061/4436/3552 4094/4484/3588 3091/4485/3589
f 3061/4436/3552 847/4435/3551 2774/4486/3582 4094/4484/3588
f 4094/4484/3588 2774/4486/3582 853/4487/3583 3062/4488/3590
f 3091/4485/3589 4094/4484/3588 3062/4488/3590 998/4489/3591
f 852/4443/3559 2760/4442/3558 4095/4490/3592 2777/4491/3593
f 2760/4442/3558 851/4441/3557 2775/4492/3585 4095/4490/3592
f 4095/4490/3592 2775/4492/3585 857/4493/3587 2771/4494/3594
f 2777/4491/3593 4095/4490/3592 2771/4494/3594 858/4495/3595
f 973/4449/3565 3013/4448/3564 4096/4496/3596 3043/4497/3597
f 3013/4448/3564 848/4447/3563 2776/4498/3598 4096/4496/3596
f 4096/4496/3596 2776/4498/3598 854/4499/3599 3014/4500/3600
f 3043/4497/3597 4096/4496/3596 3014/4500/3600 974/4501/3601
f 974/4501/3601 3014/4500/3600 4097/4502/3602 3042/4503/3603
f 3014/4500/3600 854/4499/3599 2784/4504/3604 4097/4502/3602
f 4097/4502/3602 2784/4504/3604 860/4505/3605 3015/4506/3606
f 3042/4503/3603 4097/4502/3602 3015/4506/3606 975/4507/3607
f 856/4473/3580 2769/4472/3579 4098/4508/3608 2786/4509/3609
f 2769/4472/3579 855/4471/3578 2783/4510/3610 4098/4508/3608
f 4098/4508/3608 2783/4510/3610 861/4511/3611 2780/4512/3612
f 2786/4509/3609 4098/4508/3608 2780/4512/3612 862/4513/3613
f 853/4514/3583 2941/4515/281 4099/4516/3614 2787/4517/3615
f 871/4172/39 2942/4518/315 4099/4516/3614 2941/4519/281
f 859/4520/3616 2787/4517/3615 4099/4516/3614 2942/4521/315
f 857/4483/3587 2770/4482/3586 4100/4522/3617 2788/4523/3618
f 2770/4482/3586 856/4473/3580 2786/4509/3609 4100/4522/3617
f 4100/4522/3617 2786/4509/3609 862/4513/3613 2781/4524/3619
f 2788/4523/3618 4100/4522/3617 2781/4524/3619 863/4525/3620
f 998/4489/3591 3062/4488/3590 4101/4526/3621 3090/4527/3622
f 3062/4488/3590 853/4487/3583 2787/4528/3615 4101/4526/3621
f 4101/4526/3621 2787/4528/3615 859/4529/3616 3063/4530/3623
f 3090/4527/3622 4101/4526/3621 3063/4530/3623 999/4531/3624
f 858/4495/3595 2771/4494/3594 4102/4532/3625 2785/4533/3626
f 2771/4494/3594 857/4493/3587 2788/4534/3618 4102/4532/3625
f 4102/4532/3625 2788/4534/3618 863/4535/3620 2782/4536/3627
f 2785/4533/3626 4102/4532/3625 2782/4536/3627 864/4537/3628
f 863/4525/3620 2781/4524/3619 4103/4538/3629 2794/4539/3630
f 2781/4524/3619 862/4513/3613 2795/4540/3631 4103/4538/3629
f 4103/4538/3629 2795/4540/3631 868/4541/3632 2792/4542/3633
f 2794/4539/3630 4103/4538/3629 2792/4542/3633 869/4543/3634
f 999/4531/3624 3063/4530/3623 4104/4544/3635 3089/4545/3636
f 3063/4530/3623 859/4529/3616 2797/4546/3637 4104/4544/3635
f 4104/4544/3635 2797/4546/3637 865/4547/3638 3064/4548/3639
f 3089/4545/3636 4104/4544/3635 3064/4548/3639 1000/4549/3640
f 864/4537/3628 2782/4536/3627 4105/4550/3641 2798/4551/3642
f 2782/4536/3627 863/4535/3620 2794/4552/3630 4105/4550/3641
f 4105/4550/3641 2794/4552/3630 869/4553/3634 2793/4554/3643
f 2798/4551/3642 4105/4550/3641 2793/4554/3643 870/4555/3644
f 975/4507/3607 3015/4506/3606 4106/4556/3645 3041/4557/3646
f 3015/4506/3606 860/4505/3605 2796/4558/3647 4106/4556/3645
f 4106/4556/3645 2796/4558/3647 866/4559/3648 3016/4560/3649
f 3041/4557/3646 4106/4556/3645 3016/4560/3649 976/4561/3650
f 862/4513/3613 2780/4512/3612 4107/4562/3651 2795/4540/3631
f 2780/4512/3612 861/4511/3611 2799/4563/3652 4107/4562/3651
f 4107/4562/3651 2799/4563/3652 867/4564/3653 2791/4565/3654
f 2795/4540/3631 4107/4562/3651 2791/4565/3654 868/4541/3632
f 859/4566/3616 2942/4567/315 4108/4568/3655 2797/4546/3637
f 871/4172/39 2943/4569/356 4108/4568/3655 2942/4570/315
f 865/4571/3638 2797/4546/3637 4108/4568/3655 2943/4572/356
f 868/4541/3632 2791/4565/3654 4109/4573/3656 2806/4574/3657
f 2791/4565/3654 867/4564/3653 2807/4575/3658 4109/4573/3656
f 4109/4573/3656 2807/4575/3658 874/4576/3659 2803/4577/3660
f 2806/4574/3657 4109/4573/3656 2803/4577/3660 875/4578/3661
f 865/4579/3638 2943/4572/356 4110/4580/3662 2808/4581/3663
f 871/4172/39 2800/4582/365 4110/4580/3662 2943/4583/356
f 872/4584/3664 2808/4585/3663 4110/4580/3662 2800/4586/365
f 869/4543/3634 2792/4542/3633 4111/4587/3665 2809/4588/3666
f 2792/4542/3633 868/4541/3632 2806/4574/3657 4111/4587/3665
f 4111/4587/3665 2806/4574/3657 875/4578/3661 2804/4589/3667
f 2809/4588/3666 4111/4587/3665 2804/4589/3667 876/4590/3668
f 1000/4549/3640 3064/4548/3639 4112/4591/3669 3088/4592/3670
f 3064/4548/3639 865/4547/3638 2808/4593/3663 4112/4591/3669
f 4112/4591/3669 2808/4593/3663 872/4584/3664 3065/4594/3671
f 3088/4592/3670 4112/4591/3669 3065/4594/3671 1001/4595/3672
f 870/4555/3644 2793/4554/3643 4113/4596/3673 2811/4597/3674
f 2793/4554/3643 869/4553/3634 2809/4598/3666 4113/4596/3673
f 4113/4596/3673 2809/4598/3666 876/4599/3668 2805/4600/3675
f 2811/4597/3674 4113/4596/3673 2805/4600/3675 877/4601/3676
f 976/4561/3650 3016/4560/3649 4114/4602/3677 3040/4603/3678
f 3016/4560/3649 866/4559/3648 2810/4604/3679 4114/4602/3677
f 4114/4602/3677 2810/4604/3679 873/4605/3680 3017/4606/3681
f 3040/4603/3678 4114/4602/3677 3017/4606/3681 977/4607/3682
f 877/4601/3676 2805/4600/3675 4115/4608/3683 2817/4609/3684
f 2805/4600/3675 876/4599/3668 2818/4610/3685 4115/4608/3683
f 4115/4608/3683 2818/4610/3685 882/4611/3686 2816/4612/3687
f 2817/4609/3684 4115/4608/3683 2816/4612/3687 883/4613/3688
f 977/4607/3682 3017/4606/3681 4116/4614/3689 3039/4615/3690
f 3017/4606/3681 873/4605/3680 2820/4616/3691 4116/4614/3689
f 4116/4614/3689 2820/4616/3691 879/4617/3692 3018/4618/3693
f 3039/4615/3690 4116/4614/3689 3018/4618/3693 978/4619/3694
f 875/4578/3661 2803/4577/3660 4117/4620/3695 2821/4621/3696
f 2803/4577/3660 874/4576/3659 2819/4622/3697 4117/4620/3695
f 4117/4620/3695 2819/4622/3697 880/4623/3698 2814/4624/3699
f 2821/4621/3696 4117/4620/3695 2814/4624/3699 881/4625/3700
f 872/4626/3664 2800/4627/365 4118/4628/3701 2822/4629/3702
f 871/4172/39 2944/4630/405 4118/4628/3701 2800/4631/365
f 878/4632/3703 2822/4629/3702 4118/4628/3701 2944/4633/405
f 876/4590/3668 2804/4589/3667 4119/4634/3704 2818/4610/3685
f 2804/4589/3667 875/4578/3661 2821/4621/3696 4119/4634/3704
f 4119/4634/3704 2821/4621/3696 881/4625/3700 2815/4635/3705
f 2818/4610/3685 4119/4634/3704 2815/4635/3705 882/4611/3686
f 1001/4595/3672 3065/4594/3671 4120/4636/3706 3087/4637/3707
f 3065/4594/3671 872/4584/3664 2822/4638/3702 4120/4636/3706
f 4120/4636/3706 2822/4638/3702 878/4639/3703 3066/4640/3708
f 3087/4637/3707 4120/4636/3706 3066/4640/3708 1002/4641/3709
f 882/4611/3686 2815/4635/3705 4121/4642/3710 2828/4643/3711
f 2815/4635/3705 881/4625/3700 2829/4644/3712 4121/4642/3710
f 4121/4642/3710 2829/4644/3712 887/4645/3713 2826/4646/3714
f 2828/4643/3711 4121/4642/3710 2826/4646/3714 888/4647/3715
f 1002/4641/3709 3066/4640/3708 4122/4648/3716 3086/4649/3717
f 3066/4640/3708 878/4639/3703 2831/4650/3718 4122/4648/3716
f 4122/4648/3716 2831/4650/3718 884/4651/3719 3067/4652/3720
f 3086/4649/3717 4122/4648/3716 3067/4652/3720 1003/4653/3721
f 883/4613/3688 2816/4612/3687 4123/4654/3722 2832/4655/3723
f 2816/4612/3687 882/4611/3686 2828/4656/3711 4123/4654/3722
f 4123/4654/3722 2828/4656/3711 888/4657/3715 2827/4658/3724
f 2832/4655/3723 4123/4654/3722 2827/4658/3724 889/4659/3725
f 978/4619/3694 3018/4618/3693 4124/4660/3726 3038/4661/3727
f 3018/4618/3693 879/4617/3692 2830/4662/3728 4124/4660/3726
f 4124/4660/3726 2830/4662/3728 885/4663/3729 3019/4664/3730
f 3038/4661/3727 4124/4660/3726 3019/4664/3730 979/4665/3731
f 881/4625/3700 2814/4624/3699 4125/4666/3732 2829/4644/3712
f 2814/4624/3699 880/4623/3698 2833/4667/3733 4125/4666/3732
f 4125/4666/3732 2833/4667/3733 886/4668/3734 2825/4669/3735
f 2829/4644/3712 4125/4666/3732 2825/4669/3735 887/4645/3713
f 878/4670/3703 2944/4671/405 4126/4672/3736 2831/4673/3718
f 871/4172/39 2945/4674/3737 4126/4672/3736 2944/4633/405
f 884/4675/3719 2831/4673/3718 4126/4672/3736 2945/4676/3737
f 887/4645/3713 2825/4669/3735 4127/4677/3738 2840/4678/3739
f 2825/4669/3735 886/4668/3734 2841/4679/3740 4127/4677/3738
f 4127/4677/3738 2841/4679/3740 892/4680/3741 2836/4681/3742
f 2840/4678/3739 4127/4677/3738 2836/4681/3742 893/4682/3743
f 884/4683/3719 2945/4684/3737 4128/4685/3744 2842/4686/3745
f 871/4172/39 2946/4687/3746 4128/4685/3744 2945/4688/3737
f 890/4689/3747 2842/4690/3745 4128/4685/3744 2946/4691/3746
f 888/4647/3715 2826/4646/3714 4129/4692/3748 2843/4693/3749
f 2826/4646/3714 887/4645/3713 2840/4678/3739 4129/4692/3748
f 4129/4692/3748 2840/4678/3739 893/4682/3743 2837/4694/3750
f 2843/4693/3749 4129/4692/3748 2837/4694/3750 894/4695/3751
f 1003/4653/3721 3067/4652/3720 4130/4696/3752 3085/4697/3753
f 3067/4652/3720 884/4651/3719 2842/4698/3745 4130/4696/3752
f 4130/4696/3752 2842/4698/3745 890/4699/3747 3068/4700/3754
f 3085/4697/3753 4130/4696/3752 3068/4700/3754 1004/4701/3755
f 889/4659/3725 2827/4658/3724 4131/4702/3756 2839/4703/3757
f 2827/4658/3724 888/4657/3715 2843/4704/3749 4131/4702/3756
f 4131/4702/3756 2843/4704/3749 894/4705/3751 2838/4706/3758
f 2839/4703/3757 4131/4702/3756 2838/4706/3758 895/4707/3759
f 979/4665/3731 3019/4664/3730 4132/4708/3760 3037/4709/3761
f 3019/4664/3730 885/4663/3729 2844/4710/3762 4132/4708/3760
f 4132/4708/3760 2844/4710/3762 891/4711/3763 3020/4712/3764
f 3037/4709/3761 4132/4708/3760 3020/4712/3764 980/4713/3765
f 895/4707/3759 2838/4706/3758 4133/4714/3766 2850/4715/3767
f 2838/4706/3758 894/4705/3751 2851/4716/3768 4133/4714/3766
f 4133/4714/3766 2851/4716/3768 900/4717/3769 2849/4718/3770
f 2850/4715/3767 4133/4714/3766 2849/4718/3770 901/4719/3771
f 980/4713/3765 3020/4712/3764 4134/4720/3772 3036/4721/3773
f 3020/4712/3764 891/4711/3763 2853/4722/3774 4134/4720/3772
f 4134/4720/3772 2853/4722/3774 897/4723/3775 3021/4724/3776
f 3036/4721/3773 4134/4720/3772 3021/4724/3776 981/4725/3777
f 893/4682/3743 2836/4681/3742 4135/4726/3778 2854/4727/3779
f 2836/4681/3742 892/4680/3741 2852/4728/3780 4135/4726/3778
f 4135/4726/3778 2852/4728/3780 898/4729/3781 2847/4730/3782
f 2854/4727/3779 4135/4726/3778 2847/4730/3782 899/4731/3783
f 890/4732/3747 2946/4733/3746 4136/4734/3784 2855/4735/3785
f 871/4172/39 2947/4736/3786 4136/4734/3784 2946/4691/3746
f 896/4737/3787 2855/4735/3785 4136/4734/3784 2947/4736/3786
f 894/4695/3751 2837/4694/3750 4137/4738/3788 2851/4739/3768
f 2837/4694/3750 893/4682/3743 2854/4727/3779 4137/4738/3788
f 4137/4738/3788 2854/4727/3779 899/4731/3783 2848/4740/3789
f 2851/4739/3768 4137/4738/3788 2848/4740/3789 900/4741/3769
f 1004/4701/3755 3068/4700/3754 4138/4742/3790 3084/4743/3791
f 3068/4700/3754 890/4699/3747 2855/4744/3785 4138/4742/3790
f 4138/4742/3790 2855/4744/3785 896/4745/3787 3069/4746/3792
f 3084/4743/3791 4138/4742/3790 3069/4746/3792 1005/4747/3793
f 900/4741/3769 2848/4740/3789 4139/4748/3794 2861/4749/3795
f 2848/4740/3789 899/4731/3783 2862/4750/3796 4139/4748/3794
f 4139/4748/3794 2862/4750/3796 905/4751/3797 2859/4752/3798
f 2861/4749/3795 4139/4748/3794 2859/4752/3798 906/4753/3799
f 1005/4747/3793 3069/4746/3792 4140/4754/3800 3083/4755/3801
f 3069/4746/3792 896/4745/3787 2864/4756/3802 4140/4754/3800
f 4140/4754/3800 2864/4756/3802 902/4757/3803 3070/4758/3804
f 3083/4755/3801 4140/4754/3800 3070/4758/3804 1006/4759/3805
f 901/4719/3771 2849/4718/3770 4141/4760/3806 2865/4761/3807
f 2849/4718/3770 900/4717/3769 2861/4749/3795 4141/4760/3806
f 4141/4760/3806 2861/4749/3795 906/4762/3799 2860/4763/3808
f 2865/4761/3807 4141/4760/3806 2860/4763/3808 907/4764/3809
f 981/4725/3777 3021/4724/3776 4142/4765/3810 3035/4766/3811
f 3021/4724/3776 897/4723/3775 2863/4767/3812 4142/4765/3810
f 4142/4765/3810 2863/4767/3812 903/4768/3813 3022/4769/3814
f 3035/4766/3811 4142/4765/3810 3022/4769/3814 982/4770/3815
f 899/4731/3783 2847/4730/3782 4143/4771/3816 2862/4750/3796
f 2847/4730/3782 898/4729/3781 2866/4772/3817 4143/4771/3816
f 4143/4771/3816 2866/4772/3817 904/4773/3818 2858/4774/3819
f 2862/4750/3796 4143/4771/3816 2858/4774/3819 905/4751/3797
f 896/4775/3787 2947/4776/3786 4144/4777/3820 2864/4778/3802
f 871/4172/39 2948/4779/524 4144/4777/3820 2947/4780/3786
f 902/4781/3803 2864/4782/3802 4144/4777/3820 2948/4783/524
f 905/4751/3797 2858/4774/3819 4145/4784/3821 2873/4785/3822
f 2858/4774/3819 904/4773/3818 2874/4786/3823 4145/4784/3821
f 4145/4784/3821 2874/4786/3823 910/4787/3824 2869/4788/3825
f 2873/4785/3822 4145/4784/3821 2869/4788/3825 911/4789/3826
f 902/4790/3803 2948/4791/524 4146/4792/3827 2875/4793/3828
f 871/4172/39 2949/4794/3829 4146/4792/3827 2948/4791/524
f 908/4795/3830 2875/4796/3828 4146/4792/3827 2949/4797/3829
f 906/4753/3799 2859/4752/3798 4147/4798/3831 2876/4799/3832
f 2859/4752/3798 905/4751/3797 2873/4785/3822 4147/4798/3831
f 4147/4798/3831 2873/4785/3822 911/4789/3826 2870/4800/3833
f 2876/4799/3832 4147/4798/3831 2870/4800/3833 912/4801/3834
f 1006/4759/3805 3070/4758/3804 4148/4802/3835 3082/4803/3836
f 3070/4758/3804 902/4757/3803 2875/4804/3828 4148/4802/3835
f 4148/4802/3835 2875/4804/3828 908/4805/3830 3071/4806/3837
f 3082/4803/3836 4148/4802/3835 3071/4806/3837 1007/4807/3838
f 907/4764/3809 2860/4763/3808 4149/4808/3839 2872/4809/3840
f 2860/4763/3808 906/4762/3799 2876/4799/3832 4149/4808/3839
f 4149/4808/3839 2876/4799/3832 912/4810/3834 2871/4811/3841
f 2872/4809/3840 4149/4808/3839 2871/4811/3841 913/4812/3842
f 982/4770/3815 3022/4769/3814 4150/4813/3843 3034/4814/3844
f 3022/4769/3814 903/4768/3813 2877/4815/3845 4150/4813/3843
f 4150/4813/3843 2877/4815/3845 909/4816/3846 3023/4817/3847
f 3034/4814/3844 4150/4813/3843 3023/4817/3847 983/4818/3848
f 913/4812/3842 2871/4811/3841 4151/4819/3849 2883/4820/3850
f 2871/4811/3841 912/4810/3834 2884/4821/3851 4151/4819/3849
f 4151/4819/3849 2884/4821/3851 918/4822/3852 2882/4823/3853
f 2883/4820/3850 4151/4819/3849 2882/4823/3853 919/4824/3854
f 983/4818/3848 3023/4817/3847 4152/4825/3855 3033/4826/3856
f 3023/4817/3847 909/4816/3846 2886/4827/3857 4152/4825/3855
f 4152/4825/3855 2886/4827/3857 915/4828/3858 3024/4829/3859
f 3033/4826/3856 4152/4825/3855 3024/4829/3859 984/4830/3860
f 911/4789/3826 2869/4788/3825 4153/4831/3861 2887/4832/3862
f 2869/4788/3825 910/4787/3824 2885/4833/3863 4153/4831/3861
f 4153/4831/3861 2885/4833/3863 916/4834/3864 2880/4835/3865
f 2887/4832/3862 4153/4831/3861 2880/4835/3865 917/4836/3866
f 908/4837/3830 2949/4838/3829 4154/4839/3867 2888/4840/3868
f 871/4172/39 2950/4841/3869 4154/4839/3867 2949/4794/3829
f 914/4842/3870 2888/4840/3868 4154/4839/3867 2950/4843/3869
f 912/4801/3834 2870/4800/3833 4155/4844/3871 2884/4845/3851
f 2870/4800/3833 911/4789/3826 2887/4832/3862 4155/4844/3871
f 4155/4844/3871 2887/4832/3862 917/4836/3866 2881/4846/3872
f 2884/4845/3851 4155/4844/3871 2881/4846/3872 918/4847/3873
f 1007/4807/3838 3071/4806/3837 4156/4848/3874 3081/4849/3875
f 3071/4806/3837 908/4805/3830 2888/4840/3868 4156/4848/3874
f 4156/4848/3874 2888/4840/3868 914/4850/3870 3072/4851/3876
f 3081/4849/3875 4156/4848/3874 3072/4851/3876 1008/4852/3877
f 914/4842/3870 2950/4853/3869 4157/4854/3878 2894/4855/3879
f 871/4172/39 2951/4856/3880 4157/4854/3878 2950/4853/3869
f 920/4857/3881 2894/4858/3879 4157/4854/3878 2951/4859/3880
f 918/4847/3873 2881/4846/3872 4158/4860/3882 2895/4861/3883
f 2881/4846/3872 917/4836/3866 2896/4862/3884 4158/4860/3882
f 4158/4860/3882 2896/4862/3884 923/4863/3885 2892/4864/3886
f 2895/4861/3883 4158/4860/3882 2892/4864/3886 924/4865/3887
f 1008/4852/3877 3072/4851/3876 4159/4866/3888 3080/4867/3889
f 3072/4851/3876 914/4850/3870 2894/4868/3879 4159/4866/3888
f 4159/4866/3888 2894/4868/3879 920/4869/3881 3073/4870/3890
f 3080/4867/3889 4159/4866/3888 3073/4870/3890 1009/4871/3891
f 919/4824/3854 2882/4823/3853 4160/4872/3892 2898/4873/3893
f 2882/4823/3853 918/4822/3852 2895/4861/3894 4160/4872/3892
f 4160/4872/3892 2895/4861/3894 924/4874/3895 2893/4875/3896
f 2898/4873/3893 4160/4872/3892 2893/4875/3896 925/4876/3897
f 984/4830/3860 3024/4829/3859 4161/4877/3898 3032/4878/3899
f 3024/4829/3859 915/4828/3858 2897/4879/3900 4161/4877/3898
f 4161/4877/3898 2897/4879/3900 921/4880/3901 3025/4881/3902
f 3032/4878/3899 4161/4877/3898 3025/4881/3902 985/4882/3903
f 917/4836/3866 2880/4835/3865 4162/4883/3904 2896/4862/3884
f 2880/4835/3865 916/4834/3864 2899/4884/3905 4162/4883/3904
f 4162/4883/3904 2899/4884/3905 922/4885/3906 2891/4886/3907
f 2896/4862/3884 4162/4883/3904 2891/4886/3907 923/4863/3885
f 923/4863/3885 2891/4886/3907 4163/4887/3908 2906/4888/3909
f 2891/4886/3907 922/4885/3906 2907/4889/3910 4163/4887/3908
f 4163/4887/3908 2907/4889/3910 928/4890/3911 2902/4891/3912
f 2906/4888/3909 4163/4887/3908 2902/4891/3912 929/4892/3913
f 920/4893/3881 2951/4894/3880 4164/4895/3914 2908/4896/3915
f 871/4172/39 2952/4897/618 4164/4895/3914 2951/4898/3880
f 926/4899/3916 2908/4900/3915 4164/4895/3914 2952/4901/618
f 924/4865/3887 2892/4864/3886 4165/4902/3917 2909/4903/3918
f 2892/4864/3886 923/4863/3885 2906/4888/3909 4165/4902/3917
f 4165/4902/3917 2906/4888/3909 929/4892/3913 2903/4904/3919
f 2909/4903/3918 4165/4902/3917 2903/4904/3919 930/4905/3920
f 1009/4871/3891 3073/4870/3890 4166/4906/3921 3079/4907/3922
f 3073/4870/3890 920/4869/3881 2908/4900/3915 4166/4906/3921
f 4166/4906/3921 2908/4900/3915 926/4908/3916 3074/4909/3923
f 3079/4907/3922 4166/4906/3921 3074/4909/3923 1010/4910/3924
f 925/4876/3897 2893/4875/3896 4167/4911/3925 2905/4912/3926
f 2893/4875/3896 924/4874/3895 2909/4913/3918 4167/4911/3925
f 4167/4911/3925 2909/4913/3918 930/4914/3920 2904/4915/3927
f 2905/4912/3926 4167/4911/3925 2904/4915/3927 931/4916/3928
f 985/4882/3903 3025/4881/3902 4168/4917/3929 3031/4918/3930
f 3025/4881/3902 921/4880/3901 2910/4919/3931 4168/4917/3929
f 4168/4917/3929 2910/4919/3931 927/4920/3932 3026/4921/3933
f 3031/4918/3930 4168/4917/3929 3026/4921/3933 986/4922/3934
f 1010/4910/3924 3074/4909/3923 4169/4923/3935 3078/4924/3936
f 3074/4909/3923 926/4908/3916 2917/4925/3937 4169/4923/3935
f 4169/4923/3935 2917/4925/3937 932/4926/3938 3075/4927/3939
f 3078/4924/3936 4169/4923/3935 3075/4927/3939 1011/4928/3940
f 931/4916/3928 2904/4915/3927 4170/4929/3941 2918/4930/3942
f 2904/4915/3927 930/4914/3920 2919/4931/3943 4170/4929/3941
f 4170/4929/3941 2919/4931/3943 936/4932/3944 2915/4933/3945
f 2918/4930/3942 4170/4929/3941 2915/4933/3945 937/4934/3946
f 986/4922/3934 3026/4921/3933 4171/4935/3947 3030/4936/3948
f 3026/4921/3933 927/4920/3932 2916/4937/3949 4171/4935/3947
f 4171/4935/3947 2916/4937/3949 933/4938/3950 3027/4939/3951
f 3030/4936/3948 4171/4935/3947 3027/4939/3951 987/4940/3952
f 929/4892/3913 2902/4891/3912 4172/4941/3953 2921/4942/3954
f 2902/4891/3912 928/4890/3911 2920/4943/3955 4172/4941/3953
f 4172/4941/3953 2920/4943/3955 934/4944/3956 2913/4945/3957
f 2921/4942/3954 4172/4941/3953 2913/4945/3957 935/4946/3958
f 926/4947/3916 2952/4901/618 4173/4948/3959 2917/4949/3937
f 871/4172/39 2953/4950/663 4173/4948/3959 2952/4951/618
f 932/4952/3938 2917/4949/3937 4173/4948/3959 2953/4953/663
f 930/4905/3920 2903/4904/3919 4174/4954/3960 2919/4955/3943
f 2903/4904/3919 929/4892/3913 2921/4942/3954 4174/4954/3960
f 4174/4954/3960 2921/4942/3954 935/4946/3958 2914/4956/3961
f 2919/4955/3943 4174/4954/3960 2914/4956/3961 936/4957/3944
f 932/4958/3938 2953/4959/663 4175/4960/3962 2924/4961/3963
f 871/4172/39 2927/4962/37 4175/4960/3962 2953/4963/663
f 938/4964/3318 2924/4965/3963 4175/4960/3962 2927/4966/37
f 936/4957/3944 2914/4956/3961 4176/4967/3964 2954/4968/3965
f 2914/4956/3961 935/4946/3958 2955/4969/3966 4176/4967/3964
f 4176/4967/3964 2955/4969/3966 796/4159/3341 2669/4179/3351
f 2954/4968/3965 4176/4967/3964 2669/4179/3351 797/4178/3327
f 1011/4928/3940 3075/4927/3939 4177/4970/3967 3077/4971/3968
f 3075/4927/3939 932/4926/3938 2924/4972/3963 4177/4970/3967
f 4177/4970/3967 2924/4972/3963 938/4136/3318 3076/4133/3315
f 3077/4971/3968 4177/4970/3967 3076/4133/3315 1012/4132/3314
f 937/4934/3946 2915/4933/3945 4178/4973/3969 2956/4974/3970
f 2915/4933/3945 936/4932/3944 2954/4975/3965 4178/4973/3969
f 4178/4973/3969 2954/4975/3965 797/4145/3327 2670/4142/3324
f 2956/4974/3970 4178/4973/3969 2670/4142/3324 798/4141/3323
f 987/4940/3952 3027/4939/3951 4179/4976/3971 3029/4977/3972
f 3027/4939/3951 933/4938/3950 2925/4978/3973 4179/4976/3971
f 4179/4976/3971 2925/4978/3973 939/4154/3336 3028/4151/3333
f 3029/4977/3972 4179/4976/3971 3028/4151/3333 988/4150/3332
f 935/4946/3958 2913/4945/3957 4180/4979/3974 2955/4969/3966
f 2913/4945/3957 934/4944/3956 2926/4980/3975 4180/4979/3974
f 4180/4979/3974 2926/4980/3975 940/4163/3345 2928/4160/3342
f 2955/4969/3966 4180/4979/3974 2928/4160/3342 796/4159/3341
f 1059/4981/3976 3171/4982/3977 4181/4983/3978 3196/4984/3979
f 3171/4982/3977 963/4985/3980 2981/4986/3981 4181/4983/3978
f 4181/4983/3978 2981/4986/3981 964/4987/3982 3172/4988/3983
f 3196/4984/3979 4181/4983/3978 3172/4988/3983 1060/4989/3984
f 1058/4990/3985 3170/4991/3986 4182/4992/3987 3195/4993/3988
f 3170/4991/3986 962/4994/3989 2982/4995/3990 4182/4992/3987
f 4182/4992/3987 2982/4995/3990 963/4996/3980 3171/4997/3977
f 3195/4993/3988 4182/4992/3987 3171/4997/3977 1059/4998/3976
f 1057/4999/3991 3169/5000/3992 4183/5001/3993 3194/5002/3994
f 3169/5000/3992 961/5003/3995 2983/5004/3996 4183/5001/3993
f 4183/5001/3993 2983/5004/3996 962/4994/3989 3170/4991/3986
f 3194/5002/3994 4183/5001/3993 3170/4991/3986 1058/4990/3985
f 1056/5005/3997 3168/5006/3998 4184/5007/3999 3193/5008/4000
f 3168/5006/3998 960/5009/4001 2984/5010/4002 4184/5007/3999
f 4184/5007/3999 2984/5010/4002 961/5003/3995 3169/5000/3992
f 3193/5008/4000 4184/5007/3999 3169/5000/3992 1057/4999/3991
f 1055/5011/4003 3167/5012/4004 4185/5013/4005 3192/5014/4006
f 3167/5012/4004 959/5015/4007 2985/5016/4008 4185/5013/4005
f 4185/5013/4005 2985/5016/4008 960/5009/4001 3168/5006/3998
f 3192/5014/4006 4185/5013/4005 3168/5006/3998 1056/5005/3997
f 1054/5017/4009 3166/5018/4010 4186/5019/4011 3191/5020/4012
f 3166/5018/4010 958/5021/4013 2986/5022/4014 4186/5019/4011
f 4186/5019/4011 2986/5022/4014 959/5023/4007 3167/5012/4004
f 3191/5020/4012 4186/5019/4011 3167/5012/4004 1055/5024/4003
f 1053/5025/4015 3165/5026/4016 4187/5027/4017 3190/5028/4018
f 3165/5026/4016 957/5029/4019 2987/5030/4020 4187/5027/4017
f 4187/5027/4017 2987/5030/4020 958/5021/4013 3166/5018/4010
f 3190/5028/4018 4187/5027/4017 3166/5018/4010 1054/5017/4009
f 1052/5031/4021 3164/5032/4022 4188/5033/4023 3189/5034/4024
f 3164/5032/4022 956/5035/4025 2988/5036/4026 4188/5033/4023
f 4188/5033/4023 2988/5036/4026 957/5029/4019 3165/5026/4016
f 3189/5034/4024 4188/5033/4023 3165/5026/4016 1053/5025/4015
f 1051/5037/4027 3163/5038/4028 4189/5039/4029 3188/5040/4030
f 3163/5038/4028 955/5041/4031 2989/5042/4032 4189/5039/4029
f 4189/5039/4029 2989/5042/4032 956/5035/4025 3164/5043/4022
f 3188/5040/4030 4189/5039/4029 3164/5043/4022 1052/5044/4021
f 1050/5045/4033 3162/5046/4034 4190/5047/4035 3187/5048/4036
f 3162/5046/4034 954/5049/4037 2990/5050/4038 4190/5047/4035
f 4190/5047/4035 2990/5050/4038 955/5041/4031 3163/5038/4028
f 3187/5048/4036 4190/5047/4035 3163/5038/4028 1051/5037/4027
f 1049/5051/4039 3161/5052/4040 4191/5053/4041 3186/5054/4042
f 3161/5052/4040 953/5055/4043 2991/5056/4044 4191/5053/4041
f 4191/5053/4041 2991/5056/4044 954/5049/4037 3162/5046/4034
f 3186/5054/4042 4191/5053/4041 3162/5046/4034 1050/5045/4033
f 1048/5057/4045 3160/5058/4046 4192/5059/4047 3185/5060/4048
f 3160/5058/4046 952/5061/4049 2992/5062/4050 4192/5059/4047
f 4192/5059/4047 2992/5062/4050 953/5063/4043 3161/5064/4040
f 3185/5060/4048 4192/5059/4047 3161/5064/4040 1049/5051/4039
f 1047/5065/4051 3159/5066/4052 4193/5067/4053 3184/5068/4054
f 3159/5066/4052 951/5069/4055 2993/5070/4056 4193/5067/4053
f 4193/5067/4053 2993/5070/4056 952/5061/4049 3160/5058/4046
f 3184/5068/4054 4193/5067/4053 3160/5058/4046 1048/5057/4045
f 1046/5071/4057 3158/5072/4058 4194/5073/4059 3183/5074/4060
f 3158/5072/4058 950/5075/4061 2994/5076/4062 4194/5073/4059
f 4194/5073/4059 2994/5076/4062 951/5069/4055 3159/5066/4052
f 3183/5074/4060 4194/5073/4059 3159/5066/4052 1047/5065/4051
f 1045/5077/4063 3157/5078/4064 4195/5079/4065 3182/5080/4066
f 3157/5078/4064 949/5081/4067 2995/5082/4068 4195/5079/4065
f 4195/5079/4065 2995/5082/4068 950/5083/4061 3158/5084/4058
f 3182/5080/4066 4195/5079/4065 3158/5084/4058 1046/5085/4057
f 1044/5086/4069 3156/5087/4070 4196/5088/4071 3181/5089/4072
f 3156/5087/4070 948/5090/4073 2996/5091/4074 4196/5088/4071
f 4196/5088/4071 2996/5091/4074 949/5081/4067 3157/5078/4064
f 3181/5089/4072 4196/5088/4071 3157/5078/4064 1045/5077/4063
f 1043/5092/4075 3155/5093/4076 4197/5094/4077 3180/5095/4078
f 3155/5093/4076 947/5096/4079 2997/5097/4080 4197/5094/4077
f 4197/5094/4077 2997/5097/4080 948/5090/4073 3156/5087/4070
f 3180/5095/4078 4197/5094/4077 3156/5087/4070 1044/5086/4069
f 1042/5098/4081 3154/5099/4082 4198/5100/4083 3179/5101/4084
f 3154/5099/4082 946/5102/4085 2998/5103/4086 4198/5100/4083
f 4198/5100/4083 2998/5103/4086 947/5104/4079 3155/5105/4076
f 3179/5101/4084 4198/5100/4083 3155/5105/4076 1043/5106/4075
f 1041/5107/4087 3153/5108/4088 4199/5109/4089 3178/5110/4090
f 3153/5108/4088 945/5111/4091 2999/5112/4092 4199/5109/4089
f 4199/5109/4089 2999/5112/4092 946/5102/4085 3154/5099/4082
f 3178/5110/4090 4199/5109/4089 3154/5099/4082 1042/5098/4081
f 1040/5113/4093 3152/5114/4094 4200/5115/4095 3177/5116/4096
f 3152/5114/4094 944/5117/4097 3000/5118/4098 4200/5115/4095
f 4200/5115/4095 3000/5118/4098 945/5111/4091 3153/5108/4088
f 3177/5116/4096 4200/5115/4095 3153/5108/4088 1041/5107/4087
f 1039/5119/4099 3151/5120/4100 4201/5121/4101 3176/5122/4102
f 3151/5120/4100 943/5123/4103 3001/5124/4104 4201/5121/4101
f 4201/5121/4101 3001/5124/4104 944/5125/4097 3152/5126/4094
f 3176/5122/4102 4201/5121/4101 3152/5126/4094 1040/5127/4093
f 1038/5128/4105 3150/5129/4106 4202/5130/4107 3175/5131/4108
f 3150/5129/4106 942/5132/4109 3002/5133/4110 4202/5130/4107
f 4202/5130/4107 3002/5133/4110 943/5123/4103 3151/5120/4100
f 3175/5131/4108 4202/5130/4107 3151/5120/4100 1039/5119/4099
f 1037/5134/4111 3149/5135/4112 4203/5136/4113 3174/5137/4114
f 3149/5135/4112 941/5138/4115 3003/5139/4116 4203/5136/4113
f 4203/5136/4113 3003/5139/4116 942/5140/4109 3150/5141/4106
f 3174/5137/4114 4203/5136/4113 3150/5141/4106 1038/5142/4105
f 1060/4989/3984 3172/4988/3983 4204/5143/4117 3173/5144/4118
f 3172/4988/3983 964/4987/3982 3004/5145/4119 4204/5143/4117
f 4204/5143/4117 3004/5145/4119 941/5138/4115 3149/5135/4112
f 3173/5144/4118 4204/5143/4117 3149/5135/4112 1037/5134/4111
f 934/4944/3956 2912/5146/4120 4205/5147/4121 2926/4980/3975
f 2912/5146/4120 987/4940/3952 3029/4977/3972 4205/5147/4121
f 4205/5147/4121 3029/4977/3972 988/4150/3332 2923/5148/4122
f 2926/4980/3975 4205/5147/4121 2923/5148/4122 940/4163/3345
f 928/4890/3911 2901/5149/4123 4206/5150/4124 2920/4943/3955
f 2901/5149/4123 986/4922/3934 3030/4936/3948 4206/5150/4124
f 4206/5150/4124 3030/4936/3948 987/4940/3952 2912/5146/4120
f 2920/4943/3955 4206/5150/4124 2912/5146/4120 934/4944/3956
f 922/4885/3906 2890/5151/4125 4207/5152/4126 2907/4889/3910
f 2890/5151/4125 985/4882/3903 3031/4918/3930 4207/5152/4126
f 4207/5152/4126 3031/4918/3930 986/4922/3934 2901/5149/4123
f 2907/4889/3910 4207/5152/4126 2901/5149/4123 928/4890/3911
f 916/4834/3864 2879/5153/4127 4208/5154/4128 2899/4884/3905
f 2879/5153/4127 984/4830/3860 3032/4878/3899 4208/5154/4128
f 4208/5154/4128 3032/4878/3899 985/4882/3903 2890/5151/4125
f 2899/4884/3905 4208/5154/4128 2890/5151/4125 922/4885/3906
f 910/4787/3824 2868/5155/4129 4209/5156/4130 2885/4833/3863
f 2868/5155/4129 983/4818/3848 3033/4826/3856 4209/5156/4130
f 4209/5156/4130 3033/4826/3856 984/4830/3860 2879/5153/4127
f 2885/4833/3863 4209/5156/4130 2879/5153/4127 916/4834/3864
f 904/4773/3818 2857/5157/4131 4210/5158/4132 2874/4786/3823
f 2857/5157/4131 982/4770/3815 3034/4814/3844 4210/5158/4132
f 4210/5158/4132 3034/4814/3844 983/4818/3848 2868/5155/4129
f 2874/4786/3823 4210/5158/4132 2868/5155/4129 910/4787/3824
f 898/4729/3781 2846/5159/4133 4211/5160/4134 2866/4772/3817
f 2846/5159/4133 981/4725/3777 3035/4766/3811 4211/5160/4134
f 4211/5160/4134 3035/4766/3811 982/4770/3815 2857/5157/4131
f 2866/4772/3817 4211/5160/4134 2857/5157/4131 904/4773/3818
f 892/4680/3741 2835/5161/4135 4212/5162/4136 2852/4728/3780
f 2835/5161/4135 980/4713/3765 3036/4721/3773 4212/5162/4136
f 4212/5162/4136 3036/4721/3773 981/4725/3777 2846/5159/4133
f 2852/4728/3780 4212/5162/4136 2846/5159/4133 898/4729/3781
f 886/4668/3734 2824/5163/4137 4213/5164/4138 2841/4679/3740
f 2824/5163/4137 979/4665/3731 3037/4709/3761 4213/5164/4138
f 4213/5164/4138 3037/4709/3761 980/4713/3765 2835/5161/4135
f 2841/4679/3740 4213/5164/4138 2835/5161/4135 892/4680/3741
f 880/4623/3698 2813/5165/4139 4214/5166/4140 2833/4667/3733
f 2813/5165/4139 978/4619/3694 3038/4661/3727 4214/5166/4140
f 4214/5166/4140 3038/4661/3727 979/4665/3731 2824/5163/4137
f 2833/4667/3733 4214/5166/4140 2824/5163/4137 886/4668/3734
f 874/4576/3659 2802/5167/4141 4215/5168/4142 2819/4622/3697
f 2802/5167/4141 977/4607/3682 3039/4615/3690 4215/5168/4142
f 4215/5168/4142 3039/4615/3690 978/4619/3694 2813/5165/4139
f 2819/4622/3697 4215/5168/4142 2813/5165/4139 880/4623/3698
f 867/4564/3653 2790/5169/4143 4216/5170/4144 2807/4575/3658
f 2790/5169/4143 976/4561/3650 3040/4603/3678 4216/5170/4144
f 4216/5170/4144 3040/4603/3678 977/4607/3682 2802/5167/4141
f 2807/4575/3658 4216/5170/4144 2802/5167/4141 874/4576/3659
f 861/4511/3611 2779/5171/4145 4217/5172/4146 2799/4563/3652
f 2779/5171/4145 975/4507/3607 3041/4557/3646 4217/5172/4146
f 4217/5172/4146 3041/4557/3646 976/4561/3650 2790/5169/4143
f 2799/4563/3652 4217/5172/4146 2790/5169/4143 867/4564/3653
f 855/4471/3578 2768/5173/4147 4218/5174/4148 2783/4510/3610
f 2768/5173/4147 974/4501/3601 3042/4503/3603 4218/5174/4148
f 4218/5174/4148 3042/4503/3603 975/4507/3607 2779/5171/4145
f 2783/4510/3610 4218/5174/4148 2779/5171/4145 861/4511/3611
f 849/4453/3569 2757/5175/4149 4219/5176/4150 2773/4470/3577
f 2757/5175/4149 973/4449/3565 3043/4497/3597 4219/5176/4150
f 4219/5176/4150 3043/4497/3597 974/4501/3601 2768/5173/4147
f 2773/4470/3577 4219/5176/4150 2768/5173/4147 855/4471/3578
f 843/4404/3528 2746/5177/4151 4220/5178/4152 2765/4452/3568
f 2746/5177/4151 972/4400/3524 3044/4445/3561 4220/5178/4152
f 4220/5178/4152 3044/4445/3561 973/4449/3565 2757/5175/4149
f 2765/4452/3568 4220/5178/4152 2757/5175/4149 849/4453/3569
f 837/4393/3517 2735/5179/4153 4221/5180/4154 2750/4403/3527
f 2735/5179/4153 971/4390/3514 3045/4396/3520 4221/5180/4154
f 4221/5180/4154 3045/4396/3520 972/4400/3524 2746/5177/4151
f 2750/4403/3527 4221/5180/4154 2746/5177/4151 843/4404/3528
f 831/4347/3485 2724/5181/4155 4222/5182/4156 2744/4392/3516
f 2724/5181/4155 970/4343/3481 3046/4386/3510 4222/5182/4156
f 4222/5182/4156 3046/4386/3510 971/4390/3514 2735/5179/4153
f 2744/4392/3516 4222/5182/4156 2735/5179/4153 837/4393/3517
f 825/4292/3440 2713/5183/4157 4223/5184/4158 2732/4346/3484
f 2713/5183/4157 969/4325/3463 3047/4339/3477 4223/5184/4158
f 4223/5184/4158 3047/4339/3477 970/4343/3481 2724/5181/4155
f 2732/4346/3484 4223/5184/4158 2724/5181/4155 831/4347/3485
f 819/4287/3435 2702/5185/4159 4224/5186/4160 2719/4291/3439
f 2702/5185/4159 968/4284/3432 3048/4321/3459 4224/5186/4160
f 4224/5186/4160 3048/4321/3459 969/4325/3463 2713/5183/4157
f 2719/4291/3439 4224/5186/4160 2713/5183/4157 825/4292/3440
f 813/4234/3398 2691/5187/4161 4225/5188/4162 2711/4286/3434
f 2691/5187/4161 967/4230/3394 3049/4280/3428 4225/5188/4162
f 4225/5188/4162 3049/4280/3428 968/4284/3432 2702/5185/4159
f 2711/4286/3434 4225/5188/4162 2702/5185/4159 819/4287/3435
f 807/4187/3357 2680/5189/4163 4226/5190/4164 2697/4233/3397
f 2680/5189/4163 966/4218/3381 3050/4226/3390 4226/5190/4164
f 4226/5190/4164 3050/4226/3390 967/4230/3394 2691/5187/4161
f 2697/4233/3397 4226/5190/4164 2691/5187/4161 813/4234/3398
f 801/4165/3347 2672/5191/4165 4227/5192/4166 2686/4186/3356
f 2672/5191/4165 965/4158/3340 3051/4214/3377 4227/5192/4166
f 4227/5192/4166 3051/4214/3377 966/4218/3381 2680/5189/4163
f 2686/4186/3356 4227/5192/4166 2680/5189/4163 807/4187/3357
f 940/4163/3345 2923/5148/4122 4228/5193/4167 2932/4164/3346
f 2923/5148/4122 988/4150/3332 3052/4153/3335 4228/5193/4167
f 4228/5193/4167 3052/4153/3335 965/4158/3340 2672/5191/4165
f 2932/4164/3346 4228/5193/4167 2672/5191/4165 801/4165/3347
f 1035/5194/4168 3123/5195/4169 4229/5196/4170 3148/5197/4171
f 3123/5195/4169 1011/4928/3940 3077/4971/3968 4229/5196/4170
f 4229/5196/4170 3077/4971/3968 1012/4132/3314 3124/5198/4172
f 3148/5197/4171 4229/5196/4170 3124/5198/4172 1036/5199/4173
f 1034/5200/4174 3122/5201/4175 4230/5202/880 3147/5203/4176
f 3122/5201/4175 1010/5204/3924 3078/4924/3936 4230/5202/880
f 4230/5202/880 3078/4924/3936 1011/4928/3940 3123/5205/4169
f 3147/5203/4176 4230/5202/880 3123/5205/4169 1035/5206/4168
f 1033/5207/4177 3121/5208/4178 4231/5209/4179 3146/5210/4180
f 3121/5208/4178 1009/5211/3891 3079/5212/3922 4231/5209/4179
f 4231/5209/4179 3079/5212/3922 1010/5204/3924 3122/5201/4175
f 3146/5210/4180 4231/5209/4179 3122/5201/4175 1034/5200/4174
f 1032/5213/4181 3120/5214/887 4232/5215/888 3145/5216/4182
f 3120/5214/887 1008/5217/3877 3080/5218/3889 4232/5215/888
f 4232/5215/888 3080/5218/3889 1009/5211/3891 3121/5208/4178
f 3145/5216/4182 4232/5215/888 3121/5208/4178 1033/5207/4177
f 1031/5219/4183 3119/5220/891 4233/5221/892 3144/5222/4184
f 3119/5220/891 1007/4807/3838 3081/5223/3875 4233/5221/892
f 4233/5221/892 3081/5223/3875 1008/5217/3877 3120/5214/887
f 3144/5222/4184 4233/5221/892 3120/5214/887 1032/5213/4181
f 1030/5224/4185 3118/5225/895 4234/5226/896 3143/5227/4186
f 3118/5225/895 1006/4759/3805 3082/4803/3836 4234/5226/896
f 4234/5226/896 3082/4803/3836 1007/4807/3838 3119/5228/891
f 3143/5227/4186 4234/5226/896 3119/5228/891 1031/5229/4183
f 1029/5230/4187 3117/5231/899 4235/5232/900 3142/5233/4188
f 3117/5231/899 1005/5234/3793 3083/5235/3801 4235/5232/900
f 4235/5232/900 3083/5235/3801 1006/5236/3805 3118/5237/895
f 3142/5233/4188 4235/5232/900 3118/5237/895 1030/5238/4185
f 1028/5239/4189 3116/5240/903 4236/5241/904 3141/5242/4190
f 3116/5240/903 1004/4701/3755 3084/4743/3791 4236/5241/904
f 4236/5241/904 3084/4743/3791 1005/4747/3793 3117/5243/899
f 3141/5242/4190 4236/5241/904 3117/5243/899 1029/5244/4187
f 1027/5245/4191 3115/5246/4192 4237/5247/908 3140/5248/4193
f 3115/5246/4192 1003/5249/3721 3085/5250/3753 4237/5247/908
f 4237/5247/908 3085/5250/3753 1004/5251/3755 3116/5252/903
f 3140/5248/4193 4237/5247/908 3116/5252/903 1028/5253/4189
f 1026/5254/4194 3114/5255/4195 4238/5256/4196 3139/5257/4197
f 3114/5255/4195 1002/5258/3709 3086/5259/3717 4238/5256/4196
f 4238/5256/4196 3086/5259/3717 1003/5249/3721 3115/5246/4192
f 3139/5257/4197 4238/5256/4196 3115/5246/4192 1027/5245/4191
f 1025/5260/4198 3113/5261/915 4239/5262/916 3138/5263/4199
f 3113/5261/915 1001/5264/3672 3087/5265/3707 4239/5262/916
f 4239/5262/916 3087/5265/3707 1002/5258/3709 3114/5255/4195
f 3138/5263/4199 4239/5262/916 3114/5255/4195 1026/5254/4194
f 1024/5266/4200 3112/5267/4201 4240/5268/4202 3137/5269/4203
f 3112/5267/4201 1000/4549/3640 3088/4592/3670 4240/5268/4202
f 4240/5268/4202 3088/4592/3670 1001/4595/3672 3113/5270/915
f 3137/5269/4203 4240/5268/4202 3113/5270/915 1025/5260/4198
f 1023/5271/4204 3111/5272/923 4241/5273/4205 3136/5274/4206
f 3111/5272/923 999/5275/3624 3089/5276/3636 4241/5273/4205
f 4241/5273/4205 3089/5276/3636 1000/5277/3640 3112/5278/4201
f 3136/5274/4206 4241/5273/4205 3112/5278/4201 1024/5279/4200
f 1022/5280/4207 3110/5281/927 4242/5282/928 3135/5283/4208
f 3110/5281/927 998/4489/3591 3090/4527/3622 4242/5282/928
f 4242/5282/928 3090/4527/3622 999/4531/3624 3111/5284/923
f 3135/5283/4208 4242/5282/928 3111/5284/923 1023/5285/4204
f 1021/5286/4209 3109/5287/4210 4243/5288/932 3134/5289/4211
f 3109/5287/4210 997/5290/3553 3091/5291/3589 4243/5288/932
f 4243/5288/932 3091/5291/3589 998/5292/3591 3110/5293/927
f 3134/5289/4211 4243/5288/932 3110/5293/927 1022/5294/4207
f 1020/5295/4212 3108/5296/935 4244/5297/936 3133/5298/4213
f 3108/5296/935 996/5299/3541 3092/5300/3549 4244/5297/936
f 4244/5297/936 3092/5300/3549 997/5290/3553 3109/5287/4210
f 3133/5298/4213 4244/5297/936 3109/5287/4210 1021/5286/4209
f 1019/5301/4214 3107/5302/939 4245/5303/940 3132/5304/4215
f 3107/5302/939 995/5305/3503 3093/5306/3539 4245/5303/940
f 4245/5303/940 3093/5306/3539 996/5299/3541 3108/5296/935
f 3132/5304/4215 4245/5303/940 3108/5296/935 1020/5295/4212
f 1018/5307/4216 3106/5308/943 4246/5309/944 3131/5310/4217
f 3106/5308/943 994/4331/3469 3094/4375/3501 4246/5309/944
f 4246/5309/944 3094/4375/3501 995/4378/3503 3107/5311/939
f 3131/5310/4217 4246/5309/944 3107/5311/939 1019/5312/4214
f 1017/5313/4218 3105/5314/947 4247/5315/948 3130/5316/4219
f 3105/5314/947 993/5317/3453 3095/5318/3465 4247/5315/948
f 4247/5315/948 3095/5318/3465 994/5319/3469 3106/5320/943
f 3130/5316/4219 4247/5315/948 3106/5320/943 1018/5321/4216
f 1016/5322/4220 3104/5323/951 4248/5324/952 3129/5325/4221
f 3104/5323/951 992/4272/3422 3096/4309/3451 4248/5324/952
f 4248/5324/952 3096/4309/3451 993/4313/3453 3105/5326/947
f 3129/5325/4221 4248/5324/952 3105/5326/947 1017/5327/4218
f 1015/5328/4222 3103/5329/4223 4249/5330/956 3128/5331/4224
f 3103/5329/4223 991/4254/3409 3097/5332/3420 4249/5330/956
f 4249/5330/956 3097/5332/3420 992/5333/3422 3104/5334/951
f 3128/5331/4224 4249/5330/956 3104/5334/951 1016/5335/4220
f 1014/5336/4225 3102/5337/959 4250/5338/4226 3127/5339/4227
f 3102/5337/959 990/5340/3370 3098/5341/3407 4250/5338/4226
f 4250/5338/4226 3098/5341/3407 991/4254/3409 3103/5329/4223
f 3127/5339/4227 4250/5338/4226 3103/5329/4223 1015/5328/4222
f 1013/5342/4228 3101/5343/963 4251/5344/964 3126/5345/4229
f 3101/5343/963 989/4140/3322 3099/4202/3368 4251/5344/964
f 4251/5344/964 3099/4202/3368 990/4206/3370 3102/5346/959
f 3126/5345/4229 4251/5344/964 3102/5346/959 1014/5347/4225
f 1036/5348/4173 3124/5349/4172 4252/5350/4230 3125/5351/4231
f 3124/5349/4172 1012/5352/3314 3100/5353/3317 4252/5350/4230
f 4252/5350/4230 3100/5353/3317 989/5354/3322 3101/5355/963
f 3125/5351/4231 4252/5350/4230 3101/5355/963 1013/5356/4228
f 964/5357/4232 2980/5358/4233 4253/5359/4234 3004/5360/4235
f 2980/5358/4233 1036/5348/4173 3125/5351/4231 4253/5359/4234
f 4253/5359/4234 3125/5351/4231 1013/5356/4228 2957/5361/4236
f 3004/5360/4235 4253/5359/4234 2957/5361/4236 941/5362/4237
f 941/5138/4237 2957/5363/4236 4254/5364/4238 3003/5139/4239
f 2957/5363/4236 1013/5342/4228 3126/5345/4229 4254/5364/4238
f 4254/5364/4238 3126/5345/4229 1014/5347/4225 2958/5365/4240
f 3003/5139/4239 4254/5364/4238 2958/5365/4240 942/5140/4241
f 942/5132/4241 2958/5366/4240 4255/5367/4242 3002/5133/4110
f 2958/5366/4240 1014/5336/4225 3127/5339/4227 4255/5367/4242
f 4255/5367/4242 3127/5339/4227 1015/5328/4222 2959/5368/4243
f 3002/5133/4110 4255/5367/4242 2959/5368/4243 943/5123/4103
f 943/5123/4103 2959/5368/4243 4256/5369/4244 3001/5124/4104
f 2959/5368/4243 1015/5328/4222 3128/5331/4224 4256/5369/4244
f 4256/5369/4244 3128/5331/4224 1016/5335/4220 2960/5370/4245
f 3001/5124/4104 4256/5369/4244 2960/5370/4245 944/5125/4246
f 944/5117/4246 2960/5371/4245 4257/5372/4247 3000/5118/4248
f 2960/5371/4245 1016/5322/4220 3129/5325/4221 4257/5372/4247
f 4257/5372/4247 3129/5325/4221 1017/5327/4218 2961/5373/4249
f 3000/5118/4248 4257/5372/4247 2961/5373/4249 945/5111/4250
f 945/5374/4250 2961/5375/4249 4258/5376/4251 2999/5377/4252
f 2961/5375/4249 1017/5313/4218 3130/5316/4219 4258/5376/4251
f 4258/5376/4251 3130/5316/4219 1018/5321/4216 2962/5378/4253
f 2999/5377/4252 4258/5376/4251 2962/5378/4253 946/5379/4254
f 946/5102/4254 2962/5380/4253 4259/5381/4255 2998/5103/4256
f 2962/5380/4253 1018/5307/4216 3131/5310/4217 4259/5381/4255
f 4259/5381/4255 3131/5310/4217 1019/5312/4214 2963/5382/4257
f 2998/5103/4256 4259/5381/4255 2963/5382/4257 947/5104/4258
f 947/5096/4258 2963/5383/4257 4260/5384/4259 2997/5097/4260
f 2963/5383/4257 1019/5301/4214 3132/5304/4215 4260/5384/4259
f 4260/5384/4259 3132/5304/4215 1020/5295/4212 2964/5385/4261
f 2997/5097/4260 4260/5384/4259 2964/5385/4261 948/5090/4262
f 948/5090/4262 2964/5385/4261 4261/5386/4263 2996/5091/4264
f 2964/5385/4261 1020/5295/4212 3133/5298/4213 4261/5386/4263
f 4261/5386/4263 3133/5298/4213 1021/5286/4209 2965/5387/4265
f 2996/5091/4264 4261/5386/4263 2965/5387/4265 949/5081/4266
f 949/5081/4266 2965/5387/4265 4262/5388/4267 2995/5082/4268
f 2965/5387/4265 1021/5286/4209 3134/5289/4211 4262/5388/4267
f 4262/5388/4267 3134/5289/4211 1022/5294/4207 2966/5389/4269
f 2995/5082/4268 4262/5388/4267 2966/5389/4269 950/5083/4061
f 950/5075/4061 2966/5390/4269 4263/5391/4270 2994/5076/4062
f 2966/5390/4269 1022/5280/4207 3135/5283/4208 4263/5391/4270
f 4263/5391/4270 3135/5283/4208 1023/5285/4204 2967/5392/4271
f 2994/5076/4062 4263/5391/4270 2967/5392/4271 951/5069/4055
f 951/5393/4055 2967/5394/4271 4264/5395/4272 2993/5396/4056
f 2967/5394/4271 1023/5271/4204 3136/5274/4206 4264/5395/4272
f 4264/5395/4272 3136/5274/4206 1024/5279/4200 2968/5397/4273
f 2993/5396/4056 4264/5395/4272 2968/5397/4273 952/5398/4049
f 952/5061/4049 2968/5399/4273 4265/5400/4274 2992/5062/4050
f 2968/5399/4273 1024/5266/4200 3137/5269/4203 4265/5400/4274
f 4265/5400/4274 3137/5269/4203 1025/5260/4198 2969/5401/4275
f 2992/5062/4050 4265/5400/4274 2969/5401/4275 953/5063/4043
f 953/5055/4043 2969/5402/4275 4266/5403/4276 2991/5056/4044
f 2969/5402/4275 1025/5260/4198 3138/5263/4199 4266/5403/4276
f 4266/5403/4276 3138/5263/4199 1026/5254/4194 2970/5404/4277
f 2991/5056/4044 4266/5403/4276 2970/5404/4277 954/5049/4037
f 954/5049/4037 2970/5404/4277 4267/5405/4278 2990/5050/4038
f 2970/5404/4277 1026/5254/4194 3139/5257/4197 4267/5405/4278
f 4267/5405/4278 3139/5257/4197 1027/5245/4191 2971/5406/4279
f 2990/5050/4038 4267/5405/4278 2971/5406/4279 955/5041/4280
f 955/5041/4280 2971/5406/4279 4268/5407/4281 2989/5042/4282
f 2971/5406/4279 1027/5245/4191 3140/5248/4193 4268/5407/4281
f 4268/5407/4281 3140/5248/4193 1028/5253/4189 2972/5408/4283
f 2989/5042/4282 4268/5407/4281 2972/5408/4283 956/5035/4284
f 956/5035/4284 2972/5409/4283 4269/5410/4285 2988/5036/4286
f 2972/5409/4283 1028/5239/4189 3141/5242/4190 4269/5410/4285
f 4269/5410/4285 3141/5242/4190 1029/5244/4187 2973/5411/4287
f 2988/5036/4286 4269/5410/4285 2973/5411/4287 957/5029/4288
f 957/5412/4288 2973/5413/4287 4270/5414/4289 2987/5415/4290
f 2973/5413/4287 1029/5230/4187 3142/5233/4188 4270/5414/4289
f 4270/5414/4289 3142/5233/4188 1030/5238/4185 2974/5416/4291
f 2987/5415/4290 4270/5414/4289 2974/5416/4291 958/5417/4292
f 958/5021/4292 2974/5418/4291 4271/5419/4293 2986/5022/4294
f 2974/5418/4291 1030/5224/4185 3143/5227/4186 4271/5419/4293
f 4271/5419/4293 3143/5227/4186 1031/5229/4183 2975/5420/4295
f 2986/5022/4294 4271/5419/4293 2975/5420/4295 959/5023/4296
f 959/5015/4296 2975/5421/4295 4272/5422/4297 2985/5016/4298
f 2975/5421/4295 1031/5219/4183 3144/5222/4184 4272/5422/4297
f 4272/5422/4297 3144/5222/4184 1032/5213/4181 2976/5423/4299
f 2985/5016/4298 4272/5422/4297 2976/5423/4299 960/5009/4300
f 960/5009/4300 2976/5423/4299 4273/5424/4301 2984/5010/4302
f 2976/5423/4299 1032/5213/4181 3145/5216/4182 4273/5424/4301
f 4273/5424/4301 3145/5216/4182 1033/5207/4177 2977/5425/4303
f 2984/5010/4302 4273/5424/4301 2977/5425/4303 961/5003/4304
f 961/5003/4304 2977/5425/4303 4274/5426/4305 2983/5004/4306
f 2977/5425/4303 1033/5207/4177 3146/5210/4180 4274/5426/4305
f 4274/5426/4305 3146/5210/4180 1034/5200/4174 2978/5427/4307
f 2983/5004/4306 4274/5426/4305 2978/5427/4307 962/4994/4308
f 962/4994/4308 2978/5427/4307 4275/5428/4309 2982/4995/4310
f 2978/5427/4307 1034/5200/4174 3147/5203/4176 4275/5428/4309
f 4275/5428/4309 3147/5203/4176 1035/5206/4168 2979/5429/4311
f 2982/4995/4310 4275/5428/4309 2979/5429/4311 963/4996/4312
f 963/4985/4312 2979/5430/4311 4276/5431/4313 2981/4986/4314
f 2979/5430/4311 1035/5194/4168 3148/5197/4171 4276/5431/4313
f 4276/5431/4313 3148/5197/4171 1036/5199/4173 2980/5432/4233
f 2981/4986/4314 4276/5431/4313 2980/5432/4233 964/4987/4232
f 939/4154/3336 2922/5433/4315 4277/5434/4316 2930/4155/3337
f 2922/5433/4315 1060/5435/3984 3173/5436/4118 4277/5434/4316
f 4277/5434/4316 3173/5436/4118 1037/5437/4111 2671/5438/4317
f 2930/4155/3337 4277/5434/4316 2671/5438/4317 800/4156/3338
f 800/4156/3338 2671/5438/4317 4278/5439/4318 2689/4215/3378
f 2671/5438/4317 1037/5437/4111 3174/5137/4114 4278/5439/4318
f 4278/5439/4318 3174/5137/4114 1038/5128/4105 2679/5440/4319
f 2689/4215/3378 4278/5439/4318 2679/5440/4319 806/4216/3379
f 806/4216/3379 2679/5440/4319 4279/5441/4320 2698/4227/3391
f 2679/5440/4319 1038/5128/4105 3175/5131/4108 4279/5441/4320
f 4279/5441/4320 3175/5131/4108 1039/5119/4099 2690/5442/4321
f 2698/4227/3391 4279/5441/4320 2690/5442/4321 812/4228/3392
f 812/4228/3392 2690/5442/4321 4280/5443/4322 2709/4281/3429
f 2690/5442/4321 1039/5119/4099 3176/5122/4102 4280/5443/4322
f 4280/5443/4322 3176/5122/4102 1040/5127/4093 2701/5444/4323
f 2709/4281/3429 4280/5443/4322 2701/5444/4323 818/4282/3430
f 818/4282/3430 2701/5444/4323 4281/5445/4324 2722/4322/3460
f 2701/5444/4323 1040/5127/4093 3177/5446/4096 4281/5445/4324
f 4281/5445/4324 3177/5446/4096 1041/5447/4087 2712/5448/4325
f 2722/4322/3460 4281/5445/4324 2712/5448/4325 824/4323/3461
f 824/4323/3461 2712/5448/4325 4282/5449/4326 2728/4340/3478
f 2712/5448/4325 1041/5447/4087 3178/5450/4090 4282/5449/4326
f 4282/5449/4326 3178/5450/4090 1042/5451/4081 2723/5452/4327
f 2728/4340/3478 4282/5449/4326 2723/5452/4327 830/4341/3479
f 830/4341/3479 2723/5452/4327 4283/5453/4328 2742/4387/3511
f 2723/5452/4327 1042/5451/4081 3179/5101/4084 4283/5453/4328
f 4283/5453/4328 3179/5101/4084 1043/5092/4075 2734/5454/4329
f 2742/4387/3511 4283/5453/4328 2734/5454/4329 836/4388/3512
f 836/4388/3512 2734/5454/4329 4284/5455/4330 2751/4397/3521
f 2734/5454/4329 1043/5092/4075 3180/5095/4078 4284/5455/4330
f 4284/5455/4330 3180/5095/4078 1044/5086/4069 2745/5456/4331
f 2751/4397/3521 4284/5455/4330 2745/5456/4331 842/4398/3522
f 842/4398/3522 2745/5456/4331 4285/5457/4332 2761/4446/3562
f 2745/5456/4331 1044/5086/4069 3181/5089/4072 4285/5457/4332
f 4285/5457/4332 3181/5089/4072 1045/5077/4063 2756/5458/4333
f 2761/4446/3562 4285/5457/4332 2756/5458/4333 848/4447/3563
f 848/4447/3563 2756/5458/4333 4286/5459/4334 2776/4498/3598
f 2756/5458/4333 1045/5077/4063 3182/5080/4066 4286/5459/4334
f 4286/5459/4334 3182/5080/4066 1046/5085/4057 2767/5460/4335
f 2776/4498/3598 4286/5459/4334 2767/5460/4335 854/4499/3599
f 854/4499/3599 2767/5460/4335 4287/5461/4336 2784/4504/3604
f 2767/5460/4335 1046/5085/4057 3183/5462/4060 4287/5461/4336
f 4287/5461/4336 3183/5462/4060 1047/5463/4051 2778/5464/4337
f 2784/4504/3604 4287/5461/4336 2778/5464/4337 860/4505/3605
f 860/4505/3605 2778/5464/4337 4288/5465/4338 2796/4558/3647
f 2778/5464/4337 1047/5463/4051 3184/5466/4054 4288/5465/4338
f 4288/5465/4338 3184/5466/4054 1048/5467/4045 2789/5468/4339
f 2796/4558/3647 4288/5465/4338 2789/5468/4339 866/4559/3648
f 866/4559/3648 2789/5468/4339 4289/5469/4340 2810/4604/3679
f 2789/5468/4339 1048/5467/4045 3185/5470/4048 4289/5469/4340
f 4289/5469/4340 3185/5470/4048 1049/5051/4039 2801/5471/4341
f 2810/4604/3679 4289/5469/4340 2801/5471/4341 873/4605/3680
f 873/4605/3680 2801/5471/4341 4290/5472/4342 2820/4616/3691
f 2801/5471/4341 1049/5051/4039 3186/5054/4042 4290/5472/4342
f 4290/5472/4342 3186/5054/4042 1050/5045/4033 2812/5473/4343
f 2820/4616/3691 4290/5472/4342 2812/5473/4343 879/4617/3692
f 879/4617/3692 2812/5473/4343 4291/5474/4344 2830/4662/3728
f 2812/5473/4343 1050/5045/4033 3187/5048/4036 4291/5474/4344
f 4291/5474/4344 3187/5048/4036 1051/5037/4027 2823/5475/4345
f 2830/4662/3728 4291/5474/4344 2823/5475/4345 885/4663/3729
f 885/4663/3729 2823/5475/4345 4292/5476/4346 2844/4710/3762
f 2823/5475/4345 1051/5037/4027 3188/5040/4030 4292/5476/4346
f 4292/5476/4346 3188/5040/4030 1052/5044/4021 2834/5477/4347
f 2844/4710/3762 4292/5476/4346 2834/5477/4347 891/4711/3763
f 891/4711/3763 2834/5477/4347 4293/5478/4348 2853/4722/3774
f 2834/5477/4347 1052/5044/4021 3189/5034/4024 4293/5478/4348
f 4293/5478/4348 3189/5034/4024 1053/5479/4015 2845/5480/4349
f 2853/4722/3774 4293/5478/4348 2845/5480/4349 897/4723/3775
f 897/4723/3775 2845/5480/4349 4294/5481/4350 2863/4767/3812
f 2845/5480/4349 1053/5479/4015 3190/5482/4018 4294/5481/4350
f 4294/5481/4350 3190/5482/4018 1054/5483/4009 2856/5484/4351
f 2863/4767/3812 4294/5481/4350 2856/5484/4351 903/4768/3813
f 903/4768/3813 2856/5484/4351 4295/5485/4352 2877/4815/3845
f 2856/5484/4351 1054/5483/4009 3191/5486/4012 4295/5485/4352
f 4295/5485/4352 3191/5486/4012 1055/5011/4003 2867/5487/4353
f 2877/4815/3845 4295/5485/4352 2867/5487/4353 909/4816/3846
f 909/4816/3846 2867/5487/4353 4296/5488/4354 2886/4827/3857
f 2867/5487/4353 1055/5011/4003 3192/5014/4006 4296/5488/4354
f 4296/5488/4354 3192/5014/4006 1056/5005/3997 2878/5489/4355
f 2886/4827/3857 4296/5488/4354 2878/5489/4355 915/4828/3858
f 915/4828/3858 2878/5489/4355 4297/5490/4356 2897/4879/3900
f 2878/5489/4355 1056/5005/3997 3193/5008/4000 4297/5490/4356
f 4297/5490/4356 3193/5008/4000 1057/4999/3991 2889/5491/4357
f 2897/4879/3900 4297/5490/4356 2889/5491/4357 921/4880/3901
f 921/4880/3901 2889/5491/4357 4298/5492/4358 2910/4919/3931
f 2889/5491/4357 1057/4999/3991 3194/5002/3994 4298/5492/4358
f 4298/5492/4358 3194/5002/3994 1058/4990/3985 2900/5493/4359
f 2910/4919/3931 4298/5492/4358 2900/5493/4359 927/4920/3932
f 927/4920/3932 2900/5493/4359 4299/5494/4360 2916/4937/3949
f 2900/5493/4359 1058/4990/3985 3195/4993/3988 4299/5494/4360
f 4299/5494/4360 3195/4993/3988 1059/4998/3976 2911/5495/4361
f 2916/4937/3949 4299/5494/4360 2911/5495/4361 933/4938/3950
f 933/4938/3950 2911/5495/4361 4300/5496/4362 2925/4978/3973
f 2911/5495/4361 1059/4998/3976 3196/5497/3979 4300/5496/4362
f 4300/5496/4362 3196/5497/3979 1060/5435/3984 2922/5433/4315
f 2925/4978/3973 4300/5496/4362 2922/5433/4315 939/4154/3336
f 533/5498/2295 3197/5499/4363 4301/5500/4364 2148/5501/2296
f 3197/5499/4365 798/5502/3323 2676/5503/3326 4301/5500/4366
f 4301/5500/4366 2676/5503/3326 804/5504/3331 3198/5505/4367
f 2148/5501/2296 4301/5500/4364 3198/5505/4368 539/5506/2299
f 539/5506/2299 3198/5505/4368 4302/5507/4369 2156/5508/4370
f 3198/5505/4367 804/5504/3331 2684/5509/4371 4302/5507/4372
f 4302/5507/4372 2684/5509/4371 810/5510/4373 3199/5511/4374
f 2156/5508/4370 4302/5507/4369 3199/5511/4375 545/5512/4376
f 545/5512/4376 3199/5511/4375 4303/5513/4377 2167/5514/2356
f 3199/5511/4374 810/5510/4373 2695/5515/3383 4303/5513/4378
f 4303/5513/4378 2695/5515/3383 816/5516/3388 3200/5517/4379
f 2167/5514/2356 4303/5513/4377 3200/5517/4380 551/5518/2358
f 551/5519/2358 3200/5520/4380 4304/5521/4381 2182/5522/2397
f 3200/5520/4379 816/5523/3388 2710/5524/3424 4304/5521/4382
f 4304/5521/4382 2710/5524/3424 822/5525/3426 3201/5526/4383
f 2182/5522/2397 4304/5521/4381 3201/5526/4384 557/5527/2399
f 557/5527/2399 3201/5526/4384 4305/5528/4385 2189/5529/2428
f 3201/5526/4383 822/5525/3426 2717/5530/3455 4305/5528/4386
f 4305/5528/4387 2717/5530/3455 828/5531/3457 3202/5532/4388
f 2189/5529/2428 4305/5528/4389 3202/5532/4390 563/5533/2430
f 563/5533/2430 3202/5532/4390 4306/5534/4391 2202/5535/2444
f 3202/5532/4388 828/5531/3457 2730/5536/3471 4306/5534/4392
f 4306/5534/4392 2730/5536/3471 834/5537/3475 3203/5538/4393
f 2202/5535/2444 4306/5534/4391 3203/5538/4394 569/5539/2446
f 569/5539/2446 3203/5538/4394 4307/5540/4395 2215/5541/2478
f 3203/5538/4393 834/5537/3475 2743/5542/3505 4307/5540/4396
f 4307/5540/4396 2743/5542/3505 840/5543/3508 3204/5544/4397
f 2215/5541/2478 4307/5540/4395 3204/5544/4398 575/5545/2480
f 575/5545/2480 3204/5544/4398 4308/5546/4399 2224/5547/2515
f 3204/5544/4397 840/5543/3508 2752/5548/3543 4308/5546/4400
f 4308/5546/4400 2752/5548/3543 846/5549/3547 3205/5550/4401
f 2224/5547/2515 4308/5546/4399 3205/5550/4402 581/5551/2517
f 581/5551/2517 3205/5550/4402 4309/5552/4403 2235/5553/2526
f 3205/5550/4401 846/5549/3547 2763/5554/4404 4309/5552/4405
f 4309/5552/4405 2763/5554/4404 852/5555/3559 3206/5556/4406
f 2235/5553/2526 4309/5552/4403 3206/5556/4407 587/5557/2528
f 587/5558/2528 3206/5559/4407 4310/5560/4408 2249/5561/2567
f 3206/5559/4406 852/5562/3559 2777/5563/3593 4310/5560/4409
f 4310/5560/4409 2777/5563/3593 858/5564/3595 3207/5565/4410
f 2249/5561/2567 4310/5560/4408 3207/5565/4411 593/5566/2569
f 593/5566/2569 3207/5565/4411 4311/5567/4412 2257/5568/2601
f 3207/5565/4410 858/5564/3595 2785/5569/3626 4311/5567/4413
f 4311/5567/4413 2785/5569/3626 864/5570/3628 3208/5571/4414
f 2257/5568/2601 4311/5567/4412 3208/5571/4415 599/5572/2603
f 599/5572/2603 3208/5571/4415 4312/5573/4416 2270/5574/2617
f 3208/5571/4414 864/5570/3628 2798/5575/3642 4312/5573/4417
f 4312/5573/4417 2798/5575/3642 870/5576/3644 3209/5577/4418
f 2270/5574/2617 4312/5573/4416 3209/5577/4419 605/5578/2619
f 605/5578/2619 3209/5577/4419 4313/5579/4420 2283/5580/2650
f 3209/5577/4418 870/5576/3644 2811/5581/3674 4313/5579/4421
f 4313/5579/4421 2811/5581/3674 877/5582/3676 3210/5583/4422
f 2283/5580/2650 4313/5579/4420 3210/5583/4423 612/5584/2652
f 612/5584/2652 3210/5583/4423 4314/5585/4424 2289/5586/2660
f 3210/5583/4422 877/5582/3676 2817/5587/3684 4314/5585/4425
f 4314/5585/4425 2817/5587/3684 883/5588/3688 3211/5589/4426
f 2289/5586/2660 4314/5585/4424 3211/5589/4427 618/5590/2662
f 618/5591/2662 3211/5592/4427 4315/5593/4428 2304/5594/2700
f 3211/5592/4426 883/5595/3688 2832/5596/3723 4315/5593/4429
f 4315/5593/4429 2832/5596/3723 889/5597/3725 3212/5598/4430
f 2304/5594/2700 4315/5593/4428 3212/5598/4431 624/5599/2702
f 624/5599/2702 3212/5598/4431 4316/5600/4432 2311/5601/2733
f 3212/5598/4430 889/5597/3725 2839/5602/3757 4316/5600/4433
f 4316/5600/4433 2839/5602/3757 895/5603/3759 3213/5604/4434
f 2311/5601/2733 4316/5600/4432 3213/5604/4435 630/5605/2735
f 630/5605/2735 3213/5604/4435 4317/5606/4436 2322/5607/2743
f 3213/5604/4434 895/5603/3759 2850/5608/3767 4317/5606/4437
f 4317/5606/4437 2850/5608/3767 901/5609/3771 3214/5610/4438
f 2322/5607/2743 4317/5606/4436 3214/5610/4439 636/5611/2745
f 636/5611/2745 3214/5610/4439 4318/5612/4440 2337/5613/2782
f 3214/5610/4438 901/5609/3771 2865/5614/3807 4318/5612/4441
f 4318/5612/4441 2865/5614/3807 907/5615/3809 3215/5616/4442
f 2337/5613/2782 4318/5612/4440 3215/5616/4443 642/5617/2784
f 642/5617/2784 3215/5616/4443 4319/5618/4444 2344/5619/2815
f 3215/5616/4442 907/5615/3809 2872/5620/3840 4319/5618/4445
f 4319/5618/4445 2872/5620/3840 913/5621/3842 3216/5622/4446
f 2344/5619/2815 4319/5618/4444 3216/5622/4447 648/5623/4448
f 648/5623/4448 3216/5622/4447 4320/5624/4449 2355/5625/4449
f 3216/5622/4446 913/5621/3842 2883/5626/3850 4320/5624/4450
f 4320/5624/4450 2883/5626/3850 919/5627/3854 3217/5628/4451
f 2355/5625/2826 4320/5624/4452 3217/5628/4453 654/5629/2828
f 654/5629/2828 3217/5628/4453 4321/5630/4454 2370/5631/2867
f 3217/5628/4451 919/5627/3854 2898/5632/3893 4321/5630/4455
f 4321/5630/4455 2898/5632/3893 925/5633/3897 3218/5634/4456
f 2370/5631/2867 4321/5630/4454 3218/5634/4457 660/5635/2869
f 660/5636/2869 3218/5637/4457 4322/5638/4458 2377/5639/2901
f 3218/5637/4456 925/5640/3897 2905/5641/3926 4322/5638/4459
f 4322/5638/4459 2905/5641/3926 931/5642/3928 3219/5643/4460
f 2377/5639/4461 4322/5638/4461 3219/5643/4462 666/5644/2903
f 666/5644/2903 3219/5643/4462 4323/5645/4463 2390/5646/2917
f 3219/5643/4460 931/5642/3928 2918/5647/3942 4323/5645/4464
f 4323/5645/4464 2918/5647/3942 937/5648/3946 3220/5649/4465
f 2390/5646/2917 4323/5645/4463 3220/5649/4466 672/5650/2919
f 672/5650/2919 3220/5649/4466 4324/5651/4467 2428/5652/2946
f 3220/5649/4465 937/5648/3946 2956/5653/3970 4324/5651/4468
f 4324/5651/4468 2956/5653/3970 798/5502/3323 3197/5499/4365
f 2428/5652/2946 4324/5651/4467 3197/5499/4363 533/5498/2295
