# Blender 4.2.2 LTS
# www.blender.org
mtllib oven_Up_OpenGL.mtl
o Bake_Up
v 0.996629 5.363439 5.777766
v 0.996629 7.229566 5.777766
v -0.996629 5.363439 5.777766
v -0.996629 7.229566 5.777766
v 0.996629 5.363439 -3.502311
v 0.996629 7.229566 -3.502311
v -0.996629 5.363439 -3.502311
v -0.996629 7.229566 -3.502311
v 1.085551 5.525404 5.618070
v 1.082551 5.528405 5.618070
v 1.085552 5.528405 5.621070
v 1.083430 5.526283 5.618071
v 1.083819 5.526672 5.619802
v 1.083430 5.528405 5.620192
v 1.085551 5.526283 5.620192
v 1.085276 5.528367 3.636616
v 1.082277 5.528367 3.639616
v 1.085277 5.525367 3.639616
v 1.083155 5.528367 3.637494
v 1.083545 5.526635 3.637883
v 1.083156 5.526246 3.639615
v 1.085277 5.526246 3.637494
v 0.999991 5.418194 5.725284
v 0.999992 5.421195 5.728284
v 0.996991 5.421196 5.725284
v 0.999991 5.419073 5.727406
v 0.998259 5.419463 5.727016
v 0.997870 5.421195 5.727405
v 0.997870 5.419074 5.725284
v 0.999656 5.418155 3.532403
v 0.996656 5.421155 3.532403
v 0.999656 5.421154 3.529402
v 0.997535 5.419034 3.532403
v 0.997924 5.419423 3.530671
v 0.997535 5.421155 3.530282
v 0.999656 5.419034 3.530281
v 1.085552 7.032962 5.621070
v 1.082551 7.032962 5.618070
v 1.085551 7.035963 5.618070
v 1.083430 7.032962 5.620192
v 1.083819 7.034695 5.619802
v 1.083430 7.035084 5.618071
v 1.085551 7.035084 5.620192
v 0.996991 7.140223 5.725284
v 0.999992 7.140222 5.728284
v 0.999991 7.143222 5.725284
v 0.997870 7.140222 5.727405
v 0.998259 7.141954 5.727016
v 0.999991 7.142343 5.727406
v 0.997870 7.142344 5.725284
v 0.996656 7.140182 3.532403
v 0.999656 7.143182 3.532403
v 0.999656 7.140182 3.529402
v 0.997535 7.142304 3.532403
v 0.997924 7.141914 3.530671
v 0.999656 7.142303 3.530281
v 0.997535 7.140182 3.530282
v 1.085276 7.032925 3.636616
v 1.085277 7.035925 3.639616
v 1.082277 7.032925 3.639616
v 1.085277 7.035047 3.637494
v 1.083545 7.034657 3.637883
v 1.083156 7.035047 3.639615
v 1.083155 7.032925 3.637494
v 1.082262 7.143157 3.532381
v 1.082262 7.140158 3.529381
v 1.082262 7.142279 3.530260
v 1.082262 5.421131 3.529381
v 1.082262 5.418130 3.532381
v 1.082262 5.419009 3.530260
v 1.082566 5.418172 5.725305
v 1.082566 5.421172 5.728305
v 1.082566 5.419051 5.727426
v 1.082566 7.140199 5.728305
v 1.082566 7.143199 5.725305
v 1.082566 7.142321 5.727426
v 1.105916 7.140158 3.529381
v 1.105916 7.143157 3.532381
v 1.108916 7.140158 3.532381
v 1.105916 7.142279 3.530260
v 1.107648 7.141890 3.530649
v 1.108037 7.142279 3.532381
v 1.108037 7.140158 3.530260
v 1.105916 5.418130 3.532381
v 1.105916 5.421131 3.529381
v 1.108916 5.421131 3.532381
v 1.105916 5.419009 3.530260
v 1.107648 5.419398 3.530649
v 1.108037 5.421131 3.530260
v 1.108037 5.419009 3.532381
v 1.106220 5.421172 5.728305
v 1.106220 5.418172 5.725305
v 1.109220 5.421172 5.725305
v 1.106220 5.419051 5.727426
v 1.107952 5.419440 5.727037
v 1.108341 5.419051 5.725305
v 1.108342 5.421172 5.727426
v 1.106220 7.140199 5.728305
v 1.109220 7.140199 5.725305
v 1.106220 7.143199 5.725305
v 1.108342 7.140199 5.727426
v 1.107952 7.141932 5.727037
v 1.108341 7.142321 5.725305
v 1.106220 7.142321 5.727426
v 1.105930 7.032925 3.636616
v 1.108930 7.038925 3.633615
v 1.105931 7.035925 3.639616
v 1.108052 7.035925 3.635736
v 1.107663 7.035925 3.636615
v 1.108052 7.036804 3.636615
v 1.105931 7.035047 3.637494
v 1.105931 5.525367 3.639616
v 1.108930 5.522367 3.633615
v 1.105930 5.528367 3.636616
v 1.108052 5.524488 3.636615
v 1.107663 5.525367 3.636615
v 1.108052 5.525367 3.635736
v 1.105931 5.526246 3.637494
v 1.106206 5.528405 5.621070
v 1.109206 5.522405 5.624070
v 1.106205 5.525404 5.618070
v 1.108327 5.525404 5.621949
v 1.107938 5.525404 5.621070
v 1.108327 5.524526 5.621070
v 1.106205 5.526283 5.620192
v 1.106206 7.032962 5.621070
v 1.106205 7.035963 5.618070
v 1.109206 7.038962 5.624070
v 1.106205 7.035084 5.620192
v 1.107938 7.035963 5.621070
v 1.108327 7.036841 5.621070
v 1.108327 7.035963 5.621949
v 1.159732 5.458557 5.159987
v 1.162732 5.461556 5.159987
v 1.159732 5.461556 5.162987
v 1.161853 5.459435 5.159987
v 1.161464 5.459825 5.161719
v 1.161853 5.461556 5.162108
v 1.159732 5.459435 5.162108
v 1.159732 5.491557 5.162987
v 1.162732 5.491557 5.159987
v 1.159732 5.494556 5.159987
v 1.161853 5.491557 5.162108
v 1.161464 5.493289 5.161719
v 1.161853 5.493678 5.159987
v 1.159732 5.493678 5.162108
v 1.105732 5.461556 5.162987
v 1.102732 5.461556 5.159987
v 1.105732 5.458557 5.159987
v 1.103611 5.461556 5.162108
v 1.104000 5.459825 5.161719
v 1.103611 5.459435 5.159987
v 1.105732 5.459435 5.162108
v 1.105732 5.494556 5.159987
v 1.102732 5.491557 5.159987
v 1.105732 5.491557 5.162987
v 1.103611 5.493678 5.159987
v 1.104000 5.493289 5.161719
v 1.103611 5.491557 5.162108
v 1.105732 5.493678 5.162108
v 1.159732 5.461556 4.105768
v 1.162732 5.461556 4.108768
v 1.159732 5.458557 4.108768
v 1.161853 5.461556 4.106647
v 1.161464 5.459825 4.107036
v 1.161853 5.459435 4.108768
v 1.159732 5.459435 4.106647
v 1.159732 5.494556 4.108768
v 1.162732 5.491557 4.108768
v 1.159732 5.491557 4.105768
v 1.161853 5.493678 4.108768
v 1.161464 5.493289 4.107036
v 1.161853 5.491557 4.106647
v 1.159732 5.493678 4.106647
v 1.102732 5.461556 4.108768
v 1.105732 5.461556 4.105768
v 1.105732 5.458557 4.108768
v 1.103611 5.461556 4.106647
v 1.104000 5.459825 4.107036
v 1.105732 5.459435 4.106647
v 1.103611 5.459435 4.108768
v 1.105732 5.494556 4.108768
v 1.105732 5.491557 4.105768
v 1.102732 5.491557 4.108768
v 1.105732 5.493678 4.106647
v 1.104000 5.493289 4.107036
v 1.103611 5.491557 4.106647
v 1.103611 5.493678 4.108768
v 1.132732 5.461556 5.162987
v 1.132732 5.458557 5.159987
v 1.132732 5.459435 5.162108
v 1.132732 5.491557 5.162987
v 1.132732 5.494556 5.159987
v 1.132732 5.493678 5.162108
v 1.132732 5.461556 4.105768
v 1.132732 5.458557 4.108768
v 1.132732 5.459435 4.106647
v 1.132732 5.491557 4.105768
v 1.132732 5.494556 4.108768
v 1.132732 5.493678 4.106647
v 1.162732 5.491557 5.113953
v 1.159732 5.494556 5.113953
v 1.161853 5.493678 5.113953
v 1.162732 5.491557 4.154805
v 1.159732 5.494556 4.154805
v 1.161853 5.493678 4.154805
v 1.162732 5.461556 4.154805
v 1.159732 5.458557 4.154805
v 1.161853 5.459435 4.154805
v 1.162732 5.461556 5.113953
v 1.159732 5.458557 5.113953
v 1.161853 5.459435 5.113953
v 1.102732 5.461556 4.151805
v 1.105732 5.458557 4.151805
v 1.105732 5.461556 4.154805
v 1.103611 5.459435 4.151805
v 1.104000 5.459825 4.153537
v 1.105732 5.459435 4.153926
v 1.103611 5.461556 4.153926
v 1.102732 5.491557 4.151805
v 1.105732 5.491557 4.154805
v 1.105732 5.494556 4.151805
v 1.103611 5.491557 4.153926
v 1.104000 5.493289 4.153537
v 1.105732 5.493678 4.153926
v 1.103611 5.493678 4.151805
v 1.132732 5.491557 4.157805
v 1.135732 5.494556 4.151805
v 1.129732 5.491557 4.154805
v 1.133610 5.493678 4.154805
v 1.132732 5.493289 4.154805
v 1.132732 5.493678 4.153926
v 1.131853 5.491557 4.155684
v 1.132732 5.461556 4.157805
v 1.129732 5.461556 4.154805
v 1.135732 5.458557 4.151805
v 1.131853 5.461556 4.155684
v 1.132732 5.459825 4.154805
v 1.132732 5.459435 4.153926
v 1.133610 5.459435 4.154805
v 1.105732 5.458557 5.116953
v 1.102732 5.461556 5.116953
v 1.105732 5.461556 5.113953
v 1.103611 5.459435 5.116953
v 1.104000 5.459825 5.115222
v 1.103611 5.461556 5.114832
v 1.105732 5.459435 5.114832
v 1.132732 5.461556 5.110953
v 1.135732 5.458557 5.116953
v 1.129732 5.461556 5.113953
v 1.133610 5.459435 5.113953
v 1.132732 5.459825 5.113953
v 1.132732 5.459435 5.114832
v 1.131853 5.461556 5.113075
v 1.105732 5.494556 5.116953
v 1.105732 5.491557 5.113953
v 1.102732 5.491557 5.116953
v 1.105732 5.493678 5.114832
v 1.104000 5.493289 5.115222
v 1.103611 5.491557 5.114832
v 1.103611 5.493678 5.116953
v 1.129732 5.491557 5.113953
v 1.135732 5.494556 5.116953
v 1.132732 5.491557 5.110953
v 1.132732 5.493678 5.114832
v 1.132732 5.493289 5.113953
v 1.133610 5.493678 5.113953
v 1.131853 5.491557 5.113075
v 1.085551 5.525404 3.318070
v 1.082551 5.528405 3.318070
v 1.085551 5.528405 3.321070
v 1.083430 5.526283 3.318070
v 1.083819 5.526672 3.319803
v 1.083430 5.528405 3.320192
v 1.085551 5.526283 3.320192
v 1.085276 5.528367 1.336616
v 1.082277 5.528367 1.339616
v 1.085277 5.525367 1.339616
v 1.083155 5.528367 1.337494
v 1.083544 5.526635 1.337883
v 1.083156 5.526246 1.339616
v 1.085276 5.526246 1.337494
v 0.999991 5.418194 3.425284
v 0.999992 5.421195 3.428284
v 0.996991 5.421196 3.425283
v 0.999991 5.419073 3.427406
v 0.998259 5.419463 3.427016
v 0.997870 5.421195 3.427405
v 0.997870 5.419074 3.425284
v 0.999656 5.418155 1.232403
v 0.996656 5.421155 1.232403
v 0.999656 5.421154 1.229403
v 0.997535 5.419034 1.232403
v 0.997924 5.419423 1.230671
v 0.997535 5.421155 1.230282
v 0.999656 5.419034 1.230281
v 1.085551 7.032962 3.321070
v 1.082551 7.032962 3.318070
v 1.085551 7.035963 3.318070
v 1.083430 7.032962 3.320192
v 1.083819 7.034695 3.319803
v 1.083430 7.035084 3.318070
v 1.085551 7.035084 3.320192
v 0.996991 7.140223 3.425283
v 0.999992 7.140222 3.428284
v 0.999991 7.143222 3.425284
v 0.997870 7.140222 3.427405
v 0.998259 7.141954 3.427016
v 0.999991 7.142343 3.427406
v 0.997870 7.142344 3.425284
v 0.996656 7.140182 1.232403
v 0.999656 7.143182 1.232403
v 0.999656 7.140182 1.229403
v 0.997535 7.142304 1.232403
v 0.997924 7.141914 1.230671
v 0.999656 7.142303 1.230281
v 0.997535 7.140182 1.230282
v 1.085276 7.032925 1.336616
v 1.085277 7.035925 1.339616
v 1.082277 7.032925 1.339616
v 1.085276 7.035047 1.337494
v 1.083544 7.034657 1.337883
v 1.083156 7.035047 1.339616
v 1.083155 7.032925 1.337494
v 1.082262 7.143157 1.232381
v 1.082261 7.140158 1.229381
v 1.082262 7.142279 1.230260
v 1.082261 5.421131 1.229381
v 1.082262 5.418130 1.232381
v 1.082262 5.419009 1.230260
v 1.082566 5.418172 3.425305
v 1.082566 5.421172 3.428305
v 1.082566 5.419051 3.427426
v 1.082566 7.140199 3.428305
v 1.082566 7.143199 3.425305
v 1.082566 7.142321 3.427426
v 1.105916 7.140158 1.229381
v 1.105916 7.143157 1.232381
v 1.108916 7.140158 1.232381
v 1.105916 7.142279 1.230260
v 1.107648 7.141890 1.230649
v 1.108037 7.142279 1.232381
v 1.108037 7.140158 1.230260
v 1.105916 5.418130 1.232381
v 1.105916 5.421131 1.229381
v 1.108916 5.421131 1.232381
v 1.105916 5.419009 1.230260
v 1.107648 5.419398 1.230649
v 1.108037 5.421131 1.230260
v 1.108037 5.419009 1.232381
v 1.106220 5.421172 3.428305
v 1.106220 5.418172 3.425305
v 1.109220 5.421172 3.425305
v 1.106220 5.419051 3.427426
v 1.107952 5.419440 3.427037
v 1.108341 5.419051 3.425305
v 1.108341 5.421172 3.427426
v 1.106220 7.140199 3.428305
v 1.109220 7.140199 3.425305
v 1.106220 7.143199 3.425305
v 1.108341 7.140199 3.427426
v 1.107952 7.141932 3.427037
v 1.108341 7.142321 3.425305
v 1.106220 7.142321 3.427426
v 1.105930 7.032925 1.336616
v 1.108930 7.038925 1.333616
v 1.105931 7.035925 1.339616
v 1.108052 7.035925 1.335737
v 1.107662 7.035925 1.336616
v 1.108052 7.036804 1.336615
v 1.105931 7.035047 1.337494
v 1.105931 5.525367 1.339616
v 1.108930 5.522367 1.333616
v 1.105930 5.528367 1.336616
v 1.108052 5.524488 1.336615
v 1.107662 5.525367 1.336616
v 1.108052 5.525367 1.335737
v 1.105931 5.526246 1.337494
v 1.106205 5.528405 3.321070
v 1.109206 5.522405 3.324070
v 1.106205 5.525404 3.318070
v 1.108327 5.525404 3.321949
v 1.107937 5.525404 3.321070
v 1.108327 5.524526 3.321070
v 1.106205 5.526283 3.320192
v 1.106205 7.032962 3.321070
v 1.106205 7.035963 3.318070
v 1.109206 7.038962 3.324070
v 1.106205 7.035084 3.320192
v 1.107937 7.035963 3.321070
v 1.108327 7.036841 3.321070
v 1.108327 7.035963 3.321949
v 1.159732 5.458557 2.859987
v 1.162732 5.461556 2.859987
v 1.159732 5.461556 2.862987
v 1.161853 5.459435 2.859987
v 1.161464 5.459825 2.861719
v 1.161853 5.461556 2.862109
v 1.159732 5.459435 2.862109
v 1.159732 5.491557 2.862987
v 1.162732 5.491557 2.859987
v 1.159732 5.494556 2.859987
v 1.161853 5.491557 2.862109
v 1.161464 5.493289 2.861719
v 1.161853 5.493678 2.859987
v 1.159732 5.493678 2.862109
v 1.105732 5.461556 2.862987
v 1.102732 5.461556 2.859987
v 1.105732 5.458557 2.859987
v 1.103611 5.461556 2.862109
v 1.104000 5.459825 2.861719
v 1.103611 5.459435 2.859987
v 1.105732 5.459435 2.862109
v 1.105732 5.494556 2.859987
v 1.102732 5.491557 2.859987
v 1.105732 5.491557 2.862987
v 1.103611 5.493678 2.859987
v 1.104000 5.493289 2.861719
v 1.103611 5.491557 2.862109
v 1.105732 5.493678 2.862109
v 1.159732 5.461556 1.805768
v 1.162732 5.461556 1.808768
v 1.159732 5.458557 1.808768
v 1.161853 5.461556 1.806647
v 1.161464 5.459825 1.807036
v 1.161853 5.459435 1.808768
v 1.159732 5.459435 1.806647
v 1.159732 5.494556 1.808768
v 1.162732 5.491557 1.808768
v 1.159732 5.491557 1.805768
v 1.161853 5.493678 1.808768
v 1.161464 5.493289 1.807036
v 1.161853 5.491557 1.806647
v 1.159732 5.493678 1.806647
v 1.102732 5.461556 1.808768
v 1.105732 5.461556 1.805768
v 1.105732 5.458557 1.808768
v 1.103610 5.461556 1.806647
v 1.104000 5.459825 1.807036
v 1.105732 5.459435 1.806647
v 1.103610 5.459435 1.808768
v 1.105732 5.494556 1.808768
v 1.105732 5.491557 1.805768
v 1.102732 5.491557 1.808768
v 1.105732 5.493678 1.806647
v 1.104000 5.493289 1.807036
v 1.103610 5.491557 1.806647
v 1.103610 5.493678 1.808768
v 1.132732 5.461556 2.862987
v 1.132732 5.458557 2.859987
v 1.132732 5.459435 2.862109
v 1.132732 5.491557 2.862987
v 1.132732 5.494556 2.859987
v 1.132732 5.493678 2.862109
v 1.132732 5.461556 1.805768
v 1.132732 5.458557 1.808768
v 1.132732 5.459435 1.806647
v 1.132732 5.491557 1.805768
v 1.132732 5.494556 1.808768
v 1.132732 5.493678 1.806647
v 1.162732 5.491557 2.813954
v 1.159732 5.494556 2.813954
v 1.161853 5.493678 2.813954
v 1.162732 5.491557 1.854805
v 1.159732 5.494556 1.854805
v 1.161853 5.493678 1.854805
v 1.162732 5.461556 1.854805
v 1.159732 5.458557 1.854805
v 1.161853 5.459435 1.854805
v 1.162732 5.461556 2.813954
v 1.159732 5.458557 2.813954
v 1.161853 5.459435 2.813954
v 1.102732 5.461556 1.851805
v 1.105732 5.458557 1.851805
v 1.105732 5.461556 1.854805
v 1.103610 5.459435 1.851805
v 1.104000 5.459825 1.853537
v 1.105732 5.459435 1.853927
v 1.103610 5.461556 1.853927
v 1.102732 5.491557 1.851805
v 1.105732 5.491557 1.854805
v 1.105732 5.494556 1.851805
v 1.103610 5.491557 1.853927
v 1.104000 5.493289 1.853538
v 1.105732 5.493678 1.853927
v 1.103610 5.493678 1.851805
v 1.132732 5.491557 1.857805
v 1.135732 5.494556 1.851805
v 1.129732 5.491557 1.854805
v 1.133610 5.493678 1.854805
v 1.132732 5.493289 1.854805
v 1.132732 5.493678 1.853927
v 1.131853 5.491557 1.855684
v 1.132732 5.461556 1.857805
v 1.129732 5.461556 1.854805
v 1.135732 5.458557 1.851805
v 1.131853 5.461556 1.855684
v 1.132732 5.459825 1.854805
v 1.132732 5.459435 1.853927
v 1.133610 5.459435 1.854805
v 1.105732 5.458557 2.816954
v 1.102732 5.461556 2.816954
v 1.105732 5.461556 2.813954
v 1.103611 5.459435 2.816954
v 1.104000 5.459825 2.815222
v 1.103611 5.461556 2.814832
v 1.105732 5.459435 2.814832
v 1.132732 5.461556 2.810954
v 1.135732 5.458557 2.816954
v 1.129732 5.461556 2.813954
v 1.133610 5.459435 2.813953
v 1.132732 5.459825 2.813954
v 1.132732 5.459435 2.814832
v 1.131853 5.461556 2.813075
v 1.105732 5.494556 2.816954
v 1.105732 5.491557 2.813954
v 1.102732 5.491557 2.816954
v 1.105732 5.493678 2.814832
v 1.104000 5.493289 2.815222
v 1.103611 5.491557 2.814832
v 1.103611 5.493678 2.816954
v 1.129732 5.491557 2.813954
v 1.135732 5.494556 2.816954
v 1.132732 5.491557 2.810954
v 1.132732 5.493678 2.814832
v 1.132732 5.493289 2.813954
v 1.133610 5.493678 2.813953
v 1.131853 5.491557 2.813075
v 1.085551 5.525404 1.018070
v 1.082551 5.528405 1.018070
v 1.085551 5.528405 1.021070
v 1.083430 5.526283 1.018071
v 1.083819 5.526672 1.019803
v 1.083430 5.528405 1.020192
v 1.085551 5.526283 1.020192
v 1.085276 5.528367 -0.963384
v 1.082277 5.528367 -0.960384
v 1.085277 5.525367 -0.960384
v 1.083155 5.528367 -0.962505
v 1.083544 5.526635 -0.962116
v 1.083155 5.526246 -0.960384
v 1.085276 5.526246 -0.962505
v 0.999991 5.418194 1.125284
v 0.999991 5.421195 1.128284
v 0.996991 5.421196 1.125284
v 0.999991 5.419073 1.127406
v 0.998259 5.419463 1.127016
v 0.997870 5.421195 1.127405
v 0.997870 5.419074 1.125284
v 0.999656 5.418155 -1.067597
v 0.996656 5.421155 -1.067596
v 0.999656 5.421154 -1.070597
v 0.997535 5.419034 -1.067597
v 0.997924 5.419423 -1.069329
v 0.997534 5.421155 -1.069718
v 0.999656 5.419034 -1.069719
v 1.085551 7.032962 1.021070
v 1.082551 7.032962 1.018070
v 1.085551 7.035963 1.018070
v 1.083430 7.032962 1.020192
v 1.083819 7.034695 1.019803
v 1.083430 7.035084 1.018071
v 1.085551 7.035084 1.020192
v 0.996991 7.140223 1.125284
v 0.999991 7.140222 1.128284
v 0.999991 7.143222 1.125284
v 0.997870 7.140222 1.127405
v 0.998259 7.141954 1.127016
v 0.999991 7.142343 1.127406
v 0.997870 7.142344 1.125284
v 0.996656 7.140182 -1.067596
v 0.999656 7.143182 -1.067597
v 0.999656 7.140182 -1.070597
v 0.997535 7.142304 -1.067597
v 0.997924 7.141914 -1.069329
v 0.999656 7.142303 -1.069719
v 0.997534 7.140182 -1.069718
v 1.085276 7.032925 -0.963384
v 1.085277 7.035925 -0.960384
v 1.082277 7.032925 -0.960384
v 1.085276 7.035047 -0.962505
v 1.083544 7.034657 -0.962116
v 1.083155 7.035047 -0.960384
v 1.083155 7.032925 -0.962505
v 1.082262 7.143157 -1.067619
v 1.082261 7.140158 -1.070619
v 1.082261 7.142279 -1.069740
v 1.082261 5.421131 -1.070619
v 1.082262 5.418130 -1.067619
v 1.082261 5.419009 -1.069740
v 1.082566 5.418172 1.125305
v 1.082566 5.421172 1.128305
v 1.082566 5.419051 1.127427
v 1.082566 7.140199 1.128305
v 1.082566 7.143199 1.125305
v 1.082566 7.142321 1.127427
v 1.105915 7.140158 -1.070619
v 1.105916 7.143157 -1.067619
v 1.108916 7.140158 -1.067619
v 1.105916 7.142279 -1.069740
v 1.107648 7.141890 -1.069351
v 1.108037 7.142279 -1.067619
v 1.108037 7.140158 -1.069740
v 1.105916 5.418130 -1.067619
v 1.105915 5.421131 -1.070619
v 1.108916 5.421131 -1.067619
v 1.105916 5.419009 -1.069740
v 1.107648 5.419398 -1.069351
v 1.108037 5.421131 -1.069740
v 1.108037 5.419009 -1.067619
v 1.106220 5.421172 1.128305
v 1.106220 5.418172 1.125305
v 1.109220 5.421172 1.125305
v 1.106220 5.419051 1.127427
v 1.107952 5.419440 1.127037
v 1.108341 5.419051 1.125305
v 1.108341 5.421172 1.127427
v 1.106220 7.140199 1.128305
v 1.109220 7.140199 1.125305
v 1.106220 7.143199 1.125305
v 1.108341 7.140199 1.127427
v 1.107952 7.141932 1.127037
v 1.108341 7.142321 1.125305
v 1.106220 7.142321 1.127427
v 1.105930 7.032925 -0.963384
v 1.108930 7.038925 -0.966384
v 1.105931 7.035925 -0.960384
v 1.108051 7.035925 -0.964263
v 1.107662 7.035925 -0.963384
v 1.108052 7.036804 -0.963385
v 1.105930 7.035047 -0.962505
v 1.105931 5.525367 -0.960384
v 1.108930 5.522367 -0.966384
v 1.105930 5.528367 -0.963384
v 1.108052 5.524488 -0.963384
v 1.107662 5.525367 -0.963384
v 1.108051 5.525367 -0.964263
v 1.105930 5.526246 -0.962505
v 1.106205 5.528405 1.021070
v 1.109206 5.522405 1.024071
v 1.106205 5.525404 1.018070
v 1.108327 5.525404 1.021949
v 1.107937 5.525404 1.021070
v 1.108327 5.524526 1.021070
v 1.106205 5.526283 1.020192
v 1.106205 7.032962 1.021070
v 1.106205 7.035963 1.018070
v 1.109206 7.038962 1.024071
v 1.106205 7.035084 1.020192
v 1.107937 7.035963 1.021070
v 1.108327 7.036841 1.021070
v 1.108327 7.035963 1.021949
v 1.159732 5.458557 0.559987
v 1.162732 5.461556 0.559987
v 1.159732 5.461556 0.562987
v 1.161853 5.459435 0.559987
v 1.161464 5.459825 0.561719
v 1.161853 5.461556 0.562109
v 1.159732 5.459435 0.562109
v 1.159732 5.491557 0.562987
v 1.162732 5.491557 0.559987
v 1.159732 5.494556 0.559987
v 1.161853 5.491557 0.562109
v 1.161464 5.493289 0.561719
v 1.161853 5.493678 0.559987
v 1.159732 5.493678 0.562109
v 1.105732 5.461556 0.562987
v 1.102732 5.461556 0.559987
v 1.105732 5.458557 0.559987
v 1.103610 5.461556 0.562109
v 1.104000 5.459825 0.561719
v 1.103610 5.459435 0.559987
v 1.105732 5.459435 0.562109
v 1.105732 5.494556 0.559987
v 1.102732 5.491557 0.559987
v 1.105732 5.491557 0.562987
v 1.103610 5.493678 0.559987
v 1.104000 5.493289 0.561719
v 1.103610 5.491557 0.562109
v 1.105732 5.493678 0.562109
v 1.159732 5.461556 -0.494231
v 1.162732 5.461556 -0.491231
v 1.159732 5.458557 -0.491231
v 1.161853 5.461556 -0.493353
v 1.161464 5.459825 -0.492963
v 1.161853 5.459435 -0.491231
v 1.159732 5.459435 -0.493353
v 1.159732 5.494556 -0.491231
v 1.162732 5.491557 -0.491231
v 1.159732 5.491557 -0.494231
v 1.161853 5.493678 -0.491231
v 1.161464 5.493289 -0.492963
v 1.161853 5.491557 -0.493353
v 1.159732 5.493678 -0.493353
v 1.102732 5.461556 -0.491231
v 1.105732 5.461556 -0.494231
v 1.105732 5.458557 -0.491231
v 1.103610 5.461556 -0.493353
v 1.103999 5.459825 -0.492963
v 1.105732 5.459435 -0.493353
v 1.103610 5.459435 -0.491231
v 1.105732 5.494556 -0.491231
v 1.105732 5.491557 -0.494231
v 1.102732 5.491557 -0.491231
v 1.105732 5.493678 -0.493353
v 1.103999 5.493289 -0.492963
v 1.103610 5.491557 -0.493353
v 1.103610 5.493678 -0.491231
v 1.132732 5.461556 0.562987
v 1.132732 5.458557 0.559987
v 1.132732 5.459435 0.562109
v 1.132732 5.491557 0.562987
v 1.132732 5.494556 0.559987
v 1.132732 5.493678 0.562109
v 1.132732 5.461556 -0.494231
v 1.132732 5.458557 -0.491231
v 1.132732 5.459435 -0.493353
v 1.132732 5.491557 -0.494231
v 1.132732 5.494556 -0.491231
v 1.132732 5.493678 -0.493353
v 1.162732 5.491557 0.513954
v 1.159732 5.494556 0.513954
v 1.161853 5.493678 0.513954
v 1.162732 5.491557 -0.445194
v 1.159732 5.494556 -0.445194
v 1.161853 5.493678 -0.445194
v 1.162732 5.461556 -0.445194
v 1.159732 5.458557 -0.445194
v 1.161853 5.459435 -0.445194
v 1.162732 5.461556 0.513954
v 1.159732 5.458557 0.513954
v 1.161853 5.459435 0.513954
v 1.102732 5.461556 -0.448195
v 1.105732 5.458557 -0.448195
v 1.105732 5.461556 -0.445194
v 1.103610 5.459435 -0.448195
v 1.103999 5.459825 -0.446462
v 1.105732 5.459435 -0.446073
v 1.103610 5.461556 -0.446073
v 1.102732 5.491557 -0.448195
v 1.105732 5.491557 -0.445194
v 1.105732 5.494556 -0.448195
v 1.103610 5.491557 -0.446073
v 1.103999 5.493289 -0.446462
v 1.105732 5.493678 -0.446073
v 1.103610 5.493678 -0.448194
v 1.132732 5.491557 -0.442194
v 1.135732 5.494556 -0.448195
v 1.129732 5.491557 -0.445194
v 1.133610 5.493678 -0.445194
v 1.132732 5.493289 -0.445194
v 1.132732 5.493678 -0.446073
v 1.131853 5.491557 -0.444316
v 1.132732 5.461556 -0.442194
v 1.129732 5.461556 -0.445194
v 1.135732 5.458557 -0.448195
v 1.131853 5.461556 -0.444316
v 1.132732 5.459825 -0.445194
v 1.132732 5.459435 -0.446073
v 1.133610 5.459435 -0.445194
v 1.105732 5.458557 0.516954
v 1.102732 5.461556 0.516954
v 1.105732 5.461556 0.513954
v 1.103610 5.459435 0.516954
v 1.104000 5.459825 0.515222
v 1.103610 5.461556 0.514832
v 1.105732 5.459435 0.514832
v 1.132732 5.461556 0.510954
v 1.135732 5.458557 0.516954
v 1.129732 5.461556 0.513954
v 1.133610 5.459435 0.513954
v 1.132732 5.459825 0.513954
v 1.132732 5.459435 0.514832
v 1.131853 5.461556 0.513075
v 1.105732 5.494556 0.516954
v 1.105732 5.491557 0.513954
v 1.102732 5.491557 0.516954
v 1.105732 5.493678 0.514832
v 1.104000 5.493289 0.515222
v 1.103610 5.491557 0.514832
v 1.103610 5.493678 0.516954
v 1.129732 5.491557 0.513954
v 1.135732 5.494556 0.516954
v 1.132732 5.491557 0.510954
v 1.132732 5.493678 0.514832
v 1.132732 5.493289 0.513954
v 1.133610 5.493678 0.513954
v 1.131853 5.491557 0.513075
v 1.085551 5.525404 -1.281930
v 1.082551 5.528405 -1.281930
v 1.085551 5.528405 -1.278929
v 1.083429 5.526283 -1.281930
v 1.083819 5.526672 -1.280198
v 1.083430 5.528405 -1.279808
v 1.085551 5.526283 -1.279808
v 1.085276 5.528367 -3.263384
v 1.082276 5.528367 -3.260384
v 1.085276 5.525367 -3.260384
v 1.083155 5.528367 -3.262506
v 1.083544 5.526635 -3.262116
v 1.083155 5.526246 -3.260384
v 1.085276 5.526246 -3.262506
v 0.999991 5.418194 -1.174716
v 0.999991 5.421195 -1.171716
v 0.996991 5.421196 -1.174716
v 0.999991 5.419073 -1.172594
v 0.998259 5.419463 -1.172984
v 0.997870 5.421195 -1.172595
v 0.997870 5.419074 -1.174716
v 0.999656 5.418155 -3.367597
v 0.996656 5.421155 -3.367597
v 0.999655 5.421154 -3.370597
v 0.997535 5.419034 -3.367597
v 0.997924 5.419423 -3.369329
v 0.997534 5.421155 -3.369718
v 0.999656 5.419034 -3.369719
v 1.085551 7.032962 -1.278929
v 1.082551 7.032962 -1.281930
v 1.085551 7.035963 -1.281930
v 1.083430 7.032962 -1.279808
v 1.083819 7.034695 -1.280198
v 1.083429 7.035084 -1.281930
v 1.085551 7.035084 -1.279808
v 0.996991 7.140223 -1.174716
v 0.999991 7.140222 -1.171716
v 0.999991 7.143222 -1.174716
v 0.997870 7.140222 -1.172595
v 0.998259 7.141954 -1.172984
v 0.999991 7.142343 -1.172594
v 0.997870 7.142344 -1.174716
v 0.996656 7.140182 -3.367597
v 0.999656 7.143182 -3.367597
v 0.999655 7.140182 -3.370597
v 0.997535 7.142304 -3.367597
v 0.997924 7.141914 -3.369329
v 0.999656 7.142303 -3.369719
v 0.997534 7.140182 -3.369718
v 1.085276 7.032925 -3.263384
v 1.085276 7.035925 -3.260384
v 1.082276 7.032925 -3.260384
v 1.085276 7.035047 -3.262506
v 1.083544 7.034657 -3.262116
v 1.083155 7.035047 -3.260384
v 1.083155 7.032925 -3.262506
v 1.082262 7.143157 -3.367619
v 1.082261 7.140158 -3.370619
v 1.082261 7.142279 -3.369740
v 1.082261 5.421131 -3.370619
v 1.082262 5.418130 -3.367619
v 1.082261 5.419009 -3.369740
v 1.082566 5.418172 -1.174695
v 1.082566 5.421172 -1.171695
v 1.082566 5.419051 -1.172573
v 1.082566 7.140199 -1.171695
v 1.082566 7.143199 -1.174695
v 1.082566 7.142321 -1.172573
v 1.105915 7.140158 -3.370619
v 1.105916 7.143157 -3.367619
v 1.108916 7.140158 -3.367619
v 1.105915 7.142279 -3.369740
v 1.107648 7.141890 -3.369351
v 1.108037 7.142279 -3.367619
v 1.108037 7.140158 -3.369740
v 1.105916 5.418130 -3.367619
v 1.105915 5.421131 -3.370619
v 1.108916 5.421131 -3.367619
v 1.105915 5.419009 -3.369740
v 1.107648 5.419398 -3.369351
v 1.108037 5.421131 -3.369740
v 1.108037 5.419009 -3.367619
v 1.106220 5.421172 -1.171695
v 1.106220 5.418172 -1.174695
v 1.109220 5.421172 -1.174695
v 1.106220 5.419051 -1.172573
v 1.107952 5.419440 -1.172963
v 1.108341 5.419051 -1.174695
v 1.108341 5.421172 -1.172573
v 1.106220 7.140199 -1.171695
v 1.109220 7.140199 -1.174695
v 1.106220 7.143199 -1.174695
v 1.108341 7.140199 -1.172573
v 1.107952 7.141932 -1.172963
v 1.108341 7.142321 -1.174695
v 1.106220 7.142321 -1.172573
v 1.105930 7.032925 -3.263384
v 1.108930 7.038925 -3.266384
v 1.105930 7.035925 -3.260384
v 1.108051 7.035925 -3.264263
v 1.107662 7.035925 -3.263384
v 1.108051 7.036804 -3.263384
v 1.105930 7.035047 -3.262506
v 1.105930 5.525367 -3.260384
v 1.108930 5.522367 -3.266384
v 1.105930 5.528367 -3.263384
v 1.108051 5.524488 -3.263384
v 1.107662 5.525367 -3.263384
v 1.108051 5.525367 -3.264263
v 1.105930 5.526246 -3.262506
v 1.106205 5.528405 -1.278929
v 1.109205 5.522405 -1.275929
v 1.106205 5.525404 -1.281930
v 1.108327 5.525404 -1.278051
v 1.107937 5.525404 -1.278929
v 1.108326 5.524526 -1.278929
v 1.106205 5.526283 -1.279808
v 1.106205 7.032962 -1.278929
v 1.106205 7.035963 -1.281930
v 1.109205 7.038962 -1.275929
v 1.106205 7.035084 -1.279808
v 1.107937 7.035963 -1.278930
v 1.108326 7.036841 -1.278930
v 1.108327 7.035963 -1.278051
v 1.159732 5.458557 -1.740013
v 1.162732 5.461556 -1.740013
v 1.159732 5.461556 -1.737013
v 1.161853 5.459435 -1.740013
v 1.161464 5.459825 -1.738281
v 1.161853 5.461556 -1.737891
v 1.159732 5.459435 -1.737891
v 1.159732 5.491557 -1.737013
v 1.162732 5.491557 -1.740013
v 1.159732 5.494556 -1.740013
v 1.161853 5.491557 -1.737891
v 1.161464 5.493289 -1.738281
v 1.161853 5.493678 -1.740013
v 1.159732 5.493678 -1.737891
v 1.105732 5.461556 -1.737013
v 1.102732 5.461556 -1.740013
v 1.105732 5.458557 -1.740013
v 1.103610 5.461556 -1.737891
v 1.103999 5.459825 -1.738281
v 1.103610 5.459435 -1.740013
v 1.105732 5.459435 -1.737891
v 1.105732 5.494556 -1.740013
v 1.102732 5.491557 -1.740013
v 1.105732 5.491557 -1.737013
v 1.103610 5.493678 -1.740013
v 1.103999 5.493289 -1.738281
v 1.103610 5.491557 -1.737891
v 1.105732 5.493678 -1.737891
v 1.159732 5.461556 -2.794231
v 1.162732 5.461556 -2.791231
v 1.159732 5.458557 -2.791231
v 1.161853 5.461556 -2.793353
v 1.161464 5.459825 -2.792964
v 1.161853 5.459435 -2.791231
v 1.159732 5.459435 -2.793353
v 1.159732 5.494556 -2.791231
v 1.162732 5.491557 -2.791231
v 1.159732 5.491557 -2.794231
v 1.161853 5.493678 -2.791231
v 1.161464 5.493289 -2.792964
v 1.161853 5.491557 -2.793353
v 1.159732 5.493678 -2.793353
v 1.102732 5.461556 -2.791231
v 1.105732 5.461556 -2.794231
v 1.105732 5.458557 -2.791231
v 1.103610 5.461556 -2.793353
v 1.103999 5.459825 -2.792964
v 1.105732 5.459435 -2.793353
v 1.103610 5.459435 -2.791231
v 1.105732 5.494556 -2.791231
v 1.105732 5.491557 -2.794231
v 1.102732 5.491557 -2.791231
v 1.105732 5.493678 -2.793353
v 1.103999 5.493289 -2.792964
v 1.103610 5.491557 -2.793353
v 1.103610 5.493678 -2.791231
v 1.132732 5.461556 -1.737013
v 1.132732 5.458557 -1.740013
v 1.132732 5.459435 -1.737891
v 1.132732 5.491557 -1.737013
v 1.132732 5.494556 -1.740013
v 1.132732 5.493678 -1.737891
v 1.132732 5.461556 -2.794231
v 1.132732 5.458557 -2.791231
v 1.132732 5.459435 -2.793353
v 1.132732 5.491557 -2.794231
v 1.132732 5.494556 -2.791231
v 1.132732 5.493678 -2.793353
v 1.162732 5.491557 -1.786046
v 1.159732 5.494556 -1.786046
v 1.161853 5.493678 -1.786046
v 1.162732 5.491557 -2.745194
v 1.159732 5.494556 -2.745194
v 1.161853 5.493678 -2.745194
v 1.162732 5.461556 -2.745194
v 1.159732 5.458557 -2.745194
v 1.161853 5.459435 -2.745194
v 1.162732 5.461556 -1.786046
v 1.159732 5.458557 -1.786046
v 1.161853 5.459435 -1.786046
v 1.102732 5.461556 -2.748194
v 1.105732 5.458557 -2.748194
v 1.105732 5.461556 -2.745194
v 1.103610 5.459435 -2.748194
v 1.103999 5.459825 -2.746462
v 1.105732 5.459435 -2.746073
v 1.103610 5.461556 -2.746073
v 1.102732 5.491557 -2.748194
v 1.105732 5.491557 -2.745194
v 1.105732 5.494556 -2.748194
v 1.103610 5.491557 -2.746073
v 1.103999 5.493289 -2.746462
v 1.105732 5.493678 -2.746073
v 1.103610 5.493678 -2.748194
v 1.132732 5.491557 -2.742195
v 1.135732 5.494556 -2.748194
v 1.129732 5.491557 -2.745194
v 1.133610 5.493678 -2.745194
v 1.132732 5.493289 -2.745194
v 1.132732 5.493678 -2.746073
v 1.131853 5.491557 -2.744316
v 1.132732 5.461556 -2.742195
v 1.129732 5.461556 -2.745194
v 1.135732 5.458557 -2.748194
v 1.131853 5.461556 -2.744316
v 1.132732 5.459825 -2.745194
v 1.132732 5.459435 -2.746073
v 1.133610 5.459435 -2.745194
v 1.105732 5.458557 -1.783046
v 1.102732 5.461556 -1.783046
v 1.105732 5.461556 -1.786046
v 1.103610 5.459435 -1.783046
v 1.103999 5.459825 -1.784778
v 1.103610 5.461556 -1.785167
v 1.105732 5.459435 -1.785167
v 1.132732 5.461556 -1.789046
v 1.135732 5.458557 -1.783046
v 1.129732 5.461556 -1.786046
v 1.133610 5.459435 -1.786046
v 1.132732 5.459825 -1.786046
v 1.132732 5.459435 -1.785168
v 1.131853 5.461556 -1.786925
v 1.105732 5.494556 -1.783046
v 1.105732 5.491557 -1.786046
v 1.102732 5.491557 -1.783046
v 1.105732 5.493678 -1.785167
v 1.103999 5.493289 -1.784778
v 1.103610 5.491557 -1.785167
v 1.103610 5.493678 -1.783046
v 1.129732 5.491557 -1.786046
v 1.135732 5.494556 -1.783046
v 1.132732 5.491557 -1.789046
v 1.132732 5.493678 -1.785168
v 1.132732 5.493289 -1.786046
v 1.133610 5.493678 -1.786046
v 1.131853 5.491557 -1.786925
vn -0.0000 -0.0000 1.0000
vn -1.0000 -0.0000 -0.0000
vn -0.0000 -0.0000 -1.0000
vn 1.0000 -0.0000 -0.0000
vn -0.0000 -1.0000 -0.0000
vn -0.0000 1.0000 -0.0000
vn -1.0000 -0.0000 0.0002
vn -0.0002 -0.0000 1.0000
vn -0.0003 -0.0000 -1.0000
vn 1.0000 -0.0000 -0.0001
vn -0.0000 -0.9808 0.1951
vn -0.0507 -0.9974 -0.0507
vn 0.1950 -0.9808 -0.0000
vn 0.1794 -0.9673 0.1793
vn -0.0003 -1.0000 -0.0000
vn 0.0003 1.0000 -0.0000
vn -0.1794 0.9673 -0.1793
vn -0.1794 0.9673 0.1794
vn -0.0000 0.9808 0.1951
vn -0.0507 0.9974 -0.0507
vn -0.0507 0.9974 0.0507
vn -0.0000 0.9808 -0.1951
vn 0.1951 0.9808 -0.0000
vn 0.1793 0.9673 -0.1793
vn 0.1952 0.9808 -0.0000
vn 0.1794 0.9673 0.1794
vn -0.0000 -0.1950 -0.9808
vn -0.0000 0.1951 -0.9808
vn 0.1793 0.1794 -0.9673
vn 0.1793 -0.1794 -0.9673
vn -0.1793 -0.1793 -0.9673
vn -0.1793 0.1793 -0.9673
vn 0.9673 -0.1794 -0.1793
vn 0.9673 0.1794 -0.1793
vn 0.9808 0.1951 -0.0000
vn 0.9808 -0.1951 -0.0000
vn -0.9673 -0.1794 0.1794
vn -0.9673 0.1794 0.1794
vn -0.9673 0.1794 -0.1793
vn -0.9673 -0.1794 -0.1793
vn -0.1794 -0.9673 0.1794
vn -0.1794 -0.9673 -0.1793
vn -0.0000 -0.9808 -0.1950
vn -0.0507 -0.9974 0.0507
vn 0.9673 -0.1793 0.1794
vn 0.9673 0.1794 0.1794
vn -0.1794 -0.9673 0.1793
vn -0.0000 -0.1951 0.9808
vn -0.0000 0.1951 0.9808
vn -0.1794 0.1794 0.9673
vn -0.1794 -0.1794 0.9673
vn 0.1794 -0.9673 -0.1793
vn -0.9556 0.2514 0.1535
vn -0.9556 -0.2514 0.1535
vn -0.9556 -0.2514 -0.1535
vn -0.9556 0.2514 -0.1535
vn -0.1794 0.1794 -0.9673
vn -0.1535 0.2513 -0.9557
vn -0.1535 -0.2513 -0.9557
vn -0.1794 -0.1794 -0.9673
vn -0.9673 0.1794 -0.1794
vn -0.9673 -0.1794 -0.1794
vn 0.1793 -0.1794 0.9673
vn 0.1794 0.1794 0.9673
vn -0.1535 -0.2514 0.9556
vn -0.1535 0.2515 0.9556
vn 0.3251 0.8880 -0.3251
vn 0.8881 0.3249 -0.3251
vn 0.3250 0.3251 -0.8881
vn 0.3249 0.3250 0.8882
vn 0.8881 0.3251 0.3251
vn 0.3252 0.8880 0.3249
vn -0.3254 -0.8880 0.3250
vn -0.3254 -0.3248 0.8880
vn -0.8880 -0.3250 0.3252
vn -0.3252 -0.8880 -0.3250
vn -0.8882 -0.3250 -0.3249
vn -0.3253 -0.3252 -0.8880
vn 0.3250 -0.3252 -0.8881
vn 0.8881 -0.3250 -0.3252
vn 0.3252 -0.8880 -0.3250
vn -0.8881 0.3250 0.3252
vn -0.3252 0.3248 0.8881
vn -0.3247 0.8882 0.3251
vn -0.8881 0.3251 -0.3250
vn -0.3248 0.8881 -0.3251
vn -0.3251 0.3252 -0.8880
vn 0.3250 -0.3249 0.8882
vn 0.3250 -0.8881 0.3249
vn 0.8881 -0.3250 0.3250
vn 0.3249 0.3251 -0.8881
vn 0.3252 0.8880 -0.3251
vn 0.8880 0.3251 -0.3253
vn 0.3253 -0.8880 -0.3251
vn 0.3250 -0.3251 -0.8881
vn 0.8880 -0.3250 -0.3252
vn 0.3251 -0.3249 0.8881
vn 0.3249 -0.8881 0.3251
vn 0.8881 -0.3251 0.3250
vn 0.3252 0.3248 0.8881
vn 0.8881 0.3250 0.3250
vn 0.3251 0.8881 0.3250
vn 0.6779 -0.3912 0.6224
vn 0.9582 -0.2023 0.2024
vn 0.6780 -0.6223 0.3912
vn 0.6777 0.6226 0.3913
vn 0.9581 0.2025 0.2024
vn 0.6779 0.3913 0.6224
vn 0.6779 0.3912 -0.6224
vn 0.9581 0.2025 -0.2026
vn 0.6776 0.6226 -0.3915
vn 0.6779 -0.3912 -0.6224
vn 0.6776 -0.6226 -0.3915
vn 0.9581 -0.2024 -0.2026
vn 0.6965 -0.6965 0.1726
vn 0.5773 -0.5773 0.5774
vn 0.1726 -0.6965 0.6965
vn 0.6965 -0.1726 0.6965
vn 0.6965 0.1725 0.6965
vn 0.5773 0.5773 0.5774
vn 0.1726 0.6965 0.6965
vn 0.6965 0.6965 0.1726
vn -0.6965 -0.1726 0.6965
vn -0.5774 -0.5773 0.5774
vn -0.1726 -0.6965 0.6965
vn -0.6965 -0.6965 0.1726
vn -0.6965 0.6965 0.1726
vn -0.5773 0.5774 0.5773
vn -0.1726 0.6965 0.6965
vn -0.6965 0.1726 0.6965
vn 0.6965 -0.1726 -0.6965
vn 0.5774 -0.5774 -0.5773
vn 0.1726 -0.6965 -0.6965
vn 0.6965 -0.6965 -0.1725
vn 0.6965 0.6965 -0.1726
vn 0.5773 0.5774 -0.5773
vn 0.1725 0.6965 -0.6965
vn 0.6965 0.1726 -0.6965
vn -0.6965 -0.1726 -0.6965
vn -0.5774 -0.5773 -0.5773
vn -0.6965 -0.6965 -0.1725
vn -0.1726 -0.6965 -0.6965
vn -0.1725 0.6965 -0.6965
vn -0.5773 0.5774 -0.5773
vn -0.6965 0.6965 -0.1725
vn -0.6965 0.1726 -0.6965
vn -0.5773 0.5774 0.5774
vn -0.4402 0.8862 0.1446
vn -0.4523 0.7687 0.4523
vn -0.6462 0.4062 0.6461
vn -0.1445 0.8862 0.4403
vn -0.6462 -0.4062 0.6461
vn -0.4524 -0.7686 0.4524
vn -0.4402 -0.8862 0.1446
vn -0.1445 -0.8862 0.4402
vn -0.5774 -0.5774 -0.5773
vn -0.1726 -0.6966 -0.6964
vn -0.4403 -0.8861 -0.1446
vn -0.4525 -0.7685 -0.4525
vn -0.6461 -0.4061 -0.6462
vn -0.1447 -0.8862 -0.4402
vn -0.1726 0.6965 -0.6965
vn -0.5773 0.5775 -0.5772
vn -0.6965 0.1727 -0.6965
vn -0.1446 0.8861 -0.4403
vn -0.4525 0.7685 -0.4524
vn -0.6462 0.4061 -0.6462
vn -0.4404 0.8861 -0.1446
vn -0.0004 -0.3828 -0.9238
vn -0.0004 -0.9239 -0.3827
vn -0.0003 -0.3826 0.9239
vn -0.0003 -0.9239 0.3827
vn -0.3829 -0.0000 0.9238
vn -0.9238 -0.0000 0.3828
vn -0.9239 -0.0000 -0.3826
vn -0.3829 -0.0000 -0.9238
vn 0.0002 0.9239 -0.3826
vn -0.0001 0.3828 -0.9238
vn 0.0002 0.9239 0.3826
vn -0.0001 0.3826 0.9239
vn -0.9239 -0.3827 0.0001
vn -0.3831 -0.9237 0.0001
vn -0.3825 0.9240 -0.0000
vn -0.9238 0.3828 0.0001
vn 0.9239 -0.0000 0.3826
vn 0.3826 -0.0000 0.9239
vn 0.9239 0.3825 -0.0001
vn 0.3825 0.9239 -0.0001
vn 0.9239 -0.0000 -0.3828
vn 0.3827 -0.0000 -0.9239
vn 0.3829 -0.9238 -0.0000
vn 0.9238 -0.3828 -0.0001
vn -0.0000 -0.3828 0.9238
vn -0.0000 -0.9238 0.3829
vn -0.0000 -0.3827 -0.9239
vn -0.0000 -0.9238 -0.3828
vn -0.0000 0.3826 0.9239
vn -0.0000 0.9239 0.3825
vn -0.0000 0.3828 -0.9238
vn -0.0000 0.9238 -0.3828
vn 0.9238 -0.0000 -0.3828
vn 0.9239 -0.3827 -0.0001
vn 0.9239 -0.0000 0.3827
vn 0.3828 -0.0000 0.9239
vn 0.3824 0.9240 -0.0001
vn 0.9239 0.3827 -0.0001
vn 0.3829 -0.0000 0.9238
vn 0.3826 0.9239 -0.0001
vn 0.9239 0.3826 -0.0001
vn 0.3824 -0.9240 -0.0000
vn -0.0000 0.9239 -0.3826
vn -0.0000 0.3827 -0.9239
vn -0.0000 -0.3828 -0.9238
vn -0.0000 -0.9239 0.3825
vn -0.0000 -0.3826 0.9239
vn -0.0000 0.3827 0.9239
vn -0.0000 0.9239 0.3827
vn -0.0000 -0.7071 0.7071
vn -0.0000 0.7071 0.7071
vn -0.0000 -0.7071 -0.7071
vn -0.0000 0.7071 -0.7071
vn 0.7071 -0.7071 -0.0000
vn 0.7071 0.7071 -0.0000
vn -0.0003 -0.0000 1.0000
vn -0.0000 -0.9808 0.1950
vn -0.1794 0.9673 -0.1794
vn -0.1793 0.9673 -0.1794
vn -0.1793 0.9673 0.1794
vn 0.1794 0.9673 -0.1794
vn -0.0000 -0.1951 -0.9808
vn 0.1794 0.1794 -0.9673
vn 0.9673 -0.1794 -0.1794
vn 0.9673 0.1794 -0.1794
vn -0.9673 -0.1793 0.1794
vn -0.9673 0.1794 0.1793
vn -0.1793 -0.9673 0.1793
vn -0.1793 -0.9673 -0.1793
vn 0.9673 -0.1794 0.1794
vn -0.0000 -0.1950 0.9808
vn -0.1794 0.1793 0.9673
vn -0.1794 -0.1793 0.9673
vn -0.1535 0.2514 -0.9556
vn -0.1535 -0.2514 -0.9556
vn 0.1794 -0.1793 0.9673
vn -0.1535 0.2514 0.9556
vn 0.3250 0.8881 -0.3250
vn 0.8881 0.3249 -0.3250
vn 0.3249 0.3249 -0.8882
vn 0.3250 0.3251 0.8881
vn 0.8881 0.3251 0.3250
vn 0.3253 0.8880 0.3250
vn -0.3255 -0.8879 0.3251
vn -0.3255 -0.3249 0.8880
vn -0.8881 -0.3250 0.3251
vn -0.3254 -0.8880 -0.3250
vn -0.8881 -0.3251 -0.3249
vn -0.3253 -0.3251 -0.8880
vn 0.3249 -0.3248 -0.8882
vn 0.8881 -0.3250 -0.3251
vn -0.8880 0.3251 0.3252
vn -0.3251 0.3249 0.8881
vn -0.3248 0.8881 0.3251
vn -0.3247 0.8882 -0.3251
vn -0.3252 0.3251 -0.8880
vn 0.3251 -0.3250 0.8881
vn 0.3251 -0.8881 0.3249
vn 0.3251 0.8881 -0.3251
vn 0.3250 -0.3250 -0.8881
vn 0.3251 -0.3251 0.8880
vn 0.3249 -0.8882 0.3250
vn 0.8881 -0.3251 0.3249
vn 0.3252 0.3250 0.8880
vn 0.3251 0.8881 0.3249
vn 0.6777 -0.3914 0.6224
vn 0.9582 -0.2023 0.2023
vn 0.6778 -0.6225 0.3913
vn 0.6778 0.6225 0.3913
vn 0.9581 0.2024 0.2024
vn 0.6778 0.3914 0.6224
vn 0.6778 0.3911 -0.6226
vn 0.9581 0.2026 -0.2027
vn 0.6777 0.6225 -0.3915
vn 0.6778 -0.3911 -0.6226
vn 0.6776 -0.6225 -0.3915
vn 0.5774 -0.5773 0.5773
vn 0.6965 0.1726 0.6965
vn 0.5773 0.5774 0.5773
vn -0.5774 -0.5773 0.5773
vn -0.5774 0.5774 0.5773
vn 0.5774 -0.5773 -0.5774
vn 0.6965 -0.6965 -0.1726
vn -0.5773 -0.5773 -0.5774
vn -0.6965 -0.6965 -0.1726
vn -0.5773 0.5774 -0.5774
vn -0.6965 0.6965 -0.1726
vn -0.5773 -0.5773 0.5774
vn -0.1725 -0.6965 0.6965
vn -0.1725 0.6965 0.6965
vn -0.4402 0.8862 0.1445
vn -0.4523 0.7686 0.4523
vn -0.6461 0.4062 0.6462
vn -0.1446 0.8862 0.4402
vn -0.6462 -0.4061 0.6461
vn -0.4525 -0.7685 0.4524
vn -0.4402 -0.8862 0.1445
vn -0.4404 -0.8861 -0.1445
vn -0.4525 -0.7685 -0.4524
vn -0.6462 -0.4061 -0.6461
vn -0.5774 0.5774 -0.5773
vn -0.1446 0.8862 -0.4402
vn -0.4524 0.7686 -0.4523
vn -0.6462 0.4062 -0.6461
vn -0.4403 0.8861 -0.1445
vn -0.0004 -0.3826 -0.9239
vn -0.0003 -0.3828 0.9239
vn -0.3827 -0.0000 0.9239
vn -0.9239 -0.0000 0.3828
vn -0.9239 -0.0000 -0.3825
vn -0.0001 0.3826 -0.9239
vn -0.0001 0.3827 0.9239
vn -0.9239 -0.3826 0.0001
vn -0.3828 -0.9238 0.0001
vn -0.3826 0.9239 -0.0000
vn -0.9238 0.3829 0.0001
vn 0.3827 -0.0000 0.9239
vn 0.3825 -0.0000 -0.9239
vn 0.3827 -0.9239 -0.0000
vn 0.9239 -0.3826 -0.0001
vn -0.0000 -0.9238 0.3828
vn -0.0000 -0.9239 -0.3827
vn -0.0000 0.3826 -0.9239
vn -0.0000 0.9239 -0.3827
vn 0.3828 -0.9238 -0.0000
vn 0.3829 0.9238 -0.0001
vn 0.9239 -0.0000 -0.3827
vn 0.3826 -0.9239 -0.0000
vn -0.0000 -0.3826 -0.9239
vn -0.0000 0.9239 0.3826
vn 0.1793 0.9673 -0.1794
vn 0.9673 -0.1793 0.1793
vn 0.9673 0.1794 0.1793
vn -0.1793 -0.1794 0.9673
vn 0.3249 0.8881 -0.3251
vn 0.3250 0.3249 -0.8881
vn 0.3250 0.3250 0.8881
vn -0.3254 -0.3250 0.8880
vn -0.8880 -0.3251 0.3252
vn -0.3253 -0.8880 -0.3250
vn -0.3253 -0.3250 -0.8880
vn 0.3249 -0.3249 -0.8882
vn 0.3250 -0.8881 -0.3251
vn -0.3252 0.3250 0.8880
vn -0.3249 0.8881 0.3251
vn -0.3250 0.8881 -0.3251
vn 0.3252 -0.3250 0.8881
vn 0.3249 -0.8882 0.3249
vn 0.8881 -0.3250 0.3249
vn 0.3250 0.8881 -0.3251
vn 0.8880 0.3251 -0.3251
vn 0.3251 -0.3250 -0.8881
vn 0.8880 -0.3251 -0.3251
vn 0.3251 -0.3251 0.8881
vn 0.3248 -0.8882 0.3251
vn 0.8881 0.3250 0.3249
vn 0.6778 -0.3914 0.6224
vn 0.9582 -0.2023 0.2022
vn 0.6779 -0.6224 0.3912
vn 0.6777 0.6225 0.3913
vn 0.9582 0.2025 0.2023
vn 0.6777 0.3913 -0.6226
vn 0.9581 0.2024 -0.2026
vn 0.6775 0.6227 -0.3915
vn 0.6778 -0.3912 -0.6225
vn 0.6775 -0.6227 -0.3915
vn 0.9581 -0.2024 -0.2025
vn 0.6965 -0.6965 0.1725
vn 0.5774 -0.5773 0.5774
vn 0.5773 0.5774 0.5774
vn 0.1725 0.6965 0.6965
vn 0.5774 -0.5773 -0.5773
vn -0.5774 -0.5773 -0.5774
vn -0.6965 -0.6965 0.1725
vn -0.4524 0.7686 0.4523
vn -0.4403 -0.8861 -0.1445
vn -0.4524 -0.7685 -0.4524
vn -0.6461 -0.4062 -0.6462
vn -0.1446 -0.8862 -0.4402
vn -0.1445 0.8862 -0.4402
vn -0.4523 0.7686 -0.4524
vn -0.6461 0.4062 -0.6462
vn -0.4402 0.8862 -0.1446
vn -0.0004 -0.3827 -0.9239
vn -0.0003 -0.3827 0.9239
vn -0.3828 -0.0000 0.9238
vn -0.9240 -0.0000 -0.3825
vn -0.0001 0.3827 -0.9239
vn -0.3829 -0.9238 0.0001
vn 0.3828 -0.0000 0.9238
vn 0.3826 -0.0000 -0.9239
vn -0.0000 -0.3827 0.9239
vn -0.0000 -0.9239 0.3827
vn 0.3827 0.9239 -0.0001
vn -0.0000 0.9239 -0.3825
vn -0.0000 -0.9239 0.3826
vn -0.0000 -0.7072 0.7071
vn 0.1793 -0.9673 0.1793
vn 0.1950 0.9808 -0.0000
vn 0.1793 0.9673 0.1794
vn 0.1793 -0.1793 -0.9673
vn 0.9673 -0.1794 0.1793
vn -0.9673 -0.1794 0.1793
vn 0.1794 -0.1794 0.9673
vn 0.3252 0.8880 -0.3250
vn 0.8881 0.3250 -0.3251
vn 0.3252 0.3251 -0.8880
vn 0.3252 0.8881 0.3249
vn -0.3256 -0.8879 0.3250
vn -0.8880 -0.3251 0.3253
vn -0.8882 -0.3250 -0.3248
vn -0.3252 0.3249 0.8881
vn -0.3248 0.8882 -0.3251
vn 0.3252 -0.3249 0.8881
vn 0.3250 -0.8882 0.3248
vn 0.3250 -0.3249 -0.8882
vn 0.3250 -0.8881 0.3250
vn 0.9582 -0.2024 0.2023
vn 0.9581 0.2026 0.2025
vn 0.6776 0.3913 -0.6227
vn 0.9581 0.2025 -0.2027
vn 0.6776 0.6225 -0.3915
vn 0.6776 -0.3913 -0.6227
vn 0.6777 -0.6225 -0.3915
vn 0.9582 -0.2023 -0.2025
vn 0.5773 -0.5774 0.5773
vn 0.5773 0.5775 0.5773
vn 0.6965 0.6965 0.1725
vn -0.5774 -0.5774 0.5773
vn -0.6964 -0.6966 0.1725
vn -0.6965 0.6966 0.1726
vn 0.6965 0.6965 -0.1725
vn 0.5773 0.5775 -0.5773
vn -0.6965 -0.1725 0.6965
vn -0.5773 0.5773 0.5774
vn -0.1445 0.8862 0.4402
vn -0.6964 -0.6965 -0.1726
vn -0.5773 -0.5774 -0.5774
vn -0.1725 -0.6966 -0.6964
vn -0.6462 -0.4061 -0.6462
vn -0.1725 0.6966 -0.6965
vn -0.6965 0.1726 -0.6964
vn -0.4403 0.8862 -0.1445
vn -0.0004 -0.9238 -0.3828
vn 0.0002 0.9239 -0.3827
vn -0.9238 -0.3828 0.0001
vn -0.9239 0.3826 0.0001
vt 0.640019 0.320010
vt 0.640019 0.000000
vt 0.960028 0.000000
vt 0.960028 0.320010
vt 0.320010 0.320010
vt -0.000000 0.320010
vt 0.000000 0.000000
vt 0.320010 0.000000
vt 0.320010 0.320010
vt 0.320010 0.000000
vt 0.320010 0.640021
vt 0.000000 0.640021
vt 0.000000 0.320010
vt 0.320010 0.320010
vt 0.959685 0.320010
vt 0.959685 0.640021
vt 0.640019 0.640021
vt 0.640019 0.320010
vt 0.320355 0.640022
vt 0.320355 0.320011
vt 0.640019 0.320010
vt 0.640019 0.640021
vt 0.562341 0.898868
vt 0.562341 0.967092
vt 0.559029 0.967090
vt 0.559029 0.898866
vt 0.474356 0.899057
vt 0.474356 0.641050
vt 0.477672 0.641050
vt 0.477672 0.899057
vt 0.564401 0.640385
vt 0.640019 0.640391
vt 0.640019 0.935177
vt 0.564401 0.935170
vt 0.934054 0.935325
vt 0.934054 0.640539
vt 0.937851 0.640539
vt 0.937851 0.935325
vt 0.977221 0.615310
vt 0.963964 0.615314
vt 0.963964 0.320529
vt 0.977221 0.320525
vt 0.920792 0.935320
vt 0.920792 0.640535
vt 0.999518 0.321039
vt 0.999518 0.579047
vt 0.996202 0.579047
vt 0.996202 0.321039
vt 0.316061 0.942535
vt 0.316061 0.866915
vt 0.319854 0.866912
vt 0.319854 0.942532
vt 0.960167 0.615314
vt 0.960167 0.320529
vt 0.564401 0.898392
vt 0.496177 0.898398
vt 0.496177 0.640391
vt 0.564401 0.640384
vt 0.072129 0.657745
vt 0.003491 0.657751
vt 0.000000 0.640392
vt 0.075620 0.640384
vt 0.072129 0.917810
vt 0.075620 0.935170
vt 0.747377 0.898762
vt 0.746896 0.900246
vt 0.743047 0.900349
vt 0.743047 0.898762
vt 0.003491 0.917816
vt 0.000000 0.935177
vt 0.531286 0.974393
vt 0.518039 0.974385
vt 0.518039 0.898765
vt 0.531281 0.898774
vt 0.514245 0.974382
vt 0.514245 0.898762
vt 0.302813 0.942542
vt 0.302818 0.866924
vt 0.789736 0.900246
vt 0.789736 0.898762
vt 0.794066 0.898762
vt 0.794547 0.900246
vt 0.789736 0.935012
vt 0.789736 0.933528
vt 0.794547 0.933528
vt 0.794066 0.935012
vt 0.798396 0.933424
vt 0.798396 0.935012
vt 0.798396 0.900349
vt 0.798396 0.898762
vt 0.879426 0.903579
vt 0.874281 0.903579
vt 0.874281 0.899244
vt 0.879426 0.899244
vt 0.879426 0.907913
vt 0.874281 0.907913
vt 0.838171 0.935012
vt 0.833026 0.935012
vt 0.833026 0.933424
vt 0.838171 0.933424
vt 0.472390 0.651401
vt 0.472390 0.646257
vt 0.473874 0.646257
vt 0.473874 0.651401
vt 0.751707 0.933528
vt 0.751707 0.935012
vt 0.747377 0.935012
vt 0.746896 0.933528
vt 0.838171 0.898762
vt 0.838171 0.900349
vt 0.833026 0.900349
vt 0.833026 0.898762
vt 0.751707 0.898762
vt 0.751707 0.900246
vt 0.885599 0.903578
vt 0.880455 0.903578
vt 0.880455 0.899243
vt 0.885599 0.899243
vt 0.743047 0.933424
vt 0.743047 0.935012
vt 0.856515 0.898865
vt 0.861659 0.898865
vt 0.861659 0.931733
vt 0.856515 0.931733
vt 0.880422 0.908909
vt 0.884275 0.908909
vt 0.884275 0.914054
vt 0.880422 0.914054
vt 0.472390 0.669017
vt 0.472390 0.663873
vt 0.473874 0.663873
vt 0.473874 0.669017
vt 0.885599 0.907913
vt 0.880455 0.907913
vt 0.874731 0.914054
vt 0.874731 0.908909
vt 0.878584 0.908909
vt 0.878584 0.914054
vt 0.474356 0.899571
vt 0.474015 0.899421
vt 0.474078 0.899354
vt 0.474356 0.899421
vt 0.473874 0.899057
vt 0.474015 0.899057
vt 0.999859 0.579047
vt 0.999796 0.579344
vt 0.999518 0.579410
vt 1.000000 0.579047
vt 0.999859 0.579410
vt 0.999518 0.579561
vt 0.977221 0.615825
vt 0.977221 0.615674
vt 0.977499 0.615607
vt 0.977561 0.615674
vt 0.977562 0.615310
vt 0.977703 0.615310
vt 0.920792 0.935835
vt 0.920452 0.935684
vt 0.920514 0.935617
vt 0.920792 0.935684
vt 0.920311 0.935320
vt 0.920451 0.935320
vt 0.474015 0.641050
vt 0.474078 0.640753
vt 0.474356 0.640686
vt 0.473874 0.641050
vt 0.474015 0.640686
vt 0.474356 0.640535
vt 0.977703 0.320525
vt 0.977562 0.320525
vt 0.977499 0.320228
vt 0.977561 0.320161
vt 0.977221 0.320161
vt 0.977221 0.320010
vt 0.920311 0.640535
vt 0.920452 0.640171
vt 0.920514 0.640238
vt 0.920451 0.640535
vt 0.920792 0.640021
vt 0.920792 0.640171
vt 0.999518 0.320676
vt 0.999796 0.320742
vt 0.999859 0.321039
vt 0.999518 0.320525
vt 0.999859 0.320676
vt 1.000000 0.321039
vt 0.937852 0.640176
vt 0.938130 0.640242
vt 0.938192 0.640539
vt 0.937852 0.640025
vt 0.938192 0.640176
vt 0.938334 0.640539
vt 0.937852 0.935839
vt 0.937852 0.935688
vt 0.938130 0.935622
vt 0.938192 0.935688
vt 0.938192 0.935325
vt 0.938334 0.935325
vt 0.960167 0.615678
vt 0.959888 0.615611
vt 0.959826 0.615314
vt 0.960166 0.615828
vt 0.959826 0.615678
vt 0.959685 0.615314
vt 0.959826 0.320529
vt 0.959888 0.320232
vt 0.960167 0.320165
vt 0.959685 0.320529
vt 0.959826 0.320165
vt 0.960166 0.320014
vt 0.995862 0.320525
vt 0.995924 0.320525
vt 0.996202 0.320676
vt 0.003594 0.658115
vt 0.003594 0.658266
vt 0.003564 0.658266
vt 0.996202 0.320525
vt 0.995862 0.320374
vt 0.996202 0.579561
vt 0.995862 0.579712
vt 0.995924 0.579561
vt 0.996202 0.579410
vt 0.003564 0.917302
vt 0.003594 0.917302
vt 0.003594 0.917453
vt 0.995862 0.579561
vt 0.478013 0.899571
vt 0.477950 0.899571
vt 0.477672 0.899421
vt 0.072026 0.917446
vt 0.072025 0.917296
vt 0.072056 0.917296
vt 0.477672 0.899571
vt 0.478012 0.899722
vt 0.477672 0.640686
vt 0.477950 0.640535
vt 0.478013 0.640535
vt 0.477672 0.640535
vt 0.478012 0.640385
vt 0.072056 0.658259
vt 0.072025 0.658259
vt 0.072026 0.658109
vt 0.886114 0.907913
vt 0.885963 0.908254
vt 0.885896 0.908191
vt 0.885963 0.907913
vt 0.885599 0.908395
vt 0.885599 0.908253
vt 0.880455 0.908253
vt 0.880158 0.908191
vt 0.880091 0.907913
vt 0.880455 0.908395
vt 0.880091 0.908254
vt 0.879940 0.907913
vt 0.885599 0.898903
vt 0.885896 0.898965
vt 0.885963 0.899243
vt 0.885599 0.898762
vt 0.885963 0.898903
vt 0.886114 0.899244
vt 0.879940 0.899244
vt 0.880091 0.898903
vt 0.880158 0.898965
vt 0.880091 0.899243
vt 0.880455 0.898762
vt 0.880455 0.898903
vt 0.879426 0.898903
vt 0.879723 0.898966
vt 0.879790 0.899244
vt 0.879426 0.898762
vt 0.879790 0.898903
vt 0.879940 0.899244
vt 0.873767 0.899244
vt 0.873918 0.898903
vt 0.873984 0.898966
vt 0.873918 0.899244
vt 0.874281 0.898762
vt 0.874281 0.898903
vt 0.879426 0.908395
vt 0.879426 0.908254
vt 0.879723 0.908191
vt 0.879790 0.908254
vt 0.879790 0.907913
vt 0.879940 0.907913
vt 0.873767 0.907913
vt 0.873918 0.907913
vt 0.873984 0.908191
vt 0.873918 0.908254
vt 0.874281 0.908254
vt 0.874281 0.908395
vt 0.879065 0.914054
vt 0.878924 0.914417
vt 0.878862 0.914351
vt 0.878924 0.914054
vt 0.878583 0.914568
vt 0.878584 0.914417
vt 0.879065 0.908909
vt 0.878924 0.908909
vt 0.878862 0.908612
vt 0.878924 0.908545
vt 0.878584 0.908545
vt 0.878583 0.908395
vt 0.874249 0.908909
vt 0.874108 0.908545
vt 0.874249 0.908612
vt 0.874390 0.908909
vt 0.873767 0.908395
vt 0.874249 0.908545
vt 0.874249 0.914054
vt 0.874390 0.914054
vt 0.874249 0.914351
vt 0.874108 0.914417
vt 0.874249 0.914417
vt 0.873767 0.914568
vt 0.880422 0.914568
vt 0.880081 0.914418
vt 0.880144 0.914351
vt 0.880422 0.914418
vt 0.879940 0.914054
vt 0.880081 0.914054
vt 0.884756 0.914054
vt 0.884898 0.914418
vt 0.884756 0.914351
vt 0.884615 0.914054
vt 0.885238 0.914568
vt 0.884757 0.914418
vt 0.880422 0.908395
vt 0.880422 0.908545
vt 0.880144 0.908612
vt 0.880081 0.908545
vt 0.880081 0.908909
vt 0.879940 0.908909
vt 0.884757 0.908545
vt 0.884756 0.908612
vt 0.884615 0.908909
vt 0.885238 0.908395
vt 0.884898 0.908545
vt 0.884756 0.908909
vt 0.934054 0.935688
vt 0.934054 0.935839
vt 0.963964 0.615678
vt 0.963964 0.615828
vt 0.934054 0.640025
vt 0.934054 0.640176
vt 0.963964 0.320014
vt 0.963964 0.320165
vt 0.640019 0.935540
vt 0.564401 0.935534
vt 0.531615 0.898774
vt 0.531620 0.974393
vt 0.302480 0.942543
vt 0.302485 0.866924
vt 0.564401 0.640021
vt 0.640019 0.640028
vt 0.564401 0.898756
vt 0.496177 0.898762
vt 0.806756 0.967092
vt 0.806756 0.898868
vt 0.807104 0.898868
vt 0.807104 0.967092
vt 0.562688 0.898868
vt 0.562688 0.967092
vt 0.496177 0.640027
vt 0.564401 0.640021
vt 0.075620 0.935534
vt 0.000000 0.935541
vt 0.513898 0.974382
vt 0.513898 0.898762
vt 0.320202 0.866912
vt 0.320202 0.942532
vt 0.000000 0.640028
vt 0.075620 0.640021
vt 0.995720 0.580076
vt 0.995720 0.320010
vt 0.810416 0.967090
vt 0.810416 0.898866
vt 0.810763 0.898762
vt 0.810763 0.967193
vt 0.478154 0.640021
vt 0.478154 0.900086
vt 0.558682 0.967193
vt 0.558682 0.898762
vt 0.886114 0.903578
vt 0.885963 0.903578
vt 0.879940 0.903578
vt 0.880091 0.903578
vt 0.752040 0.898762
vt 0.752040 0.900246
vt 0.473874 0.669381
vt 0.472390 0.669381
vt 0.789402 0.935012
vt 0.789402 0.933528
vt 0.472390 0.645893
vt 0.473874 0.645893
vt 0.879790 0.903579
vt 0.873767 0.903578
vt 0.873918 0.903579
vt 0.742700 0.935012
vt 0.742700 0.933424
vt 0.838534 0.933424
vt 0.838534 0.935012
vt 0.798743 0.898762
vt 0.798743 0.900349
vt 0.832662 0.900349
vt 0.832662 0.898762
vt 0.798743 0.933424
vt 0.832662 0.933424
vt 0.798743 0.935012
vt 0.832662 0.935012
vt 0.742700 0.900349
vt 0.838534 0.900349
vt 0.742700 0.898762
vt 0.838534 0.898762
vt 0.752040 0.933528
vt 0.752040 0.935012
vt 0.473874 0.651765
vt 0.472390 0.651765
vt 0.747229 0.900349
vt 0.747229 0.933424
vt 0.862023 0.898762
vt 0.862023 0.931837
vt 0.789402 0.900246
vt 0.789402 0.898762
vt 0.472390 0.663509
vt 0.473874 0.663509
vt 0.856151 0.931837
vt 0.856151 0.898762
vt 0.794214 0.933424
vt 0.794214 0.900349
vt 0.814423 0.898868
vt 0.814423 0.967092
vt 0.811111 0.967090
vt 0.811111 0.898866
vt 0.978528 0.259036
vt 0.978528 0.001029
vt 0.981844 0.001029
vt 0.981844 0.259036
vt 0.320355 0.640385
vt 0.395974 0.640392
vt 0.395974 0.935177
vt 0.320355 0.935171
vt 0.952077 0.935325
vt 0.952077 0.640539
vt 0.955874 0.640539
vt 0.955874 0.935325
vt 0.995239 0.615310
vt 0.981982 0.615314
vt 0.981982 0.320529
vt 0.995239 0.320525
vt 0.938815 0.935321
vt 0.938815 0.640535
vt 0.994684 0.001029
vt 0.994684 0.259036
vt 0.991368 0.259036
vt 0.991368 0.001029
vt 0.316061 0.791274
vt 0.316061 0.715654
vt 0.319854 0.715651
vt 0.319854 0.791271
vt 0.978184 0.615314
vt 0.978184 0.320529
vt 0.783862 0.898392
vt 0.715638 0.898398
vt 0.715638 0.640391
vt 0.783862 0.640384
vt 0.298989 0.657745
vt 0.230351 0.657751
vt 0.226860 0.640392
vt 0.302480 0.640384
vt 0.298989 0.917810
vt 0.302480 0.935170
vt 0.554018 0.898762
vt 0.553537 0.900246
vt 0.549688 0.900349
vt 0.549688 0.898762
vt 0.230351 0.917816
vt 0.226860 0.935177
vt 0.549008 0.974392
vt 0.535760 0.974385
vt 0.535760 0.898765
vt 0.549003 0.898774
vt 0.531967 0.974382
vt 0.531967 0.898762
vt 0.302813 0.791282
vt 0.302818 0.715663
vt 0.780395 0.900246
vt 0.780395 0.898762
vt 0.784725 0.898762
vt 0.785206 0.900246
vt 0.780395 0.935012
vt 0.780395 0.933528
vt 0.785206 0.933528
vt 0.784725 0.935012
vt 0.789055 0.933424
vt 0.789055 0.935012
vt 0.789055 0.900349
vt 0.789055 0.898762
vt 0.891773 0.903579
vt 0.886628 0.903579
vt 0.886628 0.899244
vt 0.891773 0.899244
vt 0.891773 0.907913
vt 0.886628 0.907913
vt 0.832299 0.935012
vt 0.827154 0.935012
vt 0.827154 0.933424
vt 0.832299 0.933424
vt 0.472390 0.657273
vt 0.472390 0.652129
vt 0.473874 0.652129
vt 0.473874 0.657273
vt 0.558348 0.933528
vt 0.558348 0.935012
vt 0.554018 0.935012
vt 0.553537 0.933528
vt 0.832299 0.898762
vt 0.832299 0.900349
vt 0.827154 0.900349
vt 0.827154 0.898762
vt 0.558348 0.898762
vt 0.558348 0.900246
vt 0.897946 0.903578
vt 0.892802 0.903578
vt 0.892802 0.899243
vt 0.897946 0.899243
vt 0.549688 0.933424
vt 0.549688 0.935012
vt 0.868259 0.898865
vt 0.873403 0.898865
vt 0.873403 0.931733
vt 0.868259 0.931733
vt 0.886595 0.908909
vt 0.890448 0.908909
vt 0.890448 0.914054
vt 0.886595 0.914054
vt 0.472390 0.674889
vt 0.472390 0.669745
vt 0.473874 0.669745
vt 0.473874 0.674889
vt 0.897946 0.907913
vt 0.892802 0.907913
vt 0.892375 0.914054
vt 0.892375 0.908909
vt 0.896229 0.908909
vt 0.896229 0.914054
vt 0.978528 0.259551
vt 0.978187 0.259400
vt 0.978250 0.259333
vt 0.978528 0.259400
vt 0.978046 0.259036
vt 0.978188 0.259036
vt 0.995024 0.259036
vt 0.994962 0.259333
vt 0.994684 0.259400
vt 0.995166 0.259036
vt 0.995025 0.259400
vt 0.994684 0.259551
vt 0.995239 0.615825
vt 0.995239 0.615674
vt 0.995517 0.615607
vt 0.995579 0.615674
vt 0.995580 0.615310
vt 0.995720 0.615310
vt 0.938815 0.935835
vt 0.938475 0.935684
vt 0.938537 0.935618
vt 0.938815 0.935684
vt 0.938334 0.935320
vt 0.938474 0.935320
vt 0.978188 0.001029
vt 0.978250 0.000732
vt 0.978528 0.000665
vt 0.978046 0.001029
vt 0.978187 0.000665
vt 0.978528 0.000514
vt 0.995720 0.320525
vt 0.995580 0.320525
vt 0.995517 0.320228
vt 0.995579 0.320161
vt 0.995239 0.320161
vt 0.995239 0.320010
vt 0.938334 0.640535
vt 0.938475 0.640171
vt 0.938537 0.640238
vt 0.938474 0.640535
vt 0.938815 0.640021
vt 0.938815 0.640172
vt 0.994684 0.000665
vt 0.994962 0.000732
vt 0.995024 0.001029
vt 0.994684 0.000514
vt 0.995025 0.000665
vt 0.995166 0.001029
vt 0.955875 0.640176
vt 0.956153 0.640242
vt 0.956215 0.640539
vt 0.955875 0.640025
vt 0.956215 0.640176
vt 0.956356 0.640539
vt 0.955875 0.935839
vt 0.955875 0.935688
vt 0.956153 0.935622
vt 0.956215 0.935688
vt 0.956215 0.935325
vt 0.956356 0.935325
vt 0.978184 0.615678
vt 0.977906 0.615611
vt 0.977844 0.615314
vt 0.978184 0.615828
vt 0.977844 0.615678
vt 0.977703 0.615314
vt 0.977844 0.320529
vt 0.977906 0.320232
vt 0.978184 0.320165
vt 0.977703 0.320529
vt 0.977844 0.320165
vt 0.978184 0.320014
vt 0.991027 0.000514
vt 0.991090 0.000514
vt 0.991368 0.000665
vt 0.230454 0.658115
vt 0.230454 0.658266
vt 0.230424 0.658266
vt 0.991368 0.000514
vt 0.991027 0.000364
vt 0.991368 0.259551
vt 0.991027 0.259701
vt 0.991090 0.259551
vt 0.991368 0.259400
vt 0.230424 0.917302
vt 0.230454 0.917302
vt 0.230454 0.917453
vt 0.991027 0.259551
vt 0.982185 0.259551
vt 0.982122 0.259551
vt 0.981844 0.259400
vt 0.298885 0.917446
vt 0.298885 0.917296
vt 0.298916 0.917296
vt 0.981844 0.259551
vt 0.982185 0.259701
vt 0.981844 0.000665
vt 0.982122 0.000514
vt 0.982185 0.000514
vt 0.981844 0.000514
vt 0.982185 0.000364
vt 0.298916 0.658259
vt 0.298885 0.658259
vt 0.298885 0.658109
vt 0.898461 0.907913
vt 0.898310 0.908254
vt 0.898243 0.908191
vt 0.898310 0.907913
vt 0.897946 0.908395
vt 0.897946 0.908253
vt 0.892802 0.908253
vt 0.892505 0.908191
vt 0.892438 0.907913
vt 0.892802 0.908395
vt 0.892438 0.908254
vt 0.892287 0.907913
vt 0.897946 0.898903
vt 0.898243 0.898965
vt 0.898310 0.899243
vt 0.897946 0.898762
vt 0.898310 0.898903
vt 0.898461 0.899244
vt 0.892287 0.899244
vt 0.892438 0.898903
vt 0.892505 0.898965
vt 0.892438 0.899243
vt 0.892802 0.898762
vt 0.892802 0.898903
vt 0.891773 0.898903
vt 0.892070 0.898966
vt 0.892137 0.899244
vt 0.891773 0.898762
vt 0.892137 0.898903
vt 0.892287 0.899244
vt 0.886114 0.899244
vt 0.886265 0.898903
vt 0.886331 0.898966
vt 0.886265 0.899244
vt 0.886628 0.898762
vt 0.886628 0.898903
vt 0.891773 0.908395
vt 0.891773 0.908254
vt 0.892070 0.908191
vt 0.892137 0.908254
vt 0.892137 0.907913
vt 0.892287 0.907913
vt 0.886114 0.907913
vt 0.886265 0.907913
vt 0.886331 0.908191
vt 0.886265 0.908254
vt 0.886628 0.908254
vt 0.886628 0.908395
vt 0.896710 0.914054
vt 0.896569 0.914418
vt 0.896507 0.914351
vt 0.896569 0.914054
vt 0.896228 0.914568
vt 0.896228 0.914418
vt 0.896710 0.908909
vt 0.896569 0.908909
vt 0.896507 0.908612
vt 0.896569 0.908545
vt 0.896228 0.908545
vt 0.896228 0.908395
vt 0.891894 0.908909
vt 0.891753 0.908545
vt 0.891894 0.908612
vt 0.892035 0.908909
vt 0.891412 0.908395
vt 0.891894 0.908545
vt 0.891894 0.914054
vt 0.892035 0.914054
vt 0.891894 0.914351
vt 0.891753 0.914418
vt 0.891894 0.914418
vt 0.891412 0.914568
vt 0.886595 0.914568
vt 0.886255 0.914418
vt 0.886317 0.914351
vt 0.886595 0.914418
vt 0.886114 0.914054
vt 0.886255 0.914054
vt 0.890930 0.914054
vt 0.891071 0.914418
vt 0.890930 0.914351
vt 0.890789 0.914054
vt 0.891412 0.914568
vt 0.890930 0.914418
vt 0.886595 0.908395
vt 0.886595 0.908545
vt 0.886317 0.908612
vt 0.886255 0.908545
vt 0.886255 0.908909
vt 0.886114 0.908909
vt 0.890930 0.908545
vt 0.890930 0.908612
vt 0.890789 0.908909
vt 0.891412 0.908395
vt 0.891071 0.908545
vt 0.890930 0.908909
vt 0.952077 0.935688
vt 0.952077 0.935839
vt 0.981982 0.615678
vt 0.981982 0.615828
vt 0.952077 0.640025
vt 0.952077 0.640176
vt 0.981982 0.320014
vt 0.981982 0.320165
vt 0.395974 0.935541
vt 0.320355 0.935534
vt 0.549336 0.898774
vt 0.549341 0.974393
vt 0.302480 0.791282
vt 0.302485 0.715663
vt 0.320355 0.640022
vt 0.395974 0.640028
vt 0.783862 0.898756
vt 0.715638 0.898762
vt 0.798743 0.967092
vt 0.798743 0.898868
vt 0.799090 0.898868
vt 0.799090 0.967092
vt 0.814770 0.898868
vt 0.814770 0.967092
vt 0.715638 0.640027
vt 0.783862 0.640021
vt 0.302480 0.935534
vt 0.226860 0.935541
vt 0.531620 0.974382
vt 0.531620 0.898762
vt 0.320202 0.715651
vt 0.320202 0.791271
vt 0.226860 0.640028
vt 0.302480 0.640021
vt 0.990886 0.260065
vt 0.990886 0.000000
vt 0.802402 0.967090
vt 0.802402 0.898866
vt 0.802750 0.898762
vt 0.802750 0.967193
vt 0.982326 0.000000
vt 0.982326 0.260065
vt 0.810763 0.967193
vt 0.810763 0.898762
vt 0.898461 0.903578
vt 0.898310 0.903578
vt 0.892287 0.903578
vt 0.892438 0.903578
vt 0.558682 0.898762
vt 0.558682 0.900246
vt 0.473874 0.675253
vt 0.472390 0.675253
vt 0.780062 0.935012
vt 0.780062 0.933528
vt 0.473874 0.651765
vt 0.892287 0.903578
vt 0.892137 0.903579
vt 0.886265 0.903579
vt 0.549341 0.935012
vt 0.549341 0.933424
vt 0.832662 0.935012
vt 0.789402 0.898762
vt 0.789402 0.900349
vt 0.826790 0.900349
vt 0.826790 0.898762
vt 0.789402 0.933424
vt 0.826790 0.933424
vt 0.789402 0.935012
vt 0.826790 0.935012
vt 0.549341 0.900349
vt 0.549341 0.898762
vt 0.558682 0.933528
vt 0.558682 0.935012
vt 0.473874 0.657637
vt 0.472390 0.657637
vt 0.553870 0.900349
vt 0.553870 0.933424
vt 0.873767 0.898762
vt 0.873767 0.931837
vt 0.780062 0.900246
vt 0.780062 0.898762
vt 0.472390 0.669381
vt 0.473874 0.669381
vt 0.867895 0.931837
vt 0.867895 0.898762
vt 0.784873 0.933424
vt 0.784873 0.900349
vt 0.818430 0.898868
vt 0.818430 0.967092
vt 0.815117 0.967090
vt 0.815117 0.898866
vt 0.982808 0.259036
vt 0.982808 0.001029
vt 0.986124 0.001029
vt 0.986124 0.259036
vt 0.395974 0.640385
vt 0.471592 0.640392
vt 0.471592 0.935177
vt 0.395974 0.935171
vt 0.491897 0.935325
vt 0.491897 0.640539
vt 0.495695 0.640539
vt 0.495695 0.935325
vt 0.977565 0.295300
vt 0.964308 0.295304
vt 0.964308 0.000518
vt 0.977565 0.000514
vt 0.478635 0.935321
vt 0.478635 0.640535
vt 0.996195 0.641050
vt 0.996195 0.899057
vt 0.992879 0.899057
vt 0.992879 0.641050
vt 0.316061 0.715643
vt 0.316061 0.640023
vt 0.319854 0.640021
vt 0.319854 0.715641
vt 0.960510 0.295304
vt 0.960510 0.000518
vt 0.852086 0.898392
vt 0.783862 0.898398
vt 0.783862 0.640391
vt 0.852086 0.640384
vt 0.147749 0.657745
vt 0.079111 0.657751
vt 0.075620 0.640392
vt 0.151240 0.640384
vt 0.147749 0.917810
vt 0.151240 0.935170
vt 0.756718 0.898762
vt 0.756237 0.900246
vt 0.752388 0.900349
vt 0.752388 0.898762
vt 0.079111 0.917816
vt 0.075620 0.935177
vt 0.733026 0.974393
vt 0.719779 0.974385
vt 0.719779 0.898765
vt 0.733021 0.898774
vt 0.715985 0.974382
vt 0.715985 0.898762
vt 0.302813 0.715651
vt 0.302818 0.640033
vt 0.733692 0.900246
vt 0.733692 0.898762
vt 0.738023 0.898762
vt 0.738504 0.900246
vt 0.733692 0.935012
vt 0.733692 0.933528
vt 0.738504 0.933528
vt 0.738023 0.935012
vt 0.742353 0.933424
vt 0.742353 0.935012
vt 0.742353 0.900349
vt 0.742353 0.898762
vt 0.904120 0.903579
vt 0.898975 0.903579
vt 0.898975 0.899244
vt 0.904120 0.899244
vt 0.904120 0.907913
vt 0.898975 0.907913
vt 0.844043 0.935012
vt 0.838898 0.935012
vt 0.838898 0.933424
vt 0.844043 0.933424
vt 0.472390 0.645529
vt 0.472390 0.640385
vt 0.473874 0.640385
vt 0.473874 0.645529
vt 0.761048 0.933528
vt 0.761048 0.935012
vt 0.756718 0.935012
vt 0.756237 0.933528
vt 0.844043 0.898762
vt 0.844043 0.900349
vt 0.838898 0.900349
vt 0.838898 0.898762
vt 0.761048 0.898762
vt 0.761048 0.900246
vt 0.477639 0.904902
vt 0.472495 0.904902
vt 0.472495 0.900567
vt 0.477639 0.900567
vt 0.752388 0.933424
vt 0.752388 0.935012
vt 0.850643 0.898865
vt 0.855787 0.898865
vt 0.855787 0.931733
vt 0.850643 0.931733
vt 0.898942 0.908909
vt 0.902795 0.908909
vt 0.902795 0.914054
vt 0.898942 0.914054
vt 0.472390 0.680761
vt 0.472390 0.675617
vt 0.473874 0.675617
vt 0.473874 0.680761
vt 0.477639 0.909237
vt 0.472495 0.909237
vt 0.905598 0.914054
vt 0.905598 0.908909
vt 0.909451 0.908909
vt 0.909451 0.914054
vt 0.982808 0.259551
vt 0.982467 0.259400
vt 0.982530 0.259333
vt 0.982808 0.259400
vt 0.982326 0.259036
vt 0.982468 0.259036
vt 0.996535 0.899057
vt 0.996473 0.899354
vt 0.996195 0.899421
vt 0.996677 0.899057
vt 0.996536 0.899421
vt 0.996195 0.899571
vt 0.977565 0.295814
vt 0.977565 0.295664
vt 0.977843 0.295597
vt 0.977905 0.295663
vt 0.977905 0.295300
vt 0.978046 0.295300
vt 0.478636 0.935835
vt 0.478295 0.935684
vt 0.478357 0.935617
vt 0.478635 0.935684
vt 0.478154 0.935320
vt 0.478295 0.935320
vt 0.982468 0.001029
vt 0.982530 0.000732
vt 0.982808 0.000665
vt 0.982326 0.001029
vt 0.982467 0.000665
vt 0.982808 0.000514
vt 0.978046 0.000514
vt 0.977905 0.000514
vt 0.977843 0.000217
vt 0.977905 0.000151
vt 0.977565 0.000151
vt 0.977565 0.000000
vt 0.478154 0.640535
vt 0.478295 0.640171
vt 0.478357 0.640238
vt 0.478295 0.640535
vt 0.478636 0.640021
vt 0.478635 0.640171
vt 0.996195 0.640686
vt 0.996473 0.640753
vt 0.996535 0.641050
vt 0.996195 0.640535
vt 0.996536 0.640686
vt 0.996677 0.641050
vt 0.495695 0.640176
vt 0.495973 0.640242
vt 0.496035 0.640539
vt 0.495695 0.640025
vt 0.496036 0.640176
vt 0.496177 0.640539
vt 0.495695 0.935839
vt 0.495695 0.935688
vt 0.495973 0.935622
vt 0.496036 0.935688
vt 0.496035 0.935325
vt 0.496177 0.935325
vt 0.960510 0.295667
vt 0.960232 0.295601
vt 0.960170 0.295304
vt 0.960510 0.295818
vt 0.960169 0.295667
vt 0.960028 0.295304
vt 0.960170 0.000518
vt 0.960232 0.000221
vt 0.960510 0.000155
vt 0.960028 0.000518
vt 0.960169 0.000155
vt 0.960510 0.000004
vt 0.992538 0.640535
vt 0.992601 0.640535
vt 0.992879 0.640686
vt 0.079214 0.658115
vt 0.079214 0.658266
vt 0.079184 0.658266
vt 0.992879 0.640535
vt 0.992538 0.640384
vt 0.992879 0.899571
vt 0.992538 0.899722
vt 0.992601 0.899571
vt 0.992879 0.899421
vt 0.079184 0.917302
vt 0.079214 0.917302
vt 0.079214 0.917453
vt 0.992538 0.899571
vt 0.986465 0.259551
vt 0.986402 0.259551
vt 0.986124 0.259400
vt 0.147645 0.917446
vt 0.147645 0.917296
vt 0.147676 0.917296
vt 0.986124 0.259551
vt 0.986465 0.259701
vt 0.986124 0.000665
vt 0.986402 0.000514
vt 0.986465 0.000514
vt 0.986124 0.000514
vt 0.986465 0.000364
vt 0.147676 0.658259
vt 0.147645 0.658259
vt 0.147645 0.658109
vt 0.478154 0.909237
vt 0.478003 0.909578
vt 0.477936 0.909515
vt 0.478003 0.909237
vt 0.477639 0.909719
vt 0.477639 0.909577
vt 0.472495 0.909577
vt 0.472198 0.909515
vt 0.472131 0.909237
vt 0.472495 0.909719
vt 0.472131 0.909578
vt 0.471980 0.909237
vt 0.477639 0.900227
vt 0.477936 0.900289
vt 0.478003 0.900567
vt 0.477639 0.900086
vt 0.478003 0.900227
vt 0.478154 0.900568
vt 0.471980 0.900568
vt 0.472131 0.900227
vt 0.472198 0.900289
vt 0.472131 0.900567
vt 0.472495 0.900086
vt 0.472495 0.900227
vt 0.904120 0.898903
vt 0.904417 0.898966
vt 0.904484 0.899244
vt 0.904120 0.898762
vt 0.904484 0.898903
vt 0.904634 0.899244
vt 0.898461 0.899244
vt 0.898612 0.898903
vt 0.898678 0.898966
vt 0.898612 0.899244
vt 0.898975 0.898762
vt 0.898975 0.898903
vt 0.904120 0.908395
vt 0.904120 0.908254
vt 0.904417 0.908191
vt 0.904484 0.908254
vt 0.904484 0.907913
vt 0.904634 0.907913
vt 0.898461 0.907913
vt 0.898612 0.907913
vt 0.898678 0.908191
vt 0.898612 0.908254
vt 0.898975 0.908254
vt 0.898975 0.908395
vt 0.909932 0.914054
vt 0.909791 0.914417
vt 0.909729 0.914351
vt 0.909791 0.914054
vt 0.909451 0.914568
vt 0.909451 0.914417
vt 0.909932 0.908909
vt 0.909791 0.908909
vt 0.909729 0.908612
vt 0.909791 0.908545
vt 0.909451 0.908545
vt 0.909451 0.908395
vt 0.905117 0.908909
vt 0.904975 0.908545
vt 0.905116 0.908612
vt 0.905257 0.908909
vt 0.904634 0.908395
vt 0.905116 0.908545
vt 0.905117 0.914054
vt 0.905257 0.914054
vt 0.905116 0.914351
vt 0.904975 0.914417
vt 0.905116 0.914417
vt 0.904634 0.914568
vt 0.898942 0.914568
vt 0.898602 0.914418
vt 0.898664 0.914351
vt 0.898942 0.914418
vt 0.898461 0.914054
vt 0.898602 0.914054
vt 0.903277 0.914054
vt 0.903418 0.914418
vt 0.903277 0.914351
vt 0.903136 0.914054
vt 0.903759 0.914568
vt 0.903277 0.914418
vt 0.898942 0.908395
vt 0.898942 0.908545
vt 0.898664 0.908612
vt 0.898602 0.908545
vt 0.898602 0.908909
vt 0.898461 0.908909
vt 0.903277 0.908545
vt 0.903277 0.908612
vt 0.903136 0.908909
vt 0.903759 0.908395
vt 0.903418 0.908545
vt 0.903277 0.908909
vt 0.491897 0.935688
vt 0.491898 0.935839
vt 0.964308 0.295667
vt 0.964308 0.295818
vt 0.491898 0.640025
vt 0.491897 0.640176
vt 0.964308 0.000004
vt 0.964308 0.000155
vt 0.471592 0.935541
vt 0.395974 0.935534
vt 0.733354 0.898774
vt 0.733359 0.974393
vt 0.302480 0.715651
vt 0.302485 0.640033
vt 0.395974 0.640022
vt 0.471592 0.640028
vt 0.852086 0.898756
vt 0.783862 0.898762
vt 0.822784 0.967092
vt 0.822784 0.898868
vt 0.823131 0.898868
vt 0.823131 0.967092
vt 0.818777 0.898868
vt 0.818777 0.967092
vt 0.783862 0.640027
vt 0.852086 0.640021
vt 0.151240 0.935534
vt 0.075620 0.935541
vt 0.715638 0.974382
vt 0.715638 0.898762
vt 0.320202 0.640021
vt 0.320202 0.715641
vt 0.075620 0.640028
vt 0.151240 0.640021
vt 0.992397 0.900086
vt 0.992397 0.640021
vt 0.826443 0.967090
vt 0.826443 0.898866
vt 0.826790 0.898762
vt 0.826790 0.967193
vt 0.986606 0.000000
vt 0.986606 0.260065
vt 0.814770 0.967193
vt 0.814770 0.898762
vt 0.478154 0.904902
vt 0.478003 0.904902
vt 0.471980 0.904902
vt 0.472131 0.904902
vt 0.761381 0.898762
vt 0.761381 0.900246
vt 0.473874 0.681125
vt 0.472390 0.681125
vt 0.733359 0.935012
vt 0.733359 0.933528
vt 0.472390 0.640021
vt 0.473874 0.640021
vt 0.904634 0.903578
vt 0.904484 0.903579
vt 0.898461 0.903578
vt 0.898612 0.903579
vt 0.752040 0.935012
vt 0.752040 0.933424
vt 0.844407 0.933424
vt 0.844407 0.935012
vt 0.742700 0.898762
vt 0.742700 0.900349
vt 0.838535 0.900349
vt 0.838535 0.898762
vt 0.742700 0.933424
vt 0.838535 0.933424
vt 0.742700 0.935012
vt 0.838535 0.935012
vt 0.752040 0.900349
vt 0.844407 0.900349
vt 0.752040 0.898762
vt 0.844407 0.898762
vt 0.761381 0.933528
vt 0.761381 0.935012
vt 0.473874 0.645893
vt 0.472390 0.645893
vt 0.756570 0.900349
vt 0.756570 0.933424
vt 0.733359 0.900246
vt 0.733359 0.898762
vt 0.472390 0.675253
vt 0.473874 0.675253
vt 0.850279 0.931837
vt 0.850279 0.898762
vt 0.738170 0.933424
vt 0.738170 0.900349
vt 0.822436 0.898868
vt 0.822436 0.967092
vt 0.819124 0.967090
vt 0.819124 0.898866
vt 0.987088 0.259036
vt 0.987088 0.001029
vt 0.990404 0.001029
vt 0.990404 0.259036
vt 0.640019 0.640385
vt 0.715638 0.640391
vt 0.715638 0.935177
vt 0.640019 0.935170
vt 0.970100 0.935325
vt 0.970100 0.640539
vt 0.973897 0.640539
vt 0.973897 0.935325
vt 0.991916 0.935320
vt 0.978659 0.935324
vt 0.978659 0.640539
vt 0.991916 0.640535
vt 0.956838 0.935320
vt 0.956838 0.640535
vt 0.998963 0.001029
vt 0.998963 0.259036
vt 0.995648 0.259036
vt 0.995648 0.001029
vt 0.316061 0.866904
vt 0.316061 0.791284
vt 0.319854 0.791282
vt 0.319854 0.866902
vt 0.974861 0.935324
vt 0.974861 0.640539
vt 0.920311 0.898392
vt 0.852086 0.898398
vt 0.852086 0.640391
vt 0.920311 0.640384
vt 0.223369 0.657745
vt 0.154731 0.657751
vt 0.151240 0.640392
vt 0.226860 0.640384
vt 0.223369 0.917810
vt 0.226860 0.935170
vt 0.766058 0.898762
vt 0.765577 0.900246
vt 0.761728 0.900349
vt 0.761728 0.898762
vt 0.154731 0.917816
vt 0.151240 0.935177
vt 0.513565 0.974392
vt 0.500317 0.974385
vt 0.500317 0.898765
vt 0.513560 0.898774
vt 0.496524 0.974382
vt 0.496524 0.898762
vt 0.302813 0.866912
vt 0.302818 0.791294
vt 0.771055 0.900246
vt 0.771055 0.898762
vt 0.775385 0.898762
vt 0.775866 0.900246
vt 0.771055 0.935012
vt 0.771055 0.933528
vt 0.775866 0.933528
vt 0.775385 0.935012
vt 0.779715 0.933424
vt 0.779715 0.935012
vt 0.779715 0.900349
vt 0.779715 0.898762
vt 0.910293 0.903579
vt 0.905149 0.903579
vt 0.905149 0.899244
vt 0.910293 0.899244
vt 0.910293 0.907913
vt 0.905149 0.907913
vt 0.849915 0.935012
vt 0.844770 0.935012
vt 0.844770 0.933424
vt 0.849915 0.933424
vt 0.472390 0.663145
vt 0.472390 0.658001
vt 0.473874 0.658001
vt 0.473874 0.663145
vt 0.770388 0.933528
vt 0.770388 0.935012
vt 0.766058 0.935012
vt 0.765577 0.933528
vt 0.849915 0.898762
vt 0.849915 0.900349
vt 0.844770 0.900349
vt 0.844770 0.898762
vt 0.770388 0.898762
vt 0.770388 0.900246
vt 0.916467 0.903578
vt 0.911322 0.903578
vt 0.911322 0.899243
vt 0.916467 0.899243
vt 0.761728 0.933424
vt 0.761728 0.935012
vt 0.862387 0.898865
vt 0.867531 0.898865
vt 0.867531 0.931733
vt 0.862387 0.931733
vt 0.910414 0.908909
vt 0.914267 0.908909
vt 0.914267 0.914054
vt 0.910414 0.914054
vt 0.472390 0.686634
vt 0.472390 0.681489
vt 0.473874 0.681489
vt 0.473874 0.686634
vt 0.916467 0.907913
vt 0.911322 0.907913
vt 0.472944 0.915378
vt 0.472944 0.910233
vt 0.476797 0.910233
vt 0.476797 0.915378
vt 0.987088 0.259551
vt 0.986747 0.259400
vt 0.986810 0.259333
vt 0.987088 0.259400
vt 0.986606 0.259036
vt 0.986747 0.259036
vt 0.999304 0.259036
vt 0.999242 0.259333
vt 0.998964 0.259400
vt 0.999445 0.259036
vt 0.999304 0.259400
vt 0.998964 0.259551
vt 0.991915 0.935835
vt 0.991916 0.935684
vt 0.992194 0.935617
vt 0.992256 0.935684
vt 0.992256 0.935320
vt 0.992397 0.935320
vt 0.956838 0.935835
vt 0.956497 0.935684
vt 0.956560 0.935617
vt 0.956838 0.935684
vt 0.956356 0.935320
vt 0.956497 0.935320
vt 0.986747 0.001029
vt 0.986810 0.000732
vt 0.987088 0.000665
vt 0.986606 0.001029
vt 0.986747 0.000665
vt 0.987088 0.000514
vt 0.992397 0.640535
vt 0.992256 0.640535
vt 0.992194 0.640238
vt 0.992256 0.640171
vt 0.991916 0.640171
vt 0.991915 0.640021
vt 0.956356 0.640535
vt 0.956497 0.640171
vt 0.956560 0.640238
vt 0.956497 0.640535
vt 0.956838 0.640021
vt 0.956838 0.640171
vt 0.998964 0.000665
vt 0.999242 0.000732
vt 0.999304 0.001029
vt 0.998964 0.000514
vt 0.999304 0.000665
vt 0.999445 0.001029
vt 0.973897 0.640176
vt 0.974175 0.640242
vt 0.974238 0.640539
vt 0.973898 0.640025
vt 0.974238 0.640176
vt 0.974379 0.640539
vt 0.973898 0.935839
vt 0.973897 0.935688
vt 0.974175 0.935622
vt 0.974238 0.935688
vt 0.974238 0.935325
vt 0.974379 0.935325
vt 0.974861 0.935688
vt 0.974583 0.935621
vt 0.974520 0.935324
vt 0.974861 0.935839
vt 0.974520 0.935688
vt 0.974379 0.935324
vt 0.974520 0.640539
vt 0.974583 0.640242
vt 0.974861 0.640175
vt 0.974379 0.640539
vt 0.974520 0.640175
vt 0.974861 0.640025
vt 0.995307 0.000514
vt 0.995369 0.000514
vt 0.995648 0.000665
vt 0.154834 0.658115
vt 0.154834 0.658266
vt 0.154804 0.658266
vt 0.995648 0.000514
vt 0.995307 0.000364
vt 0.995648 0.259551
vt 0.995307 0.259701
vt 0.995369 0.259551
vt 0.995648 0.259400
vt 0.154804 0.917302
vt 0.154834 0.917302
vt 0.154834 0.917453
vt 0.995307 0.259551
vt 0.990745 0.259551
vt 0.990682 0.259551
vt 0.990404 0.259400
vt 0.223265 0.917446
vt 0.223265 0.917296
vt 0.223296 0.917296
vt 0.990404 0.259551
vt 0.990745 0.259701
vt 0.990404 0.000665
vt 0.990682 0.000514
vt 0.990745 0.000514
vt 0.990404 0.000514
vt 0.990745 0.000364
vt 0.223296 0.658259
vt 0.223265 0.658259
vt 0.223265 0.658109
vt 0.916981 0.907913
vt 0.916830 0.908254
vt 0.916764 0.908191
vt 0.916830 0.907913
vt 0.916467 0.908395
vt 0.916467 0.908253
vt 0.911322 0.908253
vt 0.911025 0.908191
vt 0.910958 0.907913
vt 0.911322 0.908395
vt 0.910958 0.908254
vt 0.910808 0.907913
vt 0.916467 0.898903
vt 0.916764 0.898965
vt 0.916830 0.899243
vt 0.916467 0.898762
vt 0.916830 0.898903
vt 0.916981 0.899244
vt 0.910808 0.899244
vt 0.910958 0.898903
vt 0.911025 0.898965
vt 0.910958 0.899243
vt 0.911322 0.898762
vt 0.911322 0.898903
vt 0.910293 0.898903
vt 0.910590 0.898966
vt 0.910657 0.899244
vt 0.910293 0.898762
vt 0.910657 0.898903
vt 0.910808 0.899244
vt 0.904634 0.899244
vt 0.904785 0.898903
vt 0.904852 0.898966
vt 0.904785 0.899244
vt 0.905149 0.898762
vt 0.905149 0.898903
vt 0.910293 0.908395
vt 0.910293 0.908254
vt 0.910590 0.908191
vt 0.910657 0.908254
vt 0.910657 0.907913
vt 0.910808 0.907913
vt 0.904634 0.907913
vt 0.904785 0.907913
vt 0.904852 0.908191
vt 0.904785 0.908254
vt 0.905149 0.908254
vt 0.905149 0.908395
vt 0.477278 0.915378
vt 0.477137 0.915741
vt 0.477075 0.915675
vt 0.477138 0.915378
vt 0.476797 0.915892
vt 0.476797 0.915741
vt 0.477278 0.910233
vt 0.477138 0.910233
vt 0.477075 0.909936
vt 0.477137 0.909869
vt 0.476797 0.909869
vt 0.476797 0.909719
vt 0.472463 0.910233
vt 0.472321 0.909869
vt 0.472462 0.909936
vt 0.472604 0.910233
vt 0.471980 0.909719
vt 0.472462 0.909869
vt 0.472463 0.915378
vt 0.472604 0.915378
vt 0.472462 0.915675
vt 0.472321 0.915741
vt 0.472462 0.915741
vt 0.471980 0.915892
vt 0.910414 0.914568
vt 0.910073 0.914417
vt 0.910136 0.914351
vt 0.910414 0.914417
vt 0.909932 0.914054
vt 0.910073 0.914054
vt 0.914748 0.914054
vt 0.914889 0.914417
vt 0.914748 0.914351
vt 0.914607 0.914054
vt 0.915230 0.914568
vt 0.914748 0.914417
vt 0.910414 0.908395
vt 0.910414 0.908545
vt 0.910136 0.908612
vt 0.910073 0.908545
vt 0.910073 0.908909
vt 0.909932 0.908909
vt 0.914748 0.908545
vt 0.914748 0.908612
vt 0.914607 0.908909
vt 0.915230 0.908395
vt 0.914889 0.908545
vt 0.914748 0.908909
vt 0.970100 0.935688
vt 0.970100 0.935839
vt 0.978658 0.935688
vt 0.978658 0.935839
vt 0.970100 0.640025
vt 0.970100 0.640176
vt 0.978658 0.640025
vt 0.978658 0.640175
vt 0.715638 0.935540
vt 0.640019 0.935534
vt 0.513893 0.898774
vt 0.513898 0.974393
vt 0.302480 0.866912
vt 0.302485 0.791294
vt 0.715638 0.640028
vt 0.920311 0.898756
vt 0.852086 0.898762
vt 0.802750 0.967092
vt 0.802750 0.898868
vt 0.803097 0.898868
vt 0.803097 0.967092
vt 0.822784 0.898868
vt 0.822784 0.967092
vt 0.852086 0.640027
vt 0.920311 0.640021
vt 0.226860 0.935534
vt 0.151240 0.935541
vt 0.496177 0.974382
vt 0.496177 0.898762
vt 0.320202 0.791282
vt 0.320202 0.866902
vt 0.151240 0.640028
vt 0.226860 0.640021
vt 0.995166 0.260065
vt 0.995166 0.000000
vt 0.806409 0.967090
vt 0.806409 0.898866
vt 0.806756 0.898762
vt 0.806756 0.967193
vt 0.818777 0.967193
vt 0.818777 0.898762
vt 0.916981 0.903578
vt 0.916830 0.903578
vt 0.910808 0.903578
vt 0.910958 0.903578
vt 0.770721 0.898762
vt 0.770721 0.900246
vt 0.473874 0.686997
vt 0.472390 0.686997
vt 0.770721 0.935012
vt 0.770721 0.933528
vt 0.910808 0.903578
vt 0.910657 0.903579
vt 0.904634 0.903578
vt 0.904785 0.903579
vt 0.761381 0.935012
vt 0.761381 0.933424
vt 0.850279 0.933424
vt 0.850279 0.935012
vt 0.780062 0.898762
vt 0.780062 0.900349
vt 0.780062 0.933424
vt 0.761381 0.900349
vt 0.850279 0.900349
vt 0.761381 0.898762
vt 0.770721 0.933528
vt 0.473874 0.663509
vt 0.472390 0.663509
vt 0.765910 0.900349
vt 0.765910 0.933424
vt 0.867895 0.898762
vt 0.867895 0.931837
vt 0.770721 0.900246
vt 0.770721 0.898762
vt 0.472390 0.681125
vt 0.473874 0.681125
vt 0.862023 0.931837
vt 0.862023 0.898762
vt 0.775533 0.933424
vt 0.775533 0.900349
s 0
usemtl Bake_Up
f 1/1/1 2/2/1 4/3/1 3/4/1
f 3/5/2 4/6/2 8/7/2 7/8/2
f 7/9/3 8/10/3 6/2/3 5/1/3
f 5/11/4 6/12/4 2/13/4 1/14/4
f 3/15/5 7/16/5 5/17/5 1/18/5
f 8/19/6 4/20/6 2/21/6 6/22/6
f 39/23/5 59/24/5 107/25/5 127/26/5
f 11/27/3 37/28/3 126/29/3 119/30/3
f 44/31/7 51/32/7 31/33/7 25/34/7
f 68/35/3 66/36/3 77/37/3 85/38/3
f 24/39/8 72/40/8 74/41/8 45/42/8
f 68/35/9 32/43/9 53/44/9 66/36/9
f 58/45/1 16/46/1 114/47/1 105/48/1
f 65/49/6 75/50/6 100/51/6 78/52/6
f 74/41/1 72/40/1 91/53/1 98/54/1
f 10/55/10 17/56/10 60/57/10 38/58/10
f 128/59/10 106/60/10 79/61/10 99/62/10
f 120/63/10 128/59/10 99/62/10 93/64/10
s 1
f 190/65/11 249/66/12 211/67/13 133/68/14
s 0
f 113/69/10 120/63/10 93/64/10 86/70/10
f 30/71/15 69/72/15 71/73/15 23/74/15
f 71/73/5 69/72/5 84/75/5 92/76/5
f 52/77/16 46/78/16 75/50/16 65/49/16
f 106/60/10 113/69/10 86/70/10 79/61/10
s 1
f 255/79/17 154/80/18 193/81/19 263/82/20
f 182/83/17 222/84/18 228/85/21 199/86/22
f 199/86/22 228/85/21 205/87/23 168/88/24
f 202/89/25 263/82/20 193/81/19 142/90/26
f 195/91/27 198/92/28 170/93/29 161/94/30
f 176/95/31 183/96/32 198/92/28 195/91/27
f 162/97/33 169/98/34 204/99/35 207/100/36
f 213/101/37 220/102/38 184/103/39 175/104/40
f 214/105/41 177/106/42 196/107/43 236/108/44
f 134/109/45 210/110/36 201/111/35 141/112/46
f 202/89/25 205/87/23 228/85/21 263/82/20
f 149/113/47 241/114/42 249/66/12 190/65/11
f 189/115/48 192/116/49 156/117/50 147/118/51
f 208/119/13 236/108/44 196/107/43 163/120/52
f 211/67/13 249/66/12 236/108/44 208/119/13
f 227/121/53 234/122/54 248/123/55 264/124/56
f 256/125/57 262/126/58 250/127/59 243/128/60
f 148/129/37 155/130/38 257/131/61 242/132/62
f 204/99/35 201/111/35 210/110/36 207/100/36
f 135/133/63 140/134/64 192/116/49 189/115/48
f 235/135/65 229/136/66 221/137/50 215/138/51
s 0
f 9/139/67 12/140/67 13/141/67 15/142/67
f 10/143/68 14/144/68 13/141/68 12/140/68
f 11/27/69 15/142/69 13/141/69 14/144/69
f 16/46/70 19/145/70 20/146/70 22/147/70
f 17/148/71 21/149/71 20/146/71 19/145/71
f 18/150/72 22/147/72 20/146/72 21/149/72
f 23/151/73 26/152/73 27/153/73 29/154/73
f 24/39/74 28/155/74 27/153/74 26/152/74
f 25/156/75 29/154/75 27/153/75 28/155/75
f 30/157/76 33/158/76 34/159/76 36/160/76
f 31/161/77 35/162/77 34/159/77 33/158/77
f 32/43/78 36/160/78 34/159/78 35/162/78
f 37/28/79 40/163/79 41/164/79 43/165/79
f 38/166/80 42/167/80 41/164/80 40/163/80
f 39/168/81 43/165/81 41/164/81 42/167/81
f 44/169/82 47/170/82 48/171/82 50/172/82
f 45/42/83 49/173/83 48/171/83 47/170/83
f 46/174/84 50/172/84 48/171/84 49/173/84
f 51/175/85 54/176/85 55/177/85 57/178/85
f 52/179/86 56/180/86 55/177/86 54/176/86
f 53/44/87 57/178/87 55/177/87 56/180/87
f 58/45/88 61/181/88 62/182/88 64/183/88
f 59/184/89 63/185/89 62/182/89 61/181/89
f 60/186/90 64/183/90 62/182/90 63/185/90
f 77/37/91 80/187/91 81/188/91 83/189/91
f 78/190/92 82/191/92 81/188/92 80/187/92
f 79/192/93 83/189/93 81/188/93 82/191/93
f 84/193/94 87/194/94 88/195/94 90/196/94
f 85/38/95 89/197/95 88/195/95 87/194/95
f 86/198/96 90/196/96 88/195/96 89/197/96
f 91/53/97 94/199/97 95/200/97 97/201/97
f 92/202/98 96/203/98 95/200/98 94/199/98
f 93/204/99 97/201/99 95/200/99 96/203/99
f 98/54/100 101/205/100 102/206/100 104/207/100
f 99/208/101 103/209/101 102/206/101 101/205/101
f 100/210/102 104/207/102 102/206/102 103/209/102
f 105/48/103 108/211/103 109/212/103 111/213/103
f 106/60/104 110/214/104 109/215/104 108/216/104
f 107/217/105 111/213/105 109/212/105 110/218/105
f 112/219/106 115/220/106 116/221/106 118/222/106
f 113/69/107 117/223/107 116/224/107 115/225/107
f 114/47/108 118/222/108 116/221/108 117/226/108
f 119/30/109 122/227/109 123/228/109 125/229/109
f 120/63/110 124/230/110 123/231/110 122/232/110
f 121/233/111 125/229/111 123/228/111 124/234/111
f 126/29/112 129/235/112 130/236/112 132/237/112
f 127/238/113 131/239/113 130/236/113 129/235/113
f 128/59/114 132/240/114 130/241/114 131/242/114
s 1
f 133/243/14 136/244/115 137/245/116 139/246/117
f 134/247/45 138/248/118 137/245/116 136/244/115
f 135/133/63 139/246/117 137/245/116 138/248/118
f 140/134/64 143/249/119 144/250/120 146/251/121
f 141/252/46 145/253/122 144/250/120 143/249/119
f 142/254/26 146/251/121 144/250/120 145/253/122
f 147/118/51 150/255/123 151/256/124 153/257/125
f 148/258/37 152/259/126 151/256/124 150/255/123
f 149/260/47 153/257/125 151/256/124 152/259/126
f 154/261/18 157/262/127 158/263/128 160/264/129
f 155/265/38 159/266/130 158/263/128 157/262/127
f 156/117/50 160/264/129 158/263/128 159/266/130
f 161/94/30 164/267/131 165/268/132 167/269/133
f 162/270/33 166/271/134 165/268/132 164/267/131
f 163/272/52 167/269/133 165/268/132 166/271/134
f 168/273/24 171/274/135 172/275/136 174/276/137
f 169/277/34 173/278/138 172/275/136 171/274/135
f 170/93/29 174/276/137 172/275/136 173/278/138
f 175/279/40 178/280/139 179/281/140 181/282/141
f 176/95/31 180/283/142 179/281/140 178/280/139
f 177/284/42 181/282/141 179/281/140 180/283/142
f 182/285/17 185/286/143 186/287/144 188/288/145
f 183/96/32 187/289/146 186/287/144 185/286/143
f 184/290/39 188/288/145 186/287/144 187/289/146
f 213/291/37 216/292/126 217/293/124 219/294/123
f 214/295/41 218/296/125 217/293/124 216/292/126
f 215/138/51 219/294/123 217/293/124 218/296/125
f 220/297/38 223/298/130 224/299/147 226/300/127
f 221/137/50 225/301/129 224/299/147 223/298/130
f 222/302/18 226/300/127 224/299/147 225/301/129
f 227/303/53 230/304/148 231/305/149 233/306/150
f 228/307/21 232/308/151 231/305/149 230/304/148
f 229/136/66 233/306/150 231/305/149 232/308/151
f 234/309/54 237/310/152 238/311/153 240/312/154
f 235/135/65 239/313/155 238/311/153 237/310/152
f 236/314/44 240/312/154 238/311/153 239/313/155
f 241/315/42 244/316/141 245/317/156 247/318/157
f 242/319/62 246/320/139 245/317/156 244/316/141
f 243/128/60 247/318/157 245/317/156 246/320/139
f 248/321/55 251/322/158 252/323/159 254/324/160
f 249/325/12 253/326/161 252/323/159 251/322/158
f 250/127/59 254/324/160 252/323/159 253/326/161
f 255/327/17 258/328/162 259/329/163 261/330/145
f 256/125/57 260/331/164 259/329/163 258/328/162
f 257/332/61 261/330/145 259/329/163 260/331/164
f 262/126/58 265/333/165 266/334/166 268/335/167
f 263/336/20 267/337/168 266/334/166 265/333/165
f 264/338/56 268/335/167 266/334/166 267/337/168
s 0
f 32/43/169 68/35/169 70/339/169 36/160/169
f 36/160/170 70/339/170 69/340/170 30/157/170
f 72/40/171 24/39/171 26/152/171 73/341/171
f 73/341/172 26/152/172 23/151/172 71/342/172
f 24/39/173 45/42/173 47/170/173 28/155/173
f 28/155/174 47/170/174 44/169/174 25/156/174
f 31/161/175 51/175/175 57/178/175 35/162/175
f 35/162/176 57/178/176 53/44/176 32/43/176
f 52/179/177 65/343/177 67/344/177 56/180/177
f 56/180/178 67/344/178 66/36/178 53/44/178
f 75/345/179 46/174/179 49/173/179 76/346/179
f 76/346/180 49/173/180 45/42/180 74/41/180
f 25/34/181 31/33/181 33/347/181 29/348/181
f 29/349/182 33/350/182 30/71/182 23/74/182
f 46/78/183 52/77/183 54/351/183 50/352/183
f 50/353/184 54/354/184 51/32/184 44/31/184
f 60/186/185 17/148/185 19/145/185 64/183/185
f 64/183/186 19/145/186 16/46/186 58/45/186
f 17/56/187 10/55/187 12/355/187 21/356/187
f 21/357/188 12/358/188 9/359/188 18/360/188
f 10/143/189 38/166/189 40/163/189 14/144/189
f 14/144/190 40/163/190 37/28/190 11/27/190
f 59/24/191 39/23/191 42/361/191 63/362/191
f 63/363/192 42/364/192 38/58/192 60/57/192
f 91/53/193 72/40/193 73/341/193 94/199/193
f 94/199/194 73/341/194 71/342/194 92/202/194
f 68/35/195 85/38/195 87/194/195 70/339/195
f 70/339/196 87/194/196 84/193/196 69/340/196
f 114/47/197 16/46/197 22/147/197 118/222/197
f 118/222/198 22/147/198 18/150/198 112/219/198
f 11/27/199 119/30/199 125/229/199 15/142/199
f 15/142/200 125/229/200 121/233/200 9/139/200
f 79/192/201 86/198/201 89/197/201 83/189/201
f 83/189/190 89/197/190 85/38/190 77/37/190
f 86/70/202 93/64/202 96/365/202 90/366/202
f 90/367/191 96/368/191 92/76/191 84/75/191
f 93/204/203 99/208/203 101/205/203 97/201/203
f 97/201/204 101/205/204 98/54/204 91/53/204
f 78/52/205 100/51/205 103/369/205 82/370/205
f 82/371/206 103/372/206 99/62/206 79/61/206
f 105/48/207 114/47/207 117/226/207 108/211/207
f 108/211/185 117/226/185 113/373/185 106/374/185
f 112/375/208 121/376/208 124/377/208 115/378/208
f 115/225/209 124/230/209 120/63/209 113/69/209
f 119/30/190 126/29/190 132/237/190 122/227/190
f 122/227/201 132/237/201 128/379/201 120/380/201
f 106/60/202 128/59/202 131/242/202 110/214/202
f 110/381/210 131/382/210 127/26/210 107/25/210
f 65/343/211 78/190/211 80/187/211 67/344/211
f 67/344/212 80/187/212 77/37/212 66/36/212
f 39/168/196 127/238/196 129/235/196 43/165/196
f 43/165/213 129/235/213 126/29/213 37/28/213
f 107/217/214 59/184/214 61/181/214 111/213/214
f 111/213/215 61/181/215 58/45/215 105/48/215
f 74/41/216 98/54/216 104/207/216 76/346/216
f 76/346/217 104/207/217 100/210/217 75/345/217
s 1
f 190/383/11 133/243/14 139/246/117 191/384/218
f 191/384/218 139/246/117 135/133/63 189/115/48
f 134/247/45 141/252/46 143/249/119 138/248/118
f 138/248/118 143/249/119 140/134/64 135/133/63
f 193/385/19 154/261/18 160/264/129 194/386/219
f 194/386/219 160/264/129 156/117/50 192/116/49
f 155/265/38 148/258/37 150/255/123 159/266/130
f 159/266/130 150/255/123 147/118/51 156/117/50
f 241/114/42 149/113/47 152/387/126 244/388/141
f 244/389/141 152/390/126 148/129/37 242/132/62
f 222/84/18 182/83/17 188/391/145 226/392/127
f 226/393/127 188/394/145 184/103/39 220/102/38
f 183/96/32 176/95/31 178/280/139 187/289/146
f 187/289/146 178/280/139 175/279/40 184/290/39
f 196/385/43 177/284/42 180/283/142 197/395/220
f 197/395/220 180/283/142 176/95/31 195/91/27
f 199/396/22 168/273/24 174/276/137 200/397/221
f 200/397/221 174/276/137 170/93/29 198/92/28
f 169/277/34 162/270/33 164/267/131 173/278/138
f 173/278/138 164/267/131 161/94/30 170/93/29
f 208/119/13 163/120/52 166/398/134 209/399/222
f 209/400/222 166/401/134 162/97/33 207/100/36
f 202/89/25 142/90/26 145/402/122 203/403/223
f 203/404/223 145/405/122 141/112/46 201/111/35
f 149/260/47 190/383/11 191/384/218 153/257/125
f 153/257/125 191/384/218 189/115/48 147/118/51
f 142/254/26 193/385/19 194/386/219 146/251/121
f 146/251/121 194/386/219 192/116/49 140/134/64
f 163/272/52 196/385/43 197/395/220 167/269/133
f 167/269/133 197/395/220 195/91/27 161/94/30
f 182/285/17 199/396/22 200/397/221 185/286/143
f 185/286/143 200/397/221 198/92/28 183/96/32
f 205/87/23 202/89/25 203/403/223 206/406/223
f 206/407/223 203/404/223 201/111/35 204/99/35
f 168/88/24 205/87/23 206/406/223 171/408/135
f 171/409/135 206/407/223 204/99/35 169/98/34
f 211/67/13 208/119/13 209/399/222 212/410/222
f 212/411/222 209/400/222 207/100/36 210/110/36
f 133/68/14 211/67/13 212/410/222 136/412/115
f 136/413/115 212/411/222 210/110/36 134/109/45
f 177/106/42 214/105/41 216/414/126 181/415/141
f 181/416/141 216/417/126 213/101/37 175/104/40
f 234/309/54 227/303/53 233/306/150 237/310/152
f 237/310/152 233/306/150 229/136/66 235/135/65
f 214/295/41 236/314/44 239/313/155 218/296/125
f 218/296/125 239/313/155 235/135/65 215/138/51
f 221/137/50 229/136/66 232/308/151 225/301/129
f 225/301/129 232/308/151 228/307/21 222/302/18
f 220/297/38 213/291/37 219/294/123 223/298/130
f 223/298/130 219/294/123 215/138/51 221/137/50
f 236/108/44 249/66/12 251/418/158 240/419/154
f 240/420/154 251/421/158 248/123/55 234/122/54
f 154/80/18 255/79/17 261/422/145 157/423/127
f 157/424/127 261/425/145 257/131/61 155/130/38
f 256/125/57 243/128/60 246/320/139 260/331/164
f 260/331/164 246/320/139 242/319/62 257/332/61
f 243/128/60 250/127/59 253/326/161 247/318/157
f 247/318/157 253/326/161 249/325/12 241/315/42
f 255/327/17 263/336/20 265/333/165 258/328/162
f 258/328/162 265/333/165 262/126/58 256/125/57
f 227/121/53 264/124/56 267/426/168 230/427/148
f 230/428/148 267/429/168 263/82/20 228/85/21
f 250/127/59 262/126/58 268/335/167 254/324/160
f 254/324/160 268/335/167 264/338/56 248/321/55
s 0
f 18/360/6 9/359/6 121/376/6 112/375/6
f 299/430/5 319/431/5 367/432/5 387/433/5
f 271/434/3 297/435/3 386/436/3 379/437/3
f 304/438/7 311/439/7 291/440/7 285/441/7
f 328/442/3 326/443/3 337/444/3 345/445/3
f 284/446/224 332/447/224 334/448/224 305/449/224
f 328/442/9 292/450/9 313/451/9 326/443/9
f 318/452/1 276/453/1 374/454/1 365/455/1
f 325/456/6 335/457/6 360/458/6 338/459/6
f 334/448/1 332/447/1 351/460/1 358/461/1
f 270/462/10 277/463/10 320/464/10 298/465/10
f 388/466/10 366/467/10 339/468/10 359/469/10
f 380/470/10 388/466/10 359/469/10 353/471/10
s 1
f 450/472/225 509/473/12 471/474/13 393/475/14
s 0
f 373/476/10 380/470/10 353/471/10 346/477/10
f 290/478/15 329/479/15 331/480/15 283/481/15
f 331/480/5 329/479/5 344/482/5 352/483/5
f 312/484/16 306/485/16 335/457/16 325/456/16
f 366/467/10 373/476/10 346/477/10 339/468/10
s 1
f 515/486/226 414/487/18 453/488/19 523/489/20
f 442/490/227 482/491/228 488/492/21 459/493/22
f 459/493/22 488/492/21 465/494/23 428/495/229
f 462/496/25 523/489/20 453/488/19 402/497/26
f 455/498/230 458/499/28 430/500/231 421/501/30
f 436/502/60 443/503/57 458/499/28 455/498/230
f 422/504/232 429/505/233 464/506/35 467/507/36
f 473/508/234 480/509/235 444/510/61 435/511/62
f 474/512/236 437/513/237 456/514/43 496/515/44
f 394/516/238 470/517/36 461/518/35 401/519/46
f 462/496/25 465/494/23 488/492/21 523/489/20
f 409/520/47 501/521/42 509/473/12 450/472/225
f 449/522/239 452/523/49 416/524/240 407/525/241
f 468/526/13 496/515/44 456/514/43 423/527/52
f 471/474/13 509/473/12 496/515/44 468/526/13
f 487/528/53 494/529/54 508/530/55 524/531/56
f 516/532/57 522/533/242 510/534/243 503/535/60
f 408/536/37 415/537/38 517/538/61 502/539/62
f 464/506/35 461/518/35 470/517/36 467/507/36
f 395/540/244 400/541/64 452/523/49 449/522/239
f 495/542/65 489/543/245 481/544/50 475/545/51
s 0
f 269/546/246 272/547/246 273/548/246 275/549/246
f 270/550/247 274/551/247 273/548/247 272/547/247
f 271/434/248 275/549/248 273/548/248 274/551/248
f 276/453/249 279/552/249 280/553/249 282/554/249
f 277/555/250 281/556/250 280/553/250 279/552/250
f 278/557/251 282/554/251 280/553/251 281/556/251
f 283/558/252 286/559/252 287/560/252 289/561/252
f 284/446/253 288/562/253 287/560/253 286/559/253
f 285/563/254 289/561/254 287/560/254 288/562/254
f 290/564/255 293/565/255 294/566/255 296/567/255
f 291/568/256 295/569/256 294/566/256 293/565/256
f 292/450/257 296/567/257 294/566/257 295/569/257
f 297/435/258 300/570/258 301/571/258 303/572/258
f 298/573/259 302/574/259 301/571/259 300/570/259
f 299/575/81 303/572/81 301/571/81 302/574/81
f 304/576/260 307/577/260 308/578/260 310/579/260
f 305/449/261 309/580/261 308/578/261 307/577/261
f 306/581/262 310/579/262 308/578/262 309/580/262
f 311/582/85 314/583/85 315/584/85 317/585/85
f 312/586/263 316/587/263 315/584/263 314/583/263
f 313/451/264 317/585/264 315/584/264 316/587/264
f 318/452/265 321/588/265 322/589/265 324/590/265
f 319/591/266 323/592/266 322/589/266 321/588/266
f 320/593/99 324/590/99 322/589/99 323/592/99
f 337/444/69 340/594/69 341/595/69 343/596/69
f 338/597/267 342/598/267 341/595/267 340/594/267
f 339/599/93 343/596/93 341/595/93 342/598/93
f 344/600/81 347/601/81 348/602/81 350/603/81
f 345/445/268 349/604/268 348/602/268 347/601/268
f 346/605/259 350/603/259 348/602/259 349/604/259
f 351/460/269 354/606/269 355/607/269 357/608/269
f 352/609/270 356/610/270 355/607/270 354/606/270
f 353/611/271 357/608/271 355/607/271 356/610/271
f 358/461/272 361/612/272 362/613/272 364/614/272
f 359/615/250 363/616/250 362/613/250 361/612/250
f 360/617/273 364/614/273 362/613/273 363/616/273
f 365/455/274 368/618/274 369/619/274 371/620/274
f 366/467/275 370/621/275 369/622/275 368/623/275
f 367/624/276 371/620/276 369/619/276 370/625/276
f 372/626/277 375/627/277 376/628/277 378/629/277
f 373/476/278 377/630/278 376/631/278 375/632/278
f 374/454/279 378/629/279 376/628/279 377/633/279
f 379/437/280 382/634/280 383/635/280 385/636/280
f 380/470/281 384/637/281 383/638/281 382/639/281
f 381/640/282 385/636/282 383/635/282 384/641/282
f 386/436/283 389/642/283 390/643/283 392/644/283
f 387/645/284 391/646/284 390/643/284 389/642/284
f 388/466/114 392/647/114 390/648/114 391/649/114
s 1
f 393/650/14 396/651/115 397/652/285 399/653/117
f 394/654/238 398/655/118 397/652/285 396/651/115
f 395/540/244 399/653/117 397/652/285 398/655/118
f 400/541/64 403/656/286 404/657/287 406/658/121
f 401/659/46 405/660/122 404/657/287 403/656/286
f 402/661/26 406/658/121 404/657/287 405/660/122
f 407/525/241 410/662/123 411/663/288 413/664/125
f 408/665/37 412/666/126 411/663/288 410/662/123
f 409/667/47 413/664/125 411/663/288 412/666/126
f 414/668/18 417/669/127 418/670/289 420/671/129
f 415/672/38 419/673/130 418/670/289 417/669/127
f 416/524/240 420/671/129 418/670/289 419/673/130
f 421/501/30 424/674/131 425/675/290 427/676/133
f 422/677/232 426/678/291 425/675/290 424/674/131
f 423/679/52 427/676/133 425/675/290 426/678/291
f 428/680/229 431/681/135 432/682/136 434/683/137
f 429/684/233 433/685/138 432/682/136 431/681/135
f 430/500/231 434/683/137 432/682/136 433/685/138
f 435/686/62 438/687/139 439/688/292 441/689/293
f 436/502/60 440/690/142 439/688/292 438/687/139
f 437/691/237 441/689/293 439/688/292 440/690/142
f 442/692/227 445/693/143 446/694/294 448/695/295
f 443/503/57 447/696/146 446/694/294 445/693/143
f 444/697/61 448/695/295 446/694/294 447/696/146
f 473/698/234 476/699/126 477/700/296 479/701/123
f 474/702/236 478/703/297 477/700/296 476/699/126
f 475/545/51 479/701/123 477/700/296 478/703/297
f 480/704/235 483/705/130 484/706/128 486/707/127
f 481/544/50 485/708/298 484/706/128 483/705/130
f 482/709/228 486/707/127 484/706/128 485/708/298
f 487/710/53 490/711/299 491/712/300 493/713/301
f 488/714/21 492/715/302 491/712/300 490/711/299
f 489/543/245 493/713/301 491/712/300 492/715/302
f 494/716/54 497/717/303 498/718/304 500/719/305
f 495/542/65 499/720/155 498/718/304 497/717/303
f 496/721/44 500/719/305 498/718/304 499/720/155
f 501/722/42 504/723/293 505/724/140 507/725/142
f 502/726/62 506/727/139 505/724/140 504/723/293
f 503/535/60 507/725/142 505/724/140 506/727/139
f 508/728/55 511/729/306 512/730/307 514/731/308
f 509/732/12 513/733/161 512/730/307 511/729/306
f 510/534/243 514/731/308 512/730/307 513/733/161
f 515/734/226 518/735/162 519/736/309 521/737/295
f 516/532/57 520/738/146 519/736/309 518/735/162
f 517/739/61 521/737/295 519/736/309 520/738/146
f 522/533/242 525/740/310 526/741/311 528/742/312
f 523/743/20 527/744/313 526/741/311 525/740/310
f 524/745/56 528/742/312 526/741/311 527/744/313
s 0
f 292/450/314 328/442/314 330/746/314 296/567/314
f 296/567/170 330/746/170 329/747/170 290/564/170
f 332/447/315 284/446/315 286/559/315 333/748/315
f 333/748/172 286/559/172 283/558/172 331/749/172
f 284/446/316 305/449/316 307/577/316 288/562/316
f 288/562/317 307/577/317 304/576/317 285/563/317
f 291/568/318 311/582/318 317/585/318 295/569/318
f 295/569/176 317/585/176 313/451/176 292/450/176
f 312/586/177 325/750/177 327/751/177 316/587/177
f 316/587/319 327/751/319 326/443/319 313/451/319
f 335/752/179 306/581/179 309/580/179 336/753/179
f 336/753/320 309/580/320 305/449/320 334/448/320
f 285/441/321 291/440/321 293/754/321 289/755/321
f 289/756/322 293/757/322 290/478/322 283/481/322
f 306/485/323 312/484/323 314/758/323 310/759/323
f 310/760/324 314/761/324 311/439/324 304/438/324
f 320/593/185 277/555/185 279/552/185 324/590/185
f 324/590/325 279/552/325 276/453/325 318/452/325
f 277/463/209 270/462/209 272/762/209 281/763/209
f 281/764/188 272/765/188 269/766/188 278/767/188
f 270/550/189 298/573/189 300/570/189 274/551/189
f 274/551/326 300/570/326 297/435/326 271/434/326
f 319/431/327 299/430/327 302/768/327 323/769/327
f 323/770/328 302/771/328 298/465/328 320/464/328
f 351/460/193 332/447/193 333/748/193 354/606/193
f 354/606/329 333/748/329 331/749/329 352/609/329
f 328/442/195 345/445/195 347/601/195 330/746/195
f 330/746/330 347/601/330 344/600/330 329/747/330
f 374/454/197 276/453/197 282/554/197 378/629/197
f 378/629/198 282/554/198 278/557/198 372/626/198
f 271/434/331 379/437/331 385/636/331 275/549/331
f 275/549/332 385/636/332 381/640/332 269/546/332
f 339/599/201 346/605/201 349/604/201 343/596/201
f 343/596/190 349/604/190 345/445/190 337/444/190
f 346/477/202 353/471/202 356/772/202 350/773/202
f 350/774/333 356/775/333 352/483/333 344/482/333
f 353/611/185 359/615/185 361/612/185 357/608/185
f 357/608/325 361/612/325 358/461/325 351/460/325
f 338/459/208 360/458/208 363/776/208 342/777/208
f 342/778/206 363/779/206 359/469/206 339/468/206
f 365/455/325 374/454/325 377/633/325 368/618/325
f 368/618/185 377/633/185 373/780/185 366/781/185
f 372/782/334 381/783/334 384/784/334 375/785/334
f 375/632/206 384/637/206 380/470/206 373/476/206
f 379/437/190 386/436/190 392/644/190 382/634/190
f 382/634/335 392/644/335 388/786/335 380/787/335
f 366/467/202 388/466/202 391/649/202 370/621/202
f 370/788/336 391/789/336 387/433/336 367/432/336
f 325/750/211 338/597/211 340/594/211 327/751/211
f 327/751/212 340/594/212 337/444/212 326/443/212
f 299/575/330 387/645/330 389/642/330 303/572/330
f 303/572/337 389/642/337 386/436/337 297/435/337
f 367/624/214 319/591/214 321/588/214 371/620/214
f 371/620/215 321/588/215 318/452/215 365/455/215
f 334/448/216 358/461/216 364/614/216 336/753/216
f 336/753/338 364/614/338 360/617/338 335/752/338
s 1
f 450/790/225 393/650/14 399/653/117 451/791/218
f 451/791/218 399/653/117 395/540/244 449/522/239
f 394/654/238 401/659/46 403/656/286 398/655/118
f 398/655/118 403/656/286 400/541/64 395/540/244
f 453/792/19 414/668/18 420/671/129 454/793/219
f 454/793/219 420/671/129 416/524/240 452/523/49
f 415/672/38 408/665/37 410/662/123 419/673/130
f 419/673/130 410/662/123 407/525/241 416/524/240
f 501/521/42 409/520/47 412/794/126 504/795/293
f 504/796/293 412/797/126 408/536/37 502/539/62
f 482/491/228 442/490/227 448/798/295 486/799/127
f 486/417/127 448/800/295 444/510/61 480/509/235
f 443/503/57 436/502/60 438/687/139 447/696/146
f 447/696/146 438/687/139 435/686/62 444/697/61
f 456/801/43 437/691/237 440/690/142 457/802/220
f 457/802/220 440/690/142 436/502/60 455/498/230
f 459/383/22 428/680/229 434/683/137 460/803/221
f 460/803/221 434/683/137 430/500/231 458/499/28
f 429/684/233 422/677/232 424/674/131 433/685/138
f 433/685/138 424/674/131 421/501/30 430/500/231
f 468/526/13 423/527/52 426/804/291 469/805/222
f 469/407/222 426/806/291 422/504/232 467/507/36
f 462/496/25 402/497/26 405/807/122 463/808/223
f 463/809/223 405/810/122 401/519/46 461/518/35
f 409/667/47 450/790/225 451/791/218 413/664/125
f 413/664/125 451/791/218 449/522/239 407/525/241
f 402/661/26 453/792/19 454/793/219 406/658/121
f 406/658/121 454/793/219 452/523/49 400/541/64
f 423/679/52 456/801/43 457/802/220 427/676/133
f 427/676/133 457/802/220 455/498/230 421/501/30
f 442/692/227 459/383/22 460/803/221 445/693/143
f 445/693/143 460/803/221 458/499/28 443/503/57
f 465/494/23 462/496/25 463/808/223 466/811/223
f 466/812/223 463/809/223 461/518/35 464/506/35
f 428/495/229 465/494/23 466/811/223 431/813/135
f 431/814/135 466/812/223 464/506/35 429/505/233
f 471/474/13 468/526/13 469/805/222 472/815/222
f 472/404/222 469/407/222 467/507/36 470/517/36
f 393/475/14 471/474/13 472/815/222 396/816/115
f 396/405/115 472/404/222 470/517/36 394/516/238
f 437/513/237 474/512/236 476/817/126 441/818/293
f 441/819/293 476/820/126 473/508/234 435/511/62
f 494/716/54 487/710/53 493/713/301 497/717/303
f 497/717/303 493/713/301 489/543/245 495/542/65
f 474/702/236 496/721/44 499/720/155 478/703/297
f 478/703/297 499/720/155 495/542/65 475/545/51
f 481/544/50 489/543/245 492/715/302 485/708/298
f 485/708/298 492/715/302 488/714/21 482/709/228
f 480/704/235 473/698/234 479/701/123 483/705/130
f 483/705/130 479/701/123 475/545/51 481/544/50
f 496/515/44 509/473/12 511/821/306 500/822/305
f 500/823/305 511/824/306 508/530/55 494/529/54
f 414/487/18 515/486/226 521/825/295 417/826/127
f 417/827/127 521/828/295 517/538/61 415/537/38
f 516/532/57 503/535/60 506/727/139 520/738/146
f 520/738/146 506/727/139 502/726/62 517/739/61
f 503/535/60 510/534/243 513/733/161 507/725/142
f 507/725/142 513/733/161 509/732/12 501/722/42
f 515/734/226 523/743/20 525/740/310 518/735/162
f 518/735/162 525/740/310 522/533/242 516/532/57
f 487/528/53 524/531/56 527/829/313 490/830/299
f 490/831/299 527/832/313 523/489/20 488/492/21
f 510/534/243 522/533/242 528/742/312 514/731/308
f 514/731/308 528/742/312 524/745/56 508/728/55
s 0
f 278/767/6 269/766/6 381/783/6 372/782/6
f 559/833/5 579/834/5 627/835/5 647/836/5
f 531/837/3 557/838/3 646/839/3 639/840/3
f 564/841/7 571/842/7 551/843/7 545/844/7
f 588/845/3 586/846/3 597/847/3 605/848/3
f 544/849/224 592/850/224 594/851/224 565/852/224
f 588/845/9 552/853/9 573/854/9 586/846/9
f 578/855/1 536/856/1 634/857/1 625/858/1
f 585/859/6 595/860/6 620/861/6 598/862/6
f 594/851/1 592/850/1 611/863/1 618/864/1
f 530/865/10 537/866/10 580/867/10 558/868/10
f 648/869/10 626/870/10 599/871/10 619/872/10
f 640/873/10 648/869/10 619/872/10 613/874/10
s 1
f 710/875/225 769/876/12 731/877/13 653/878/14
s 0
f 633/879/10 640/873/10 613/874/10 606/880/10
f 550/881/15 589/882/15 591/883/15 543/884/15
f 591/883/5 589/882/5 604/885/5 612/886/5
f 572/887/16 566/888/16 595/860/16 585/859/16
f 626/870/10 633/879/10 606/880/10 599/871/10
s 1
f 775/889/227 674/890/228 713/891/19 783/892/20
f 702/893/226 742/894/228 748/895/21 719/896/22
f 719/896/22 748/895/21 725/897/23 688/898/339
f 722/899/25 783/892/20 713/891/19 662/900/26
f 715/901/230 718/902/28 690/903/231 681/904/30
f 696/905/60 703/906/57 718/902/28 715/901/230
f 682/907/232 689/908/233 724/909/35 727/910/36
f 733/911/37 740/912/38 704/913/61 695/914/62
f 734/915/47 697/916/42 716/917/43 756/918/44
f 654/919/340 730/920/36 721/921/35 661/922/341
f 722/899/25 725/897/23 748/895/21 783/892/20
f 669/923/47 761/924/42 769/876/12 710/875/225
f 709/925/48 712/926/49 676/927/50 667/928/51
f 728/929/13 756/918/44 716/917/43 683/930/52
f 731/877/13 769/876/12 756/918/44 728/929/13
f 747/931/53 754/932/54 768/933/55 784/934/56
f 776/935/57 782/936/242 770/937/243 763/938/60
f 668/939/37 675/940/38 777/941/61 762/942/62
f 724/909/35 721/921/35 730/920/36 727/910/36
f 655/943/63 660/944/64 712/926/49 709/925/48
f 755/945/65 749/946/245 741/947/50 735/948/342
s 0
f 529/949/343 532/950/343 533/951/343 535/952/343
f 530/953/68 534/954/68 533/951/68 532/950/68
f 531/837/344 535/952/344 533/951/344 534/954/344
f 536/856/345 539/955/345 540/956/345 542/957/345
f 537/958/250 541/959/250 540/956/250 539/955/250
f 538/960/102 542/957/102 540/956/102 541/959/102
f 543/961/252 546/962/252 547/963/252 549/964/252
f 544/849/346 548/965/346 547/963/346 546/962/346
f 545/966/347 549/964/347 547/963/347 548/965/347
f 550/967/348 553/968/348 554/969/348 556/970/348
f 551/971/77 555/972/77 554/969/77 553/968/77
f 552/853/349 556/970/349 554/969/349 555/972/349
f 557/838/350 560/973/350 561/974/350 563/975/350
f 558/976/96 562/977/96 561/974/96 560/973/96
f 559/978/351 563/975/351 561/974/351 562/977/351
f 564/979/260 567/980/260 568/981/260 570/982/260
f 565/852/352 569/983/352 568/981/352 567/980/352
f 566/984/353 570/982/353 568/981/353 569/983/353
f 571/985/85 574/986/85 575/987/85 577/988/85
f 572/989/354 576/990/354 575/987/354 574/986/354
f 573/854/264 577/988/264 575/987/264 576/990/264
f 578/855/355 581/991/355 582/992/355 584/993/355
f 579/994/356 583/995/356 582/992/356 581/991/356
f 580/996/357 584/993/357 582/992/357 583/995/357
f 597/847/69 600/997/69 601/998/69 603/999/69
f 598/1000/358 602/1001/358 601/998/358 600/997/358
f 599/1002/359 603/999/359 601/998/359 602/1001/359
f 604/1003/351 607/1004/351 608/1005/351 610/1006/351
f 605/848/360 609/1007/360 608/1005/360 607/1004/360
f 606/1008/361 610/1006/361 608/1005/361 609/1007/361
f 611/863/362 614/1009/362 615/1010/362 617/1011/362
f 612/1012/363 616/1013/363 615/1010/363 614/1009/363
f 613/1014/271 617/1011/271 615/1010/271 616/1013/271
f 618/864/345 621/1015/345 622/1016/345 624/1017/345
f 619/1018/364 623/1019/364 622/1016/364 621/1015/364
f 620/1020/273 624/1017/273 622/1016/273 623/1019/273
f 625/858/365 628/1021/365 629/1022/365 631/1023/365
f 626/870/366 630/1024/366 629/1025/366 628/1026/366
f 627/1027/367 631/1023/367 629/1022/367 630/1028/367
f 632/1029/368 635/1030/368 636/1031/368 638/1032/368
f 633/879/369 637/1033/369 636/1034/369 635/1035/369
f 634/857/279 638/1032/279 636/1031/279 637/1036/279
f 639/840/370 642/1037/370 643/1038/370 645/1039/370
f 640/873/371 644/1040/371 643/1041/371 642/1042/371
f 641/1043/372 645/1039/372 643/1038/372 644/1044/372
f 646/839/373 649/1045/373 650/1046/373 652/1047/373
f 647/1048/374 651/1049/374 650/1046/374 649/1045/374
f 648/869/375 652/1050/375 650/1051/375 651/1052/375
s 1
f 653/1053/14 656/1054/376 657/1055/377 659/1056/117
f 654/1057/340 658/1058/118 657/1055/377 656/1054/376
f 655/943/63 659/1056/117 657/1055/377 658/1058/118
f 660/944/64 663/1059/286 664/1060/378 666/1061/379
f 661/1062/341 665/1063/122 664/1060/378 663/1059/286
f 662/1064/26 666/1061/379 664/1060/378 665/1063/122
f 667/928/51 670/1065/123 671/1066/288 673/1067/125
f 668/1068/37 672/1069/126 671/1066/288 670/1065/123
f 669/1070/47 673/1067/125 671/1066/288 672/1069/126
f 674/1071/228 677/1072/127 678/1073/128 680/1074/298
f 675/1075/38 679/1076/130 678/1073/128 677/1072/127
f 676/927/50 680/1074/298 678/1073/128 679/1076/130
f 681/904/30 684/1077/131 685/1078/380 687/1079/133
f 682/1080/232 686/1081/134 685/1078/380 684/1077/131
f 683/1082/52 687/1079/133 685/1078/380 686/1081/134
f 688/1083/339 691/1084/135 692/1085/136 694/1086/137
f 689/1087/233 693/1088/138 692/1085/136 691/1084/135
f 690/903/231 694/1086/137 692/1085/136 693/1088/138
f 695/1089/62 698/1090/139 699/1091/381 701/1092/293
f 696/905/60 700/1093/142 699/1091/381 698/1090/139
f 697/1094/42 701/1092/293 699/1091/381 700/1093/142
f 702/1095/226 705/1096/162 706/1097/144 708/1098/295
f 703/906/57 707/1099/146 706/1097/144 705/1096/162
f 704/1100/61 708/1098/295 706/1097/144 707/1099/146
f 733/1101/37 736/1102/382 737/1103/124 739/1104/123
f 734/1105/47 738/1106/125 737/1103/124 736/1102/382
f 735/948/342 739/1104/123 737/1103/124 738/1106/125
f 740/1107/38 743/1108/130 744/1109/128 746/1110/127
f 741/947/50 745/1111/298 744/1109/128 743/1108/130
f 742/1112/228 746/1110/127 744/1109/128 745/1111/298
f 747/1113/53 750/1114/299 751/1115/383 753/1116/301
f 748/1117/21 752/1118/302 751/1115/383 750/1114/299
f 749/946/245 753/1116/301 751/1115/383 752/1118/302
f 754/1119/54 757/1120/303 758/1121/304 760/1122/305
f 755/945/65 759/1123/155 758/1121/304 757/1120/303
f 756/1124/44 760/1122/305 758/1121/304 759/1123/155
f 761/1125/42 764/1126/293 765/1127/140 767/1128/142
f 762/1129/62 766/1130/139 765/1127/140 764/1126/293
f 763/938/60 767/1128/142 765/1127/140 766/1130/139
f 768/1131/55 771/1132/384 772/1133/385 774/1134/386
f 769/1135/12 773/1136/387 772/1133/385 771/1132/384
f 770/937/243 774/1134/386 772/1133/385 773/1136/387
f 775/1137/227 778/1138/143 779/1139/294 781/1140/295
f 776/935/57 780/1141/146 779/1139/294 778/1138/143
f 777/1142/61 781/1140/295 779/1139/294 780/1141/146
f 782/936/242 785/1143/388 786/1144/389 788/1145/390
f 783/1146/20 787/1147/391 786/1144/389 785/1143/388
f 784/1148/56 788/1145/390 786/1144/389 787/1147/391
s 0
f 552/853/392 588/845/392 590/1149/392 556/970/392
f 556/970/170 590/1149/170 589/1150/170 550/967/170
f 592/850/393 544/849/393 546/962/393 593/1151/393
f 593/1151/172 546/962/172 543/961/172 591/1152/172
f 544/849/394 565/852/394 567/980/394 548/965/394
f 548/965/174 567/980/174 564/979/174 545/966/174
f 551/971/395 571/985/395 577/988/395 555/972/395
f 555/972/176 577/988/176 573/854/176 552/853/176
f 572/989/177 585/1153/177 587/1154/177 576/990/177
f 576/990/396 587/1154/396 586/846/396 573/854/396
f 595/1155/179 566/984/179 569/983/179 596/1156/179
f 596/1156/180 569/983/180 565/852/180 594/851/180
f 545/844/181 551/843/181 553/1157/181 549/1158/181
f 549/1159/397 553/1160/397 550/881/397 543/884/397
f 566/888/323 572/887/323 574/1161/323 570/1162/323
f 570/1163/184 574/1164/184 571/842/184 564/841/184
f 580/996/203 537/958/203 539/955/203 584/993/203
f 584/993/398 539/955/398 536/856/398 578/855/398
f 537/866/209 530/865/209 532/1165/209 541/1166/209
f 541/1167/188 532/1168/188 529/1169/188 538/1170/188
f 530/953/189 558/976/189 560/973/189 534/954/189
f 534/954/399 560/973/399 557/838/399 531/837/399
f 579/834/327 559/833/327 562/1171/327 583/1172/327
f 583/1173/202 562/1174/202 558/868/202 580/867/202
f 611/863/400 592/850/400 593/1151/400 614/1009/400
f 614/1009/401 593/1151/401 591/1152/401 612/1012/401
f 588/845/337 605/848/337 607/1004/337 590/1149/337
f 590/1149/330 607/1004/330 604/1003/330 589/1150/330
f 634/857/216 536/856/216 542/957/216 638/1032/216
f 638/1032/338 542/957/338 538/960/338 632/1029/338
f 531/837/331 639/840/331 645/1039/331 535/952/331
f 535/952/332 645/1039/332 641/1043/332 529/949/332
f 599/1002/335 606/1008/335 609/1007/335 603/999/335
f 603/999/399 609/1007/399 605/848/399 597/847/399
f 606/880/202 613/874/202 616/1175/202 610/1176/202
f 610/1177/333 616/1178/333 612/886/333 604/885/333
f 613/1014/185 619/1018/185 621/1015/185 617/1011/185
f 617/1011/325 621/1015/325 618/864/325 611/863/325
f 598/862/208 620/861/208 623/1179/208 602/1180/208
f 602/1181/206 623/1182/206 619/872/206 599/871/206
f 625/858/325 634/857/325 637/1036/325 628/1021/325
f 628/1021/185 637/1036/185 633/1183/185 626/1184/185
f 632/1185/402 641/1186/402 644/1187/402 635/1188/402
f 635/1035/206 644/1040/206 640/873/206 633/879/206
f 639/840/190 646/839/190 652/1047/190 642/1037/190
f 642/1037/201 652/1047/201 648/1189/201 640/1190/201
f 626/870/202 648/869/202 651/1052/202 630/1024/202
f 630/1191/336 651/1192/336 647/836/336 627/835/336
f 585/1153/403 598/1000/403 600/997/403 587/1154/403
f 587/1154/331 600/997/331 597/847/331 586/846/331
f 559/978/330 647/1048/330 649/1045/330 563/975/330
f 563/975/337 649/1045/337 646/839/337 557/838/337
f 627/1027/404 579/994/404 581/991/404 631/1023/404
f 631/1023/400 581/991/400 578/855/400 625/858/400
f 594/851/197 618/864/197 624/1017/197 596/1156/197
f 596/1156/198 624/1017/198 620/1020/198 595/1155/198
s 1
f 710/1193/225 653/1053/14 659/1056/117 711/1194/405
f 711/1194/405 659/1056/117 655/943/63 709/925/48
f 654/1057/340 661/1062/341 663/1059/286 658/1058/118
f 658/1058/118 663/1059/286 660/944/64 655/943/63
f 713/1195/19 674/1071/228 680/1074/298 714/1196/219
f 714/1196/219 680/1074/298 676/927/50 712/926/49
f 675/1075/38 668/1068/37 670/1065/123 679/1076/130
f 679/1076/130 670/1065/123 667/928/51 676/927/50
f 761/924/42 669/923/47 672/1197/126 764/1198/293
f 764/1199/293 672/1200/126 668/939/37 762/942/62
f 742/894/228 702/893/226 708/1201/295 746/1202/127
f 746/1203/127 708/1204/295 704/913/61 740/912/38
f 703/906/57 696/905/60 698/1090/139 707/1099/146
f 707/1099/146 698/1090/139 695/1089/62 704/1100/61
f 716/1205/43 697/1094/42 700/1093/142 717/1206/220
f 717/1206/220 700/1093/142 696/905/60 715/901/230
f 719/1207/22 688/1083/339 694/1086/137 720/1208/221
f 720/1208/221 694/1086/137 690/903/231 718/902/28
f 689/1087/233 682/1080/232 684/1077/131 693/1088/138
f 693/1088/138 684/1077/131 681/904/30 690/903/231
f 728/929/13 683/930/52 686/1209/134 729/1210/222
f 729/1211/222 686/1212/134 682/907/232 727/910/36
f 722/899/25 662/900/26 665/1213/122 723/1214/223
f 723/1215/223 665/1216/122 661/922/341 721/921/35
f 669/1070/47 710/1193/225 711/1194/405 673/1067/125
f 673/1067/125 711/1194/405 709/925/48 667/928/51
f 662/1064/26 713/1195/19 714/1196/219 666/1061/379
f 666/1061/379 714/1196/219 712/926/49 660/944/64
f 683/1082/52 716/1205/43 717/1206/220 687/1079/133
f 687/1079/133 717/1206/220 715/901/230 681/904/30
f 702/1095/226 719/1207/22 720/1208/221 705/1096/162
f 705/1096/162 720/1208/221 718/902/28 703/906/57
f 725/897/23 722/899/25 723/1214/223 726/1217/223
f 726/1218/223 723/1215/223 721/921/35 724/909/35
f 688/898/339 725/897/23 726/1217/223 691/1219/135
f 691/1220/135 726/1218/223 724/909/35 689/908/233
f 731/877/13 728/929/13 729/1210/222 732/1221/222
f 732/1222/222 729/1211/222 727/910/36 730/920/36
f 653/878/14 731/877/13 732/1221/222 656/1223/376
f 656/1224/376 732/1222/222 730/920/36 654/919/340
f 697/916/42 734/915/47 736/1225/382 701/1226/293
f 701/1227/293 736/1228/382 733/911/37 695/914/62
f 754/1119/54 747/1113/53 753/1116/301 757/1120/303
f 757/1120/303 753/1116/301 749/946/245 755/945/65
f 734/1105/47 756/1124/44 759/1123/155 738/1106/125
f 738/1106/125 759/1123/155 755/945/65 735/948/342
f 741/947/50 749/946/245 752/1118/302 745/1111/298
f 745/1111/298 752/1118/302 748/1117/21 742/1112/228
f 740/1107/38 733/1101/37 739/1104/123 743/1108/130
f 743/1108/130 739/1104/123 735/948/342 741/947/50
f 756/918/44 769/876/12 771/1229/384 760/1230/305
f 760/427/305 771/426/384 768/933/55 754/932/54
f 674/890/228 775/889/227 781/1231/295 677/1232/127
f 677/1233/127 781/1234/295 777/941/61 675/940/38
f 776/935/57 763/938/60 766/1130/139 780/1141/146
f 780/1141/146 766/1130/139 762/1129/62 777/1142/61
f 763/938/60 770/937/243 773/1136/387 767/1128/142
f 767/1128/142 773/1136/387 769/1135/12 761/1125/42
f 775/1137/227 783/1146/20 785/1143/388 778/1138/143
f 778/1138/143 785/1143/388 782/936/242 776/935/57
f 747/931/53 784/934/56 787/1235/391 750/1236/299
f 750/1237/299 787/1238/391 783/892/20 748/895/21
f 770/937/243 782/936/242 788/1145/390 774/1134/386
f 774/1134/386 788/1145/390 784/1148/56 768/1131/55
s 0
f 538/1170/6 529/1169/6 641/1186/6 632/1185/6
f 819/1239/5 839/1240/5 887/1241/5 907/1242/5
f 791/1243/3 817/1244/3 906/1245/3 899/1246/3
f 824/1247/7 831/1248/7 811/1249/7 805/1250/7
f 848/1251/3 846/1252/3 857/1253/3 865/1254/3
f 804/1255/224 852/1256/224 854/1257/224 825/1258/224
f 848/1251/9 812/1259/9 833/1260/9 846/1252/9
f 838/1261/1 796/1262/1 894/1263/1 885/1264/1
f 845/1265/6 855/1266/6 880/1267/6 858/1268/6
f 854/1257/1 852/1256/1 871/1269/1 878/1270/1
f 790/1271/10 797/1272/10 840/1273/10 818/1274/10
f 908/1275/10 886/1276/10 859/1277/10 879/1278/10
f 900/1279/10 908/1275/10 879/1278/10 873/1280/10
s 1
f 970/1281/225 1029/1282/12 991/1283/13 913/1284/406
s 0
f 893/1285/10 900/1279/10 873/1280/10 866/1286/10
f 810/1287/15 849/1288/15 851/1289/15 803/1290/15
f 851/1289/5 849/1288/5 864/1291/5 872/1292/5
f 832/1293/16 826/1294/16 855/1266/16 845/1265/16
f 886/1276/10 893/1285/10 866/1286/10 859/1277/10
s 1
f 1035/1295/227 934/1296/228 973/1297/19 1043/1298/20
f 962/1299/17 1002/1300/18 1008/1301/21 979/1302/22
f 979/1302/22 1008/1301/21 985/1303/407 948/1304/24
f 982/1305/23 1043/1298/20 973/1297/19 922/1306/408
f 975/1307/27 978/1308/28 950/1309/29 941/1310/409
f 956/1311/31 963/1312/32 978/1308/28 975/1307/27
f 942/1313/33 949/1314/34 984/1315/35 987/1316/36
f 993/1317/37 1000/1318/38 964/1319/39 955/1320/40
f 994/1321/47 957/1322/42 976/1323/43 1016/1324/44
f 914/1325/410 990/1326/36 981/1327/35 921/1328/341
f 982/1305/23 985/1303/407 1008/1301/21 1043/1298/20
f 929/1329/236 1021/1330/237 1029/1282/12 970/1281/225
f 969/1331/48 972/1332/49 936/1333/50 927/1334/241
f 988/1335/13 1016/1324/44 976/1323/43 943/1336/52
f 991/1283/13 1029/1282/12 1016/1324/44 988/1335/13
f 1007/1337/53 1014/1338/54 1028/1339/55 1044/1340/56
f 1036/1341/57 1042/1342/242 1030/1343/243 1023/1344/60
f 928/1345/411 935/1346/235 1037/1347/61 1022/1348/62
f 984/1315/35 981/1327/35 990/1326/36 987/1316/36
f 915/1349/412 920/1350/64 972/1332/49 969/1331/48
f 1015/1351/65 1009/1352/245 1001/1353/50 995/1354/51
s 0
f 789/1355/413 792/1356/413 793/1357/413 795/1358/413
f 790/1359/414 794/1360/414 793/1357/414 792/1356/414
f 791/1243/415 795/1358/415 793/1357/415 794/1360/415
f 796/1262/345 799/1361/345 800/1362/345 802/1363/345
f 797/1364/250 801/1365/250 800/1362/250 799/1361/250
f 798/1366/416 802/1363/416 800/1362/416 801/1365/416
f 803/1367/417 806/1368/417 807/1369/417 809/1370/417
f 804/1255/253 808/1371/253 807/1369/253 806/1368/253
f 805/1372/418 809/1370/418 807/1369/418 808/1371/418
f 810/1373/76 813/1374/76 814/1375/76 816/1376/76
f 811/1377/419 815/1378/419 814/1375/419 813/1374/419
f 812/1259/257 816/1376/257 814/1375/257 815/1378/257
f 817/1244/95 820/1379/95 821/1380/95 823/1381/95
f 818/1382/361 822/1383/361 821/1380/361 820/1379/361
f 819/1384/81 823/1381/81 821/1380/81 822/1383/81
f 824/1385/260 827/1386/260 828/1387/260 830/1388/260
f 825/1258/420 829/1389/420 828/1387/420 827/1386/420
f 826/1390/353 830/1388/353 828/1387/353 829/1389/353
f 831/1391/85 834/1392/85 835/1393/85 837/1394/85
f 832/1395/421 836/1396/421 835/1393/421 834/1392/421
f 833/1260/87 837/1394/87 835/1393/87 836/1396/87
f 838/1261/422 841/1397/422 842/1398/422 844/1399/422
f 839/1400/423 843/1401/423 842/1398/423 841/1397/423
f 840/1402/90 844/1399/90 842/1398/90 843/1401/90
f 857/1253/248 860/1403/248 861/1404/248 863/1405/248
f 858/1406/92 862/1407/92 861/1404/92 860/1403/92
f 859/1408/93 863/1405/93 861/1404/93 862/1407/93
f 864/1409/94 867/1410/94 868/1411/94 870/1412/94
f 865/1254/424 869/1413/424 868/1411/424 867/1410/424
f 866/1414/80 870/1412/80 868/1411/80 869/1413/80
f 871/1269/269 874/1415/269 875/1416/269 877/1417/269
f 872/1418/425 876/1419/425 875/1416/425 874/1415/425
f 873/1420/271 877/1417/271 875/1416/271 876/1419/271
f 878/1270/345 881/1421/345 882/1422/345 884/1423/345
f 879/1424/364 883/1425/364 882/1422/364 881/1421/364
f 880/1426/273 884/1423/273 882/1422/273 883/1425/273
f 885/1264/365 888/1427/365 889/1428/365 891/1429/365
f 886/1276/426 890/1430/426 889/1431/426 888/1432/426
f 887/1433/276 891/1429/276 889/1428/276 890/1434/276
f 892/1435/368 895/1436/368 896/1437/368 898/1438/368
f 893/1285/427 897/1439/427 896/1440/427 895/1441/427
f 894/1263/279 898/1438/279 896/1437/279 897/1442/279
f 899/1246/428 902/1443/428 903/1444/428 905/1445/428
f 900/1279/429 904/1446/429 903/1447/429 902/1448/429
f 901/1449/430 905/1445/430 903/1444/430 904/1450/430
f 906/1245/431 909/1451/431 910/1452/431 912/1453/431
f 907/1454/432 911/1455/432 910/1452/432 909/1451/432
f 908/1275/433 912/1456/433 910/1457/433 911/1458/433
s 1
f 913/1459/406 916/1460/376 917/1461/434 919/1462/117
f 914/1463/410 918/1464/118 917/1461/434 916/1460/376
f 915/1349/412 919/1462/117 917/1461/434 918/1464/118
f 920/1350/64 923/1465/286 924/1466/435 926/1467/379
f 921/1468/341 925/1469/436 924/1466/435 923/1465/286
f 922/1470/408 926/1467/379 924/1466/435 925/1469/436
f 927/1334/241 930/1471/123 931/1472/437 933/1473/125
f 928/1474/411 932/1475/438 931/1472/437 930/1471/123
f 929/1476/236 933/1473/125 931/1472/437 932/1475/438
f 934/1477/228 937/1478/439 938/1479/128 940/1480/298
f 935/1481/235 939/1482/130 938/1479/128 937/1478/439
f 936/1333/50 940/1480/298 938/1479/128 939/1482/130
f 941/1310/409 944/1483/131 945/1484/132 947/1485/133
f 942/1486/33 946/1487/134 945/1484/132 944/1483/131
f 943/1488/52 947/1485/133 945/1484/132 946/1487/134
f 948/1489/24 951/1490/440 952/1491/441 954/1492/137
f 949/1493/34 953/1494/138 952/1491/441 951/1490/440
f 950/1309/29 954/1492/137 952/1491/441 953/1494/138
f 955/1495/40 958/1496/139 959/1497/156 961/1498/141
f 956/1311/31 960/1499/142 959/1497/156 958/1496/139
f 957/1500/42 961/1498/141 959/1497/156 960/1499/142
f 962/1501/17 965/1502/143 966/1503/144 968/1504/145
f 963/1312/32 967/1505/146 966/1503/144 965/1502/143
f 964/1506/39 968/1504/145 966/1503/144 967/1505/146
f 993/1507/37 996/1508/126 997/1509/124 999/1510/442
f 994/1511/47 998/1512/125 997/1509/124 996/1508/126
f 995/1354/51 999/1510/442 997/1509/124 998/1512/125
f 1000/1513/38 1003/1514/130 1004/1515/443 1006/1516/127
f 1001/1353/50 1005/1517/129 1004/1515/443 1003/1514/130
f 1002/1518/18 1006/1516/127 1004/1515/443 1005/1517/129
f 1007/1519/53 1010/1520/148 1011/1521/149 1013/1522/150
f 1008/1523/21 1012/1524/444 1011/1521/149 1010/1520/148
f 1009/1352/245 1013/1522/150 1011/1521/149 1012/1524/444
f 1014/1525/54 1017/1526/152 1018/1527/153 1020/1528/305
f 1015/1351/65 1019/1529/155 1018/1527/153 1017/1526/152
f 1016/1530/44 1020/1528/305 1018/1527/153 1019/1529/155
f 1021/1531/237 1024/1532/445 1025/1533/446 1027/1534/447
f 1022/1535/62 1026/1536/139 1025/1533/446 1024/1532/445
f 1023/1344/60 1027/1534/447 1025/1533/446 1026/1536/139
f 1028/1537/55 1031/1538/384 1032/1539/307 1034/1540/448
f 1029/1541/12 1033/1542/161 1032/1539/307 1031/1538/384
f 1030/1343/243 1034/1540/448 1032/1539/307 1033/1542/161
f 1035/1543/227 1038/1544/449 1039/1545/144 1041/1546/295
f 1036/1341/57 1040/1547/450 1039/1545/144 1038/1544/449
f 1037/1548/61 1041/1546/295 1039/1545/144 1040/1547/450
f 1042/1342/242 1045/1549/310 1046/1550/311 1048/1551/312
f 1043/1552/20 1047/1553/451 1046/1550/311 1045/1549/310
f 1044/1554/56 1048/1551/312 1046/1550/311 1047/1553/451
s 0
f 812/1259/314 848/1251/314 850/1555/314 816/1376/314
f 816/1376/452 850/1555/452 849/1556/452 810/1373/452
f 852/1256/393 804/1255/393 806/1368/393 853/1557/393
f 853/1557/172 806/1368/172 803/1367/172 851/1558/172
f 804/1255/173 825/1258/173 827/1386/173 808/1371/173
f 808/1371/174 827/1386/174 824/1385/174 805/1372/174
f 811/1377/175 831/1391/175 837/1394/175 815/1378/175
f 815/1378/176 837/1394/176 833/1260/176 812/1259/176
f 832/1395/453 845/1559/453 847/1560/453 836/1396/453
f 836/1396/319 847/1560/319 846/1252/319 833/1260/319
f 855/1561/179 826/1390/179 829/1389/179 856/1562/179
f 856/1562/180 829/1389/180 825/1258/180 854/1257/180
f 805/1250/454 811/1249/454 813/1563/454 809/1564/454
f 809/1565/182 813/1566/182 810/1287/182 803/1290/182
f 826/1294/183 832/1293/183 834/1567/183 830/1568/183
f 830/17/455 834/1569/455 831/1248/455 824/1247/455
f 840/1402/185 797/1364/185 799/1361/185 844/1399/185
f 844/1399/398 799/1361/398 796/1262/398 838/1261/398
f 797/1272/209 790/1271/209 792/1570/209 801/1571/209
f 801/1572/188 792/1573/188 789/1574/188 798/1575/188
f 790/1359/335 818/1382/335 820/1379/335 794/1360/335
f 794/1360/399 820/1379/399 817/1244/399 791/1243/399
f 839/1240/327 819/1239/327 822/1576/327 843/1577/327
f 843/1578/202 822/1579/202 818/1274/202 840/1273/202
f 871/1269/400 852/1256/400 853/1557/400 874/1415/400
f 874/1415/401 853/1557/401 851/1558/401 872/1418/401
f 848/1251/195 865/1254/195 867/1410/195 850/1555/195
f 850/1555/196 867/1410/196 864/1409/196 849/1556/196
f 894/1263/216 796/1262/216 802/1363/216 898/1438/216
f 898/1438/198 802/1363/198 798/1366/198 892/1435/198
f 791/1243/212 899/1246/212 905/1445/212 795/1358/212
f 795/1358/332 905/1445/332 901/1449/332 789/1355/332
f 859/1408/201 866/1414/201 869/1413/201 863/1405/201
f 863/1405/190 869/1413/190 865/1254/190 857/1253/190
f 866/1286/202 873/1280/202 876/1580/202 870/1581/202
f 870/1582/333 876/1583/333 872/1292/333 864/1291/333
f 873/1420/185 879/1424/185 881/1421/185 877/1417/185
f 877/1417/325 881/1421/325 878/1270/325 871/1269/325
f 858/1268/208 880/1267/208 883/1584/208 862/1585/208
f 862/1586/206 883/1587/206 879/1278/206 859/1277/206
f 885/1264/325 894/1263/325 897/1442/325 888/1427/325
f 888/1427/185 897/1442/185 893/1588/185 886/1589/185
f 892/1590/402 901/1591/402 904/1592/402 895/1593/402
f 895/1441/206 904/1446/206 900/1279/206 893/1285/206
f 899/1246/399 906/1245/399 912/1453/399 902/1443/399
f 902/1443/335 912/1453/335 908/781/335 900/780/335
f 886/1276/202 908/1275/202 911/1458/202 890/1430/202
f 890/1594/336 911/1595/336 907/1242/336 887/1241/336
f 845/1559/211 858/1406/211 860/1403/211 847/1560/211
f 847/1560/212 860/1403/212 857/1253/212 846/1252/212
f 819/1384/330 907/1454/330 909/1451/330 823/1381/330
f 823/1381/195 909/1451/195 906/1245/195 817/1244/195
f 887/1433/214 839/1400/214 841/1397/214 891/1429/214
f 891/1429/400 841/1397/400 838/1261/400 885/1264/400
f 854/1257/197 878/1270/197 884/1423/197 856/1562/197
f 856/1562/198 884/1423/198 880/1426/198 855/1561/198
s 1
f 970/1596/225 913/1459/406 919/1462/117 971/1597/405
f 971/1597/405 919/1462/117 915/1349/412 969/1331/48
f 914/1463/410 921/1468/341 923/1465/286 918/1464/118
f 918/1464/118 923/1465/286 920/1350/64 915/1349/412
f 973/1598/19 934/1477/228 940/1480/298 974/1599/219
f 974/1599/219 940/1480/298 936/1333/50 972/1332/49
f 935/1481/235 928/1474/411 930/1471/123 939/1482/130
f 939/1482/130 930/1471/123 927/1334/241 936/1333/50
f 1021/1330/237 929/1329/236 932/1600/438 1024/1601/445
f 1024/1602/445 932/1603/438 928/1345/411 1022/1348/62
f 1002/1300/18 962/1299/17 968/1604/145 1006/1605/127
f 1006/820/127 968/819/145 964/1319/39 1000/1318/38
f 963/1312/32 956/1311/31 958/1496/139 967/1505/146
f 967/1505/146 958/1496/139 955/1495/40 964/1506/39
f 976/1606/43 957/1500/42 960/1499/142 977/1607/220
f 977/1607/220 960/1499/142 956/1311/31 975/1307/27
f 979/1608/22 948/1489/24 954/1492/137 980/1609/221
f 980/1609/221 954/1492/137 950/1309/29 978/1308/28
f 949/1493/34 942/1486/33 944/1483/131 953/1494/138
f 953/1494/138 944/1483/131 941/1310/409 950/1309/29
f 988/1335/13 943/1336/52 946/1610/134 989/1611/222
f 989/1612/222 946/1613/134 942/1313/33 987/1316/36
f 982/1305/23 922/1306/408 925/1614/436 983/1615/223
f 983/1222/223 925/1224/436 921/1328/341 981/1327/35
f 929/1476/236 970/1596/225 971/1597/405 933/1473/125
f 933/1473/125 971/1597/405 969/1331/48 927/1334/241
f 922/1470/408 973/1598/19 974/1599/219 926/1467/379
f 926/1467/379 974/1599/219 972/1332/49 920/1350/64
f 943/1488/52 976/1606/43 977/1607/220 947/1485/133
f 947/1485/133 977/1607/220 975/1307/27 941/1310/409
f 962/1501/17 979/1608/22 980/1609/221 965/1502/143
f 965/1502/143 980/1609/221 978/1308/28 963/1312/32
f 985/1303/407 982/1305/23 983/1615/223 986/1616/223
f 986/1211/223 983/1222/223 981/1327/35 984/1315/35
f 948/1304/24 985/1303/407 986/1616/223 951/798/440
f 951/1212/440 986/1211/223 984/1315/35 949/1314/34
f 991/1283/13 988/1335/13 989/1611/222 992/1617/222
f 992/1618/222 989/1612/222 987/1316/36 990/1326/36
f 913/1284/406 991/1283/13 992/1617/222 916/1619/376
f 916/1236/376 992/1618/222 990/1326/36 914/1325/410
f 957/1322/42 994/1321/47 996/1620/126 961/1604/141
f 961/1621/141 996/1622/126 993/1317/37 955/1320/40
f 1014/1525/54 1007/1519/53 1013/1522/150 1017/1526/152
f 1017/1526/152 1013/1522/150 1009/1352/245 1015/1351/65
f 994/1511/47 1016/1530/44 1019/1529/155 998/1512/125
f 998/1512/125 1019/1529/155 1015/1351/65 995/1354/51
f 1001/1353/50 1009/1352/245 1012/1524/444 1005/1517/129
f 1005/1517/129 1012/1524/444 1008/1523/21 1002/1518/18
f 1000/1513/38 993/1507/37 999/1510/442 1003/1514/130
f 1003/1514/130 999/1510/442 995/1354/51 1001/1353/50
f 1016/1324/44 1029/1282/12 1031/1623/384 1020/1624/305
f 1020/1625/305 1031/1626/384 1028/1339/55 1014/1338/54
f 934/1296/228 1035/1295/227 1041/1627/295 937/1628/439
f 937/1629/439 1041/1630/295 1037/1347/61 935/1346/235
f 1036/1341/57 1023/1344/60 1026/1536/139 1040/1547/450
f 1040/1547/450 1026/1536/139 1022/1535/62 1037/1548/61
f 1023/1344/60 1030/1343/243 1033/1542/161 1027/1534/447
f 1027/1534/447 1033/1542/161 1029/1541/12 1021/1531/237
f 1035/1543/227 1043/1552/20 1045/1549/310 1038/1544/449
f 1038/1544/449 1045/1549/310 1042/1342/242 1036/1341/57
f 1007/1337/53 1044/1340/56 1047/1631/451 1010/1632/148
f 1010/1633/148 1047/1634/451 1043/1298/20 1008/1301/21
f 1030/1343/243 1042/1342/242 1048/1551/312 1034/1540/448
f 1034/1540/448 1048/1551/312 1044/1554/56 1028/1537/55
s 0
f 798/1575/6 789/1574/6 901/1591/6 892/1590/6
